entry_i,entry_price,initial_risk_pct,max_r,exit_r,exit_reason
115,1115.0475,4.847102926108521,0.7133072868483792,-0.5004394282806788,max_bars
241,1142.3834509277342,1.740523369065507,4.0041615191261135,3.466028012484659,max_bars
63,33622.274999999994,1.3749069627203818,1.184846682169736,-1.0,stop
113,34381.049999999996,2.940718797128057,2.461747688047096,1.4924583353939045,max_bars
325,36878.475,2.761705846025354,-0.38142811556493716,-1.0,stop
389,34376.024999999994,3.013801043023428,0.41888467942376484,-1.0,stop
54,498.2789877319335,3.257010698531758,3.987985243174186,2.201060595379176,max_bars
281,511.0927377319335,3.5008764953899334,0.3525056410970416,-1.0,stop
428,482.8522622680664,2.4546353396779454,0.35417082662878935,-1.0,stop
119,492.1485122680664,2.448144384105769,0.6973043305253234,-1.0,stop
168,498.32925613403313,3.868781152973084,0.6494411379094494,-1.0,stop
252,493.0027377319335,3.2459734007876593,3.043058962212588,2.218199339556234,max_bars
366,540.5392254638672,4.4657630589323976,0.46442193811644705,-1.0,stop
43,1468.2045245361326,4.556890718556088,0.29587669964355184,-1.0,stop
94,1507.4999999999998,2.6799352845149107,0.8242581362533621,-1.0,stop
199,1522.5749999999998,2.999850620556447,0.22167392630183422,-1.0,stop
259,1406.7990490722655,3.8597587273089053,0.8545435489644663,-1.0,stop
504,1328.5095245361326,3.267537653924775,0.26009310313144235,-1.0,stop
49,7290.2699999999995,2.7470861847366357,-0.0063414390572693385,-1.0,stop
168,7019.924999999999,3.916352382682141,3.2902609802673592,2.8719650813858433,max_bars
313,7822.919999999999,2.0698153630613527,-0.4132905138339893,-1.0,stop
114,26049.6,1.9178797371168792,5.785428342674156,5.415132105684567,max_bars
306,28129.949999999997,2.2572027323191017,0.6615481533979112,-1.0,stop
56,378.88499999999993,2.7145423800056245,3.083619341218738,2.4856613882649126,max_bars
252,403.0552377319335,2.705644987226805,2.534998290018447,0.691847746407717,max_bars
85,649.7325,4.73002350967513,2.003334834229851,-1.0,stop
224,633.15,7.920713890863142,0.43469615567360587,-0.48055856843531874,max_bars
371,619.9845245361328,4.481484816074991,0.8589479911370642,-1.0,stop
42,62.450699386596675,2.5951631790529244,-0.04362215407784443,-1.0,stop
106,62.410498466491696,6.29781690714369,0.2517499886034625,-1.0,stop
245,58.6920015335083,2.93396079161153,3.140531915353181,-1.0,stop
434,54.02879831314086,6.623870346809054,0.11769384657561435,-1.0,stop
159,99.04275306701658,4.09192503009765,0.13749791910897133,-1.0,stop
224,96.37950153350829,4.647772541209911,0.22781560232894627,-1.0,stop
63,1332.9315490722654,3.851028473446759,2.6702561721440836,1.553983185823359,max_bars
180,1459.2599999999998,2.7589326096788627,0.14257327372082473,-1.0,stop
316,1445.4915490722656,5.14645509578202,0.5431861896189543,-1.0,stop
54,1181.7795245361326,6.513861012968835,0.5458665950308805,-0.4881765304144364,max_bars
243,1027.0095245361326,3.4283554243634597,0.019609080368725714,-1.0,stop
293,1033.5420245361327,2.7035232517744796,-0.20549587176811354,-1.0,stop
378,1023.0899999999999,2.8237972996479948,3.2333000854619396,-0.21079967370156155,max_bars
112,1373.6340490722655,2.7906996241124613,0.7921414601747993,-1.0,stop
273,1409.3115490722655,2.0727548500938395,0.15707730855185348,-1.0,stop
380,1330.62,2.970045874409102,0.18927052037133837,-1.0,stop
44,971.9354754638672,4.196312623565827,1.834343438908488,0.1732118771349647,max_bars
196,1017.06,3.299706998603814,1.3986889153754534,-1.0,stop
259,1092.9374999999998,3.654143077714854,2.5805946791862477,2.15242627640847,max_bars
58,353.76,6.659878955497723,1.8544157404050192,0.8081493063698021,max_bars
162,391.84949386596674,6.558512993326195,0.20041269830733632,-1.0,stop
267,377.27699386596674,3.5589203637530193,1.0220465212912442,-1.0,stop
346,380.59351226806643,4.845988640655437,2.684221786648326,1.6567598986698573,max_bars
49,3207.9599999999996,6.061796281749137,2.715417052350104,1.1783405207047761,max_bars
175,3597.8999999999996,3.1407236903818796,0.8955753114842822,-1.0,stop
287,3312.078098144531,2.375493375136821,0.20236739916843716,-1.0,stop
339,3313.183450927734,4.554031019844671,0.5740631288470586,-1.0,stop
392,3357.7049999999995,2.8145727164275747,-0.7629740763891479,-1.0,stop
448,3253.285598144531,2.406354922825715,3.2702624333397874,-1.0,stop
106,1545.790475463867,4.7283590791991905,3.3261431807355484,2.7022596332079862,max_bars
47,3011.8844018554682,2.539423474041701,3.0478802846688646,0.897117698129395,max_bars
360,3080.023450927734,3.46501914027514,0.8702538486294777,-1.0,stop
422,3111.178450927734,6.20595559904027,0.019792737028850847,-1.0,stop
48,1518.7559509277341,4.099141201040563,1.1267047156303285,-0.5165124757169447,max_bars
162,1596.8445245361327,4.586830328486236,0.4731475032692516,-1.0,stop
259,1424.185475463867,4.998328988061156,-0.0363206098025152,-1.0,stop
361,1343.0820245361326,3.512964901631054,-0.2666700119448146,-1.0,stop
421,1316.55,3.0952072592666404,0.5607374673330506,-1.0,stop
98,1851.2099999999998,3.700825342782549,0.5661943125644987,-0.04393587334430667,max_bars
361,1709.605475463867,2.187962359084203,0.36343497291704924,-1.0,stop
45,228.0043450927734,3.6290314387945526,0.9010571456433284,-1.0,stop
162,227.0898067474365,5.235730290799827,0.15224693915377308,-1.0,stop
361,209.6630950927734,3.922050586789503,0.9408745750207087,-1.0,stop
422,213.16050613403314,4.152039576165334,0.33212780310045636,-1.0,stop
56,1021.0799999999999,2.4562228228934,15.9856459330144,9.614033140824397,max_bars
175,1342.3784509277343,7.961871769758321,0.8591207998160978,-1.0,stop
260,1362.4784509277342,10.288485810851498,0.954652042654179,0.18848533790215066,max_bars
361,1406.8995245361327,5.743093059672158,0.3601564098062591,-1.0,stop
427,1318.9620245361327,6.168642268439043,-0.3338408515822242,-1.0,stop
44,242.48639877319334,6.188554542265425,0.40406780093250927,-1.0,stop
119,259.49101226806636,8.802238725704346,2.2765612776269246,1.1119908038764061,max_bars
225,304.515,7.278785575910665,0.06925279565325027,-1.0,stop
364,281.2994938659668,5.065599613125368,-0.28769289531402087,-1.0,stop
413,273.76199386596676,4.679970903926213,3.6831162888961835,2.3445236440884623,max_bars
273,285.67125,4.225571840528007,0.16806571256688257,-1.0,stop
364,284.11351226806636,2.3277711134788928,2.008990244498735,-1.0,stop
140,1484.8874999999998,2.517867515215787,2.8114343029087436,-1.0,stop
231,1541.6699999999998,5.706152991763792,2.0283037006669455,1.3542114664603686,max_bars
334,1706.2890490722655,4.324533941795247,0.5679826834272398,-1.0,stop
435,1653.5265490722654,7.9663976558494,-0.044232541588756946,-1.0,stop
41,4561.896196289062,2.073619993337692,6.5235448547569215,1.195646068481449,max_bars
168,4834.049999999999,3.2695152098137026,0.49636191078773095,-1.0,stop
266,4721.49,3.9921719626643237,0.8504950113401282,-1.0,stop
179,524.5095245361327,4.606116248124071,2.4913777912740573,1.3055087726522774,max_bars
278,568.7797622680663,4.532468273003755,1.4845065337281371,-1.0,stop
401,576.8197622680664,5.681111608632519,-0.08604765559827596,-1.0,stop
60,3177.508450927734,4.012843801894704,2.489179729709829,1.934707060192854,max_bars
197,3499.3094018554684,2.174984888253587,1.2480795238893163,-1.0,stop
250,3489.8624999999997,4.577899626238849,1.9162049112237634,1.2971612508076285,max_bars
405,3650.5619018554685,2.973840870916058,-0.34875909537767774,-1.0,stop
490,3597.799401855468,3.199162538751709,0.019119102058804044,-1.0,stop
63,5432.025,1.7401429485320787,3.194657498016412,0.9836022216344987,max_bars
245,5738.0475,1.46474040167844,1.6770576162289252,-1.0,stop
42,7972.664999999999,2.6674267638236286,0.8338701713963371,-1.0,stop
128,7678.199999999999,2.9720507410590886,0.08238387379491968,-1.0,stop
147,7758.097499999999,3.094798692591824,1.4031903705786313,-1.0,stop
349,7444.537499999999,2.4049512813925573,1.9518955526077073,-1.0,stop
112,436.3710122680664,3.4422557278674715,0.5078879302997543,-1.0,stop
194,442.19999999999993,2.4988706701753864,0.2262453236325328,-1.0,stop
271,446.72249999999997,2.2771434631188883,0.3271058048638881,-1.0,stop
42,1800.6584509277343,2.2579768476795956,7.85424780791227,6.806492748774216,max_bars
147,2130.6,3.5435981575025775,0.6013252811016195,-1.0,stop
292,2106.3794018554686,3.621352649116205,1.6035850726536691,1.032004298546036,max_bars
392,2208.99,1.765060050068121,1.1800461656835197,-1.0,stop
490,2240.145,1.8724256165616504,0.33984707950064474,-1.0,stop
110,537.2227377319335,4.043525377135633,4.148981540273915,3.62878984379373,max_bars
257,628.1249999999999,4.039800995024858,0.527093596059118,-1.0,stop
346,639.9839877319336,2.786626487495975,0.5055529221051906,-1.0,stop
49,358.48351226806636,3.008088152453561,-0.012380596633291665,-1.0,stop
112,349.53898773193356,3.8018613654981097,0.5388690711098849,-1.0,stop
176,351.24749999999995,4.796477157421925,0.22273326253415224,-1.0,stop
359,297.68101226806635,4.411105826015168,0.5916522319868055,-1.0,stop
49,814.652975463867,3.6276796093578296,-0.35031934875179893,-1.0,stop
182,764.2020245361327,1.9172988650557043,2.9209574214202596,-1.0,stop
253,803.9999999999999,2.910450797768954,4.27349981480808,3.2628160652710534,max_bars
378,903.595475463867,3.225499025642395,2.533997696051111,0.6434792254561919,max_bars
154,1293.435,2.1520234425434945,-0.16651507478230743,-1.0,stop
322,1227.9090490722656,1.8656959234541266,-0.13134655431184467,-1.0,stop
345,1239.6674999999998,3.4499150446339275,0.7770513447136946,-0.26112132752749667,max_bars
42,16547.324999999997,4.510245613717004,-0.8874484976384281,-1.0,stop
70,16817.67,2.870017071330323,-0.08218865891809639,-1.0,stop
259,14721.239999999998,4.892522640755793,5.172942352549168,3.0167166500055664,max_bars
385,17435.745,3.164447518588962,1.1495437203780783,-1.0,stop
448,17984.475,3.3777744415669546,-0.8139841145726152,-1.0,stop
119,1827.692975463867,3.041703427449025,0.3508890642858091,-0.28408164848960327,max_bars
224,1856.4359509277342,2.770682764575295,4.9472002913590325,4.6186382245763316,max_bars
337,2132.6099999999997,1.641645792889918,4.1642476152115995,0.39960401828278264,max_bars
78,8632.949999999999,2.1018307762699764,2.072471755304515,1.5186001653348213,max_bars
421,8942.992499999998,2.20834916276625,0.39498968315253413,-1.0,stop
105,440.24023773193346,2.5986379613784525,1.8626996940386407,-1.0,stop
259,435.11476226806644,2.6693560585082596,1.4451635979297777,-0.3241354474298306,max_bars
364,448.88324386596673,4.707960066399129,0.09779702321956049,-1.0,stop
91,274.36499999999995,2.97595822826115,4.241892441018232,3.990821913425509,max_bars
336,259.84273773193354,4.673111471069242,0.16118684372015346,-0.4737597134387701,max_bars
56,867.8174999999999,3.2688310379738406,0.21441886072020483,-1.0,stop
105,861.7372622680663,2.7545823196261146,0.4555169590660337,-1.0,stop
143,878.6212499999999,5.636248202972831,1.0294308090637803,-0.002448442642774728,max_bars
248,911.3842254638672,5.0565103480305424,2.2928829393618875,0.3551273789751216,max_bars
80,893.9474999999999,4.580526261329651,0.5507662250442678,-1.0,stop
137,897.2639877319335,3.4175017124566915,1.3887937315979983,-1.0,stop
266,904.4999999999999,3.1509121061359746,2.3280693188048383,1.9035087719298391,max_bars
449,974.2972622680663,2.4732954709263066,0.8570583733270115,-1.0,stop
79,160.79999999999998,6.206463106829125,0.6763535075670218,-0.32364679822055925,max_bars
232,156.3780061340332,2.217704751236797,7.5784252580121665,5.799303640050186,max_bars
367,180.39749999999998,2.7647258625483198,-0.32030037518138926,-1.0,stop
107,2748.474049072265,4.52884207199558,0.10866482635173426,-1.0,stop
231,2737.0169018554684,2.342586904313687,1.958656779904824,-1.0,stop
141,806.3114877319335,4.149948581300712,0.7677032692361567,0.3134496736212258,max_bars
241,823.5472622680663,3.065674021617905,2.6716839395264276,-0.14050080025727632,max_bars
423,781.3874999999999,4.643985783502096,0.479847773418815,-1.0,stop
176,1383.7845245361327,2.6654800272776944,3.2294188475840504,1.0686176172998365,max_bars
307,1471.32,3.0258510162218237,2.8903895133041457,0.3903856746108612,max_bars
99,743.4989877319335,3.4295927973915585,0.05494479611731411,-1.0,stop
148,747.5692254638672,6.61734702190743,-0.06204309690243427,-1.0,stop
259,668.7270245361327,3.0695652450026487,0.2958522730668556,-1.0,stop
346,682.7970245361328,5.418453129361313,-0.2120984008415596,-1.0,stop
84,1018.5674999999999,2.961755169484349,10.625101018905047,7.837331278398803,max_bars
265,1283.987975463867,3.2078124891210216,7.1285938405862765,4.814810784677045,max_bars
367,1501.067975463867,3.8018248604785274,4.209577638098666,1.7896547911126344,max_bars
77,6658.124999999999,1.9093213179385955,1.5762045231071964,-1.0,stop
210,6265.169999999999,3.1151588863510358,3.8009427678434387,2.7044627760414177,max_bars
62,1047.2099999999998,2.550586797299473,1.1864479376287134,-1.0,stop
119,1075.0484509277342,2.2183651104541973,0.4508291091874409,-1.0,stop
224,1041.9840490722654,7.138695986042776,0.8391040234341224,0.5177983555150957,max_bars
345,1105.3995245361327,2.4334662661828794,1.427554016444075,-1.0,stop
54,1488.4049999999997,4.857886422987175,2.0302178494711334,1.0482667253914157,max_bars
245,1606.190950927734,3.1559728871872332,-0.1852579588218206,-1.0,stop
271,1615.0349999999999,4.7079475057816,0.880712829617943,-0.005721370606461938,max_bars
378,1647.9990490722655,2.5666943147936045,2.149005058118694,1.18444432625145,max_bars
105,187.1410567474365,1.9456215598645594,0.7110405466559345,-1.0,stop
111,190.6786457061767,3.7647874409798976,0.5601824364455537,-1.0,stop
196,191.72385429382325,2.4273698162109367,1.3507406354504312,-1.0,stop
252,191.95499999999998,2.581334166862017,1.92028278924383,-0.21291747800516203,max_bars
368,195.6232438659668,4.111598333592208,1.1409278927525504,-1.0,stop
71,1378.4579754638671,1.6219573085212036,0.9679756794092321,-1.0,stop
259,1245.5970245361327,1.565277418469752,0.8618227261393534,-1.0,stop
56,10200.749999999998,2.516971791289839,0.22297955209348141,-1.0,stop
120,10020.352499999999,2.4784806722118713,5.275354586726548,5.1928106219989925,max_bars
238,11467.05,2.712554667503842,1.272946471628357,0.49815142260087336,max_bars
360,11897.189999999999,1.396884474401087,0.16132137914435873,-1.0,stop
379,12033.869999999999,2.18441781405316,1.6553049035645133,-1.0,stop
105,1818.4470245361326,4.181975009223541,1.341972402593825,0.8961951285442692,max_bars
252,1954.7249999999997,3.193541350925306,2.617144180160102,0.9687624905844054,max_bars
49,88.52040184020996,3.412096847077296,1.8141950805489955,0.05946066700176095,max_bars
240,86.88224693298339,1.8786886741573634,0.9298559931256175,-1.0,stop
350,85.58580368041991,2.028146178051178,0.6879775994123677,-1.0,stop
464,85.28430061340332,3.3350782635720604,0.051225182087773144,-1.0,stop
42,10641.945,2.132551897233069,1.53805988235035,-1.0,stop
112,10964.55,1.5645876939774026,1.2034392305450428,-1.0,stop
210,10617.824999999999,2.9556429871466046,3.222098303194473,2.8333466103720384,max_bars
367,11504.234999999999,1.8796121602175093,-0.0010867805859302562,-1.0,stop
384,11572.574999999999,2.787409025216937,-0.2869875222816383,-1.0,stop
50,970.6792254638672,2.336428437832204,3.6253794946035747,1.8175576152663864,max_bars
182,1047.5115490722656,2.4736312940202585,1.0338430342716995,-1.0,stop
252,1072.8374999999999,3.4336514150558557,2.8086202600101933,0.39803189684425355,max_bars
77,2280.0434509277343,3.247457889348841,0.042630377225685294,-1.0,stop
238,2065.2749999999996,2.792607493629766,8.482441142768186,5.923272782533173,max_bars
96,549.8857745361328,4.862055241313298,2.358798140428428,1.883778283156969,max_bars
196,616.0147622680663,3.5737393998500178,1.1780844881793504,-1.0,stop
260,622.0949999999999,6.421041092749085,3.976845895556288,2.7601713098743943,max_bars
125,208.66815490722655,4.939974813817649,0.2941207469056577,-1.0,stop
154,212.83889877319334,5.459010368622331,0.6791605587962559,-1.0,stop
252,175.07099693298338,2.068303744295976,0.5851989829749586,-1.0,stop
349,177.97544631958007,2.0651406381206554,0.7086371144065726,-1.0,stop
42,283.91249999999997,3.4737858343789787,0.3130541118923936,-1.0,stop
193,254.71724693298336,3.5597326626589076,0.25175795335453344,-1.0,stop
196,148.51889877319334,3.742885319810557,-0.16710208174384253,-1.0,stop
271,142.27785736083982,2.1562389987305344,1.832597861695942,0.9883597823596965,max_bars
46,694.7564877319335,2.742899974509489,5.5227165238681515,-1.0,stop
149,707.3692254638671,5.25457030343123,0.27255821817185716,-1.0,stop
260,711.1882745361328,2.7894581027976963,2.8057698489948795,-0.15315073785801536,max_bars
133,4229.04,2.885761307530786,-0.31989511635529166,-1.0,stop
176,4205.221303710937,2.737577828617415,3.003605574847827,0.729482381913809,max_bars
56,1559.7599999999998,3.170997536279605,1.2947859290354775,-1.0,stop
259,1509.7109509277343,1.6103033828252,1.9863105194740047,-1.0,stop
385,1463.2799999999997,2.8483970541565697,4.172741106005616,-1.0,stop
49,1327.202975463867,2.27568623806851,3.7180781963180465,0.37734693178509227,max_bars
234,1282.3799999999999,3.382772657090713,-0.015676552054515916,-1.0,stop
280,1291.425,4.524072245775013,2.320496362858366,0.2494651262302123,max_bars
41,421.8989877319335,3.55511491413656,0.8467913588686221,-1.0,stop
112,420.89398773193346,2.018083907831655,1.0602793384385314,-1.0,stop
277,396.0202377319335,2.7196180158913688,1.8783022967158634,1.2376484812456578,max_bars
56,246.72749999999996,2.937452968339942,0.7274918098405958,-1.0,stop
154,236.96894325256346,2.940867759677649,0.32731745183854766,-1.0,stop
252,234.88860122680663,2.5069761563783337,5.622965029871722,0.4434667372797345,max_bars
405,233.71275306701656,3.2059661905419903,0.7390137891338097,-1.0,stop
98,1795.9349999999997,4.556680749251071,1.14333686181344,-0.34380085267060834,max_bars
292,1807.2915490722655,7.469270816511897,1.2786618048515919,0.8638208711726535,max_bars
394,1986.8849999999998,3.6179748702113996,3.0203102177088517,-1.0,stop
50,547.47375,7.922524851005984,0.28188164333266796,-1.0,stop
181,506.21851226806643,3.3026275932029128,-0.31213975169514263,-1.0,stop
197,512.55,4.5751622078791,0.019189770453097926,-1.0,stop
242,510.69074386596674,2.426273869621976,4.350762084442112,2.668058021582402,max_bars
49,2058.1395245361327,2.5284752724392683,3.41587084042069,1.6441423563764637,max_bars
185,2170.498450927734,4.068120837318168,0.6840597697924933,0.46661608473599,max_bars
284,2242.0544018554683,2.8970886765933845,0.7627777159897258,-1.0,stop
49,1887.1890490722653,1.3453342290546602,1.5877328977157468,-1.0,stop
119,1922.5649999999998,1.8810794738246734,0.932809943365292,-1.0,stop
255,1974.8249999999998,1.5608978010709718,0.40794888610097524,-1.0,stop
271,1997.3370245361325,2.4401014126053084,-0.3988136446655391,-1.0,stop
314,1987.7895245361326,2.882071961290851,0.3143772694540854,-1.0,stop
56,1506.7965490722654,4.7449338988837475,0.20984942905774015,-1.0,stop
130,1499.560475463867,3.738460460991117,2.874386533019471,2.189413706335188,max_bars
246,1667.9984509277342,4.3164579012461886,-0.02775686007105979,-1.0,stop
316,1595.9399999999998,7.402530870325628,0.4338917585745411,-0.7198240285559095,max_bars
442,1557.2475,3.804629643007932,0.1460403293651643,-1.0,stop
42,396.0202377319335,3.515030370200547,1.9848632481190391,-1.0,stop
154,397.7789877319335,2.6972264171467946,4.541058117739849,1.250911040306403,max_bars
313,422.09999999999997,2.3691054007307133,1.2850020050061224,-1.0,stop
368,431.04449386596673,3.5830379420769414,0.5215784661459363,-1.0,stop
463,438.17999999999995,2.1178525043396723,0.16379431113256898,-1.0,stop
117,665.2597622680663,3.4737916171595757,0.012558581440252705,-1.0,stop
245,650.2349999999999,2.835130715361547,0.5541093269867924,-1.0,stop
385,623.0999999999999,3.4264163055689156,0.536299194050066,-1.0,stop
63,426.47175613403317,3.135436248283467,0.40968878871467557,-1.0,stop
176,446.72249999999997,3.4859462201961158,-0.15877341665910732,-1.0,stop
278,438.12976226806643,3.4532605568140786,0.28554645224554803,-1.0,stop
56,270.94800613403316,3.8745418638765488,-0.1474579094170702,-1.0,stop
225,239.3407438659668,5.281485598124303,2.7648100944058855,2.617665635202091,max_bars
323,274.15395858764646,4.013790188495176,0.7284696984284309,-1.0,stop
434,243.5215475463867,2.678016632242556,-0.5108519229958409,-1.0,stop
56,5024.999999999999,3.7810945273631664,0.2868421052631662,-1.0,stop
160,5032.035,3.2995597208683933,-0.41096874341253264,-1.0,stop
224,4997.061196289062,5.544482755080405,2.3638777731531646,0.5393711054182658,max_bars
322,5241.577499999999,3.2352378649366424,-0.4928572481608701,-1.0,stop
409,5113.339401855468,3.9668675578598247,0.19158404679541532,-1.0,stop
43,524.5597622680664,3.9099023505765116,3.032224357583403,2.827443353670817,max_bars
147,589.6837499999999,4.185930170197148,1.6130551476173678,-1.0,stop
242,598.4775,4.633006253367915,1.7553881314241302,-1.0,stop
336,602.2964877319336,3.286834330792985,0.6720125324324164,-1.0,stop
147,1632.12,2.7093581100616,2.959748355031249,0.987789980644311,max_bars
248,1696.138450927734,3.250822531472893,0.751953019364724,-1.0,stop
42,40044.225,2.8823756733960977,2.175290779527391,1.5168403041001552,max_bars
210,41978.85,2.974950481016032,0.7896464747567801,-1.0,stop
271,41923.575,2.1910702987519484,7.8996543559317685,7.4152083390033745,max_bars
42,321.0472622680664,1.7745848770994035,-0.39444855737408274,-1.0,stop
175,315.01726226806636,2.6561301153273926,0.8166038821768288,-1.0,stop
259,322.80601226806635,2.588551558356995,0.6156055410951825,-1.0,stop
361,321.14773773193355,3.1286945065778107,0.04998702026736924,-1.0,stop
121,529.9364877319335,5.573591273524478,0.5201531416229296,-1.0,stop
147,548.0264877319336,8.74528562054853,0.618103722109317,0.35415727780029743,max_bars
245,568.7295245361328,2.0360293641366245,4.380196652377625,1.5260157771620977,max_bars
351,608.025,4.255577580845768,4.864739833125602,2.4338187215228015,max_bars
108,5370.719999999999,4.724133821908411,0.6238373009616945,0.44253507803878656,max_bars
238,5556.6449999999995,3.1789866007275887,0.10107843414759006,-1.0,stop
283,5589.8099999999995,4.02178249350156,0.43676882700947584,-1.0,stop
255,3616.0905981445308,3.099772948223313,0.48183790974225077,-1.0,stop
154,294.4147622680664,5.252708777882,0.6586103102378531,-1.0,stop
229,296.4247622680664,6.283137188874477,1.840304159644605,0.8147880585474665,max_bars
42,817.5674999999999,3.24957878095691,0.6937988143408361,-1.0,stop
235,793.9499999999999,3.841550197489601,1.1934423001418042,-1.0,stop
379,765.81,3.4290505748202813,0.7840828196016445,-1.0,stop
150,128.8409969329834,5.57353128415267,0.32850608909868423,-0.622615008502462,max_bars
271,129.58470245361326,2.519358147199273,1.0767607067561245,-1.0,stop
112,897.5152377319336,2.1409385747614396,2.2396143790859115,-1.0,stop
296,829.2757745361328,2.873080712194781,0.953766983401455,-1.0,stop
107,142.30800613403318,2.732107680172214,6.263361018481318,3.387850465272445,max_bars
265,151.88565490722655,3.8816367600110877,0.23311080817174368,-1.0,stop
344,152.15699386596677,2.5414543765502815,2.5893464705424156,-0.4078075506727199,max_bars
52,2455.315598144531,4.745440846971212,1.9292231880682351,1.1010075501884586,max_bars
168,2693.500598144531,3.4676250138062628,-0.3265571167721752,-1.0,stop
295,2627.673098144531,2.7009884533495505,0.6161034992018201,-1.0,stop
392,2581.845,3.142909385657342,0.03888099206992585,-1.0,stop
407,2608.9799999999996,4.2422690542616115,2.397182561240116,-1.0,stop
42,1140.675,6.309864670315818,2.2775250347851403,-0.7137883476058126,max_bars
196,1105.600475463867,5.408864048349121,0.23912118616305597,-1.0,stop
263,1095.2490490722655,4.2135689161674,2.4215210075851563,1.8364605077682126,max_bars
99,2857.9184509277343,9.465579694765918,0.8179901208343303,-0.6843094607323681,max_bars
225,2876.3099999999995,8.146201209188145,0.8641972123602312,-0.40335432193194726,max_bars
340,2833.8990490722654,2.113662061881652,-0.10683056194340072,-1.0,stop
352,2878.7219018554683,3.776742094656385,3.4508042453767245,1.6848307228086674,max_bars
210,187.28175613403315,1.4319334065824774,-0.09760486942985937,-1.0,stop
266,187.8344938659668,1.3759420928357413,2.749284364341648,-0.2532415335954853,max_bars
57,1159.2675,3.2923828550410006,1.8191499773114266,1.5283274585250726,max_bars
156,1234.8434509277342,3.05653929762839,0.133972122083013,-1.0,stop
445,1125.0974999999999,3.5639133497318993,0.2968389550470765,-1.0,stop
42,1300.067975463867,2.8358535851817614,2.6101771172251347,1.2241495598073309,max_bars
147,1372.6290490722654,4.125590166588702,1.4210185025530198,-1.0,stop
344,1366.4984509277342,2.458724083504177,2.330513837263445,-1.0,stop
56,3525.5399999999995,3.115552477865079,0.22086706157684938,-1.0,stop
99,3567.5490490722655,4.805791008272204,2.4406737251625192,-1.0,stop
238,3436.195598144531,2.101032845263954,5.288472035249607,2.3741682861132185,max_bars
50,1242.1799999999998,4.70785625498115,6.074208752083436,5.4380931196987925,max_bars
161,1605.3870245361327,3.0202685944892464,0.5117439019381174,-1.0,stop
329,1305.2940490722656,4.757096528902725,0.9406031180822126,-1.0,stop
427,1303.9875,5.758297191187603,0.6780428296033654,-1.0,stop
161,33.03434892654418,2.9192318391511516,0.22362342019104,-1.0,stop
56,174.73934509277342,3.5706583937697585,0.054598156251338695,-1.0,stop
259,166.7797469329834,1.8945656615401627,0.224783021448088,-1.0,stop
322,167.10135429382322,4.24972874925749,0.5475929010784906,-1.0,stop
449,151.73489570617673,5.097638002239627,0.08598670435550018,-1.0,stop
50,225.4818006134033,3.983381625022108,-0.2774271248596583,-1.0,stop
92,224.1049555206299,3.9110956571115976,4.612119967229934,3.1608866008780967,max_bars
277,236.14485122680662,3.5549584008265085,0.9202240375282418,-1.0,stop
369,232.00425613403314,3.730211753321381,6.348991059796344,3.933989836078213,max_bars
103,974.6489877319335,2.539269381017206,0.23641443857333264,-1.0,stop
168,928.6199999999999,3.7334957025444906,0.7551196138084123,-1.0,stop
271,886.8120245361328,4.517532851123451,0.31670829447033144,-0.06395144942867424,max_bars
409,906.4095245361326,2.025523369534273,1.3366615952353085,-1.0,stop
469,924.3487499999999,2.0932305041792816,-0.5865365979714422,-1.0,stop
49,787.8195245361327,2.896542142639687,2.687632679673861,1.3247630645839639,max_bars
175,867.3149999999999,2.5728829779261218,0.32646092699697704,-1.0,stop
281,848.7727377319335,3.3781436268340257,0.6949897039438361,-1.0,stop
346,852.4410122680663,3.072472099668291,3.3354562485320915,1.5905824063419058,max_bars
238,444.6622622680664,1.8468511402670609,2.6165461924219118,-1.0,stop
371,441.94874999999996,2.5565760970057245,-0.5132207519473172,-1.0,stop
91,1166.8049999999998,5.031262671488582,-0.001789435047057324,-1.0,stop
147,1146.4034509277342,3.280119409024667,2.2869359867633374,-1.0,stop
176,1259.6670245361327,12.540383314584933,0.5971685963083209,0.33888661412559223,max_bars
302,1356.7499999999998,8.966281512000169,1.0871350058250586,-0.24455399942000114,max_bars
420,1431.0195245361326,3.3556163080093704,5.0537865374559425,-1.0,stop
49,721.9920245361327,2.284239157174699,0.7766155834157746,-1.0,stop
79,738.4739877319336,4.390675972020119,3.2977435505615382,2.523624482329912,max_bars
256,817.6177377319335,2.6439907959801587,1.5580839437828908,-1.0,stop
56,1712.620475463867,2.085719023073665,4.543043107824464,2.7513524063054464,max_bars
238,1823.170475463867,6.931355478625206,1.0226249320396361,0.3982697999525323,max_bars
361,1916.233450927734,4.896763829492834,-0.02273683719186993,-1.0,stop
73,1624.7834509277343,2.947065129591938,1.988507423232947,-0.7285073156515195,max_bars
259,1580.7645245361327,4.729643370385732,1.0062991228882463,-1.0,stop
59,477.1739877319335,5.233725258915842,0.16120879397368612,-1.0,stop
183,477.37499999999994,3.147419512225048,0.2346086741046326,-1.0,stop
260,420.09,2.877954723987711,0.013234077750211216,-1.0,stop
308,422.3010122680664,3.386449914306263,-0.0035670389697054195,-1.0,stop
63,1425.09,3.6552077412654587,1.2441932120188655,0.3687857329261889,max_bars
192,1461.872975463867,3.958823812684779,-0.004717225539924517,-1.0,stop
238,1454.9384509277343,1.7140553892044288,1.4259726546494254,-1.0,stop
463,1398.4574999999998,1.8418542449895516,0.25788461589500744,-1.0,stop
120,794.9047622680663,3.057572156541248,0.5655372468709203,-1.0,stop
182,787.7692254638671,2.998238606731146,-1.0402220297387708,-1.0,stop
259,746.8657745361328,3.1686767737884347,4.29668023547232,3.853001310027849,max_bars
416,848.1697622680663,3.610099750929351,0.8697067820195858,-1.0,stop
41,1505.2890490722655,6.084485764168573,0.4990872491991157,-1.0,stop
252,1414.5375,2.0174438641605406,4.287780093353061,2.7459491691305447,max_bars
361,1531.720475463867,1.8685197682208947,1.6135130115531935,-1.0,stop
426,1546.0920245361326,2.599586537168041,0.6396303795260894,-1.0,stop
56,1504.2840490722654,6.939116633097283,0.18313123492211378,-1.0,stop
130,1519.56,3.7484551063506837,0.04810476920105455,-1.0,stop
156,1530.212975463867,2.62793324253945,0.9620538769869786,-1.0,stop
231,1545.5895245361326,3.5966551049714366,5.225992729277191,3.9793562930765507,max_bars
337,1845.2804754638669,2.9795159796464485,3.19058047457876,-1.0,stop
64,449.33550613403315,10.133968431037271,0.617419260771742,-0.2181925801992867,max_bars
280,438.8835122680664,3.7329978935411643,2.7476697848336795,0.7822803638964485,max_bars
406,469.2847622680664,5.387935918878857,0.024332110458281382,-1.0,stop
101,2046.4815490722654,3.243692742620656,1.2039237558589186,0.6601003479509993,max_bars
225,2137.5344018554683,3.056533294943947,1.1382279901368495,-1.0,stop
50,470.7419938659667,1.5384210374969682,2.8041992720317146,-1.0,stop
165,494.3594938659667,7.688633117007848,0.969245325569965,0.8192824467578438,max_bars
311,531.1424999999999,3.8864334900709188,0.6059113195621978,-1.0,stop
147,1325.4945245361328,5.688031716055574,0.5319409905389575,-1.0,stop
243,1331.6249999999998,6.400073262813276,3.1243778315379194,2.7195669206188335,max_bars
353,1607.9999999999998,3.700248756218892,0.06386636685924996,-1.0,stop
465,1498.9574999999998,4.4602681806563735,0.35960799043500663,-1.0,stop
112,2040.752975463867,3.3837032273000154,0.8782660499189219,0.17301162158358477,max_bars
257,2080.048450927734,2.723418605388993,0.8553026457067254,-1.0,stop
49,3533.178098144531,4.106161547997521,1.7454183497633329,1.046484658904114,max_bars
147,3703.4249999999997,4.0536787209643705,1.0749382269131957,-1.0,stop
225,3679.2044018554684,5.419768277260739,-0.3661126227950633,-1.0,stop
280,3594.181549072265,1.9248206616085488,7.097534077860923,-1.0,stop
388,3591.6690490722654,5.333702766002284,1.6048062397980158,-1.0,stop
49,9696.742499999998,2.4672460880548135,0.9896130495208969,-1.0,stop
196,9479.16,3.4619101270576706,-0.2716967333008279,-1.0,stop
241,9532.425,4.211152985730276,3.2697888771252503,3.2137385563928604,max_bars
341,10939.425,6.0736738905381165,0.9023968092711779,0.5306467998645459,max_bars
451,11597.699999999999,2.4461746725643785,1.4145223827987399,-1.0,stop
73,1449.2099999999998,5.707247396857586,1.8231169145206216,0.2815862652641781,max_bars
202,1540.765475463867,4.703209397518812,-0.11820152988331803,-1.0,stop
224,1548.6045245361327,5.947582037687869,0.9271583116458822,0.13892368417699472,max_bars
427,1456.245,3.7455956125600363,-0.015491334302404479,-1.0,stop
49,4149.6449999999995,2.3193573825290965,1.0250371924381767,-1.0,stop
147,4142.710598144531,6.020467599839439,1.5929133829518218,1.0768959343505262,max_bars
279,4497.374999999999,3.499263459240093,1.0015885623510836,-0.11040508339951964,max_bars
386,4587.221901855468,2.945612989521239,2.107565835375221,-0.17555939247594327,max_bars
42,278.2844938659668,4.1628196734939555,0.27757013465966823,-1.0,stop
189,265.67175613403316,3.6781336412060446,0.013122674888964299,-1.0,stop
243,260.8477377319336,6.13297694951008,0.631481681887462,-1.0,stop
341,252.10425613403314,3.9682987443094593,0.6892814398812191,-1.0,stop
77,206.22599693298338,4.44948455465945,-0.040975488250603785,-1.0,stop
94,208.53749999999997,4.405679504398187,2.534152140566637,1.561090003912903,max_bars
196,228.1249555206299,2.7725824447558534,0.9320305221016678,-1.0,stop
294,215.74334815979,3.760645853594692,0.3520938096914562,-1.0,stop
336,219.69300613403314,6.774457156073222,1.5592941201921005,1.2643269186752597,max_bars
435,244.1144938659668,4.122856719738645,0.44368940739490603,-1.0,stop
147,5656.139999999999,2.8931391372914996,0.1977511610853137,-1.0,stop
423,5173.237499999999,3.9962885910418633,0.30358546465929553,-1.0,stop
115,903.4949999999999,4.48203919224787,-0.11100135819236673,-1.0,stop
239,876.5610122680663,5.89359863500352,0.15173949379654933,-0.3370239048313975,max_bars
345,892.3395245361327,4.733573689022983,7.397345190887713,4.5374650115192985,max_bars
98,433.25550613403317,2.6902139420039513,1.947107032180274,-0.5838869125462735,max_bars
231,431.5972622680664,1.4474735385764765,1.0248879769433947,-1.0,stop
77,1743.9765490722655,4.075543601547463,1.272198883901974,1.163863912837816,max_bars
189,1843.6725,2.3633549024603013,0.9920821663504922,-1.0,stop
294,1859.2499999999998,3.4556945004706083,1.021790263253899,-1.0,stop
42,4818.57309814453,6.520046275146429,0.4342410609146257,-1.0,stop
202,4287.33,7.252301494315808,1.7375934389392822,0.45788489562659884,max_bars
315,4568.830598144531,3.669000179172941,2.5655805685210744,-0.5877859373502828,max_bars
441,4688.928098144531,2.534225264305132,2.5909020203814004,-1.0,stop
197,1057.6620245361328,3.9485203357269336,-0.1140271085712121,-1.0,stop
238,1084.395,4.9792719060801165,0.27048813045123177,-1.0,stop
336,1035.1499999999999,1.9465777906583457,0.19106699751862263,-1.0,stop
343,1049.1195245361328,3.309394145287837,2.006956437938398,-1.0,stop
57,1598.955,4.543902184356341,1.1127259398588718,-1.0,stop
175,1590.6134509277342,3.7226785979418917,1.3069088149188297,-1.0,stop
147,1642.9740490722654,4.356369761203378,1.6839342415533887,0.14427021262491138,max_bars
265,1723.5749999999998,4.460209090299223,1.652356356480978,0.2136584008775407,max_bars
407,1808.9999999999998,4.0132656487527525,0.151515202466967,-1.0,stop
42,460.8427377319335,2.3853542061917428,5.61800651026105,5.24048766242727,max_bars
255,477.62624999999997,3.051813464404705,0.9449434773367505,-1.0,stop
368,459.28499999999997,3.0884949206885364,0.822348764628124,-1.0,stop
130,116.46944938659666,3.2106668738947497,0.1953625098077311,-1.0,stop
224,113.84639877319334,6.013715714304543,4.50654412592124,4.283069153168049,max_bars
350,145.6747469329834,2.8040210682308104,2.5155146626584752,-1.0,stop
63,6831.989999999999,1.7050668985171067,0.30483303287837316,-1.0,stop
124,6858.6224999999995,1.9482410644411394,0.7362345413384787,-1.0,stop
161,6991.784999999999,2.9146348178612325,7.045243761807828,7.013347400446588,max_bars
259,8130.449999999999,2.4469740297277385,2.7295802965569482,2.382759487308391,max_bars
361,8729.429999999998,2.6511467529953103,3.802748131184406,2.6684958734822852,max_bars
107,12345.419999999998,4.515196728827357,4.175630583760918,2.9646944853073225,max_bars
243,14305.169999999998,4.083628506337208,0.4841570090898242,-1.0,stop
325,14356.425,2.2110309495574234,-0.36047885327242657,-1.0,stop
336,14536.319999999998,3.2286025624091788,0.9666751896360793,-1.0,stop
44,635.16,2.670191415229032,0.4976404281043502,-1.0,stop
102,641.0895245361328,4.982065514980993,1.5892688005698967,1.0241382342184184,max_bars
322,673.1489877319335,2.0127805869020494,0.04804778784020414,-1.0,stop
327,678.2745245361327,2.709006376826024,0.21907879017622195,-1.0,stop
42,4325.721196289062,2.7769033921063047,0.8597890369504675,-1.0,stop
210,4032.361549072265,1.8614774327815318,1.2261725781143076,-1.0,stop
294,4043.115,3.8835131413217234,0.3489153037449331,-1.0,stop
42,2360.6444018554685,6.517049027224163,0.1375133149599336,-0.2700411382134685,max_bars
147,2364.765,5.178736625917369,0.21994008011380237,-1.0,stop
401,2255.22,3.0648851262293615,0.3541664606256349,-1.0,stop
63,1312.53,3.118406772726145,2.4913251692311675,-1.0,stop
259,1168.0109509277343,2.158447408355598,1.590146377936413,0.697675338578064,max_bars
435,1173.84,3.2832371679168304,0.2039429457713229,-1.0,stop
112,1445.3909509277341,6.9455914929657965,5.773518865156425,4.6817872441975545,max_bars
245,1981.6590490722654,5.8364757109156775,-0.09475348438618886,-1.0,stop
323,1910.2034509277341,7.313537773156255,1.0786881098160432,0.5325317604121844,max_bars
56,7706.339999999999,2.2687812891722823,0.040951727293527425,-1.0,stop
126,7538.0025,3.3497269336273052,0.2574132929376979,-1.0,stop
182,7490.767499999999,1.6455923908998515,4.585413835763734,3.4009978299227606,max_bars
295,8107.837499999999,2.033063686833866,0.3467809206036389,-1.0,stop
105,727.1175,2.457305731191995,3.4102413764079484,1.7591989809972834,max_bars
243,778.8247622680664,2.288674311812803,0.29033978990032955,-1.0,stop
266,787.92,3.2071752951996984,1.5326498548584055,-1.0,stop
352,803.9999999999999,3.3519915680386987,2.278293009382893,-1.0,stop
49,318.8864877319336,2.1595420304301483,4.808476186563807,1.831632140949859,max_bars
243,336.92625,3.940404199291568,-0.00951037747741171,-1.0,stop
364,305.0175,1.9400506188937876,-0.16350033036891526,-1.0,stop
442,297.47999999999996,2.1446799436884283,0.692789674755018,-1.0,stop
266,438.8835122680664,3.744387656786169,1.2423692730747677,0.7829426284203966,max_bars
364,458.28,3.2905620565961127,-0.4197608035147171,-1.0,stop
421,432.15,5.923871851679112,0.9628896890212567,-1.0,stop
56,621.5925,3.4737388240688194,0.3083246497626532,-1.0,stop
196,592.8997622680663,2.9684232639547266,0.7727506821849982,-1.0,stop
271,590.4877377319335,3.4611641585422714,0.4213887477693753,-1.0,stop
322,597.3217254638671,4.163872197603563,1.7862973120246193,1.1550576364579872,max_bars
422,634.9087499999999,3.293189769395987,0.8748137601258491,-1.0,stop
49,405.9697622680664,1.8399799596734587,1.7176216677941831,-1.0,stop
102,419.1352377319335,4.505762348717609,0.7632813664114471,-1.0,stop
227,419.5372622680664,3.1552082891363424,-0.021701013196243825,-1.0,stop
285,410.03999999999996,3.5459955126329055,0.4202196627568385,-0.5942232533366985,max_bars
49,1768.7999999999997,2.431023924235342,3.632562264446644,1.0651169207814002,max_bars
193,1857.9434509277341,5.729100682509111,1.4191248757504142,1.0142152715400177,max_bars
294,2019.0449999999998,3.0185074831943988,0.05669043590050207,-1.0,stop
98,346.22249999999997,4.353416113486441,1.4747058023646713,-1.0,stop
175,348.83550613403315,4.8118720846652865,1.3025815246651269,-1.0,stop
280,330.645,2.009708297418676,0.3845014608023002,-1.0,stop
350,328.2330061340332,4.062057132701733,0.8450448904739142,0.32003224702291555,max_bars
448,336.37351226806635,3.767686693158883,0.996290501528775,-1.0,stop
56,2687.37,3.8762823440064036,0.9756163229575171,-1.0,stop
135,2703.45,2.0917752374280942,0.7347467417752193,-1.0,stop
173,2758.725,4.992342477050083,0.29243056816119,-1.0,stop
243,2789.075950927734,3.9108275589071715,2.3252054929337613,2.088672612782958,max_bars
360,3054.7980981445307,2.550027638425457,0.2208254206485365,-1.0,stop
42,245.8732438659668,5.012030028337191,1.5520881578472112,-1.0,stop
273,229.74300613403315,2.5868047877845575,4.847209611055178,3.904926599049317,max_bars
371,257.6819938659668,5.375615046706445,-0.2715851761638216,-1.0,stop
401,259.84273773193354,4.946350377522944,2.3074675265238325,1.9845794573266728,max_bars
49,3823.623098144531,2.683922957634877,0.7725044910217809,-1.0,stop
152,3536.595,5.143225300836675,-0.08958435799575803,-1.0,stop
261,3291.3749999999995,4.082640233944767,3.282045784883735,1.1626053779069858,max_bars
445,3244.14,3.971467050493347,0.0020172496293726708,-1.0,stop
42,1422.0749999999998,3.1626337861267744,1.3768752948278173,0.1250683294819158,max_bars
161,1462.2749999999999,3.3081995921380973,0.7178298196411869,-1.0,stop
303,1405.7940490722656,1.9557630267594934,0.15297704555126168,-1.0,stop
58,2922.138098144531,4.590409270174621,0.742233969353496,0.4201781793174111,max_bars
189,3012.6884509277343,3.375339089457461,0.2390787631285958,-1.0,stop
238,3035.0999999999995,2.5567526605383506,1.6868556701031112,0.8311868254671508,max_bars
54,263.76226226806637,3.227247975078102,0.43910039590247757,-1.0,stop
98,267.88273773193356,3.894512058982386,3.0785111897561563,1.6071788838428012,max_bars
231,298.3342561340332,5.558951341673061,1.5988507265676202,1.1104353259580415,max_bars
337,326.47425613403317,3.192983258313869,0.6212192415930125,-1.0,stop
73,394.5630061340332,4.1851410508199045,2.206561702614689,1.5495039873371657,max_bars
182,433.155,3.3486872143956776,3.1882091993933015,3.012408667165282,max_bars
287,481.7969938659667,3.98445569541922,0.734646508349752,-1.0,stop
259,839.2754754638671,3.762228753245068,0.37131757785357405,-1.0,stop
373,902.4899999999999,13.456106129378847,0.14089240667045191,-1.0,stop
74,326.62499999999994,2.227323045230561,1.3573894549619119,0.07903954494163672,max_bars
186,338.18249999999995,4.149388600390492,1.7436296635819444,0.9953670280595955,max_bars
337,361.79999999999995,1.8242088980013005,0.21969737603830125,-1.0,stop
397,356.72476226806634,3.132604085022877,-0.8747156448497135,-1.0,stop
41,1119.57,6.669522726219659,1.1253515877908362,-1.0,stop
280,1017.9645245361326,2.354161069321423,14.842168028063503,10.777825993352673,max_bars
63,223.61249999999998,3.797866793141029,-0.2440395080680608,-1.0,stop
74,227.2807438659668,4.782956980406665,0.9428295333277472,-1.0,stop
168,221.04974693298337,3.750175035785361,-0.48490569404792466,-1.0,stop
224,213.59264877319333,3.8871447752290496,1.0668090695624803,0.02497445291902562,max_bars
322,220.89900306701657,3.544151686561775,-0.8058513424189572,-1.0,stop
470,187.73400306701657,10.836611026775907,-0.3801613089374503,-1.0,stop
42,493.65601226806643,5.399713890973866,2.6764688961898004,1.590409514317706,max_bars
193,562.6492254638671,2.6480486934970284,0.8692230447467206,-1.0,stop
462,540.4387499999999,2.4311288202467285,1.2604878404099131,-1.0,stop
44,3739.1024999999995,2.9981125149684855,2.547645691861256,1.2211815079949215,max_bars
168,3994.8749999999995,3.876842204073959,4.230024213075074,3.668280871670714,max_bars
315,4718.474999999999,6.537599542224967,0.581975848934277,-0.08031381696247449,max_bars
455,4863.295598144531,4.31385660013291,-0.06289693685179458,-1.0,stop
106,19054.8,4.386296366269912,0.5721464465183079,-1.0,stop
175,18630.69,4.737827745510224,0.07512263648619748,-1.0,stop
253,18017.64,4.315992549523686,1.7853505478113287,-0.4663340363150034,max_bars
126,992.6385122680663,1.9733794561667746,-0.30826909345853803,-1.0,stop
168,987.1110122680662,2.73637274292644,0.025507185563089237,-1.0,stop
259,963.3929754638672,2.3555250904657483,0.19199892437231014,-1.0,stop
361,929.6249999999999,3.0200362734469426,0.43365921635894217,-1.0,stop
71,248.58675613403315,2.850818058147921,-0.33679149397125385,-1.0,stop
122,248.2249555206299,3.514938899809678,0.2504365937812464,-1.0,stop
147,251.66205368041986,5.607540120682092,3.314042744459414,3.0355578680092643,max_bars
250,300.09300613403315,10.880961243742815,1.2589042790657616,-1.0,stop
364,278.4855061340332,3.0470189460952306,-0.057215931066970184,-1.0,stop
49,1179.9704754638672,4.938303585018514,1.915711270464939,1.4214660734679656,max_bars
172,1342.4790490722655,7.767651791098991,2.3237734563769377,1.990053185212271,max_bars
275,1596.4424999999999,5.978448957604166,0.022604977718915842,-1.0,stop
403,1433.6325,8.170329564933827,0.2925535134489788,-1.0,stop
257,179.42264877319334,3.5517509996695793,0.43582340780481826,-1.0,stop
358,175.35239570617674,1.8775894873428365,0.2756649590893142,-1.0,stop
409,175.24184509277342,1.8898753406978024,0.6154119899987972,-1.0,stop
42,716.7660122680663,4.99688872630865,0.8999884877429869,-1.0,stop
161,704.4547622680664,4.103141326213147,0.29390473003980105,-1.0,stop
245,606.3164877319335,0.5964666305596511,0.6314125004525583,-1.0,stop
259,636.6172622680664,10.000867685272752,0.07904789575757348,-1.0,stop
357,597.6735122680664,3.3669761269379928,-0.0011671839111948518,-1.0,stop
427,588.7792254638671,5.227634422667988,-0.25761693994665535,-1.0,stop
56,1460.2649999999999,3.5791448812373012,1.4471448275913699,-1.0,stop
203,1437.6525,3.9406254293022775,0.1879449067230075,-1.0,stop
266,1421.2709509277342,4.036593196830125,0.6750640337495037,-1.0,stop
343,1332.6299999999999,4.47461035696329,1.0778135907104265,0.8547706789525014,max_bars
259,363.55875,2.1203571352592534,0.10264397340746159,-1.0,stop
343,362.00101226806635,1.9892277178952051,0.07623575323217086,-1.0,stop
431,360.99601226806635,2.104183457279126,-0.03896779161862325,-1.0,stop
124,7798.799999999999,2.9850746268656625,0.6709621993127166,0.11469072164948792,max_bars
231,8023.919999999999,2.1363622767923807,-0.5303931863259815,-1.0,stop
442,7496.294999999999,2.885358700531385,0.2482951524538281,-1.0,stop
67,2280.2444018554684,4.32604084540017,2.9728589047805913,2.2024140157729786,max_bars
242,2522.5499999999997,4.489502732230273,4.560266866836929,3.107727609223076,max_bars
429,2950.68,3.4595382197917037,0.8945933323141699,-1.0,stop
497,2999.3219018554682,2.834702503080654,-0.2354906687449424,-1.0,stop
44,2222.055,2.2976478980043176,5.479287999767432,4.300168399887392,max_bars
162,2472.2999999999997,2.6695769595872156,3.1318204988018814,2.7984869188616663,max_bars
320,2654.5065490722654,2.8067946978057012,6.238290533427427,4.004927848450837,max_bars
54,2209.8944018554685,3.370952903865972,1.2645993518751328,0.9558517241877783,max_bars
158,2322.3540490722653,3.244727008888578,0.044402419522286504,-1.0,stop
241,2255.923450927734,3.418706519846338,0.15658734889143716,-1.0,stop
277,2279.3399999999997,3.3843151450913296,2.650504529543162,2.2590094289999514,max_bars
377,2496.2190490722655,2.087915779482007,0.7901320374383105,-1.0,stop
105,615.8639877319335,5.839595110978472,0.14419990408727204,-1.0,stop
279,582.5482745361328,4.728925608451717,1.2433342499150293,-0.5281011163530767,max_bars
448,578.8799999999999,3.8660862354892007,0.9839153000028019,-1.0,stop
91,112.14794631958007,3.226048856903173,0.9596757245214801,-0.15697974672151807,max_bars
63,2308.585598144531,1.459148659155422,-0.225187515478162,-1.0,stop
196,2159.6444018554685,2.8636359288691042,0.06880984730165787,-1.0,stop
224,2182.6590490722656,7.113297183277233,0.42213908173064507,-1.0,stop
265,2281.2494018554685,6.446005007781695,0.587222158256018,-1.0,stop
54,306.27374999999995,4.562507301729647,1.876820974297371,0.41694255399480523,max_bars
273,265.77226226806636,2.3412053695888035,2.5919351023429456,-1.0,stop
362,263.4607438659668,4.160294890666123,0.16324221749117754,-1.0,stop
84,1043.0895245361328,2.213570742779803,0.026437384398578612,-1.0,stop
105,1049.7224999999999,3.4125662340225604,1.8752898373230762,-0.2323255288700508,max_bars
231,1088.1134509277342,2.3355560703887512,-0.46484751069697144,-1.0,stop
259,1095.6509509277344,3.728459512130132,-0.001247838827953191,-1.0,stop
459,881.9879754638671,1.9090907720084216,0.5292834575795267,-1.0,stop
42,1085.3999999999999,3.722130090289282,3.975247524752491,3.9455457630724164,max_bars
140,1240.0695245361326,3.271552419716809,4.928095109564386,1.642376325519891,max_bars
45,1816.7384509277342,3.8882028013291916,3.6575201471774053,3.1224003184265334,max_bars
148,2095.4249999999997,5.035970057908885,0.7787265261135138,0.22340682733256,max_bars
361,2067.285,2.683952680538719,0.4995048101267665,-1.0,stop
238,248.6369938659668,5.5048111324507385,0.3151168300980677,-1.0,stop
334,247.99379447937005,5.8040921572542965,0.5562264298716756,-0.4532367079684574,max_bars
448,248.23499999999999,2.306284566303735,1.167684149286407,-1.0,stop
49,788.7742254638671,6.006053382632334,2.3267046640058857,2.316150396304901,max_bars
154,906.0577377319335,2.848354653041873,0.14888118912393966,-1.0,stop
291,862.7422622680663,3.209796909948192,0.6936140242376121,-1.0,stop
112,632.4464877319335,3.6440179153369603,0.5447044995546896,-1.0,stop
161,632.6474999999999,4.267380426847088,2.0299124646890006,1.327994533632437,max_bars
271,678.6764877319335,3.5844047327015454,2.847655432860708,1.6884258631719544,max_bars
406,727.36875,5.323121949621493,3.6837795625123384,2.4544008868044336,max_bars
112,3189.6690490722654,1.7327548995903108,0.5487863070642598,-1.0,stop
147,3238.1099999999997,2.9649981731241275,0.0821790232819071,-1.0,stop
265,3186.8549999999996,2.596757691948632,2.709750012449712,1.0397559529021623,max_bars
384,3358.7099999999996,3.861899360171006,-0.17045642081373688,-1.0,stop
56,1756.840475463867,3.1272304923017193,0.33053104204897865,-1.0,stop
114,1746.9915490722653,6.193017951437437,1.1184654122983053,0.48995023461286596,max_bars
274,1690.007975463867,3.4915797037981893,2.575787820905727,1.8589347430700536,max_bars
379,1851.2099999999998,3.252467305167961,0.026408384456487948,-1.0,stop
88,203.8541963195801,2.8864723930688094,0.7334566201227611,-1.0,stop
157,208.97970245361327,5.65590756074864,0.9992040441004181,-1.0,stop
315,198.98999999999998,3.291621467708795,0.11603057759966721,-1.0,stop
355,200.78894325256346,3.6201888721328728,0.5793220659801406,-1.0,stop
458,197.5427975463867,2.7046294091739447,1.1318406293515895,-1.0,stop
42,2849.0744018554683,6.0045607002771,0.48239651815648854,-1.0,stop
229,2658.225,4.59422743912761,-0.0018423760894127254,-1.0,stop
316,2657.7225,4.181113804911908,0.40745609386608866,-1.0,stop
44,5200.874999999999,5.785084240632569,1.489405899459917,-1.0,stop
282,4442.099999999999,2.789216917392663,-0.35835249942067965,-1.0,stop
301,4473.254999999999,4.474480045151668,0.08366020419146385,-1.0,stop
365,4327.53,6.179735376617835,1.8601883919493825,0.17226980697555852,max_bars
41,4477.275,5.286137267506455,0.2426332270292647,-0.475651636792458,max_bars
200,4544.308696289062,1.8112479100787389,5.2083354862699585,4.0748002841105375,max_bars
306,5003.794401855468,2.9276701919176795,0.9966606663631757,-1.0,stop
415,4960.679999999999,2.4871629557338792,1.1065000745599407,-1.0,stop
128,1211.0249999999999,2.82611433883486,0.6712938722577418,-1.0,stop
189,1201.4775,4.950363198644999,1.6816863519818412,1.3202051195830384,max_bars
316,1300.067975463867,3.5204256623129204,0.3262552104440737,-1.0,stop
42,811.7385122680663,2.4316343218600314,1.680041114326848,-1.0,stop
353,703.1985122680663,5.965386947814694,0.5590546810368976,-1.0,stop
113,1143.6899999999998,8.200646642528774,1.0791134530291733,1.0727164411716763,max_bars
217,1255.0440490722656,2.0831161007877665,4.771874314948495,4.1063293331966895,max_bars
385,1340.7704754638671,3.2049054944229445,0.6313539583902898,-1.0,stop
54,724.6049999999999,4.77570538431282,1.01704920655885,0.9043497880093231,max_bars
175,762.6945245361327,2.3527800395638696,-0.119509254137425,-1.0,stop
306,690.3345245361328,4.821508349959672,0.6464098093305619,-0.25040229943547376,max_bars
427,699.8820245361327,3.6408993557105758,-0.2877339576187186,-1.0,stop
103,2746.5644018554685,5.008599170750759,0.6646748498248697,-1.0,stop
252,2570.7899999999995,1.5244303246764426,1.8884979140533575,-1.0,stop
337,2564.4584509277342,2.4745361308067646,2.0413600896086534,-1.0,stop
42,798.2714877319335,1.8880137592942998,0.30046826228480195,-1.0,stop
119,811.035,1.520894633766572,2.449536270901167,-1.0,stop
379,737.9714877319335,3.9122801660981676,-0.2657117472812606,-1.0,stop
42,585.8647622680663,2.067842793815809,1.3318658158455996,-1.0,stop
155,576.9704754638672,3.8685603508324546,-0.09500255497516974,-1.0,stop
175,579.885,3.7740241599627495,-0.12497032606522739,-1.0,stop
344,547.0214877319336,1.8959882839106281,1.5791924610972763,-1.0,stop
42,552.2475,2.036677395551804,-0.6043554383613002,-1.0,stop
119,539.8860122680663,3.1276995299670833,-0.06431503530003813,-1.0,stop
157,567.8249999999999,8.642627570114021,2.3469179826795763,1.8150794582590473,max_bars
273,687.3195245361327,3.5383142291128387,2.536253345423166,1.0477369004060304,max_bars
392,733.65,3.4280651536836335,0.8031799437748547,-1.0,stop
126,4973.141901855468,2.9989472409750353,1.5096890949548905,0.5790331025027483,max_bars
245,5249.115,2.313052861053716,5.665577618565501,3.610638761297071,max_bars
84,510.64050613403316,5.716447006524766,2.292166820686882,1.7046480407102884,max_bars
231,575.2620245361328,5.243184438346458,1.549562350390807,-0.39327567373348116,max_bars
42,194.3669938659668,4.731768246291669,3.7841709890382687,2.1455932880276842,max_bars
175,224.52705368041987,4.510396238642046,0.34293727830947324,-1.0,stop
266,204.6280506134033,4.353288498813805,3.8360757705673705,3.816992112467694,max_bars
364,235.27050613403316,5.164485432748435,1.763671177556887,-1.0,stop
161,990.2264877319335,3.395840503420163,0.20143368538068745,-1.0,stop
245,969.5737499999999,3.2409835338402595,3.760733261140919,2.0916138237134576,max_bars
112,508.27874999999995,3.124025173886489,-0.20648657732541198,-1.0,stop
266,501.49499999999995,2.003008562990387,-0.35291111010111004,-1.0,stop
273,506.5199999999999,3.192370270963497,4.918368448503885,1.838590675440141,max_bars
448,539.685,3.2861739334924445,0.18691865135167127,-1.0,stop
75,411.8489877319335,4.576674532025811,0.42978565163863924,-1.0,stop
175,400.6935122680664,3.4548865256618844,0.6578156874897336,-1.0,stop
361,375.92023773193347,1.7078723323514449,0.1681810414427424,-1.0,stop
112,2227.08,2.127451588094048,-0.09877781412229947,-1.0,stop
224,2176.83,1.7378481553451546,0.956119481892679,-1.0,stop
231,2191.8044018554683,1.45106022364698,-2.3897431988420013,-1.0,stop
203,539.0820245361327,2.686427721765847,0.15315258665840242,-1.0,stop
259,546.6195245361328,1.9702093443029527,6.228718396760926,4.57126396634393,max_bars
366,629.6324999999999,6.771013249792528,0.03676801048569248,-1.0,stop
42,1158.7649999999999,2.4306071044657354,0.20717097560988584,-1.0,stop
71,1170.422975463867,5.6836675667136385,1.6923035247165852,0.933167028168324,max_bars
195,1280.5709509277342,4.893983146210567,0.1233282852249625,-1.0,stop
357,1200.2715490722655,1.8638719442691802,0.43038976953528774,-1.0,stop
70,423.85874999999993,2.6208613128783895,-1.3555766586727873,-1.0,stop
78,431.5469938659667,6.754073225808417,2.012317507890205,1.5491480560037374,max_bars
266,463.90800613403314,5.239831972956813,1.8858809366634228,0.7957048643114999,max_bars
45,37340.774999999994,3.322842120978995,2.5300517821522988,0.5353307408676119,max_bars
170,38938.725,2.5263410653533174,0.8755241556329324,-1.0,stop
240,38878.424999999996,4.021317735993667,1.635239937956735,-1.0,stop
490,35044.35,3.750533252863867,1.0428348613383072,-1.0,stop
42,716.0624999999999,4.379853405669008,-0.32562864532551644,-1.0,stop
91,689.0782745361328,3.704700566905684,0.1516646107062106,-1.0,stop
168,677.8222622680663,2.5555758835810667,8.164507357255328,4.440975234150014,max_bars
296,777.2167254638671,3.3667234393702996,0.6471306879431137,-1.0,stop
119,217.75334815979002,4.474490856418117,-0.287719332726661,-1.0,stop
230,203.99489570617672,5.992743784787552,0.09203348897707271,-1.0,stop
117,1994.7240490722654,4.347671504366745,0.23379848086704358,-1.0,stop
168,2010.100475463867,3.0794741381127912,0.8804387816701145,-1.0,stop
232,2003.668450927734,2.1544707612552516,6.252984319043414,4.226041074161193,max_bars
361,2262.858098144531,3.219737826436062,0.24900323117795217,-1.0,stop
45,3341.323450927734,3.6250157021532448,1.832646830283268,-1.0,stop
319,3121.5299999999997,3.2365538694165927,1.8803325744828319,-1.0,stop
77,1384.1865490722655,3.1127721559789947,1.0911381039508194,0.6339202382013848,max_bars
184,1442.5770245361327,2.5216728636001227,0.9627753914974514,0.44596837490319,max_bars
361,1432.6274999999998,1.6143414809502001,0.8938514248459817,-1.0,stop
42,1805.985,1.7544415469605175,2.7494117037890553,-1.0,stop
126,1797.7440490722654,1.7212684008109609,1.2750743856098847,-1.0,stop
217,1636.5420245361327,4.041570526783,1.6412861850178826,-0.1593847255401499,max_bars
42,507.82648773193347,3.3921983284793114,0.9127516808247617,-1.0,stop
147,502.04773773193347,4.033032800911849,1.4545943305724331,0.40015587850375994,max_bars
259,519.5849999999999,1.8543621915506834,0.10534269557438407,-1.0,stop
344,514.56,2.8587519232906407,0.7607073176743102,-1.0,stop
161,85.54560276031494,4.460310384476498,1.1412096253357074,-0.03553808559813431,max_bars
364,83.25419631958007,2.347260984084074,6.639981444523985,-1.0,stop
295,13.165500383377076,3.0040629987202525,5.573956806092744,3.2730718033946107,max_bars
409,15.235799846649169,4.6981411943589135,0.7742394360894189,-1.0,stop
57,79.48544631958006,2.4098079754809185,1.182258827341947,-1.0,stop
192,81.39494785308837,3.1512349226676957,2.8597309420295094,1.3548257404412698,max_bars
57,126.18779754638672,3.1205850509746647,0.6201962664806692,-1.0,stop
175,122.10749999999999,3.5931443844946975,2.8837602340857242,1.7327655450847925,max_bars
147,78.90255214691162,5.452996836882332,-0.1284245856791718,-1.0,stop
247,72.571049079895,5.513285856824181,2.876483553065684,2.466591239372228,max_bars
371,84.50040184020995,4.497499194328466,6.0518810004692485,-1.0,stop
105,365.21699386596674,2.6058430518784097,0.2241269673506426,-1.0,stop
168,352.55398773193355,3.5183246444742013,0.34634154358449765,-1.0,stop
252,354.31273773193357,4.237146548855713,1.1115393472821067,-1.0,stop
175,155.46345245361326,2.607332287769268,0.7713293161198119,-1.0,stop
259,154.14690490722654,2.0025749790374645,0.8367892290180275,-1.0,stop
399,150.24749999999997,2.0216597854425444,3.029635321419417,-0.32839578759035076,max_bars
134,533.655,2.558769242300732,0.3548150860490671,-1.0,stop
137,537.675,3.287301808713434,-0.8415848490541012,-1.0,stop
141,547.3229754638671,6.161444227578554,1.6213570777823008,1.315927909847876,max_bars
245,605.01,4.133815969983965,1.4610151056764817,0.9212310193110261,max_bars
350,644.7577377319335,4.212087821005291,2.218233665359215,-1.0,stop
56,1702.3695245361325,3.3171117849667233,4.066451358122097,3.430709509222113,max_bars
255,1869.8024999999998,4.947177638915061,0.37834185348340515,-1.0,stop
323,1826.8890490722654,2.6596579725963623,1.0148573103344798,-1.0,stop
441,1808.7990490722655,3.062751757118469,0.7040015595307857,-1.0,stop
52,528.8310122680664,3.5041485928787113,1.07759695378618,-1.0,stop
231,514.8614877319335,4.4306091021594876,2.9870246345211897,1.7858750175571636,max_bars
392,579.63375,2.9214547622474907,2.115083075273734,-1.0,stop
42,704.1029754638671,1.7686263918428295,3.902451438924333,2.280344989919355,max_bars
248,749.6295245361327,2.3651016324418626,0.43828082147994857,-1.0,stop
337,729.6299999999999,2.1216199424279956,0.4825573234575189,-1.0,stop
439,735.6097622680663,3.6649510701000363,-0.12462147392755109,-1.0,stop
112,388.43249999999995,3.9215276252550035,0.1488602674658358,-1.0,stop
170,387.92999999999995,3.56507460018156,2.0549543489487925,0.34851786892150133,max_bars
400,376.5232438659668,3.565048899671517,0.0802162828822781,-1.0,stop
47,2125.3740490722653,2.79358116272203,0.41139184774362575,-1.0,stop
175,1972.7145245361326,3.0270231091938626,-0.1291900855957515,-1.0,stop
259,1816.0349999999999,4.274971329624008,0.11161143681024978,-1.0,stop
42,882.6412499999999,3.295932770764017,0.015768500612762543,-1.0,stop
150,823.8989877319335,5.868316463412837,1.054851946193552,0.10033324937827813,max_bars
259,845.5064877319335,1.9286044236803264,3.5626023394992594,1.857758901656765,max_bars
361,890.9324999999999,2.4617465408434303,0.2196512025532947,-1.0,stop
398,903.8467254638671,4.187294637201191,-0.16373149787346034,-1.0,stop
46,4972.74,2.6190792199069284,3.779637592137596,1.9791154791154835,max_bars
259,5325.9974999999995,3.4547049637180547,0.9837226049267034,-1.0,stop
98,943.1924999999999,2.729293096898951,4.7997497753013985,4.758959279970486,max_bars
196,1039.7729754638672,2.17575870729975,1.6831137563902785,-1.0,stop
259,1021.7835122680663,2.4793412456619026,0.636173924138684,-0.46118920220182685,max_bars
409,1013.4420245361326,1.5039846345505437,0.2924810570726336,-1.0,stop
148,402.5527377319335,2.472404407058233,1.240589681861403,-1.0,stop
359,387.6285122680664,3.7351530946127456,0.04292481564642877,-1.0,stop
126,1073.0384509277342,3.7313155826911406,1.0730072736781833,-1.0,stop
231,1102.1834509277342,4.0087202262512545,2.100708458107432,0.30365497435108335,max_bars
56,93.72630214691162,5.842865899401186,0.17597646525732452,-1.0,stop
259,79.27439723968504,5.076540951194286,0.3492704576054082,-1.0,stop
112,771.2370245361327,5.515426642631131,0.6350463745519445,-0.8260347172092378,max_bars
260,758.9760122680664,9.733645792225149,0.0727429835061955,-1.0,stop
407,703.4999999999999,4.193319118692237,0.152542372881363,-1.0,stop
150,34.84334815979003,3.9701955993821243,0.9807015650320712,-1.0,stop
285,34.91370168685913,2.4451727325419315,-0.14489952664391775,-1.0,stop
77,147.98624999999998,3.1937125869221274,-0.38428981117962285,-1.0,stop
175,141.25275306701658,2.897465228847913,0.6663595521515477,-1.0,stop
259,143.59440490722656,3.283136294523411,0.2408770605870758,-1.0,stop
361,139.92614570617675,2.0769109440191857,0.0598251672550468,-1.0,stop
63,1616.9445245361326,2.049821450585389,6.974177328560329,6.660398812173967,max_bars
161,1847.6924999999999,4.7460548765554815,1.1073643564515252,-1.0,stop
315,1793.8245245361327,2.7775584431268086,2.19722165562465,-1.0,stop
373,1947.5895245361326,2.489721182996405,1.0169304715244527,0.2600648368310287,max_bars
42,21.58739953994751,1.9798572391477514,0.9185781111817258,-1.0,stop
242,20.099999999999998,3.482588962535943,1.2999996185304876,-1.0,stop
378,19.215600843429563,2.3709933312000055,2.7532852895077067,-1.0,stop
169,134.1675,3.851528872491468,-0.4987912263394995,-1.0,stop
259,128.74050613403318,2.672432465578035,1.4763832697473516,-1.0,stop
351,127.23299846649168,3.9085743401472173,0.15222198992414465,-1.0,stop
175,509.2335122680664,2.3630613011777863,-0.472308509267487,-1.0,stop
259,502.2989877319335,2.6376720364874626,1.8605951082088916,-1.0,stop
43,128.06715030670165,2.5745506601334167,1.5537195585408172,-1.0,stop
259,122.24819938659667,2.4934538534304758,0.5222084108538593,-1.0,stop
360,117.9367484664917,2.55793918076645,0.4850428159656875,-1.0,stop
238,88.97264877319336,2.217140661083361,0.9212750729021241,-1.0,stop
190,283.56074386596674,1.9786701016652604,1.5932424998078143,0.2565184402895314,max_bars
47,161.25224693298338,2.8850703899966335,5.727937985220267,4.470481404797307,max_bars
259,167.28224693298338,3.7793850423643653,0.8774982768444733,-0.3752219448576461,max_bars
49,317.52976226806635,3.158684148668552,0.23631982145424946,-1.0,stop
168,296.22375,3.6032769847222736,-0.5362448487216188,-1.0,stop
259,280.3447622680664,2.47722422755358,2.2326509691664636,-0.13604029983894492,max_bars
42,164.60894325256345,2.6480597994456585,0.3718911628460164,-1.0,stop
110,164.3777975463867,8.333123496644964,2.62904912016534,1.0652950463347843,max_bars
483,149.53394325256346,3.633915504969927,0.0489626199009253,-1.0,stop
42,380.9452377319335,3.7788239655313847,-0.030929489506697615,-1.0,stop
174,349.43851226806635,8.19558333430861,0.47354002974999376,-1.0,stop
446,294.0630061340332,5.173381116692897,0.5578769238092766,-1.0,stop
44,707.9220245361328,3.8594715241552326,1.0898885264857003,-1.0,stop
245,682.8974999999999,3.316383498255584,0.2650413694254386,-1.0,stop
357,640.7377377319335,3.1429024638503638,2.1582474835089505,-1.0,stop
43,261.8527377319336,6.623090281703282,0.46228311641330627,0.20453835465990897,max_bars
142,267.9330061340332,7.028995905452722,0.5345401077711432,-1.0,stop
266,262.10398773193356,3.378043885768331,4.0937506882750725,3.4160899345381006,max_bars
381,300.0427377319336,6.296684258470041,1.0563453589319214,-1.0,stop
210,1055.852975463867,1.5677302636259476,-0.14214860704972943,-1.0,stop
224,1061.28,3.7294576165544178,1.6680158966560723,1.0742815043434322,max_bars
338,1128.6149999999998,2.960712805352116,2.0166063604038094,-0.3416140101078336,max_bars
49,246.22499999999997,1.5047195563159714,0.16869280006721407,-1.0,stop
126,243.28035736083982,2.129375060741376,0.38021410929913874,-1.0,stop
241,242.61705368041987,2.8963575461539492,3.6335181245119257,0.5596865344380905,max_bars
469,233.3107438659668,1.6033280250038726,-0.2541593734294233,-1.0,stop
42,5477.249999999999,4.660185311972233,0.9569049951028494,-0.11067580803133867,max_bars
189,5522.474999999999,3.1140928659704112,1.5556040122110888,-0.7993894461404262,max_bars
56,406.82398773193347,3.987960916185757,0.4947009036008681,-1.0,stop
106,416.92425613403316,5.774250280793958,0.3084519750384437,-1.0,stop
253,406.72351226806643,3.2266406462140464,1.1640553629790213,-1.0,stop
378,386.32199386596676,1.6364571436127338,-0.2486547597632587,-1.0,stop
60,130.24800613403318,5.142499513875646,-0.10421062422656376,-1.0,stop
105,130.4590475463867,5.794190715534742,0.3665737943167359,-1.0,stop
267,127.37369785308834,7.54763022421333,0.5176269768660543,0.337674226406675,max_bars
371,133.0117561340332,3.7303116855892973,0.09840148388498966,-1.0,stop
425,134.0669938659668,6.166313255650308,0.24470844559870258,-1.0,stop
177,17.44680061340332,4.280440104818672,2.44135003940868,1.5977490829758216,max_bars
435,17.105100460052487,6.343721890572781,-0.17058370967478295,-1.0,stop
112,709.9320245361328,4.427469595651829,1.3288354246123721,0.7848031240064632,max_bars
252,743.0970245361327,2.1931236709415107,-0.3158250429336759,-1.0,stop
275,750.0314877319336,3.1440647373634665,-0.0013352740332250178,-1.0,stop
338,750.6847622680664,2.0694089762883037,-0.14385502234008735,-1.0,stop
406,718.5749999999999,3.1346779677878,3.348499850155735,1.1198656658261372,max_bars
49,133.06199386596677,2.3011784033922664,-0.327236549527396,-1.0,stop
72,133.83584815979003,3.687991170656023,1.4899455877959775,1.216435465434404,max_bars
178,142.22760429382322,3.6825472992141366,0.21429701899869832,-1.0,stop
288,135.42374999999998,2.6020222475862687,-0.12876849758249848,-1.0,stop
55,3325.143098144531,4.058265854722339,0.008573615700756735,-1.0,stop
99,3336.5999999999995,3.6294431457171816,0.2543344537056225,-1.0,stop
180,3066.455950927734,5.88157326104485,0.2552955628390783,-1.0,stop
266,3050.1749999999997,3.448162810330546,1.3769907297361594,0.49275017827430756,max_bars
404,3165.348098144531,2.055004609273018,0.05614160445774043,-1.0,stop
427,3201.125950927734,1.9063871339956997,0.3699088014995405,-1.0,stop
42,576.1162499999999,3.535093828719451,0.7676302706683912,-1.0,stop
162,561.795,2.5000222501090184,0.13563632659531957,-1.0,stop
191,566.8199999999999,4.828691258771513,0.20752658141335736,0.04311291656122523,max_bars
294,577.1212499999999,2.9666642841517135,0.31415638460977413,-1.0,stop
43,303.35925613403316,3.975243246158365,3.320328947827114,1.9064796734967722,max_bars
147,332.1525,5.389843520671973,1.315319771374461,-1.0,stop
261,327.2782438659668,4.7904918998746515,1.7681678613412712,0.5275939842430822,max_bars
365,341.54925613403316,3.0886485461685047,0.5877896779814209,-1.0,stop
452,340.2427377319336,3.098589435054629,0.8259035535479693,-1.0,stop
189,1263.4859509277342,3.600036145580835,1.5282531782770987,0.5851042819899819,max_bars
338,1304.9924999999998,3.2868023696735684,1.039982518989089,-0.8158181519511487,max_bars
63,437.9789877319335,3.796753290501621,-0.13103628277759427,-1.0,stop
112,435.01425613403313,2.9686958182212932,1.733413687171284,-1.0,stop
231,430.54199386596673,2.239502791099173,9.345367230169506,7.473347071729711,max_bars
361,517.6754754638671,2.149123958582221,0.0022054532700016244,-1.0,stop
107,658.3754754638671,6.74014709199212,2.5830602002105025,2.2360211149256144,max_bars
206,776.8649999999999,4.616632233399613,-0.7769413076815825,-1.0,stop
260,757.7699999999999,4.06059886245165,0.3730906727331871,-1.0,stop
168,1000.3770245361326,3.2564759029996275,1.2469819088868495,-1.0,stop
296,954.6495245361326,3.5667067415908256,0.4449534200584282,-1.0,stop
307,974.6489877319335,4.468173947149635,-0.2433809498004713,-1.0,stop
364,895.4549999999999,3.155377745723535,0.9394801439838443,-1.0,stop
169,262.75726226806637,3.3328335789753223,-0.37765798942611506,-1.0,stop
238,252.70724693298337,2.99051694330836,2.2286855790908007,-0.239141527717881,max_bars
49,722.3939877319335,3.522174319970121,2.9636092043570246,2.3426375414380303,max_bars
149,801.9899999999999,6.008804624375759,0.5812407741186129,0.2450712762269392,max_bars
252,834.1499999999999,3.3687001387078004,1.4448392299929789,-1.0,stop
336,864.2497622680663,3.980306178141471,5.337248600243622,4.411371475474004,max_bars
443,1047.1597009277343,4.689801669340089,0.1596486432480358,-1.0,stop
54,1171.83,1.8287614744406124,2.8310811534387543,2.1497936023918833,max_bars
154,1235.8484509277343,1.9297229292015252,1.3523530209962782,-1.0,stop
310,1241.175,3.5994118476443653,0.7571348628987129,-1.0,stop
400,1235.145,2.659198002815457,1.1342694412638978,-1.0,stop
92,388.8847622680664,4.148982895077898,0.40380090640149896,-1.0,stop
141,423.9089877319335,15.323802373819975,3.2372897321091827,3.152620909124258,max_bars
239,627.3210122680663,9.926500668287504,0.346533758323275,-1.0,stop
355,624.8085122680664,3.762516677271446,0.4739344636779336,-1.0,stop
42,299.48999999999995,2.2004093971470096,-0.0895304335455528,-1.0,stop
90,299.8417561340332,3.282316732974904,0.15325008554792835,-1.0,stop
123,302.85675613403316,4.60837077425872,3.22375986662825,2.6147360933972394,max_bars
252,346.27273773193355,2.01365836208646,0.7926929990918052,-1.0,stop
351,341.7,3.716710564822941,1.3346451886995592,-0.051182063545765794,max_bars
43,3298.8119018554685,3.198480427695701,0.9495435372419,-1.0,stop
120,3380.8199999999997,5.9991363042102135,0.4781582133326372,-1.0,stop
238,3331.4744018554684,5.05705226975889,3.7490900032554713,2.8973285580769566,max_bars
337,3879.2999999999997,6.191836216424348,0.9796011378868618,-1.0,stop
468,3631.0649999999996,4.289786912982131,-0.2835368118692931,-1.0,stop
49,534.66,2.966373434899042,0.9640605572959657,-1.0,stop
259,482.09851226806643,3.2355445767053146,0.3558981480421716,-1.0,stop
469,419.7885122680664,3.7372404689656005,-0.47095104492975237,-1.0,stop
253,5016.959999999999,5.400880214313034,3.1777384115736753,1.6258488337762118,max_bars
43,911.5349999999999,5.066730779845246,0.3370134753289981,-1.0,stop
147,893.2439877319335,5.0147525357142575,1.984776649991769,0.7546997038081922,max_bars
321,952.7399999999999,4.307574762576217,0.966375151331246,-0.7721740163982349,max_bars
44,802.9949999999999,2.514961140110604,-0.33646861528525807,-1.0,stop
54,808.8239877319335,2.8280535532884428,2.1476819550504316,0.3093487913557261,max_bars
248,810.7837499999999,2.3044090873876595,0.8144098543893482,-1.0,stop
449,781.5885122680663,2.8261050311459144,-0.03569839677421701,-1.0,stop
41,1987.8899999999999,3.9131956201833287,9.402363019388716,3.6908331391151803,max_bars
145,2422.653098144531,7.023419831541237,0.8671417366847766,-1.0,stop
352,2145.0719018554687,3.6162844605987177,0.18728683264528137,-1.0,stop
417,2155.725,3.596240189640372,2.020958447779921,-1.0,stop
511,2189.895,2.575237625548256,-0.7056459321526717,-1.0,stop
78,411.7485122680664,2.768317510551162,0.15804487876708279,-1.0,stop
184,387.07574386596673,2.6805429746918583,0.4312220163431886,-1.0,stop
265,397.2764877319335,1.5672963619146316,0.1804394403860889,-1.0,stop
343,401.49749999999995,1.9670094823714523,3.495096857979632,1.488130304884671,max_bars
42,1396.9499999999998,3.6185959115170427,1.5934725796862454,-1.0,stop
290,1313.3340490722655,3.4442169163497462,3.4192355232937843,1.9623686233012245,max_bars
420,1431.4215490722654,2.8238745671017367,0.39282264337450484,-1.0,stop
496,1456.4459509277342,4.266955602439157,0.02500646092118523,-1.0,stop
155,570.5385122680664,2.8286412760899187,0.5181100126379979,-1.0,stop
221,581.2920245361328,5.7272460537712675,2.443768470422385,0.8022334428739911,max_bars
373,603.6029754638671,3.968328855800756,0.369350595873085,-1.0,stop
45,1090.425,4.789421448345824,4.5548075907211265,0.5797017303231498,max_bars
169,1158.8654754638671,5.545553063629378,0.21993954085755024,-1.0,stop
266,1076.455475463867,2.3275882394492577,3.60977532475517,2.344578654410857,max_bars
401,1161.78,5.07668845838928,0.5971520711735504,-1.0,stop
77,1696.9424999999999,3.343810932198639,0.009825078561218215,-1.0,stop
126,1703.6759509277342,3.913652176132787,0.07085123527444316,-1.0,stop
156,1726.4895245361326,2.8433129436600173,1.1715433100939465,-1.0,stop
222,1741.3634509277342,4.149821526534131,3.39641287302483,3.129333982384182,max_bars
376,1926.0824999999998,2.600226106617954,0.7171666749862841,-1.0,stop
448,1942.765475463867,3.0196902620951795,-0.21759765944940834,-1.0,stop
47,312.30375,2.9950770021073168,-0.2462919157015212,-1.0,stop
127,290.445,4.525818040259341,2.2445785323233935,1.9174568649698394,max_bars
225,316.0725,8.47037062921679,0.3147818155737625,-1.0,stop
52,1419.9645245361326,4.737060130867088,2.0075274206023783,1.6596470544050876,max_bars
158,1564.7849999999999,3.8526059490600852,4.336318340746054,4.16712283320894,max_bars
260,1838.1449999999998,2.755223336570279,0.6309601260921672,-1.0,stop
357,1844.275475463867,2.942915859693671,2.5264550476666763,1.99951400585162,max_bars
56,114.34889877319334,2.1241136821664064,3.3723496663503654,1.3632113570745121,max_bars
224,112.77104907989501,4.541101280691278,0.552416153997151,-1.0,stop
357,110.28869785308835,2.428804850253093,0.03781746400597021,-1.0,stop
51,513.2032438659668,2.377857897787159,1.0158554443498045,-1.0,stop
98,528.2279754638671,4.491995230474155,1.465444221698715,0.7784919017340236,max_bars
224,564.81,3.1001597363770466,0.5362653147243787,-1.0,stop
294,578.3272622680663,2.24393479761526,7.272148042234969,4.856385996670679,max_bars
413,676.0132745361327,3.729702905681081,1.942893283326063,0.3722937819867859,max_bars
54,1627.0949999999998,3.324636852795922,1.4401515851742397,-1.0,stop
261,1560.1620245361325,4.830394184886931,2.5827086201418563,0.9665083058076993,max_bars
88,559.5839877319336,2.043297086504282,0.7273100718393187,-1.0,stop
168,557.6745245361327,2.568621717499146,0.37177264585316794,-1.0,stop
361,513.9569938659668,4.768294225280364,2.670383136482033,1.4135964274221273,max_bars
42,421.24574386596674,3.0019858827285337,2.273829860635967,0.9848589758080304,max_bars
151,445.01398773193347,3.609768674188,0.16098246461925705,-1.0,stop
259,431.04449386596673,2.4694666376581207,-0.16858413933125058,-1.0,stop
305,414.05999999999995,4.941311379144164,0.6813296265154523,0.14369505752908457,max_bars
44,7126.9574999999995,2.630259826861596,2.3554272301721793,-1.0,stop
259,6884.249999999999,3.4535352434905637,1.8307045215562665,-1.0,stop
56,1805.6834509277342,3.5268336149957245,0.11488933099069354,-1.0,stop
90,1822.0649999999998,7.13832931316939,0.41852150847653147,0.38315476426450473,max_bars
189,1885.8824999999997,4.522154716111011,2.5575872841310376,2.0756585661594467,max_bars
294,2120.4494018554688,3.0582811427838505,-0.515802016205314,-1.0,stop
64,948.4687499999999,3.2018740115646698,0.5443502518279201,-1.0,stop
102,983.7442254638672,4.533109307836316,5.410025717619368,4.703655847581346,max_bars
231,1213.0349999999999,5.068687315030058,2.138979479067788,0.17833632118123563,max_bars
355,1270.1190490722654,3.229545570258907,0.8966798178427051,-1.0,stop
79,4265.421196289062,2.2253651379527097,-0.00443732596647361,-1.0,stop
238,3871.460950927734,2.0240641521311464,2.725073045497005,2.0142595608747644,max_bars
73,297.27898773193357,3.878171080940858,3.5580747429727184,1.276869453793537,max_bars
259,315.57,2.525586683298276,1.2835628139541353,-1.0,stop
328,319.0372622680664,4.556603252146665,0.5683825037024226,-1.0,stop
137,385.7692561340332,3.3100761481097876,0.585840223380653,-1.0,stop
245,383.90999999999997,3.4148660381420846,3.6758170276660715,3.4279148938864505,max_bars
352,434.66249999999997,2.9821960240344314,4.2999071464289855,1.1677918648594499,max_bars
126,3806.538098144531,2.3784892154018666,4.78540763968036,4.0299256520362245,max_bars
224,4160.7,5.376499146778182,3.0813589628967417,2.272687070434738,max_bars
374,4693.249401855468,4.8846626766699135,-0.014174090877308981,-1.0,stop
147,3289.365,4.774932279387505,2.474358519200892,2.061790034986898,max_bars
287,3644.230598144531,2.860153750906991,0.5820680805754577,-1.0,stop
350,3658.0994018554684,3.9911245748315185,0.05411394381545023,-1.0,stop
405,3667.5465490722654,3.3413767877946774,-0.47285257605944114,-1.0,stop
46,2312.9069018554687,2.5641673753336724,3.6082369194848667,3.21536792237565,max_bars
78,3177.8099999999995,4.8086575345914175,0.24795465723365892,-0.2664086273395042,max_bars
211,3235.9994018554685,2.1291507087335293,0.20320376681961572,-1.0,stop
232,3275.194401855468,2.9065267637712897,2.721858028648068,1.4423705120076313,max_bars
74,306.4747622680664,5.799743486051875,2.274306614135521,0.9859625407814592,max_bars
201,334.16249999999997,4.956419076492527,4.880756515608987,4.705662479975867,max_bars
89,91.52534969329832,3.7425163964470944,0.8655019531641793,-1.0,stop
301,80.47034969329833,3.914920228980287,2.145683389753311,2.107591512139659,max_bars
57,324.86625,3.7911793567448853,0.4411839973548707,-1.0,stop
112,327.2782438659668,3.0335770704383114,2.9130817606370565,2.676382543742451,max_bars
238,364.81499999999994,2.6904047256828645,1.669384840247728,-1.0,stop
343,356.775,3.2583578175364316,1.3569874847805945,-1.0,stop
58,2450.1899999999996,2.252478379227717,2.7869179199130554,1.3446258804810798,max_bars
168,2584.8599999999997,3.097264500664434,0.6762432303233791,-1.0,stop
231,2603.553098144531,3.3973956802078846,0.4177009445865463,-1.0,stop
106,917.6654754638672,11.187679847274545,3.043228492445161,1.3035981563562271,max_bars
238,1171.6290490722654,4.167616045608019,1.0315785839538907,-1.0,stop
84,836.8132745361327,2.098828385086081,1.9351011787076378,-0.16017938627247208,max_bars
235,876.0585122680664,2.729097145818048,0.5329268669230606,-1.0,stop
78,13764.479999999998,4.035604686846128,1.50054007345,-0.058471952185492705,max_bars
250,14146.38,2.9999194140126253,0.555209953343701,-1.0,stop
42,1039.6725,2.156688764971652,5.718698825468305,2.9803768536068893,max_bars
230,1118.2634509277343,4.423233367644579,0.34847075495443675,-1.0,stop
362,1022.0849999999999,4.03929342540309,-0.004480453705811955,-1.0,stop
105,2563.353098144531,3.4818847451366075,0.3769834254467062,-1.0,stop
252,2351.5994018554684,3.4274290847273363,3.322611512285218,2.148907349005417,max_bars
363,2633.703098144531,4.3172329570723385,0.19609757534598726,-1.0,stop
89,2897.113450927734,3.0517789949698586,1.584446952456008,-1.0,stop
161,2853.1949999999997,3.1576847128832664,0.9745834416356606,-1.0,stop
291,2717.218450927734,3.5300217421554674,6.826443463813034,5.670253411474761,max_bars
421,3390.8699999999994,3.2549168797388117,-0.1138892015210164,-1.0,stop
42,1277.3549999999998,3.229722701524815,2.1123487681247335,1.62028630745617,max_bars
196,1352.1270245361327,3.4262295529446174,2.976084092621567,2.652298657229821,max_bars
378,1454.235,4.203930204819882,1.4486793728629526,-1.0,stop
55,174.35745552062986,5.48152784194606,2.1964588002144922,2.070901052379539,max_bars
260,189.6736457061767,4.910352759419671,2.27583821295833,1.6509494604291508,max_bars
364,211.92434509277342,3.4183672545128476,-1.121472503457915,-1.0,stop
417,213.05999999999997,5.322443808925584,2.7901234880207006,2.1375666367806145,max_bars
42,1652.2199999999998,2.960861820573217,1.2281297791373624,-1.0,stop
154,1646.290475463867,3.76546105074655,0.24535279657784279,-1.0,stop
313,1551.7199999999998,3.8164101770937933,0.8135769066879915,-0.39547367733662375,max_bars
56,1235.747975463867,2.8847305911667194,0.4559028442489129,-1.0,stop
242,1111.7309509277343,3.447859977423927,1.7262581290000174,0.056588078703356005,max_bars
75,675.3097622680664,3.303633904704379,1.7185419407572682,-0.027331087337846907,max_bars
224,691.3395245361328,5.979626951586533,1.5943694612708543,1.472210635071611,max_bars
323,761.0362499999999,7.0346517659309775,0.07403861869294513,-1.0,stop
259,63.09389877319335,4.871942256222854,1.4236327940789644,1.0137291450526484,max_bars
427,64.32,3.373753846581292,0.4976969056701069,-1.0,stop
77,147.71489570617675,3.8011668192420043,1.3188325924522506,-1.0,stop
203,146.56919631958007,2.3191763590100707,0.30325086630888126,-1.0,stop
225,148.93095245361326,3.9823504489172863,3.8879173657011443,3.269130046522845,max_bars
331,172.67910736083982,2.3332952815976684,0.136726942929951,-1.0,stop
84,965.7045245361326,3.3399980542282828,0.48816387332858413,-1.0,stop
159,987.8647622680663,3.488811340418236,0.04744668997224639,-1.0,stop
265,878.2695245361327,2.8373464243059963,6.682726265424138,6.383761253774954,max_bars
363,1044.7477990722655,5.044070092905897,0.2685543288845665,-1.0,stop
112,2309.49,6.62440625419464,0.9654876212293299,-0.27119419569906345,max_bars
272,2469.888098144531,3.8134580689470674,0.9238084302102255,-0.7547451733713779,max_bars
373,2478.933098144531,3.7650471712262124,0.47214706079230995,-1.0,stop
112,132881.09999999998,2.2697735042831355,2.025430191306679,-1.0,stop
365,135217.72499999998,2.0690519678540498,-0.16718047699469207,-1.0,stop
147,153.1619938659668,3.7816161846573464,5.149864998414195,3.442337110613315,max_bars
259,175.07099693298338,5.061369601104258,0.048414799746773596,-1.0,stop
305,175.86495552062988,7.73602732478331,0.9617845589079972,-0.3333308845925573,max_bars
420,177.885,4.685609774990684,1.681463590630365,-1.0,stop
77,38.762849693298335,3.1288991027083255,2.8092073990851336,0.5335778626172991,max_bars
224,40.732648773193354,3.345350431041363,1.0915147842247046,0.12281420186776688,max_bars
121,3121.4294018554683,3.2078045067373147,0.47509143628982625,-1.0,stop
200,3094.3949999999995,4.188054568724244,0.3418725094708083,-1.0,stop
252,3078.415598144531,2.7096925507656775,0.7934307369833083,-1.0,stop
343,3012.5880981445307,3.070051313860151,2.5291054041665495,-1.0,stop
47,1164.2924999999998,2.4128428919815934,1.0432472954037004,-1.0,stop
105,1205.9999999999998,4.063018242122702,0.5612244897959272,-1.0,stop
265,1183.487975463867,1.8325430494755572,1.452975430311566,-1.0,stop
335,1209.0149999999999,3.946597120124637,1.2676320212950851,-1.0,stop
42,893.4449999999999,5.43345987564287,2.135235919574026,1.8880424694762499,max_bars
315,935.9564877319335,3.184599253123397,0.8804642199654319,-1.0,stop
147,356.22226226806634,4.006557582943781,0.8462383627845709,-1.0,stop
252,351.2977377319336,2.36202424345396,8.526691532891833,6.03806215418618,max_bars
423,384.86476226806644,4.420970125786596,-0.13310541406813126,-1.0,stop
105,1029.12,5.297732471826637,3.651501504473405,3.0361326171997747,max_bars
231,1229.5170245361328,4.336424164958029,3.0287291719976617,2.467932741747486,max_bars
108,622.6979754638671,3.018791097851482,0.2926934285862631,-1.0,stop
260,582.0960122680664,5.299127913259298,0.5253183258854394,-1.0,stop
448,572.0460122680663,3.1983462651064887,-0.32499085565803804,-1.0,stop
55,7546.544999999999,3.903044373286043,0.8571016313296822,0.6007740752686402,max_bars
190,7799.804999999999,3.81169785654897,0.4580985856275547,-1.0,stop
280,7790.257499999999,3.0712399429672104,4.019696352256486,2.0134896502722133,max_bars
381,8428.432499999999,4.015367032956592,1.5396497085829588,-0.5582575550515979,max_bars
42,113.71575153350828,4.278873413551166,-0.07927852025071434,-1.0,stop
49,157.23224693298337,2.7107961600885417,0.8839830740309228,-1.0,stop
259,143.43360122680662,2.212596415920955,1.8358901382976514,-1.0,stop
364,151.9158036804199,7.837110350039565,0.10282339414146682,-1.0,stop
98,1435.6425,3.1444109518908734,1.0379908068892996,0.5218464013263562,max_bars
196,1462.7775,2.5484053453105426,2.4149298860740442,1.5618670779961152,max_bars
42,5062.285598144531,4.173719440522538,0.8444238449509663,-1.0,stop
237,4406.924999999999,6.261168501846511,3.124309141976997,2.9431004802029626,max_bars
336,5295.344999999999,5.205417299297768,1.859476012707145,-0.3803626921931756,max_bars
63,17539.26,2.960558199148644,4.8910757616608445,2.5126911373878347,max_bars
238,19240.725,2.9454451430494357,8.124354845824717,7.5985266222594925,max_bars
392,23842.62,2.0325786343950414,-0.5295282902067602,-1.0,stop
441,23406.449999999997,4.043543553165889,0.8648634370542599,-1.0,stop
98,487.82699386596676,4.392335856545398,0.16208493638626137,-1.0,stop
148,519.8864877319336,11.153683583588055,1.498857653088552,0.7262641605401041,max_bars
393,549.4335122680664,5.3206619924509075,0.8916649623723033,-1.0,stop
63,1919.5499999999997,2.9199551978328118,2.3184656556646015,1.8563777981434162,max_bars
229,2056.933450927734,5.023666433894125,0.3393532343345291,-1.0,stop
364,1852.5165490722654,2.651340668605651,1.9765939709551161,0.6918944523095265,max_bars
45,76.1790030670166,2.7028449277856903,3.0699348952259107,1.5400655238534633,max_bars
190,80.79194938659667,2.935875709968774,0.9309005164067798,-1.0,stop
259,80.42009662628173,3.0590581770143057,0.9592717820772861,-1.0,stop
42,169.49324386596678,4.8103672701689755,5.949378571789654,1.807470190353653,max_bars
259,175.87499999999997,5.836531280539252,1.3049201236162764,0.8353626359578309,max_bars
371,189.6736457061767,3.3603206342605407,1.6107518560225245,-1.0,stop
417,200.93970245361325,8.181410767943353,2.5280443891034228,-1.0,stop
42,87.24404754638671,4.509247448315908,0.4082182312674027,-0.4433211453332694,max_bars
155,88.7515475463867,3.043940719137215,0.2585370713842074,-1.0,stop
224,87.39479907989501,3.8958853981835455,1.1557804703905017,-1.0,stop
48,324.86625,4.637681571117723,0.28100905488952904,-1.0,stop
238,302.0527377319336,2.434252236914912,0.08803191046713883,-1.0,stop
273,305.52,2.870515841843409,0.24857607833880005,-1.0,stop
413,277.32976226806636,3.382164966473618,0.48724449997910435,-1.0,stop
238,85.02299846649169,2.332307242429069,1.0827041623977467,-1.0,stop
350,85.88729907989502,2.418636449807201,1.49843481467973,-1.0,stop
266,43.8682515335083,1.5689050834560958,3.2716939769682027,-1.0,stop
383,41.03415184020996,2.9101410266067713,6.980559654254735,0.19750306430781928,max_bars
45,360.79499999999996,2.4099541003850757,0.9551480084274276,-1.0,stop
421,335.66999999999996,2.0615485447016293,0.25722719754787987,-1.0,stop
161,95.8267484664917,3.1585600713482154,-0.20707110522032376,-1.0,stop
306,92.88209815979005,1.6495102027445592,0.23360079460051608,-1.0,stop
364,93.15345245361326,2.0648178312419105,-0.27214403599185955,-1.0,stop
42,1743.8759509277343,4.62624647773484,2.6156982761283,1.9674255681805244,max_bars
147,1964.6745245361326,5.327830296005221,0.19226764469367283,-1.0,stop
212,1943.0670245361325,4.218436518923633,1.4875852800063178,-1.0,stop
315,1722.7709509277342,2.8715890567442255,-0.1772951483697243,-1.0,stop
364,1761.7649999999999,3.386661922223587,2.3671321915475905,-0.6949624437277883,max_bars
106,318.585,4.515274665464077,5.520685950030311,3.2266276946503454,max_bars
281,354.765,2.8511848980354912,0.07266431601504945,-1.0,stop
387,328.18273773193357,2.386698240909881,0.040504677437866524,-1.0,stop
416,331.49925613403315,6.364799270927422,1.0806411808256908,-1.0,stop
42,283.7114877319336,3.176281509410316,4.63170813256468,4.38202649121945,max_bars
147,327.47925613403316,2.146469981025281,1.0414678641061232,-1.0,stop
252,335.87101226806635,2.5518797877849817,1.1351027947377854,-1.0,stop
361,336.67499999999995,2.517260798386784,1.0943982969186519,-1.0,stop
63,1720.8615490722655,2.641788625163468,5.807954689750041,4.551948077230186,max_bars
310,1835.5320245361327,3.8698330286056195,1.7565038460719256,0.5556363586932667,max_bars
56,9742.47,6.266070103372136,3.5243828525562333,3.4588595672187057,max_bars
154,11741.414999999999,4.006459187414797,0.4795446573769979,-1.0,stop
277,11867.039999999999,2.814855262980483,0.2663154113279846,-1.0,stop
361,11978.595,5.2059110438244165,0.6003976940161494,-0.6247564525052309,max_bars
113,425.7682438659667,3.186764596564591,2.58926519782565,2.2097025528222503,max_bars
217,463.20449386596675,2.6240043509843622,-0.6421075379459897,-1.0,stop
295,464.71199386596675,3.4348142670426838,2.085454136466501,1.3869202321114944,max_bars
421,503.50499999999994,4.062524147134834,0.5301867080875976,-1.0,stop
98,45.154650306701654,10.263948048447467,0.16729419130806591,-1.0,stop
259,39.064348926544184,3.6717567240812556,2.4580168648248106,-1.0,stop
394,38.873400306701654,4.0217704679184285,2.15338599753341,-1.0,stop
42,1374.3374999999999,7.446315042702384,1.7731774650360348,0.4080857514199364,max_bars
273,1359.6645245361326,2.0493640309924195,2.1078989783773596,-1.0,stop
380,1365.0915490722655,6.226071324233851,-0.0010771546932258436,-1.0,stop
96,1652.2199999999998,7.342846327119712,0.7218930634064262,-1.0,stop
191,1700.4599999999998,4.40821895251872,0.2473319103521895,-1.0,stop
232,1738.6499999999999,5.834989723528305,0.1611630569808786,-1.0,stop
417,1555.9409509277343,3.3318086596336762,1.945547845799748,0.801664104470633,max_bars
119,240.88845245361327,1.8342312335461508,2.9651912738033492,2.030473503909049,max_bars
391,238.23525306701657,2.2604744235673984,-0.00654679702033053,-1.0,stop
433,240.9990030670166,2.2402569698596007,-0.46471550008532003,-1.0,stop
45,39883.424999999996,2.2150178927712343,4.489996321136514,0.8960296572997224,max_bars
245,40767.825,2.3617276614585085,0.8539194557681885,-1.0,stop
49,136.12724693298338,2.8115193449183287,1.1164031078502268,-1.0,stop
105,139.9965030670166,2.783281637853272,2.3619918012091383,-0.3814987087388961,max_bars
238,142.18739570617674,6.426302844241485,1.8837538060688956,0.5135610730667634,max_bars
371,153.36300613403318,4.01204930398177,2.378838817698431,0.07752157464766335,max_bars
224,347.02648773193357,4.6614544423230715,1.14199816081225,0.4805433121735903,max_bars
84,1134.4440490722654,3.9176942316909544,6.1325634503859465,4.388797938067615,max_bars
243,1329.3134509277343,3.137971357521789,7.843665539524726,6.810426874254579,max_bars
358,1652.0190490722655,2.5192823703561555,1.9217401557239655,-1.0,stop
49,316.575,3.6089413578190364,1.0175059953319525,-1.0,stop
189,329.3385122680664,3.048087029350134,0.8429003232389928,-1.0,stop
243,334.66499999999996,5.293349407009611,2.1611650346283104,-1.0,stop
341,327.42898773193355,5.811639942834942,0.2953913438430903,-0.5611956062563651,max_bars
441,324.41398773193356,3.410451474601709,1.941977751423936,-1.0,stop
126,4786.815,2.8414550241131025,4.059730228900798,3.6472755944949964,max_bars
224,5325.9974999999995,6.280466710695968,1.112123408994093,0.8027040560841296,max_bars
337,5646.089999999999,3.0213829393438516,1.54704261680053,-1.0,stop
259,282.7064877319336,2.036202130019988,0.24207839771987855,-1.0,stop
307,285.52050613403316,2.458844805611786,-1.1709295860043456,-1.0,stop
331,288.83699386596675,2.28052292672157,1.2088965147128274,-0.020795777515938262,max_bars
57,440.59199386596674,3.3119062690925336,0.16502241956457125,-1.0,stop
196,416.97449386596674,3.6631693025917538,0.9378710352911835,-1.0,stop
114,4554.157499999999,2.811879087268048,1.6464686628112906,0.6063086027552101,max_bars
233,4743.499401855468,2.9408542098877763,2.906109238434643,1.169903177263228,max_bars
98,228.13499999999996,8.497161768251239,3.497291342573196,3.092338745022737,max_bars
200,297.4096426391601,4.559245764635833,-0.08920817523014554,-1.0,stop
242,300.2738987731933,6.065762388610778,0.5828578814699356,-1.0,stop
358,291.0480061340332,4.139525397911453,1.9465456445709863,-1.0,stop
42,553.2524999999999,4.130568878755621,1.8049466826859786,1.2535851665756157,max_bars
155,597.4725,3.200569802637355,1.7506847674573922,-1.0,stop
242,613.4017254638671,6.831041342797035,0.7194993045119141,-0.18857756754387114,max_bars
77,1930.9065490722653,4.697617186288571,2.6270790396228114,1.987654771239455,max_bars
77,1606.995,2.6941620122106724,0.452822577098053,-1.0,stop
208,1605.587975463867,2.2476485882650494,0.2608077736462855,-1.0,stop
231,1630.3109509277342,2.7056801483641935,1.7476156494523507,0.8589467582653949,max_bars
384,1676.8424999999997,3.4793070905585797,-0.1429918155718355,-1.0,stop
189,2656.2149999999997,1.6307075163813807,4.358411044070719,2.363727734583043,max_bars
71,159.1919938659668,6.9928116590748495,0.45526431207244006,-1.0,stop
168,158.56889877319335,3.5939605433958364,0.795084037882815,-1.0,stop
236,152.5590030670166,3.3226472852774234,0.708422282147309,-1.0,stop
285,157.5437944793701,6.794173123004916,1.328145377889282,0.8825101976828138,max_bars
385,170.2168450927734,3.211694524001906,0.5090970861613838,-1.0,stop
50,2099.3444018554687,5.022728874224309,1.0295048737767352,0.28693512669837495,max_bars
182,2214.015,2.344830651271553,-1.5990591574327466,-1.0,stop
278,2121.555,5.39957719691452,0.8419099995635309,0.536379904849202,max_bars
383,2229.0899999999997,3.3641487038993354,1.2976400728952406,-0.3719173909612276,max_bars
496,2321.349049072265,5.645381089781149,-0.13543751866057388,-1.0,stop
45,110.14799846649169,2.4675874270586506,-0.07652544731110042,-1.0,stop
189,108.06764877319335,3.2180328477409947,2.0307804220262216,1.9473905718550428,max_bars
301,115.91669631958007,3.0596917317414385,1.0018640821342384,0.5310035088782026,max_bars
74,1039.4715490722656,3.0084071943233432,2.974860216453172,2.066685330887003,max_bars
271,1099.4699999999998,4.308441741390152,2.3649977255815555,1.8562376840987993,max_bars
54,1637.6474999999998,1.9935608853553535,2.25292751885675,-1.0,stop
105,1699.8570245361327,3.9330969352776632,0.07692498282043281,-1.0,stop
238,1597.9499999999998,3.150913633972422,3.989075500269857,3.657395954201486,max_bars
361,1822.2659509277341,2.571848883518441,1.1252108513608985,-1.0,stop
168,9611.82,3.951592934532687,-0.3549576115001825,-1.0,stop
265,9212.332499999999,2.2831622718784703,0.8684701603413789,-1.0,stop
42,1562.7749999999999,3.1850394330597727,4.273731793068823,2.304871923656461,max_bars
169,1695.1334509277342,4.284821993689195,1.0982071272600171,-1.0,stop
259,1731.6149999999998,4.106859781186914,2.4915284936810203,0.21633973142093946,max_bars
401,1773.6240490722655,5.154649202473995,0.9207200474383911,-0.7035781781978712,max_bars
42,409.38675613403313,2.0241861531554846,1.8841214961798234,-1.0,stop
49,415.41675613403316,3.2898904370683644,4.791425055092913,4.334110975679718,max_bars
159,485.1135122680664,3.01239027536945,0.057241539447899725,-1.0,stop
243,478.98300613403313,4.307668490590208,1.5905094562301745,0.9313723668189335,max_bars
70,294.465,1.6521467395053235,-0.26001837204417527,-1.0,stop
344,270.7972622680664,2.9532331339380438,0.5380262799341627,-1.0,stop
433,273.05851226806635,2.841341370629355,-0.36843346569440816,-1.0,stop
45,36225.225,3.74110857834561,0.8115073142836108,-1.0,stop
168,33084.6,5.137133288599525,0.6650976700400106,-1.0,stop
289,32878.575,2.6721808959177737,4.2243690066300745,-0.0666704606891815,max_bars
114,174.85995552062985,4.63225613301628,0.717292668251266,-1.0,stop
187,179.01059509277343,3.715196007797835,4.993449264679305,4.3589193392933865,max_bars
294,213.2811012268066,3.6013950974131617,0.679447225873868,-1.0,stop
357,218.08499999999998,3.638492378437571,-0.1241327207105709,-1.0,stop
435,220.92915184020993,4.71153194634881,1.0539616222048604,-1.0,stop
55,1086.2040490722654,3.572443381273134,-0.023296558851900948,-1.0,stop
140,1070.1240490722655,4.422296772072727,1.3307379969356656,-1.0,stop
265,1048.9184509277343,2.690241428754041,0.46358160356576034,-1.0,stop
343,1054.847975463867,4.242127862856402,0.2380447073654992,-1.0,stop
63,1542.8759509277343,3.167847090904817,4.0638400952227425,3.310912568911578,max_bars
349,1638.9540490722654,2.8648789207265395,0.17561642206657166,-1.0,stop
112,17738.249999999996,1.8674333713866724,1.2279245283019091,-1.0,stop
187,17838.749999999996,2.4202929016887196,1.7515923566879243,0.8946149392009468,max_bars
287,18617.624999999996,3.2583371939224066,5.246033381413596,3.320626416649519,max_bars
396,22034.624999999996,7.0553730775994445,1.344616869019864,0.6048886387392507,max_bars
60,976.8599999999999,3.9268677190180687,1.3474986660095198,1.0842026122792334,max_bars
214,1031.732975463867,4.040094545990212,3.8832869035220607,3.4610528802582894,max_bars
314,1194.040475463867,4.994843330301275,1.511716865332179,0.57275683041837,max_bars
42,114.47955368041991,4.847637151640383,8.087217816507136,5.647383045923068,max_bars
290,129.74550613403318,3.657549517846767,0.7595607017831396,-1.0,stop
381,127.54455368041991,5.287995789739084,0.33441062207361594,-1.0,stop
42,3649.758098144531,2.4592889646621274,5.704685339014943,5.291356512514391,max_bars
192,4180.799999999999,2.79372368924606,-0.09931339629708327,-1.0,stop
236,4222.004999999999,2.470504054057236,5.033277245213243,4.180008785848903,max_bars
49,1459.4609509277343,2.9573180476101983,0.8095074891088652,-1.0,stop
141,1465.4909509277343,4.086751631177427,0.7097738654224146,0.31238429725628447,max_bars
245,1507.4999999999998,2.4610265728648275,0.7412403799646767,-1.0,stop
259,1549.7099999999998,5.898519798663933,0.6595561995940578,-1.0,stop
435,1481.37,3.2989732477368854,0.12748057266089163,-1.0,stop
483,1486.2945245361327,4.157623103362947,0.2800482919758663,-1.0,stop
73,913.545,4.596928690653576,1.1538275012547154,0.6061434123297635,max_bars
259,932.4389877319335,2.2992375923792845,2.6382314769376265,-1.0,stop
371,929.3235122680663,3.343670084514453,0.4401333075562485,-1.0,stop
51,376.77449386596675,2.4615503482743826,0.4609948519876781,-1.0,stop
126,372.85499999999996,4.1852730954392365,0.6052539437980635,-1.0,stop
243,370.8952377319335,2.546601995393851,2.435596281306272,2.1815002949100992,max_bars
42,361.69949386596676,2.045760693195774,0.297384718494607,-1.0,stop
57,366.52351226806644,3.716956188507261,0.3762964521053187,-1.0,stop
189,358.33273773193355,2.883559508777957,1.9566208477888027,0.7081623819732414,max_bars
42,256.1744938659668,4.635313467398448,2.9454315623088476,1.5643202243085546,max_bars
155,284.3647622680664,3.59213578015433,0.36567092855878186,-1.0,stop
239,282.3547622680664,2.8349995233836673,10.21832894681413,5.689771267501689,max_bars
351,353.30773773193357,8.465069015312991,0.9794208661391012,0.8406610212200955,max_bars
455,384.51300613403316,2.72110908451749,1.766889177037038,-1.0,stop
182,1317.655475463867,1.954642281643285,1.0927618122405731,-1.0,stop
283,1331.3234509277343,3.584664215787726,0.11894668256261959,-1.0,stop
403,1328.3084509277342,1.7547468670740423,0.2012810326525627,-1.0,stop
59,386.87476226806643,4.8787783822890125,0.24504879405865906,-1.0,stop
106,431.4464877319335,18.182205664558307,0.05804609485674844,-0.3721834919072914,max_bars
260,413.2560122680664,6.571230752460417,0.7270578601395082,-1.0,stop
448,379.58851226806644,2.6445806842564594,0.7781503793506303,-1.0,stop
56,215.09010429382326,2.83142002920966,0.165826685548979,-1.0,stop
99,228.81839263916012,11.029878549975498,0.6217354342035297,-0.40170548274903817,max_bars
260,220.84874999999997,3.282220930154403,1.9218845331331857,-0.3364370948563117,max_bars
112,583.5532745361328,3.5563653994848803,-0.014613325584811857,-1.0,stop
179,581.4427377319336,4.49618651029013,0.5109351576333871,-1.0,stop
224,592.8495245361328,3.7951534106061313,7.584617622407321,6.317925562798159,max_bars
343,763.1467254638671,2.371331366179756,0.3372582753380791,-1.0,stop
399,756.7649999999999,4.739248721325296,0.05674025312223739,-1.0,stop
504,730.9364877319335,2.4539050974989274,0.5610637053624348,-1.0,stop
99,28.47164992332458,15.003166911256876,0.2173281700695644,-1.0,stop
287,24.71295015335083,2.6421397824084223,0.16394736009586183,-1.0,stop
43,2346.6749999999997,6.420786858001204,1.3361539737846404,-1.0,stop
160,2381.2469018554684,7.0654958847136085,2.0437416202538254,1.3001909439761954,max_bars
273,2674.908098144531,2.8003989444157504,4.059533073029589,2.0984646974807206,max_bars
42,247.68224693298336,3.057242259547435,0.4064510638875831,-1.0,stop
259,229.5419938659668,3.1244822038825415,1.0050205509670607,-1.0,stop
105,40.79295015335082,3.488228275025049,1.5369812793949487,0.623387603484421,max_bars
225,42.87329984664917,6.0487554646554145,1.286660958818096,-0.20178967228913106,max_bars
343,43.70745168685912,3.9294215107688073,2.196598350428041,1.527002318192936,max_bars
238,168.13650306701658,4.803540790427679,1.4825096733789207,-1.0,stop
349,177.85485122680663,2.645335394491129,4.874779498947158,-1.0,stop
49,1238.1599999999999,3.28390514957678,-0.090014756517459,-1.0,stop
63,1244.9940490722654,4.25657047210427,0.07559246741595327,-1.0,stop
88,1255.245,5.484584729350637,0.650083751487915,0.23611018613419826,max_bars
238,1310.9220245361328,2.8164928077394653,4.443905162981964,3.6395085583805575,max_bars
352,1482.3749999999998,4.545071253899978,2.9925788497217205,2.878293860157711,max_bars
98,179.77440490722654,5.748539382540806,-0.016875557564911048,-1.0,stop
205,166.14660736083982,2.555943531926948,-0.397163683751621,-1.0,stop
284,167.08124999999998,3.9090244705747477,0.14066992218802932,-1.0,stop
419,153.03135429382323,4.653523890300754,1.1161704913556392,-1.0,stop
46,186.36720245361326,4.205248332934043,0.958607526536503,-1.0,stop
119,187.8344938659668,2.3342341587447017,0.40723058647907245,-1.0,stop
241,192.72885429382325,5.047949010785484,1.2500079380925853,-1.0,stop
289,206.12550613403315,4.2573576628654966,5.979659254401224,3.9980058638054494,max_bars
196,511.54499999999996,3.0388333382204813,-0.09938887101961813,-1.0,stop
232,517.5749999999999,2.1687666321758794,1.5389741629479268,-1.0,stop
316,532.2479754638671,8.313413578568127,0.11869525059788943,-0.8779606560554621,max_bars
427,516.5197622680663,4.505105896798122,1.640766652410569,-1.0,stop
56,472.14898773193346,3.102619747699331,2.546320957985719,-1.0,stop
156,497.1735122680664,5.566167863976106,1.399407193812699,0.9730049101480548,max_bars
271,538.5795245361328,5.65924195853315,1.1768718639764402,-1.0,stop
448,504.35925613403316,3.283228797661612,0.7029745292006405,-1.0,stop
54,95.45490337371825,4.583213002201967,0.4560316512424371,-1.0,stop
120,93.36450153350829,2.5325487681843137,0.47599729343008196,-1.0,stop
175,93.85694938659667,2.1169946956515617,0.5752799750047247,-1.0,stop
266,92.75145092010497,2.686156129267017,1.203536311604186,0.24826993453790575,max_bars
379,94.78154754638672,3.3567177943666238,3.0200545787651216,-0.40594994868253603,max_bars
80,634.3560122680664,5.337068083743405,-0.02528390707353906,-1.0,stop
155,619.3814877319335,4.259327773669481,1.7955208875778952,1.6287363430983768,max_bars
259,670.0837499999999,1.9600143702885868,0.29818244141410166,-1.0,stop
361,659.7322622680664,2.1118073606405803,0.47140368477820266,-1.0,stop
414,673.1992254638672,2.4954278636059306,0.07445513268493736,-1.0,stop
42,1811.0099999999998,3.0375315431720296,0.16160742436034725,-1.0,stop
126,1808.7990490722655,1.592164098440704,2.7952658976294154,1.2778521409275454,max_bars
44,1038.5670245361327,2.3943579703205136,0.8538631022892734,-1.0,stop
189,1053.1395245361327,2.3301327486501813,0.5566738133499217,-1.0,stop
252,1033.0395245361326,2.4238689751368554,3.628683114442377,0.14618594815809444,max_bars
51,4272.355598144531,3.940580185264703,0.9239033683078776,-1.0,stop
177,4196.779401855469,2.0272499075208406,-0.3617734944427768,-1.0,stop
302,4163.714999999999,3.739809280894568,0.25549882798703516,-1.0,stop
45,1281.1740490722655,8.271639437056137,2.517841210392142,2.0658437377730707,max_bars
294,1397.955,3.788033234260039,0.9639316400717589,-1.0,stop
405,1223.9895245361326,3.1772779235944446,0.05426782019271195,-1.0,stop
56,322.20300613403316,3.7252892426487128,0.6495874207206526,-1.0,stop
226,285.52050613403316,8.833172328864192,1.3631554791034586,0.3005291115346127,max_bars
386,298.98749999999995,3.8923011485377588,0.4006441539696896,-1.0,stop
70,25587.299999999996,3.1941627291664063,1.6917900403768633,1.1962559647620308,max_bars
169,26949.074999999997,3.447520926042906,0.3615693028011796,-1.0,stop
271,27240.524999999998,1.7823628582782376,0.6271046805004967,-1.0,stop
361,24923.999999999996,3.6872091157117497,0.36017410228509694,-1.0,stop
73,1021.2307745361326,3.332328321633169,1.9355781810822705,0.3370237940845234,max_bars
197,1061.0790490722654,4.0316563894744455,0.41658172967955326,-1.0,stop
259,1059.872975463867,2.5354902036355607,3.4914993255646736,2.2002410792074056,max_bars
105,970.7295245361325,2.6247810427222813,0.11854520517383085,-1.0,stop
154,983.2920245361325,3.1722060356291166,3.416189530221259,1.4942269407293491,max_bars
371,1008.8189877319335,2.4403759073024163,4.126127692818867,2.5338569989170683,max_bars
63,3802.316901855468,2.0071157619247026,-0.3671120334575758,-1.0,stop
168,3559.7099999999996,3.4471909228560635,4.077010838562485,3.8080841007253032,max_bars
266,4059.395950927734,8.607092167195045,0.25759872481931634,-0.03834031531322577,max_bars
42,811.9897622680663,4.247561221920929,-0.23165605509156925,-1.0,stop
119,782.241725463867,3.6934554802477244,4.0066204028908885,-0.8909714909144774,max_bars
239,815.6077377319335,3.0109755956038016,0.8894249077942353,-0.45638193017383144,max_bars
421,792.9449999999999,4.123236794481325,0.49411150285785344,-1.0,stop
42,74.57099693298339,1.7714620795140568,0.1279343854375725,-1.0,stop
243,69.17415184020996,2.3045457974500443,0.7376009956140892,-1.0,stop
448,66.52095245361328,2.6622475901081026,0.9763376441072378,-1.0,stop
42,1426.0949999999998,2.4258552200238976,0.9887281060305094,-1.0,stop
112,1455.5415490722655,2.7853240670529766,2.337318181575939,-1.0,stop
49,18058.844999999998,3.149952281001346,0.8370557884836883,-1.0,stop
95,18662.85,7.4417894373045845,0.22259423263851638,-1.0,stop
168,18437.73,2.509690726569917,1.5522442893263935,-1.0,stop
307,18979.425,2.367958987166362,6.0200812148857015,5.486065528174899,max_bars
409,21793.425,2.0346733016953475,1.8076901392569251,-1.0,stop
51,613.5022622680664,2.2008496298203766,5.087869615852376,3.928802779247093,max_bars
177,685.6110122680664,3.225008331607894,6.19098691965516,6.118625891288846,max_bars
275,821.7885122680664,5.754340875069438,0.46970155470365615,-0.020904114502352814,max_bars
147,284.61601226806636,4.432643183892244,3.5577000702150525,2.883953103313699,max_bars
245,324.5647622680664,6.73663706073442,-0.1127273880410448,-1.0,stop
259,329.03699386596674,8.27779446711484,1.1129348121561842,-0.8531409807201422,max_bars
49,735.8610122680664,3.6842571920619847,1.8862810147509492,-0.3932350424846553,max_bars
204,747.3179754638671,5.876742229108614,0.8079159314345895,-1.0,stop
311,724.6049999999999,5.727951699762271,0.4468139623061953,-0.2205754103801184,max_bars
105,2795.4075,3.005200410181693,0.7629369460398108,-1.0,stop
175,2833.095,3.268333748074096,1.4785355580754922,-1.0,stop
397,2639.5319018554683,3.0775098027889363,0.005762494970713882,-1.0,stop
42,546.0667254638671,4.434760213114653,2.3385998132960855,1.9958623346993758,max_bars
145,602.2964877319336,3.4279567851407187,1.0269803569560128,-1.0,stop
241,596.9197622680664,2.9936644093000617,1.5322087899350891,-1.0,stop
459,579.3824999999999,3.0001769124887163,0.2656407306198844,-1.0,stop
112,450.23999999999995,3.8290689410092296,5.708238075061651,4.568445475638067,max_bars
229,549.0314877319336,6.1620282772234445,-0.16054612049060915,-1.0,stop
283,521.5949999999999,2.9994512587292075,3.196229760461148,0.23362114744779489,max_bars
57,4570.74,3.840511704614565,1.3197001258840209,-0.20303031786549325,max_bars
255,4540.791196289062,2.5588293671765543,3.653538122915704,-1.0,stop
340,4628.025,4.587805914780056,0.3757206078908833,0.12516247310512787,max_bars
63,1874.1240490722655,2.1409494794182824,1.9832470535635456,1.4474088094900803,max_bars
227,1975.8299999999997,2.0715332587285955,1.7363808161781848,-1.0,stop
385,1941.1574999999998,1.8472200824443563,0.20476915564370712,-1.0,stop
238,501.09300613403315,2.483174198248637,1.4873383629774668,-1.0,stop
63,3616.0905981445308,2.0184920290916732,0.31797905930677645,-1.0,stop
162,3371.975950927734,2.3628846486193913,2.083742319788307,1.589240201764052,max_bars
265,3556.7955981445307,2.8367021105574586,-0.09213077000712606,-1.0,stop
317,3542.6249999999995,2.755724921491819,1.7144686299615974,-0.029962087868113364,max_bars
51,59.79749999999999,2.4708395922501336,0.1844329194854627,-1.0,stop
323,49.23495168685913,4.5393599674347564,-0.10512606972248102,-1.0,stop
42,327.2280061340332,3.7826835718479175,1.4802053331526346,-1.0,stop
120,322.4542561340332,3.7382859764574694,1.1569134209649454,-1.0,stop
126,255.70214263916012,4.255785736726477,2.654612616245174,-1.0,stop
238,274.35494018554687,6.540773973780567,1.70772740123256,-0.108941387812053,max_bars
355,286.7767561340332,1.909767170427406,1.1362985392873746,-1.0,stop
112,448.83300613403316,3.527593986549423,-0.017875211988715976,-1.0,stop
358,410.94449386596676,3.8921270141539357,0.5005175229665672,-1.0,stop
44,1339.9665490722655,4.1767124045756425,3.1632011239275166,1.3942873416578851,max_bars
245,1397.8545245361327,6.313571791705703,1.634425111970231,1.1324688130058296,max_bars
434,1491.5204754638671,2.730128570516469,4.135014361622659,-1.0,stop
49,334.0117561340332,3.147121603053697,3.613881770237693,-1.0,stop
364,305.52,6.11089090615487,1.1371187434612786,-1.0,stop
49,350.3932438659668,4.350326450732962,1.93900699655509,0.5908680923391982,max_bars
150,363.2572622680664,4.475412870361102,-0.04657993797355871,-1.0,stop
235,357.47851226806637,4.148086629739123,2.2066601071671355,0.18353148108043713,max_bars
385,373.5585122680664,2.518619724245625,0.42424060487125687,-1.0,stop
77,743.1974999999999,2.542730863200042,1.6828934756908074,-1.0,stop
147,726.8662499999999,3.042684950635681,0.13717399713163772,-1.0,stop
287,682.7970245361328,3.0678295595130813,1.1840785357773966,-1.0,stop
392,650.4360122680663,2.3731792177743993,1.5589510628801955,-1.0,stop
55,2004.9749999999997,5.096071081777813,1.0269141422661388,-1.0,stop
399,1719.4545245361326,2.3818323748446395,2.7309686917086684,0.8019998929059474,max_bars
84,1140.675,3.5658710851031152,-0.18869084204056608,-1.0,stop
210,1105.3995245361327,3.0757657631830178,0.5147281523286182,-1.0,stop
155,3753.3734509277338,2.700862364299959,0.8545289548643253,-1.0,stop
231,3599.4075,2.1783446303315146,3.2840277058157783,0.7727895928323226,max_bars
44,686.0632745361328,2.1445979541964797,0.7875018319923359,-1.0,stop
140,685.5607745361327,3.8378471338205196,0.510787907266322,-1.0,stop
238,662.6970245361327,2.0593176425858397,3.799576731029903,-0.8461177572379825,max_bars
169,384.66374999999994,2.6292475459492204,0.32987229991235495,-1.0,stop
313,384.6135122680664,1.6935198470122994,0.8883819992234663,-1.0,stop
421,372.5535122680664,2.7522286429875127,0.38976602968163604,-1.0,stop
256,190.37714263916013,2.246664949558253,0.7464958526458337,-1.0,stop
366,188.1460567474365,2.4693883187109593,0.45069375161699166,-1.0,stop
155,751.3379754638671,4.610170707190835,0.6744633502246573,-1.0,stop
245,757.7699999999999,2.4374166576970744,1.011369781332375,-1.0,stop
280,780.3322622680663,3.502644141435856,4.010562640730876,0.4872542936760862,max_bars
406,844.1999999999999,3.612886495258077,-0.07705001162669857,-1.0,stop
102,1508.3040490722656,6.457850770745778,0.6231359652819298,-0.5061808199946207,max_bars
245,1537.6499999999999,1.7981985497349764,-0.36347285403480806,-1.0,stop
259,1572.8249999999998,3.689218519026263,2.725982474874857,2.138304675975376,max_bars
505,1736.9415490722654,3.0422194410946997,0.20927557977802924,-1.0,stop
155,2143.0619018554685,3.6425406931961364,4.490515699320299,2.9519918509183563,max_bars
384,2360.0415490722653,3.726267084178462,0.12688444322829914,-1.0,stop
127,1453.4309509277343,4.281661933519228,2.5882446000250914,2.162411814050846,max_bars
231,1622.5724999999998,3.1168098806062456,1.2443027336991528,-0.7943541566253883,max_bars
373,1618.8540490722655,2.5854121374469354,0.7202636685326269,-1.0,stop
277,1017.06,3.3488683066878995,1.701115678214919,-1.0,stop
393,1021.8839877319335,2.758040625282374,0.6782581914739529,-1.0,stop
455,993.9449999999999,3.3145697196524897,0.3659128851115491,-1.0,stop
159,1700.3595245361325,2.9028875260717633,0.4181660106705038,-1.0,stop
260,1589.7090490722655,7.215725993332447,2.1462210464904037,1.4235228366757955,max_bars
42,612.2460122680664,4.254172267214555,1.2306678741376227,-1.0,stop
267,534.5595245361328,3.294209815900731,0.4622778597590947,-1.0,stop
427,582.7995245361327,5.310496602554517,1.2827481113781125,-1.0,stop
55,590.6385122680664,4.171504525408257,1.2809823740807282,-0.1233246816637977,max_bars
259,548.6295245361327,2.4842856475244446,2.6611713256595473,-1.0,stop
350,562.8,2.6030518098680626,1.0784984243321194,-1.0,stop
50,487.42499999999995,6.73436813796673,0.6953542800946169,0.5049505889405598,max_bars
256,491.94749999999993,5.823286470005691,1.8257257252224137,1.727986425113782,max_bars
357,546.9712499999999,3.413572871888823,1.9055346873962618,-1.0,stop
42,4845.004401855468,2.786466030944495,-0.34965228184562563,-1.0,stop
63,4907.013098144531,4.314504347605781,0.045282935970501884,-1.0,stop
86,4959.1725,4.968020275812138,1.281503219921674,-1.0,stop
196,4756.664999999999,2.9046611438896597,0.892664567727008,-1.0,stop
330,4135.373803710937,4.869542954744049,0.41875551858080834,-1.0,stop
56,3329.364049072265,3.0535590701989768,0.055436983597264476,-1.0,stop
176,2984.448098144531,2.296846637855693,0.3785920824910061,-1.0,stop
326,2944.449049072265,8.811463358620932,0.1350976272723668,-1.0,stop
54,3696.490598144531,3.889923243544355,1.5891812622480495,-1.0,stop
262,3197.8094018554684,3.3213144015898033,1.8133110082995805,-1.0,stop
42,927.1125,4.590868120862486,0.6516879325876713,-1.0,stop
168,872.3399999999999,4.332027902770843,0.44482717607947364,-1.0,stop
259,842.7929754638672,2.7044572187282485,1.1892720629286448,-1.0,stop
427,856.3102377319335,3.6564128691096096,1.5470902100070094,-1.0,stop
98,4450.5419018554685,3.8881085870312977,1.324869296822205,1.0677061500765785,max_bars
203,4714.656196289062,1.7531754776545772,5.484692304561441,4.3401913245572565,max_bars
361,5140.575,1.6180115581671275,0.5545553490436367,-1.0,stop
70,412.15050613403315,3.360548667277436,2.4944558190695787,0.7363984306091058,max_bars
238,419.6880061340332,2.224986154961819,0.15656326383307717,-1.0,stop
252,425.4164877319335,3.8119057423840697,3.745172992200918,3.338179123935234,max_bars
252,336.67499999999995,2.517260798386784,1.9380566090186804,-1.0,stop
84,4587.423098144531,2.472479553726074,4.351643624004369,1.9720586297748268,max_bars
254,5103.591196289062,4.700435276849613,0.5019313072219054,-1.0,stop
43,1442.8784509277343,3.3044016788249384,0.946370991187082,-1.0,stop
147,1426.5974999999999,1.8644011362700312,1.707021336591801,-1.0,stop
58,1371.0209509277342,4.013137136270821,0.23589285269374216,-1.0,stop
112,1356.5490490722655,2.178251430899152,-0.35023454985236696,-1.0,stop
259,1318.56,4.59288921247421,2.515522199703812,-0.14134742404227135,max_bars
42,3130.575,6.889312591337049,1.2473628183307057,-1.0,stop
190,2927.5649999999996,3.0388702673979777,0.08244714657707816,-1.0,stop
239,2967.865598144531,1.9733221528973628,4.69959733536757,-0.17699139281576431,max_bars
42,25.386300230026244,2.4276864556010755,3.105143135147842,0.5090064073227671,max_bars
203,25.969200153350826,3.6936059593857915,-0.020016046625527136,-1.0,stop
287,25.356149539947506,2.0750375186600207,1.052647935811549,-1.0,stop
431,24.57225076675415,2.5730253150108475,-0.130092471908133,-1.0,stop
49,694.3545245361328,3.9323624716645957,-0.7308126231830715,-1.0,stop
61,705.6104754638671,5.727021446254766,0.9314301669077165,-1.0,stop
175,645.4110122680663,5.440103098289634,-0.17831971432347188,-1.0,stop
229,626.7179754638671,4.255181551344521,-0.09441894483788066,-1.0,stop
266,630.1349999999999,4.036434699384835,0.9363091659754983,-1.0,stop
385,591.7439877319335,3.581616438588288,0.030953887138731956,-1.0,stop
447,584.91,3.275717631772404,-0.08402986466759871,-1.0,stop
63,3514.083098144531,2.019957937982763,0.027005083502846697,-1.0,stop
77,3536.695598144531,4.540834686834077,1.4838796923383228,0.38360010396486705,max_bars
200,3699.4049999999997,4.0332174722184995,5.197511132730325,4.527963398733545,max_bars
361,4438.281196289062,2.1084964390000094,0.4896175600714491,-1.0,stop
100,1364.79,3.0400245584943444,0.4581844107112766,-1.0,stop
196,1383.3825,3.128745984141222,1.8602779182607627,0.025818734353601647,max_bars
378,1378.86,3.6813037156826947,-0.3656411001790831,-1.0,stop
196,26.85359930992126,3.4393862591233697,0.08272095883816723,-1.0,stop
371,26.300850076675413,2.0944192870934155,0.23445622315211317,-1.0,stop
77,11533.38,2.1969275268828325,0.2550319677954103,-1.0,stop
169,11780.609999999999,3.5703584109821036,0.863959487411147,0.393214616865986,max_bars
272,12148.439999999999,1.9462581203841705,0.3449500930468713,-1.0,stop
366,11787.644999999999,2.9068147199885868,0.07691634198660624,-1.0,stop
42,175.00065490722653,3.20036574360893,0.4230465306535329,-1.0,stop
154,166.20690490722654,4.931750822846959,1.6083004252179791,0.5237455191127723,max_bars
259,174.30720245361326,2.562835070978463,3.624815405180233,2.4428688724886776,max_bars
361,191.4525,5.20363772049772,-0.07854476913565729,-1.0,stop
42,1316.4495245361327,2.2902112953120044,4.131099216122911,3.05645285318609,max_bars
210,1414.8390490722654,2.7663286453716847,3.399694486583189,2.9065801874942343,max_bars
346,1554.6345245361326,2.0991766245426735,0.21650159566196975,-1.0,stop
77,1133.4390490722656,3.920726845315546,0.4604278392304023,-1.0,stop
140,1162.4834509277343,3.9814330018136794,0.36765908287027327,-1.0,stop
234,1172.935475463867,3.097825979179271,3.450195367764986,2.8749996367505006,max_bars
382,1291.425,2.1700815444905786,0.5343456720646285,-1.0,stop
176,612.0952377319335,4.442970904109712,0.6216080039702347,-1.0,stop
359,580.2870245361328,2.84118652426243,0.6497817425141102,-1.0,stop
56,133.17254447937012,3.3209131031173005,1.473689635556677,-1.0,stop
124,134.14739570617675,2.4953094592687726,1.682683704788698,-1.0,stop
259,133.4740475463867,3.501837683467653,4.817232264829996,4.096227066901488,max_bars
362,158.20709815979004,8.284768641060705,1.9487848052446153,0.4671443249941608,max_bars
92,494.3594938659667,3.5519710435173426,1.4516627981449068,0.3496969737363966,max_bars
231,512.55,3.424056189640026,0.4159530248397449,-1.0,stop
406,503.8064877319335,3.564162444444778,1.4141703815133841,-1.0,stop
43,961.1820245361326,2.7239403013979704,0.12481798977724459,-1.0,stop
112,961.2322622680663,2.2556748588460116,3.443723684604839,-1.0,stop
312,921.5849999999999,1.9895072076910891,0.13444165764760835,-1.0,stop
98,522.0975,3.705725463155822,-0.005039410776585799,-1.0,stop
361,445.51648773193347,4.784665912909658,-0.5191512786423897,-1.0,stop
210,267.6314877319336,2.365752995890614,-0.020767232599089098,-1.0,stop
250,269.6414877319336,3.520042080796282,1.7550978117710332,0.8911682942879677,max_bars
349,281.0985122680664,4.161714794287434,0.820744955385875,-1.0,stop
49,1347.2024999999999,3.77838158494175,0.8407748352921572,-1.0,stop
95,1396.9499999999998,7.885031760039718,0.3799370620039897,-0.5034046716323759,max_bars
238,1370.1165490722656,2.424357597949946,0.14400890493568205,-1.0,stop
267,1381.7745245361327,3.0232518977838736,3.809151669465316,2.6840640587290765,max_bars
404,1515.137975463867,4.695148337370906,0.8794455464899341,-1.0,stop
109,121.45424846649169,4.153205728142137,0.4432286817190524,-1.0,stop
265,111.93689723968504,4.2585592313967595,0.1873554648663982,-1.0,stop
350,114.06749999999998,10.1759930878886,0.01744532647811879,-1.0,stop
56,1388.3070245361328,3.9837747384885693,-0.26229897250267364,-1.0,stop
154,1308.5099999999998,2.767265910988435,2.5901733029945255,1.0933451801141392,max_bars
252,1344.6899999999998,3.509359034424279,0.28205128205128527,-1.0,stop
316,1326.6,3.7087272415149566,0.2621952520579534,-1.0,stop
47,654.1042254638671,6.2076078831430985,0.8347844134176649,-0.5382253993076359,max_bars
245,638.2754754638671,3.912963701565912,0.38535980065806397,-1.0,stop
49,3116.705950927734,2.011930285212464,0.5692274957627448,-1.0,stop
54,1431.220475463867,3.243415492689678,4.361861585134738,3.903013437853546,max_bars
161,1646.9940490722654,3.3086973873986567,0.950672608070634,-1.0,stop
238,1667.0940490722655,3.280800185726783,4.788566073980693,4.344275331436472,max_bars
336,1905.4799999999998,3.1215231857589583,12.937457969065283,12.819771351714913,max_bars
456,2688.3749999999995,3.8043391395824453,0.9428026487283965,-1.0,stop
42,148.22745552062986,2.3055499064142526,7.196153420695402,5.926200243540907,max_bars
159,173.68410736083982,4.556607515008166,0.09677528569561068,-1.0,stop
224,167.73449386596678,4.414412244167782,0.05881622951650765,-1.0,stop
288,169.05105674743652,5.945574633380062,2.566789742049661,1.9966993395863069,max_bars
404,196.57800613403316,3.819348337827385,2.850558469126195,2.629462482649699,max_bars
48,810.8339877319335,3.5807576369829635,0.7290077947427742,-1.0,stop
225,798.9749999999999,5.222316092493497,1.0059919043027319,-0.2678253374962532,max_bars
387,791.3872622680664,3.713385806064696,2.2854366259862395,-1.0,stop
112,177.55334815979003,4.704699347054951,0.3527508619698,-0.37390448514734914,max_bars
231,179.66385429382322,2.25635462369741,2.8802573935199742,-0.20569377384494952,max_bars
42,2058.24,6.653254779417113,0.28304376968377915,-1.0,stop
175,1913.5199999999998,3.523350914234618,-0.06704239636936501,-1.0,stop
193,1938.3434509277342,5.847439001250555,1.141278999230542,0.41693211448390816,max_bars
378,1923.5699999999997,2.613367393537782,2.413569569606926,-1.0,stop
42,25.577250766754148,6.362098955255302,0.12459666272303631,-1.0,stop
50,115.46444938659667,4.871155648847655,0.5130363899452007,-1.0,stop
162,105.44459815979005,8.615517255489697,1.305000560283547,-0.30982119912907496,max_bars
333,105.30389877319335,9.329089929916798,0.5279065860160248,-1.0,stop
106,466.1189877319335,8.843019683882583,2.2072588238618924,0.7661765010852234,max_bars
239,544.1070245361327,4.384619837700409,0.31617521566888984,-1.0,stop
42,1905.9824999999998,3.6717283605699342,1.570643009524706,-1.0,stop
121,1867.2899999999997,6.811476761192009,0.2705397009741512,-1.0,stop
280,1732.8209509277342,3.6772971441556703,4.812842983448573,2.0712033548209265,max_bars
42,2570.7899999999995,3.1750260407549638,5.576964763195457,-1.0,stop
188,2426.8740490722653,4.119461690512244,-0.16878412694121486,-1.0,stop
260,2447.1749999999997,3.300748726848294,2.9554269727989557,2.544409813610091,max_bars
64,1109.117975463867,3.9687392010322258,1.6284718424973084,0.7720023675839242,max_bars
296,1141.3784509277343,2.5301380891028176,2.2030803948408684,-1.0,stop
367,1156.2524999999998,3.3256102081400765,1.0856915158255367,-1.0,stop
56,517.8764877319336,2.8146672583656813,6.110762175286844,4.882756516245652,max_bars
181,602.9999999999999,4.792707199678672,0.26297471161441544,-1.0,stop
371,515.5649999999999,4.71618515609088,2.662347842606167,1.5560363731878541,max_bars
