entry_i,entry_price,initial_risk_pct,max_r,exit_r,exit_reason
21,1104.495,4.209616159421264,1.3013227228734348,0.5722115407234669,max_bars
119,1126.5045245361327,4.332390354522038,0.555182622898376,-1.0,stop
196,1134.242975463867,2.789790244456974,-0.20361301585175542,-1.0,stop
224,1116.3540490722655,4.510580591713868,1.5936340372252304,1.0276418176303745,max_bars
337,1190.925,2.756262939652997,0.9466862722785127,-1.0,stop
21,32149.949999999997,2.7836746246883655,3.564500810101137,3.4918710542488594,max_bars
158,36044.325,3.3134897102387053,0.6913319238900677,-1.0,stop
205,35737.799999999996,2.330305726709523,0.33885686839578155,-1.0,stop
255,35878.49999999999,2.978106665551773,-0.5928872250818893,-1.0,stop
283,36581.99999999999,2.6707123722048904,0.7349027635619392,-1.0,stop
325,36878.475,2.761705846025354,-0.38142811556493716,-1.0,stop
389,34220.25,2.5723073326466053,0.6699801192842982,-1.0,stop
442,33149.924999999996,1.9605625050433622,0.2770704312036129,-1.0,stop
21,478.5810122680664,4.300423907444618,4.0920715865651065,4.0702061796954245,max_bars
119,561.1417254638671,4.863610856128895,0.06808924105066548,-1.0,stop
281,511.0927377319335,3.5008764953899334,0.3525056410970416,-1.0,stop
378,480.1889877319335,3.1631270437240357,-0.4864708609534322,-1.0,stop
408,474.0585122680664,1.9741234085768593,1.3882006133646771,-1.0,stop
21,446.01898773193346,4.0399597836770225,3.245521509758608,2.690551377764016,max_bars
119,492.1485122680664,2.448144384105769,0.6973043305253234,-1.0,stop
148,486.36976226806644,4.013357260024802,1.2541265182352515,-0.30070879054966554,max_bars
252,491.84699386596674,3.018620435039742,3.357785339653227,2.4687156514593678,max_bars
366,540.5392254638672,4.4657630589323976,0.46442193811644705,-1.0,stop
459,509.4344938659667,2.9315827737993754,-0.23331769326819685,-1.0,stop
43,1468.2045245361326,4.556890718556088,0.29587669964355184,-1.0,stop
94,1507.4999999999998,2.6799352845149107,0.8242581362533621,-1.0,stop
199,1522.5749999999998,2.999850620556447,0.22167392630183422,-1.0,stop
259,1399.965,3.3904419039047347,1.1215622284183113,-1.0,stop
393,1330.62,5.405002842894658,-0.11151305574372818,-1.0,stop
22,6930.48,3.0081610508940155,1.7916346891788262,0.0480621642363806,max_bars
123,7009.874999999999,3.6787389218780526,0.37469704314105867,-1.0,stop
168,6950.579999999999,2.9577387786342872,4.737425819632286,4.178032882576148,max_bars
313,7810.859999999999,1.9186107547696256,-0.36607500333644394,-1.0,stop
360,7620.914999999999,2.5117062714910094,0.4079356372280236,-1.0,stop
469,7362.629999999999,1.8693048543794708,-0.12809707185932895,-1.0,stop
107,25808.399999999998,1.6986717502828454,7.029197080292012,6.77828467153289,max_bars
306,28114.874999999996,2.204793725741254,0.7019560395241061,-1.0,stop
21,361.04625,4.845989179234305,2.6350624693974156,2.6122007923288324,max_bars
119,407.025,3.1386278484122543,0.27984392199731173,-1.0,stop
196,406.4722622680664,2.9577049105275677,0.40988430646514745,-1.0,stop
252,400.39199386596675,2.0584827108809347,3.677265039224209,1.238535825691098,max_bars
21,650.1847622680664,6.203588429453095,0.6958072681308729,0.49622798545338437,max_bars
120,681.6412499999999,4.605245061093339,0.9448090723679018,-1.0,stop
181,632.3962499999999,3.383361302347997,0.06093414533066783,-1.0,stop
224,629.8335122680663,7.435855881884752,0.5362933233621849,-0.44377462779508337,max_bars
367,607.4722622680663,3.7816150127244907,1.5835494516549986,0.24062661602196025,max_bars
21,60.712049846649165,3.3470283849846614,0.8798752770832767,-1.0,stop
105,60.501000766754146,3.3404426355016206,1.6521510948764435,-1.0,stop
224,57.676949386596675,4.450562665926357,2.502211632333367,-0.32994330209459305,max_bars
430,52.28010046005249,3.959635420290761,1.3090669135250794,-1.0,stop
21,100.07790184020993,3.7349958718034078,0.6747352581134684,-1.0,stop
105,98.6407515335083,2.6670005615114802,0.39503906101541614,-1.0,stop
157,97.42470245361325,2.4990628952682377,1.053637234207911,-1.0,stop
224,94.9725,3.235145409588134,0.7900741192632521,-1.0,stop
431,86.3797469329834,4.121043837881302,0.28660871815806294,-1.0,stop
21,1234.6425,4.296184880567648,4.437147413323396,3.330489089265335,max_bars
147,1434.6374999999998,5.139798421966338,0.4117648422153293,-1.0,stop
252,1424.9895245361326,3.816838510998894,0.6216364162709451,-1.0,stop
308,1417.652975463867,2.641903550460728,-0.503375281225901,-1.0,stop
316,1427.5020245361327,3.951101152975461,1.035387915242176,-1.0,stop
427,1393.8345245361327,3.7834153209646755,-0.18649110937538996,-1.0,stop
490,1269.0134509277343,2.853665741142056,0.5187747301045067,-1.0,stop
23,1124.5949999999998,4.321111155571544,2.041466176111237,0.8150005385713637,max_bars
158,1165.3979754638672,2.574052099057791,0.4534317865093489,-1.0,stop
189,1160.1720245361328,3.005759057321736,-0.48669663876717134,-1.0,stop
243,1024.7985122680664,3.220001208048775,0.08792632246324097,-1.0,stop
293,1033.5420245361327,2.7035232517744796,-0.20549587176811354,-1.0,stop
378,1016.6579754638672,2.2089988765975193,4.445729267356521,0.015229543846939824,max_bars
490,1105.4999999999998,5.644506957400478,0.016025634755599292,-1.0,stop
21,1350.5190490722655,3.118728661186713,1.1937835731926623,1.117806665651331,max_bars
240,1374.1365490722656,3.31383176708833,0.8732206289903568,-1.0,stop
360,1322.2784509277342,2.206681604871088,-0.3008536541030101,-1.0,stop
380,1330.62,2.970045874409102,0.18927052037133837,-1.0,stop
21,939.4739877319334,4.552970713767882,2.5079738544670107,1.2770846568190055,max_bars
155,1013.7435122680663,3.1313159476647083,-0.2785919774511009,-1.0,stop
196,1017.06,3.299706998603814,1.3986889153754534,-1.0,stop
224,1054.6470245361327,7.770088989265799,1.137967050017922,0.3838205952340157,max_bars
330,1107.51,2.7999747180612355,2.8535956143179617,-1.0,stop
23,348.8857438659668,4.137667391901627,0.20880479782621938,-1.0,stop
56,341.09699386596674,3.194687099241171,5.171433714844813,2.5239110331984946,max_bars
159,381.14624999999995,3.5147269584837724,1.2842217862100036,-1.0,stop
259,370.2419938659668,2.820319209057142,3.7404684170795415,3.6399141954454572,max_bars
357,408.53249999999997,6.837275833987344,0.10623827614524438,-1.0,stop
405,403.85925613403316,3.803120988499943,3.9090915105851027,3.577043782556462,max_bars
49,3162.1319018554686,4.700370081597631,3.8610021871520397,1.8499944653077496,max_bars
159,3508.2540490722654,3.8524562225405528,1.41206414303452,-1.0,stop
273,3253.989049072265,5.497527764176636,0.8150922603194724,-0.4477031482076484,max_bars
375,3266.350598144531,3.2712531901880975,1.043974541427763,-1.0,stop
448,3249.768098144531,2.3007210325936844,3.4711589183652074,-1.0,stop
45,1525.9920245361327,3.649558766530042,0.44904091021987896,-1.0,stop
106,1545.790475463867,4.7283590791991905,3.3261431807355484,2.7022596332079862,max_bars
295,1654.8329754638671,2.6487854734451535,-0.028129504440007357,-1.0,stop
358,1572.7245245361325,2.5830683197476723,1.579722151662728,-1.0,stop
421,1425.4920245361327,3.878806223573942,0.3528168555979282,-1.0,stop
47,3011.8844018554682,2.539423474041701,3.0478802846688646,0.897117698129395,max_bars
162,3210.9749999999995,2.7927639166257747,0.07833848703788229,-1.0,stop
356,3034.095,2.003726026109097,2.28316496136878,-1.0,stop
47,1504.0829754638671,3.1635871318330873,1.7825083051942074,-0.4220622033003687,max_bars
154,1564.7849999999999,4.414986648525188,0.9656937518561922,-1.0,stop
259,1403.985,3.631449053942877,0.34549329383029675,-1.0,stop
361,1336.6499999999999,3.0486646157137147,-0.15092033581787362,-1.0,stop
421,1316.3490490722654,3.0804139884264345,0.5684721004959414,-1.0,stop
42,1842.1649999999997,1.9251830768755644,0.19272495670666545,-1.0,stop
98,1836.9390490722653,2.952689036023457,0.9782786399799733,0.2076159548281993,max_bars
361,1709.605475463867,2.187962359084203,0.36343497291704924,-1.0,stop
45,225.88379447937007,2.7243206029961833,1.5561464748335725,-1.0,stop
161,221.70300613403316,2.933207491945103,1.1067165302759554,-1.0,stop
259,213.7132438659668,2.1071399556893544,0.0037199598880621088,-1.0,stop
295,213.16050613403314,2.5476156465304407,-0.1934450806733263,-1.0,stop
360,206.52749999999997,1.9113668489403532,2.7542745889073874,-1.0,stop
421,210.42690490722654,2.9069036354118443,0.9274459907516964,-1.0,stop
24,982.6387499999998,7.066558060423386,5.866484082912717,5.836241949304266,max_bars
124,1396.9499999999998,10.805683811160016,0.16594898973170094,-1.0,stop
158,1303.0829754638671,5.946129397504213,0.019578489790797602,-1.0,stop
172,1319.5649999999998,10.993395550806504,0.7902316283864146,0.26495019474029124,max_bars
273,1405.7940490722656,3.9617519737747227,0.06654120799126415,-1.0,stop
283,1418.2559509277341,3.4588960986745576,1.0486790708611864,-1.0,stop
336,1303.9875,3.288952111432238,3.357911233337114,-1.0,stop
21,219.75330368041986,7.837563582739253,3.0160708891139927,3.0160708891139927,max_bars
119,259.49101226806636,8.802238725704346,2.2765612776269246,1.1119908038764061,max_bars
225,304.515,7.278785575910665,0.06925279565325027,-1.0,stop
337,279.2894938659668,5.742963562268572,0.1565195228715285,-1.0,stop
413,273.76199386596676,4.679970903926213,3.6831162888961835,2.3445236440884623,max_bars
77,320.8964877319336,2.6789012244179062,0.4191836554006137,-1.0,stop
271,283.91249999999997,4.266283522927386,0.3126941911218611,-1.0,stop
339,275.72175613403317,2.075192111880981,3.788738501717754,2.862451594548771,max_bars
22,1506.7965490722654,6.994741574308459,0.267593746750164,-1.0,stop
105,1442.8784509277343,1.8420402690552402,5.535379761390098,3.1838463710167746,max_bars
231,1505.4899999999998,3.4400792318862825,4.143845785860566,2.998839590662512,max_bars
334,1702.8720245361326,4.132549218154085,0.6441185532820477,-1.0,stop
41,4561.896196289062,2.073619993337692,6.5235448547569215,1.195646068481449,max_bars
168,4800.884999999999,2.601291220264583,0.8937422428634466,-1.0,stop
266,4721.49,3.9921719626643237,0.8504950113401282,-1.0,stop
350,4501.3949999999995,2.961190971770963,-0.5866301209767611,-1.0,stop
98,532.1977377319336,2.855656207164979,-0.6348148723933387,-1.0,stop
155,519.5347622680664,2.05660081683576,0.22136791046701243,-1.0,stop
179,524.5095245361327,4.606116248124071,2.4913777912740573,1.3055087726522774,max_bars
278,568.7797622680663,4.532468273003755,1.4845065337281371,-1.0,stop
371,567.9757745361328,2.9888201745922984,0.35192725128284286,-1.0,stop
401,576.0660122680664,5.557700644244799,-0.06453056873670847,-1.0,stop
56,3115.3994018554686,2.0992300960357766,5.802813018488611,4.154482886574939,max_bars
154,3400.9199999999996,3.235009869572046,1.7576793053968047,-0.35920798561484363,max_bars
294,3517.198450927734,1.8593890282863863,4.263124787783349,0.46639519108866806,max_bars
404,3612.4724999999994,1.9508106982129112,0.7595515981411329,-1.0,stop
63,5432.025,1.7401429485320787,3.194657498016412,0.9836022216344987,max_bars
224,5672.722499999999,1.9606546944610628,1.8546382251792881,-1.0,stop
26,7687.7474999999995,7.359080146687955,0.8170650334292271,-0.12151622411057823,max_bars
128,7678.199999999999,2.9720507410590886,0.08238387379491968,-1.0,stop
147,7758.097499999999,3.094798692591824,1.4031903705786313,-1.0,stop
238,7389.764999999999,2.6356047858084724,0.8586501681513699,-1.0,stop
313,7240.0199999999995,3.7986082911373114,2.0143262308195813,0.6798778270671235,max_bars
21,427.12499999999994,4.31372263224317,0.9158757763975224,0.7611942028985589,max_bars
194,442.19999999999993,2.4988706701753864,0.2262453236325328,-1.0,stop
236,434.9639877319335,2.371229372167153,-0.10316021634531257,-1.0,stop
240,437.8282438659667,4.460254985052143,0.6258492249034525,-1.0,stop
346,418.83374999999995,2.717960955383526,-0.3104219608092115,-1.0,stop
21,1778.447975463867,2.1562621120770884,8.906645082491204,8.825803900001414,max_bars
119,2095.4249999999997,4.076738609112698,0.9432250512145245,-0.9180567749487859,max_bars
254,2082.8624999999997,2.4803629057666905,0.2523569324294137,-1.0,stop
285,2078.038450927734,2.2635986791646707,3.2029434913918466,2.1676213196074556,max_bars
392,2205.975,1.6307981731433905,1.3627519110493458,-1.0,stop
490,2240.145,1.8724256165616504,0.33984707950064474,-1.0,stop
21,538.68,3.1521474331641612,0.5429935831803443,-1.0,stop
63,537.3735122680663,2.9259886270985764,-0.03647565224858905,-1.0,stop
110,530.4892254638671,2.825547578418832,6.462025029616235,5.708151000553939,max_bars
231,622.5975,5.765761634598392,0.5265688816169066,0.15189051179332783,max_bars
346,639.9839877319336,2.786626487495975,0.5055529221051906,-1.0,stop
21,341.9010122680664,4.840876619450894,1.1146750627743485,0.28088778885597937,max_bars
147,344.6647622680664,3.7615536835621413,0.7971798671997261,-1.0,stop
265,304.0125,2.3724393592471493,0.10918356466712015,-1.0,stop
359,297.07800613403316,4.2170803904655685,0.6682625970905791,-1.0,stop
42,782.1914877319335,2.427982894568509,1.7170071918992174,-1.0,stop
98,779.8799999999999,1.9336323802419775,-0.5125974355865074,-1.0,stop
182,764.2020245361327,1.9172988650557043,2.9209574214202596,-1.0,stop
247,798.9749999999999,2.230980391869259,0.05750358507131288,-1.0,stop
253,803.9999999999999,2.910450797768954,4.27349981480808,3.2628160652710534,max_bars
378,903.595475463867,3.225499025642395,2.533997696051111,0.6434792254561919,max_bars
35,1290.4199999999998,3.4422901070969028,0.5105802698320069,-0.47546040458971106,max_bars
154,1286.3999999999999,1.616917320744898,0.11538682745499262,-1.0,stop
322,1223.5874999999999,1.5190985524124647,0.07061328387694002,-1.0,stop
345,1236.1499999999999,3.1751790305332985,0.9363069368947505,-0.19490457983216605,max_bars
21,15413.684999999998,3.8581624056803925,2.896180330763361,-1.0,stop
252,14050.904999999999,4.0773530245916465,7.6733402571107066,4.643169460905397,max_bars
373,17166.405,2.9208503469421747,1.8021260258673206,-1.0,stop
427,17882.969999999998,4.41744296389245,0.27473195184627774,-1.0,stop
469,17659.859999999997,5.474901839538916,-0.391845768777277,-1.0,stop
21,1831.712975463867,3.9915096337303715,0.63856016068476,-1.0,stop
112,1818.4470245361326,2.5047196595506382,-0.38744540059086535,-1.0,stop
119,1827.692975463867,3.041703427449025,0.3508890642858091,-0.28408164848960327,max_bars
224,1856.4359509277342,2.770682764575295,4.9472002913590325,4.6186382245763316,max_bars
337,2132.6099999999997,1.641645792889918,4.1642476152115995,0.39960401828278264,max_bars
78,8632.949999999999,2.1018307762699764,2.072471755304515,1.5186001653348213,max_bars
319,8966.107499999998,4.088814460455648,-0.14622586826510303,-1.0,stop
421,8894.249999999998,1.6724288163701067,0.8521008403361623,-1.0,stop
21,399.3367561340332,3.2646051586317872,4.549688712011595,3.7366033041711564,max_bars
238,427.02449386596675,1.481058288174109,3.933207711239499,1.529851593038407,max_bars
359,440.94374999999997,2.8220719763008244,2.0256147782207545,-1.0,stop
21,276.12375,6.0928341756300295,-0.022215601682944713,-1.0,stop
91,274.36499999999995,2.97595822826115,4.241892441018232,3.990821913425509,max_bars
252,284.41499999999996,2.818067297264768,0.4098577299386424,-1.0,stop
336,258.2347622680664,4.079530279849912,0.3384247694814203,-0.3934369494094164,max_bars
21,830.0797622680664,2.8406622278849754,2.011056650734512,1.1480294770680044,max_bars
143,873.4957745361327,5.082543069400814,1.2637277034420455,0.1127184459385734,max_bars
245,890.43,2.822233326261604,5.038596350444323,1.6860313255683144,max_bars
392,931.5345245361326,2.24731863380153,0.12015846449907396,-1.0,stop
504,808.8239877319335,2.1480539386104898,-0.25751228552056904,-1.0,stop
21,891.435,2.4045499671877306,0.6328434802892486,-1.0,stop
68,869.2747622680663,2.7695213419311133,1.9616086402644595,-1.0,stop
109,886.3597622680663,4.034455105523373,1.4958202573563808,0.059850405455670753,max_bars
252,884.14875,1.9961290450277682,4.912598659164979,4.034349491376886,max_bars
449,967.8149999999999,1.820077989385233,1.5404502419163029,-1.0,stop
21,154.10669631958007,7.25257494367476,1.2027971001661588,0.9603278712919734,max_bars
159,159.87540184020995,2.5491093323570544,-0.14118833967427977,-1.0,stop
232,156.16694938659666,2.0855537854073076,8.134324768240747,6.239912428926566,max_bars
361,175.29209815979002,2.077734422452761,1.5260156057918872,-1.0,stop
469,163.9355950927734,1.8455976134724204,-0.35880224218493606,-1.0,stop
21,2766.765,2.0733635728459006,0.37540333247875146,-1.0,stop
107,2748.474049072265,4.52884207199558,0.10866482635173426,-1.0,stop
224,2712.3944018554685,3.037699893463314,1.823008510508564,-0.08246075032059343,max_bars
361,2657.22,1.912528795366955,-0.018102113421688777,-1.0,stop
49,795.7589877319335,3.4632314494430867,0.9666918372221848,-1.0,stop
94,787.7189877319336,4.198066040414488,1.3390505121802907,0.8355565183100737,max_bars
226,806.0099999999999,3.6488411327480286,2.8898309910739925,0.6201966969901119,max_bars
329,840.0292254638671,2.4676805333113943,-0.4596997542869185,-1.0,stop
378,772.5435122680664,2.581542186999639,0.14824290089846104,-1.0,stop
413,765.6089877319336,1.5685568401661485,-0.7460200063881238,-1.0,stop
420,771.2370245361327,3.3889774633052094,1.054555290819479,-1.0,stop
28,1561.9709509277343,2.815094026019991,0.43049042804277576,-1.0,stop
117,1381.2720245361327,2.126445739892116,0.9338120155846251,-1.0,stop
161,1349.1120245361326,2.461767408343235,4.630494981111798,2.643261458366456,max_bars
306,1462.877975463867,3.0130966064866214,3.11090005819247,0.7287553428179141,max_bars
48,726.5647622680664,3.5185799801607014,0.592035622324983,-1.0,stop
89,737.4689877319336,3.1145699838272636,0.37141437696907226,-1.0,stop
148,747.5692254638672,6.61734702190743,-0.06204309690243427,-1.0,stop
259,664.3552377319335,2.431714933121493,0.6465245591858456,-1.0,stop
343,664.2547622680663,2.7782675448324397,1.2758338259117639,-1.0,stop
449,621.6929754638671,3.1595962068321666,-0.08109763670471225,-1.0,stop
67,989.5229754638672,3.544431420644323,7.51795546264873,5.359599163594913,max_bars
175,1325.3940490722655,7.038968792083451,0.06544843310576709,-1.0,stop
238,1239.6674999999998,3.240183355617518,8.413082108319898,5.059625926783191,max_bars
349,1480.6665490722655,3.0571721017514353,5.757753698209491,1.5891086637824452,max_bars
462,1610.0099999999998,5.044065016482803,0.22398672711152665,-1.0,stop
63,6591.794999999999,1.3925645442553838,0.3617299417179711,-1.0,stop
77,6658.124999999999,1.9093213179385955,1.5762045231071964,-1.0,stop
210,6265.169999999999,3.1151588863510358,3.8009427678434387,2.7044627760414177,max_bars
385,6597.824999999999,1.869176584707823,0.017636326778840042,-1.0,stop
420,6531.494999999999,2.656283132728403,0.34874203867547776,-1.0,stop
460,6382.754999999999,2.7770923370864025,0.06908126710107136,-1.0,stop
21,1024.3462499999998,6.369552718532646,1.0062451931485337,0.8759695555533819,max_bars
119,1075.0484509277342,2.2183651104541973,0.4508291091874409,-1.0,stop
223,1008.9195245361326,4.838795143016047,1.9557841465380537,1.3392283562204281,max_bars
345,1105.3995245361327,2.4334662661828794,1.427554016444075,-1.0,stop
49,1454.9384509277343,2.669423941406704,4.6413124783543935,2.9213704319701885,max_bars
224,1549.7099999999998,2.1946073025356236,3.889732727775506,2.0902660030683933,max_bars
378,1647.9990490722655,2.5666943147936045,2.149005058118694,1.18444432625145,max_bars
21,193.6936457061767,3.7397451689885406,0.725649657751252,-1.0,stop
105,187.0405506134033,1.8929320950948816,0.7596121077762373,-1.0,stop
111,190.6786457061767,3.7647874409798976,0.5601824364455537,-1.0,stop
147,190.33694938659667,4.842440891856713,0.8943358297671604,-0.3240705330387353,max_bars
252,191.95499999999998,2.581334166862017,1.92028278924383,-0.21291747800516203,max_bars
367,193.38209815979002,3.0003275297701584,1.967893024357378,-1.0,stop
21,1365.0915490722655,3.4057476597759524,0.7530058436066295,-0.027779232822056056,max_bars
168,1336.4490490722656,2.794650010208394,0.30391650170423773,-1.0,stop
259,1245.5970245361327,1.565277418469752,0.8618227261393534,-1.0,stop
329,1246.1999999999998,2.615954454667174,1.0552131847821278,0.04601073768607647,max_bars
56,10161.554999999998,2.1409616933628617,0.443313185171578,-1.0,stop
105,9949.499999999998,1.7036031961404918,-0.893805309734512,-1.0,stop
120,10020.352499999999,2.4784806722118713,5.275354586726548,5.1928106219989925,max_bars
238,11467.05,2.712554667503842,1.272946471628357,0.49815142260087336,max_bars
360,11897.189999999999,1.396884474401087,0.16132137914435873,-1.0,stop
379,12033.869999999999,2.18441781405316,1.6553049035645133,-1.0,stop
21,1708.2990490722655,3.4361122848020056,3.52818133305008,2.9251049587303424,max_bars
196,1880.455475463867,2.1247764695950018,5.947736059536874,3.525038101264189,max_bars
21,85.21395092010498,2.128700024631878,4.84360209158074,2.6329548987789,max_bars
238,86.41994785308837,1.3537937503471469,1.6924289980648903,-1.0,stop
350,85.58580368041991,2.028146178051178,0.6879775994123677,-1.0,stop
386,85.02299846649169,1.1796829581593398,0.5852453406866673,-1.0,stop
436,83.94764877319335,1.2122417755463455,0.32658625895733323,-1.0,stop
461,84.58080368041992,2.1054430215521283,0.47686226694217126,-1.0,stop
21,10294.214999999998,3.4797699484613287,2.578856273467067,1.959116731571834,max_bars
154,10748.474999999999,2.3117232909784744,0.6701881477009884,-1.0,stop
210,10596.72,2.7623642032628903,3.526509975403128,3.10972943427167,max_bars
367,11504.234999999999,1.8796121602175093,-0.0010867805859302562,-1.0,stop
384,11572.574999999999,2.787409025216937,-0.2869875222816383,-1.0,stop
21,925.6049999999999,4.721773930125422,2.6174365382052303,2.546506957662573,max_bars
131,1047.7124999999999,2.1869025302146214,-0.2274963931575434,-1.0,stop
168,1032.9390490722656,3.653558929651235,3.7987455871701234,3.1257017968697607,max_bars
367,1100.475,1.497080806015576,-0.49013508867602434,-1.0,stop
409,1068.9179754638672,1.788530745536929,-0.20493725802578866,-1.0,stop
462,1034.6474999999998,2.3822122993579757,0.05487371944417141,-1.0,stop
23,2125.575,6.321821099143753,1.173022466198235,0.6133951259465417,max_bars
224,2040.3509509277342,2.693209542637057,9.356512832305867,6.0590260988148,max_bars
420,2378.6340490722655,4.411527613561143,-0.017477638640221026,-1.0,stop
21,554.2072622680663,2.9695140046912694,0.7773308539146688,-1.0,stop
96,549.8857745361328,4.862055241313298,2.358798140428428,1.883778283156969,max_bars
196,616.0147622680663,3.5737393998500178,1.1780844881793504,-1.0,stop
260,622.0949999999999,6.421041092749085,3.976845895556288,2.7601713098743943,max_bars
400,683.4,5.158029790157665,1.5489372430028576,-1.0,stop
21,207.20084815979,6.168338645500288,0.8551197088496758,-0.2027132429607063,max_bars
125,208.66815490722655,4.939974813817649,0.2941207469056577,-1.0,stop
154,212.83889877319334,5.459010368622331,0.6791605587962559,-1.0,stop
241,172.45800613403318,3.2866046494212804,0.8348598414214882,0.4872951351359521,max_bars
343,176.66894325256345,3.497466869752012,0.6329661716598042,-1.0,stop
21,277.4805061340332,3.164364246460125,1.089856873484906,-1.0,stop
150,250.44599693298338,4.07113591666299,0.6428015926343478,-1.0,stop
259,246.1244938659668,1.6351431339632683,1.295941938396469,-1.0,stop
397,242.40599693298338,2.5560383396080617,0.22175661963996662,-1.0,stop
21,149.72489570617674,5.18610412495964,-0.16418763477458978,-1.0,stop
108,144.16724693298337,2.758771202328612,0.7398976058927882,-1.0,stop
150,143.61449386596678,5.650191458767325,0.6969640374261785,-0.7744773905455831,max_bars
259,139.32315490722655,1.710521461710519,2.906589146989039,1.572225222989453,max_bars
361,144.81044631958005,2.7003938752220655,0.539464906133611,-1.0,stop
397,144.54915184020996,2.97417991422212,0.35840662413202956,-1.0,stop
21,679.0282745361327,3.037907388490127,5.864371662550251,0.7597221081846102,max_bars
147,694.3042254638672,3.4717076999973324,0.962312036031898,-1.0,stop
224,700.4849999999999,4.77312322277153,1.9848946121210491,1.6693574821316004,max_bars
407,688.8270245361327,2.0073289873381612,-0.09597325387432035,-1.0,stop
496,645.7125,2.3326907231836893,-0.1668044391928764,-1.0,stop
133,4229.04,2.885761307530786,-0.31989511635529166,-1.0,stop
175,4147.433803710937,1.3823899010368226,7.038899524550601,2.2999734371049163,max_bars
21,1547.1974999999998,3.393073529922636,1.4591642950591763,-0.06090760561923147,max_bars
259,1509.7109509277343,1.6103033828252,1.9863105194740047,-1.0,stop
385,1440.1649999999997,1.2890900982916706,10.61323415349938,-1.0,stop
21,1216.3515490722655,3.966910185063715,4.6246875449764,3.9241912422454184,max_bars
201,1273.1340490722655,2.021313048453571,0.07639405572129214,-1.0,stop
228,1262.28,3.2623526011710933,3.99999762855289,2.538124984511485,max_bars
355,1380.467975463867,2.3374699642090104,0.0319828858065229,-1.0,stop
403,1284.8925,2.700035125749814,0.21063460076335186,-1.0,stop
469,1186.1009509277342,1.7790181275235986,-0.1753914563540961,-1.0,stop
40,417.47699386596673,2.533552776534115,1.618891206103208,-1.0,stop
112,420.34124999999995,1.8892402550345873,1.203681605514872,-1.0,stop
277,396.0202377319335,2.7196180158913688,1.8783022967158634,1.2376484812456578,max_bars
23,240.39599693298337,7.078317554062481,0.6819469022318978,-1.0,stop
154,235.1599555206299,2.1942322234268437,0.7926511116264086,-1.0,stop
196,235.72275306701658,3.8489110840958025,0.18817204079544791,-1.0,stop
252,234.51675613403316,2.3523931615701574,6.069371756240401,0.5407605109754736,max_bars
405,233.07959815979,2.9430276151343886,0.8995283389101523,-1.0,stop
469,232.02434509277342,2.8722608740721403,0.07137309730629574,-1.0,stop
98,1794.527975463867,4.4818470916921616,1.1808328527413054,-0.332321165219931,max_bars
227,1760.7599999999998,3.5984447389727885,0.5924883726826643,-1.0,stop
292,1779.3524999999997,6.016371189625145,1.8733576131954226,1.3502495536696222,max_bars
394,1973.417975463867,2.9602434046003525,3.9471074220768605,-1.0,stop
21,525.8662499999999,2.9886413329464574,0.1166793283943232,-1.0,stop
55,556.77,9.459919517302362,0.05562962875579291,-1.0,stop
175,498.6810122680664,1.8410591224057173,1.2328692524792146,-1.0,stop
197,512.55,4.5751622078791,0.019189770453097926,-1.0,stop
242,509.53499999999997,2.2049539692133564,4.901194103863628,3.0453905496059037,max_bars
22,1993.1159509277343,4.034687481098533,3.019100081490016,2.023031466303907,max_bars
185,2165.1719018554686,3.8321183926546363,0.7921713295488213,0.5607684155075157,max_bars
284,2240.9490490722656,2.8491924634542,0.7932949165282521,-1.0,stop
21,1834.1249999999998,2.242213589586303,2.2705167173252434,2.037082660524332,max_bars
119,1922.5649999999998,1.8810794738246734,0.932809943365292,-1.0,stop
238,1926.5849999999998,1.7691926387883126,2.7406483790523946,0.07378540665799421,max_bars
56,1506.7965490722654,4.7449338988837475,0.20984942905774015,-1.0,stop
119,1484.8874999999998,2.6929633110883704,-0.7499216978949081,-1.0,stop
130,1499.3595245361328,3.725559055184874,2.888324381124639,2.2008874102118074,max_bars
239,1638.4515490722654,2.28578923151383,1.0239496284082497,-1.0,stop
316,1595.9399999999998,7.402530870325628,0.4338917585745411,-0.7198240285559095,max_bars
441,1540.9665490722655,2.7882856443660877,0.5802996954645178,-1.0,stop
40,393.20624999999995,2.7736746826967433,2.791400327497847,-1.0,stop
147,389.2364877319335,2.424361599281438,6.068299966984201,1.1830134304833764,max_bars
252,410.3917561340332,2.5808920824435964,2.3186171829103643,0.04798422190567547,max_bars
361,420.7935122680664,2.933386495077826,1.4830877583285724,-1.0,stop
98,658.275,3.1407883352797055,0.37363922021517876,-1.0,stop
190,647.3707745361328,1.8568646319890902,0.08145889918479683,-1.0,stop
245,650.2349999999999,2.835130715361547,0.5541093269867924,-1.0,stop
378,613.05,2.4386305218273314,1.5183921692226645,-1.0,stop
58,419.6880061340332,1.7127023000360855,1.7267653557938845,-1.0,stop
98,423.75824386596673,2.9635368375057625,0.6244320419084926,-1.0,stop
161,421.74824386596674,4.457216344665939,1.3433048699572867,0.2527767622107445,max_bars
277,431.5469938659667,1.9805476547060177,1.2756553370746344,-1.0,stop
21,266.47574386596676,5.038260000490661,0.7689887708896818,-1.0,stop
175,241.80300613403315,3.8887077492893503,-0.0003193744939882038,-1.0,stop
224,236.12474693298338,3.9914283052322834,3.8903166313483197,3.6229334609374395,max_bars
323,274.15395858764646,4.013790188495176,0.7284696984284309,-1.0,stop
402,242.1949555206299,2.021079447484665,0.003074839507224911,-1.0,stop
434,243.19995552062989,2.5493242822998634,-0.48547978597721064,-1.0,stop
469,240.13470245361324,4.595211036701043,-0.44719903011444456,-1.0,stop
21,4894.148803710937,3.3172060257002647,1.1416836408231048,-0.06127914836728026,max_bars
152,4939.67559814453,2.969336654407538,0.752166026599452,-1.0,stop
220,4907.414999999999,3.2076969239405893,4.730076549248839,1.3536511768256034,max_bars
322,5185.2975,2.184975886147317,-0.24093647256117368,-1.0,stop
408,5075.249999999999,3.2461455100733785,0.4670725056904482,-1.0,stop
43,522.5999999999999,3.5495622286703443,3.4582187485399403,3.2318031451346063,max_bars
147,589.6837499999999,4.185930170197148,1.6130551476173678,-1.0,stop
242,591.4424999999999,3.4986494883272483,2.692160174655692,-1.0,stop
336,601.9949999999999,3.2383989900248165,0.6978699967139113,-1.0,stop
407,593.20125,3.5908935771692088,0.3097820717567102,-1.0,stop
21,1609.0049999999999,3.281844918326847,2.0565263738208683,-0.3599087667139402,max_bars
147,1628.6024999999997,2.4992271340574046,3.301949035415298,1.1595744029985249,max_bars
248,1696.138450927734,3.250822531472893,0.751953019364724,-1.0,stop
42,40044.225,2.8823756733960977,2.175290779527391,1.5168403041001552,max_bars
210,41838.149999999994,2.648659178285833,1.0168749717998595,-1.0,stop
271,41923.575,2.1910702987519484,7.8996543559317685,7.4152083390033745,max_bars
21,305.2185122680664,4.117875510953072,1.2954182227832678,0.2929129368774295,max_bars
131,314.7157438659668,2.7376252794396185,-0.04825542332659431,-1.0,stop
175,312.65550613403315,1.9208080842095427,1.531010113008332,-1.0,stop
259,321.90148773193357,2.31483103026464,0.8117217126841433,-1.0,stop
349,315.21824386596677,2.4485397073808413,1.4098754103289544,-1.0,stop
21,513.1529754638672,4.2683130589017555,3.661466007409338,0.1505291711896908,max_bars
120,521.5447622680664,4.054257640251004,1.1234564081027585,-1.0,stop
147,539.6347622680663,7.326206339707891,0.961565615524981,0.6415933773907448,max_bars
245,568.7295245361328,2.0360293641366245,4.380196652377625,1.5260157771620977,max_bars
351,606.015,3.938017307482073,5.358690770646301,2.723028136609225,max_bars
21,5243.084999999999,2.40478649497384,0.4395050957687338,-1.0,stop
105,5302.379999999999,3.496165872683573,1.0498435645700839,0.8097960945085858,max_bars
238,5537.549999999999,2.845121037281818,0.2345287210409434,-1.0,stop
283,5527.499999999999,2.9398462234282974,0.9876923076923152,-1.0,stop
21,4075.7774999999997,4.143444966175158,0.8510453843176258,-1.0,stop
141,3839.0999999999995,5.238206871402138,0.14122327200398063,-1.0,stop
252,3572.7749999999996,1.92497428469466,1.4151231938386115,-1.0,stop
292,3601.518098144531,4.915096726453467,0.13265254853374697,-1.0,stop
361,3362.930950927734,2.302484114530308,0.6078841665808168,-1.0,stop
403,3333.0824999999995,3.8907707101834275,1.0712115774255975,-1.0,stop
439,3424.035,6.6890379333155146,-0.0861656566545496,-1.0,stop
21,322.60499999999996,4.046748254686447,0.6890078661643178,-1.0,stop
150,291.3494938659668,7.190505015642856,1.489319266447999,0.8831004207498486,max_bars
266,324.4642561340332,6.353319245742125,0.3024973532273368,-1.0,stop
395,303.6105061340332,5.355710590376979,-0.03754534810660213,-1.0,stop
21,763.7497622680663,3.960690236843444,2.388456381629346,0.8314201587146532,max_bars
147,785.4074999999999,4.820110860544516,0.253384320330973,-1.0,stop
196,775.8599999999999,4.293301911044667,1.6358437591456583,0.4650246145111864,max_bars
379,765.81,3.4290505748202813,0.7840828196016445,-1.0,stop
38,136.17749999999998,3.3320486940585217,0.015977959283270622,-1.0,stop
150,127.48424846649169,4.568599552056172,0.6379794473876952,-0.5347037812638648,max_bars
259,126.01694938659666,1.370409678599156,4.101487007619375,1.0498590287036054,max_bars
21,870.2797622680663,3.4046221845702473,0.9608670138162089,-1.0,stop
112,896.5102377319334,2.0312372544717956,2.4184044814674865,-1.0,stop
224,837.165,4.558838460757434,-0.13795298273123247,-0.43403706050209506,max_bars
350,829.1249999999999,1.6975742146276058,1.6252206153379407,-1.0,stop
427,810.1304754638671,2.114532903364548,0.2842609095354107,-1.0,stop
103,141.39345245361326,4.804639983118282,3.719253808213699,1.8998531721618799,max_bars
262,149.64449386596678,2.4421134907081585,1.3286418340166724,-1.0,stop
344,151.0515030670166,1.8281908652432233,4.026237813421901,-0.17074038239003342,max_bars
21,2437.1249999999995,3.7800687285223185,-0.21736664687923712,-1.0,stop
52,2421.849049072265,3.429156754255748,3.1096226062300696,1.9476579863512304,max_bars
168,2692.8974999999996,3.44600573708244,-0.322180354674695,-1.0,stop
231,2663.7524999999996,7.08596237826148,0.040515502278118995,-1.0,stop
336,2541.6449999999995,3.904758440153898,3.3518537105009134,2.6465291992343136,max_bars
21,1064.3954754638671,6.425757816572843,3.5119940097348796,1.0849328792409982,max_bars
175,1094.9475,1.9587697127031196,0.07238605898123311,-1.0,stop
196,1101.9824999999998,5.098307021379637,0.3189167442917163,-1.0,stop
263,1093.7415490722656,4.081546826505218,2.5370622512313745,1.93224486036882,max_bars
400,1130.6249999999998,3.8584853510226456,-0.08538625984956483,-1.0,stop
429,1123.9920245361327,4.80359498622021,0.4724396923993219,-1.0,stop
35,2445.0644018554685,4.6937149361077415,3.8403531701838416,3.2513192421997417,max_bars
133,2861.838098144531,4.697617097485144,-0.09103068079265449,-1.0,stop
161,2874.2999999999997,3.3155898827540526,2.1500519535349016,-1.0,stop
205,2812.8944018554685,5.6736702565894515,0.0720921528239167,-1.0,stop
225,2876.3099999999995,8.146201209188145,0.8641972123602312,-0.40335432193194726,max_bars
336,2817.4169018554685,1.5410180093288781,0.8656328880776079,-1.0,stop
352,2878.7219018554683,3.776742094656385,3.4508042453767245,1.6848307228086674,max_bars
469,3131.0775,4.6238859041935205,-0.051647561710925785,-1.0,stop
21,183.9652530670166,1.0084798219961566,2.4981791668560143,0.26667726274835846,max_bars
210,187.28175613403315,1.4319334065824774,-0.09760486942985937,-1.0,stop
266,187.8344938659668,1.3759420928357413,2.749284364341648,-0.2532415335954853,max_bars
50,1147.4084509277343,3.948766047972083,1.7941786747599895,1.5955403420395415,max_bars
156,1229.215475463867,2.6126826841168898,0.33269134812807766,-1.0,stop
231,1208.612975463867,3.3437523104930693,0.11102856568345522,-1.0,stop
302,1145.4990490722655,2.1649164982262694,0.17746513842858705,-1.0,stop
385,1110.2234509277343,1.6774528880861364,0.8900915428597633,-1.0,stop
445,1119.7709509277342,3.1051842253030757,0.4955012334311333,-1.0,stop
21,1236.3509509277342,2.7379726526948573,4.725099104065172,3.443007368836992,max_bars
147,1370.82,3.9990662523161276,1.5009116305351617,-1.0,stop
238,1355.745,2.193996658663679,0.1766683476214566,-1.0,stop
265,1360.5690490722654,3.033216158509606,-0.21975451352381903,-1.0,stop
344,1366.0965490722656,2.430027707832751,2.370835518663587,-1.0,stop
21,3370.7699999999995,5.481536859530598,2.674838989013377,2.491368174791643,max_bars
119,3862.2149999999997,2.5533250309407864,1.2552362478493686,-1.0,stop
238,3422.0249999999996,1.6956334334202596,6.824213700990996,3.198192118160303,max_bars
364,3622.5224999999996,1.966101002046905,-0.14774133474578882,-1.0,stop
42,1207.0049999999999,4.30859855592975,7.506874808461945,6.364676473416037,max_bars
161,1597.9499999999998,2.568914896332008,0.7856265615642225,-1.0,stop
194,1638.0495245361326,4.154302023035783,0.16385752452718333,-1.0,stop
306,1281.3749999999998,9.956098033118705,0.6453065465881557,-0.4834416808440192,max_bars
420,1270.8224999999998,4.518528400774874,1.4641919136390065,-1.0,stop
21,31.305749616622922,2.4140944996285354,4.200130111018255,2.0962606382584874,max_bars
150,32.602198619842525,4.055548365355625,0.4899428171023662,-1.0,stop
259,31.426350460052486,1.5794075596135124,0.5916163225031069,-1.0,stop
364,31.496700153350826,1.4182467182764735,0.07454771655996716,-1.0,stop
21,171.03089263916013,1.9183041078328085,1.8284981558166586,-1.0,stop
175,164.7697469329834,3.495637113826554,0.7327152710630471,-0.019053470141497813,max_bars
322,166.3275,3.804241631720543,0.736863768180809,-1.0,stop
420,148.9510567474365,3.626059333594918,0.797795763972307,-1.0,stop
21,210.06510429382325,5.234137771985865,2.579776100235547,2.4724562030992803,max_bars
119,236.27550613403315,4.150030222670482,2.881492885374354,0.12283810004199452,max_bars
231,247.9435567474365,3.970077211543703,-0.33255871757137273,-1.0,stop
258,234.1549555206299,6.638746925391792,0.6249641541342774,-0.5818579058275559,max_bars
369,230.1048067474365,2.9355321774459866,8.415526742562498,5.321427372972392,max_bars
21,931.0320245361326,3.601597329891976,1.4752457135584833,-1.0,stop
168,928.3185122680663,3.7022314654768684,0.7705158932706961,-1.0,stop
271,886.8120245361328,4.517532851123451,0.31670829447033144,-0.06395144942867424,max_bars
409,905.1532745361327,1.8895459171739653,1.5082912459039068,-1.0,stop
28,763.6995245361327,2.4878256066273767,4.497510167513394,3.186948928742897,max_bars
126,846.7627377319335,2.918497571723363,-0.7996980417291982,-1.0,stop
148,828.1199999999999,3.7035680569203313,1.5154872541747018,-1.0,stop
281,848.7727377319335,3.3781436268340257,0.6949897039438361,-1.0,stop
329,833.1449999999999,2.255912765972594,5.674639491990764,3.291030574757888,max_bars
30,484.40999999999997,2.3554427034949668,0.9281332164767839,-1.0,stop
112,481.3447622680664,2.09719998208779,0.11443932023917318,-1.0,stop
238,444.6622622680664,1.8468511402670609,2.6165461924219118,-1.0,stop
371,439.23523773193347,1.9545890443081186,-0.3593658950849914,-1.0,stop
420,417.07499999999993,2.3556914224060264,0.5979656190362794,-1.0,stop
91,1166.8049999999998,5.031262671488582,-0.001789435047057324,-1.0,stop
147,1143.5895245361328,3.04212962444888,2.552797881270956,-1.0,stop
176,1259.6670245361327,12.540383314584933,0.5971685963083209,0.33888661412559223,max_bars
302,1345.695,8.21843169619137,1.2957635369153049,-0.16904015437445613,max_bars
406,1386.8999999999999,4.427139663998838,4.671008976740648,-0.1433228731931978,max_bars
21,681.3397622680664,2.80179777039868,6.394016878365236,6.07709052050034,max_bars
144,818.8739877319335,6.933180562157699,0.46722145713282554,-0.3465313579443715,max_bars
252,807.3164877319335,1.4017411887283457,3.8866741256582613,-1.0,stop
350,818.0699999999999,2.7711535181509452,0.04102342309432888,-1.0,stop
458,765.7095245361327,2.5021938645429267,0.4614132050969477,-1.0,stop
21,1585.2870245361325,6.307184387462233,2.5854669816889877,2.566464262578741,max_bars
119,1828.7984509277342,2.3566566197601304,1.0696793101263522,-1.0,stop
224,1755.1320245361326,5.20370971705937,2.1599007176698395,1.4941968570361261,max_bars
361,1905.3795245361325,4.355011642222381,0.10509163151111266,-1.0,stop
429,1859.6520245361326,2.6968499415175464,0.16645340923082966,-1.0,stop
21,1544.785475463867,6.718439363414028,1.6882374316156992,1.4483192320528762,max_bars
224,1550.6145245361326,3.8316791455330623,1.773731081392644,-1.0,stop
326,1623.0749999999998,3.2946736542712025,-0.16409438364963555,-1.0,stop
427,1516.0424999999998,3.017227496714294,0.5456091521248805,-1.0,stop
21,456.01874999999995,4.367965987469667,1.3796678215663218,0.7822408975430319,max_bars
180,472.6514877319335,3.237370880147572,0.5390658476648256,-1.0,stop
260,419.085,2.6450481405919994,0.10509697789806344,-1.0,stop
301,418.0297622680664,2.7581199495247457,0.40506038462735394,-1.0,stop
56,1371.925475463867,1.8386949395675436,4.676792743120384,2.1476065074004542,max_bars
192,1461.872975463867,3.958823812684779,-0.004717225539924517,-1.0,stop
238,1454.9384509277343,1.7140553892044288,1.4259726546494254,-1.0,stop
21,777.9704754638672,3.7110019966651744,2.616148832042638,0.4149403991554,max_bars
120,794.9047622680663,3.057572156541248,0.5655372468709203,-1.0,stop
169,780.3824999999999,3.5152617841851517,0.27403728275746747,-1.0,stop
238,739.4287499999999,2.566675665906779,5.523088581730377,4.980376631898562,max_bars
395,843.3960122680663,3.2245824814726607,-0.08810164225213243,-1.0,stop
416,846.059225463867,3.369650352227718,1.008121039954697,-1.0,stop
37,455.66699386596673,2.6372329203675275,0.4895559575552987,-1.0,stop
113,444.1597622680664,2.5463261477803414,-0.058335675718135784,-1.0,stop
189,432.6525,1.8149697984020159,0.06972446429832191,-1.0,stop
325,412.45199386596676,1.6734083422181216,-0.15966195201744263,-1.0,stop
349,410.5927377319335,2.044051137207788,-0.3208425948709309,-1.0,stop
21,1443.5820245361326,3.3307441987290507,2.2340568330924797,1.872174724717721,max_bars
252,1414.5375,2.0174438641605406,4.287780093353061,2.7459491691305447,max_bars
361,1531.720475463867,1.8685197682208947,1.6135130115531935,-1.0,stop
426,1546.0920245361326,2.599586537168041,0.6396303795260894,-1.0,stop
28,1422.0749999999998,3.0430850111193024,2.3414243498884773,-1.0,stop
126,1500.2640490722654,2.510496302942047,0.5877212232456092,-1.0,stop
156,1530.212975463867,2.62793324253945,0.9620538769869786,-1.0,stop
224,1495.1384509277343,4.135964937644307,5.513750567309006,5.039936145154041,max_bars
337,1828.4970245361326,2.0889821091011997,5.031888600422608,-1.0,stop
35,439.8885122680664,3.077713053870444,-0.442332285319804,-1.0,stop
64,449.33550613403315,10.133968431037271,0.617419260771742,-0.2181925801992867,max_bars
182,448.12949386596677,4.246426094003704,0.46877215184970866,-1.0,stop
280,438.8835122680664,3.7329978935411643,2.7476697848336795,0.7822803638964485,max_bars
380,466.92300613403313,5.551880244382684,0.33472198110892953,-1.0,stop
21,2101.655950927734,2.5530320937662827,0.03809456749529992,-1.0,stop
84,2013.0149999999999,1.8437505724466718,1.939513602355022,-0.3264174472615766,max_bars
189,2056.5315490722655,3.3615591596146133,2.247431313567142,-0.6239053003886729,max_bars
21,453.4560122680664,3.2761736006641464,2.5305573455272663,2.0761956600759803,max_bars
161,472.8022622680664,3.479732961857692,3.5495283658901995,3.3276728113962792,max_bars
301,516.4695245361328,3.3728101883280432,1.5603457358644242,-0.4058391875675267,max_bars
463,500.6407438659667,3.1041695972335246,-0.38870341001741215,-1.0,stop
21,1373.5334509277343,2.7253413680251373,0.9153998550097222,-1.0,stop
133,1310.117975463867,4.0544421539640165,-0.2940242983185778,-1.0,stop
147,1325.4945245361328,5.688031716055574,0.5319409905389575,-1.0,stop
238,1278.5609509277342,2.5154003405418788,9.18316433952171,9.099209256914254,max_bars
336,1542.4740490722654,6.7666664180901215,0.6843267964544221,-1.0,stop
21,1935.3284509277341,3.6339284370061806,2.0556609666345413,1.2935248352600346,max_bars
168,2090.098450927734,2.6122430215428105,0.17219442882564026,-1.0,stop
238,2045.1749999999997,2.9422910019924817,1.384711258828426,0.5986697328105627,max_bars
44,3499.41,6.0813080588942094,1.3485740051709523,0.6996387253992752,max_bars
147,3703.4249999999997,4.0536787209643705,1.0749382269131957,-1.0,stop
225,3636.6930981445307,4.314167983997709,-0.19435626438211573,-1.0,stop
260,3465.24,5.377408134970444,3.3270345941083708,-1.0,stop
357,3485.9430981445307,4.387423828746316,0.18802321501404898,-1.0,stop
383,3529.9619018554686,5.659039849087093,1.8478904242653587,0.09530392589470897,max_bars
21,9179.669999999998,4.6207543408423,1.7771883914468374,-0.0687695970955005,max_bars
136,9285.697499999998,2.527516107432947,0.5104549473258231,-1.0,stop
190,9362.0775,3.381487709325195,4.415735483412447,4.14250065149925,max_bars
337,10714.304999999998,4.10017261968927,1.877272054722813,1.0145457028715907,max_bars
451,11597.699999999999,2.4461746725643785,1.4145223827987399,-1.0,stop
21,1321.5749999999998,4.280876983901771,4.921343349536035,3.9580203269995744,max_bars
119,1596.945,2.94593587042368,-0.9999999999999989,-1.0,stop
196,1517.5499999999997,3.2453593734555524,0.47411264089531396,-1.0,stop
224,1529.61,4.779649714633136,1.4278484475448001,0.4348245713864409,max_bars
420,1420.165475463867,3.933726569257349,0.8562455782898988,-1.0,stop
28,4044.6224999999995,2.977349525898264,1.691355204399497,-0.8023621899741215,max_bars
145,4060.803098144531,4.944910976754381,2.386401934449042,1.8903931647807477,max_bars
279,4492.8525,3.402125932244603,1.0608102582555106,-0.08408432966421804,max_bars
385,4557.674999999999,2.3164201559731508,2.9772700994462356,0.6727469667103686,max_bars
504,4670.536303710937,2.794888963976594,0.034195056564086994,-1.0,stop
21,260.29499999999996,3.013889260937695,2.7029944870765594,1.5493954721034555,max_bars
189,265.67175613403316,3.6781336412060446,0.013122674888964299,-1.0,stop
242,253.10925613403316,3.263116551590632,2.1600939561191765,-1.0,stop
341,252.10425613403314,3.9682987443094593,0.6892814398812191,-1.0,stop
74,202.85925613403316,3.5045263743528334,4.073668277549574,2.520761990762186,max_bars
189,226.62749999999997,3.7054215717249392,0.88032158515289,-1.0,stop
236,228.10485122680663,3.2243291570741905,1.7464861389198678,-1.0,stop
283,207.9948067474365,2.9014186113296807,3.261945022012903,2.9951614761444763,max_bars
386,229.0394938659668,2.898845023368678,0.2500945989769836,-1.0,stop
409,232.95900306701657,5.2837662457677865,1.269070365260176,-1.0,stop
25,5756.639999999999,3.2421690430528822,0.802936133733399,-1.0,stop
98,5728.499999999999,3.168368682901267,0.06336088154270289,-1.0,stop
147,5594.3324999999995,1.820279720592216,0.9247293349372815,-1.0,stop
176,5629.5075,2.0784677878126945,0.3845266329081468,-1.0,stop
203,5614.9349999999995,1.9311888739584608,0.3971503665790598,-1.0,stop
252,5519.459999999999,3.6590536030698506,0.3641315111903435,-1.0,stop
319,5452.124999999999,1.9556594905655886,0.2801875732708199,-1.0,stop
423,5173.237499999999,3.9962885910418633,0.30358546465929553,-1.0,stop
21,887.4149999999998,2.8921079765385818,0.9637648320304986,-1.0,stop
63,889.022975463867,2.364728026617969,0.47457718595927245,-1.0,stop
112,887.0129754638671,2.707172964556621,0.7407250449185822,-1.0,stop
155,851.7375,2.0766388948509613,1.1257956563358231,-1.0,stop
217,856.6117254638671,3.1474821378617515,-0.7774621123156659,-1.0,stop
239,876.3599999999999,5.87201328060813,0.15623840319620422,-0.3344341964794944,max_bars
343,874.8022622680663,2.8237566073599485,13.358997521423783,8.598300701346425,max_bars
469,1097.057975463867,3.751665998545043,-0.04514375095455282,-1.0,stop
77,427.12499999999994,2.2534386889083864,2.9948064630682154,0.5168837510146228,max_bars
231,430.9439877319335,1.2980762669086263,1.2613577835546448,-1.0,stop
21,1677.1440490722655,3.2521996853221857,2.3165844215761964,1.6767344400230089,max_bars
169,1803.3720245361326,3.9466107046084753,1.1736063870225464,0.20131388560808705,max_bars
294,1857.2399999999998,3.3512093213585636,1.0870826544675902,-1.0,stop
450,1750.7099999999998,3.462025373366367,0.1895717958036249,-1.0,stop
21,4590.839999999999,7.345930207625387,1.0798247700499317,0.07549463901086371,max_bars
202,4245.12,6.3300942648558784,2.167608983237889,0.6868864551717196,max_bars
310,4539.0824999999995,3.6633547707603804,2.7652751326865563,-0.4467253503011724,max_bars
420,4610.94,3.4014735030980585,2.4602145176155634,-1.0,stop
24,1058.867975463867,3.755709002390771,0.6445389412294409,-1.0,stop
119,1049.2199999999998,2.4989992565905914,0.006865919682028345,-1.0,stop
127,1067.2095245361327,4.892153165408243,-0.06338881940554364,-1.0,stop
196,1040.175,2.3337395713161313,1.154479067246096,-1.0,stop
231,1041.0795245361328,2.7163666248997047,4.912402799435824,-1.0,stop
322,1022.8889877319335,5.258538589340282,1.783097648937416,0.06527423616926092,max_bars
56,1577.85,3.267100875994227,1.97769438206079,-1.0,stop
168,1578.8549999999998,4.981777859786035,1.2986451794493827,0.6489732722130171,max_bars
329,1513.2284509277342,3.7224007042120935,0.15039476101972343,-1.0,stop
367,1493.2290490722655,3.765601071530205,0.26091451987640674,-1.0,stop
21,1693.7265490722655,3.762505175771823,-0.16675269006450522,-1.0,stop
50,1680.36,4.008664809921678,0.1282660332541581,-1.0,stop
112,1591.8195245361326,2.9035671593275487,3.7144558820525404,1.9576245624874407,max_bars
259,1694.7315490722654,2.8341714607652135,3.24512265523453,0.7446858420557337,max_bars
378,1790.9099999999999,3.0102015176641963,0.16861435726210688,-1.0,stop
407,1795.030475463867,3.2662649381845994,0.4258797960623252,-1.0,stop
21,445.06425613403314,2.48599072640448,6.465479340437879,6.009055724444816,max_bars
124,519.1829754638671,3.0207029515663697,0.21787958094705878,-1.0,stop
149,523.2532745361327,3.411976858716344,-0.011386520341395312,-1.0,stop
255,477.62624999999997,3.051813464404705,0.9449434773367505,-1.0,stop
291,482.4,3.3893060130661867,0.2599382705449405,-1.0,stop
367,454.8630061340331,2.1463605302825326,1.6477523325527932,-1.0,stop
28,115.26345245361325,3.6468236943632526,0.296553600252551,-1.0,stop
56,118.01715030670165,3.319137788364409,0.4755615881984019,-1.0,stop
112,115.07249999999999,1.5924761660956996,0.23328758616313824,-1.0,stop
130,116.46944938659666,3.2106668738947497,0.1953625098077311,-1.0,stop
224,113.84639877319334,6.013715714304543,4.50654412592124,4.283069153168049,max_bars
350,145.6747469329834,2.8040210682308104,2.5155146626584752,-1.0,stop
427,140.6598067474365,3.0995376692838725,0.504654341454826,-1.0,stop
63,6831.989999999999,1.7050668985171067,0.30483303287837316,-1.0,stop
108,6693.299999999999,2.432283029297944,4.574324324324346,4.141277641277662,max_bars
227,7436.999999999999,3.475863923625106,4.783365570599634,4.547388781431351,max_bars
325,8612.849999999999,1.7108158159029656,6.763827621309882,5.515100101798501,max_bars
26,12066.029999999999,5.602754178466314,1.8253184030294574,1.8238391787346775,max_bars
124,13276.05,7.163651839214219,1.4688502181799092,0.5950791230744971,max_bars
238,14090.099999999999,2.619569768844782,1.3489569222433075,-1.0,stop
319,14279.039999999999,1.8001210165389205,2.7659508247743636,-1.0,stop
21,591.7439877319335,4.426576438801261,3.3865016676259256,3.203254061145307,max_bars
120,683.8522622680663,3.9193077151203735,-0.0448558145735274,-1.0,stop
147,669.3299999999999,5.039371373472343,0.6676536995493169,-1.0,stop
231,660.1845245361327,2.6559998713072703,0.6709907661462031,-1.0,stop
308,664.3552377319335,2.981123473426443,1.2973706537519392,0.9716988128557797,max_bars
25,4108.44,3.6665973257945748,2.127987944142741,-0.3096120969838881,max_bars
210,4032.361549072265,1.8614774327815318,1.2261725781143076,-1.0,stop
260,3987.035950927734,2.34851277330961,0.38408336977193896,-1.0,stop
294,4039.9994018554685,3.8093892818037665,0.376223276573956,-1.0,stop
29,2331.4994018554685,3.838705760946904,0.004474895697384719,-1.0,stop
36,2347.68,4.539796835333173,0.32013586124406707,-1.0,stop
94,2314.4144018554684,4.165822757505005,0.9188004742001854,-0.48347914969406164,max_bars
352,2234.718098144531,1.996582948217352,-0.16401890987255438,-1.0,stop
401,2255.22,3.0648851262293615,0.3541664606256349,-1.0,stop
59,1297.3545245361327,2.802204320297967,3.222308005910977,-1.0,stop
259,1159.9709509277343,1.4802872508036655,2.802940950860021,1.492584635887382,max_bars
434,1159.77,2.109896890924492,0.8961992207438757,-1.0,stop
21,1417.9545245361326,5.187366650290324,0.7102954482599511,-1.0,stop
112,1445.3909509277341,6.9455914929657965,5.773518865156425,4.6817872441975545,max_bars
245,1973.5184509277342,5.448059068167854,-0.026214103082210585,-1.0,stop
315,1837.3409509277342,3.0446677022805844,1.5258774847656416,-1.0,stop
374,1878.3449999999998,3.5214536641631224,2.7599178710731893,0.9230475371287709,max_bars
472,1958.5440490722654,4.781308069254848,-0.15744731495635042,-1.0,stop
21,7390.7699999999995,2.3782366384016758,2.043750355578325,-1.0,stop
112,7306.349999999999,2.1878229211576157,2.687832342821413,2.303096653112308,max_bars
211,7774.679999999999,2.4332834277423556,0.03340733692779615,-1.0,stop
226,7827.944999999999,3.2313078336651424,1.3325228804680962,0.9727608768704775,max_bars
21,746.1120245361327,4.43794275487235,-0.027543236690533966,-1.0,stop
105,727.1175,2.457305731191995,3.4102413764079484,1.7591989809972834,max_bars
243,778.8247622680664,2.288674311812803,0.29033978990032955,-1.0,stop
266,786.7139877319335,3.0587943894637553,1.6595785222324848,-1.0,stop
343,797.9699999999999,3.2231788162462145,2.621696128073982,-0.7453348447523792,max_bars
21,297.98249999999996,3.350028944652777,3.623089796792845,3.2073628850488527,max_bars
123,332.655,2.8422803784607846,0.5758871637639671,-1.0,stop
239,334.1122622680664,3.1313631833086926,0.35247858245723285,-1.0,stop
350,300.49499999999995,2.0616024250091343,1.0742503281803286,-1.0,stop
442,295.97249999999997,1.6462657498532274,1.2165215641955451,-1.0,stop
26,553.9057745361328,4.541525958489854,0.8782963701686876,-1.0,stop
98,542.5995245361328,3.6121529138619075,0.5663651508705801,-1.0,stop
259,428.4314877319335,2.7965907894237,2.3009279792600195,1.6332305839456533,max_bars
364,458.28,3.2905620565961127,-0.4197608035147171,-1.0,stop
420,424.4114877319335,4.208533570666797,1.8133135611069133,-1.0,stop
21,615.5122622680664,3.31630869658271,0.121874524430994,-1.0,stop
56,618.0247622680663,2.916511338788091,0.5672883547567958,-1.0,stop
189,587.8747622680663,3.0916023662787424,1.0247864575515888,-1.0,stop
261,584.91,3.301366776779756,2.943548841844369,2.4412184460336195,max_bars
394,622.0949999999999,4.017879007878607,1.244448162632378,-1.0,stop
49,403.9597622680664,1.3515609172092076,2.7181083710734457,-1.0,stop
87,412.20074386596673,4.682366603335942,1.1061354590240584,-0.21764666516113512,max_bars
227,419.5372622680664,3.1552082891363424,-0.021701013196243825,-1.0,stop
285,408.9344938659668,3.2852434968154314,0.5370875972333,-0.5608324395881656,max_bars
28,1755.735,4.256621870612587,2.2648692045226513,1.1623064907464755,max_bars
189,1826.2859509277341,4.094974880015019,2.443160069580758,1.9711456284962883,max_bars
294,2019.0449999999998,3.0185074831943988,0.05669043590050207,-1.0,stop
21,347.72999999999996,5.659566964895527,-0.12093457419879226,-1.0,stop
77,341.3985122680664,4.8033344255437935,1.8386714009183485,1.5124237817147645,max_bars
175,348.83550613403315,4.8118720846652865,1.3025815246651269,-1.0,stop
221,331.0469938659668,3.8807123752759334,0.8058702273710094,-1.0,stop
266,324.71550613403315,3.0843904087745635,0.9969060084076078,-1.0,stop
350,327.02699386596674,3.708256565038379,1.0285318846723517,0.4513075078589997,max_bars
448,336.37351226806635,3.767686693158883,0.996290501528775,-1.0,stop
21,2559.7349999999997,3.462659312145581,2.5866221312102278,0.8265931147062032,max_bars
135,2703.45,2.0917752374280942,0.7347467417752193,-1.0,stop
173,2746.5644018554685,4.571689699707834,0.4175992348921277,-1.0,stop
238,2753.1974999999998,2.6586360041369996,3.9550865968356317,3.4714648564244115,max_bars
360,3049.873450927734,2.39267463906696,0.30321328072459997,-1.0,stop
449,2808.975,3.8047651667868143,0.009590652038241295,-1.0,stop
21,239.69249999999997,5.983705746522888,1.7645118193986742,0.23130527583136143,max_bars
224,228.0344938659668,3.6900113689489165,3.0109341040541695,1.8225091843344148,max_bars
364,247.68224693298336,4.551090524434722,3.7097986675880343,1.9266570496767776,max_bars
21,3663.1244018554685,6.309488199155833,1.0374304857616143,-1.0,stop
150,3483.028450927734,3.6843942437988866,0.646555903249212,-1.0,stop
176,3525.5399999999995,3.5778943837326915,-0.2104009786985009,-1.0,stop
256,3244.743098144531,5.231326271765446,2.872910943241971,1.1155505088665676,max_bars
445,3212.9849999999997,3.0403176850148594,0.3215940834988665,-1.0,stop
42,1422.0749999999998,3.1626337861267744,1.3768752948278173,0.1250683294819158,max_bars
161,1462.2749999999999,3.3081995921380973,0.7178298196411869,-1.0,stop
242,1423.180475463867,2.823287429570074,0.46588669581646897,-1.0,stop
303,1405.7940490722656,1.9557630267594934,0.15297704555126168,-1.0,stop
459,1345.695,1.7756587615971626,0.6698047238829802,-1.0,stop
21,2806.3619018554687,2.72102831088823,2.8199670789234696,1.9242337265351077,max_bars
120,3000.7290490722653,2.490363103438788,0.17758757929465077,-1.0,stop
154,2989.975598144531,2.554385411562449,0.10113652909586597,-1.0,stop
189,2973.7949999999996,2.1116115939397178,1.0065291822597442,-1.0,stop
231,2974.7999999999997,1.9967761750789879,3.218849926922359,2.6632952847234144,max_bars
329,3146.6549999999997,1.8735784135256248,0.04486551840260895,-1.0,stop
21,246.92849693298336,3.7575667254869964,4.404966048856019,3.887642535128964,max_bars
126,289.23898773193355,3.246098218653574,1.1461319974783823,-1.0,stop
208,290.84699386596674,2.4916839146671044,0.4626775221613541,-1.0,stop
210,292.60574386596676,5.743481262861396,1.6122016899077307,1.4545161682000634,max_bars
313,320.84624999999994,2.3052280626526542,1.6364755360540002,0.27091558703271906,max_bars
439,326.42398773193355,3.1627521311014073,-0.3558692628646756,-1.0,stop
21,395.8694938659668,1.975273718779049,0.32361379438732063,-1.0,stop
64,389.2364877319335,2.2830546232186673,-0.03786581118595324,-1.0,stop
73,394.5630061340332,4.1851410508199045,2.206561702614689,1.5495039873371657,max_bars
182,428.38124999999997,2.271634461946127,5.242770650959742,4.980729680519399,max_bars
287,481.7969938659667,3.98445569541922,0.734646508349752,-1.0,stop
29,923.5447622680663,2.224555117134972,6.5298973603765,-1.0,stop
113,896.2087499999999,2.5227129744116423,-0.33211609154268606,-1.0,stop
232,827.8687499999999,1.8624616272771035,0.4689894648338423,-1.0,stop
259,834.501725463867,3.2117025572281195,0.615567907097321,-1.0,stop
373,902.4899999999999,13.456106129378847,0.14089240667045191,-1.0,stop
74,326.62499999999994,2.227323045230561,1.3573894549619119,0.07903954494163672,max_bars
182,332.30324386596675,2.4535571409501364,1.453009545256188,-1.0,stop
186,337.27800613403315,3.8923416288021295,1.932660276616912,1.1328438375395735,max_bars
330,358.2322622680664,2.381764837989503,0.6818512682217962,-1.0,stop
385,349.84050613403315,2.355501974765715,0.8627517804343204,-1.0,stop
21,1045.0995245361328,2.860924881041585,5.301104891116717,1.6087361595167422,max_bars
154,1068.5159509277344,2.0136293622058923,0.3478372439778442,-1.0,stop
252,995.4524999999999,2.697519410927419,14.08424469082714,11.78464711676582,max_bars
385,1305.1934509277341,3.3323412498694256,0.06452801195626168,-1.0,stop
21,218.95934509277342,2.447641130360095,1.3417044187956406,-1.0,stop
74,227.2807438659668,4.782956980406665,0.9428295333277472,-1.0,stop
155,215.01974693298337,4.636664317316349,0.7151885794105804,-1.0,stop
224,211.55249999999998,2.960261265580491,1.7401174076367398,0.35888233808694486,max_bars
322,220.89900306701657,3.544151686561775,-0.8058513424189572,-1.0,stop
427,181.90499999999997,5.989393086041636,-0.0518589607379117,-1.0,stop
470,187.73400306701657,10.836611026775907,-0.3801613089374503,-1.0,stop
21,443.7074999999999,4.430286214912129,5.852342798436667,5.760775372507515,max_bars
120,561.5437499999999,3.9611806216401098,0.15538063965220728,-1.0,stop
193,562.6492254638671,2.6480486934970284,0.8692230447467206,-1.0,stop
225,556.5689877319336,6.426696551082838,0.47613821697741343,-0.542899252173867,max_bars
462,537.675,1.929606585210621,1.8626484108523143,-1.0,stop
21,3718.4999999999995,2.6462256916431235,3.1117912099363543,2.293700967135282,max_bars
168,3984.121549072265,3.6173983975419897,4.620255993736587,4.016598868483395,max_bars
269,4606.919999999999,4.947340088388755,1.5337837837837947,0.12934320087641019,max_bars
380,4713.349401855468,2.7018875750084583,0.9874463010316988,-1.0,stop
448,4733.348803710937,5.141155106087941,0.6351011234737648,-1.0,stop
21,18079.949999999997,4.966551345551272,1.6181858678100183,0.9043376579987832,max_bars
170,18446.774999999998,4.481948741717715,0.3340993619787788,-1.0,stop
245,17735.234999999997,4.134340480969083,2.278621451512829,0.06105136825165714,max_bars
384,17652.824999999997,2.1119849089309906,1.8404747535707333,-1.0,stop
59,973.8449999999999,2.1302183010707356,0.6534108682404838,-1.0,stop
107,971.0310122680663,2.526285150334025,0.9913558825914777,-1.0,stop
168,977.3624999999998,1.766235599796619,0.6046327606909263,-1.0,stop
259,960.7799999999999,2.089967296672351,0.3471117648010088,-1.0,stop
288,952.7399999999999,3.8457527147030968,0.7085151449044333,-1.0,stop
361,928.3185122680663,2.883549570685257,0.5036316266682584,-1.0,stop
56,247.1294938659668,5.555589401614978,0.14352396241150767,-1.0,stop
112,242.9487055206299,4.737091747231548,2.6598385436866168,1.5024529345066362,max_bars
231,265.37023773193357,3.2973715099073084,8.666019653821701,0.22625296906004486,max_bars
344,270.94800613403316,2.8411377680428833,0.994023625890957,-1.0,stop
419,271.34999999999997,5.2330960396224775,0.13028249379225593,-1.0,stop
21,1067.5109509277343,5.143832510015523,3.9607573480254556,3.337931929992079,max_bars
119,1263.7875,3.844597990415708,5.252631716467042,1.6323621483047026,max_bars
259,1456.6470245361327,3.9369164074783143,2.4910289287307608,-0.7471531877490913,max_bars
401,1383.985475463867,4.876169342835631,1.2434460655926614,-1.0,stop
444,1380.87,3.9228927290856412,0.26084525130912795,-1.0,stop
21,172.04595245361327,3.0724105225332288,1.2153045544008534,0.5115529812406624,max_bars
229,174.28709815979002,3.9630548387723765,1.145619216527327,-0.22688226092302524,max_bars
358,174.58860122680662,1.4483211678453043,0.6609945643283042,-1.0,stop
409,174.97050613403317,1.7377291324303472,0.7595732355651138,-1.0,stop
26,674.7067254638671,3.7581883981512987,2.929921022756843,-0.25069261275722365,max_bars
154,682.395,2.8421955026047936,2.1967001804588833,-1.0,stop
238,577.4729754638671,3.6491666182088123,3.04547041363675,0.09856295514533069,max_bars
352,589.4827377319335,2.9742559709823526,0.520012581104656,-1.0,stop
425,575.7645245361327,5.421406740596274,0.6130316792902742,-1.0,stop
49,1439.3609509277342,2.7346129476671037,2.4526611072880793,-1.0,stop
154,1435.3409509277342,2.427364098071242,-1.0430527858757708,-1.0,stop
161,1446.0945245361327,3.9689364969187104,-0.2717072995239679,-1.0,stop
203,1421.3715490722655,2.84032342554036,0.667016757460985,-1.0,stop
266,1418.9595245361327,3.8802727752272914,0.7453840912626933,-1.0,stop
336,1316.55,4.219361209221066,1.1386147403802882,0.8991899189919009,max_bars
21,386.82449386596676,3.9486915423433926,0.456675580451868,-1.0,stop
54,366.825,3.1554555987187323,0.7019448990955793,-1.0,stop
133,365.21699386596674,2.770130616146524,0.4826547537866998,-0.4118820908792392,max_bars
259,362.3527377319335,1.794586034900758,0.307142980167564,-1.0,stop
336,358.13175613403314,1.7959155581262578,0.7569088448202823,-1.0,stop
431,360.79499999999996,2.049642069184879,-0.012844856601740133,-1.0,stop
35,7947.539999999999,3.3411596544339393,-0.12254274308955004,-1.0,stop
124,7786.739999999999,2.8348191926274526,0.7622542357524785,0.1755911932590403,max_bars
231,8023.919999999999,2.1363622767923807,-0.5303931863259815,-1.0,stop
442,7427.954999999999,1.9918672097501806,0.8248791862390691,-1.0,stop
67,2266.2749999999996,3.7363030675337123,3.6282888021857698,2.7307383132407996,max_bars
176,2537.4240490722655,3.3232108542064944,0.30211882678265944,-1.0,stop
231,2450.0894018554686,2.799465268635725,8.58602906882731,7.747707135051536,max_bars
429,2950.68,3.4595382197917037,0.8945933323141699,-1.0,stop
33,2192.005598144531,3.695501426323913,3.824358535453989,2.6046891411012103,max_bars
140,2444.863450927734,2.3544628669452212,3.841617086662218,3.4455312405082466,max_bars
320,2654.5065490722654,2.8067946978057012,6.238290533427427,4.004927848450837,max_bars
434,3012.99,2.9037600523068376,0.3521550900460071,-1.0,stop
50,2188.6890490722653,2.4347518324315356,2.0888109073094174,2.0625409737546128,max_bars
158,2322.3540490722653,3.244727008888578,0.044402419522286504,-1.0,stop
241,2236.225598144531,2.5679676220527043,0.553314721995899,-1.0,stop
277,2274.6165490722656,3.1836837699051608,2.888612636064354,2.471581844126082,max_bars
377,2496.2190490722655,2.087915779482007,0.7901320374383105,-1.0,stop
416,2484.2594018554687,2.486028705751952,0.1253347330443102,-1.0,stop
21,622.0447622680664,4.066389398704682,0.37380219793053765,-1.0,stop
98,596.2664877319336,4.061355188865144,1.0234137932194753,-0.7997218163930463,max_bars
238,570.3375,3.118769536814821,0.5235428263195439,-1.0,stop
279,581.7945245361327,4.605496168513463,1.3064409189135204,-0.5148262480840308,max_bars
446,574.6589877319335,3.0990574455791062,1.4734695258225612,-1.0,stop
21,104.36924846649168,3.0653188985771926,3.2134881935533417,2.913418178647365,max_bars
271,107.35409969329832,1.9692790825582052,0.10685489913544025,-1.0,stop
21,2318.8365490722654,3.908710078623387,-0.27402340387445545,-1.0,stop
63,2308.585598144531,1.459148659155422,-0.225187515478162,-1.0,stop
177,2114.720950927734,2.114744780303749,1.2763390919979893,-1.0,stop
224,2148.6899999999996,5.644833623553752,0.8204301360533295,-1.0,stop
252,2149.393450927734,4.3497642808779355,2.763897635870215,-0.4876636173313408,max_bars
47,301.49999999999994,2.686569188562378,3.8271576099856786,0.030864174274084052,max_bars
151,313.7107438659668,4.051740054971612,-0.04411621974256159,-1.0,stop
245,257.78249999999997,4.8810540093907795,2.604210597699089,-0.42777705527864873,max_bars
361,262.0035122680664,3.6272461333812096,0.3416092535432809,-1.0,stop
21,1043.8934509277342,2.9498676626843143,0.266502061463146,-1.0,stop
84,1043.0895245361328,2.213570742779803,0.026437384398578612,-1.0,stop
105,1049.7224999999999,3.4125662340225604,1.8752898373230762,-0.2323255288700508,max_bars
210,1077.36,3.4584562647640906,0.607621716733376,-1.0,stop
459,881.9879754638671,1.9090907720084216,0.5292834575795267,-1.0,stop
22,1072.6365490722656,5.391999865128616,2.610172928239268,2.2194170622948755,max_bars
127,1229.717975463867,2.5223689423822293,6.779349405255999,3.5231781208046185,max_bars
259,1330.1174999999998,1.8883670051705839,0.7875992600403273,-1.0,stop
409,1180.8749999999998,4.223563035884389,0.12280701754386393,-1.0,stop
478,1142.4840490722654,3.5697739441971583,0.13524758942091958,-1.0,stop
21,1704.4799999999998,3.9355096912804663,5.149374300251895,4.828863182859741,max_bars
119,2012.5124999999998,2.01799867508586,3.831029638344053,-0.2588490321835972,max_bars
231,2096.9325,3.425600223853767,1.122995444114698,-1.0,stop
324,2039.1449999999998,2.439501633573741,0.3207378728870218,-1.0,stop
361,2059.245,2.3039973957384814,0.7536102180919833,-1.0,stop
58,277.8825,3.8982347600267175,0.052389713132553715,-1.0,stop
112,260.79749999999996,2.433881863038476,-0.37770853892723505,-1.0,stop
147,255.77249999999998,3.507999080527487,0.13680695653404845,-1.0,stop
233,244.46624999999997,5.69250231810819,0.6096289452030649,-1.0,stop
316,242.5165475463867,5.837352988594473,0.9524534842102981,-0.2314506544588397,max_bars
448,248.23499999999999,2.306284566303735,1.167684149286407,-1.0,stop
47,761.3879754638671,3.143990190054142,5.63799011110647,4.886046438753319,max_bars
154,906.0577377319335,2.848354653041873,0.14888118912393966,-1.0,stop
238,856.2599999999999,2.383624648361757,0.3865759419977228,-1.0,stop
280,852.8932745361327,3.51664751236112,1.0037833626344348,-0.4732152158014214,max_bars
24,663.3,5.751541623087209,0.2188736502662508,-1.0,stop
110,627.3712499999999,2.81671144365775,0.9975956526947131,-1.0,stop
148,617.0699999999999,7.271458309911143,1.5685320114586734,1.2643192161032557,max_bars
271,678.2745245361327,3.5272663331351066,2.9123009932578046,1.7335948757156743,max_bars
406,711.4897622680663,3.210128812141439,6.940107576766546,4.85602167831158,max_bars
21,3147.66,2.3083814643258758,0.5262854712875079,-1.0,stop
105,3160.1219018554684,2.345539322769406,1.158606241809432,-1.0,stop
238,3142.233098144531,1.2708493631483404,-0.13104679542669428,-1.0,stop
261,3155.5994018554684,1.996429082924001,4.055611392037426,1.182563787771262,max_bars
384,3338.710598144531,3.286017009246088,-0.019236979143080035,-1.0,stop
21,1624.08,3.927143439478039,2.50737100078747,1.783006207102151,max_bars
124,1773.8249999999998,5.176666243851554,1.0255921589980979,0.012796079499050754,max_bars
259,1646.6924999999999,3.7464493218982833,3.115573601557126,2.5206864881772577,max_bars
362,1841.0595245361326,2.9308964881942403,0.32136109762398607,-1.0,stop
448,1701.2640490722654,2.1257178452721024,0.5125528727527666,-1.0,stop
21,202.00499999999997,4.853841762212708,0.6603767172084933,0.46353917767960606,max_bars
147,199.87440490722653,3.459371497100254,3.0249325818397037,-1.0,stop
308,195.27150306701657,1.7777811717193301,1.2900754467228839,-1.0,stop
355,200.78894325256346,3.6201888721328728,0.5793220659801406,-1.0,stop
427,193.3016963195801,2.4167876049282135,2.202264459792573,-1.0,stop
21,2673.2999999999997,3.5985449573093082,2.6850349258491986,0.9760919593903917,max_bars
201,2618.829049072265,2.513682559599891,0.26236211562201067,-1.0,stop
228,2641.14,3.977066809928662,0.1700306226633024,-1.0,stop
283,2607.7740490722654,4.132798587769012,0.883570319083798,0.37324338534188534,max_bars
21,4993.844999999999,4.282171352935451,-0.593163272463698,-1.0,stop
35,5020.477499999999,4.750095981906085,2.635563103437447,-1.0,stop
145,4638.075,6.38141690989796,0.340315357450536,-1.0,stop
252,4247.431303710937,5.766574811862005,1.2312378684145993,-0.1446581272957748,max_bars
361,4269.843098144531,4.9121945623581595,2.6468435207042256,0.4803831321052782,max_bars
469,4463.506303710937,2.1822800154601243,-0.08116737500532663,-1.0,stop
25,4297.279401855469,3.017707067016077,1.8308302540881616,1.139122383920234,max_bars
147,4455.6675,2.797953393066237,1.5114813215653757,0.7935716819239222,max_bars
252,4644.105,2.2804136574754352,4.77499397859888,2.364340321847132,max_bars
403,4847.014401855468,2.0015290612367607,2.5788520948648133,-1.0,stop
21,1171.7295245361327,3.1687815466537894,1.0037955352988854,0.23621282002730246,max_bars
126,1197.3570245361327,1.7168626639136038,1.7825080879768398,-1.0,stop
189,1200.070475463867,4.838922100922524,1.7466625462580392,1.3764227672953544,max_bars
316,1286.3999999999999,2.49533202517684,0.8909670873598912,-1.0,stop
358,1290.2190490722655,2.6831934865030047,-0.48871903665539224,-1.0,stop
21,779.8297622680664,3.1775876831153265,2.6259424681765506,1.570645357206399,max_bars
252,718.0222622680664,2.92780090155727,1.2761572934338028,-1.0,stop
350,681.2392254638671,2.934244640750996,2.2717638075712685,-1.0,stop
28,1133.6399999999999,1.8118648260525716,1.9406013934779327,-1.0,stop
112,1094.1434509277342,4.043658669816767,3.366749286748261,3.307984046557518,max_bars
217,1255.0440490722656,2.0831161007877665,4.771874314948495,4.1063293331966895,max_bars
385,1340.7704754638671,3.2049054944229445,0.6313539583902898,-1.0,stop
21,650.1847622680664,3.012187891609526,5.596957848150897,4.606394933487712,max_bars
147,748.6245245361328,3.6833600609397483,1.320981875275429,-1.0,stop
259,692.7464877319335,2.66280670716339,0.2305864137988479,-1.0,stop
302,681.3899999999999,3.5721117432059657,1.2514363315372,-0.231717221504541,max_bars
422,688.67625,3.038619380296617,0.7633366902365434,-1.0,stop
21,2494.108450927734,4.5430423066591805,3.0350048425354434,2.903506188705237,max_bars
119,2822.3415490722655,2.021070067259955,0.11672994046853236,-1.0,stop
196,2681.3399999999997,2.9216734916123914,-0.6783258721997036,-1.0,stop
252,2569.985950927734,1.493621132739154,1.9490018203130226,-1.0,stop
320,2532.298450927734,2.4404094590467182,2.616595507569553,-1.0,stop
21,778.2720245361327,3.03518556203397,1.9548720443767253,1.8088212362655207,max_bars
119,811.035,1.520894633766572,2.449536270901167,-1.0,stop
379,734.4539877319335,3.4520899293217346,-0.16383994434666913,-1.0,stop
21,566.5185122680664,3.657166363752294,1.712548969140156,0.18251664250740426,max_bars
155,576.9704754638672,3.8685603508324546,-0.09500255497516974,-1.0,stop
175,579.885,3.7740241599627495,-0.12497032606522739,-1.0,stop
319,542.5995245361328,1.2807788816275483,0.2446885714032271,-1.0,stop
344,546.4185122680664,1.787730033789844,1.738397221739478,-1.0,stop
21,533.9564877319335,4.289956291431889,0.7986166510296268,-1.0,stop
112,529.4842254638671,3.2832422651873596,1.2923069388047543,-1.0,stop
157,567.8249999999999,8.642627570114021,2.3469179826795763,1.8150794582590473,max_bars
271,679.7820245361328,3.9030194354194068,2.6088463535680164,1.6326666286175,max_bars
369,727.4189877319335,3.08199099968989,0.11512617335483313,-1.0,stop
392,729.37875,2.8625388387034816,1.1720637291953595,-1.0,stop
432,738.9764877319335,5.2067269217218985,-0.26968449454870774,-1.0,stop
21,4993.844999999999,2.495968631134914,0.6230103227703062,-1.0,stop
126,4973.141901855468,2.9989472409750353,1.5096890949548905,0.5790331025027483,max_bars
238,5197.960598144531,1.9173056735483165,7.4155480427125715,5.132804828370347,max_bars
84,499.23374999999993,3.562206640269939,4.403811994120476,3.439449857287403,max_bars
185,572.2972622680663,2.4807539050359404,0.08119508782026488,-1.0,stop
224,557.1720245361328,4.401154229250074,2.6436658976084404,0.42321030932120496,max_bars
392,564.05625,2.8465689370519303,-0.012846985694819662,-1.0,stop
21,172.7193006134033,1.9912666516665682,13.741363042192722,12.514369476564148,max_bars
120,218.4266963195801,5.689183844725001,0.8717762073405095,-1.0,stop
203,219.52214263916014,4.793203324575747,0.805715874758046,-1.0,stop
259,196.40714263916013,2.747938827377514,6.98384823618385,5.546050055483709,max_bars
364,230.94900306701658,3.3899293116053255,3.2891790767151865,-1.0,stop
441,244.22504447937007,2.548896855619533,1.5702627592500473,-1.0,stop
112,971.0310122680663,2.783743456857178,0.960710885496981,-1.0,stop
245,969.5737499999999,3.2409835338402595,3.760733261140919,2.0916138237134576,max_bars
349,1052.5365490722654,2.4451882708325208,0.359936264371017,-1.0,stop
21,519.2835122680664,2.26918667542509,0.9773381028432663,-1.0,stop
112,507.5249999999999,2.9801499637486915,-0.16694208139281608,-1.0,stop
147,502.34925613403317,3.712406000264089,0.32444949436746007,-1.0,stop
203,496.46999999999997,2.9145769130058152,0.14720152754081905,-1.0,stop
252,490.99273773193346,2.748052403842288,6.337280392376949,4.995819827031488,max_bars
357,579.3824999999999,4.441362240995791,0.2591079031903375,-1.0,stop
448,539.685,3.2861739334924445,0.18691865135167127,-1.0,stop
21,393.0555061340332,5.356878559246843,1.277314632181986,0.33931770756391527,max_bars
175,397.7789877319335,2.747500990621208,1.0999195048308814,-1.0,stop
236,400.9447622680664,3.428090688423948,0.0003819595803203811,-1.0,stop
349,371.5485122680664,2.448805407803836,1.1047418550333772,-1.0,stop
35,2219.643098144531,2.619479599811998,0.08181201812457191,-1.0,stop
108,2207.9849999999997,3.9712657093175308,0.3514291610623525,-1.0,stop
185,2150.4990490722653,2.5249533555392714,1.151049526502087,-1.0,stop
231,2191.8044018554683,1.45106022364698,-2.3897431988420013,-1.0,stop
21,567.6239877319335,2.2063923330721953,0.48914135475547355,-1.0,stop
112,537.1724999999999,2.051943386144563,0.7101399262781338,-1.0,stop
198,532.8510122680664,2.6650954069802246,5.316458551620038,4.489051323278016,max_bars
343,577.2217254638671,1.8054998991112479,5.208178928519727,-1.0,stop
21,1118.8665490722656,6.619779660546161,1.6219674283481247,0.9522992865776317,max_bars
142,1220.9745245361328,2.438590876871047,2.284683465709266,-1.0,stop
252,1208.5124999999998,3.2695152098137026,0.21480544131604407,-1.0,stop
357,1198.6634509277342,1.7322148679515776,0.5411714429181305,-1.0,stop
49,410.14050613403316,2.569972941680849,6.343104565475159,5.678999449044899,max_bars
154,477.47550613403314,2.403370641343815,1.1088405098979375,-1.0,stop
227,459.28499999999997,3.2082502600849745,-0.10078119964655878,-1.0,stop
265,461.29499999999996,3.27230683032954,3.210005908224099,1.3650222298346215,max_bars
427,487.87726226806643,3.941005219672965,-0.19125181954968284,-1.0,stop
21,36883.49999999999,3.6561063890357284,2.667037449017446,1.9736744530960488,max_bars
169,38697.524999999994,1.9187919640855435,1.484764822733257,-1.0,stop
239,38074.424999999996,1.9945803515089084,4.425157191296082,-1.0,stop
365,37184.99999999999,2.0034960333467606,-0.17449664429529255,-1.0,stop
490,34521.74999999999,2.293481645629184,2.3912219766340734,-1.0,stop
35,698.3242254638672,4.965344146090887,0.5616787622915212,-1.0,stop
80,676.5660122680663,6.875312036317181,1.1863435956672657,1.1164752000622216,max_bars
183,737.67,6.726586713168654,1.6440947184700618,0.2535267413379912,max_bars
296,775.6087499999999,3.166385398183185,0.7549759331418718,-1.0,stop
392,679.8824999999999,3.2774081424455606,0.15561412708468528,-1.0,stop
434,683.5004754638671,3.262684380973014,-0.13678923265868995,-1.0,stop
21,208.9394938659668,3.1489945408960986,1.3542854884673916,0.7919302943385107,max_bars
119,217.75334815979002,4.474490856418117,-0.287719332726661,-1.0,stop
229,200.88944938659665,4.539534127840631,0.4639038535396485,-1.0,stop
21,2006.6834509277342,2.1669336903015655,0.8811744520886459,-1.0,stop
108,1947.4890490722655,2.33577945375022,1.4841143594908774,-1.0,stop
168,2010.100475463867,3.0794741381127912,0.8804387816701145,-1.0,stop
232,2003.668450927734,2.1544707612552516,6.252984319043414,4.226041074161193,max_bars
342,2232.0044018554686,3.1677515048163416,0.6929643797968624,-1.0,stop
453,2228.688098144531,3.979385819772957,-0.06751917222193189,-1.0,stop
45,3338.409049072265,3.540881185103429,1.9024846966124895,-1.0,stop
161,3272.2799999999997,4.057721221900319,-0.9909628620886047,-1.0,stop
188,3195.8999999999996,3.7798398680731453,-0.1316226229616837,-1.0,stop
319,3121.5299999999997,3.2365538694165927,1.8803325744828319,-1.0,stop
439,3025.4519018554683,2.196428963709993,0.06844195602443405,-1.0,stop
21,1350.9209509277343,2.355502394121879,2.522832797607379,2.343707201655318,max_bars
119,1427.1,1.4715173718774024,0.19523554311344338,-1.0,stop
168,1419.7634509277343,1.955498354996565,2.083189327175009,0.9161865472109195,max_bars
361,1432.6274999999998,1.6143414809502001,0.8938514248459817,-1.0,stop
28,1752.920950927734,2.0777292272340238,3.848856800481254,1.0153242170887193,max_bars
126,1797.7440490722654,1.7212684008109609,1.2750743856098847,-1.0,stop
217,1636.5420245361327,4.041570526783,1.6412861850178826,-0.1593847255401499,max_bars
21,479.3347622680664,3.585128750159687,2.5729311311533207,0.2511079308787176,max_bars
147,496.1685122680664,2.895896075592722,2.458950311367536,0.973063145951378,max_bars
259,519.5849999999999,1.8543621915506834,0.10534269557438407,-1.0,stop
344,513.1530061340331,2.5924041896858427,0.9469288008019936,-1.0,stop
21,77.18400306701659,4.902572282824133,3.968284293222288,1.801266954805241,max_bars
154,84.39990337371825,2.535430909218473,2.5702579426598775,-0.13547483327175808,max_bars
259,85.71645092010498,2.4691321482227435,-0.007774316826260079,-1.0,stop
359,82.64115337371825,1.792266505418737,9.174528325333593,-1.0,stop
21,15.165450153350829,5.904537527950042,-0.028421261577833746,-1.0,stop
91,14.61269996166229,5.356299930948535,0.3031818171710721,-1.0,stop
295,13.125300421714782,2.7069853834605846,6.31775877172106,3.7565430674117652,max_bars
404,14.964450345039365,3.5046443575518103,1.574122248358351,-1.0,stop
21,77.48549846649169,5.259687147969692,0.9727649456177774,0.7224894104926631,max_bars
122,81.7065030670166,3.055453224446873,0.017423137830960146,-1.0,stop
192,81.39494785308837,3.1512349226676957,2.8597309420295094,1.3548257404412698,max_bars
306,85.59584815979002,1.735887407371308,0.8844484098089413,-1.0,stop
21,121.70549846649169,2.839229541829672,2.003909561375425,0.33700037530986243,max_bars
175,121.27334815979005,2.930031200594069,3.795476934349522,2.374285061014908,max_bars
403,121.24319938659667,1.9161497134726493,-0.16924961535320032,-1.0,stop
463,115.18305061340331,1.6001089272228546,-0.3814577062708293,-1.0,stop
21,84.99284969329833,14.357500450691646,0.8823474451757429,-0.8557712081594804,max_bars
137,77.28450153350829,4.83214410088588,-0.357345060330718,-1.0,stop
147,78.47040184020996,4.932309858652445,-0.031108738469948247,-1.0,stop
247,72.14895092010498,4.960503485690258,3.3336723972855307,2.8754377675247453,max_bars
368,83.31450153350829,3.2581399509369335,8.90973336090165,-0.3737326720786607,max_bars
23,373.1564877319335,4.249289630562629,0.027970761094145005,-1.0,stop
105,365.21699386596674,2.6058430518784097,0.2241269673506426,-1.0,stop
168,349.23749999999995,2.602099174205399,0.8376892424392105,-1.0,stop
240,342.85574386596676,4.478776902734291,1.832816200875159,0.3284927174187455,max_bars
378,346.77523773193354,2.9630828888297307,0.24084720301656204,-1.0,stop
21,166.56870552062986,3.3131688522298974,1.6346760616548712,-1.0,stop
175,155.27249999999998,2.4875598305499076,0.8588995425953962,-1.0,stop
259,154.14690490722654,2.0025749790374645,0.8367892290180275,-1.0,stop
343,153.765,3.033846386683811,0.45980846056967384,-1.0,stop
399,149.99624999999997,1.8575419626375913,3.393008426541141,-0.2678337544011635,max_bars
21,524.0070245361328,4.58143181522892,0.9015277943068291,-1.0,stop
106,513.5047622680664,3.6133550113696766,3.963687211252009,2.791480637277463,max_bars
231,578.8799999999999,3.0887230514095987,3.505032874327142,2.903802449271206,max_bars
350,643.5014877319335,4.025089706830002,2.374321310718273,-1.0,stop
56,1696.138450927734,2.9619295810547044,4.694843478190544,3.9802505479304187,max_bars
232,1847.5920245361326,4.459430018645131,0.6943389328130383,-1.0,stop
310,1777.8449999999998,2.753050776976469,2.0095004644385663,-1.0,stop
407,1786.8899999999999,3.961633028001857,-0.07896523864970419,-1.0,stop
441,1808.7990490722655,3.062751757118469,0.7040015595307857,-1.0,stop
42,525.5647622680664,2.580987775802902,-0.5797926941594866,-1.0,stop
52,528.8310122680664,3.5041485928787113,1.07759695378618,-1.0,stop
147,512.4494938659667,3.7856425472579414,0.46395605677777235,-1.0,stop
224,500.2387499999999,2.606502953433459,6.347336016269198,4.932320813111974,max_bars
343,572.2972622680663,2.6380084365952237,2.858318552352724,1.3282361514052023,max_bars
21,685.3095245361327,3.7296321765604006,2.349044128928438,1.9480194547209828,max_bars
119,736.1122622680663,2.2295852008315356,1.0106932247118632,-1.0,stop
152,752.4435122680663,3.7137023327953362,0.05570122026902138,-1.0,stop
224,734.8560122680664,2.892544434184329,1.060593396743154,-1.0,stop
337,728.4742254638671,1.9663291505864156,0.6021801908587484,-1.0,stop
21,396.1710122680664,3.5012719370068375,0.31208853676996046,-1.0,stop
110,383.35726226806645,2.9495396560900495,0.7068674111565751,-1.0,stop
169,384.6135122680664,2.7335249098640944,3.018640341169689,0.6122101822325151,max_bars
292,397.62824386596674,2.3459742150868013,0.10417405246429648,-1.0,stop
400,376.5232438659668,3.565048899671517,0.0802162828822781,-1.0,stop
21,2031.1049999999998,2.028697462018817,2.8805999066926846,-1.0,stop
127,1924.5749999999998,2.9344153599658274,0.9619300740051686,-1.0,stop
252,1774.3274999999999,2.492635909326907,1.138938971584378,-1.0,stop
467,1702.2690490722655,4.480434459748418,0.7805394256253753,-1.0,stop
21,859.3252377319335,4.011899177660433,0.7360284707231705,-1.0,stop
147,801.2362499999999,3.205828768609905,2.867827705733625,0.9601932042611959,max_bars
259,845.1045245361328,1.881958014345185,3.6779154141540027,1.9299845617190325,max_bars
361,888.2692254638671,2.169300130127149,0.3882239351114895,-1.0,stop
397,894.9524999999999,3.2350878957262954,0.405751220344755,-1.0,stop
21,4748.624999999999,3.9111342263549793,3.857179288315196,3.488354606759321,max_bars
226,5209.919999999999,6.207772864074673,0.9185579123121695,0.20277039144147233,max_bars
360,5221.98,2.5656934725908482,0.41812210777728814,-1.0,stop
21,924.2985122680664,3.7107613842095053,1.8281110049869982,1.7931237088135545,max_bars
119,983.1914877319335,4.118371246104833,2.3377386629387966,0.2027225873031134,max_bars
259,1021.7835122680663,2.4793412456619026,0.636173924138684,-0.46118920220182685,max_bars
409,1013.4420245361326,1.5039846345505437,0.2924810570726336,-1.0,stop
140,397.97999999999996,4.882157949402299,0.8708174609566883,-0.7529585540450703,max_bars
248,396.5227377319335,3.977763752503026,0.011239296443695458,-1.0,stop
314,387.2264877319335,1.685441397134046,0.19513016837454475,-1.0,stop
355,379.89,1.7741994007516944,1.2626092270221452,-1.0,stop
409,383.00550613403317,2.2990515243194363,-0.13122489664937956,-1.0,stop
35,1159.4684509277342,3.1107725686552348,0.08127810857557555,-1.0,stop
112,1049.6220245361328,3.97495471196014,1.5909586134331588,-0.17070189624886473,max_bars
224,1069.420475463867,5.163587618133414,2.2741483343240083,1.3541986303193687,max_bars
21,88.8420015335083,7.262333167298548,0.9063854564064693,-0.2854930132441537,max_bars
259,79.27439723968504,5.076540951194286,0.3492704576054082,-1.0,stop
319,75.2745015335083,2.7559193923624328,1.5789319250067302,-1.0,stop
28,769.8299999999999,3.108475323894552,0.23694131987882605,-1.0,stop
77,765.7095245361327,2.5348433212871733,-0.5672217979637775,-1.0,stop
112,762.795,4.469744530702051,1.0398889190191127,-0.7829603745911202,max_bars
259,729.6299999999999,6.10309669477165,0.7796981035333364,-1.0,stop
364,699.3795245361327,3.0569274315419563,0.09918253608884317,-1.0,stop
406,693.0479754638671,2.748435337556258,1.204958741136109,-1.0,stop
21,34.069501533508294,4.225187926442867,1.7023258992738595,0.1531777080452993,max_bars
150,34.69260046005249,3.5529229842517487,1.2229422526628786,-1.0,stop
259,34.3006510734558,1.8386033056921574,1.077214524696169,-1.0,stop
21,142.13714263916015,3.8041758904272234,1.119418410703295,-0.027211605011112226,max_bars
175,141.1522469329834,2.828324279364437,0.7083107422801418,-1.0,stop
259,141.55425613403318,1.8892058241530503,1.187524766813248,-1.0,stop
361,139.6548067474365,1.8866536257076856,0.1689687786114757,-1.0,stop
49,1571.82,2.647888996712406,5.729931980929612,4.636708852146228,max_bars
155,1805.6834509277342,3.189012742638312,2.415911805854724,-1.0,stop
279,1773.8249999999998,4.708748110544999,0.1325954012385199,-1.0,stop
308,1760.6595245361327,4.376743366693654,3.016374404164168,2.846376321325606,max_bars
441,1988.2920245361327,2.1672909629213555,0.17655218892856311,-1.0,stop
21,20.974350843429562,3.072089927995827,1.5607158584305143,0.11740247637645436,max_bars
242,20.039700536727903,3.1921680517391615,1.5168020938406224,-1.0,stop
378,19.175399923324584,2.166315675833512,3.116515027211551,-1.0,stop
21,136.37849693298338,3.371864521975349,1.396435510934472,-1.0,stop
169,132.91125,2.9427531529498037,-0.33780854256551646,-1.0,stop
259,128.01689723968502,2.1222934210320723,2.1359352566325187,-1.0,stop
351,126.52950153350828,3.374311402109748,0.34207671540894125,-1.0,stop
112,509.83648773193346,1.184007046223552,0.42467269246235567,-1.0,stop
175,506.9219938659667,1.9178456994521274,-0.34684349254031455,-1.0,stop
259,500.89199386596675,2.3641835401679137,2.2004733134263064,-1.0,stop
21,123.36374999999998,2.734800244180698,2.9125590869236926,1.0363092690792546,max_bars
148,126.21794631958007,3.896389864694979,0.10615241286031038,-1.0,stop
224,121.59494785308836,3.3512504277277437,0.5509387398997065,-1.0,stop
358,117.1930506134033,1.9395795506308002,1.692415989566568,-1.0,stop
429,114.72075153350829,2.6767171297099317,-0.12073697255265074,-1.0,stop
21,97.23374999999999,3.3771741311610275,1.204795969443705,-1.0,stop
224,88.30935276031494,2.4452123891076853,1.1487932651495172,-0.5183734359922404,max_bars
21,287.2792561340332,1.4721802047173276,1.6718612770034964,0.18223758739829882,max_bars
190,283.3597622680664,1.9091454685501053,1.6895859566171305,0.30320027975927805,max_bars
361,272.65648773193357,1.7995125561646108,-0.03189404325115866,-1.0,stop
21,155.37300613403318,3.1363273809798446,5.913597380088357,4.867014231362754,max_bars
123,180.84974693298338,2.322233294611845,1.678728940066021,-1.0,stop
230,165.9757438659668,4.546297557960692,0.9083599223365529,-0.13858808272736342,max_bars
429,163.11150306701657,2.367400823613292,0.23009095618040903,-1.0,stop
21,301.90199386596674,2.9651946130934936,2.636065067278005,-0.6146125158769191,max_bars
168,294.3644938659668,2.9944189114776676,-0.4384243239454008,-1.0,stop
259,279.74175613403315,2.2670059433351946,2.5400274192096894,-0.053890736477825774,max_bars
428,273.0082438659668,1.8344661666794149,0.47756261366795655,-1.0,stop
21,159.62415184020995,3.2163969473650624,1.4366260058079585,-1.0,stop
110,164.3777975463867,8.333123496644964,2.62904912016534,1.0652950463347843,max_bars
232,178.89,3.851528872491468,0.48911386165978726,-1.0,stop
280,159.6543006134033,2.5707403720892508,1.1148546238205213,-1.0,stop
480,148.72995552062986,3.2945304612126463,0.3755243253632495,-1.0,stop
26,353.40824386596677,12.141268521806216,0.6908169912428568,-0.11788498681632505,max_bars
174,344.1119938659668,6.774540407934217,0.8102265448493904,-1.0,stop
353,305.4194938659668,5.867174239320411,-0.12106892539454721,-1.0,stop
446,292.25398773193353,4.586415306918772,0.768129974097142,-1.0,stop
21,693.3495245361328,5.394034466832971,1.185857379118502,0.07755383113940582,max_bars
157,699.4297622680664,3.492811370915516,0.12976848825152607,-1.0,stop
203,677.5710122680663,2.150477515159928,-0.05291495614119219,-1.0,stop
245,682.8974999999999,3.316383498255584,0.2650413694254386,-1.0,stop
357,633.7529754638671,2.075414299759683,3.835401597457104,-1.0,stop
423,634.155,3.572470452807275,0.39925015259462565,-1.0,stop
21,241.2,5.887230514096181,2.0190137406470083,1.302817761058539,max_bars
140,264.66675613403316,5.881641600138938,0.8565207149744123,-1.0,stop
264,260.49601226806635,2.4169334743386317,6.012373209489978,4.852906794667025,max_bars
362,296.37449386596677,9.219587595603059,0.8646270154313922,0.7731340532778873,max_bars
21,1155.850475463867,2.3230059626087347,0.12847345548498934,-1.0,stop
147,1052.9384509277343,2.881315172322343,0.15035525091076202,-1.0,stop
210,1055.852975463867,1.5677302636259476,-0.14214860704972943,-1.0,stop
224,1061.28,3.7294576165544178,1.6680158966560723,1.0742815043434322,max_bars
324,1115.4495245361327,2.640148557899065,2.7352046164628954,1.0407791477990964,max_bars
21,237.67245552062988,3.194502986449842,1.2087726785198514,0.08924000205836449,max_bars
126,243.28035736083982,2.129375060741376,0.38021410929913874,-1.0,stop
182,239.68245552062987,2.3291022302772535,1.3896313859994573,-1.0,stop
231,238.37595245361325,1.2903773934386287,9.6796265325142,2.527363238869207,max_bars
469,233.15999999999997,1.5397120757339247,-0.22284151024745708,-1.0,stop
21,4897.365,4.601760334383894,3.656889934106895,2.523173518514414,max_bars
169,5472.727499999999,3.119605352175841,0.3208182630214912,-1.0,stop
189,5522.474999999999,3.1140928659704112,1.5556040122110888,-0.7993894461404262,max_bars
21,382.8547622680664,6.178517911309829,1.570307766350928,1.2236538306351312,max_bars
126,422.09999999999997,3.8142620232172395,-0.2577632169545769,-1.0,stop
175,415.06499999999994,3.075424862860335,0.5041123263834834,-1.0,stop
224,394.8644938659668,3.9670524704742487,1.7322951837703693,-0.7031504777668891,max_bars
364,381.09601226806643,2.2818444936823945,0.6099322013567687,-1.0,stop
21,122.5597469329834,5.189101759665642,1.67777802903519,1.518967618365084,max_bars
267,127.37369785308834,7.54763022421333,0.5176269768660543,0.337674226406675,max_bars
371,133.0117561340332,3.7303116855892973,0.09840148388498966,-1.0,stop
420,131.49419631958006,4.330376113317761,0.8071029208441722,-1.0,stop
21,18.602550230026242,3.7228787131362906,0.42949855486508165,-1.0,stop
56,18.572399539947508,3.405047390509014,0.3282755740671532,-1.0,stop
98,18.170399923324585,3.08413306992578,0.37401765596401854,-1.0,stop
177,17.245799846649167,3.164823252983314,3.708691845644595,2.554418987886739,max_bars
434,16.683000383377074,3.9741048395228384,0.6892896795554709,-1.0,stop
21,699.5302377319335,3.0778137342197533,1.5150685788177556,-1.0,stop
112,709.9320245361328,4.427469595651829,1.3288354246123721,0.7848031240064632,max_bars
238,736.1122622680663,2.5080736730453315,0.9093026684387366,-1.0,stop
338,750.6847622680664,2.0694089762883037,-0.14385502234008735,-1.0,stop
383,714.4042254638671,2.2962105876705463,-0.006354318350959662,-1.0,stop
406,717.5699999999999,2.9990122506558508,3.551577911049149,1.2188649123720605,max_bars
22,130.68014877319334,4.040512118239612,1.4525839850817217,1.2631953273111263,max_bars
151,138.5392561340332,2.901164603976027,1.1969267254629172,-1.0,stop
288,135.3734969329834,2.565866373547673,-0.11616391522920702,-1.0,stop
364,127.53450153350829,2.136287782642639,0.22590987887818564,-1.0,stop
497,118.61009662628173,1.9139182522915972,0.09687025982838177,-1.0,stop
28,3286.3499999999995,2.563631455680298,-0.18338416100722776,-1.0,stop
55,3325.143098144531,4.058265854722339,0.008573615700756735,-1.0,stop
99,3336.5999999999995,3.6294431457171816,0.2543344537056225,-1.0,stop
178,2988.87,3.438419949470867,1.2029786657427817,-1.0,stop
266,3050.1749999999997,3.448162810330546,1.3769907297361594,0.49275017827430756,max_bars
404,3165.348098144531,2.055004609273018,0.05614160445774043,-1.0,stop
427,3201.125950927734,1.9063871339956997,0.3699088014995405,-1.0,stop
42,576.0157745361328,3.5182672822550485,0.7763939856240865,-1.0,stop
162,561.795,2.5000222501090184,0.13563632659531957,-1.0,stop
190,558.7297622680663,3.4506395332821174,0.714233207813398,0.3252240154609702,max_bars
294,577.1212499999999,2.9666642841517135,0.31415638460977413,-1.0,stop
397,543.1020245361327,5.689909249646988,0.02582355703671182,-1.0,stop
21,295.97249999999997,5.63312882346543,2.8446519221310296,1.7260446201901027,max_bars
147,329.64,4.668729523116123,1.693308135609569,-1.0,stop
260,323.86125,3.7859558364837906,2.5396077480302295,0.9084518743806927,max_bars
358,336.6247622680664,2.279912508314955,1.4495895818701232,0.6743184447369924,max_bars
469,346.6747622680664,3.0359199795004783,-0.7054561208315075,-1.0,stop
21,1311.2234509277343,1.7329960741364676,0.07818130608398524,-1.0,stop
112,1242.1799999999998,2.0190330237213883,0.415469116533039,-1.0,stop
189,1252.1295245361327,2.7257183755631402,2.369516615394099,1.1125397017941356,max_bars
337,1293.2340490722654,2.4074585345678714,1.8104256912743666,-0.5663914647748144,max_bars
21,432.15,4.859425223537106,0.3000004940939813,-0.08333359975655556,max_bars
121,439.73773773193346,2.589664395681196,1.5509898495039252,-1.0,stop
224,423.10499999999996,3.4282255932887433,6.724926953447745,6.052742560461457,max_bars
350,515.0625,2.827326780730494,0.7648077052038623,-1.0,stop
21,633.15,1.7926261086679662,-0.013215844817067729,-1.0,stop
26,639.0292254638671,2.696158013491752,1.1823389600460101,-1.0,stop
105,646.2149999999999,4.985182949946987,3.9355890113301375,3.324072258046535,max_bars
206,776.8649999999999,4.616632233399613,-0.7769413076815825,-1.0,stop
259,749.8807745361328,3.0512549878727784,0.846528400220013,-1.0,stop
329,743.6999999999999,1.8824778530279256,-0.7285720638358529,-1.0,stop
420,699.4297622680664,2.642116629568375,-0.034079166277554376,-1.0,stop
21,986.4577377319334,4.162136070043007,0.4443080970892147,-0.417893461482582,max_bars
127,993.3420245361326,3.43708526225344,0.06027763853203247,-1.0,stop
168,986.9099999999999,1.9363480162356352,2.830453450997741,-1.0,stop
294,947.4135122680663,2.8301830546978604,0.8348945456278861,-1.0,stop
307,974.6489877319335,4.468173947149635,-0.2433809498004713,-1.0,stop
350,882.3899999999999,3.291064542216296,4.792006570269338,4.191111338288019,max_bars
469,1038.6172009277343,3.111561517169033,-0.3703034808034842,-1.0,stop
21,277.9830061340332,3.537270991597126,0.8153141349049404,-1.0,stop
147,256.22474693298335,3.3855995508093732,0.815613804494924,-1.0,stop
238,251.50124999999997,2.525337787989351,2.841758779492198,-0.09466727427079454,max_bars
408,249.49124999999998,3.804241631720543,-0.3341227631535605,-1.0,stop
21,691.2389877319335,7.492195383080209,2.0035347526458387,1.624109899867779,max_bars
130,785.6085122680663,2.5214243692332174,0.322663494697387,-1.0,stop
149,801.9899999999999,6.008804624375759,0.5812407741186129,0.2450712762269392,max_bars
252,834.1499999999999,3.3687001387078004,1.4448392299929789,-1.0,stop
315,836.5117254638672,4.000151659839916,6.315818150289031,4.262728384074553,max_bars
424,1020.1252377319335,7.02122005050864,0.5392619067126135,-1.0,stop
21,1105.4999999999998,3.066487961471034,3.74630998635265,3.3156325506195587,max_bars
141,1225.0949999999998,2.946302123508773,1.1914385811314028,-0.038649364957051374,max_bars
266,1235.5470245361328,3.7754127682500123,-0.33329098324539197,-1.0,stop
306,1222.08,4.5398029927715395,0.9538568261081452,0.43114616932174893,max_bars
415,1262.9834509277343,3.403326535764226,0.21907439451894423,-1.0,stop
21,348.93601226806635,3.9938589821907398,3.3340944837489754,2.4407268940847775,max_bars
140,388.2817561340332,7.554242109916885,8.043103630664756,7.690242353583792,max_bars
238,614.055,7.980557475638372,0.7110502139424644,-1.0,stop
283,613.8037499999999,8.50496179178808,0.42422722218081005,0.0037593067206886407,max_bars
417,607.9747622680663,2.9564980955806464,0.6717877735915916,-1.0,stop
21,291.3494938659668,4.616277101092121,0.7435601516963833,0.29001123780688176,max_bars
123,302.85675613403316,4.60837077425872,3.22375986662825,2.6147360933972394,max_bars
252,346.22249999999997,1.9994403041486961,0.805702846909207,-1.0,stop
350,337.6297622680664,2.5559838712366356,2.435783394196316,0.448475590834652,max_bars
21,3125.148098144531,3.1437932768406465,2.7873478960444382,2.268254394282698,max_bars
120,3380.8199999999997,5.9991363042102135,0.4781582133326372,-1.0,stop
238,3266.2499999999995,3.1611174894756853,6.749153488196158,5.359322979721574,max_bars
337,3847.0394018554684,5.40517739690753,1.2867249740551334,-1.0,stop
409,3660.009049072265,5.710615637008996,0.22961183327111218,-1.0,stop
21,511.19324386596674,3.950217282461061,1.961385906588016,-0.33145956689244027,max_bars
148,505.51499999999993,3.9692170940463933,0.5449797587648336,-1.0,stop
243,478.27949386596674,3.759204879905772,0.5211767215669195,-1.0,stop
364,439.6372622680664,3.6023503543339412,-0.04970906867773552,-1.0,stop
449,412.55249999999995,2.557856272837991,0.48780025652986014,-1.0,stop
469,419.7885122680664,3.7372404689656005,-0.47095104492975237,-1.0,stop
21,5408.91,3.335422478835844,1.6522920015520206,-1.0,stop
154,5189.82,2.5881437121133244,0.019952352590827577,-1.0,stop
203,5013.442499999999,1.9835173137020963,0.488297257208948,-1.0,stop
252,4925.504999999999,3.6443978840748152,5.306231024205484,3.172585721846209,max_bars
21,846.1597622680663,4.480213307053514,2.1350757291889475,1.0139924657415165,max_bars
147,893.2439877319335,5.0147525357142575,1.984776649991769,0.7546997038081922,max_bars
265,961.0814877319335,2.713764448161779,-0.08939243634782737,-1.0,stop
318,941.685,2.939942762176306,1.831859288931285,-1.0,stop
21,794.5027377319335,2.8008383955300626,-0.427036791895352,-1.0,stop
44,802.9949999999999,2.514961140110604,-0.33646861528525807,-1.0,stop
54,808.8239877319335,2.8280535532884428,2.1476819550504316,0.3093487913557261,max_bars
224,803.4975,3.0426369972565186,0.95111927148614,0.02464363575465727,max_bars
322,821.0849999999999,2.647110154741887,-0.10743029110605427,-1.0,stop
449,779.0760122680663,2.512721731872617,0.0880657153916207,-1.0,stop
21,1912.2134509277341,5.251160745203017,8.03763821386879,3.931612123654982,max_bars
142,2381.6490490722654,5.422673383493399,1.4599480480425842,-1.0,stop
226,2249.1899999999996,4.9435574584628075,0.4299847108552992,-1.0,stop
253,2258.6369018554683,6.501126980911227,0.26058172522368356,-1.0,stop
352,2145.0719018554687,3.6162844605987177,0.18728683264528137,-1.0,stop
386,2098.2390490722655,3.252205657998661,3.1383915248392005,-1.0,stop
511,2189.895,2.575237625548256,-0.7056459321526717,-1.0,stop
21,406.1205061340332,2.664361483262152,0.6866105139104274,-1.0,stop
105,404.26124999999996,2.723795565367683,-0.3052565424920502,-1.0,stop
158,383.00550613403317,1.5549432699226877,0.3600841504700832,-1.0,stop
184,385.91999999999996,2.389093022639058,0.6106285517278291,-1.0,stop
224,388.3822622680664,2.0423821661454196,1.2629117276101927,0.8468900732779694,max_bars
343,401.49749999999995,1.9670094823714523,3.495096857979632,1.488130304884671,max_bars
21,1318.4595245361327,4.365663037120617,2.763062137902169,1.0483156414497032,max_bars
196,1332.6299999999999,2.9813208156755726,0.4120314638651384,-1.0,stop
289,1306.4999999999998,2.939152270498452,4.205726492737809,2.414059693616449,max_bars
401,1411.9245245361326,2.0981628403784747,1.3764100684057254,-1.0,stop
490,1424.5874999999999,2.126050605657769,1.1031796571587087,-1.0,stop
21,757.8202377319335,2.8133634693819283,0.7542029729830212,-1.0,stop
155,570.0360122680663,2.742982463825602,0.5668981217407683,-1.0,stop
195,564.81,3.1267108560290096,0.7695381201367146,-1.0,stop
220,569.5335122680664,3.780903459449291,4.3242602965464885,2.0139079777667086,max_bars
373,599.1307745361328,3.2515021678118483,0.6837127722206505,-1.0,stop
439,564.81,3.3303234716099124,0.8500790958516132,-1.0,stop
45,1083.64125,4.193389539953827,5.384062628876684,0.8155290919840186,max_bars
168,1134.4440490722654,3.5122114236406756,0.9676709119855608,-1.0,stop
266,1076.455475463867,2.3275882394492577,3.60977532475517,2.344578654410857,max_bars
401,1160.4734509277343,4.969816591107936,0.6333343923283655,-1.0,stop
28,1639.4565490722655,3.2362263390406154,3.029663234355048,0.8772427373932485,max_bars
126,1703.6759509277342,3.913652176132787,0.07085123527444316,-1.0,stop
155,1712.0175,2.022028138493761,2.0793688384730515,-1.0,stop
221,1723.3740490722655,3.149291560676864,4.853624996882134,4.398526058188879,max_bars
376,1926.0824999999998,2.600226106617954,0.7171666749862841,-1.0,stop
448,1928.5949999999998,2.3071212159142953,0.031576564312573586,-1.0,stop
476,1934.222975463867,2.4724631883940655,-0.41241652869407247,-1.0,stop
21,305.0175,5.743113100068023,0.5612961954340312,-1.0,stop
120,284.41499999999996,2.431306365697999,4.379611309765932,0.8944332759964861,max_bars
225,316.0725,8.47037062921679,0.3147818155737625,-1.0,stop
364,286.82699386596676,3.3040780558051983,0.05518760292390375,-1.0,stop
392,282.7567561340332,3.008506764026108,0.21668071124175023,-1.0,stop
50,1395.3420245361326,3.056030178581738,3.744141944038114,3.5143208294686827,max_bars
148,1544.685,5.365815759968857,3.0598443413716256,2.8269908673060713,max_bars
252,1807.2915490722655,1.8365367504410792,1.892300361703056,-1.0,stop
357,1844.275475463867,2.942915859693671,2.5264550476666763,1.99951400585162,max_bars
21,108.58020092010497,3.4354352030796296,3.4501602029652525,2.9917402889700373,max_bars
126,121.63514877319335,2.24864874577868,-0.25415316578281194,-1.0,stop
224,112.71075153350829,4.490033061419918,0.5709127967706535,-1.0,stop
357,109.94700153350828,2.125570402613008,0.1895582717792745,-1.0,stop
51,511.0927377319335,1.9747370656687147,1.437393722032726,-1.0,stop
98,520.84125,3.137472310420871,2.5798974986613783,1.582422532366337,max_bars
203,554.76,2.0477279518958635,3.242962566886299,2.6575772085640312,max_bars
315,596.1157745361328,2.2002059157617198,6.212686930941288,5.5569898112442875,max_bars
413,676.0132745361327,3.729702905681081,1.942893283326063,0.3722937819867859,max_bars
28,1548.705,2.667065424721779,3.783926700908447,0.15724379641290137,max_bars
259,1531.217975463867,3.031438200147844,4.816718228687497,2.0290016331249587,max_bars
446,1676.5409509277342,2.1258607786436348,0.0128798299362253,-1.0,stop
21,563.9557745361327,3.8843093257059027,0.22798714008557736,-1.0,stop
77,555.4132745361328,3.0451693021306245,0.7382810378471412,-1.0,stop
147,549.4335122680664,2.83629162294813,0.8705653927385838,-1.0,stop
224,544.8607745361328,2.782502069819333,0.7941058382545869,-1.0,stop
339,504.3089877319335,1.508792369361211,0.9319265308902515,-1.0,stop
361,513.9569938659668,4.768294225280364,2.670383136482033,1.4135964274221273,max_bars
21,405.16574386596676,2.9656381743510196,3.7312907016127452,2.1708387907772795,max_bars
133,440.1397622680664,2.553681656404513,0.023152757229043804,-1.0,stop
151,445.01398773193347,3.609768674188,0.16098246461925705,-1.0,stop
259,428.78324386596677,1.9551253668165518,0.05567722968208986,-1.0,stop
295,399.1860122680664,1.7250164743932768,4.184415526859532,1.5486430340196924,max_bars
21,6981.735,3.2045759399346965,2.6225892238585855,1.0247167407870943,max_bars
154,7201.829999999999,3.260699016777667,0.2093855129242468,-1.0,stop
238,6846.0599999999995,2.8346231262945327,-0.4202823868906496,-1.0,stop
259,6839.025,2.8150942568567836,2.495649915595386,-1.0,stop
441,6445.065,2.2430340112939064,0.20361083249749282,-1.0,stop
21,1783.1715490722654,3.974463381328223,0.4208807606016587,-1.0,stop
89,1786.8899999999999,5.310343669727844,0.9285488460322495,0.7325326632317712,max_bars
189,1885.8824999999997,4.522154716111011,2.5575872841310376,2.0756585661594467,max_bars
294,2120.4494018554688,3.0582811427838505,-0.515802016205314,-1.0,stop
420,1836.1349999999998,3.5310557868498105,0.2971394913677333,-1.0,stop
21,905.5049999999999,3.219753001260334,6.050244441880208,6.019374139688714,max_bars
119,1067.31,4.709036007067413,3.137484315571651,1.2164730665012011,max_bars
225,1202.985,6.549129775360865,1.7968516988160923,0.5269400808593501,max_bars
355,1270.1190490722654,3.229545570258907,0.8966798178427051,-1.0,stop
21,4080.099049072265,3.8479201001680017,1.223582352032443,-0.22993178455447144,max_bars
238,3856.486549072265,1.643632114606067,3.6050835126889558,2.7263476010300427,max_bars
469,3924.6255981445306,1.0325953259704594,-0.21284371668709692,-1.0,stop
21,278.385,5.382835319257725,3.4644622387433697,3.3743738145804447,max_bars
121,331.9514877319336,3.901620631503998,0.49017535224019904,-1.0,stop
154,332.40374999999995,3.9721988073145074,0.06787758186519578,-1.0,stop
224,311.75101226806635,4.6835512306298295,0.9621914833177655,0.1300581630740258,max_bars
328,319.0372622680664,4.556603252146665,0.5683825037024226,-1.0,stop
401,317.32874999999996,4.546942596129592,0.21285576348026947,-1.0,stop
21,384.41249999999997,3.476086809620206,0.6875582945159985,-1.0,stop
137,385.6185122680664,3.272278655360438,0.604785062597797,-1.0,stop
240,381.9,3.3909368402641196,3.8764520018136457,3.444018690443559,max_bars
352,434.66249999999997,2.9821960240344314,4.2999071464289855,1.1677918648594499,max_bars
33,4004.221549072265,3.0273437068024087,0.5178819393762241,-1.0,stop
112,3711.665950927734,3.2159656520213833,4.424495140321124,1.9949926546164956,max_bars
222,4098.389999999999,4.169686145047188,4.398209374451421,3.189829715021373,max_bars
373,4595.362499999999,2.8585884138628734,0.7919870765534437,-1.0,stop
21,3430.0649999999996,4.1534169860848005,0.5210760517633038,-1.0,stop
110,3191.478098144531,5.053399773177835,2.9366780831876724,0.8651010969212345,max_bars
221,3439.1099999999997,3.59133329098952,2.151972411118993,1.3269381392907729,max_bars
343,3579.2069018554685,2.3079639278856696,1.050677350200079,-1.0,stop
401,3620.0099999999998,2.072093723497995,0.3304899190524608,-1.0,stop
405,3663.0240490722654,3.222038607749718,-0.45265309770302903,-1.0,stop
469,3424.8390490722654,2.9823035896550607,-0.19325558793622336,-1.0,stop
46,2310.3944018554685,2.4582081809758187,3.8120988282353316,3.4018498602090483,max_bars
199,2521.143098144531,3.3414682356896326,-0.015942525727323912,-1.0,stop
239,2444.16,2.4900150224156707,0.49195073409927836,-1.0,stop
364,2214.9194018554685,2.529189074094084,0.4030846105615028,-1.0,stop
21,3065.2499999999995,2.6604697440053684,1.74800690957972,1.2011022995009524,max_bars
182,3161.7299999999996,2.0346486782947806,5.0376116411295815,4.025642127199801,max_bars
289,3521.821549072265,3.285840858305241,0.10783220918133876,-1.0,stop
21,293.30925613403315,5.100162956903622,3.121195499153745,2.997525789793886,max_bars
119,337.37851226806634,4.587879135374042,0.615141669237487,-1.0,stop
201,328.68523773193357,3.372597961779697,7.7864644746611456,7.524855696992485,max_bars
350,396.32175613403314,2.692701592172914,-0.6017527466039002,-1.0,stop
379,388.6335122680664,2.55600707284947,0.07716128491552837,-1.0,stop
21,88.02794631958007,4.882475557299786,1.5035219406937892,0.24012678808985194,max_bars
150,85.12349693298339,4.996850857466622,0.34712673308879904,-1.0,stop
196,81.10349693298339,1.9154462384146573,0.6993947781536796,-1.0,stop
224,81.85724693298339,4.480048656632092,-0.15740650916848373,-1.0,stop
301,79.56584815979004,2.8226286992574225,3.412587855637093,3.3591547106791766,max_bars
399,87.21389877319335,6.7350531485563705,0.04530286069120268,-1.0,stop
21,307.4294938659668,3.3274236412058045,2.714753226700074,2.489911109842883,max_bars
120,336.87601226806635,2.8871210823531634,1.1334526840529635,-1.0,stop
190,332.35351226806637,4.07804460455521,3.6039703199497937,2.537826068424604,max_bars
343,353.15699386596674,2.2672635990670065,2.422004995743198,-1.0,stop
58,2450.1899999999996,2.252478379227717,2.7869179199130554,1.3446258804810798,max_bars
168,2584.8599999999997,3.097264500664434,0.6762432303233791,-1.0,stop
231,2602.8494018554684,3.371278574037567,0.42907004776987395,-1.0,stop
289,2475.415598144531,2.416382143391043,-0.32459141837883587,-1.0,stop
313,2454.310598144531,2.538822844656992,0.019088275363846545,-1.0,stop
361,2419.235950927734,3.3744477565397473,0.04610779359098881,-1.0,stop
22,898.4699999999999,6.919542356119979,0.5714973946230266,-1.0,stop
101,866.31,6.730846925465474,6.238895139529034,3.542960459853588,max_bars
223,1133.89125,9.294652375172655,0.8360157982754757,-1.0,stop
337,1007.0099999999999,2.682197793467779,0.5179563124768706,-1.0,stop
379,1019.0699999999999,6.2184136313470795,0.1551211347267017,-1.0,stop
404,1024.7985122680664,6.079098624976374,-0.10431267519094045,-1.0,stop
42,822.34125,3.172800829339395,1.857279271517041,1.1750586882575653,max_bars
142,859.3754754638671,2.7025964450833526,0.11946157447041968,-1.0,stop
231,868.4204754638671,1.8735683357896098,1.2525474718997727,-1.0,stop
21,13484.085,2.588866801121464,3.0477247661744413,2.7698554793245327,max_bars
250,14146.38,2.9999194140126253,0.555209953343701,-1.0,stop
22,1028.6174999999998,1.9752252131653496,6.855294240495765,6.368028658313097,max_bars
224,1095.550475463867,2.4417338347113295,1.4934163510781222,-1.0,stop
362,1020.6779754638671,3.907009716044383,0.03064469953400265,-1.0,stop
25,2468.883098144531,4.167191967163278,1.2452667558231003,0.94784085975159,max_bars
252,2351.5994018554684,3.4274290847273363,3.322611512285218,2.148907349005417,max_bars
360,2608.9799999999996,3.2763762083266097,0.550070191857754,-1.0,stop
403,2518.5299999999997,2.113532543661372,0.48224637834044054,-1.0,stop
21,2872.2899999999995,3.171338856039067,0.4128870587687979,-1.0,stop
89,2896.41,3.028233186189968,1.6051746983719575,-1.0,stop
141,2813.698450927734,6.891228945862225,0.6565373808850093,-0.2717838329614596,max_bars
291,2699.128450927734,2.8834641816641957,8.645578361111536,7.220649937143452,max_bars
411,3373.785,6.096562239257981,0.1148110633044107,-1.0,stop
28,1250.9234509277342,3.3833785201171107,2.68353551203067,1.8022267696153411,max_bars
196,1346.5995245361328,3.0298150982982186,3.5147627016128995,3.147110918355893,max_bars
337,1437.0495245361326,1.805751890045083,0.3834546597694375,-1.0,stop
378,1421.3715490722655,1.9890347112112179,4.2950739835751275,-1.0,stop
26,171.25199386596677,3.3471082374620797,0.3293804869814719,-1.0,stop
55,174.35745552062986,5.48152784194606,2.1964588002144922,2.070901052379539,max_bars
189,191.58315490722654,3.801561707758477,-0.20089651006526624,-1.0,stop
259,184.2566963195801,2.1148190470483623,6.829709267413204,5.967440088325357,max_bars
364,211.92434509277342,3.4183672545128476,-1.121472503457915,-1.0,stop
385,211.04999999999998,3.4541603852945157,-0.19204458828301088,-1.0,stop
417,212.7886457061767,5.2017082249573665,2.883040582245255,2.2144859181040344,max_bars
22,1635.1349999999998,5.292225070961252,0.8917204259271658,-0.5354473692659544,max_bars
152,1631.717975463867,4.352346751086259,0.41935867454835685,-1.0,stop
313,1538.8559509277343,3.0123645361209763,1.316855166696755,-0.22771406665921248,max_bars
21,1109.52,3.7872233037709986,3.3907663017610696,0.7824851121861627,max_bars
163,1135.6499999999999,2.3378703310053597,-0.3258000770582453,-1.0,stop
224,1100.2740490722656,3.2513762459843285,2.1698962615327106,1.4654729743816834,max_bars
322,1148.715,2.8566681540623584,0.3743717549881278,-1.0,stop
431,1101.1784509277343,3.276351377145179,0.21679267203413255,-1.0,stop
21,651.99375,3.066555469281719,3.083777401140989,2.7586758068927866,max_bars
224,687.0179754638671,5.388210612520425,1.897241101277562,1.7608212206739349,max_bars
323,761.0362499999999,7.0346517659309775,0.07403861869294513,-1.0,stop
24,71.57610122680663,10.724389243560635,0.8824660323908755,-0.7003692614772442,max_bars
255,62.028601226806636,3.431642272803375,2.556328459280017,2.016066461978367,max_bars
427,63.777299079895016,2.5515309953429726,0.99717623367596,-1.0,stop
21,146.12699386596677,3.3306641232865073,1.8477506544867803,0.21019111675007768,max_bars
203,146.56919631958007,2.3191763590100707,0.30325086630888126,-1.0,stop
225,148.93095245361326,3.9823504489172863,3.8879173657011443,3.269130046522845,max_bars
331,171.75449386596677,1.8075218293298747,0.4752784268245034,-1.0,stop
385,168.70934509277342,2.904016687093126,-0.09783942900360482,-1.0,stop
21,894.9524999999999,4.480966801485261,2.156909408343883,1.6045744933305175,max_bars
147,960.0262499999999,4.690106129910499,0.6545903778351561,-1.0,stop
259,868.8224999999999,3.426765790139083,5.065999246729433,4.506757745767669,max_bars
361,1024.7482745361326,3.1908603854898145,1.0444507428227823,-1.0,stop
35,2360.745,2.5561887309408635,-0.06205972225503781,-1.0,stop
112,2260.848098144531,4.615440472545192,1.8817003521748938,0.06853888075241213,max_bars
231,2380.3424999999997,2.6862771914650834,1.2082336421735753,-1.0,stop
272,2444.16,2.8009642915408506,1.6467984506817068,-0.6625755013081457,max_bars
373,2464.2599999999998,3.1920293452699706,0.7467591269475798,-1.0,stop
439,2376.825,4.279865044492119,0.5129029254182983,-1.0,stop
21,126298.34999999999,2.183995277848041,3.694835680751186,3.2162887233309894,max_bars
126,137363.4,2.9472188370410124,0.4017883608339108,-1.0,stop
326,132820.8,1.7059075084625213,1.314855680113002,-1.0,stop
147,153.1619938659668,3.7816161846573464,5.149864998414195,3.442337110613315,max_bars
245,166.76970245361326,4.658941246102177,2.854716075300164,1.5483605286004132,max_bars
406,173.5735567474365,3.643156749180281,2.898121718679481,-1.0,stop
55,38.23020092010498,2.380843425811268,4.328490381481385,2.1421629974947254,max_bars
187,40.340699386596675,2.455834746396948,1.896941660637431,0.7361457923816358,max_bars
21,3066.2549999999997,3.752298775807122,1.3945059587220447,-1.0,stop
112,3035.0999999999995,3.225595493661641,1.367721483316913,0.40755853012954,max_bars
252,3059.823098144531,2.1185243742959976,1.3078208530344975,-1.0,stop
323,2917.9169018554685,2.6017499609805146,4.328194250736044,-1.0,stop
21,1100.1734509277342,4.669572971088145,2.5952446912851053,2.2623880984361073,max_bars
142,1224.09,5.309252131302635,0.12940447516096631,-1.0,stop
231,1165.6995245361327,3.96324469245339,1.0671208407201132,0.2878920421240484,max_bars
335,1209.0149999999999,3.946597120124637,1.2676320212950851,-1.0,stop
414,1193.8395245361328,3.3705994920741458,0.0039880035451131425,-1.0,stop
21,879.3749999999999,3.3404406538734768,0.32765957446809085,-1.0,stop
42,893.4449999999999,5.43345987564287,2.135235919574026,1.8880424694762499,max_bars
315,933.4942254638672,2.929230872983397,1.0497943125447065,-1.0,stop
441,846.0089877319335,2.128699339260431,-0.6224114373229884,-1.0,stop
21,386.6235122680664,2.9417539045531593,-0.16472591965515201,-1.0,stop
54,376.0207438659668,3.196829978681068,0.28111821266610115,-1.0,stop
112,343.15726226806635,3.3679182798475837,2.1754926227232048,0.32384257778226166,max_bars
210,349.48875,2.7150373223744633,-0.01462193613324643,-1.0,stop
245,347.72999999999996,4.4804894899823395,4.770215576244133,2.8607169661449388,max_bars
349,399.38699386596676,3.4520372406213133,0.40712345805660755,-1.0,stop
422,380.6939877319335,3.373833588741088,0.41311272637814567,-1.0,stop
21,988.8195245361326,2.7122770000636813,1.4217413356590711,-1.0,stop
105,1003.4925,2.8791968464201116,7.777356106083528,6.616158618560305,max_bars
231,1208.6632745361326,2.6858864704660217,5.616699295322979,4.6956591393732445,max_bars
337,1385.2920245361327,2.43212610434807,-0.3054733937774671,-1.0,stop
373,1356.7499999999998,2.7013100728993757,0.3997275485699707,-1.0,stop
21,589.6837499999999,3.414332208922354,2.4841985165377864,1.704413196457442,max_bars
259,565.6642254638672,2.548194638267418,2.2641356908778225,-1.0,stop
364,568.4782745361327,2.722755684685174,1.0771064848999115,-1.0,stop
21,7366.65,2.6694630530838257,2.1985761505212342,1.560386473429955,max_bars
190,7763.624999999999,3.3634416912202627,0.6601244614648238,-1.0,stop
266,7729.454999999999,2.839204057724627,4.659474607550547,2.6066619580324177,max_bars
381,8416.875,3.883567238434692,1.6294455066921614,-0.5426386233269592,max_bars
21,107.91689723968503,5.112170433841342,1.1533844157481699,-1.0,stop
153,100.29900306701657,4.874424725478601,0.4440577659934803,-1.0,stop
224,95.76645092010497,4.559477094821925,0.27334524154704654,-1.0,stop
349,90.06810276031493,1.7854308312918323,-0.40923922262714707,-1.0,stop
403,87.31439723968505,2.318513771103035,0.0077082689705653025,-1.0,stop
21,152.76,4.22885372364636,1.275542398242492,-0.6594430359845865,max_bars
224,138.85080368041992,3.3639063518775445,2.228561767127481,0.7063420491190885,max_bars
351,142.50900306701658,2.4623027257908947,3.189223168944223,1.5363311819648278,max_bars
56,1425.8940490722655,1.9632612027812895,-0.03193713955680058,-1.0,stop
84,1417.5524999999998,2.373984426392482,0.3253103912680682,-1.0,stop
98,1435.6425,3.1444109518908734,1.0379908068892996,0.5218464013263562,max_bars
196,1462.7775,2.5484053453105426,2.4149298860740442,1.5618670779961152,max_bars
385,1471.2195245361327,2.937666596680026,-0.3868511908814447,-1.0,stop
21,4633.049999999999,6.655438743106579,1.9706521167682631,-0.7447713413958246,max_bars
160,4415.969999999999,3.5998885861996204,0.49713782474681134,-1.0,stop
203,4345.72059814453,3.583309019245683,0.15591644358400586,-1.0,stop
229,4361.7,5.653756616542858,3.679239088810596,2.612328294622611,max_bars
336,5295.344999999999,5.205417299297768,1.859476012707145,-0.3803626921931756,max_bars
21,17484.989999999998,2.8423808077671078,-0.5009959958952862,-1.0,stop
49,17427.704999999998,2.6435207619132766,5.754864826732969,4.845389131873996,max_bars
224,18807.57,3.049676273968406,8.283958366023334,7.870756838746802,max_bars
322,23366.249999999996,3.4847269031187995,0.6002456248081103,-0.474362910653975,max_bars
441,23210.475,3.233346150821983,1.3518438322395891,-1.0,stop
30,484.00800613403317,3.1834184218536885,1.9724830101138384,-1.0,stop
98,480.1889877319335,2.871576439222059,0.8057875863625926,-1.0,stop
147,487.2742561340331,5.207388225034635,4.710510616622455,2.990265000404572,max_bars
273,572.8499999999999,3.1072727951525114,-0.337079792096567,-1.0,stop
295,568.6289877319335,4.858877814537052,0.0876253623377227,-1.0,stop
392,538.4789877319336,3.3945568799059576,2.025332996241006,-1.0,stop
429,540.8910122680663,4.879173746556342,-0.09249361245565922,-1.0,stop
61,1898.4449999999997,2.1304277974868757,3.734825071084227,3.4603788951431276,max_bars
224,2002.4624999999999,2.4401218207113677,1.8324370480996177,-1.0,stop
364,1833.722975463867,1.653627699251238,3.8214288553823885,1.7404976332761422,max_bars
21,74.81220245361327,2.890171465109608,3.5555426176059917,2.228190145516666,max_bars
176,80.01810276031493,1.9596888178789063,-0.19010294925045296,-1.0,stop
190,80.79194938659667,2.935875709968774,0.9309005164067798,-1.0,stop
259,79.2442484664917,1.6206215679641205,2.7531648932907626,-1.0,stop
309,77.86740337371825,2.3981836979407123,0.09778266474692787,-1.0,stop
21,154.25745552062986,4.056501191148593,10.18665562531301,5.13667868191561,max_bars
250,167.03099693298338,3.017997576726362,4.411633625046321,3.6637640209281086,max_bars
371,186.89985122680662,1.9260840238338763,3.622416996634268,-1.0,stop
417,200.93970245361325,8.181410767943353,2.5280443891034228,-1.0,stop
21,85.7767484664917,3.563608204364002,1.0053987983022055,0.13192187847381082,max_bars
129,87.61590030670165,2.4263888580615403,-0.19563614494267614,-1.0,stop
155,88.7515475463867,3.043940719137215,0.2585370713842074,-1.0,stop
224,87.39479907989501,3.8958853981835455,1.1557804703905017,-1.0,stop
411,83.0129984664917,2.714028371316633,-0.005769413077643264,-1.0,stop
47,320.4442561340332,3.3217223081109735,0.8131841186387128,-1.0,stop
148,308.3842561340332,4.113129537160608,0.5531064999086168,-1.0,stop
224,295.52023773193355,4.8965343456750885,0.8417114097179895,-1.0,stop
406,273.35999999999996,2.6192521923356407,1.1927386112125686,-1.0,stop
21,91.75650306701658,2.317553244204901,-0.6284981162640387,-1.0,stop
105,86.48025306701659,3.3767888099955394,0.11976649407194523,-1.0,stop
147,85.41494785308836,1.9141252378957858,0.24774584617276477,-1.0,stop
238,84.81194938659667,2.089267472195792,1.330766001861005,-1.0,stop
350,85.8270015335083,2.350080905630931,1.5731245480694382,-1.0,stop
105,43.747648773193355,2.2118902867516237,1.3665591174202327,-1.0,stop
147,43.767749233245844,3.079324589249804,0.35040035042824835,-1.0,stop
226,42.68235122680664,4.714719316112716,1.708272657051326,1.1517108114500039,max_bars
371,40.65225076675414,1.7520607755072852,-0.8455594526615419,-1.0,stop
383,41.03415184020996,2.9101410266067713,6.980559654254735,0.19750306430781928,max_bars
42,357.93074386596675,1.6290128362470426,1.9155830175517201,-1.0,stop
99,360.69449386596676,2.1609700458523786,-0.12117440113730407,-1.0,stop
264,350.5942561340332,1.9949699426460732,-0.2636817565838016,-1.0,stop
344,342.50398773193353,2.3661020384357934,0.23395947764140024,-1.0,stop
421,335.66999999999996,2.0615485447016293,0.25722719754787987,-1.0,stop
148,95.00264877319334,2.5395633347682933,0.479702286156611,-1.0,stop
210,94.3293006134033,3.3174248561283814,1.6619346418161756,-1.0,stop
306,92.88209815979005,1.6495102027445592,0.23360079460051608,-1.0,stop
364,93.08310276031494,1.9908010674644168,-0.2445122512425414,-1.0,stop
490,88.5907515335083,1.694031453215554,-0.420290031896932,-1.0,stop
21,1605.8895245361327,4.96855778253132,4.374138022710002,3.321368567246192,max_bars
142,1937.4390490722653,5.220241653153957,0.5503408811567413,-1.0,stop
197,1931.5095245361326,5.167438839745183,1.337451618760962,-1.0,stop
301,1687.0934509277342,6.353733781298598,1.2865205783367384,0.8387319259805447,max_bars
497,1728.6,1.961127434231454,-0.9852507587073119,-1.0,stop
102,310.64550613403316,2.976225973009779,9.448313043294046,5.440964738405361,max_bars
203,367.3275,5.479439408421297,0.008570369127748088,-1.0,stop
281,354.41324386596676,2.754764427814297,0.11131089928355231,-1.0,stop
379,326.2732438659668,2.0759421721841305,0.5280722661590375,-1.0,stop
416,328.7355061340332,5.57758802910477,1.3942605653842997,-1.0,stop
35,278.0835122680664,2.798988121091656,5.314623223876474,5.070514732904116,max_bars
134,321.0472622680664,2.646736313858559,1.6184866765462849,1.0536010997609608,max_bars
252,335.87101226806635,2.5518797877849817,1.1351027947377854,-1.0,stop
311,332.4539877319336,3.2497711665774185,0.041281601169319115,-1.0,stop
361,336.67499999999995,2.517260798386784,1.0943982969186519,-1.0,stop
21,1642.4715490722654,3.091170615957897,6.744488838299189,6.6893389327630555,max_bars
119,1953.820475463867,4.556223448042597,0.32666153206819115,-1.0,stop
161,1944.6749999999997,3.217762578017522,-0.12425046028731575,-1.0,stop
308,1815.9345245361326,2.8323997281383897,2.8067825180453685,1.6421946278242205,max_bars
28,9564.585,2.2383093464065524,0.20746432491768224,-1.0,stop
56,9742.47,6.266070103372136,3.5243828525562333,3.4588595672187057,max_bars
154,11741.414999999999,4.006459187414797,0.4795446573769979,-1.0,stop
231,11243.939999999999,4.437412508426751,1.4271455485629605,1.0222872489678174,max_bars
361,11959.499999999998,5.054559137087657,0.6509511993383003,-0.6129032258064503,max_bars
113,425.7682438659667,3.186764596564591,2.58926519782565,2.2097025528222503,max_bars
217,463.20449386596675,2.6240043509843622,-0.6421075379459897,-1.0,stop
289,453.85800613403313,3.6703095906349166,2.550847368277937,2.223676387731652,max_bars
419,498.07800613403316,3.27820259737373,0.9965680633833194,-1.0,stop
68,43.888348159790034,4.188694721515539,0.07161442332621508,-1.0,stop
98,45.154650306701654,10.263948048447467,0.16729419130806591,-1.0,stop
169,41.31555061340332,5.217286793926736,0.20154913233829808,-1.0,stop
238,37.85834815979003,2.3200922920525446,5.386986326654686,1.2200760882056352,max_bars
394,38.873400306701654,4.0217704679184285,2.15338599753341,-1.0,stop
36,1326.4995245361326,5.081008149909762,3.402107697507497,1.4436376178702977,max_bars
148,1465.0890490722654,5.029661828737635,-0.21290856719809273,-1.0,stop
273,1359.6645245361326,2.0493640309924195,2.1078989783773596,-1.0,stop
380,1365.0915490722655,6.226071324233851,-0.0010771546932258436,-1.0,stop
469,1231.4265490722655,3.729540272366691,-0.052835432256130035,-1.0,stop
44,1660.4609509277343,3.4665630939114416,0.11360222060902175,-1.0,stop
90,1606.6934509277341,4.144753020767238,1.998793383544108,-1.0,stop
156,1674.6315490722654,9.944370961993718,0.4826018829056034,-0.00018959459558944846,max_bars
292,1581.87,2.9629489148918617,1.3703856536363923,-1.0,stop
417,1549.2074999999998,2.911651564691125,2.3852461474162223,1.070608521024154,max_bars
112,237.4111457061767,2.637261107126451,2.647892958181143,2.40832042494884,max_bars
271,244.41599693298338,1.5203587454875473,-0.8869757344806445,-1.0,stop
295,242.8582438659668,1.8398570314888691,-0.17417176679494487,-1.0,stop
391,237.68249999999998,2.0331719400815706,0.10708693261230534,-1.0,stop
420,237.47144325256346,1.9629499994287802,1.2139070154929106,-1.0,stop
21,39144.74999999999,2.988267903103208,4.022440692455681,2.829878179098122,max_bars
245,40702.49999999999,2.205024261408987,0.9888579387186812,-1.0,stop
368,36024.225,2.5655652550471206,0.5093727176823856,-1.0,stop
21,127.53450153350829,3.5241448893733796,4.820445530268194,3.9771942753967733,max_bars
147,146.9309969329834,5.322904278801741,-0.029535876915419253,-1.0,stop
238,140.7,5.43709804423751,2.4444446217434486,0.8078440977983072,max_bars
346,150.31785736083984,3.4778709028559853,3.3822901109152057,2.246069692022871,max_bars
21,429.63749999999993,1.7543845442924113,0.12105983838931106,-1.0,stop
224,344.5139877319336,3.9661616407429894,1.5358636185824728,0.7527820470456871,max_bars
22,1128.0120245361327,8.591402116484343,1.0719822870664895,0.8408446250656139,max_bars
127,1238.0595245361326,3.3164418771800555,4.1145258590415255,0.9216010244987141,max_bars
231,1304.4899999999998,2.5672868324019182,10.51089877575403,7.405494177366431,max_bars
358,1652.0190490722655,2.5192823703561555,1.9217401557239655,-1.0,stop
21,293.81175613403315,3.6287731906428595,3.225382005977303,2.8595865279720516,max_bars
119,327.02699386596674,2.607428140767354,-0.1263026191720384,-1.0,stop
154,314.81624999999997,2.9751443240203512,6.260118897584255,0.12104777095050742,max_bars
280,333.4589877319336,3.031551705106393,0.22168647223552296,-1.0,stop
336,320.19300613403317,3.6830948870295517,1.0902203270848099,-0.33435105930600967,max_bars
441,324.41398773193356,3.410451474601709,1.941977751423936,-1.0,stop
28,4956.66,2.1821145690848245,1.371486686390538,-1.0,stop
74,4943.594999999999,3.0361508173707468,0.21589659882074952,-1.0,stop
107,4540.0875,4.993022659943221,3.350039913306496,2.569671228946438,max_bars
224,5243.888803710937,4.81300830658975,1.799252540572917,1.3891709581959906,max_bars
337,5646.089999999999,3.0213829393438516,1.54704261680053,-1.0,stop
439,5627.999999999999,2.9140014214640924,0.36585365853659274,-1.0,stop
21,276.5257438659668,4.529684538897057,1.4030513816667785,-0.2655117088871459,max_bars
131,280.44523773193356,2.6547919986611315,-0.03293723232644625,-1.0,stop
204,279.5910122680664,2.124896048477364,0.1361688481368163,-1.0,stop
235,277.5810122680664,1.920524831474462,2.5828103825473625,1.6730383055690472,max_bars
341,293.3594938659668,2.508694628894222,0.4674905624844864,-1.0,stop
57,440.59199386596674,3.3119062690925336,0.16502241956457125,-1.0,stop
168,411.8489877319335,2.7556187024843184,0.08379602511678146,-1.0,stop
193,413.7585122680664,3.264830056067701,1.2985497719367425,-1.0,stop
114,4554.157499999999,2.811879087268048,1.6464686628112906,0.6063086027552101,max_bars
233,4743.499401855468,2.9408542098877763,2.906109238434643,1.169903177263228,max_bars
357,4994.146303710937,2.4758246192960085,0.20909396814242281,-1.0,stop
21,240.46635429382326,6.015957756878942,0.5829830675626456,-1.0,stop
98,222.11504447937006,6.017172096873156,5.5229855995129755,4.935632065775568,max_bars
200,295.46999999999997,3.93271529985594,0.06282380296706658,-1.0,stop
240,296.47499999999997,4.862130851304905,1.0000008468282522,-1.0,stop
270,305.9722622680664,6.788932404217839,0.11687379177915683,-1.0,stop
338,284.41499999999996,7.424014980585136,1.448495492217397,1.0412020452994803,max_bars
21,489.43499999999995,4.767741149791969,3.8382268449401242,3.0775666931209167,max_bars
123,569.3325,2.069530934389172,5.229573381664817,0.39189538919176403,max_bars
238,591.4927377319335,3.38004787828761,2.6038079806292127,0.43802216512243486,max_bars
22,1823.2709509277342,5.55435553208395,2.7819334813327106,2.5350709825512,max_bars
120,2098.138450927734,4.076874684031171,0.8307548148384918,-1.0,stop
264,1942.6649999999997,3.0867416064079367,0.4375052622613384,-1.0,stop
323,1923.2684509277342,2.171743154606742,0.867438180433165,-1.0,stop
397,1929.700475463867,3.0626773755508716,0.6784980405763523,-1.0,stop
21,1560.9659509277342,2.68205564105446,1.5151700866502766,1.178381669067157,max_bars
202,1594.7340490722654,2.3598965299713446,0.5385000625854895,-1.0,stop
231,1630.3109509277342,2.7056801483641935,1.7476156494523507,0.8589467582653949,max_bars
384,1676.8424999999997,3.4793070905585797,-0.1429918155718355,-1.0,stop
21,2867.5665490722654,1.9517054079920844,0.6581327266524543,-1.0,stop
112,2628.075,1.6314240966534375,1.2810481037626458,-1.0,stop
189,2656.2149999999997,1.6307075163813807,4.358411044070719,2.363727734583043,max_bars
327,2519.535,2.2756202564411634,0.2941464721571329,-1.0,stop
361,2523.3540490722653,2.7484866460877324,0.16792027406503138,-1.0,stop
403,2442.1499999999996,2.4138586421032553,1.1340109351717222,-1.0,stop
28,155.47349693298338,3.5141053195082357,-0.01711210920735562,-1.0,stop
71,159.1919938659668,6.9928116590748495,0.45526431207244006,-1.0,stop
154,147.72495552062986,2.4944751017254108,4.397612817696399,-1.0,stop
236,151.29269325256345,2.5134642510800562,1.277333547019414,-1.0,stop
261,148.99124999999998,7.142193851306272,2.1396694529629445,1.0711858031385195,max_bars
374,162.89040184020993,3.542508740743982,1.755439940106217,-1.0,stop
21,2035.1249999999998,4.000985139886974,2.121888839249582,1.2339580890929176,max_bars
182,2214.015,2.344830651271553,-1.5990591574327466,-1.0,stop
252,2062.9634509277344,2.3589076228047063,0.6603863548778424,-1.0,stop
278,2121.555,5.39957719691452,0.8419099995635309,0.536379904849202,max_bars
383,2203.9649999999997,2.262508812242921,2.455332239492429,-0.05545080203032474,max_bars
496,2319.54,5.571792302433886,-0.12333571932839638,-1.0,stop
45,110.14799846649169,2.4675874270586506,-0.07652544731110042,-1.0,stop
150,104.9220015335083,3.8237908281969166,2.1006982582655525,1.584745917019055,max_bars
259,113.56499999999998,1.5982036719059427,3.253444198734536,1.5619843117790373,max_bars
21,998.9699999999999,3.3904946508966542,2.5695287058566896,2.2447577560184375,max_bars
128,1102.3845245361326,3.6905972878544446,0.3002477361735433,-1.0,stop
154,1124.2934509277343,3.2014241539794237,0.03629900431716908,-1.0,stop
259,1072.2345245361328,3.985557595678097,3.153550365347358,2.2643395829068003,max_bars
361,1194.7440490722654,3.0838424921900867,0.08294424358386024,-1.0,stop
404,1169.1165490722656,2.3023023599956582,0.9616167326762667,-1.0,stop
21,1559.4584509277342,4.146208708615703,2.3468179744122977,0.4305952048969537,max_bars
157,1602.4724999999999,2.038877495362626,0.22427300570680772,-1.0,stop
231,1566.6945245361326,1.9208944997816648,6.665842529289417,6.383399352816921,max_bars
331,1776.1365490722653,3.0986679213980053,1.7963227843807201,0.5062715420438825,max_bars
449,1822.3665490722653,3.9710204903127684,0.31828898347489254,-1.0,stop
35,9719.355,2.462663417479859,1.694742119446012,-1.0,stop
162,9474.134999999998,3.36320941172992,0.4970106862083637,-1.0,stop
203,8994.749999999998,1.8205064065148917,1.9832061068702624,1.3022900763359027,max_bars
307,9366.0975,2.9051320467249018,0.10622111559275899,-1.0,stop
21,1542.8759509277343,5.222448509302308,2.887017619544515,1.742755516739932,max_bars
168,1683.2745245361327,3.6104939301496666,1.5076300567922143,-1.0,stop
224,1706.4899999999998,5.361297165526889,2.211280455001921,0.9302653359486075,max_bars
343,1804.9799999999998,4.370132877597664,0.11435087738629499,-1.0,stop
401,1749.705,3.858081723954891,1.6012883584951805,-0.5985470994140049,max_bars
21,395.3669938659668,4.734082576409412,4.040872268918681,3.573382820061137,max_bars
119,468.3299999999999,3.027780860400904,1.309589979081918,-1.0,stop
243,478.98300613403313,4.307668490590208,1.5905094562301745,0.9313723668189335,max_bars
350,505.76624999999996,2.870149995180572,-0.4351149775574717,-1.0,stop
427,469.58624999999995,2.3927966154214113,0.4328637088905818,-1.0,stop
70,294.465,1.6521467395053235,-0.26001837204417527,-1.0,stop
154,285.31949386596676,1.356192528770313,0.3955341754920945,-1.0,stop
189,285.82199386596676,2.141886135538733,0.7559673646374884,-1.0,stop
344,270.2444938659668,2.7547299730333368,0.6522275876918527,-1.0,stop
21,34597.12499999999,2.477445741517519,3.182587137232058,-1.0,stop
147,32863.5,2.4297472880247084,0.033187226048845574,-1.0,stop
168,33054.45,5.050605894213932,0.6951690676570168,-1.0,stop
241,31913.774999999998,4.461318035863817,3.2843848220400047,1.1667749468841682,max_bars
23,169.64400306701657,4.364432246348027,0.02106969690159791,-1.0,stop
98,170.72940490722655,2.5416860791707934,2.2907730612986708,-1.0,stop
175,175.6438542938232,2.8659435331286,6.1098596694709455,5.893326491029628,max_bars
273,204.96974693298338,3.522347585931275,2.116452724569725,0.3518471765606345,max_bars
385,214.2961457061767,2.8820633094621195,2.850294521913327,-1.0,stop
55,1086.2040490722654,3.572443381273134,-0.023296558851900948,-1.0,stop
135,1053.5415490722655,3.658284678587635,2.06422493202076,-1.0,stop
265,1045.1999999999998,2.344047817926576,0.6857146273689855,-1.0,stop
339,1039.0695245361328,3.461707624064224,0.9182892756186614,-1.0,stop
385,1025.1,2.6338917582735633,0.07037030673981627,-1.0,stop
21,1400.065475463867,4.704460287485449,4.537040464832803,4.450499390371481,max_bars
120,1707.3945245361326,3.4493799581636333,0.18856549995668678,-1.0,stop
150,1712.5199999999998,4.491627800788444,0.3767549506224826,-1.0,stop
201,1706.4899999999998,2.724305445680888,0.12282106198914614,-1.0,stop
235,1671.2145245361326,3.7945143951886773,0.4744267607055779,-1.0,stop
265,1642.0695245361326,1.6485005130205697,-0.02842590408192874,-1.0,stop
295,1621.667975463867,3.6547525107814525,0.18107676678711315,-1.0,stop
349,1638.9540490722654,2.8648789207265395,0.17561642206657166,-1.0,stop
397,1604.985,5.182911439787594,0.49546162606644767,-1.0,stop
21,18907.065,3.2107839053813945,0.1415581527513578,-1.0,stop
53,18120.149999999998,4.101235365049394,0.7129785373074103,-1.0,stop
112,17738.249999999996,1.8674333713866724,1.2279245283019091,-1.0,stop
153,17677.949999999997,4.259260830582716,1.2179427584833071,0.16209575669035564,max_bars
266,18131.204999999998,1.9370196299694264,8.920132116570151,8.083014193989312,max_bars
364,20853.749999999996,5.72918539830964,2.7380205063820995,1.5034526051475288,max_bars
59,969.6239877319335,3.209902820652805,1.8932683563466637,1.5800031951105071,max_bars
214,1031.732975463867,4.040094545990212,3.8832869035220607,3.4610528802582894,max_bars
314,1194.040475463867,4.994843330301275,1.511716865332179,0.57275683041837,max_bars
425,1247.0040490722654,3.1839511887454583,0.16864552837085794,-1.0,stop
21,108.87165184020994,2.775427133707587,8.448468094577551,6.879793710026841,max_bars
126,136.17749999999998,5.718639724147927,2.9768858803729947,-1.0,stop
290,129.74550613403318,3.657549517846767,0.7595607017831396,-1.0,stop
378,125.18279754638672,3.5011156329246216,1.0534843719068818,-1.0,stop
21,3575.388098144531,3.2216963252865742,4.363399490876283,4.131605231887001,max_bars
119,4006.2315490722654,3.128417446503779,1.4901938640629189,0.5885859864869312,max_bars
236,4222.004999999999,2.470504054057236,5.033277245213243,4.180008785848903,max_bars
21,312.25351226806634,4.8849770038683715,1.1077108885794982,-0.16740407167606347,max_bars
147,313.00726226806637,4.459089662636741,-0.06142090084360888,-1.0,stop
238,292.455,2.6516858296041215,0.45712515540181986,-1.0,stop
343,284.96773773193354,3.4627539618889758,0.7633225701410905,-1.0,stop
21,1374.84,2.461377323906776,3.5330976481697047,2.25059101654847,max_bars
141,1464.887975463867,4.047271932801244,0.7271627416154735,0.3257316109123318,max_bars
241,1496.445,1.967663362168335,1.3093903888605907,-1.0,stop
259,1549.7099999999998,5.898519798663933,0.6595561995940578,-1.0,stop
434,1465.7924999999998,2.271296926406691,0.6550266752553191,-1.0,stop
483,1470.917975463867,3.1557147467198914,0.7040806884718893,-1.0,stop
21,890.9324999999999,5.020861602081936,1.5887222800778595,1.1941539185829566,max_bars
169,951.3329754638672,2.9729851061987813,-0.08248688190278104,-1.0,stop
224,923.5447622680663,1.8618249363356512,-0.0374961240242666,-1.0,stop
259,930.6299999999999,2.1093237914101075,2.973509933774862,-1.0,stop
364,920.5799999999999,2.7678229392407427,0.8799049653824697,-1.0,stop
427,887.0632745361327,2.7634203158712123,0.11572295088992328,-1.0,stop
21,370.29226226806645,4.467352940821372,0.6503176742439393,-0.6010215533665908,max_bars
126,371.84999999999997,3.9263143740755595,0.7157525885595014,-1.0,stop
227,362.90550613403315,3.997049367498822,2.0505644526950983,0.9613242015256733,max_bars
339,390.7439877319335,3.184693899244815,0.29781617593017445,-1.0,stop
28,356.22226226806634,1.5783000559127964,2.744046371578111,0.3962377155653692,max_bars
189,358.03124999999994,2.801780570830045,2.045481649143315,0.7595009491822491,max_bars
21,238.10459815979002,2.374839148529619,9.380926037430378,6.692852887654273,max_bars
136,282.8069938659668,3.361658756396867,-0.29525529324518285,-1.0,stop
155,284.3647622680664,3.59213578015433,0.36567092855878186,-1.0,stop
226,269.8425,5.241021355701117,6.668373593510581,4.7627716225706855,max_bars
351,353.30773773193357,8.465069015312991,0.9794208661391012,0.8406610212200955,max_bars
455,384.51300613403316,2.72110908451749,1.766889177037038,-1.0,stop
21,1303.2840490722656,3.129329258751955,1.0179469841823887,0.00039230425186572885,max_bars
120,1319.5649999999998,1.331120482886393,0.4745245894712652,-1.0,stop
182,1316.7509509277343,1.887291328414285,1.1689341998741751,-1.0,stop
283,1331.3234509277343,3.584664215787726,0.11894668256261959,-1.0,stop
392,1318.2584509277342,2.902196523057336,0.385314844558417,-1.0,stop
21,373.5585122680664,3.642936679025445,1.318403031301369,-1.0,stop
106,431.4464877319335,18.182205664558307,0.05804609485674844,-0.3721834919072914,max_bars
259,399.98999999999995,3.4725852887533013,2.3765309219001995,-1.0,stop
364,381.2969938659668,2.4251452861568037,0.07061943464830188,-1.0,stop
409,375.76949386596675,2.985741593222558,-0.23347729859398406,-1.0,stop
448,376.87499999999994,1.94361849606136,1.4368568405089561,-1.0,stop
21,207.73349693298337,2.8370487581952237,5.6429125650504,1.6758297582241606,max_bars
129,237.17999999999998,9.13652310193274,0.33825531373991746,-1.0,stop
224,217.8940475463867,3.5127357261070515,2.2061482175683405,0.6984489906906856,max_bars
371,222.14519325256344,2.590735265818584,-0.30497562805399725,-1.0,stop
495,209.64300613403316,2.1193214444513244,-0.42606397035754673,-1.0,stop
21,597.9247622680664,5.155295218950854,0.03001523830195717,-1.0,stop
98,578.1764877319335,3.576155061760315,0.450923405800054,-1.0,stop
174,574.1564877319336,4.059261306627886,5.766349731747537,4.914657489613933,max_bars
280,713.3489877319336,2.9927830695900854,2.7706705821742084,0.26001404618476276,max_bars
395,746.96625,4.500373934439802,0.49481169094036676,-1.0,stop
454,724.1025,4.005306488247515,0.47228605335911095,-1.0,stop
98,25.426499233245845,4.82370167853352,3.239710836566965,-1.0,stop
259,23.83859930992126,2.6788425724158738,2.272791901055536,-1.0,stop
358,22.733100843429565,3.6207158965528987,1.2840466445934993,-1.0,stop
497,21.506999616622924,2.8223369550046185,-0.028006335351197946,-1.0,stop
28,2239.240598144531,2.779540447601047,4.960739630722851,0.17768869537392049,max_bars
154,2269.29,2.4805115256313632,8.097532379752183,6.65677740273584,max_bars
273,2674.908098144531,2.8003989444157504,4.059533073029589,2.0984646974807206,max_bars
399,2938.218098144531,3.1726064924655373,0.4449978475534689,-1.0,stop
21,235.1599555206299,4.277917724062406,1.576553528673757,-0.1600358413465948,max_bars
224,227.1098957061767,2.751925483648206,0.07841897981076645,-1.0,stop
259,229.5419938659668,3.1244822038825415,1.0050205509670607,-1.0,stop
409,215.2207438659668,2.4861677609067208,-0.09919012263127314,-1.0,stop
21,40.86329984664916,2.8957513120918783,0.022563638422464265,-1.0,stop
56,40.491450920104974,4.572450451601986,1.2738910607260374,0.9444215684818176,max_bars
203,42.189899539947504,3.2943911174069758,0.23030341163378645,-1.0,stop
225,42.72254831314086,5.717237454893797,1.4277912169270848,-0.15252498827872965,max_bars
343,43.19489953994751,2.789444759250791,3.556401035539081,2.6019651883641184,max_bars
21,186.74910736083982,3.4265766234479322,-0.08893665878582195,-1.0,stop
147,168.2973067474365,3.854672017169139,0.5615110345341164,-1.0,stop
224,164.51849693298337,3.9560915930314327,2.3955593247888305,0.9390037138615147,max_bars
337,175.54334815979,3.48253325921756,4.129752505376571,0.7453611941338679,max_bars
49,1234.9440490722654,3.032044172397508,-0.011859002518890807,-1.0,stop
63,1244.9940490722654,4.25657047210427,0.07559246741595327,-1.0,stop
88,1251.827975463867,5.2265928172407286,0.7362606311706748,0.3006669813205418,max_bars
224,1273.1340490722655,3.867151671426893,4.10013100349092,3.630943774815133,max_bars
352,1479.460475463867,4.357025857257602,3.1730998424109784,3.0536475560841247,max_bars
25,182.10599693298337,6.922340365113013,0.08519720800405613,-1.0,stop
98,178.93019325256347,5.3038509815733725,0.07057949247603147,-1.0,stop
205,166.14660736083982,2.555943531926948,-0.397163683751621,-1.0,stop
228,165.3225,6.461613277292294,0.3704655795162767,-1.0,stop
417,151.88565490722655,3.934309167489959,1.5218995298200622,-1.0,stop
499,145.41345245361327,2.0517082343421733,0.29380011724391336,-1.0,stop
46,186.36720245361326,4.205248332934043,0.958607526536503,-1.0,stop
119,187.8344938659668,2.3342341587447017,0.40723058647907245,-1.0,stop
155,188.13599693298337,3.5803903273749507,0.14162692619614858,-1.0,stop
241,192.72885429382325,5.047949010785484,1.2500079380925853,-1.0,stop
273,195.50264877319333,5.269827232317175,5.32458562797432,4.804331163257709,max_bars
375,251.6118006134033,2.902011367117324,0.9570520373744351,-1.0,stop
427,233.70269325256345,4.138888747342443,-0.011651036325427569,-1.0,stop
21,534.66,4.976997008759076,0.024050638834342407,-1.0,stop
112,514.0574999999999,3.8434440129812715,-0.10413760489884241,-1.0,stop
189,504.50999999999993,2.4796337039899976,0.5907269301746231,-1.0,stop
224,509.38425613403314,3.4815096901782505,1.435961592920725,-1.0,stop
316,532.2479754638671,8.313413578568127,0.11869525059788943,-0.8779606560554621,max_bars
56,471.84749999999997,3.040707008090531,2.6208407183851863,-1.0,stop
154,483.4552377319335,2.886562527981422,3.75807189311585,2.858764473980524,max_bars
271,536.67,5.323568281529494,1.3223668280755327,-1.0,stop
426,499.43476226806644,4.652209220583672,0.7129509759484598,-1.0,stop
21,92.86200153350829,3.0604605150755626,1.6143516959327109,-1.0,stop
98,92.46,1.9576016375958116,-0.6022089349811407,-1.0,stop
120,92.87205368041991,2.0157341269331623,0.8642616396484364,-1.0,stop
175,93.85694938659667,2.1169946956515617,0.5752799750047247,-1.0,stop
224,93.57555061340331,3.6073030220327755,-0.17050554382930816,-1.0,stop
260,91.6057515335083,1.7638124710409062,2.564901162911641,1.4756248894342272,max_bars
379,94.70115337371826,3.2746749000607247,3.1242702572479564,-0.3905498271324892,max_bars
21,593.9549999999999,3.8310962603174783,1.9707761744801302,0.3535488602848621,max_bars
152,614.4067254638671,5.5999916729249035,1.521309390255755,1.2466534304215242,max_bars
259,668.8274999999999,1.775867139579133,0.43548771340874387,-1.0,stop
337,645.2099999999999,5.3796438368903035,0.8481712594083138,0.30653919867293705,max_bars
26,1760.960950927734,3.439084011588447,0.9732194812611203,0.4448259800029114,max_bars
126,1808.7990490722655,1.592164098440704,2.7952658976294154,1.2778521409275454,max_bars
405,1769.6040490722655,3.37951307669608,0.09022725746950538,-1.0,stop
21,1023.7935122680663,1.8942772757995312,1.8566302684240987,0.9439489923465089,max_bars
182,1041.1799999999998,1.3234959935781843,1.8592230928384879,-1.0,stop
252,1033.0395245361326,2.4238689751368554,3.628683114442377,0.14618594815809444,max_bars
361,1059.872975463867,2.6204083433464627,-0.04583587957817888,-1.0,stop
21,4098.7919018554685,5.703922215461439,1.4076963225686845,0.3208319117845313,max_bars
154,4150.8511962890625,2.176690804282219,0.754265649044733,-1.0,stop
301,4125.123098144531,2.8392631045898296,0.7246811534197193,-1.0,stop
385,4046.833450927734,1.3179057545723099,0.6968712585770352,-1.0,stop
21,1121.8815490722654,4.3125363022749,8.042703435281185,7.5673155975406905,max_bars
119,1498.6559509277342,4.928142583618953,0.6681124685975057,-1.0,stop
294,1380.7695245361326,2.590549972353231,1.9075030028689415,-1.0,stop
390,1202.7840490722656,4.804191501943822,0.7409644564735449,0.005467365453688652,max_bars
21,301.6507438659668,3.9617776193005585,2.3721774484691562,-0.5272261098541272,max_bars
161,288.83699386596675,3.0075787222441206,0.824566151628535,-1.0,stop
224,278.43523773193357,6.513273997461743,2.286417684018844,0.9106449886645661,max_bars
343,298.88699386596676,4.512407781628166,0.35315489295581526,-1.0,stop
427,299.89199386596675,3.1317921311912036,-0.1375626710248209,-1.0,stop
21,24411.449999999997,2.5457316136485018,4.117064928795579,3.771099847131729,max_bars
169,26823.449999999997,2.9953268502000943,0.5744601406434823,-1.0,stop
271,27170.174999999996,1.5280541991356174,0.9028120672005986,-1.0,stop
361,24622.499999999996,2.5078688191694445,1.0242914979757198,-1.0,stop
21,963.7949999999998,6.401260061949091,1.8430173434550605,1.7684574315395565,max_bars
126,1082.8874999999998,2.298253512022239,-0.22450833437970102,-1.0,stop
196,1043.3909509277344,2.4047518442110225,1.4152136486593216,-1.0,stop
259,1059.872975463867,2.5354902036355607,3.4914993255646736,2.2002410792074056,max_bars
21,996.8595245361325,2.19283901072264,-0.5882801574607223,-1.0,stop
46,996.5077377319335,4.591809576519576,-0.1979495922190458,-1.0,stop
105,964.6995245361326,2.0161225377906873,0.4653314504965803,-1.0,stop
154,983.2920245361325,3.1722060356291166,3.416189530221259,1.4942269407293491,max_bars
259,1042.3357745361327,2.310750060061166,-0.2588996646481294,-1.0,stop
369,1003.3920245361326,2.0223450509860244,5.273395512723809,3.5042284610290313,max_bars
28,3668.2499999999995,2.3239964560757733,1.6146616110703904,-1.0,stop
147,3521.620598144531,2.715244174653893,3.4749762148211785,0.7830886159307242,max_bars
252,3717.2940490722654,3.62344085880511,2.915542582271006,2.580708707534092,max_bars
350,4067.034049072265,4.424205680231766,0.45775604116563745,-1.0,stop
35,807.5174999999999,1.946398958168854,-0.2142499106462296,-1.0,stop
42,811.9897622680663,4.247561221920929,-0.23165605509156925,-1.0,stop
77,803.9999999999999,3.7126835305892274,-0.8241204591646876,-1.0,stop
105,762.9960122680664,3.6561182802523,4.839540084861651,0.8031252755108744,max_bars
224,792.4424999999999,4.617688275687181,1.2299646697710518,0.5303672238168783,max_bars
421,792.9449999999999,4.123236794481325,0.49411150285785344,-1.0,stop
21,73.32479907989502,3.034172113243392,0.9732102635423933,-0.5864806191810256,max_bars
238,68.6415030670166,1.546442295888451,1.6095086366586209,-1.0,stop
421,65.69685276031494,2.8872821810426395,1.3459907200977115,-1.0,stop
21,1347.4034509277342,4.7056025338274665,2.1591348088674636,1.9320174484815855,max_bars
119,1468.3049999999998,2.6019814966279036,2.1461849608959986,-1.0,stop
259,1384.6890490722656,2.859058754949534,0.13415193789692062,-1.0,stop
42,17686.995,4.455222608475883,1.6307273523309176,-0.30964028959574597,max_bars
168,18437.73,2.509690726569917,1.5522442893263935,-1.0,stop
262,18705.059999999998,3.0476245465130702,2.9943163877486776,1.894432165035268,max_bars
367,20377.379999999997,2.9806579648610243,3.651124501959254,-1.0,stop
28,604.8089877319335,1.7458384293411813,0.20750211324143455,-1.0,stop
51,613.5022622680664,2.2008496298203766,5.087869615852376,3.928802779247093,max_bars
177,680.8874999999999,2.5536524021956537,8.14450035945367,8.052481634166107,max_bars
275,821.7885122680664,5.754340875069438,0.46970155470365615,-0.020904114502352814,max_bars
373,822.5924999999999,3.1962985569441873,-0.037749318370459285,-1.0,stop
429,811.0852377319335,2.2050981441747517,0.10146848188199423,-1.0,stop
22,264.61648773193355,4.805631706642342,4.736645112324283,0.6278081423141038,max_bars
130,282.7567561340332,4.37010326702554,0.01968508103422511,-1.0,stop
147,284.61601226806636,4.432643183892244,3.5577000702150525,2.883953103313699,max_bars
245,324.5647622680664,6.73663706073442,-0.1127273880410448,-1.0,stop
259,329.03699386596674,8.27779446711484,1.1129348121561842,-0.8531409807201422,max_bars
21,711.2385122680663,4.673328524080075,2.2793284826024265,0.5343647028690267,max_bars
119,736.1122622680663,3.0854312607188676,0.1469582152327011,-1.0,stop
204,747.3179754638671,5.876742229108614,0.8079159314345895,-1.0,stop
308,711.1379754638671,3.942694785725752,1.1417379659593352,0.38918654599507385,max_bars
63,2762.5440490722654,2.2640018751291686,0.18316612207978716,-1.0,stop
105,2795.4075,3.005200410181693,0.7629369460398108,-1.0,stop
168,2813.8994018554686,3.443598651450499,1.6109552293972365,-1.0,stop
367,2608.9799999999996,1.6857162569279784,0.16416441955150646,-1.0,stop
397,2619.9344018554684,2.35251512342039,0.3255586723791836,-1.0,stop
37,534.66,2.620352296026909,4.85654038364824,4.192728535017784,max_bars
145,602.2964877319336,3.4279567851407187,1.0269803569560128,-1.0,stop
229,592.4977377319335,3.6283240192994346,1.479330079173635,-1.0,stop
305,582.5985122680663,4.968857153669487,0.27467671420366274,-0.23484903630837756,max_bars
440,571.5937499999999,3.0167884820403286,0.7223614444185003,-1.0,stop
21,471.14398773193346,4.222485747446815,0.6261197372504679,-1.0,stop
106,442.60199386596673,4.168982567907316,5.747237737019723,4.958702681080569,max_bars
229,544.3582745361327,5.3564469749170796,-0.02600631483579163,-1.0,stop
261,516.4192254638672,2.7437447649513524,3.8944083614722804,2.055917763704704,max_bars
21,4321.198696289062,4.771793911401034,1.7148561788321754,1.1590834633037188,max_bars
127,4698.173803710937,3.558272015796689,0.6234595153020005,-1.0,stop
255,4540.791196289062,2.5588293671765543,3.653538122915704,-1.0,stop
339,4604.508098144531,4.1005010482686375,0.547073003797204,0.1350150151190858,max_bars
63,1874.1240490722655,2.1409494794182824,1.9832470535635456,1.4474088094900803,max_bars
227,1970.8049999999998,1.8218431344520305,2.1193448309672807,-1.0,stop
385,1941.1574999999998,1.8472200824443563,0.20476915564370712,-1.0,stop
457,1873.6215490722655,1.3995101983741964,-0.5194796736582662,-1.0,stop
21,519.0322622680663,2.4627105475506355,0.9362769657631256,-0.6401258238138547,max_bars
178,502.7010122680664,1.9297777468753745,0.34006633955026916,-1.0,stop
237,495.21374999999995,1.9918154325247077,2.4723092815324845,-1.0,stop
315,492.5002377319335,3.370606258363798,1.051175792841943,-1.0,stop
392,472.6514877319335,2.465132985795595,0.5234106071581033,-1.0,stop
427,469.2344938659667,1.9040599507908529,0.7460401253363285,-1.0,stop
462,461.9985122680664,2.532156308830244,1.8807062188712331,-1.0,stop
21,3539.810950927734,2.9891695459047796,1.0035733366085158,-1.0,stop
106,3267.556549072265,3.8333384093904472,0.32528052178086986,-1.0,stop
148,3287.053450927734,3.214232751650708,2.37518334628191,1.9000459576690618,max_bars
265,3556.7955981445307,2.8367021105574586,-0.09213077000712606,-1.0,stop
307,3512.4749999999995,3.632057100940205,1.5483037334780707,-0.10719138313906361,max_bars
21,55.47600076675415,3.0030993049908847,2.9675865559074572,0.026410388372390566,max_bars
259,48.380699386596675,2.502446704990737,0.7593119070675567,-1.0,stop
321,47.848050613403316,1.7723827878700626,1.7356854156543944,-1.0,stop
469,43.96874999999999,1.9530902962864094,-0.02183318822295181,-1.0,stop
21,319.3889877319336,2.2978249785883444,3.564654623055524,-1.0,stop
119,318.23324386596676,2.4614807285129467,2.3191842595721597,-1.0,stop
231,316.02226226806636,2.20626054160177,-0.49801173024660395,-1.0,stop
266,313.55999999999995,1.7412915858158955,0.5293068567150218,-1.0,stop
390,305.06773773193356,2.136492697465122,0.020294499840645915,-1.0,stop
21,252.45599693298337,3.527741067521453,1.964296799139561,-1.0,stop
102,245.15970245361325,3.7770108482167366,4.258265110722182,2.613503734879215,max_bars
232,269.51086349487304,6.02976398698907,2.183830078948508,0.27623978191145176,max_bars
337,279.54074386596676,3.4666637959215056,1.3888783768542388,-1.0,stop
63,451.0439877319335,2.581565025176532,-0.22277369445224887,-1.0,stop
112,445.215,2.7436182518558394,0.27302396995241557,-1.0,stop
161,428.0797622680664,2.8218484807749427,-0.08938605281337739,-1.0,stop
224,410.5927377319335,2.531151812940088,0.6405694302341549,-1.0,stop
266,405.66824386596676,5.316718300872795,0.37470637253930267,-0.1445763027717884,max_bars
378,413.80875,4.219036909317251,0.294480647491863,-1.0,stop
21,1296.550475463867,3.582621791975433,4.745902091806698,1.8740271977876177,max_bars
140,1419.06,5.754511830784987,0.46460949477106855,-1.0,stop
239,1344.8909509277341,5.52394045707194,2.6545488701809017,2.0515156410208597,max_bars
378,1478.455475463867,2.4184376794149802,0.675266286823209,-1.0,stop
21,320.8964877319336,4.501911388001989,3.5374380540067376,1.6996203975684718,max_bars
147,341.64976226806635,5.458737083338965,0.41824929598813915,-1.0,stop
252,301.6005061340332,2.9676714910986113,0.10049635619660553,-1.0,stop
289,300.99749999999995,2.8065057706563,0.08316202330510601,-1.0,stop
323,300.1935122680664,3.062528633149403,0.294390386340038,-1.0,stop
364,305.52,6.11089090615487,1.1371187434612786,-1.0,stop
21,329.18773773193357,2.0467729361137468,7.534037159495852,2.8588689764676825,max_bars
147,360.44324386596674,3.7296423486205494,0.24226060120128615,-1.0,stop
235,357.47851226806637,4.148086629739123,2.2066601071671355,0.18353148108043713,max_bars
343,368.03101226806643,3.2554388287177676,0.8195454283444444,-0.19873245201451226,max_bars
63,738.0217254638671,1.9270079972184606,2.6001235145688777,-1.0,stop
131,715.3589877319336,3.628802288508976,0.5601547528717524,-1.0,stop
204,703.24875,1.883935094090103,-0.5207113436409082,-1.0,stop
229,698.3242254638672,3.125228177408602,0.16842634540311627,-1.0,stop
287,678.3749999999999,2.4359719055186866,1.7685284362465388,-1.0,stop
384,642.1949999999999,2.833251582463261,1.7754877713657695,-1.0,stop
54,1979.3474999999999,3.867307341023992,1.7055094630207317,-1.0,stop
295,1772.7195245361327,2.404190192543145,0.2599868972086284,-1.0,stop
371,1707.595475463867,3.02152800269344,-0.030922778587130016,-1.0,stop
399,1714.2284509277342,2.084229258264738,3.2767051148448756,1.065582103668476,max_bars
29,1130.5245245361327,2.876941086216411,0.16220142699185547,-1.0,stop
84,1140.675,3.5658710851031152,-0.18869084204056608,-1.0,stop
112,1120.5749999999998,3.165787601370932,0.26567987353559414,-1.0,stop
210,1104.8970245361327,3.0316852501375116,0.537451109422426,-1.0,stop
454,1019.4720245361326,2.7535821921982793,-0.020376179808453004,-1.0,stop
155,3753.3734509277338,2.700862364299959,0.8545289548643253,-1.0,stop
220,3489.3599999999997,3.1914161909347185,3.3004660770811025,2.544360193712966,max_bars
21,682.0432745361327,5.13798403187336,0.6465359750424453,-0.5377140857562372,max_bars
126,676.9679754638671,2.270122137963654,0.03461898362564093,-1.0,stop
134,681.5910122680664,2.6395648355546526,-0.0828766406557331,-1.0,stop
140,685.5607745361327,3.8378471338205196,0.510787907266322,-1.0,stop
226,650.3857745361328,4.495139848795394,2.1947175286738414,0.6418254978778358,max_bars
392,655.5112499999999,2.823940855324742,-0.18157745079005533,-1.0,stop
25,401.84925613403317,3.4463809308169715,0.41523890625075194,-1.0,stop
147,380.6939877319335,2.191781824065287,0.8756026311447951,-1.0,stop
231,381.3975,1.8215871349362995,-0.9784103404059081,-1.0,stop
313,384.6135122680664,1.6935198470122994,0.8883819992234663,-1.0,stop
112,190.29675613403316,2.678321632661533,0.5755107287947427,-1.0,stop
238,186.04559509277342,2.099268032214052,1.9265722320988832,-1.0,stop
355,187.0807438659668,2.1385108655428677,0.789668916323093,-1.0,stop
407,189.44249999999997,3.9286326985760684,0.07759546825139613,-1.0,stop
21,767.6189877319335,3.8585532934051168,0.365678414573913,-1.0,stop
108,724.4542254638671,8.482830702591054,0.8176132131501157,-0.1335014053458526,max_bars
224,726.3637499999999,4.937436649337178,4.561326191684694,3.7541040744484526,max_bars
393,812.9947622680663,3.2466121440307325,1.3868349745995716,-1.0,stop
21,1375.7445245361328,8.842088540473082,1.5886899752737083,1.0510577921757294,max_bars
156,1534.0320245361327,3.5157055450979504,-0.048802153326321596,-1.0,stop
245,1537.6499999999999,1.7981985497349764,-0.36347285403480806,-1.0,stop
259,1572.8249999999998,3.689218519026263,2.725982474874857,2.138304675975376,max_bars
403,1743.6749999999997,4.793039093527305,0.07568050436532205,-1.0,stop
21,2183.060950927734,2.041214236771409,1.0758084842042526,-1.0,stop
112,2087.184049072265,3.9279764492657665,2.388462591436317,1.5151213034313769,max_bars
217,2261.2499999999995,2.9828613011332035,3.444777848158565,1.3409935752420714,max_bars
373,2323.56,3.419748245956633,0.9531857779093116,-1.0,stop
35,1462.9784509277342,2.725841608706414,0.3440828699325772,-1.0,stop
70,1450.9184509277343,3.461152466821894,0.4994483944004997,-1.0,stop
113,1439.1599999999999,4.2635948172458145,2.8575642035446966,1.9432874723133413,max_bars
224,1587.3974999999998,3.5213297236514367,1.7550427121069938,0.41687823555392095,max_bars
361,1609.8090490722655,2.9698583878515192,0.8197391851173592,-1.0,stop
21,1050.827975463867,3.200139703360235,1.949926269675767,0.8407288870319386,max_bars
263,1010.0249999999999,5.1409642745538235,1.2513234366896848,-1.0,stop
339,998.5177377319335,5.700225443694248,0.7463797005774431,-0.6617927466891058,max_bars
455,993.9449999999999,3.3145697196524897,0.3659128851115491,-1.0,stop
31,1819.753450927734,2.843981469102285,0.5535200643205235,-1.0,stop
147,1677.445475463867,2.339600593046962,1.1097959658299221,-1.0,stop
198,1661.0640490722656,3.489574861288585,-0.16327481691845483,-1.0,stop
260,1567.0965490722654,5.8768905544962955,2.918713872013547,2.0185713015355407,max_bars
21,605.4120245361328,4.973808831470748,-0.02032531868848092,-1.0,stop
42,612.2460122680664,4.254172267214555,1.2306678741376227,-1.0,stop
153,566.6189877319335,5.818541918236705,0.4604633732236955,-1.0,stop
267,532.5495245361327,2.9292134553474853,0.6506926278690406,-1.0,stop
301,527.9767254638672,3.035496165622681,1.171373957671918,-1.0,stop
364,519.9870245361327,2.8725787449194464,0.09459706782715745,-1.0,stop
392,520.4895245361328,2.975953175990859,6.585771901900871,-1.0,stop
55,590.6385122680664,4.171504525408257,1.2809823740807282,-0.1233246816637977,max_bars
196,567.9757745361328,3.1296691031618495,0.22076408343427908,-1.0,stop
259,546.6697622680664,2.1347005218744797,3.276010364890713,-1.0,stop
336,554.6595245361327,2.8683406364360216,1.5047873363803366,-1.0,stop
443,525.7657745361328,2.1427363821983696,0.3758485890416837,-1.0,stop
21,433.6072622680664,5.60582734430088,3.1530782198741596,2.6429431198164406,max_bars
119,488.37976226806643,3.742938912877648,1.1170950717877945,-1.0,stop
256,485.41499999999996,4.5558979856475945,2.6604100169247915,2.533799741209978,max_bars
357,546.9712499999999,3.413572871888823,1.9055346873962618,-1.0,stop
459,552.49875,4.407019126457294,0.17665145462286294,-1.0,stop
21,4819.276303710937,3.9274839578131395,2.4071877445823424,-1.0,stop
147,4850.6325,4.672225735509745,-0.04250273019094701,-1.0,stop
189,4693.349999999999,3.075628282570008,1.2930377554554988,-1.0,stop
330,4135.373803710937,4.869542954744049,0.41875551858080834,-1.0,stop
21,3186.8549999999996,5.860163149680472,0.7932589620984499,-1.0,stop
105,3125.0474999999997,2.695877460162595,-0.10145707533111817,-1.0,stop
176,2984.448098144531,2.296846637855693,0.3785920824910061,-1.0,stop
203,2939.6249999999995,2.8889755947824827,-0.22755301808522116,-1.0,stop
235,2880.1290490722654,4.209156765651358,-0.14459353949978868,-1.0,stop
271,2824.9544018554684,3.573664827622003,0.21044698325114,-1.0,stop
326,2944.449049072265,8.811463358620932,0.1350976272723668,-1.0,stop
29,3616.7940490722654,3.0218488415258284,2.819970103989364,-1.0,stop
218,3141.529401855468,3.3018743343951518,2.3992292752725333,1.2356246865110694,max_bars
325,3298.610950927734,2.079995244920809,0.38024542571374087,-1.0,stop
390,3184.7444018554684,2.9027244061873296,0.3662278407721456,-1.0,stop
21,865.305,3.947160317568655,3.0784683754926316,-0.1275066873349407,max_bars
159,849.2752377319335,1.7927344708206967,2.6189906137488412,-1.0,stop
238,835.9087499999999,3.374619274289053,1.2049909734896114,-0.7234903649282405,max_bars
350,851.8379754638671,2.974506442973425,0.5076189595931203,-1.0,stop
408,850.5314877319335,4.1775628820848665,1.5259285700930096,-1.0,stop
21,4221.0,3.9327173655531866,1.7240975621234926,1.596385542168675,max_bars
126,4529.736196289062,1.73378752256923,2.572878754785866,2.221452542197875,max_bars
229,4739.4794018554685,2.0947280940624298,4.316317717135113,3.268767040398112,max_bars
361,5140.575,1.6180115581671275,0.5545553490436367,-1.0,stop
70,412.15050613403315,3.360548667277436,2.4944558190695787,0.7363984306091058,max_bars
169,427.62749999999994,3.1283067623106424,0.21098951276631575,-1.0,stop
224,411.49726226806644,3.0977757173417935,5.856373710567862,5.0915035921876175,max_bars
350,482.4,2.974712314890399,0.35191692760769067,-1.0,stop
427,468.48074386596676,4.4357707186532425,-0.11456467469601458,-1.0,stop
21,394.71374999999995,3.968385242984633,0.4651660248474254,-1.0,stop
157,341.9010122680664,2.384026948032434,0.25137981290892836,-1.0,stop
252,336.67499999999995,2.517260798386784,1.9380566090186804,-1.0,stop
63,4506.419999999999,2.8719027520736904,3.813784577345105,3.612114838075678,max_bars
161,4997.362499999999,2.492568736258362,0.2812832706923206,-1.0,stop
252,4976.156901855468,2.2599107857920706,2.2038978889163348,-1.0,stop
324,4934.549999999999,1.8552856896778689,1.2064445658110539,-1.0,stop
42,1433.0295245361326,2.6398320981211416,1.4531085226513552,-1.0,stop
140,1415.04,2.3985204951140933,1.6782545382141654,0.514436872142191,max_bars
294,1362.1770245361326,2.6851905656425874,0.295895261495926,-1.0,stop
378,1262.28,2.200779541781536,0.2778977681785476,-1.0,stop
413,1232.732975463867,2.7364381528914277,2.7945066582432636,0.6245246105498188,max_bars
21,1261.3754754638671,3.9064894503207865,2.488549580215546,1.2161129468541023,max_bars
156,1346.6999999999998,3.8018860919284045,-0.033203124999997176,-1.0,stop
259,1315.5449999999998,4.374232732441676,2.699713692137686,-0.09635937092709856,max_bars
434,1311.5249999999999,3.1661615295171552,-0.20289041334286448,-1.0,stop
495,1248.2099999999998,3.2935182712894715,0.6954520031456232,-1.0,stop
23,2897.4149999999995,6.109414690551734,2.8369619558183543,2.457332216873724,max_bars
190,2923.645598144531,2.90888541833711,0.13233274111626597,-1.0,stop
224,2944.5494018554687,3.6389098937922326,2.7863004228790627,0.2375241905982767,max_bars
463,2823.5474999999997,1.680418067829554,0.48163653255847644,-1.0,stop
21,24.371249999999996,2.54911011950555,4.714284486214195,3.233399051535801,max_bars
203,25.738050613403313,2.8286927998437412,0.2911201670135048,-1.0,stop
259,25.11494976997375,1.851288398750256,1.7099684234321848,-1.0,stop
336,24.934049463272093,2.7033283758546025,0.06817021164010738,-1.0,stop
431,24.351149539947507,1.6884172355617497,0.3377126763814816,-1.0,stop
495,23.496899156570432,2.072183756861572,-0.44546918793718593,-1.0,stop
21,676.1639877319335,4.446260476965085,2.4226976730305445,-0.5376523816394967,max_bars
169,630.1349999999999,5.210790101649827,0.5029699489658219,0.044616264391821286,max_bars
281,639.0795245361328,3.048063379019107,0.7633897329408831,-1.0,stop
385,588.1260122680663,2.988479357904423,0.2431728603958014,-1.0,stop
447,584.6085122680663,3.2258360718871857,-0.06938641057668932,-1.0,stop
99,43.647150306701654,3.9799859717824924,0.11677063799206167,-1.0,stop
358,38.23020092010498,2.171579992375806,0.14429973672504878,-1.0,stop
469,36.79305061340332,4.003611807177742,-0.20572875731195941,-1.0,stop
21,3397.9049999999997,3.881950790266348,2.0855539971949573,2.0666009628141535,max_bars
119,3671.7674999999995,1.8184021727955129,1.5461489497135736,-1.0,stop
200,3646.1399999999994,2.6312771541445046,8.638310199617106,7.597035950083217,max_bars
361,4438.281196289062,2.1084964390000094,0.4896175600714491,-1.0,stop
425,4186.7294018554685,2.5946101066640783,-0.02236594614941982,-1.0,stop
21,1364.79,2.9154668483796016,0.09575208811102173,-1.0,stop
49,1364.4884509277342,2.073194517449047,-0.10564190231103765,-1.0,stop
85,1357.4534509277341,2.611761817946975,-0.6107558371044304,-1.0,stop
100,1364.79,3.0400245584943444,0.4581844107112766,-1.0,stop
161,1347.705,2.1595990527646944,3.992266859529638,3.3772519342917175,max_bars
378,1368.81,2.974117986722953,-0.20903822324742657,-1.0,stop
21,26.421450920104977,3.7902946618612607,3.6133076503804595,0.30810161481033277,max_bars
150,26.863649539947506,3.214937488903801,0.007354023816511526,-1.0,stop
193,26.52194938659668,2.156510501246458,0.7134398120759274,-1.0,stop
273,26.71289992332458,1.920042982444172,0.11132896843935577,-1.0,stop
371,26.19029946327209,1.6811547492595242,0.5444041201466583,-1.0,stop
21,11206.755,3.17446932675872,1.5270199997189164,1.4932889207460267,max_bars
169,11780.609999999999,3.5703584109821036,0.863959487411147,0.393214616865986,max_bars
272,12119.294999999998,1.7104542797250026,0.5340456836875143,-1.0,stop
361,11695.185,2.1392137020491724,0.4988908207926116,-1.0,stop
21,171.23190490722655,2.8393714317861694,1.2624854172606204,-1.0,stop
150,162.30749999999998,4.834954198747926,2.1768096851812224,1.0184784822793425,max_bars
259,173.64389877319334,2.190634086298201,4.43126539481427,3.0432174968726673,max_bars
361,188.26665184020993,3.5994937397609186,0.3546512840799311,-1.0,stop
21,1283.3849999999998,1.7286355090736425,5.79737286117444,5.752297458918284,max_bars
119,1405.8945245361326,2.6100516592000242,0.9566939262485576,-1.0,stop
210,1414.8390490722654,2.7663286453716847,3.399694486583189,2.9065801874942343,max_bars
346,1554.6345245361326,2.0991766245426735,0.21650159566196975,-1.0,stop
23,1111.9320245361328,7.179579973290092,0.5257036544823265,-0.035475087855530635,max_bars
140,1162.4834509277343,3.9814330018136794,0.36765908287027327,-1.0,stop
234,1172.935475463867,3.097825979179271,3.450195367764986,2.8749996367505006,max_bars
369,1277.8574999999998,2.0782795555744555,1.0747463764252325,-1.0,stop
112,592.9499999999999,4.20777468589256,1.444889779559123,0.7274539313001054,max_bars
259,614.6077377319335,2.3686245787738947,0.5387010017329215,-1.0,stop
359,580.2870245361328,2.84118652426243,0.6497817425141102,-1.0,stop
396,579.2317254638672,3.1648302818917715,0.55468387372069,-1.0,stop
21,129.14249999999998,4.12141650128793,1.9816818857012657,0.6871776124091813,max_bars
124,134.14739570617675,2.4953094592687726,1.682683704788698,-1.0,stop
259,132.63989570617673,2.8949756285431874,6.080927746799432,5.203296344239686,max_bars
362,158.20709815979004,8.284768641060705,1.9487848052446153,0.4671443249941608,max_bars
21,493.4549999999999,2.240327102474502,1.0805054094620452,-1.0,stop
84,480.23925613403316,3.735485617206119,2.2080454285436,0.8228174965295731,max_bars
194,508.53,4.627062316874123,0.7764550698244288,0.3068423289417791,max_bars
336,502.4497622680664,2.9853233472190333,0.30335423679849804,-1.0,stop
383,495.3644938659667,1.961081201776817,0.11688775928770238,-1.0,stop
406,503.8064877319335,3.564162444444778,1.4141703815133841,-1.0,stop
21,940.0770245361326,2.7260545317280416,2.336323364659577,2.0943906677298396,max_bars
119,984.5985122680663,3.5088946453426493,1.4849118139031956,-1.0,stop
238,911.2335122680663,2.0668124690812926,0.6805152409503287,-0.5460220720002674,max_bars
24,540.6899999999999,4.261217256826915,0.6493073032244661,-1.0,stop
98,514.8614877319335,2.3523778764822723,0.5894001154990148,-1.0,stop
196,471.99824386596674,2.3195544083649224,0.03212952229135781,-1.0,stop
325,442.6522622680664,2.2935073721408625,-0.16274818601402244,-1.0,stop
361,443.2049999999999,4.288080638297994,-0.4606678987822219,-1.0,stop
21,314.2635122680664,3.361351110982458,-0.5361391709023939,-1.0,stop
90,286.82699386596676,5.308770822862875,-0.19550733269729237,-1.0,stop
199,265.0185122680664,4.534970846077973,1.7707246163444057,1.192451571025853,max_bars
338,271.85249999999996,3.8633059826502754,1.7945749259935657,-1.0,stop
21,1315.5449999999998,4.8303174729864695,1.5210473077641908,0.5249039958149756,max_bars
141,1374.1365490722656,5.133156055993861,0.9167371841275065,-1.0,stop
224,1339.9665490722655,3.213999982911541,4.66565335690547,3.708992154981905,max_bars
402,1496.445,3.5046393285419737,1.5493364700519638,-1.0,stop
21,120.99194938659667,2.6216204531405283,0.2831223979942606,-1.0,stop
56,120.38895092010497,3.047580090499098,0.6326192383466294,-1.0,stop
98,119.94674846649168,4.082432810675014,0.7644371225940044,-1.0,stop
201,113.75595245361326,3.45999719038353,-0.004053552169324537,-1.0,stop
260,110.14799846649169,3.3119062690925336,0.735198599779646,-1.0,stop
349,106.48979907989501,3.7842122252469976,2.2036338470332253,-1.0,stop
21,1324.59,3.8872424232451115,1.6587679064427414,-1.0,stop
154,1296.1484509277343,1.8399437257776694,4.451098964912607,2.178406940692032,max_bars
252,1344.6899999999998,3.509359034424279,0.28205128205128527,-1.0,stop
313,1300.8720245361326,1.804328149069066,1.9737528286812451,-1.0,stop
439,1174.8449999999998,3.016991653021233,-0.01255398201244337,-1.0,stop
24,640.5870245361327,3.7991753819484346,0.42170114241236,-1.0,stop
47,649.1797622680664,5.496129784362117,1.0880183965429033,-0.4744920142928922,max_bars
159,651.8429754638671,3.3356192666580116,0.32916453922247085,-1.0,stop
245,637.5217254638671,3.7993587831496116,0.4284704545646431,-1.0,stop
273,606.4672622680663,2.8636808221401124,0.4884326546929101,-1.0,stop
334,602.4975,2.074282465902339,0.49630023660983036,-1.0,stop
495,579.885,3.6015761745863393,-0.016040804741738992,-1.0,stop
35,3097.8119018554685,3.2704342634485526,0.5388113290594091,-1.0,stop
147,2902.640950927734,2.2820958466396735,0.41302258429044636,-1.0,stop
225,2754.705,2.7845086860480497,0.368880777002805,-1.0,stop
284,2712.3944018554685,1.6256615556048861,0.39700096013260583,-1.0,stop
408,2639.934049072265,2.8953014602439002,0.14216177067351934,-1.0,stop
438,2614.4069018554683,3.174983949621899,0.12641103220217553,-1.0,stop
21,1420.165475463867,2.5676954497208437,-0.3473273923734163,-1.0,stop
54,1418.8590490722654,2.4004498731857975,6.307903947843311,5.6825207420788715,max_bars
161,1646.9940490722654,3.3086973873986567,0.950672608070634,-1.0,stop
224,1634.5320245361327,3.984749099091779,3.953018101414388,3.7856652734092004,max_bars
336,1905.4799999999998,3.1215231857589583,12.937457969065283,12.819771351714913,max_bars
456,2673.2999999999997,3.2618824054071647,1.2786717167248933,-1.0,stop
21,142.81050613403318,5.38511572084748,3.9021465705531506,3.428834115702722,max_bars
119,172.7193006134033,4.121887064505176,-0.2134064917599657,-1.0,stop
154,171.27209815979003,3.212486999602154,0.6520976421038889,-1.0,stop
224,166.4883036804199,3.6989396331326017,0.2730776323831464,-1.0,stop
273,162.07635429382321,5.087942962869815,3.9743210052762383,3.22610978636565,max_bars
392,193.6735567474365,3.0843445535438963,-0.19645852504812633,-1.0,stop
404,196.57800613403316,3.819348337827385,2.850558469126195,2.629462482649699,max_bars
21,789.93,3.2635772265817797,1.6318867277340852,0.3906132481170027,max_bars
177,797.9699999999999,2.8096309644511908,-0.17261473269174996,-1.0,stop
212,786.4124999999999,4.102487636696697,1.690431723435483,-0.04068269375566928,max_bars
386,780.8849999999999,2.4184098810964327,4.112522520146641,-1.0,stop
21,182.36730674743652,2.619609015864925,0.6034134283598948,-1.0,stop
112,175.83480674743652,3.7733199256301724,0.7031389585772287,-0.21173388750734837,max_bars
220,176.46794631958005,1.7101969135360229,4.927865974013278,2.4957521660083324,max_bars
352,183.6436457061767,1.9840848248059735,-0.09156986559295584,-1.0,stop
439,172.78964263916015,4.403996586340695,-0.005209522034643162,-1.0,stop
36,1969.4984509277342,3.2748668016139924,2.3334133906702927,-1.0,stop
168,1884.2745245361325,4.445982973566761,2.011655992381149,1.930485148789049,max_bars
266,2043.1649999999997,4.86328569507968,0.24691755878223418,-1.0,stop
359,1890.6059509277343,3.470101789087301,5.822553309977731,5.325645678958717,max_bars
21,23.205450153350828,3.2985769042824673,3.363448708318554,1.5605853541118075,max_bars
119,24.773249616622923,2.515818504789324,-0.5186503885643293,-1.0,stop
43,114.31875,4.171447770590735,0.8453475342421043,-1.0,stop
161,102.4597469329834,5.953309963396211,2.4329300488632946,0.07053612296443518,max_bars
313,95.8267484664917,5.871796349447286,2.605988437506055,-1.0,stop
35,468.7822622680664,4.091933016352415,0.14167977471576249,-1.0,stop
77,457.9785122680664,2.9976323998429817,-0.3589991674889528,-1.0,stop
106,466.1189877319335,8.843019683882583,2.2072588238618924,0.7661765010852234,max_bars
224,512.55,4.926351030539706,1.6019794235480063,-0.8257416916084759,max_bars
364,496.0177377319335,3.1183864532127172,-0.6476531991700879,-1.0,stop
21,1824.9795245361327,4.804408736053833,2.1774822253013695,-1.0,stop
105,1802.3670245361327,2.7944932330913814,0.08404211066246546,-1.0,stop
121,1867.2899999999997,6.811476761192009,0.2705397009741512,-1.0,stop
202,1828.9995245361326,5.401837017388782,0.12551167434915134,-1.0,stop
254,1666.6920245361327,3.8814624167975835,5.7628120025157195,3.471958497241663,max_bars
418,1837.1399999999999,5.456305757097303,0.2918997559908389,-1.0,stop
21,2507.140081787109,2.5250615350083834,8.195954837314563,-1.0,stop
133,2437.4265490722655,3.176569529930477,-0.009384350834392798,-1.0,stop
169,2366.7749999999996,2.7283982984493518,0.42779529934662197,-1.0,stop
188,2426.8740490722653,4.119461690512244,-0.16878412694121486,-1.0,stop
245,2410.995,2.504978332337889,4.551789831185969,4.098110774172212,max_bars
61,1087.9125,2.106097687084201,4.054011951036571,1.8630649464675522,max_bars
170,1166.1015490722655,3.3446120980936085,0.04611289189210579,-1.0,stop
296,1134.9465490722655,1.977762661212009,3.1209007096013326,-1.0,stop
360,1124.192975463867,2.2409831775965183,2.929666828834517,-1.0,stop
56,517.5749999999999,2.758056746757714,6.260941210474701,5.007000117153204,max_bars
181,602.9999999999999,4.792707199678672,0.26297471161441544,-1.0,stop
242,572.9504754638672,4.380919634914,0.4003714900104126,-1.0,stop
364,507.5249999999999,3.4431825441172808,4.164517136284869,2.937049484021904,max_bars
