entry_i,entry_price,initial_risk_pct,max_r,exit_r,exit_reason
14,1076.9579754638671,4.23952723095591,1.928296596525946,0.1454730998860288,max_bars
112,1086.7065490722655,2.3655465308653456,2.602193951651123,0.2681583784075229,max_bars
220,1104.3945245361326,2.7974173947583565,2.984524035706272,2.4472127860535013,max_bars
337,1190.925,2.756262939652997,0.9466862722785127,-1.0,stop
21,31853.474999999995,1.8788373952920208,5.825681941601632,5.717072559421917,max_bars
158,36044.325,3.3134897102387053,0.6913319238900677,-1.0,stop
192,35436.299999999996,2.0495932137384423,0.8036623984579495,-1.0,stop
238,35551.87499999999,2.396146476100045,0.40278796771828346,-1.0,stop
283,36581.99999999999,2.6707123722048904,0.7349027635619392,-1.0,stop
325,36878.475,2.761705846025354,-0.38142811556493716,-1.0,stop
364,34054.424999999996,2.215350868499456,1.0015243397289484,-1.0,stop
442,33149.924999999996,1.9605625050433622,0.2770704312036129,-1.0,stop
18,470.34,4.324531190202826,4.255655084270532,4.031955535198506,max_bars
119,561.1417254638671,4.863610856128895,0.06808924105066548,-1.0,stop
154,541.6949999999999,3.4050526587839904,0.005691937813435013,-1.0,stop
189,522.2482745361327,2.4410371767060215,-0.545037426317599,-1.0,stop
252,501.49499999999995,2.8704162347549476,1.1048996983560408,-1.0,stop
372,472.2997622680664,2.4771886626337647,1.2607293107179594,-1.0,stop
19,439.9889877319335,3.633951798283392,4.034715227107466,2.9808645152289066,max_bars
119,492.1485122680664,2.448144384105769,0.6973043305253234,-1.0,stop
147,481.09351226806643,2.960652305910601,2.0891270373798148,-0.2171875542670499,max_bars
252,489.43499999999995,2.540684667013995,4.2030568722984745,3.1415359871331114,max_bars
366,540.5392254638672,4.4657630589323976,0.46442193811644705,-1.0,stop
442,497.97749999999996,2.104010723376049,1.3240282608938874,-1.0,stop
13,1334.4390490722656,5.578302667627824,2.772214346203213,2.264415693490322,max_bars
126,1527.6,1.6692867513787908,-0.25882328161067164,-1.0,stop
153,1529.2079754638671,2.2827455255164497,-0.04606403281148051,-1.0,stop
174,1507.2990490722655,4.464877033770284,0.37743329883211413,-1.0,stop
259,1384.6890490722656,2.3246409794193186,2.1283916137379566,-1.0,stop
392,1312.4295245361327,4.093901604602196,0.39774230379816244,-1.0,stop
413,1274.7420245361327,2.7254161130190258,1.9359256221213323,1.2710255221886726,max_bars
21,6875.204999999999,2.228369917696986,2.798831630821472,0.520838092751555,max_bars
123,7009.874999999999,3.6787389218780526,0.37469704314105867,-1.0,stop
147,6900.8324999999995,1.5988288369555343,0.033240432329556514,-1.0,stop
164,6906.36,2.625985323672668,5.613917071018981,3.284296426996036,max_bars
264,7651.065,5.856243542565638,0.5433028690033808,-0.09499737761262261,max_bars
384,7557.599999999999,1.536201968879002,-0.7071490094745874,-1.0,stop
21,26562.149999999998,2.2669475174261042,-0.11151706385451936,-1.0,stop
46,26376.225,1.7107262316726466,0.2521469333481147,-1.0,stop
107,25808.399999999998,1.6986717502828454,7.029197080292012,6.77828467153289,max_bars
238,28084.725,1.1918400482824687,-0.16349241915004945,-1.0,stop
306,28049.549999999996,1.9770370647657294,0.9024434225949107,-1.0,stop
369,26431.499999999996,1.9919414335168129,0.5859449192782593,-1.0,stop
432,26195.324999999997,1.108308448167744,-0.3283389305089049,-1.0,stop
18,350.04148773193356,4.354198137403916,3.6058467006626644,3.494308320986186,max_bars
119,407.025,3.1386278484122543,0.27984392199731173,-1.0,stop
147,404.26124999999996,4.071936701089028,0.4336692901614271,-1.0,stop
224,397.22624999999994,3.140842278172688,2.682998674043205,0.16220819557159233,max_bars
337,404.66324386596676,2.659804203281534,1.0904466646965771,-1.0,stop
403,403.5577377319335,1.6373680658531797,0.5739143306256294,-1.0,stop
12,606.76875,6.183368869936027,1.843911703002668,1.7119773446610076,max_bars
120,681.6412499999999,4.605245061093339,0.9448090723679018,-1.0,stop
181,632.3962499999999,3.383361302347997,0.06093414533066783,-1.0,stop
221,625.4114877319336,4.015196463696587,1.1762947074803625,-1.0,stop
297,619.6829754638671,5.564613620540967,0.5311905592249737,-1.0,stop
367,606.6179754638671,3.6461127692356903,1.6833367132943169,0.2885446973462326,max_bars
21,60.31004831314086,2.702780139557459,1.3434890728114437,-1.0,stop
105,59.98844861984252,2.5145659077891884,2.5533188954959716,-1.0,stop
224,57.03374999999999,3.373001757114741,3.6731647646747185,-0.10591201226191808,max_bars
378,54.85290184020995,2.3388045159815074,0.1146604675338069,-1.0,stop
430,51.94844861984252,3.3464898020185316,1.749577998522207,-1.0,stop
18,97.97744785308835,2.8654039737314196,1.6465301754619983,-0.04183413986015446,max_bars
147,96.6809969329834,3.0833360011870274,1.1100305091324507,-1.0,stop
222,94.33935276031495,1.7801151365456653,1.8225208617042896,-1.0,stop
336,90.59069938659667,3.213021978116596,-0.24073254477621062,-1.0,stop
400,86.15865337371825,2.041178429531726,0.47840431141354856,-1.0,stop
427,84.37979907989501,1.848545981478213,1.936276212755928,-1.0,stop
469,84.57075153350829,2.3066470990899695,0.3994604255736303,-1.0,stop
511,81.83715030670164,1.5728153413455646,-0.6659276523923875,-1.0,stop
14,1209.8190490722654,4.456784235588791,4.695577350159228,4.478586200077375,max_bars
112,1449.2099999999998,2.947122915243465,0.4867712479513079,-1.0,stop
147,1425.09,4.504275209701662,0.6217481722916175,-1.0,stop
224,1415.4420245361327,3.959328545472308,0.8486131001798075,-0.420077800056943,max_bars
329,1430.0145245361327,3.413571857257337,-0.6292070910630339,-1.0,stop
353,1414.0349999999999,2.4564421087084023,2.0689542374325347,-1.0,stop
420,1376.85,3.9909921622498756,0.42129227089091975,-1.0,stop
486,1262.0790490722654,4.340377909324113,0.46954124100888145,-1.0,stop
23,1124.5949999999998,4.321111155571544,2.041466176111237,0.8150005385713637,max_bars
148,1156.9559509277342,3.03865519438476,0.6270369342196687,-1.0,stop
219,1015.9545245361326,3.35197091007778,0.17458778888598747,-1.0,stop
238,1013.7435122680663,2.164603196917424,0.6360162844235455,-1.0,stop
293,1033.5420245361327,2.7035232517744796,-0.20549587176811354,-1.0,stop
311,1029.2204754638672,2.6933466759271,0.5439868224451504,-1.0,stop
378,1012.0349999999999,1.762289623675921,5.857307064778882,0.278385388183867,max_bars
19,1332.1274999999998,2.584403431963144,1.8349418119630365,1.7739413130098673,max_bars
147,1380.5684509277341,3.112375580719817,0.3498268099725153,-1.0,stop
224,1359.6645245361326,3.31438734606755,1.2035069947747719,-0.7292755940890274,max_bars
360,1322.2784509277342,2.206681604871088,-0.3008536541030101,-1.0,stop
378,1316.55,1.9330845326088986,0.8467565781206138,-1.0,stop
14,908.5199999999999,5.054376834198738,3.0102335912014255,2.1228211710215943,max_bars
150,1001.7839877319335,3.5121356077624544,0.4722609977844664,-1.0,stop
168,994.1460122680663,3.213411276292582,2.703123632597145,-1.0,stop
221,1028.3160122680663,6.857427447771287,1.6958416620356542,0.6889783209935998,max_bars
330,1101.1784509277343,2.2410946115902353,3.84228124163591,-1.0,stop
23,348.8857438659668,4.137667391901627,0.20880479782621938,-1.0,stop
56,341.09699386596674,3.194687099241171,5.171433714844813,2.5239110331984946,max_bars
159,381.14624999999995,3.5147269584837724,1.2842217862100036,-1.0,stop
219,372.9052377319335,3.0584815062673503,-0.25911126048936534,-1.0,stop
259,369.3375,2.5823297680390502,4.1900326757650355,4.079942353448631,max_bars
357,408.53249999999997,6.837275833987344,0.10623827614524438,-1.0,stop
404,399.88949386596676,2.8481603144553325,5.620135607762962,5.132845491250168,max_bars
42,3073.893098144531,3.5457705366062235,6.074754455917369,3.1754909039284143,max_bars
159,3493.681549072265,3.4514150680972953,1.7035667274834452,-1.0,stop
266,3185.7494018554685,5.04588972886077,1.3315797415228425,0.2572370119172231,max_bars
375,3260.923450927734,3.110267764760897,1.1533471829839852,-1.0,stop
21,1516.5449999999998,2.561417486993452,0.4493494158607447,-1.0,stop
45,1518.4545245361326,3.171282045652181,0.6758556704305565,-1.0,stop
99,1505.6909509277343,2.3039888037023415,7.247106750746619,6.5639328815366085,max_bars
200,1752.4184509277343,2.7344183064476493,0.6778510752635455,-1.0,stop
243,1680.460475463867,2.6754854470145304,-0.23265936038140178,-1.0,stop
295,1652.2199999999998,2.4948251443512244,0.03347830145409624,-1.0,stop
358,1572.7245245361325,2.5830683197476723,1.579722151662728,-1.0,stop
397,1406.9999999999998,4.171993686700411,0.6473599933454012,-1.0,stop
47,2999.9249999999997,2.1508903608006777,3.7981345073758797,1.2487389082191631,max_bars
147,3131.9819018554685,3.323199264020575,0.8427782875801746,-1.0,stop
295,3054.6974999999998,2.7432371832644566,-0.187326372581624,-1.0,stop
356,3034.095,2.003726026109097,2.28316496136878,-1.0,stop
21,1499.7615490722656,2.957905187370923,1.80423239220339,1.5382350235592306,max_bars
119,1574.432975463867,3.514471605984183,0.2614542674734996,-1.0,stop
154,1554.5340490722654,3.784677340165185,1.308186131417237,-1.0,stop
224,1411.4220245361328,4.210081995543605,-0.1232211289896878,-1.0,stop
255,1380.87,2.2283071117529087,1.4991863308018079,-1.0,stop
343,1316.7509509277343,1.6898374679021166,1.2650728311679693,-1.0,stop
21,1826.687975463867,2.5996790327550525,0.46984528981332774,-1.0,stop
77,1826.9895245361326,2.829215768006741,0.015680644481109385,-1.0,stop
98,1825.3815490722654,2.3382288443795765,1.513965130324782,0.5346192087949145,max_bars
256,1701.062975463867,2.472746516183309,0.3051864212797539,-1.0,stop
313,1677.445475463867,2.1428699763804246,1.2728855333684725,-1.0,stop
19,221.76330368041988,3.1129149663176805,1.984079634694608,0.06760416606112475,max_bars
123,225.37124999999997,2.560772013504109,-0.20294637911097016,-1.0,stop
161,220.19550613403314,2.2686699077092793,1.7424625676217311,-1.0,stop
196,221.5019938659668,3.468134262663341,0.11689685026619177,-1.0,stop
259,213.7132438659668,2.1071399556893544,0.0037199598880621088,-1.0,stop
283,211.18065490722654,2.1169780893630366,0.5501091510790312,-1.0,stop
360,206.22599693298338,1.767960953590889,3.064731753915443,-1.0,stop
12,922.4392254638672,14.671887983717474,3.015095583167386,2.9958847807705755,max_bars
110,1325.4945245361328,12.115817692892513,0.6768938323112782,0.17189537019525133,max_bars
210,1373.3324999999998,3.664990087979405,0.708637560224514,-1.0,stop
242,1296.4499999999998,3.3977380991119848,0.1032917712093495,-1.0,stop
257,1285.1940490722654,3.267529750134188,5.027039758220329,-1.0,stop
329,1296.4499999999998,3.4131704908114333,3.4248549778701416,-1.0,stop
16,214.65794631958008,9.898512038234568,2.049236793856927,1.6397848131508184,max_bars
119,259.49101226806636,8.802238725704346,2.2765612776269246,1.1119908038764061,max_bars
224,300.5753865051269,6.0634972854972675,0.30038337566648776,-1.0,stop
336,273.46050613403315,3.733813806747145,0.8167549727176473,-1.0,stop
392,268.5360122680664,3.8117883663512138,4.6369552796014535,3.9384425011415183,max_bars
19,323.60999999999996,2.459752820838535,1.6193454919974404,-1.0,stop
77,318.53476226806634,1.957329376142204,0.9567688062751092,-1.0,stop
110,314.86648773193355,2.9747490116851845,0.185076671340946,-1.0,stop
182,295.21874999999994,3.6477147176352096,1.0661660101453905,-1.0,stop
261,277.0282438659668,2.555057766008923,1.5076884814291849,-1.0,stop
308,272.35499999999996,4.79338077400129,1.5047860307184997,0.9111443031507537,max_bars
422,289.0882438659668,2.849731158998889,1.0089233001263358,-1.0,stop
21,1468.3049999999998,4.556612937089865,0.9968615848956206,-1.0,stop
98,1433.3309509277342,1.9068136992398046,5.73229411177513,3.0613296000382593,max_bars
226,1481.37,4.190037004386136,3.8461440854831976,2.955214968998412,max_bars
333,1692.4199999999998,3.5404923127828702,0.9309070622809613,-1.0,stop
21,4407.728803710937,2.473577963931095,7.074025869160009,3.1392787756976235,max_bars
168,4800.884999999999,2.601291220264583,0.8937422428634466,-1.0,stop
224,4635.0599999999995,2.7628552812692715,0.3040762142745641,-1.0,stop
262,4676.063803710937,4.032532737497975,1.091068364806383,-1.0,stop
341,4455.566901855468,2.248131421166738,0.7760330569045191,-1.0,stop
404,4289.741901855468,2.2691807977914564,-0.3055402807077934,-1.0,stop
424,4295.37,3.5752495201228274,0.12782428230982476,-1.0,stop
15,516.2182745361328,11.655590224354324,1.0766755872640381,0.12850187514732456,max_bars
155,519.5347622680664,2.05660081683576,0.22136791046701243,-1.0,stop
177,516.4695245361328,3.121097696344214,4.2327869753749585,2.5329828200213056,max_bars
278,568.7797622680663,4.532468273003755,1.4845065337281371,-1.0,stop
361,559.0814877319335,5.13010427768324,0.6874997918515852,-1.0,stop
446,522.5999999999999,2.602372751626466,2.60294117647061,-1.0,stop
11,3154.8959509277342,5.3851522703236645,2.001248114268699,1.1242407507243075,max_bars
112,3376.498450927734,2.4462782904961573,0.5266623907808081,-1.0,stop
154,3382.8299999999995,2.7175500293023735,2.3003353006201186,-0.23311296520517405,max_bars
294,3517.198450927734,1.8593890282863863,4.263124787783349,0.46639519108866806,max_bars
392,3592.6740490722655,2.2148948201010277,0.9214818369944142,-1.0,stop
63,5420.4675,1.5306336584436628,3.7789797209750993,1.2599210534245373,max_bars
169,5693.325,3.1058300729362864,0.21871907252933692,-1.0,stop
216,5635.035,2.3431087828203347,1.8477297686219603,-1.0,stop
373,5385.794999999999,1.6115540973987903,0.23855060775391093,-1.0,stop
414,5236.049999999999,1.9776358132561622,-0.5267986479961362,-1.0,stop
21,7516.3949999999995,5.247129774313345,1.606523916378254,0.03703140252792534,max_bars
119,7570.664999999999,2.5052620872802995,0.7847257005773439,-1.0,stop
147,7742.5199999999995,2.8998310627547563,1.5699269552823887,-1.0,stop
238,7339.514999999999,1.9689993139873605,1.5049302840535732,-1.0,stop
310,7135.499999999999,2.571648798262198,3.588555858310651,1.8474114441417002,max_bars
18,417.1252377319335,2.9068578534981433,2.1050932549823598,2.0679820906983046,max_bars
147,435.81824386596674,3.1706437397825993,0.6427566648276962,-1.0,stop
224,429.38624999999996,3.210685925896402,1.498866402489673,-1.0,stop
346,418.43175613403315,2.6245005944252813,-0.2851795089998496,-1.0,stop
361,413.30625,1.9976136840493663,1.1377742096213155,-1.0,stop
14,1762.7699999999998,1.8476629865566556,8.08196516342637,7.897746833522645,max_bars
112,2013.0149999999999,3.3340524330885453,2.428444599392065,0.9831635849365666,max_bars
245,2058.9434509277344,2.7122393923268993,3.0398627450230316,2.307460220047337,max_bars
350,2208.99,2.8877472884949587,0.7212723746923132,-0.021788701675000896,max_bars
490,2240.145,1.8724256165616504,0.33984707950064474,-1.0,stop
19,535.3635122680663,4.6348927236328015,0.8518132018345832,0.7631513831864867,max_bars
119,559.2824999999999,4.788724839414772,-0.16176562281223564,-1.0,stop
134,557.7247622680663,3.75181019218226,3.3274056741080584,2.4695731945639117,max_bars
254,620.5372622680663,2.8664293588194565,1.178525251160673,-1.0,stop
308,615.8639877319335,2.9737085304192705,1.8093268744402675,-1.0,stop
18,336.5242561340332,4.345678497458487,1.6291932941620921,1.1060904003393575,max_bars
147,344.6647622680664,3.7615536835621413,0.7971798671997261,-1.0,stop
265,304.0125,2.3724393592471493,0.10918356466712015,-1.0,stop
313,293.71124999999995,1.7572572405827835,-0.12812025053297196,-1.0,stop
338,295.8217561340332,2.3567401267669963,-0.07484036845562492,-1.0,stop
359,297.07800613403316,4.2170803904655685,0.6682625970905791,-1.0,stop
15,791.18625,4.346165293826988,0.6867201108046076,-1.0,stop
98,779.8799999999999,1.9336323802419775,-0.5125974355865074,-1.0,stop
168,754.0012499999999,1.2269541993464752,5.72882042967173,-1.0,stop
224,785.91,2.3615966731639078,6.11205961022265,4.598054296487886,max_bars
327,891.0832745361328,2.248194676708824,0.6447631698914731,-1.0,stop
378,896.5604754638671,2.4661429833159,3.6584279489556035,1.1663934772645417,max_bars
490,935.5042254638672,2.726254437944523,0.6781528164266353,-1.0,stop
35,1290.4199999999998,3.4422901070969028,0.5105802698320069,-0.47546040458971106,max_bars
154,1286.3999999999999,1.616917320744898,0.11538682745499262,-1.0,stop
222,1255.7475,2.2335341163828675,-0.20135536437320908,-1.0,stop
322,1223.0849999999998,1.4786380341513314,0.10036076384090753,-1.0,stop
343,1224.09,2.2212399076814138,1.7951477837775993,0.2504608506373516,max_bars
490,1198.3620245361326,1.857706477206868,0.693468257415598,-1.0,stop
14,15039.824999999999,6.568061795931794,2.1220104775643507,-1.0,stop
126,14679.029999999999,3.603984731961164,-0.16828913294142075,-1.0,stop
168,13979.55,3.416061318139706,0.5977384567061045,-1.0,stop
243,13937.339999999998,3.5612247387234466,9.085828262884348,6.58149655478102,max_bars
341,17213.64,4.76738214578671,1.0435270033144857,0.6414018327159309,max_bars
448,17880.96,2.8184169082644286,-0.7757758552266036,-1.0,stop
469,17659.859999999997,5.474901839538916,-0.391845768777277,-1.0,stop
14,1792.015475463867,2.6738329291228067,1.8028518782078995,0.18750768663631043,max_bars
112,1818.4470245361326,2.5047196595506382,-0.38744540059086535,-1.0,stop
119,1827.692975463867,3.041703427449025,0.3508890642858091,-0.28408164848960327,max_bars
224,1848.4965490722655,2.3530771044228223,6.032739582064912,5.644205256832065,max_bars
337,2132.6099999999997,1.641645792889918,4.1642476152115995,0.39960401828278264,max_bars
78,8632.949999999999,2.1018307762699764,2.072471755304515,1.5186001653348213,max_bars
270,9016.859999999999,2.5214986148171183,-0.010380014074588254,-1.0,stop
313,8827.919999999998,3.1028826722489367,0.5698014018691661,-0.44144275700934177,max_bars
421,8894.249999999998,1.6724288163701067,0.8521008403361623,-1.0,stop
14,392.0002377319335,3.5204635601112533,4.829613548291861,4.347737807603087,max_bars
238,427.02449386596675,1.481058288174109,3.933207711239499,1.529851593038407,max_bars
358,435.41624999999993,1.5884225726531647,4.443700545307754,-1.0,stop
495,416.82374999999996,3.148510082011559,-0.23040403997185285,-1.0,stop
14,261.29999999999995,4.51588212782241,2.8474571098715735,2.5084740590241146,max_bars
154,286.3747622680664,1.5625568175568882,5.056180756890153,-1.0,stop
252,284.11351226806636,2.7149424573316794,0.46496290877820906,-1.0,stop
334,255.06900306701658,2.320552124860512,1.1371809929713286,-1.0,stop
424,257.88300613403317,3.3670342671893767,0.43959484452052655,-1.0,stop
19,823.2457745361327,3.5524961610172294,1.8551133052344777,1.181511305646734,max_bars
135,859.7272622680663,2.207358438070456,-0.11473069425621503,-1.0,stop
140,866.31,4.2952320086415305,1.7008850862785008,0.3947860887306601,max_bars
245,890.43,2.822233326261604,5.038596350444323,1.6860313255683144,max_bars
392,930.9817254638672,2.189274968611681,0.15053969102152553,-1.0,stop
21,891.435,2.4045499671877306,0.6328434802892486,-1.0,stop
68,869.2747622680663,2.7695213419311133,1.9616086402644595,-1.0,stop
105,868.1692254638671,2.0237125853594073,4.0798981527444536,1.2823989014731503,max_bars
224,895.4549999999999,3.5127393336348485,-0.4102690258156476,-1.0,stop
252,884.14875,1.9961290450277682,4.912598659164979,4.034349491376886,max_bars
362,960.7799999999999,1.1220050375736237,0.6975869937819129,-1.0,stop
413,961.6845245361326,1.2669980877574978,2.730142450142519,-1.0,stop
490,963.9960122680664,1.4518744984366558,0.2646468056773637,-1.0,stop
17,146.39834815979003,5.702485863378879,2.5336344650650675,2.4138502459103193,max_bars
156,158.4884969329834,1.6963337612838918,0.6812403048506938,-1.0,stop
224,152.23739570617676,3.0461566825613904,6.560287265593299,4.617381765383732,max_bars
360,174.33735122680662,1.541469634253011,2.423442094292698,-1.0,stop
403,169.84499999999997,2.2343883824911885,0.9051387461294249,-1.0,stop
21,2766.765,2.0733635728459006,0.37540333247875146,-1.0,stop
99,2695.108450927734,2.404667688875376,1.0321431620772776,-1.0,stop
168,2675.7119018554686,3.2780772023566844,2.13070509072686,1.3828009150273513,max_bars
361,2654.0040490722654,1.7936727242430512,0.04823108728223438,-1.0,stop
385,2623.0499999999997,2.2855036062503475,-0.5412836564383975,-1.0,stop
14,828.2707745361328,2.5982776644733505,0.3800624209489239,-1.0,stop
47,787.4174999999999,3.2787592876793323,1.3549914334547184,-1.0,stop
94,785.8095245361327,3.9652739180609715,1.482388205295717,0.9480399535960927,max_bars
224,796.7137499999999,2.524592353786086,4.68764579233227,1.428685716338784,max_bars
329,838.4714877319335,2.286482035402741,-0.41579885545272144,-1.0,stop
343,832.4414877319335,1.9750923006888979,0.06134022003001872,-1.0,stop
378,770.8349999999999,2.3656196739979927,0.25582636436738854,-1.0,stop
413,765.6089877319336,1.5685568401661485,-0.7460200063881238,-1.0,stop
420,771.2370245361327,3.3889774633052094,1.054555290819479,-1.0,stop
21,1539.257975463867,2.595921364233987,1.0421473899235563,-1.0,stop
117,1381.2720245361327,2.126445739892116,0.9338120155846251,-1.0,stop
161,1344.287975463867,2.111746260321108,5.587301763058646,3.2623717290379473,max_bars
280,1456.1445245361326,2.619556224907269,3.77132700468188,2.117092842550278,max_bars
384,1564.9859509277342,2.235544089516859,-0.785628236445771,-1.0,stop
21,739.1272622680664,2.7501724686384708,-0.2522355997282205,-1.0,stop
48,723.7507745361328,3.1434542575397217,0.7889506197862213,-1.0,stop
89,731.8912499999999,2.3762068476703204,0.8112556601739481,-1.0,stop
147,724.3537499999999,3.6244410157416014,0.9692411228817108,-1.0,stop
243,660.0839877319336,2.429084819048267,1.0986668667927537,-0.8035409488553455,max_bars
343,657.6720245361328,1.8051606728349996,2.5377248999994677,-1.0,stop
378,648.1747622680664,1.9400302841362898,0.11333896581296495,-1.0,stop
448,615.06,2.115242774205963,0.7102213007897923,-1.0,stop
56,983.8949999999999,2.5963161123963694,-0.09766972798679324,-1.0,stop
67,987.8647622680663,3.382522723486687,7.9406605890856525,5.675195456663532,max_bars
168,1220.5724999999998,5.052749884659639,4.514615269692335,3.647129418156338,max_bars
277,1485.2895245361326,5.338321130413637,1.6434762575782862,1.4921321794014595,max_bars
378,1623.677975463867,9.310834891424639,0.7780370983494941,-0.8339706858163569,max_bars
63,6587.775,1.3323921961511989,0.42409569923100093,-1.0,stop
77,6653.099999999999,1.8352347026198232,1.6822276822276967,-1.0,stop
210,6263.159999999999,3.0840661902298354,3.8509008076206506,2.743010975357236,max_bars
315,6974.197499999999,2.7128210808483604,-0.08296885529671146,-1.0,stop
385,6597.824999999999,1.869176584707823,0.017636326778840042,-1.0,stop
420,6531.494999999999,2.656283132728403,0.34874203867547776,-1.0,stop
460,6331.499999999999,1.9900497512437672,0.5039682539682687,-1.0,stop
14,977.1614877319334,3.025243270138528,3.4415877029453585,2.9443170230969113,max_bars
119,1075.0484509277342,2.2183651104541973,0.4508291091874409,-1.0,stop
148,1074.3449999999998,3.6343028702953717,0.1397120156230229,-1.0,stop
216,988.7189877319335,1.2965224170800096,-0.976598123769444,-1.0,stop
220,993.9449999999999,3.405120445704976,3.2635528065439807,2.6253504131380248,max_bars
337,1085.3999999999999,1.9992674431661015,2.691240434096831,-1.0,stop
35,1421.9745245361325,2.157174772031446,6.951232962070808,5.891720150527763,max_bars
192,1568.8049999999998,2.9452369423900575,0.32453286235168377,-1.0,stop
224,1548.302975463867,2.105726386156698,4.10075529615737,2.2236303207633723,max_bars
373,1638.8534509277342,2.0229691518232733,3.0176775973295897,1.6482890034138227,max_bars
18,190.8494938659668,3.285045146263346,1.2920509408365453,-1.0,stop
98,185.11095245361327,2.831251888101592,2.569959744535347,2.2665807555785404,max_bars
196,191.6534969329834,2.3915502102042905,1.3868249121144525,-1.0,stop
224,190.12589263916013,2.501446518386028,2.385271871215118,0.5328354976618885,max_bars
329,193.96499999999997,1.8792012351616143,-0.006858054546943945,-1.0,stop
367,193.38209815979002,3.0003275297701584,1.967893024357378,-1.0,stop
18,1346.1974999999998,2.740864633300446,1.4608726043121645,-0.02432285004442046,max_bars
168,1330.217975463867,2.3393158453657406,0.5650129646259187,-1.0,stop
259,1245.5970245361327,1.565277418469752,0.8618227261393534,-1.0,stop
329,1246.1999999999998,2.615954454667174,1.0552131847821278,0.04601073768607647,max_bars
40,10071.105,1.6691812864626034,1.1712620088635082,-1.0,stop
98,9797.744999999999,2.9878813951577534,2.5918632256742313,2.4176501733590814,max_bars
203,10609.2825,2.4863368470016645,4.752845620918761,4.263806355614962,max_bars
342,11788.65,2.1601285982703673,2.6717062634989204,-1.0,stop
18,1683.3749999999998,2.5350886658127143,5.437018369880525,5.1230169854174,max_bars
183,1864.7774999999997,1.9883095344149475,6.832236910550454,6.3278833083426616,max_bars
337,2026.8840490722655,2.0614930343673668,0.13440410326609328,-1.0,stop
21,85.21395092010498,2.128700024631878,4.84360209158074,2.6329548987789,max_bars
147,88.69125,3.0005792236586153,0.25505023400335236,-1.0,stop
224,85.425,2.1949042414307107,1.5866700629395547,-0.49866861762470116,max_bars
350,85.58580368041991,2.028146178051178,0.6879775994123677,-1.0,stop
386,84.92249999999999,1.062737621871211,0.7617706959977201,-1.0,stop
436,83.94764877319335,1.2122417755463455,0.32658625895733323,-1.0,stop
459,83.78685276031493,1.1778097351145895,1.6650433501807573,-1.0,stop
18,10074.119999999999,2.2247104461729563,5.103872925218658,4.398893449937556,max_bars
147,10663.05,2.504442912675072,0.5090806964987883,-1.0,stop
154,10748.474999999999,2.3117232909784744,0.6701881477009884,-1.0,stop
210,10596.72,2.7623642032628903,3.526509975403128,3.10972943427167,max_bars
361,11354.489999999998,3.3686233375519112,0.7569086773510494,-1.0,stop
18,898.4699999999999,3.3245433252153567,4.738194988999393,4.497152294421433,max_bars
131,1047.7124999999999,2.1869025302146214,-0.2274963931575434,-1.0,stop
150,1019.7735122680663,2.517572419098084,2.123842041521869,0.9592177521509427,max_bars
251,1064.3954754638671,1.4933805930488209,7.0400268062842315,1.535315720484938,max_bars
361,1094.1434509277342,2.4533713634028906,0.44541763424157893,-1.0,stop
409,1068.9179754638672,1.788530745536929,-0.20493725802578866,-1.0,stop
451,1024.1954754638673,1.5812875424520132,0.7597507441868245,-1.0,stop
21,2037.1349999999998,2.2548848666448107,5.356801776625441,3.869918654247942,max_bars
127,2259.24,2.6708139753301903,0.267813659099642,-1.0,stop
224,2039.4465490722655,2.6500584034814985,9.529816286708483,6.1771501843493315,max_bars
335,2415.9194018554685,2.7161234342895186,-0.04448995183253558,-1.0,stop
378,2389.3875,3.28065246846733,0.04608515388295619,-1.0,stop
420,2349.790598144531,3.238188416990842,0.35496413499151785,-1.0,stop
21,554.2072622680663,2.9695140046912694,0.7773308539146688,-1.0,stop
91,539.4839877319336,3.02770122734158,4.497746385576745,3.8763402873423205,max_bars
196,615.06,3.424056189640026,1.276828689792564,-1.0,stop
260,622.0949999999999,6.421041092749085,3.976845895556288,2.7601713098743943,max_bars
399,667.6214877319335,2.916542333593861,3.614443923352842,-1.0,stop
19,200.4773957061767,3.4604412111435634,2.5445560323317813,0.15749578183402171,max_bars
125,208.66815490722655,4.939974813817649,0.2941207469056577,-1.0,stop
147,204.41699386596682,3.5794420141257235,2.229469611154208,-1.0,stop
224,168.99074386596678,4.1485988984037,1.1695269054806352,0.5490501720957691,max_bars
337,173.0710567474365,2.9993760725684653,1.4465170604035353,-1.0,stop
15,274.11375,4.364522430383593,1.0812856498443173,-1.0,stop
147,247.33050613403316,2.862771052672368,1.3656500937820621,-1.0,stop
259,245.72249999999997,1.4742214882578404,1.5507262395507262,-1.0,stop
361,244.1144938659668,1.726443974193688,0.11994335149627981,-1.0,stop
397,242.40599693298338,2.5560383396080617,0.22175661963996662,-1.0,stop
427,238.2955506134033,1.7774369029999455,0.21825971610722256,-1.0,stop
451,236.44635429382325,1.6690273384038976,-0.29555266144044384,-1.0,stop
19,145.81544631958008,3.8442015213035705,0.8535565665642466,-1.0,stop
108,143.20245552062985,2.1036322793987483,1.2971306065051778,-1.0,stop
147,139.8959969329834,3.1423321820203896,2.132396241940905,-0.6815298286538475,max_bars
259,139.32315490722655,1.710521461710519,2.906589146989039,1.572225222989453,max_bars
361,144.70995552062988,2.6328262008223424,0.5800695299158347,-1.0,stop
397,144.36824386596678,2.852596773145071,0.418079290095579,-1.0,stop
21,675.1589877319335,2.4822247237157447,7.449208516074599,1.1660043705841878,max_bars
147,692.3947622680663,3.2055051930681957,1.131134059311096,-1.0,stop
223,693.7514877319335,3.207414776821565,2.822215791482211,1.5503912674817275,max_bars
322,741.0367254638671,3.2976435631625334,0.8660434324892757,-1.0,stop
407,688.8270245361327,2.0073289873381612,-0.09597325387432035,-1.0,stop
496,645.7125,2.3326907231836893,-0.1668044391928764,-1.0,stop
21,4291.551196289062,1.4342412212695055,0.25748818886082553,-1.0,stop
111,4170.75,1.8449907372025416,1.7576359431067947,-1.0,stop
168,4125.525,1.5858564023669628,6.5032577009363814,2.8884261684809958,max_bars
270,4352.554401855468,2.108063189947812,0.023386222851626434,-1.0,stop
19,1521.57,2.699185709497423,2.489166029416249,0.9357195032870723,max_bars
224,1483.480475463867,3.294987745804006,1.524524600244121,0.05358987998511067,max_bars
385,1440.1649999999997,1.2890900982916706,10.61323415349938,-1.0,stop
472,1446.3959509277342,2.834350199015457,-0.20479963844540322,-1.0,stop
19,1197.8595245361328,3.511219374767268,5.7452089308345995,4.411384040210572,max_bars
201,1270.32,1.8042678684061841,0.20855064037983853,-1.0,stop
228,1260.6720245361328,3.138964629976294,4.203168142069288,2.681893586697096,max_bars
349,1371.3224999999998,3.8373576476813276,0.41954494614413784,-1.0,stop
403,1278.2595245361326,2.195139001560748,0.4968153455069904,-1.0,stop
21,410.99476226806644,1.8722317609680195,3.067697943824322,1.865583440022376,max_bars
119,426.52199386596675,2.185580531133137,-0.05599601941572086,-1.0,stop
148,414.66300613403314,2.547369761531897,0.06977068638852992,-1.0,stop
252,390.29175613403316,1.919530254820874,3.464902101107755,2.450454542464242,max_bars
403,412.3514877319335,1.7343154414787305,-0.05613883785300201,-1.0,stop
415,413.2057438659668,2.0342786124785084,0.33242174883104175,-1.0,stop
21,230.0444938659668,2.8970434680507124,3.2944020448573994,-0.41781138301364595,max_bars
147,233.84339263916013,3.0291204948666195,0.82680716227938,-1.0,stop
190,232.85849693298337,2.9453496536814137,0.6665448402860691,-1.0,stop
224,231.53190490722653,3.2012477040729834,4.920202232059471,3.678955041032494,max_bars
350,239.06940490722653,2.831563435771154,0.11826601922209524,-1.0,stop
378,231.90374999999997,2.0067592697401286,0.06151005993151044,-1.0,stop
405,232.3861457061767,2.6534045163216833,1.1131517125479984,-1.0,stop
469,231.14999999999998,2.50486670545032,0.23316064634023845,-1.0,stop
21,1789.1009509277342,2.4593903054481117,0.6749645358924504,-1.0,stop
98,1777.7445245361325,3.5800728435263682,1.7559316124829707,-0.15625023465543775,max_bars
227,1749.302975463867,2.9670646982145095,0.9440132472861116,-1.0,stop
281,1726.4895245361326,3.3761903872494505,4.347441321869713,3.4055914978714066,max_bars
394,1959.347975463867,2.2634047662395345,5.516644716633477,-1.0,stop
21,525.8662499999999,2.9886413329464574,0.1166793283943232,-1.0,stop
49,518.5799999999999,2.7922391716773314,2.839781045557976,-1.0,stop
175,498.6810122680664,1.8410591224057173,1.2328692524792146,-1.0,stop
196,500.7914877319335,2.3346007100416526,1.0656059397796258,-1.0,stop
224,502.39949386596675,2.6670993959125178,4.642002328009807,4.044964851816834,max_bars
405,500.7412499999999,1.5459581170913967,0.033424834490560905,-1.0,stop
14,1974.8249999999998,2.2951400757029012,-0.5631539144373956,-1.0,stop
22,1993.1159509277343,4.034687481098533,3.019100081490016,2.023031466303907,max_bars
182,2134.820950927734,2.464890544239382,1.8258670846579363,1.3336700062307771,max_bars
284,2234.215598144531,2.5564005790539834,1.0047097376568161,-1.0,stop
307,2089.395,2.2157143294619965,0.2852379456190278,-1.0,stop
418,1994.7240490722654,3.350038552414424,0.4904815460514351,-1.0,stop
14,1804.9799999999998,2.0044516377951442,3.38640589695554,2.4051994870475903,max_bars
112,1893.2190490722655,2.256424004036889,1.6873268792552945,1.0857200129902709,max_bars
238,1926.5849999999998,1.7691926387883126,2.7406483790523946,0.07378540665799421,max_bars
431,1846.4865490722655,1.808113549654746,0.2190551168377402,-1.0,stop
49,1472.8274999999999,2.758472993485311,1.210324063802736,-1.0,stop
119,1472.9279754638671,1.9028731558294858,-0.6432133058092486,-1.0,stop
130,1499.3595245361328,3.725559055184874,2.888324381124639,2.2008874102118074,max_bars
239,1638.4515490722654,2.28578923151383,1.0239496284082497,-1.0,stop
315,1524.182975463867,3.0431337564065055,2.652203830821079,-0.22169690003736528,max_bars
418,1540.8659509277343,2.4574461461060713,-0.15755385425438148,-1.0,stop
441,1540.9665490722655,2.7882856443660877,0.5802996954645178,-1.0,stop
21,382.0005061340332,3.206934529488507,3.3998177142040373,0.8938003012446367,max_bars
147,389.2364877319335,2.424361599281438,6.068299966984201,1.1830134304833764,max_bars
252,409.03499999999997,2.2577559883705,2.806169783652304,0.2019481788085214,max_bars
360,415.76851226806644,1.5798454830557498,3.5520276499430183,-1.0,stop
35,679.5307745361328,2.6534154466280175,-0.7504266945947193,-1.0,stop
97,654.7574999999999,3.0786244394394013,0.5577321782707121,-1.0,stop
178,642.3960122680663,1.6805889943201788,0.5514952841654385,-1.0,stop
245,650.2349999999999,2.835130715361547,0.5541093269867924,-1.0,stop
378,608.4772622680664,1.7054518427604206,2.628118367289687,-1.0,stop
442,589.4324999999999,2.092270856130667,-0.13237453681175126,-1.0,stop
28,422.50199386596677,2.189810699189704,-0.31366079620156734,-1.0,stop
49,417.27601226806644,1.755672467539007,2.0234771651577987,-1.0,stop
147,411.54749999999996,4.008653243436363,2.1489603738489826,0.7942102865000528,max_bars
277,430.4414877319335,1.7288035526370593,1.6137263014713996,-1.0,stop
302,429.48675613403316,2.0924408042115723,0.05154875308608918,-1.0,stop
325,419.28601226806643,2.5366976384564,0.21285930935878203,-1.0,stop
421,401.74875,2.7003832876930165,-0.18423771176423492,-1.0,stop
18,259.99351226806635,4.536080618682693,1.42506072779265,-1.0,stop
159,240.3457438659668,2.7650778461176873,-0.02945492386421023,-1.0,stop
175,239.18999999999997,2.838749991017838,0.38438891099177097,-1.0,stop
221,234.61724693298336,2.5647052414635767,6.187679739889275,5.998221700773644,max_bars
323,274.15395858764646,4.013790188495176,0.7284696984284309,-1.0,stop
402,241.59194938659667,1.776527051392288,0.14400397373414553,-1.0,stop
434,242.20499999999998,2.149006007307853,-0.38712729271733554,-1.0,stop
469,237.9136457061767,3.7045540521647733,-0.3078919584044697,-1.0,stop
21,4798.774401855469,1.3956604657654363,4.191523503164751,1.2754954425897966,max_bars
152,4939.575,2.9673605522742306,0.7533685826368798,-1.0,stop
219,4844.301196289062,1.9466418884379235,8.565096048570705,2.8334614429693024,max_bars
322,5170.2225,1.899773172237749,-0.12443686528035577,-1.0,stop
408,5044.5975,2.6582398298377594,0.8024213375529001,-1.0,stop
17,519.2835122680664,9.635105118114726,1.139565721859043,0.7468296837886611,max_bars
125,567.5235122680664,2.858652394904574,3.8201617550529585,-0.03843109769156117,max_bars
242,589.8847622680663,3.2438136212392514,2.9927344454947966,-1.0,stop
280,600.9899999999999,5.048332848456281,0.48154210093397004,-0.2913639650400613,max_bars
407,586.1160122680664,2.4254563186207623,0.9625764783590727,-1.0,stop
443,575.2620245361328,2.479222324406534,0.6547423212004034,-1.0,stop
21,1595.8395245361326,2.4839322973768128,3.071689241731212,-0.14731552437438572,max_bars
147,1628.6024999999997,2.4992271340574046,3.301949035415298,1.1595744029985249,max_bars
248,1696.138450927734,3.250822531472893,0.751953019364724,-1.0,stop
313,1522.2734509277343,2.35000163117425,-0.0915050363563448,-1.0,stop
325,1526.5949999999998,3.268388068094341,-0.023949782874323488,-1.0,stop
390,1497.4499999999998,2.500918227653666,-0.43925233644859596,-1.0,stop
14,38516.62499999999,2.665407470150858,3.923901132351184,3.802142944113029,max_bars
112,41883.37499999999,3.2432319506247835,0.49443268611392943,-1.0,stop
210,41838.149999999994,2.648659178285833,1.0168749717998595,-1.0,stop
271,41802.975,1.908895240111496,9.24468185093519,8.687020270058605,max_bars
385,49265.09999999999,1.8372032128220412,-0.3149928184730912,-1.0,stop
14,289.9425,3.291171905986746,3.3070453042072114,2.023315446755312,max_bars
126,312.35398773193356,2.0022096320361964,0.5590068182637886,-1.0,stop
147,310.4947622680664,3.380012658315216,1.0819915254298933,0.6293847985054231,max_bars
259,321.90148773193357,2.31483103026464,0.8117217126841433,-1.0,stop
313,317.4794938659668,2.1354077318132845,0.3201572243590051,-1.0,stop
349,314.91675613403316,2.3551481429830567,1.5078357394233366,-1.0,stop
438,305.57023773193356,1.2501995483228066,0.6752868134321938,-1.0,stop
14,493.32937499999997,2.0938090297177157,9.683122220457461,1.3089495834467875,max_bars
116,514.0072622680664,3.065571914010935,1.9859240134829867,-1.0,stop
142,527.4239877319335,5.806334306229856,1.640087407988248,1.0637412595674016,max_bars
245,568.7295245361328,2.0360293641366245,4.380196652377625,1.5260157771620977,max_bars
350,598.9297622680664,2.801620308608688,8.04364545622447,4.482803176096549,max_bars
21,5203.3875,1.6602165416279262,1.1009984083345448,-1.0,stop
98,5201.879999999999,2.304551431405554,2.4617951284618216,2.2574240907574468,max_bars
231,5462.174999999999,2.1726693121329745,1.9028860332842008,0.5167474194228063,max_bars
360,5380.267499999999,1.752096898527797,0.08733126475190844,-1.0,stop
18,3994.3724999999995,3.2138339626562,1.753705038072805,-1.0,stop
84,3952.6649999999995,2.3443676608060517,-0.46150215999837735,-1.0,stop
138,3736.188098144531,2.8100337620794673,1.2507307314383664,-1.0,stop
196,3683.325,3.6196914472657133,0.16257266079130073,-1.0,stop
252,3566.5440490722654,1.7536317570095457,1.6557298435272871,-1.0,stop
291,3546.5444018554685,3.4412201858129223,0.6428447102181921,-1.0,stop
332,3380.7194018554683,4.310307497732343,0.21191890309439135,-1.0,stop
361,3345.5444018554685,1.7947572844098973,1.07346557135636,-1.0,stop
399,3281.325,4.532464853184303,1.2908063532253033,-1.0,stop
20,317.58,3.284213774014613,1.3441992233149314,-1.0,stop
110,285.2692561340332,3.5998467809682917,0.6116053175575876,-1.0,stop
147,279.9930061340332,3.4261613781012135,4.436248031912205,3.5501864081472054,max_bars
259,311.65050613403315,3.96293864376166,1.5424053911697093,-0.4575116588625835,max_bars
392,296.37449386596677,3.044961003470293,0.8394402586022097,-1.0,stop
18,744.554225463867,3.2844148943878784,3.739463487639611,2.2632384647441612,max_bars
144,778.5735122680663,4.408512712958645,0.47857828778252554,-1.0,stop
189,760.4835122680663,2.778960535133778,3.3059522581921876,1.055974485509283,max_bars
374,758.2724999999999,2.363599420269418,1.569395234969974,-1.0,stop
403,755.7599999999999,2.3896458919456744,0.002214165005381203,-1.0,stop
21,132.74040184020996,2.9684999697345424,0.8906708047102692,-1.0,stop
105,128.2379984664917,1.9791337580121866,-0.10953475796609208,-1.0,stop
147,125.91645092010496,3.3803742298107973,1.3000386690432117,-0.4384990005082552,max_bars
259,125.97674846649169,1.3389356143074258,4.223072760918756,1.0987141279698103,max_bars
361,129.4540475463867,2.428699640825325,0.3453970973624438,-1.0,stop
397,127.69529754638673,2.494450047386553,0.29658217578487356,-1.0,stop
427,125.99685276031494,1.5530958130439432,0.12425319990485831,-1.0,stop
14,858.5714877319335,2.547426258316544,1.8370279692524731,-1.0,stop
112,896.5102377319334,2.0312372544717956,2.4184044814674865,-1.0,stop
224,829.2757745361328,3.6508692844751125,0.08667820784561302,-0.2865591081688452,max_bars
340,822.9945245361328,1.9070037862050144,1.8481256209426478,-1.0,stop
378,820.8839877319335,2.1542600159326204,-0.27618154781180393,-1.0,stop
392,813.3967254638671,1.640864445733656,0.41982353098542796,-1.0,stop
427,810.1304754638671,2.114532903364548,0.2842609095354107,-1.0,stop
22,141.69495552062986,2.5723939539550984,0.04528045046710252,-1.0,stop
42,140.7,2.5159888684368257,0.9745755552222207,-1.0,stop
86,137.21264877319334,2.1518819822784785,7.229884320908321,4.37821344806589,max_bars
196,151.65449386596677,1.908614301722579,5.184146871135773,-1.0,stop
239,146.73,3.693861133651087,1.4335786900465053,0.5147607040075534,max_bars
344,151.0515030670166,1.8281908652432233,4.026237813421901,-0.17074038239003342,max_bars
15,2396.9249999999997,4.072924733643094,2.8268890179302573,1.8752890301341671,max_bars
124,2610.3869018554683,4.029554033113873,0.37659707679605076,-1.0,stop
141,2637.12,5.104811309307119,0.4470364643301514,-1.0,stop
224,2533.6049999999996,3.086712319254563,1.808002345595194,-1.0,stop
334,2521.243450927734,2.4052954207642805,5.821851511407202,4.693943129128844,max_bars
456,2812.8944018554685,3.732614329299421,0.2533999235032483,-1.0,stop
17,1035.0495245361326,3.8693341320147145,6.730428242827627,2.1560930092946458,max_bars
121,1153.4384509277343,3.462555881990144,-0.09861301167790913,-1.0,stop
168,1082.385,3.010476971860751,0.5436551214238968,-1.0,stop
196,1095.4499999999998,4.532379494442907,0.49244810592911076,-1.0,stop
224,1077.36,3.8018838258277086,2.872072024388336,2.034667989413738,max_bars
353,1134.4440490722654,4.349626015199333,1.4704086185312213,-1.0,stop
428,1094.2440490722654,2.2155979822618423,2.2791552171434093,-1.0,stop
35,2445.0644018554685,4.6937149361077415,3.8403531701838416,3.2513192421997417,max_bars
133,2822.3415490722655,3.363931865713554,0.28710844527407453,-1.0,stop
154,2844.1499999999996,3.4650036862946627,2.385085581840587,-1.0,stop
205,2798.221549072265,5.1790574013765305,0.18063816084834988,-1.0,stop
225,2876.3099999999995,8.146201209188145,0.8641972123602312,-0.40335432193194726,max_bars
323,2797.9199999999996,3.824987764348146,4.260694134370587,1.832179228894117,max_bars
427,3039.12,4.7191308282701865,1.457815367378919,-1.0,stop
21,183.9652530670166,1.0084798219961566,2.4981791668560143,0.26667726274835846,max_bars
210,187.28175613403315,1.4319334065824774,-0.09760486942985937,-1.0,stop
266,187.8344938659668,1.3759420928357413,2.749284364341648,-0.2532415335954853,max_bars
42,1134.645,2.47170034804388,3.353712579573065,2.79390022426619,max_bars
140,1206.602975463867,3.199310481480169,0.9221303612030398,-1.0,stop
231,1208.612975463867,3.3437523104930693,0.11102856568345522,-1.0,stop
302,1145.4990490722655,2.1649164982262694,0.17746513842858705,-1.0,stop
320,1144.1924999999999,1.9395774749441097,0.18959217817112012,-1.0,stop
385,1110.2234509277343,1.6774528880861364,0.8900915428597633,-1.0,stop
422,1111.7309509277343,3.2679603354888878,0.6955244882829137,-1.0,stop
19,1223.8890490722656,3.29188936831064,4.279348836710431,3.167383607643364,max_bars
147,1361.372975463867,3.332883514042647,2.0216218836059725,-1.0,stop
224,1346.6999999999998,3.0816105166796484,0.36867426501993394,0.1903606335177085,max_bars
338,1355.2424999999998,2.224142499520369,2.9711363122043024,-1.0,stop
14,3180.825,3.650783957876489,5.617865893322006,5.5446689380933325,max_bars
119,3862.2149999999997,2.5533250309407864,1.2552362478493686,-1.0,stop
175,3835.0799999999995,3.7829719327888727,0.19933829611249448,-1.0,stop
238,3422.0249999999996,1.6956334334202596,6.824213700990996,3.198192118160303,max_bars
364,3621.5174999999995,1.9388958129257827,-0.13554322808874059,-1.0,stop
378,3597.3974999999996,2.5406561271029844,0.09302664015701181,-1.0,stop
28,1184.3925,3.4441728070772513,10.124588520726265,10.119683866134245,max_bars
126,1529.0070245361326,4.277746792565465,1.0456518215645016,-1.0,stop
146,1561.870475463867,6.919295058935389,0.8080793092670701,-1.0,stop
251,1369.2120245361327,6.230736992758486,0.12059236038478247,-1.0,stop
299,1234.6425,4.1341946688261935,2.528430022875575,0.6594021203789108,max_bars
420,1258.4609509277343,3.580637641593329,2.1401928665862613,-1.0,stop
19,31.124849309921263,3.292703261778873,3.27379981494875,1.6150180025815235,max_bars
150,32.310751533508295,3.1901172146795576,0.9112274506981203,-1.0,stop
224,31.305749616622922,2.4779758973268677,0.5339997010935359,0.14727762457158416,max_bars
364,31.496700153350826,1.4182467182764735,0.07454771655996716,-1.0,stop
21,170.79974693298337,1.7855687656141528,2.042875026426814,-1.0,stop
91,169.6942561340332,4.062749818019739,0.23291093299909157,-1.0,stop
170,162.86025306701657,2.3518656121353056,1.6003512993380815,0.6239133888956849,max_bars
291,164.71949386596677,1.5781366781605681,0.5964651482222438,-1.0,stop
315,163.59389877319333,1.952337404182162,0.4089336325622981,-1.0,stop
318,164.70944938659667,2.6163984556814284,1.6917567962195947,-1.0,stop
420,148.33800613403318,3.227765565319174,1.0279835430815365,-1.0,stop
18,202.75875,2.3470010542085076,5.987128972944584,5.34200003693855,max_bars
117,231.18014877319334,2.7554923069321267,5.235330980788947,2.0093474272651544,max_bars
231,247.22999999999996,3.692915057430072,-0.28039469249157173,-1.0,stop
257,231.65249999999997,5.630200144461386,0.9367449253541332,-0.48399493636315205,max_bars
369,228.5369938659668,2.2696490728731993,11.26145289254749,7.2321346502029495,max_bars
21,922.5397622680663,2.714220382924847,2.314727955937972,-1.0,stop
168,919.5749999999999,2.786612053717063,1.3746343248067523,-1.0,stop
252,839.6774999999999,2.932972743348625,2.429092289026287,1.231244948539426,max_bars
360,881.8874999999999,1.688140494110636,0.034426492968095856,-1.0,stop
367,886.9124999999999,2.4650134265816708,2.014293315882909,-1.0,stop
21,750.5842254638671,4.021427579449935,3.0468178427965027,2.5631218999472174,max_bars
126,843.1949999999999,2.5077250466417835,-0.76590166236058,-1.0,stop
148,827.5170245361327,3.6334010585408305,1.565933805941666,-1.0,stop
259,817.9695245361328,3.0404004310916966,2.0398636007630544,1.3583067200582235,max_bars
368,873.3449999999999,3.125341326398064,2.43469346300018,-0.1738421795920692,max_bars
21,474.25949386596676,1.731015652649898,2.8674677523449477,-1.0,stop
112,481.3447622680664,2.09719998208779,0.11443932023917318,-1.0,stop
224,436.16999999999996,2.537999838706086,2.7082213573763214,0.6621503199137195,max_bars
371,437.0242561340332,1.4585602854029802,-0.1371550471203999,-1.0,stop
420,416.72324386596677,2.273269851252574,0.6573005434215222,-1.0,stop
21,1164.1920245361327,4.165298536861151,1.2560393240413257,-1.0,stop
63,1133.237975463867,2.48297361076449,0.43578166853823574,-1.0,stop
84,1142.8859509277343,3.6649283241021084,0.6616544221717245,-1.0,stop
147,1143.5895245361328,3.04212962444888,2.552797881270956,-1.0,stop
175,1183.6890490722656,6.9265739988598165,2.077238990172169,1.511309792238629,max_bars
273,1349.2124999999999,3.551141956650629,-0.6723200172841278,-1.0,stop
302,1345.695,8.21843169619137,1.2957635369153049,-0.16904015437445613,max_bars
403,1378.4579754638671,3.2542159918102964,6.581701736846021,0.161442233887271,max_bars
14,667.1189877319335,5.256783360070762,3.829052351530866,3.7891303572767074,max_bars
112,794.9047622680663,3.3028784201886423,0.3235706329743709,-1.0,stop
140,794.804225463867,4.11475541147791,1.5470710729965391,0.1818043391401975,max_bars
252,807.0149999999999,1.3649064763356165,4.02042558265723,-1.0,stop
350,818.0699999999999,2.7711535181509452,0.04102342309432888,-1.0,stop
396,790.6837499999999,2.173277242639667,0.021313030797632367,-1.0,stop
427,776.6639877319335,1.630561984586891,0.24763132493626341,-1.0,stop
458,765.7095245361327,2.5021938645429267,0.4614132050969477,-1.0,stop
14,1506.092975463867,3.7576017142259643,5.585622122127729,5.0890944991212566,max_bars
119,1828.7984509277342,2.3566566197601304,1.0696793101263522,-1.0,stop
168,1824.5774999999999,4.438152088034757,-0.04294431620656534,-1.0,stop
221,1738.6499999999999,2.2172389160591477,1.9571965707605354,-1.0,stop
238,1823.170475463867,6.931355478625206,1.0226249320396361,0.3982697999525323,max_bars
361,1874.2245245361325,2.765116956032604,0.7694324297558146,-1.0,stop
397,1849.4009509277341,4.060823158003433,0.24765413666532612,-1.0,stop
14,1448.205,3.4252764224721246,5.479182869285101,5.315893450892208,max_bars
112,1711.4145245361326,2.349785676568188,-0.015279926071621402,-1.0,stop
224,1535.9415490722654,2.9129752969711036,2.6833742325212544,-1.0,stop
326,1604.7840490722654,2.192449102835236,0.2704632753668387,-1.0,stop
378,1562.2724999999998,1.9761261614690981,0.19847855728336025,-1.0,stop
419,1498.0529754638671,2.8739287708123893,0.9975390567877672,-1.0,stop
14,441.44624999999996,3.3291142466381727,2.8615293016926198,2.1368550551001575,max_bars
147,467.47574386596676,3.50301336001432,0.8197645947469223,-1.0,stop
260,418.6830061340332,2.551573858388994,0.14668098532442386,-1.0,stop
301,416.06999999999994,2.3000937342273984,0.692791244203906,-1.0,stop
434,388.48273773193347,1.591512141584805,0.0755771266363208,-1.0,stop
56,1368.5084509277342,1.5935962792977174,5.566250537417842,2.6407834240285273,max_bars
161,1451.2199999999998,2.1375152511765827,0.10573806695707985,-1.0,stop
191,1452.225,3.3207664101637087,0.29808140147097134,-1.0,stop
217,1432.5270245361326,4.630074841745828,0.8740469392564534,0.3704814610898663,max_bars
18,766.2120245361327,3.8973610428880714,2.923040398515473,0.2273111089995339,max_bars
120,794.9047622680663,3.057572156541248,0.5655372468709203,-1.0,stop
169,780.3824999999999,3.5152617841851517,0.27403728275746747,-1.0,stop
199,752.3429754638671,4.83063930270092,1.8753837204082529,1.7240477351236072,max_bars
297,812.04,5.244814023073828,0.8572434434695082,0.5637472334972733,max_bars
395,843.3960122680663,3.2245824814726607,-0.08810164225213243,-1.0,stop
415,834.9539877319335,2.08442623122753,2.289473695746611,-1.0,stop
37,455.66699386596673,2.6372329203675275,0.4895559575552987,-1.0,stop
112,441.7477377319335,2.014211023264439,0.4048524412758217,-1.0,stop
140,434.15999999999997,1.7297784465440378,0.09853439348577538,-1.0,stop
161,434.00925613403314,2.0297364174835275,0.282742070330502,-1.0,stop
189,431.79824386596675,1.6207236070117896,0.20030252200588816,-1.0,stop
246,416.06999999999994,2.3000937342273984,0.22257180846722965,-1.0,stop
325,410.3414877319335,1.1676859596743951,0.2104807230363933,-1.0,stop
343,405.01499999999993,2.2752273883760448,3.389577712785572,2.1090598439144834,max_bars
21,1435.1399999999999,2.762099864821542,2.9228052472250368,2.4838540763354717,max_bars
175,1420.0649999999998,1.9903984093597709,-0.016452333889932537,-1.0,stop
214,1397.8545245361327,2.4791258858469205,4.012327562553106,3.149525874020394,max_bars
361,1531.720475463867,1.8685197682208947,1.6135130115531935,-1.0,stop
403,1503.680950927734,2.5059139642944794,1.807786062274069,-1.0,stop
28,1422.0749999999998,3.0430850111193024,2.3414243498884773,-1.0,stop
112,1464.6870245361326,4.6349134368489056,1.5350956319834597,0.023760438216163297,max_bars
221,1479.8625,3.024775910874318,7.958386624728053,7.279246544672329,max_bars
337,1826.7884509277342,1.997407093365329,5.314332475146058,-1.0,stop
439,1867.892975463867,2.6282515797539454,-0.8737098886387998,-1.0,stop
21,436.57199386596676,3.1774785954763582,0.37327083190727256,-1.0,stop
63,415.46699386596674,2.8081667726322266,6.071222855616474,2.2570481031930387,max_bars
180,443.10449386596673,2.607625567546856,2.3579988677507773,-1.0,stop
182,448.12949386596677,4.246426094003704,0.46877215184970866,-1.0,stop
227,430.6424999999999,4.549600238488128,2.2435870213591356,0.5720300686858142,max_bars
330,450.9435122680664,2.57094422009534,2.842667365735164,1.1132519923017863,max_bars
21,2092.9125,2.1459330000656935,0.2401881697049802,-1.0,stop
84,2011.105475463867,1.7505521952638607,2.0989512229681764,-0.28988269559072094,max_bars
189,2056.5315490722655,3.3615591596146133,2.247431313567142,-0.6239053003886729,max_bars
385,1858.5465490722654,2.934903572874918,0.2338094704939713,-1.0,stop
21,453.3052377319335,3.244002143455041,2.5667565812491766,2.107736269936598,max_bars
147,467.07374999999996,3.216571731344626,4.2217288270388025,3.7424872024834364,max_bars
301,514.56,3.0142281185928277,1.875564250096144,-0.3326887196888425,max_bars
460,497.87699386596677,2.536167370964338,0.30672432212642675,-1.0,stop
14,1355.745,4.133893086688492,0.9288072705184718,-1.0,stop
98,1300.067975463867,2.5897069757288436,0.04550321817339471,-1.0,stop
119,1301.575475463867,2.740943704174368,-0.22355708598597337,-1.0,stop
133,1300.067975463867,3.3127479698513667,-0.12928342704519316,-1.0,stop
147,1317.7559509277341,5.1341809759360295,0.7071662837834555,-1.0,stop
238,1272.33,2.0379913690581395,11.630170009786385,11.5260405927247,max_bars
336,1542.4740490722654,6.7666664180901215,0.6843267964544221,-1.0,stop
18,1899.148450927734,3.072345506803635,3.097796082015187,2.3282822525344913,max_bars
150,2057.2349999999997,2.514783192002843,0.8536755067894226,-1.0,stop
234,2025.0749999999998,1.9147414871979962,2.6673147708569833,1.7672516814400139,max_bars
378,1952.0115490722653,2.7157395199562306,0.5166511037898801,-1.0,stop
21,3446.6474999999996,3.195786630341501,0.13938128418712048,-1.0,stop
42,3421.824049072265,3.9518090198903537,2.6960893351642348,1.9440039974196204,max_bars
140,3630.0599999999995,3.9437391573761733,1.6397030504391985,-1.0,stop
225,3636.6930981445307,4.314167983997709,-0.19435626438211573,-1.0,stop
259,3436.095,4.574818148399559,4.129295129745849,-1.0,stop
350,3399.9149999999995,4.218193690136357,3.383084737693072,3.1446145964072914,max_bars
448,3869.2499999999995,4.524133845787286,-0.0014281629835185745,-1.0,stop
21,9047.512499999999,3.2275445875316446,3.034073883823482,0.35268182012756977,max_bars
136,9285.697499999998,2.527516107432947,0.5104549473258231,-1.0,stop
189,9201.277499999998,1.692998608073698,9.964356213188799,9.877694147100952,max_bars
287,10680.637499999999,3.4093236475818878,0.21794651745563726,-1.0,stop
308,10459.537499999999,1.9555118952439203,1.0265232536821003,-1.0,stop
329,10526.369999999999,2.98649961952695,3.0970830549989015,2.4195374876737725,max_bars
429,11404.739999999998,3.2770584862083485,1.590035853802121,-1.0,stop
490,11170.574999999999,2.601253740295365,0.4454099630043925,-1.0,stop
18,1290.4199999999998,3.1323135103299586,7.386937159821904,6.7709048883210965,max_bars
119,1596.945,2.94593587042368,-0.9999999999999989,-1.0,stop
196,1517.5499999999997,3.2453593734555524,0.47411264089531396,-1.0,stop
224,1529.61,4.779649714633136,1.4278484475448001,0.4348245713864409,max_bars
322,1563.5790490722654,1.7190750871431084,0.08262925207127046,-1.0,stop
350,1539.257975463867,2.160649871172149,0.11251510303741413,-1.0,stop
381,1445.1899999999998,2.815546744718676,0.22634613944611845,-1.0,stop
409,1403.985,3.5602232217580605,1.2806842052615846,-0.7699309792937875,max_bars
21,3958.5944018554683,2.692733607805474,2.717829433714952,0.21957624168919787,max_bars
142,4006.9349999999995,3.667017308740958,3.627896689012165,2.9153353842685696,max_bars
277,4431.446901855468,2.0635901519474142,2.444621891049484,0.11649597290479134,max_bars
377,4517.474999999999,1.4936441264201674,5.254168210448362,1.1771011833086498,max_bars
499,4642.999401855468,2.2183806832778545,0.33786995074849924,-1.0,stop
21,260.29499999999996,3.013889260937695,2.7029944870765594,1.5493954721034555,max_bars
189,262.2547622680664,2.4231279221104773,0.5578843031881955,-1.0,stop
239,251.35050613403314,2.5862291389423895,3.015076683483637,-1.0,stop
337,248.33550613403315,2.5109176402475826,1.7102868757554461,-1.0,stop
404,231.50175613403314,2.290159381219287,0.7409307748786519,-1.0,stop
14,196.61569976806638,3.167695951229774,3.7931268918258656,3.4880607491232447,max_bars
112,220.00455368041986,2.4565616876980405,2.593269906982519,0.18788817705676875,max_bars
224,223.24065490722654,2.6342219338672153,3.6627461477401444,-1.0,stop
280,206.69834815979002,2.2923944424847607,4.041848432051027,3.6303094517377534,max_bars
378,224.11499999999998,5.19153303993974,2.1027067337621226,-0.4198541021616401,max_bars
22,5718.45,2.595983177259569,1.266756483664538,-1.0,stop
96,5692.32,3.2731821120386715,0.255903821382571,-1.0,stop
147,5594.3324999999995,1.820279720592216,0.9247293349372815,-1.0,stop
176,5629.5075,2.0784677878126945,0.3845266329081468,-1.0,stop
203,5614.9349999999995,1.9311888739584608,0.3971503665790598,-1.0,stop
252,5453.129999999999,2.4871954272133476,1.0312615203126292,-1.0,stop
319,5452.124999999999,1.9556594905655886,0.2801875732708199,-1.0,stop
356,5223.99,2.5648977122850503,0.2575565340697084,-1.0,stop
421,5097.36,2.5672112623004786,1.059452850374453,-1.0,stop
14,865.305,2.912848581027782,1.8585589779443568,1.0194395997356858,max_bars
112,887.0129754638671,2.707172964556621,0.7407250449185822,-1.0,stop
155,851.7375,2.0766388948509613,1.1257956563358231,-1.0,stop
217,849.8782745361327,2.380134982637471,-0.7033851191382259,-1.0,stop
232,849.0742254638672,3.1886759310207458,1.3047759758572068,-0.032289501984188645,max_bars
343,874.3499999999999,2.7734916697046277,13.626792418258331,8.777308737406674,max_bars
469,1091.7315490722656,3.2820819997967527,0.09679750255381317,-1.0,stop
497,1083.1890490722656,3.285582836791929,-0.1486137215748213,-1.0,stop
21,430.6927377319335,2.30854548054208,0.674588462995344,-1.0,stop
77,427.12499999999994,2.2534386889083864,2.9948064630682154,0.5168837510146228,max_bars
224,426.9239877319335,1.7623731745365059,1.4720921508311415,-1.0,stop
21,1668.2999999999997,2.739316934248171,2.958422927196472,2.1947466521500334,max_bars
128,1791.512975463867,2.4400005601088988,0.05232029837114583,-1.0,stop
168,1781.965475463867,2.7927322373648953,2.1085791909778164,0.7622656344906539,max_bars
294,1851.310475463867,3.0416548823210134,1.3068536243743083,-1.0,stop
450,1750.7099999999998,3.462025373366367,0.1895717958036249,-1.0,stop
15,4463.003803710937,6.6122260779121795,1.6671965162429006,0.43915479715756583,max_bars
152,4337.781196289062,1.5510509461984947,0.14890651401909002,-1.0,stop
201,4087.8374999999996,2.726076994407181,6.638357369639179,3.0524931186088224,max_bars
310,4530.54,3.4817084787354258,2.969185510490079,-0.41676248201837013,max_bars
420,4563.6044018554685,2.3995135107393684,3.9559669001131637,-1.0,stop
14,1040.0745245361327,2.6127454793866787,1.6348221775673513,-1.0,stop
114,1037.3609509277342,2.396557428299232,1.3128640640955802,-1.0,stop
196,1040.175,2.3337395713161313,1.154479067246096,-1.0,stop
224,1023.9945245361326,2.3432278162817437,6.50171147292139,-1.0,stop
322,1017.8639877319334,4.790818098855699,2.0698883593498545,0.1750478745795723,max_bars
496,1000.0754754638672,1.9673966148083657,0.1689693894071223,-1.0,stop
14,1547.3984509277343,4.39437085340907,1.9471273776279208,1.4779985161292102,max_bars
161,1548.705,4.526686774696436,1.7016612004213283,0.3993287414968706,max_bars
266,1600.8645245361326,3.8644447164608478,0.5760243973596567,-1.0,stop
322,1481.470475463867,2.3875264788422115,1.3296256682388239,-1.0,stop
364,1483.3799999999999,3.1266432067305674,0.5286766799064826,-1.0,stop
469,1345.795475463867,2.2139675758381574,-0.6039650770992093,-1.0,stop
19,1683.3749999999998,4.430085463540494,0.2671815202694984,-1.0,stop
105,1577.85,2.715720759261014,4.332555425904324,3.084014002333729,max_bars
224,1680.36,2.7291770811016627,3.7121669338407757,0.722634103794156,max_bars
325,1740.9615490722654,2.640009430234554,1.7196646441020162,-0.30594105164066254,max_bars
449,1666.2899999999997,2.7120143800936356,-0.02854612310406949,-1.0,stop
21,445.06425613403314,2.48599072640448,6.465479340437879,6.009055724444816,max_bars
124,519.1829754638671,3.0207029515663697,0.21787958094705878,-1.0,stop
149,522.5999999999999,3.2912372949704434,0.026162071702803824,-1.0,stop
184,503.3039877319335,2.6333985547565453,-0.18515026706794527,-1.0,stop
231,473.50574386596674,2.5143808531752927,1.5029937990868014,-1.0,stop
291,482.4,3.3893060130661867,0.2599382705449405,-1.0,stop
362,450.5917561340332,2.4948858645282397,1.810950787709414,-1.0,stop
21,110.60025306701658,2.76694859787972,3.4081327929807235,1.3625490219884842,max_bars
130,116.46944938659666,3.2106668738947497,0.1953625098077311,-1.0,stop
154,113.48459815979004,2.1453088326613723,0.44582424874395,-1.0,stop
209,111.80624999999999,1.973281033823152,-0.7733712615560406,-1.0,stop
221,111.32384662628172,3.533696827634204,8.484353436796104,7.353146076529965,max_bars
350,144.35819938659665,1.917593223293591,4.187480960641244,-1.0,stop
420,139.77540184020995,3.0945394075221695,0.7131352664509318,-1.0,stop
32,6719.429999999999,1.8889995133515698,1.3004805798471768,-1.0,stop
108,6693.299999999999,2.432283029297944,4.574324324324346,4.141277641277662,max_bars
225,7386.749999999999,2.8192371475953446,6.178871548619478,5.475390156062451,max_bars
325,8592.749999999998,1.480899595589284,7.9901768172889245,6.544204322200499,max_bars
21,11628.855,2.0539855385590373,5.439052981934654,4.254233740135237,max_bars
119,12635.864999999998,2.4601798135703254,6.553117912920448,3.162578611294322,max_bars
224,13960.454999999998,2.646439532235863,1.6985695145552364,0.5157461666508895,max_bars
325,14356.425,2.2110309495574234,-0.36047885327242657,-1.0,stop
336,14536.319999999998,3.2286025624091788,0.9666751896360793,-1.0,stop
14,578.3774999999999,3.9295227746476034,3.844355686122109,3.8179569959697957,max_bars
112,663.3502377319335,2.321582875670215,1.3538616328302235,-1.0,stop
145,665.31,5.1494810249404335,0.7746633429538211,-1.0,stop
231,654.8579754638671,1.864213540524893,1.4000741544124875,-1.0,stop
290,653.1495245361327,2.4878683228944607,2.270867594672493,1.2523754768447954,max_bars
397,679.3799999999999,4.096383792138587,0.3726193119448308,-1.0,stop
24,4070.2499999999995,2.762728362431658,3.1903081883216453,-0.025345477045992052,max_bars
175,3959.6999999999994,1.7955881087897914,2.3164575043643554,-1.0,stop
245,3898.194049072265,1.831463476302087,2.7972357983663603,0.002883341328134916,max_bars
355,3959.6999999999994,2.0961196259343984,-0.1831324223853837,-1.0,stop
14,2290.395,7.500667017861547,0.5320591448355658,0.2357747627615993,max_bars
124,2337.0269018554686,1.3490174987047872,0.07210181904576411,-1.0,stop
141,2336.5244018554686,4.25950620401973,0.6679326567676217,-1.0,stop
224,2269.29,2.8154223416244712,0.867269783652531,-1.0,stop
352,2231.1,1.8376541770315051,-0.09024649925328133,-1.0,stop
399,2233.0094018554687,2.1007213028409315,0.995336641918986,-1.0,stop
56,1280.7720245361327,1.5437583080637374,6.763494310837225,-1.0,stop
259,1159.9709509277343,1.4802872508036655,2.802940950860021,1.492584635887382,max_bars
434,1153.0365490722654,1.5382426739561053,1.6160686553188008,-1.0,stop
19,1380.970475463867,4.270219857094251,1.5131211849000923,-1.0,stop
105,1371.5234509277343,3.0275421757934033,15.737529864980377,12.421332677720526,max_bars
208,1950.7049999999997,4.347401354173861,0.03413686008321614,-1.0,stop
245,1973.5184509277342,5.448059068167854,-0.026214103082210585,-1.0,stop
264,1943.6699999999998,5.596113310692523,0.003033925476424313,-1.0,stop
303,1801.7640490722654,2.872964920069244,4.984849608569599,4.449727767472572,max_bars
401,2057.2349999999997,6.102124882579029,0.02919425593061265,-1.0,stop
420,2030.0999999999997,4.881532929412329,-0.33905146316851387,-1.0,stop
441,1936.232975463867,4.009486506102438,0.41434762279926146,-1.0,stop
14,7304.339999999999,3.064479473847045,1.9909756969263828,-1.0,stop
105,7195.799999999999,1.9705939575863598,3.8095909732017144,3.132581100141061,max_bars
211,7774.679999999999,2.4332834277423556,0.03340733692779615,-1.0,stop
226,7780.709999999999,2.6438461271529095,1.8681153079578199,1.425744980798223,max_bars
18,726.3637499999999,2.8930097921409725,0.9582405142088574,-1.0,stop
105,727.1175,2.457305731191995,3.4102413764079484,1.7591989809972834,max_bars
229,769.9807745361327,2.504057629324179,2.9391602318750625,0.2758818954376904,max_bars
343,797.9699999999999,3.2231788162462145,2.621696128073982,-0.7453348447523792,max_bars
19,294.31425613403314,2.1454129395477124,6.30885680226702,5.588267124498829,max_bars
123,332.655,2.8422803784607846,0.5758871637639671,-1.0,stop
155,335.97148773193356,2.789368137065041,0.6432827280785204,-1.0,stop
239,334.1122622680664,3.1313631833086926,0.35247858245723285,-1.0,stop
350,299.89199386596675,1.8646733448633794,1.2979242039031658,-1.0,stop
411,293.46,4.211815544361874,1.0833343621087277,-1.0,stop
14,539.685,4.2774997292981,1.5730977515396691,-1.0,stop
92,530.3385122680663,2.8262206751737238,1.5586244631084882,-1.0,stop
143,512.55,3.3069932487531615,0.5634205914326832,-1.0,stop
188,468.2797622680664,2.0884443565741773,-0.20243584872837153,-1.0,stop
190,472.14898773193346,4.489891130919474,-0.20515142035312287,-1.0,stop
226,435.76800613403316,3.8020216477080884,-0.35115862262116915,-1.0,stop
259,426.9239877319335,2.453358402404603,2.7760244616704934,2.012226610417183,max_bars
364,458.28,3.2905620565961127,-0.4197608035147171,-1.0,stop
420,420.44175613403314,3.304088649233944,2.617250069702045,-1.0,stop
21,611.4922622680664,2.6807022252953416,0.3969999950664881,-1.0,stop
54,614.2560122680663,3.1674129494082717,0.7192624448969553,-1.0,stop
123,594.9599999999999,3.0775137128441283,0.22064475078289728,-1.0,stop
168,581.2920245361328,2.7339098854404518,1.5862053404378749,0.22388315016833865,max_bars
271,590.4877377319335,3.4611641585422714,0.4213887477693753,-1.0,stop
322,582.0960122680664,1.657114953158785,6.184323797892672,4.556704877336026,max_bars
422,632.7479754638671,2.96294515207622,1.0908930824334233,-1.0,stop
469,630.7379754638671,3.0897101842543946,-0.03786824676762126,-1.0,stop
21,395.96999999999997,2.3915953228779885,3.968319724706321,2.590285110876465,max_bars
147,420.44175613403314,3.2089448134406484,0.5972722214093786,-1.0,stop
190,414.56249999999994,3.2715211819689296,-0.04884837629607786,-1.0,stop
208,411.94949386596676,3.0827793346187984,0.6024265469391207,-1.0,stop
285,408.9344938659668,3.2852434968154314,0.5370875972333,-0.5608324395881656,max_bars
19,1734.1274999999998,3.1155451034634036,3.5328751792728736,1.9003748541438172,max_bars
141,1859.2499999999998,3.660080614663159,-0.3108010174611522,-1.0,stop
180,1812.4170245361327,1.468590029097744,0.014390225854143051,-1.0,stop
189,1826.2859509277341,4.094974880015019,2.443160069580758,1.9711456284962883,max_bars
287,1979.8499999999997,3.4017728615804073,0.9910909515358275,-1.0,stop
350,1917.3390490722654,2.5785228064970966,-0.3628515081400683,-1.0,stop
385,1883.0684509277341,1.9154083809308287,0.2753528032618995,-1.0,stop
18,341.7,6.292065493991436,1.2441873206913867,0.8860470146978424,max_bars
140,337.8307438659668,3.70918168358578,2.690918547178652,-1.0,stop
220,327.12749999999994,2.7290545102349064,1.5987133477488982,-1.0,stop
258,319.4894938659668,4.018754987564277,1.558511326889308,0.499279570524896,max_bars
374,329.7405061340332,2.4535997510297296,1.002346913443317,-1.0,stop
417,326.62499999999994,2.8090280269326273,2.43869534269542,-1.0,stop
20,2543.454049072265,2.797534332106134,3.4509085938278874,1.368102979760111,max_bars
126,2679.33,2.49428028648953,1.790662875953919,-1.0,stop
238,2753.1974999999998,2.6586360041369996,3.9550865968356317,3.4714648564244115,max_bars
360,3040.1249999999995,2.079687435755094,0.5041510599683466,-1.0,stop
449,2797.3169018554686,3.4038618983805877,0.13320230868067126,-1.0,stop
18,232.25550613403314,3.7568570493656384,3.752732366696469,0.47613248825251353,max_bars
119,240.94874999999996,3.274037504409636,0.7214384570843507,-1.0,stop
178,233.41124999999997,1.8470591698062415,0.43809932750453806,-1.0,stop
224,227.73300613403316,3.562509956097763,3.159984490335625,1.9273964931991454,max_bars
322,246.80790184020992,2.8353647632184824,0.013159947974198604,-1.0,stop
340,246.77775306701656,3.135517559713915,0.002875507300734182,-1.0,stop
359,241.73264877319335,2.512132780533789,7.865987613802765,5.69230349994962,max_bars
15,3515.9925,3.9901265098866068,2.757861380206003,-1.0,stop
145,3436.095,3.4368956620815143,1.100004233879509,-1.0,stop
256,3222.5325,4.578153982931121,3.4559666673021234,1.4340406192279704,max_bars
365,3496.2944018554685,2.4281278906794976,0.32635327734875325,-1.0,stop
421,3198.4124999999995,2.808030619682404,0.17578252846917672,-1.0,stop
445,3212.9849999999997,3.0403176850148594,0.3215940834988665,-1.0,stop
36,1406.9999999999998,2.6297085998578376,2.081081081081097,0.39459393475507426,max_bars
161,1462.2749999999999,3.3081995921380973,0.7178298196411869,-1.0,stop
242,1423.180475463867,2.823287429570074,0.46588669581646897,-1.0,stop
303,1405.7940490722656,1.9557630267594934,0.15297704555126168,-1.0,stop
342,1356.7499999999998,1.897917818315812,-0.2000009481189254,-1.0,stop
387,1331.0220245361327,2.0301711044601216,-0.14514267592906369,-1.0,stop
419,1311.122975463867,1.5347893249104034,0.42125977528977815,-1.0,stop
459,1345.695,1.7756587615971626,0.6698047238829802,-1.0,stop
489,1321.4745245361328,2.9039189358315936,0.8241256748281273,-1.0,stop
21,2780.7344018554686,1.8244965006947678,4.749549428075758,3.4013537296499305,max_bars
120,3000.7290490722653,2.490363103438788,0.17758757929465077,-1.0,stop
150,2964.2474999999995,2.1572912238898576,1.1376919434124133,-1.0,stop
224,2938.318450927734,1.9745443888592267,3.924298857479233,2.943577219436505,max_bars
329,3134.595,1.4960480964247311,0.3135735902956628,-1.0,stop
353,3105.148450927734,1.9918017794328071,0.07844259362517626,-1.0,stop
406,3049.471549072265,2.4421132604080684,-0.13658236428344028,-1.0,stop
441,2988.7694018554685,1.76558960429361,0.8381864601322492,-1.0,stop
21,245.72249999999997,3.2852124260153492,5.212444221583692,4.6178348485566,max_bars
126,286.3747622680664,2.278397758543797,2.088237075579941,-1.0,stop
208,290.39476226806636,2.3398342695583554,0.5600274456966507,-1.0,stop
210,292.60574386596676,5.743481262861396,1.6122016899077307,1.4545161682000634,max_bars
313,320.84624999999994,2.3052280626526542,1.6364755360540002,0.27091558703271906,max_bars
435,324.4642561340332,2.0539298906044925,0.4555254546490716,-1.0,stop
14,393.30675613403315,3.2816019649431962,0.47597189441717724,-1.0,stop
64,387.6285122680664,1.8777014420232558,0.17468991571520567,-1.0,stop
73,394.5630061340332,4.1851410508199045,2.206561702614689,1.5495039873371657,max_bars
182,426.97425613403317,1.9495934750070019,6.297944041932146,5.9916120547602,max_bars
287,481.7969938659667,3.98445569541922,0.734646508349752,-1.0,stop
392,448.63199386596676,2.960552957446736,0.40415683480817904,-1.0,stop
455,421.09499999999997,2.6822954931859266,0.2483391646746791,-1.0,stop
15,913.545,3.4913414868383565,4.519675858771722,-1.0,stop
98,882.0885122680663,3.2750114823234284,0.4988659051693689,-1.0,stop
169,862.9432745361328,2.537048191833068,-0.027099583409080117,-1.0,stop
196,843.6974999999999,2.1509500984690755,-0.3800803178056949,-1.0,stop
224,818.4720245361327,3.5519845823132092,1.1188764215494589,0.2795800431919474,max_bars
343,803.8492254638671,1.8472650085963909,0.05055820075580472,-1.0,stop
358,801.6382745361327,3.8219575473565706,3.850141786238282,-0.4157626470461833,max_bars
460,802.8945245361327,2.234977544462495,-0.5792592378938827,-1.0,stop
14,315.46949386596674,2.6213253007750215,2.2771069220106406,2.1259487174756098,max_bars
112,333.65999999999997,1.2917322713194102,0.12529303289078467,-1.0,stop
143,332.6047622680664,2.857672902738028,2.8664853010184443,2.6402834017521517,max_bars
286,358.1819938659668,1.7817774713114691,0.17517907601689275,-1.0,stop
330,358.2322622680664,2.381764837989503,0.6818512682217962,-1.0,stop
385,349.3882438659668,2.2291069889114254,0.9709216091888527,-1.0,stop
21,1045.0995245361328,2.860924881041585,5.301104891116717,1.6087361595167422,max_bars
154,1068.5159509277344,2.0136293622058923,0.3478372439778442,-1.0,stop
177,1055.25,2.165361344320066,0.1159749341567559,-1.0,stop
205,1022.9895245361325,2.0322312037875605,-0.24481094320552488,-1.0,stop
224,1008.9195245361326,4.957729422975286,7.291766190941982,4.898698028524022,max_bars
329,1286.3999999999999,3.9179104477611837,1.0406741187686075,-1.0,stop
18,217.15035736083982,2.431661779343939,3.8595157828340314,0.8919166966571888,max_bars
155,215.01974693298337,4.636664317316349,0.7151885794105804,-1.0,stop
224,211.55249999999998,2.960261265580491,1.7401174076367398,0.35888233808694486,max_bars
322,220.89900306701657,3.544151686561775,-0.8058513424189572,-1.0,stop
336,210.4469938659668,2.559787720609592,-0.5396329260250745,-1.0,stop
399,190.54800613403316,2.911605451347857,-0.6034616950499144,-1.0,stop
427,181.90499999999997,5.989393086041636,-0.0518589607379117,-1.0,stop
469,173.24190490722654,3.377881073699738,2.803888227513386,-1.0,stop
16,439.28550613403314,5.437354955722329,5.0015462376463065,4.237484750561662,max_bars
120,561.5437499999999,3.9611806216401098,0.15538063965220728,-1.0,stop
148,557.7247622680663,4.711060336318065,0.6803190620785303,-1.0,stop
224,545.3632745361327,4.5040228944746366,1.1495489730283386,-0.19188189965587418,max_bars
327,552.6495245361327,3.854078942359182,-0.0398851987500042,-1.0,stop
378,510.94199386596677,4.069346465762739,2.2151792132375525,1.3903415622547466,max_bars
496,544.7099999999999,2.865749557390616,-0.5739901336687345,-1.0,stop
21,3718.4999999999995,2.6462256916431235,3.1117912099363543,2.293700967135282,max_bars
131,3968.6444018554685,2.2764537176750976,-0.05694215170162981,-1.0,stop
149,3929.4494018554683,2.5308737099021745,7.24539901398021,5.392197272703309,max_bars
259,4492.349999999999,3.2800204792591736,3.1499830335935024,1.1689860716406602,max_bars
380,4698.4755981445305,2.393874264004864,1.2502667408002368,-1.0,stop
445,4612.849401855468,3.0685935055896603,1.9431387018494712,-1.0,stop
19,17637.749999999996,4.182789754929039,2.5689596746865635,1.4872924432395904,max_bars
169,18100.05,2.6522026182248073,1.2976773252786233,-1.0,stop
210,17913.12,3.2720151486731455,0.02538729270456514,-1.0,stop
245,17461.874999999996,2.633594616843818,4.227507474857339,0.6917640663223823,max_bars
383,17555.339999999997,1.5684116627760931,2.846153846153889,-1.0,stop
455,17766.39,3.199243065135908,0.20339907457907352,-1.0,stop
59,973.8449999999999,2.1302183010707356,0.6534108682404838,-1.0,stop
107,967.0612499999999,2.1261579863736513,1.3758271304486855,-1.0,stop
152,968.8199999999999,2.2470646979863327,0.8764360916573127,-1.0,stop
199,964.9004754638672,1.6686164097036338,0.34468128274119464,-1.0,stop
224,955.7549999999999,2.9144472784277875,0.8560400820446546,-1.0,stop
283,935.40375,2.0636836675138768,2.2428910159399185,-1.0,stop
313,909.1229754638672,2.1969471225401356,1.636063306199365,-0.5894471902811197,max_bars
421,917.5649999999999,1.641845536828447,-0.12711421081563365,-1.0,stop
54,242.30550613403315,1.7768915790347446,1.5780955265107808,-1.0,stop
112,242.9487055206299,4.737091747231548,2.6598385436866168,1.5024529345066362,max_bars
224,259.89300613403316,3.271733576393169,9.562147663435907,1.0181082903000804,max_bars
344,270.89773773193355,2.823108747959111,1.0071302967700928,-1.0,stop
418,269.2394938659668,4.4902401931793925,0.3275998470624933,-1.0,stop
14,1039.9740490722654,4.805316932364418,4.903063799641545,4.022606826135686,max_bars
119,1256.350475463867,3.2754016570733206,6.38265317526574,2.1081019407315766,max_bars
229,1438.6574999999998,7.184298637575296,1.5561771132739393,0.19294666576844033,max_bars
337,1475.2395245361326,3.527533834251135,0.05304569744538598,-1.0,stop
401,1381.8749999999998,4.7308909995477,1.3158703543260097,-1.0,stop
440,1370.82,4.174145724023755,0.4225793373492086,-1.0,stop
18,168.77970245361325,2.233507875636508,2.570570161907109,1.384801586777968,max_bars
169,174.23684509277342,1.863463263399059,0.4598781642755853,-1.0,stop
196,174.40769325256346,2.5100351891743413,0.3294685958008216,-1.0,stop
229,173.55345245361326,3.5570871587534554,1.4006022397477627,-0.13500580078661573,max_bars
358,174.58860122680662,1.4483211678453043,0.6609945643283042,-1.0,stop
385,173.76449386596678,1.9074650085196538,1.0606450995716932,-1.0,stop
26,671.3902377319336,3.282779657394435,3.5212721951297414,-0.13794128789654006,max_bars
154,682.395,2.8421955026047936,2.1967001804588833,-1.0,stop
231,549.9862499999999,4.74306868325116,3.51387647523361,1.3115643002594923,max_bars
350,584.91,2.2157234092370994,1.0563262716470165,-1.0,stop
420,564.81,3.587049132811246,1.4851928077131098,-1.0,stop
21,1418.4570245361326,3.944922092682493,2.098807090825466,0.4618369991296637,max_bars
154,1434.737975463867,2.3863573732198424,-1.0438110016634332,-1.0,stop
161,1446.0945245361327,3.9689364969187104,-0.2717072995239679,-1.0,stop
189,1392.4274999999998,4.303814740803366,3.350255745223413,-0.8514868063232655,max_bars
320,1294.2390490722655,1.2547179042315224,0.9705587351572397,-1.0,stop
336,1305.6959509277342,3.4231515304904216,1.6579599798694225,1.3603927830191098,max_bars
19,379.1864877319335,2.4754310194725586,1.5568635973002432,-1.0,stop
49,363.80999999999995,2.3528765014705333,1.301403295213952,-1.0,stop
130,362.70449386596675,1.2694873761758971,1.1609312919872632,-1.0,stop
147,366.72449386596674,2.488104262211075,0.36993991612764454,-1.0,stop
259,361.90050613403315,1.6718683527556792,0.4048425679080525,-1.0,stop
308,358.0814877319336,1.6285365012499997,-0.21975523191916735,-1.0,stop
336,358.13175613403314,1.7959155581262578,0.7569088448202823,-1.0,stop
431,359.99101226806636,1.8308841462614065,0.1075706209562225,-1.0,stop
21,7801.312499999999,1.5678451542608902,1.6121614716402908,-1.0,stop
98,7742.017499999999,2.803113012854841,0.9814070293870388,0.4169364221779417,max_bars
200,7917.389999999999,1.6595115309464286,0.23297054570364148,-1.0,stop
224,7891.259999999999,2.0435266357970634,0.8789532432097265,-1.0,stop
350,7571.669999999999,1.2701293109710168,-0.5840698762607873,-1.0,stop
411,7391.775,1.9180102208197578,1.1724563569035493,-1.0,stop
42,2216.0249999999996,2.1626517003982193,7.459065799152793,5.89202874777642,max_bars
176,2537.4240490722655,3.3232108542064944,0.30211882678265944,-1.0,stop
200,2496.4199999999996,1.863472398724959,-0.1831487482938485,-1.0,stop
231,2442.1499999999996,2.483467436480136,9.840890354493055,8.892827699917618,max_bars
378,2849.1749999999997,2.519153707871568,2.686516720931415,-0.05398740368745753,max_bars
21,2139.845950927734,2.329417727763219,7.2614543641698495,4.677492248272865,max_bars
140,2444.863450927734,2.3544628669452212,3.841617086662218,3.4455312405082466,max_bars
256,2646.5669018554686,2.0391248814221647,0.6380421938164363,-1.0,stop
287,2615.0099999999998,2.849319887878049,6.043350541244485,5.851429338343865,max_bars
385,3065.1494018554686,2.934586178055244,0.6020119807416832,-1.0,stop
434,2979.825,1.8230936380492082,1.1776355053497576,-1.0,stop
49,2171.0009509277343,1.6398449097302727,3.4521160556856145,3.210554251815219,max_bars
158,2322.3540490722653,3.244727008888578,0.044402419522286504,-1.0,stop
238,2218.5375,1.791155262053263,1.2447325769854247,-1.0,stop
275,2255.22,2.4485416056969966,4.139443115322818,3.252083463022925,max_bars
377,2496.2190490722655,2.087915779482007,0.7901320374383105,-1.0,stop
410,2468.9834509277343,1.781439681631212,0.5233002092100989,-1.0,stop
19,610.4872622680664,4.011101259851343,0.85810890175894,-1.0,stop
98,590.0354754638671,3.048204458682545,1.724418758980054,-0.7303361070969778,max_bars
238,568.0260122680663,2.7245274231902665,0.7510980720339567,-1.0,stop
256,577.4227377319336,3.3030847072133387,-0.13489195357769182,-1.0,stop
279,581.7945245361327,4.605496168513463,1.3064409189135204,-0.5148262480840308,max_bars
383,579.5332745361327,2.8356092173221046,-0.0111541176699042,-1.0,stop
442,568.2270245361327,2.0022013137236434,2.871834341309492,-1.0,stop
19,103.38435276031494,4.144103214658259,2.6294858018318066,2.1953478930352985,max_bars
154,113.75595245361326,1.4820787153767012,0.7141639198266801,-1.0,stop
196,112.2584969329834,2.136583321673822,-0.11194474916653924,-1.0,stop
259,106.52999999999999,2.468786702451029,0.48669136928740275,-1.0,stop
331,103.01249999999999,1.9051056408127078,0.1770706500526385,-1.0,stop
361,99.92715030670165,1.7584331509136186,0.041458956076149196,-1.0,stop
397,95.3745015335083,2.888087216852714,1.218189617418458,-1.0,stop
16,2279.3399999999997,4.108208903810959,0.5901331572101132,-1.0,stop
109,2190.6990490722656,1.583925874572328,-0.13253825505239897,-1.0,stop
177,2114.720950927734,2.114744780303749,1.2763390919979893,-1.0,stop
221,2088.39,2.364979721220647,3.235674249278711,-1.0,stop
247,2098.3394018554686,4.066997063487764,3.6262340752840165,0.19054147846408348,max_bars
361,2120.4494018554688,2.3650341754658837,0.8484775091979855,-1.0,stop
403,2064.7724999999996,1.4709841198455078,0.16881739946560917,-1.0,stop
15,301.85175613403317,3.346595117885489,3.0339520633161827,1.1382426794826757,max_bars
151,310.04249999999996,2.916535636243406,0.3436542876952659,-1.0,stop
245,255.87300613403315,4.171213426163505,3.249035117959168,-0.32540140995778233,max_bars
353,259.39050613403316,3.2154234195316365,0.7025348241185835,-0.6522998831272845,max_bars
467,254.36550613403315,1.6769176353140947,0.7114025883814232,-1.0,stop
485,255.97349693298338,2.8219706413100143,0.11441700157876501,-1.0,stop
19,1033.742975463867,2.683740167754754,0.7806318027567805,-1.0,stop
84,1043.0895245361328,2.213570742779803,0.026437384398578612,-1.0,stop
98,1034.145,2.624873687925773,3.0486286393097304,0.8272232671187152,max_bars
210,1077.36,3.4584562647640906,0.607621716733376,-1.0,stop
459,881.9879754638671,1.9090907720084216,0.5292834575795267,-1.0,stop
16,1046.6070245361327,3.889425464167136,4.347973334292538,4.048271780867075,max_bars
127,1226.1,2.2347319817408784,7.806555431406436,4.12043061339779,max_bars
250,1312.9320245361328,1.7466269469841584,1.686198747471146,-1.0,stop
319,1280.37,4.441684825480126,0.042729889715579616,-1.0,stop
352,1236.2504754638671,2.4631275975296587,0.39899437520308967,-1.0,stop
395,1169.4179754638672,3.7469921616818476,1.0493872170864564,-1.0,stop
478,1142.4840490722654,3.5697739441971583,0.13524758942091958,-1.0,stop
19,1683.7770245361326,4.239100491452178,4.465345628406666,4.427519001240243,max_bars
119,2012.5124999999998,2.01799867508586,3.831029638344053,-0.2588490321835972,max_bars
228,2070.2999999999997,3.4439453219340064,1.504910205557511,-1.0,stop
290,2119.143098144531,2.6540536998198063,0.015235653722523333,-1.0,stop
324,2034.8234509277343,2.2323030773486474,0.44639183533221544,-1.0,stop
340,2033.7179754638669,3.0789913170555008,0.9786646755820895,-1.0,stop
397,1998.6434509277342,4.365132083622763,0.6643096109875228,-1.0,stop
56,272.65648773193357,2.0562503337448303,1.0333585192488919,-1.0,stop
112,260.79749999999996,2.433881863038476,-0.37770853892723505,-1.0,stop
143,253.86300613403316,3.8654718667809083,0.31967725268862845,-1.0,stop
233,242.20499999999998,4.812038128132025,0.9219219014778708,-1.0,stop
315,235.33080368041988,2.962129462462845,2.965109774558236,0.8290575521702507,max_bars
448,248.23499999999999,2.306284566303735,1.167684149286407,-1.0,stop
46,756.5639877319335,2.5264188931597302,7.313286954453133,7.2740486495268355,max_bars
154,906.0577377319335,2.848354653041873,0.14888118912393966,-1.0,stop
238,856.2599999999999,2.383624648361757,0.3865759419977228,-1.0,stop
260,846.2099999999999,2.7782687267898836,0.1037867154823609,-1.0,stop
280,851.2349999999999,3.3286901485415195,1.1210526687647817,-0.4423856923734109,max_bars
21,650.1847622680664,3.8504036555200356,0.9133399222411038,-1.0,stop
98,622.0949999999999,2.5148872427794253,1.4640471634176848,-1.0,stop
147,596.8695245361328,4.133149928918525,3.6717583413290553,2.9846749494520277,max_bars
245,671.6414877319335,4.792955187090904,2.370457496304202,1.812856084304753,max_bars
392,701.4397622680664,3.0921774662351242,7.771419329021562,5.9917790033750284,max_bars
21,3126.555,1.6489394877109098,1.1510988719571453,-1.0,stop
105,3160.1219018554684,2.345539322769406,1.158606241809432,-1.0,stop
238,3142.233098144531,1.2708493631483404,-0.13104679542669428,-1.0,stop
261,3155.5994018554684,1.996429082924001,4.055611392037426,1.182563787771262,max_bars
381,3308.9624999999996,2.416542949640549,0.7758324214475651,-1.0,stop
18,1598.955,3.2618148210471793,3.5479852984655325,2.7599493658750918,max_bars
124,1773.8249999999998,5.176666243851554,1.0255921589980979,0.012796079499050754,max_bars
224,1790.005475463867,4.251688170399721,0.1313246869740291,-1.0,stop
259,1642.1699999999998,3.481369163972052,3.4411408853255785,2.799194528106973,max_bars
361,1825.4820245361327,2.1025706325401012,0.8576405058688917,-1.0,stop
448,1699.052975463867,1.998348513451132,0.6110527328615896,-1.0,stop
14,194.8694938659668,2.9042448049833123,2.4049002137098006,2.125722650691839,max_bars
140,197.26139877319335,4.203253958481499,2.8377115394584993,-0.47174105992578075,max_bars
252,196.91970245361327,3.2397515779221084,0.007884178693636936,-1.0,stop
296,192.4474555206299,1.5315637781004217,4.258773166045122,-0.18234434913734987,max_bars
427,192.20624999999998,1.860628942704768,3.183156065891636,-1.0,stop
19,2640.838450927734,4.189521692134984,2.6280331654001725,0.9369392146586522,max_bars
201,2594.91,1.6150849162398642,0.9828226594189932,-1.0,stop
224,2611.2915490722653,2.8794736245644104,0.6344930178801279,-1.0,stop
282,2580.8399999999997,3.1323135103299586,1.5111331024245536,1.0546771110372428,max_bars
380,2638.1249999999995,2.2980336413172067,0.641237113402075,-1.0,stop
427,2548.4790490722653,1.7374715290090152,0.21728194656602912,-1.0,stop
16,4903.897499999999,3.953946835144886,3.842764862878605,-1.0,stop
140,4556.268098144531,4.700513575474138,0.8522828159520355,-1.0,stop
247,4180.598803710937,3.2913659064533243,2.6773575521992665,-1.0,stop
344,4160.7,2.6582042046710845,6.006334417324565,1.417722770791046,max_bars
25,4275.2699999999995,2.518435147809367,2.409495965587835,1.5763922535948487,max_bars
147,4439.084999999999,2.4348486230833415,1.8967950932715187,1.0687430971573453,max_bars
252,4622.09559814453,1.8150944966544815,6.290025302095545,3.2469526655811976,max_bars
362,4931.736196289062,2.569808912010051,-0.037370509986426395,-1.0,stop
403,4833.848803710937,1.7346178400649757,3.1407888955631056,-1.0,stop
21,1162.1820245361328,2.3732985339541983,1.6974074532463508,0.6641267114326349,max_bars
126,1196.3520245361326,1.6342995462049381,1.9255330523169887,-1.0,stop
168,1195.3470245361327,2.3296184258240036,-0.1022380158583424,-1.0,stop
187,1192.5329754638672,2.3003975942265975,3.972114789523942,3.4800067422789462,max_bars
313,1278.0584509277342,1.858944877080003,1.554883569921293,-1.0,stop
358,1277.6565490722655,1.7263304056433473,-0.19751482463225384,-1.0,stop
19,769.8299999999999,4.771186419607242,2.043832684884396,1.3060156794941609,max_bars
252,714.8564877319335,2.497912243699125,1.6796969428856587,-1.0,stop
350,678.8774999999999,2.5965656543338,2.7101134258438653,-1.0,stop
28,1133.6399999999999,1.8118648260525716,1.9406013934779327,-1.0,stop
77,1127.0070245361328,2.902109303308889,-0.04913325329791692,-1.0,stop
112,1088.2140490722654,3.5208169468926416,4.042538675991364,3.9746790447171283,max_bars
217,1255.0440490722656,2.0831161007877665,4.771874314948495,4.1063293331966895,max_bars
337,1330.4190490722656,2.181194314561173,0.22678056913515166,-1.0,stop
373,1314.3390490722654,2.5822123052768613,1.5781530518689053,-1.0,stop
19,643.0995245361328,3.5763591905599426,5.074032691230022,4.5479364789895325,max_bars
147,744.4035122680664,3.137213096153127,1.7404857056263465,-1.0,stop
259,692.7464877319335,2.66280670716339,0.2305864137988479,-1.0,stop
298,674.8575,1.6829478815898111,3.2570966837717563,0.43957522218247796,max_bars
420,680.6864877319335,1.9005060281185073,1.852398980209693,-1.0,stop
19,2452.7025,2.7195511889436195,5.331097767371927,5.152691463494631,max_bars
119,2822.3415490722655,2.021070067259955,0.11672994046853236,-1.0,stop
147,2759.7299999999996,3.465190520222978,0.31130430200576736,-1.0,stop
173,2731.5899999999997,3.2797747831848736,0.028017609736021677,-1.0,stop
196,2673.2999999999997,2.6297085998578438,-0.6415369676831418,-1.0,stop
224,2543.1524999999997,2.9354315165920917,1.3616094414537432,-0.07571749104182379,max_bars
337,2564.4584509277342,2.4745361308067646,2.0413600896086534,-1.0,stop
14,759.5789877319335,2.5512785158482214,2.3980111849214856,2.3128692548547467,max_bars
119,811.035,1.520894633766572,2.449536270901167,-1.0,stop
238,745.7099999999999,1.8116945988344897,0.8726876871151797,-1.0,stop
343,731.9414877319335,0.9893516963140645,0.32569330006359565,-1.0,stop
379,723.3989877319335,1.9766425428417567,0.482620756635108,-1.0,stop
19,557.0714877319335,2.517001901506763,3.20425863592619,0.725921785284978,max_bars
149,567.3225,2.868300165607964,1.1017045046218321,-1.0,stop
259,553.6545245361327,1.6805694775078084,-0.0004836475249162209,-1.0,stop
319,542.5995245361328,1.2807788816275483,0.2446885714032271,-1.0,stop
344,545.9160122680663,1.6973284618465898,1.8869021221996725,-1.0,stop
403,542.3985122680664,2.184468468682268,0.47275825303871427,-1.0,stop
14,525.8662499999999,3.9679766480545053,1.2644222129036193,-0.007966826476664106,max_bars
112,529.4842254638671,3.2832422651873596,1.2923069388047543,-1.0,stop
157,567.8249999999999,8.642627570114021,2.3469179826795763,1.8150794582590473,max_bars
259,669.0285122680664,3.128198021214264,3.821169580395087,2.122532531235059,max_bars
357,721.0372622680663,3.4585295361417385,1.3158092833486243,-1.0,stop
431,728.2732745361327,3.813578708325202,0.4942422416200515,-1.0,stop
14,4926.0075,2.34485026667133,1.2725797026167172,-1.0,stop
98,4872.441196289062,4.10351173537693,0.7880257127358081,0.5299493452139824,max_bars
196,5009.924999999999,2.176182231395665,8.448284108894857,7.797057909365469,max_bars
439,5291.827499999999,1.9903804498540332,0.21525717405236278,-1.0,stop
35,514.5097622680664,3.548963228136543,0.0733970847043767,-1.0,stop
55,502.39949386596675,2.9656665756796574,0.3825977102866493,-1.0,stop
84,499.23374999999993,3.562206640269939,4.403811994120476,3.439449857287403,max_bars
185,572.2972622680663,2.4807539050359404,0.08119508782026488,-1.0,stop
221,551.2927377319336,2.393059302807481,5.359549538269027,1.7742512307933638,max_bars
391,560.4885122680663,1.4252767172229956,0.6273368011171329,-1.0,stop
21,172.7193006134033,1.9912666516665682,13.741363042192722,12.514369476564148,max_bars
119,215.88404754638668,4.578405703766932,1.35328638370817,-1.0,stop
196,214.85894325256345,5.430977475040699,1.1261567746467436,-1.0,stop
259,194.88959815979,1.9906673776263908,10.106807666775202,8.106600826131528,max_bars
364,229.94400306701658,2.9676825047880206,3.920864298038341,-1.0,stop
434,232.59720245361325,3.2662484215081458,2.8171945761702752,-1.0,stop
39,1009.7235122680663,3.7855424582723347,0.2008322022361447,-1.0,stop
112,967.2120245361326,2.399889987644118,1.2832993269285244,-1.0,stop
203,960.7799999999999,2.058743937217663,0.1349854503049255,-1.0,stop
238,955.0514877319335,2.0681083892001335,6.718401775972736,4.083156402762208,max_bars
349,1045.6522009277342,1.8029084702239386,0.8565519636734563,-1.0,stop
14,516.5699999999999,3.614225778406714,0.837172313729893,-1.0,stop
76,505.26374999999996,1.5068874629370472,-1.0197003810530654,-1.0,stop
90,499.98749999999995,2.0675529095258542,1.0894794051120233,-1.0,stop
147,498.1785122680664,2.9062875464296067,0.7059765573318064,-1.0,stop
203,496.46999999999997,2.9145769130058152,0.14720152754081905,-1.0,stop
245,487.52550613403315,3.5845341671744233,5.0913793874080495,4.224450915337349,max_bars
357,577.2217254638671,4.0836475846195635,0.3745280118073959,-1.0,stop
382,555.3127377319336,4.657326181735641,0.28176604383738557,-1.0,stop
441,526.0170245361328,3.5677599128435933,1.0115069348003831,-1.0,stop
18,383.50800613403317,5.842902800492284,1.6262944494541054,0.6623527289034741,max_bars
126,405.8189877319335,2.049925701709315,0.15398728942282436,-1.0,stop
147,396.82425613403313,3.433319338825912,0.07161730692459192,-1.0,stop
175,397.7789877319335,2.747500990621208,1.0999195048308814,-1.0,stop
224,388.0807438659668,4.130778536781691,0.8246176204544843,-1.0,stop
349,370.59374999999994,2.1974838466565174,1.3514993217265148,-1.0,stop
438,354.66449386596673,2.0905655892266415,0.0722258795738747,-1.0,stop
21,2188.89,2.005125885722895,0.8090658998348176,-1.0,stop
77,2183.2619018554683,1.9815259826913896,0.38458781918249973,-1.0,stop
98,2174.418098144531,2.7555923212587428,1.0744992360788137,-1.0,stop
182,2133.615,1.7535988839657006,2.121739847639242,-1.0,stop
231,2191.8044018554683,1.45106022364698,-2.3897431988420013,-1.0,stop
361,2038.3409509277342,1.2922740386364369,0.2148384501300372,-1.0,stop
14,557.1720245361328,3.2255769381213844,1.228464295459953,-1.0,stop
90,528.0270245361328,2.1167569898556287,1.5185560642615508,-1.0,stop
191,528.63,2.5878190403436707,5.827488795487966,5.670327589539278,max_bars
337,567.7747622680663,3.2186640693687867,3.4870624743112835,0.4692380230223709,max_bars
16,1088.7165490722655,6.412736604187404,2.152548435538275,1.6641257339947808,max_bars
130,1206.7034509277341,2.0388998906799403,3.3449156238695963,-1.0,stop
224,1214.5424999999998,4.902463273207797,0.12188854730864702,-1.0,stop
252,1208.5124999999998,3.2695152098137026,0.21480544131604407,-1.0,stop
316,1192.935,2.148897565405906,0.05324951933681225,-1.0,stop
357,1198.6634509277342,1.7322148679515776,0.5411714429181305,-1.0,stop
416,1194.6434509277342,3.55281734670696,1.8414267991555429,0.3052652286623613,max_bars
49,410.14050613403316,2.569972941680849,6.343104565475159,5.678999449044899,max_bars
154,477.37499999999994,2.382822728462937,1.127473600618146,-1.0,stop
227,458.43074386596675,3.0278850750586717,-0.045441045839358,-1.0,stop
239,460.0889877319335,3.6925425475117777,0.02125050712244287,-1.0,stop
252,454.5614877319335,2.6314331396838107,0.16206288888669076,-1.0,stop
265,461.29499999999996,3.27230683032954,3.210005908224099,1.3650222298346215,max_bars
403,487.1235122680664,3.915541745519658,0.09313861372277,-1.0,stop
427,483.90749999999997,3.152979878079095,0.019171691955867643,-1.0,stop
441,476.97300613403314,2.311030977695263,0.6057326899269528,-1.0,stop
21,36556.87499999999,2.7953018413089,3.8391437308868865,2.9241590214067545,max_bars
140,38521.649999999994,3.1323943808221983,1.059420710230815,-1.0,stop
239,38039.24999999999,1.903954468082291,4.688643424232016,-1.0,stop
355,36727.725,2.3081337055317164,0.5453124539207911,-1.0,stop
427,35637.299999999996,2.321444104912538,0.3114952254321353,-1.0,stop
466,34556.924999999996,1.9733381948769915,0.45910474025736375,-1.0,stop
490,34260.45,1.5482867271153682,4.061740032048283,-1.0,stop
35,698.3242254638672,4.965344146090887,0.5616787622915212,-1.0,stop
80,673.9027377319335,6.507281760948801,1.3191250799226877,1.245013422055771,max_bars
183,737.67,6.726586713168654,1.6440947184700618,0.2535267413379912,max_bars
284,758.5739877319335,1.5257559472265363,3.0737924997079644,-1.0,stop
392,679.8824999999999,3.2774081424455606,0.15561412708468528,-1.0,stop
407,679.2795245361327,3.6405538294491233,0.20706008087050815,-1.0,stop
428,669.7822622680663,1.6396783094715892,1.5677752155052205,-1.0,stop
16,207.48224693298337,4.054438263087526,1.2229510591637058,0.6868263200483222,max_bars
119,217.75334815979002,4.474490856418117,-0.287719332726661,-1.0,stop
148,208.62794631958008,3.3638569678859307,0.5389123112702235,-1.0,stop
224,198.76889877319334,3.5211215355771097,0.9074427887617934,-1.0,stop
405,184.94010429382325,1.8060432068325656,-0.4670819006273144,-1.0,stop
420,181.16129447937007,3.312678259728431,0.4263593982104288,-1.0,stop
14,1959.5490490722655,4.927105505114859,1.0300562448139394,0.15588891509855027,max_bars
112,1970.8049999999998,3.1867688584106415,0.7036860122601774,-1.0,stop
150,1974.8249999999998,4.021874119779592,1.1303131917127782,0.31696578833393474,max_bars
251,2023.3665490722653,2.5386675042056734,4.871527348117975,3.9468010260679103,max_bars
360,2238.4365490722653,1.4445998672340001,1.3162684544493513,-1.0,stop
405,2195.9249999999997,2.1596821385065397,0.6510289684370121,-1.0,stop
453,2195.9249999999997,2.5467627537370237,0.4787653316383585,-1.0,stop
14,3280.2194018554683,2.5644413953419054,3.3652281086662588,0.9971634525426937,max_bars
156,3219.115598144531,2.3241026000908094,0.7736948052157905,-1.0,stop
161,3272.2799999999997,4.057721221900319,-0.9909628620886047,-1.0,stop
188,3195.8999999999996,3.7798398680731453,-0.1316226229616837,-1.0,stop
315,3098.615950927734,2.5209949269236134,2.725231486578298,-1.0,stop
439,3022.3365490722654,2.0956153639377826,0.12099571321750852,-1.0,stop
21,1350.9209509277343,2.355502394121879,2.522832797607379,2.343707201655318,max_bars
119,1427.1,1.4715173718774024,0.19523554311344338,-1.0,stop
168,1419.7634509277343,1.955498354996565,2.083189327175009,0.9161865472109195,max_bars
361,1432.0245245361327,1.572914719699299,0.944549318138236,-1.0,stop
22,1737.745475463867,3.7776245603750667,2.3665674023498693,0.6238733162846566,max_bars
126,1797.7440490722654,1.7212684008109609,1.2750743856098847,-1.0,stop
168,1808.9999999999998,3.3443891652846753,0.21322354403409421,-1.0,stop
217,1636.5420245361327,4.041570526783,1.6412861850178826,-0.1593847255401499,max_bars
21,472.14898773193346,2.1177624214511916,5.14061723678688,1.15021634714653,max_bars
147,495.8669938659667,2.836850656932482,2.5330909753733404,1.0153546501934207,max_bars
259,519.5849999999999,1.8543621915506834,0.10534269557438407,-1.0,stop
344,509.78624999999994,1.9491000191716261,1.6066181714448922,-1.0,stop
431,467.7772622680664,2.3039303397971373,0.7119386861076639,-1.0,stop
18,74.97299846649169,3.738679731209022,6.145913896916199,3.1134490029807487,max_bars
147,83.2642484664917,3.1637242413036795,2.5190281877651373,0.30207790667525153,max_bars
259,85.15365337371826,1.8245311129266022,0.3516505336323918,-1.0,stop
359,82.64115337371825,1.792266505418737,9.174528325333593,-1.0,stop
14,14.562449769973753,5.579073458154957,0.8955017513301494,-0.10148347723710875,max_bars
148,14.230799846649168,1.8326417519094547,0.38036900673418433,-1.0,stop
292,13.044899539947508,3.257209096070477,5.472116349348829,2.3890367271074044,max_bars
403,14.783550038337706,2.3238698219540446,2.929554888408542,-1.0,stop
18,74.72174846649169,3.3213229797949357,2.7110896938517848,2.2275612736608346,max_bars
117,80.70150306701659,2.653612915541954,0.48960739482552174,-1.0,stop
147,80.89244785308837,3.6003911038075764,2.6910574653673045,0.97085227593106,max_bars
259,86.14860122680663,1.9020611678443433,0.15342392200637925,-1.0,stop
306,85.36470245361328,1.4698134090533637,1.2316083034348189,-1.0,stop
19,120.69044631958006,3.190351928514464,2.0619820023603705,0.8179693369055708,max_bars
147,120.14775306701658,2.6781630781276333,0.04420720267811399,-1.0,stop
168,119.58494785308835,2.696783584083407,4.705517799686412,2.733392325486638,max_bars
403,120.8009969329834,1.5571053317395944,0.026050809854069577,-1.0,stop
424,118.73069938659667,2.2746438968628464,-0.05209872146721349,-1.0,stop
15,75.46544631958007,7.2158185528425065,3.7268833654236615,0.18447602324849688,max_bars
137,75.59610122680664,2.7066186507555927,0.17296126146395924,-1.0,stop
147,78.47040184020996,4.932309858652445,-0.031108738469948247,-1.0,stop
240,71.11380214691161,4.02706937395272,3.6616343550541863,3.4381554424698697,max_bars
343,82.2090030670166,4.231896240423849,7.2696174304596335,3.5817752631061404,max_bars
18,364.56374999999997,3.7479744224475406,0.6613303132065348,-1.0,stop
82,357.78,3.9074325582847624,0.870529440661749,-1.0,stop
168,349.13699386596676,2.5740612216339587,0.8582410441460272,-1.0,stop
239,334.6147622680664,2.1262547473523035,5.114048278920529,2.2608274644904527,max_bars
362,341.14726226806636,1.743308746344821,0.09294210488749255,-1.0,stop
378,346.77523773193354,2.9630828888297307,0.24084720301656204,-1.0,stop
405,346.92601226806636,2.731418148522428,-0.308781368638651,-1.0,stop
18,163.88535736083983,2.8040113825355557,2.5470536799191517,-1.0,stop
152,153.55394325256347,2.6400775953344287,1.2422603799751408,-1.0,stop
224,151.21230674743651,2.587291854632743,1.4103427058070863,0.3802593859083327,max_bars
343,153.765,3.033846386683811,0.45980846056967384,-1.0,stop
399,149.33294631958006,1.4216150273829558,4.76558570080701,-0.03907144572405309,max_bars
14,502.2989877319335,3.394191138810772,2.5427337601358344,1.3931032407600743,max_bars
112,521.5949999999999,4.255218340573729,2.949086271375305,2.007434654726471,max_bars
231,578.2770245361328,2.987672655677721,3.66226042710701,3.0400468059179144,max_bars
336,638.0745245361328,2.0490591668171856,-0.2925172938842521,-1.0,stop
350,639.5820245361327,3.4369397679895823,2.9759726043775454,-1.0,stop
19,1690.4099999999999,2.7809806843273144,0.0742400813989481,-1.0,stop
42,1654.2299999999998,2.0692406739086944,7.442886356996839,6.478819748758446,max_bars
150,1913.5199999999998,4.234081692378432,0.22809182917798607,-1.0,stop
225,1819.0499999999997,4.45562244028475,1.0579894981878517,-1.0,stop
310,1777.8449999999998,2.753050776976469,2.0095004644385663,-1.0,stop
407,1785.7845245361327,3.9021812538271474,-0.0643539461123997,-1.0,stop
427,1770.0059509277341,2.7630401647046994,1.5906869734567068,-1.0,stop
21,518.4795245361328,2.0212031604350185,2.893305240356355,-1.0,stop
133,502.49999999999994,2.2686555017879244,0.6491226191591656,-1.0,stop
147,511.44449386596676,3.596579158366828,0.5439405821149987,-1.0,stop
224,497.47499999999997,2.065427969841431,8.323610861954128,6.527987102706757,max_bars
343,572.2972622680663,2.6380084365952237,2.858318552352724,1.3282361514052023,max_bars
18,675.8122622680663,3.1979665459906084,2.7756353621437535,2.368459442555709,max_bars
119,736.1122622680663,2.2295852008315356,1.0106932247118632,-1.0,stop
151,746.7149999999999,2.975030634177688,0.3279315777627809,-1.0,stop
224,732.1927377319336,2.5393262166993993,1.3557580355298229,-1.0,stop
335,724.7557745361328,1.6772269193681668,1.0154989483111192,-1.0,stop
19,393.7589877319335,5.106929482747215,0.33522374730570376,-1.0,stop
110,383.3069938659668,2.936812073127574,0.7144894641961185,-1.0,stop
169,384.4627377319335,2.69537997090456,3.077110313668381,0.6356673411256636,max_bars
292,397.62824386596674,2.3459742150868013,0.10417405246429648,-1.0,stop
399,373.75949386596676,2.851964414922318,0.3602905058043531,-1.0,stop
431,363.05625,1.9022551198376567,0.12217095396374075,-1.0,stop
21,2029.5974999999999,1.9559284826640433,3.027964550741014,-1.0,stop
111,1909.3995245361325,2.587175910611666,1.4069062512351689,-1.0,stop
252,1766.6895245361327,2.0710797478579184,1.5854370523863184,-1.0,stop
466,1692.4199999999998,3.924557733895832,1.0445656252352526,-1.0,stop
20,850.4812499999999,3.7897660883176356,1.061664136731631,-1.0,stop
147,800.6835122680664,3.1390086207598813,2.952889166799116,1.003301871609004,max_bars
259,845.1045245361328,1.881958014345185,3.6779154141540027,1.9299845617190325,max_bars
361,886.1587499999999,1.9363065590674293,0.5589713702921314,-1.0,stop
385,888.1185122680663,2.6256095501879564,0.7968557341099652,-1.0,stop
14,4572.749999999999,2.231694378382792,8.743279839998557,8.586493650657031,max_bars
147,5326.499999999999,4.158453017929205,0.16478555304740986,-1.0,stop
177,5251.6275,2.41120490743107,0.5794357465795386,-1.0,stop
224,5087.3099999999995,3.947272723698762,2.08998555848813,1.113938548877055,max_bars
360,5194.844999999999,2.0567504901493567,0.7782769432355373,-1.0,stop
384,5208.412499999999,1.3518994511283327,-1.6177880347949656,-1.0,stop
18,906.8114877319335,2.7636932340387457,2.311854463222502,2.2759418141535623,max_bars
117,969.5737499999999,3.8752854024771097,2.8816986748977125,0.9960743870388279,max_bars
224,1013.8439877319335,2.8943297082205692,0.8197943954273903,0.049618343434995625,max_bars
409,1013.4420245361326,1.5039846345505437,0.2924810570726336,-1.0,stop
14,420.7935122680664,2.3749236106880267,0.5359952478993218,-1.0,stop
119,389.33699386596675,1.858797873428521,0.07088753696815477,-1.0,stop
133,390.19124999999997,3.816400856511076,1.6592780083354917,-0.16729527412339545,max_bars
245,391.2464877319335,2.682832449891604,0.5290817464721862,-1.0,stop
306,380.8447622680664,3.5171154727885927,0.5715103079229854,-0.07053273612998112,max_bars
409,382.20148773193347,2.0935228620863446,-0.043927101610693624,-1.0,stop
21,1128.715475463867,1.516369736216792,1.973913983061518,-1.0,stop
74,1058.867975463867,3.0946256414615356,0.26953050967132125,-1.0,stop
105,1018.9695245361326,3.500549906966228,2.7202617225597616,1.2652379360787316,max_bars
224,1061.6820245361328,4.472338349125504,2.8077574838199784,1.737877621188505,max_bars
337,1140.0720245361326,2.304413681117827,0.16854367989224842,-1.0,stop
373,1136.0520245361326,2.5044670785928624,0.701108573895185,-1.0,stop
439,1052.3354754638672,2.065453496980011,1.8570760246924003,-1.0,stop
15,84.54060276031493,4.436450323664111,2.706072278825462,1.36228770128314,max_bars
190,79.87740337371825,3.22669517673439,-0.08822915319044418,-1.0,stop
224,77.77694938659667,3.313259852280307,0.4280435488074625,-1.0,stop
254,77.36490337371825,4.51742388955594,1.0801726339851794,-1.0,stop
313,74.74185276031493,1.7417956216358474,-0.8310088206702975,-1.0,stop
319,75.2745015335083,2.7559193923624328,1.5789319250067302,-1.0,stop
21,750.7349999999999,1.9361009934222664,1.9446180762307492,-1.0,stop
77,763.4482745361328,2.2461622240987094,-0.5101537232335402,-1.0,stop
98,737.67,4.022123713855784,2.041793056959896,1.1469501923502283,max_bars
196,769.5285122680664,3.213464359132597,0.09590188643824006,-1.0,stop
224,743.5995245361328,4.51849731306547,0.34525749489172936,-1.0,stop
259,727.6702377319335,5.850213453649383,0.8616281884337403,-1.0,stop
364,698.3745245361328,2.917420928214086,0.1534011484942577,-1.0,stop
406,690.7364877319335,2.4229916949788706,1.5094870962599456,-1.0,stop
19,33.25545015335083,2.9933494426546607,3.279465866723054,1.2000084498387582,max_bars
133,34.451398773193354,1.7456484220902229,0.114069920943081,-1.0,stop
150,34.60215030670166,3.3008099557552475,1.3989832739656427,-1.0,stop
224,34.210200920104974,2.865231280452936,0.7853474189203926,-0.5919190332616452,max_bars
369,33.39614953994751,1.246101731618472,0.08134270194509922,-1.0,stop
18,139.1925,4.017812666978731,1.6481919931828288,0.35896274281214,max_bars
120,143.00144325256346,1.3646297243022179,0.5578203651220084,-1.0,stop
175,141.1522469329834,2.828324279364437,0.7083107422801418,-1.0,stop
231,142.70999999999998,1.9480115788793568,-0.16906232682966105,-1.0,stop
259,141.38339263916015,1.7706377740820072,1.3368296940388882,-1.0,stop
349,137.25285736083984,1.4446716276120593,1.9149909356231498,-1.0,stop
385,137.7855061340332,2.5151403126852294,-0.007361603220008887,-1.0,stop
49,1558.7549999999999,1.8319138561303658,8.809126902292997,7.21571341265521,max_bars
155,1805.180950927734,3.1620639090203704,2.4459830453905593,-1.0,stop
224,1796.537975463867,2.740711708196916,-0.13481378082614145,-1.0,stop
278,1738.6499999999999,2.7808904133594954,0.9565681721094698,-1.0,stop
306,1746.5895245361326,3.961405879864402,3.509354735177197,3.282440633839739,max_bars
441,1988.2920245361327,2.1672909629213555,0.17655218892856311,-1.0,stop
16,20.652749233245846,2.385877929706962,2.6935605546108694,1.435316608074585,max_bars
224,19.79850076675415,2.618885572281876,2.336546335487239,-1.0,stop
378,19.04475076675415,1.4951654729417265,5.005253220063976,-1.0,stop
511,18.36135046005249,2.2947654471906787,0.16292834266245415,-1.0,stop
18,134.2177530670166,3.127565987831477,2.0444887021043616,-0.08284391631060031,max_bars
147,133.05194938659668,3.398635366221346,0.28926703039243423,-1.0,stop
224,127.11240337371825,2.8261653743497788,1.8671616143207144,-1.0,stop
343,125.49435276031494,1.7724750702502852,-0.8246652071497432,-1.0,stop
351,126.52950153350828,3.374311402109748,0.34207671540894125,-1.0,stop
378,126.0772469329834,3.035636505465399,-0.04108665230949465,-1.0,stop
420,120.09749999999998,2.9122184274267897,0.18656174848588802,-1.0,stop
455,117.97694938659667,2.523331381320564,-0.39535315586416325,-1.0,stop
21,527.8260122680664,1.3974301928282198,-0.45092356840350195,-1.0,stop
112,509.83648773193346,1.184007046223552,0.42467269246235567,-1.0,stop
175,506.9219938659667,1.9178456994521274,-0.34684349254031455,-1.0,stop
187,506.41949386596673,1.4650885196631933,0.3478008312494293,-1.0,stop
224,498.12824386596674,1.872661546071263,-0.08342800158582828,-1.0,stop
259,497.5252377319335,1.7034814108327216,3.4718474011979206,-1.0,stop
378,487.92749999999995,1.3582985601408528,0.6899270581726002,-1.0,stop
19,121.90650306701657,3.4013779630005487,2.7212098978717876,1.614253354389118,max_bars
147,124.68029754638673,2.711169736638866,0.6093257024367306,-1.0,stop
224,121.35374999999999,3.1591552440147788,0.6485149425155612,-1.0,stop
349,116.34884662628173,1.3741834772262949,-0.04306094521709312,-1.0,stop
358,117.1930506134033,1.9395795506308002,1.692415989566568,-1.0,stop
427,113.21325153350828,1.3808012635046485,0.9766488551479419,-1.0,stop
19,95.45490337371825,2.833697670960084,2.1202602368025865,-1.0,stop
147,89.65604907989501,2.2932647901333625,0.1672871859958549,-1.0,stop
224,88.27919631958007,2.411887378305132,1.179227285063365,-0.5115520108333927,max_bars
21,286.92749999999995,1.351390928729802,1.9142444194131052,0.28948659166910706,max_bars
178,280.04324386596676,1.6937584379890298,2.6262035914413193,1.4666625682800618,max_bars
361,271.75199386596677,1.4726640305500855,0.18690836595086832,-1.0,stop
19,153.28260429382323,3.1070714405615076,6.489606099389031,5.383066761879534,max_bars
123,180.84974693298338,2.322233294611845,1.678728940066021,-1.0,stop
152,185.02050613403316,4.0646879046937245,0.3669291130255132,-1.0,stop
224,163.54364570617673,3.1267818497715862,1.8159926122636738,0.6524414458322638,max_bars
334,167.73449386596678,1.8687198382438042,-0.4927412520356254,-1.0,stop
351,166.11644325256347,1.7255626212784547,0.622217321876467,-1.0,stop
429,162.20699386596678,1.8229755668921235,0.6063611273156962,-1.0,stop
17,298.98749999999995,3.8923011485377588,2.2781966835668475,0.05692753975876014,max_bars
147,292.9575,2.3407811359956163,-0.008385877462475426,-1.0,stop
168,293.46,2.6954311344071527,-0.3742092834406522,-1.0,stop
200,285.0682438659668,1.6375903208907872,0.6280203830555087,-1.0,stop
241,278.2844938659668,1.8989537622286718,-0.09168448015776269,-1.0,stop
259,279.2894938659668,2.108743829908916,2.811870672104649,0.018762209201143642,max_bars
420,271.34999999999997,2.653401917639798,0.7013874466048887,-1.0,stop
469,266.325,2.956908961970802,-0.7333360201761219,-1.0,stop
14,157.0815030670166,3.6169180072769533,1.7457504045627121,-1.0,stop
105,158.10660736083983,4.697219685518355,5.693494791627942,3.560625778003373,max_bars
224,175.86495552062988,3.2666885716003056,1.1131563208641306,-1.0,stop
260,158.4483036804199,3.1987081463679448,1.140755957373408,-1.0,stop
340,151.61430061340332,2.9511076499068265,0.12419761829885416,-1.0,stop
371,150.24749999999997,2.827002113179903,0.8434377471582656,-1.0,stop
420,148.6495536804199,3.127862523163659,0.8711466833643488,-1.0,stop
480,148.72995552062986,3.2945304612126463,0.3755243253632495,-1.0,stop
21,329.1375,5.662527059359687,2.892688815182763,1.3340040241448716,max_bars
174,341.64976226806635,6.1026749548089505,1.0240032935336432,-1.0,stop
333,301.80148773193355,3.3139332791653904,0.14982753288806197,-1.0,stop
350,299.1382438659668,3.8905904225276755,0.7184723254068524,-1.0,stop
420,285.82199386596676,4.625951832332206,1.2651648320615998,-1.0,stop
21,693.3495245361328,5.394034466832971,1.185857379118502,0.07755383113940582,max_bars
157,699.4297622680664,3.492811370915516,0.12976848825152607,-1.0,stop
203,676.6162499999999,2.0124036335219446,0.013494008480222783,-1.0,stop
224,667.8224999999999,3.7319011542644014,0.8457235454553191,-1.0,stop
350,624.6075,1.674247521193303,5.717682429444799,-1.0,stop
423,634.155,3.572470452807275,0.39925015259462565,-1.0,stop
467,615.2107745361327,2.041698657105116,0.8589634662749799,-1.0,stop
18,232.91879447937006,4.77367721761803,3.323310890251374,2.7998720469104144,max_bars
140,264.66675613403316,5.881641600138938,0.8565207149744123,-1.0,stop
179,258.2347622680664,3.4986634798786156,1.3741620494752982,-1.0,stop
236,257.22974693298335,2.810618530393737,3.287840264307546,1.787095327577324,max_bars
334,272.05351226806636,3.272708482002228,5.323344992496876,3.7621616676633782,max_bars
452,312.4042561340332,4.754822653469672,0.5113509256439431,-1.0,stop
14,1142.8859509277343,2.912449428114587,0.760500480583915,-1.0,stop
112,1055.1495245361327,2.042321817817138,0.7076946210417872,-1.0,stop
147,1042.8884509277343,1.9454118341945819,0.7201896064690534,-1.0,stop
189,1040.8784509277343,2.1499581346686947,3.861822168990511,2.525714298494145,max_bars
289,1114.4445245361328,1.960128877593768,0.5472990037554744,-1.0,stop
324,1115.4495245361327,2.640148557899065,2.7352046164628954,1.0407791477990964,max_bars
18,233.92379447937006,2.9299230419912456,1.8859954841798943,0.8281861539687988,max_bars
126,241.86330368041988,1.5559605445052629,0.899927855922057,-1.0,stop
147,237.43124999999998,2.7802777304778923,2.4690399921963846,1.1844350946813853,max_bars
256,253.29014877319332,3.2295563812734818,1.8165740800138228,-1.0,stop
361,244.8682438659668,1.824756815721756,-0.13836375990361777,-1.0,stop
399,239.58194938659665,3.0018747302798943,0.1429447123785852,-1.0,stop
19,4835.054999999999,3.1345041576569326,5.848998713338418,4.351192636336664,max_bars
140,5457.15,4.162429106768179,1.4653312788906043,1.1505613031036819,max_bars
313,5413.432499999999,1.2641240100435167,-0.1743689036641785,-1.0,stop
334,5386.2975,2.0570252571455563,0.11013335138428273,-1.0,stop
378,5270.219999999999,1.882653855057272,0.4009272324128249,-1.0,stop
433,5114.445,3.1664237273056943,-0.04905986600388973,-1.0,stop
18,368.7847622680664,4.808977021183538,2.887842628269543,2.467763296700243,max_bars
126,416.92425613403316,2.620201624949645,0.0938971093695383,-1.0,stop
147,413.65800613403314,3.773169649714734,0.6594050473351928,-1.0,stop
224,393.4575,3.623641128449369,2.0019305234177565,-0.6738560141866272,max_bars
364,379.89,1.9716249713115932,0.8691573553496509,-1.0,stop
19,119.89650306701658,4.083941517693526,2.6556688827708133,2.204328114710262,max_bars
154,127.47419631958006,2.568519328515225,0.14226565611850292,-1.0,stop
196,125.47424846649169,1.8842494655558786,0.6411127299285929,-1.0,stop
224,124.05720245361326,4.229665663290688,0.2463780329475844,-1.0,stop
267,127.37369785308834,7.54763022421333,0.5176269768660543,0.337674226406675,max_bars
371,133.0117561340332,3.7303116855892973,0.09840148388498966,-1.0,stop
407,130.60980674743652,3.4069440849352484,0.05173028694531242,-1.0,stop
420,130.64999999999998,3.7122058539932485,1.1216494352356885,-1.0,stop
19,18.371400690078733,4.307786759014328,0.6679282493929478,-0.6841044251879421,max_bars
169,17.12520092010498,2.7748655551061043,4.513454678157073,4.1977997798367035,max_bars
315,17.919149923324582,2.0600903940399973,-0.40403410073638985,-1.0,stop
358,17.366400690078734,1.6491659468406579,-0.47625971665492395,-1.0,stop
406,16.954350843429562,3.2696694200717253,-0.42274918778730247,-1.0,stop
434,16.502100076675415,2.9214440384660962,1.323169087776856,-1.0,stop
16,691.9424999999999,5.685808345933714,1.0219863878305444,0.1539682592872717,max_bars
143,710.3339877319335,2.8344378662196847,2.0545383311872643,1.0115252424891765,max_bars
252,742.6949999999999,2.1401803172272857,-0.29852055041956943,-1.0,stop
274,744.4537499999999,2.4183823095751285,0.46914004809386656,-1.0,stop
314,740.685,2.76568146958136,0.7354165963999727,-1.0,stop
383,709.9320245361328,1.6807277491009232,0.366070589580908,-1.0,stop
404,711.54,1.9872355153522592,-0.6640729702020156,-1.0,stop
406,717.5699999999999,2.9990122506558508,3.551577911049149,1.2188649123720605,max_bars
19,127.3334969329834,3.489653272990377,2.3284576264292367,2.10340967934531,max_bars
137,137.67495552062988,1.7976824928168087,-0.9676754867951127,-1.0,stop
151,138.38849693298337,2.7953859939643744,1.282543255455528,-1.0,stop
224,135.5845536804199,4.170505305469203,0.046944833184745925,-1.0,stop
364,127.53450153350829,2.136287782642639,0.22590987887818564,-1.0,stop
390,126.77069938659666,1.854293798981653,0.18262531980753915,-1.0,stop
427,124.66020092010497,1.8211117210628514,0.2245603493791369,-1.0,stop
28,3286.3499999999995,2.563631455680298,-0.18338416100722776,-1.0,stop
54,3264.6419018554684,2.2802485822804672,0.8645407267479895,-1.0,stop
77,3254.1899999999996,2.156911550954296,-0.7236087427874305,-1.0,stop
99,3336.5999999999995,3.6294431457171816,0.2543344537056225,-1.0,stop
115,3309.4649999999997,2.1080461291515302,-0.2732757731341799,-1.0,stop
178,2988.87,3.438419949470867,1.2029786657427817,-1.0,stop
224,2969.7749999999996,3.6290628077884572,2.0897703549060673,1.4402690790999868,max_bars
323,3162.031549072265,1.772011069551303,0.30640598705324834,-1.0,stop
404,3165.348098144531,2.055004609273018,0.05614160445774043,-1.0,stop
427,3201.125950927734,1.9063871339956997,0.3699088014995405,-1.0,stop
21,568.07625,3.296436774827756,1.2641996734931058,-1.0,stop
162,561.795,2.5000222501090184,0.13563632659531957,-1.0,stop
189,551.0917254638671,2.112481955165761,1.8389281769641899,1.1517440981686926,max_bars
294,577.1212499999999,2.9666642841517135,0.31415638460977413,-1.0,stop
344,549.7349999999999,1.6435169296058376,0.38904313769362286,-1.0,stop
361,551.1420245361328,2.15770600076118,0.19407861662964357,-1.0,stop
394,539.1824999999999,4.577763558720822,0.268104438082403,-1.0,stop
16,284.96773773193354,4.410233921733106,4.649383129510812,3.368325342662612,max_bars
141,325.87125,4.179948369179538,2.1898696673969957,-0.798109571441682,max_bars
250,319.4894938659668,2.2972586299070894,0.2739295786351754,-1.0,stop
260,323.86125,3.7859558364837906,2.5396077480302295,0.9084518743806927,max_bars
358,336.6247622680664,2.279912508314955,1.4495895818701232,0.6743184447369924,max_bars
469,346.37324386596674,2.951512609743718,-0.696769020343873,-1.0,stop
14,1299.2640490722654,2.9373608477490616,0.5407173149163402,-1.0,stop
84,1248.9134509277342,1.7786260320407514,0.02640507253302918,-1.0,stop
112,1240.2704754638671,1.8681812021094621,0.5321205924354869,-1.0,stop
147,1246.6020245361326,2.085834006235519,0.4768076349527218,-1.0,stop
187,1241.0745245361327,1.7303190522117575,4.280670838631594,2.655490049269997,max_bars
337,1292.2290490722655,2.3315582874381824,1.9041716148259826,-0.551927807998276,max_bars
21,423.00449386596677,2.8024524896037173,1.302924491191253,0.6238559238733172,max_bars
121,439.73773773193346,2.589664395681196,1.5509898495039252,-1.0,stop
193,425.71800613403315,2.646821079833354,0.07827479986201176,-1.0,stop
224,422.04976226806644,3.186770226400023,7.33100741304696,6.606084938743966,max_bars
339,507.7260122680664,2.378451779068239,1.5298088633616915,-1.0,stop
21,633.15,1.7926261086679662,-0.013215844817067729,-1.0,stop
26,639.0292254638671,2.696158013491752,1.1823389600460101,-1.0,stop
98,618.1754754638671,2.80268314832918,8.936222656026162,8.543738292464969,max_bars
196,750.6847622680664,2.6622027068532206,2.182425368928695,-1.0,stop
259,743.6999999999999,2.245529111200744,1.529940119760487,-1.0,stop
329,743.6999999999999,1.8824778530279256,-0.7285720638358529,-1.0,stop
411,692.0932745361328,4.059174618473491,0.31882055063805687,-1.0,stop
17,969.8752377319335,2.9617431397718095,1.2123417183966352,-0.053098374905607613,max_bars
127,993.3420245361326,3.43708526225344,0.06027763853203247,-1.0,stop
168,986.9099999999999,1.9363480162356352,2.830453450997741,-1.0,stop
242,989.8747622680663,3.2200803054148754,-0.3113670300524295,-1.0,stop
294,947.4135122680663,2.8301830546978604,0.8348945456278861,-1.0,stop
307,974.6489877319335,4.468173947149635,-0.2433809498004713,-1.0,stop
350,881.1337499999998,3.153184679858461,5.053893531539013,4.425828678039519,max_bars
469,1038.6172009277343,3.111561517169033,-0.3703034808034842,-1.0,stop
18,273.76199386596676,3.6571891242392867,1.2223345617133516,-1.0,stop
89,269.6917561340332,3.2784650733348117,0.2949904317508562,-1.0,stop
147,255.06900306701658,2.947829773452807,1.0946914096619957,-1.0,stop
224,249.03900306701658,2.906773608192909,2.8955652560851832,0.9615964799434483,max_bars
385,251.1494938659668,1.8512853816253918,-0.38702874212245814,-1.0,stop
408,246.80790184020992,2.758380825512443,-0.07166591520305089,-1.0,stop
427,245.1998957061767,1.8718992855222165,0.6928500783227759,-1.0,stop
455,246.6269938659668,2.4843159987980084,-0.405907779691555,-1.0,stop
16,650.5867254638671,3.894442427456854,5.6997607975064435,4.284819642736327,max_bars
130,782.2920245361328,2.108168845635762,0.5886462427323423,-1.0,stop
148,787.6687499999999,4.299873799364414,1.2498611476037982,1.0033220052845035,max_bars
252,834.1499999999999,3.3687001387078004,1.4448392299929789,-1.0,stop
308,812.1404754638671,2.6338393553959496,11.019367031847041,8.359306320479408,max_bars
421,997.1107745361326,4.875162898399815,1.2680157033509272,-1.0,stop
21,1094.6459509277342,2.105336005880698,5.981697325790771,5.348182129779151,max_bars
141,1219.9695245361327,2.5385490303873097,1.5541230216062967,0.12045475969092982,max_bars
266,1232.1299999999999,3.508556368722244,-0.2805923398195413,-1.0,stop
294,1185.8999999999999,2.2683194198498917,3.312267657992588,0.9144981412639517,max_bars
394,1223.0849999999998,2.574230279503249,1.5663009742510101,-1.0,stop
19,344.2125,4.971491127278746,2.9912351879348553,2.1322147682125667,max_bars
136,381.9,8.667193560364291,6.646523966155194,6.404832212388996,max_bars
234,589.1310122680663,4.460983403496411,2.2742258179883446,-1.0,stop
282,594.5579754638671,5.341445070368652,1.3033582975124711,0.5114307775862357,max_bars
14,280.0935122680664,3.889236838377531,1.9513006578557273,1.3270735249372791,max_bars
121,299.28898773193356,3.471224890089967,4.674275405370134,3.2689414206970793,max_bars
224,341.7,3.0436090743433537,0.9711515325088107,-1.0,stop
308,337.07699386596676,1.9363546583643039,0.44783260523160906,-1.0,stop
350,336.97648773193356,2.3670754555074165,2.7171741364036412,0.5671057763878614,max_bars
481,335.56949386596676,3.7159181601387465,0.3432789156294443,-1.0,stop
19,3102.2340490722654,2.6508009315692282,3.6087965298527807,2.9521342274463174,max_bars
120,3380.8199999999997,5.9991363042102135,0.4781582133326372,-1.0,stop
238,3266.2499999999995,3.1611174894756853,6.749153488196158,5.359322979721574,max_bars
337,3847.0394018554684,5.40517739690753,1.2867249740551334,-1.0,stop
409,3632.1705981445307,4.987942973743591,0.418552472818881,-1.0,stop
18,503.75624999999997,4.38828423538479,2.128073499767669,0.35482064745772146,max_bars
147,501.39449386596675,3.1800272747306515,0.9442463331899674,-1.0,stop
240,472.14898773193346,2.5095891862193582,1.308212190429397,-1.0,stop
364,439.6372622680664,3.6023503543339412,-0.04970906867773552,-1.0,stop
449,410.64300613403316,2.1047493820489165,0.8164990240155112,-1.0,stop
469,418.0297622680664,3.332240290493518,-0.404154121944288,-1.0,stop
496,407.32648773193347,2.3633315816273317,0.12190466438426402,-1.0,stop
14,5277.254999999999,2.9988128297760714,2.7155224163533758,-0.08691668509683355,max_bars
147,5103.892499999999,3.5050209227564855,0.7217043755327988,-1.0,stop
196,4971.735,2.0563244018436158,0.8829168093118895,-1.0,stop
224,4939.072499999999,2.977735192184349,-0.007292321814067984,-1.0,stop
252,4910.9325,3.3584762160750508,5.863413820805487,3.541251724190204,max_bars
401,5361.674999999999,4.274317260930573,-0.01603578051707018,-1.0,stop
19,826.4617254638671,3.1957605364089003,3.8103608091245897,2.053567524371042,max_bars
147,893.2439877319335,5.0147525357142575,1.984776649991769,0.7546997038081922,max_bars
265,957.7649999999999,2.3768878587127196,0.04326817482978996,-1.0,stop
318,938.5192254638672,2.6125437602781623,2.1974918836484747,-1.0,stop
14,785.6587499999999,2.9667809865367682,2.7625321112602506,2.6102294749265673,max_bars
141,829.0747622680664,4.682902439564682,-0.02253072549409003,-1.0,stop
224,803.4975,3.0426369972565186,0.95111927148614,0.02464363575465727,max_bars
322,815.0047622680663,1.9208214978478542,0.23923914186638245,-1.0,stop
386,784.4527377319336,4.009513412225698,0.03647497600309723,-1.0,stop
449,779.0760122680663,2.512721731872617,0.0880657153916207,-1.0,stop
18,1861.6620245361325,3.7580437502714754,12.25861360378358,5.34200688795701,max_bars
140,2339.64,3.7245046246431026,2.645856680879913,-1.0,stop
226,2249.1899999999996,4.9435574584628075,0.4299847108552992,-1.0,stop
252,2195.9249999999997,3.8309573948051385,1.2002967126536552,-1.0,stop
352,2145.0719018554687,3.6162844605987177,0.18728683264528137,-1.0,stop
386,2074.2194018554687,2.1318574985805636,5.386334742083918,-1.0,stop
18,401.89949386596675,4.142700879220152,0.6997506363131423,-0.3753567537723753,max_bars
147,379.8397622680664,2.9854068463910672,1.094400168060114,0.7284318348287276,max_bars
265,397.2764877319335,1.5672963619146316,0.1804394403860889,-1.0,stop
337,394.4625,1.8411098122048788,4.769372023874615,3.0413115205994785,max_bars
435,419.1352377319335,1.511504967524741,0.04179095806820482,-1.0,stop
18,1289.1134509277342,3.7167791338595833,3.9318052330174114,2.0951621063746164,max_bars
196,1332.6299999999999,2.9813208156755726,0.4120314638651384,-1.0,stop
285,1296.3495245361328,1.4617585584297488,9.058311531075582,4.947383859514823,max_bars
401,1411.9245245361326,2.0981628403784747,1.3764100684057254,-1.0,stop
14,749.6797622680664,4.199092952142248,0.7693918185194056,-1.0,stop
54,757.0664877319335,2.009930751469742,0.8499656257606799,-1.0,stop
147,566.1667254638671,3.4206774788876855,0.6574829053077534,-1.0,stop
189,559.785,2.2571122102123975,1.4732932634061247,-1.0,stop
220,561.6945245361328,2.438073354452267,7.371960933113091,3.7391221391312044,max_bars
361,593.9549999999999,2.7199050781677365,1.1757968340478304,-1.0,stop
439,558.6292254638671,2.2607527297520487,1.7555124336431682,-1.0,stop
14,1074.8474999999999,3.5258535585862045,6.687834877595849,3.27072733358777,max_bars
168,1130.6249999999998,3.186292927722479,1.1762656844573658,-1.0,stop
221,1056.0540490722656,2.467113221634236,0.9152502659243461,-1.0,stop
259,1058.9684509277342,3.4343303910456604,2.777997926026741,2.544279027444503,max_bars
358,1165.8,3.40538895299901,-0.05793447318851762,-1.0,stop
378,1133.3384509277344,2.8533798444112235,1.9686023061069926,-1.0,stop
28,1635.5370245361325,3.0043343186318987,3.3510984843737615,1.0269852725747064,max_bars
126,1703.6759509277342,3.913652176132787,0.07085123527444316,-1.0,stop
155,1712.0175,2.022028138493761,2.0793688384730515,-1.0,stop
221,1704.580475463867,2.081479894240503,7.954216381821917,7.258057271122579,max_bars
376,1926.0824999999998,2.600226106617954,0.7171666749862841,-1.0,stop
19,294.9675,4.141981743751422,1.6273792595470185,-1.0,stop
106,275.0685122680664,4.678289039675406,3.0797295528611,2.469712373991528,max_bars
224,298.4347622680664,3.0608949191020844,2.8534079087546442,-1.0,stop
350,285.01800613403316,4.77794803993708,0.43927070717948,-1.0,stop
392,279.18898773193354,1.7690481892057155,1.0955723450367343,-1.0,stop
451,263.30999999999995,2.3584345055198517,-0.21095028784836148,-1.0,stop
469,259.28999999999996,2.8500929860447997,0.34641461287803743,-1.0,stop
50,1392.1259509277343,2.8320713172242185,4.131133010724993,3.882564835185737,max_bars
148,1544.685,5.365815759968857,3.0598443413716256,2.8269908673060713,max_bars
252,1807.2915490722655,1.8365367504410792,1.892300361703056,-1.0,stop
356,1827.692975463867,2.0623253451144095,4.0778698698791045,3.3960432715299262,max_bars
18,106.96215030670164,3.236799462963607,4.1846382618041185,3.4943160117787087,max_bars
126,121.50450153350829,2.1435419879576387,-0.2167399080239813,-1.0,stop
211,111.81630214691162,3.3504081070086422,0.011664424855927403,-1.0,stop
224,111.6554984664917,3.5873709719856333,0.9847716940275449,-1.0,stop
357,109.57514877319335,1.7934250465033754,0.4146509824871087,-1.0,stop
28,508.32898773193347,2.917202852840946,1.164677465934631,-1.0,stop
94,516.3187499999999,2.9281791127997203,3.0876420134563403,1.6556425495770566,max_bars
196,547.7249999999999,1.9763522910105276,3.050815194715304,2.8614394518608015,max_bars
294,578.3272622680663,2.24393479761526,7.272148042234969,4.856385996670679,max_bars
400,657.4710122680664,3.3037216641895397,3.108924524259528,1.4446363240632032,max_bars
28,1548.705,2.667065424721779,3.783926700908447,0.15724379641290137,max_bars
171,1550.1120245361326,1.8780593966971064,1.47320484051656,-1.0,stop
259,1521.3690490722654,2.4036902989738267,6.3833027481592985,2.8447858745732693,max_bars
368,1653.0240490722654,1.9917480029891885,2.2468650775686663,-0.19208127156612242,max_bars
15,551.6947622680664,3.2707828836040322,1.0532294840042706,0.2358166670745354,max_bars
147,545.2627377319335,2.0930757516034104,1.5541603374507644,-1.0,stop
224,544.8607745361328,2.782502069819333,0.7941058382545869,-1.0,stop
339,504.3089877319335,1.508792369361211,0.9319265308902515,-1.0,stop
359,502.4497622680664,3.3734242785895487,4.539902149009569,2.761114698352194,max_bars
19,399.48749999999995,1.9618901976946914,6.444971057482456,3.899516936804636,max_bars
133,440.1397622680664,2.553681656404513,0.023152757229043804,-1.0,stop
151,445.01398773193347,3.609768674188,0.16098246461925705,-1.0,stop
224,425.9692561340332,2.17603589778443,0.5697059984130609,-1.0,stop
295,399.1860122680664,1.7250164743932768,4.184415526859532,1.5486430340196924,max_bars
403,418.83374999999995,1.8106826395914735,0.08785231580682705,-1.0,stop
19,6914.4,3.462339465463376,2.7322472848788704,1.0864661654135341,max_bars
147,7137.509999999999,2.2908549340035855,0.1742401076386786,-1.0,stop
154,7201.829999999999,3.260699016777667,0.2093855129242468,-1.0,stop
238,6824.954999999999,2.534155902859419,-0.34954178832644045,-1.0,stop
256,6792.794999999999,2.5290767644246466,3.065892488139952,-1.0,stop
337,6803.849999999999,3.3635368210645367,0.28249945379069724,-1.0,stop
378,6655.11,2.961784253002575,0.14910456090507668,-1.0,stop
441,6426.472499999999,1.9602122315157962,0.38125384508525356,-1.0,stop
14,1723.5749999999998,3.0967639254529002,2.304915466814753,1.967679241364875,max_bars
134,1782.970475463867,2.572701035108028,0.022444153407368994,-1.0,stop
147,1780.86,2.8559235425580844,5.606370428627616,4.967361384191912,max_bars
252,2076.2294018554685,3.7534076416459663,0.6258309128707807,-1.0,stop
334,1946.785475463867,3.1839885502008136,-0.007831302647871699,-1.0,stop
420,1827.9945245361325,3.1014576327789705,0.4833892462305518,-1.0,stop
14,883.14375,3.9567440513471004,4.817923342873647,4.777858241013132,max_bars
112,1019.5724999999999,2.7435542263117405,7.343902786862108,5.045216837881385,max_bars
224,1172.1315490722654,4.08926779066121,3.597178214550097,1.5974514819791936,max_bars
343,1252.4309509277343,2.9008365942158147,1.499246110898226,-1.0,stop
397,1215.5475,4.043237766186628,0.5829892752431284,-1.0,stop
14,3981.2069018554685,3.1851396482965804,2.2947731164488334,0.6213623731176623,max_bars
184,3818.8994018554686,1.4768496344278168,0.6418631157392528,-1.0,stop
224,3824.0249999999996,2.7098436243552184,2.4238814423614405,2.2665831700626144,max_bars
360,4120.5,1.0314282247300084,0.10352711397057796,-1.0,stop
421,4018.9949999999994,1.530108895383036,-0.32514838604764035,-1.0,stop
469,3924.6255981445306,1.0325953259704594,-0.21284371668709692,-1.0,stop
15,267.4305061340332,4.218109743955366,5.236419465894953,4.948311981805541,max_bars
121,331.9514877319336,3.901620631503998,0.49017535224019904,-1.0,stop
154,330.29324386596676,3.3586008387858977,0.27104310262736364,-1.0,stop
224,307.3792561340332,3.3278960871348904,1.8007878995728626,0.6130195528112516,max_bars
326,316.575,3.8142620232172435,0.8881977468297144,-1.0,stop
396,312.80625,2.3357110032168404,1.0393490363024058,-1.0,stop
14,376.87499999999994,3.402988313640133,1.4756311719214752,0.17738726948245512,max_bars
137,385.6185122680664,3.272278655360438,0.604785062597797,-1.0,stop
224,378.6839877319335,2.398829082482441,0.062308830116503594,-1.0,stop
240,381.9,3.3909368402641196,3.8764520018136457,3.444018690443559,max_bars
352,434.66249999999997,2.9821960240344314,4.2999071464289855,1.1677918648594499,max_bars
21,3903.219049072265,2.547102762981505,1.6473807876315754,-1.0,stop
105,3626.743450927734,2.52412394189178,6.6968856925368785,4.317691044436694,max_bars
220,4023.718450927734,2.3912818976076538,8.587558218878979,7.184500918555225,max_bars
361,4568.73,2.180691403163452,-0.0013038489519080416,-1.0,stop
373,4552.951303710937,1.953706459334113,1.646390693819653,-1.0,stop
439,4405.618696289062,2.9648207276559155,0.8619095292016401,-1.0,stop
21,3381.825,2.786214613226581,1.2998161397006667,-1.0,stop
110,3191.075950927734,5.041434369780136,2.94651873149433,0.8697633536674872,max_bars
210,3369.7649999999994,2.144511560895179,4.637582541254459,3.4627412993842506,max_bars
343,3579.2069018554685,2.3079639278856696,1.050677350200079,-1.0,stop
401,3620.0099999999998,2.072093723497995,0.3304899190524608,-1.0,stop
405,3663.0240490722654,3.222038607749718,-0.45265309770302903,-1.0,stop
469,3403.030598144531,2.3605619948423415,0.02576226620487363,-1.0,stop
42,2295.3194018554686,1.817581647482001,5.550919530738927,4.927706835823298,max_bars
199,2518.0274999999997,3.221870994508587,0.021848900735798864,-1.0,stop
224,2413.608098144531,3.037280549926972,0.8251754081005271,-1.0,stop
324,2263.9634509277344,1.4957552984173716,-0.5157035331890766,-1.0,stop
364,2208.99,2.2675565600681664,0.5691743744572817,-1.0,stop
14,3027.160598144531,4.184138701533256,1.4261692533416623,0.9319342775616053,max_bars
175,3135.4994018554685,1.7891727065398557,6.244274013522759,5.903805777219504,max_bars
289,3521.821549072265,3.285840858305241,0.10783220918133876,-1.0,stop
319,3445.6424999999995,1.9108903831977486,-0.1783438715790904,-1.0,stop
18,283.81199386596677,3.33389284700902,5.3940053103944585,5.071660958750872,max_bars
119,337.37851226806634,4.587879135374042,0.615141669237487,-1.0,stop
201,328.43398773193354,3.298678587814294,7.9902306683814865,7.722554942508225,max_bars
343,393.20624999999995,2.544780962400432,0.41411729255799395,-1.0,stop
371,385.31699386596677,2.093599294707693,0.50613649872018,-1.0,stop
420,372.35249999999996,3.196564490091689,0.7097245500187797,-1.0,stop
15,85.29435276031494,2.842333560517839,3.7930352677481354,1.8048736295684276,max_bars
147,83.03310276031493,2.605105604661011,2.0326834251519585,-1.0,stop
196,81.10349693298339,1.9154462384146573,0.6993947781536796,-1.0,stop
220,80.72159969329833,3.297261383343908,0.5779986508400083,-1.0,stop
289,78.91259662628173,2.1702487958293335,4.716456122854259,2.5559997151561795,max_bars
392,84.22904754638671,2.5514306262913604,-0.42300070448805815,-1.0,stop
397,84.71145092010497,3.9799277967675293,0.8211744721206559,-1.0,stop
14,295.57050613403317,4.354458127552652,3.0790975309701634,2.783847144147435,max_bars
112,326.57476226806637,2.8246996493190952,3.2114940937745295,2.956744151163981,max_bars
224,357.1769938659668,3.2132477332071243,2.0931477504245337,-1.0,stop
337,349.73999999999995,3.785669354377524,1.7228087456925079,-1.0,stop
397,343.6094938659668,3.727925538051254,-0.028064615756309287,-1.0,stop
42,2393.1059509277343,1.554717983529339,5.668273227032426,3.878239074227525,max_bars
168,2553.1019018554684,1.8918889603364457,1.7783603062993298,-1.0,stop
191,2564.7599999999998,3.6245087716540643,0.8147594641047459,-1.0,stop
289,2465.1644018554684,2.0105881847844556,-0.18489923350145457,-1.0,stop
313,2440.0394018554684,1.9687961521825448,0.3218316121221948,-1.0,stop
331,2415.5175,2.1617500668852507,-0.08076708221535185,-1.0,stop
361,2392.100950927734,2.278367610294498,0.5669461525372613,-1.0,stop
21,866.2095245361327,3.452921711889615,2.2665170659776734,-1.0,stop
100,837.8685122680663,3.5648209511076856,13.131938403816067,8.317506219607312,max_bars
213,1114.5449999999998,7.868235415713349,1.2253260742894474,-1.0,stop
337,1007.0099999999999,2.682197793467779,0.5179563124768706,-1.0,stop
378,983.2920245361325,2.8060852361858433,1.6529421389764754,-1.0,stop
404,1012.5374999999999,4.941792279298289,0.11516338332188755,-1.0,stop
21,825.9592254638671,2.101707849825215,-0.5449098048812318,-1.0,stop
42,815.8589877319336,2.4034775649706357,2.8018274483166157,1.894081059961179,max_bars
142,859.3754754638671,2.7025964450833526,0.11946157447041968,-1.0,stop
188,849.3757745361327,1.4099472201936125,3.2920036619819695,0.6616882596967799,max_bars
417,823.9492254638672,2.6032217521403287,0.06996927444733449,-1.0,stop
14,13282.079999999998,2.3421030441015125,4.069435514980099,3.8219107625048503,max_bars
175,13673.024999999998,1.7188954163398213,0.9019253270928846,-1.0,stop
224,13562.474999999999,2.672631654620551,2.2609145458307585,0.903579557210848,max_bars
361,13720.259999999998,1.9697877445471035,-0.1489676607711065,-1.0,stop
22,1026.1049999999998,1.7352037273993446,7.963770131989527,7.407745553126663,max_bars
224,1092.8370245361327,2.1995023199557595,1.7748894861866644,-1.0,stop
312,1026.5070245361326,2.406903815814477,-0.643826660216397,-1.0,stop
349,1007.3114877319335,2.066042925688534,-0.43780990779056367,-1.0,stop
360,1007.5124999999999,2.2940137800709715,0.7003798509961565,-1.0,stop
21,2428.180598144531,2.560789678990334,2.7149851705039874,2.1955297488458108,max_bars
224,2324.3640490722655,2.239924518920393,0.22733370551836007,-1.0,stop
248,2326.3740490722653,1.2841464202275963,9.808708975561217,7.723293485454847,max_bars
360,2585.6640490722652,2.4041812042275823,1.131457039517641,-1.0,stop
403,2508.4799999999996,1.7213591964805208,0.827234635576465,-1.0,stop
14,2808.975,3.3455263930793224,2.4285709089851055,1.0888539380486855,max_bars
139,2757.5190490722653,6.5174164546426105,1.0209324037997325,-0.2198935505905355,max_bars
283,2680.6365490722656,2.359016060957647,0.04211956031277578,-1.0,stop
291,2699.128450927734,2.8834641816641957,8.645578361111536,7.220649937143452,max_bars
408,3272.883098144531,3.024342539362207,1.2579590221539072,-1.0,stop
28,1248.0090490722655,3.157755427785046,2.9559423914938785,2.009458611786012,max_bars
140,1344.6899999999998,3.6134740657000743,1.6322280335600565,1.4058441176710081,max_bars
242,1435.0395245361326,3.6124143257318586,0.05710840718277697,-1.0,stop
260,1432.1249999999998,6.432748538011682,0.628222523744916,-0.2911799313093606,max_bars
378,1421.07,1.9682369210568402,4.3521609786984286,-1.0,stop
26,171.25199386596677,3.3471082374620797,0.3293804869814719,-1.0,stop
44,168.32745552062985,2.7787871026020587,5.777182744459707,5.3667008245604455,max_bars
189,190.87964263916012,3.4470095901428826,-0.11545427555440475,-1.0,stop
200,191.07059509277343,3.035836475777979,0.2740080482440086,-1.0,stop
259,184.2566963195801,2.1148190470483623,6.829709267413204,5.967440088325357,max_bars
364,211.92434509277342,3.4183672545128476,-1.121472503457915,-1.0,stop
385,211.04999999999998,3.4541603852945157,-0.19204458828301088,-1.0,stop
399,210.94949386596682,3.5314111114673157,0.10477246852138052,-1.0,stop
416,210.9093006134033,4.356991069608713,3.6771787370081372,2.9720111882517397,max_bars
21,1599.7590490722655,3.1979236820692614,2.1998248225886194,0.20799781185717972,max_bars
151,1622.07,3.783440223179329,0.6424958225213273,-1.0,stop
224,1528.202975463867,2.8270443231373292,0.3656466798066936,-1.0,stop
301,1519.56,3.3206997034709023,1.5921519132613218,0.304003507572371,max_bars
403,1547.6999999999998,2.0223541762574997,0.6741234915724733,-1.0,stop
14,1091.027975463867,3.3755343694403495,4.370911218583475,1.4112085982150786,max_bars
163,1134.645,2.2513671160638333,-0.29927550179953805,-1.0,stop
224,1088.3145245361327,2.1882023991440387,3.761800901882626,2.703620075977298,max_bars
322,1141.4790490722655,2.2408667665860635,0.7631624422190061,-1.0,stop
343,1139.6699999999998,3.3053427746628277,0.4069551367135683,-1.0,stop
427,1085.0984509277343,1.8430102194596822,1.1951685647911046,-1.0,stop
21,651.6922622680663,3.021711842876864,3.1462998665455104,2.8162209801526177,max_bars
203,686.415,2.7046355942195994,-0.15163052583599865,-1.0,stop
222,675.3599999999999,2.866619284529718,4.229855371900857,1.9493789042323222,max_bars
323,761.0362499999999,7.0346517659309775,0.07403861869294513,-1.0,stop
401,711.2887499999999,2.704775269822725,0.45799337250071415,-1.0,stop
444,702.9472622680663,1.272821269578301,0.900022542166301,-1.0,stop
16,65.06369785308837,3.3255046955600616,6.140556996816723,1.1814527118925915,max_bars
148,66.40034969329834,4.458336560369254,-0.020387229098895267,-1.0,stop
255,61.74719861984252,2.991548013920775,3.098100695135313,2.4755350091903976,max_bars
420,62.9431510734558,2.435771326819143,2.0721058817688354,-1.0,stop
469,62.76225076675414,2.6166235512689675,-0.6224679227523318,-1.0,stop
14,144.12705368041992,3.349163467509276,2.2773619508968017,0.9473576350471682,max_bars
179,145.10190490722655,2.3927322157719946,3.2311133206911533,2.81059236570957,max_bars
279,157.66440490722655,4.125472232584471,2.3930858865752653,1.1585373898439246,max_bars
385,167.7445536804199,2.3455641542449746,0.12337911370135635,-1.0,stop
435,165.56370552062987,1.9531476898312399,-0.09392048342989084,-1.0,stop
14,860.631725463867,3.675407788019671,3.615619219595715,3.2030591204675254,max_bars
115,979.8749999999999,3.0284462602851017,-0.09182735322247347,-1.0,stop
147,953.3932745361326,4.027013359708521,0.9404440204725638,-1.0,stop
259,864.3,2.9214407274130747,6.152473240024938,5.493066651325311,max_bars
361,1024.7482745361326,3.1908603854898145,1.0444507428227823,-1.0,stop
438,1024.8989877319334,1.6195742348909599,0.04223072815119913,-1.0,stop
21,2313.8115490722653,2.5331189103922878,0.8187543331853159,-1.0,stop
77,2285.37,1.985236526251762,0.2739706596456962,-1.0,stop
105,2195.724049072265,3.3621778091699315,3.541875032584866,2.1344777655925764,max_bars
224,2349.6899999999996,6.706838023047705,1.3148678897697728,0.9601503506864881,max_bars
373,2440.6425,2.255242311962933,1.4962555501422725,-1.0,stop
439,2338.233098144531,2.700030229594276,1.4377092986783881,-1.0,stop
14,124117.49999999999,1.6657602674884568,5.984280532043581,5.045949214026642,max_bars
112,132881.09999999998,2.2697735042831355,2.025430191306679,-1.0,stop
231,133162.5,1.62020088238055,1.099652375434524,-1.0,stop
326,132760.5,1.6612621977169413,1.3781455452278442,-1.0,stop
469,129408.82499999998,1.8498158838858036,-0.27521853101208,-1.0,stop
18,161.47334815979002,3.8231356309793116,1.5739690737480048,-1.0,stop
64,156.81014877319333,1.8558460019817598,-0.13749959298952152,-1.0,stop
75,157.19205368041992,2.844960896565879,-0.07425070995016471,-1.0,stop
105,151.18214263916013,2.237129020902141,0.3453031532777431,-1.0,stop
147,153.1619938659668,3.7816161846573464,5.149864998414195,3.442337110613315,max_bars
245,165.10139877319335,3.6955463845434147,3.9087099633330364,2.2451580019240187,max_bars
364,177.885,2.094047467684524,-0.13020310881440084,-1.0,stop
403,172.47809509277343,2.578934044397921,4.366339538302659,-1.0,stop
21,37.71764877319335,3.360888208797473,3.5122915507595733,2.676099208706009,max_bars
187,40.340699386596675,2.455834746396948,1.896941660637431,0.7361457923816358,max_bars
287,41.586901073455806,1.9883730948406744,0.6326010352239323,-1.0,stop
381,37.81815107345581,3.353288831947592,0.1985950058506356,-1.0,stop
425,36.96389877319336,1.2820538700052808,0.2871925201530706,-1.0,stop
14,2931.685598144531,3.6561082202119137,2.752369330714945,1.357592396238994,max_bars
112,3015.100598144531,2.5836831786175036,1.9755856701612478,0.7689204670725561,max_bars
252,3049.1699999999996,1.7765490280961582,1.761678007314956,-1.0,stop
271,2921.0325,1.747070599180249,0.8223680987606009,-1.0,stop
323,2909.173450927734,2.3090218600170562,5.0217242737040015,-1.0,stop
19,1082.2845245361327,4.0548025151592295,3.4457604631075323,3.103954131526323,max_bars
133,1217.5575,3.0025276013658404,-0.04533886578506361,-1.0,stop
142,1224.09,5.309252131302635,0.12940447516096631,-1.0,stop
224,1124.3940490722655,3.9571558293922746,2.0363622222030267,1.6587823346297936,max_bars
322,1199.8695245361328,3.3561606596986775,1.729109892688026,-1.0,stop
414,1193.8395245361328,3.3705994920741458,0.0039880035451131425,-1.0,stop
19,863.9985122680663,2.8470521076975888,3.341729801719718,2.717706214896061,max_bars
127,946.6095245361327,2.8215963847562944,1.8903555221568675,-1.0,stop
224,932.1374999999999,2.13889987185031,0.7028229714580335,-1.0,stop
280,930.1274999999999,1.739276367268863,-0.6662050716395284,-1.0,stop
294,923.5949999999999,1.2554203953031269,0.12117291936180323,-1.0,stop
315,925.8562499999999,2.128432527828974,1.8442781976963845,-1.0,stop
343,905.2035122680663,1.6795684132922337,-0.08244805798381186,-1.0,stop
441,845.2049999999999,2.0356008305677236,-0.6047667658838243,-1.0,stop
469,825.1049999999999,2.8669063686401923,0.07588354852570131,-1.0,stop
14,384.66374999999994,3.9680776011557013,0.1792641259417298,-1.0,stop
54,376.0207438659668,3.196829978681068,0.28111821266610115,-1.0,stop
87,343.9110122680664,3.608785943263844,1.9651076800282736,-0.246636301571206,max_bars
210,349.33800613403315,2.6730576032572784,0.0012850676375929704,-1.0,stop
240,344.6647622680664,3.340860346676896,6.720519512653495,3.9718759555155843,max_bars
349,399.38699386596676,3.4520372406213133,0.40712345805660755,-1.0,stop
422,380.14124999999996,3.233336002468644,0.4766604624675773,-1.0,stop
451,359.53874999999994,2.625236889343447,0.3773019103571822,-1.0,stop
21,988.8195245361326,2.7122770000636813,1.4217413356590711,-1.0,stop
63,1003.5427377319335,2.206454442380296,0.9238823614067085,-1.0,stop
105,1003.4925,2.8791968464201116,7.777356106083528,6.616158618560305,max_bars
224,1183.3874999999998,2.969230281712442,5.908573461401676,5.205622165154778,max_bars
337,1385.2920245361327,2.43212610434807,-0.3054733937774671,-1.0,stop
373,1351.6245245361326,2.3323451430428968,0.6273047683940766,-1.0,stop
14,581.64375,3.0420231959801347,3.281175684094419,2.2497373179594544,max_bars
119,628.0245245361327,1.8350437102189439,-0.3665692870815472,-1.0,stop
147,605.01,3.0016073146001703,0.051762717141688515,-1.0,stop
224,563.8552377319336,2.93608160944946,2.08059378070549,1.0356087846015605,max_bars
357,560.79,1.8884052484831604,2.3002882430361735,-0.11237259544836865,max_bars
13,7209.869999999999,5.823544668627854,1.4031247767166073,1.0399171172029489,max_bars
112,7707.344999999999,2.664276738617505,0.34164454941684025,-1.0,stop
190,7763.624999999999,3.3634416912202627,0.6601244614648238,-1.0,stop
266,7729.454999999999,2.839204057724627,4.659474607550547,2.6066619580324177,max_bars
379,8323.41,2.8042593119887145,2.682361509789642,-0.1431386830041533,max_bars
19,105.07275306701658,5.2561200254611276,1.6671487369230265,-0.5002499661924958,max_bars
147,98.87189723968504,3.501392887387758,1.0393456356731223,-1.0,stop
224,94.54034969329832,3.3217014508695306,0.7705035436127096,-1.0,stop
343,89.445,1.6937779583254648,0.5247511708982647,-1.0,stop
361,89.89724693298339,2.232824265276242,0.0013723234608778421,-1.0,stop
399,86.82194938659667,3.434561271399409,0.17037573568720935,-1.0,stop
14,148.12694938659666,4.602101006084547,1.888388085789746,0.3774484001890518,max_bars
124,150.8505061340332,1.6708623441667465,0.7099742910577744,-1.0,stop
224,138.41864570617673,3.0621980216400417,2.5577344318857023,0.8803146102193461,max_bars
341,140.7100444793701,1.570637325535159,5.877688250226694,4.565500227064867,max_bars
54,1415.7434509277343,1.5146389754130598,0.6601831845790066,-1.0,stop
77,1406.3970245361327,1.8271564086061158,2.961542522181528,0.9146177677423893,max_bars
190,1440.9690490722655,2.267154888939059,3.4231534151681715,2.9395130004003813,max_bars
348,1480.0634509277343,1.7204313319024083,-0.02212780934931797,-1.0,stop
385,1463.6820245361328,2.437826244907328,-0.25732913576231453,-1.0,stop
17,4557.373696289062,10.834608516630473,1.3838862606576603,-0.29441366790687185,max_bars
158,4338.584999999999,1.8804518062916629,1.91720291720295,-1.0,stop
196,4283.008696289062,3.54911014821817,0.6472735340587736,-1.0,stop
227,4301.299401855468,4.328908239191549,5.197122525813366,4.022038625105541,max_bars
336,5251.124999999999,4.407147129186587,2.405856637085999,-0.26196414028246817,max_bars
14,17306.1,3.2075395380819396,0.33309313637182536,-1.0,stop
42,17163.39,2.4726467207235836,5.4586818728056805,5.399773792973452,max_bars
140,19350.269999999997,3.5207260673881913,1.0696640098639416,-1.0,stop
191,19094.999999999996,5.446451950772436,3.261538461538476,3.241346153846169,max_bars
292,22602.449999999997,7.089718150023547,0.7754064089363204,0.5538706355892564,max_bars
392,23842.62,2.0325786343950414,-0.5295282902067602,-1.0,stop
441,23074.8,2.664378456151296,1.8708523096942165,-1.0,stop
21,470.7922622680664,2.5791138352797063,3.591401607302348,0.5112502492913377,max_bars
126,486.41999999999996,2.656140783684873,-0.12151655545544249,-1.0,stop
147,480.08851226806644,3.7885760452077144,6.966563902361485,4.566700291309726,max_bars
259,560.7397622680663,4.81324209271317,0.526505191036017,-1.0,stop
364,538.4789877319336,3.2552756791372905,0.3235235666837737,-1.0,stop
392,534.0067254638672,2.5854942641111207,3.00529704385574,-1.0,stop
427,529.9867254638672,2.9220968601265485,0.8984016009489656,-1.0,stop
455,519.1327377319335,2.5008524586929584,-0.33373145106154256,-1.0,stop
469,515.3639877319335,3.2431435322063975,0.4030148581075479,-1.0,stop
61,1898.4449999999997,2.1304277974868757,3.734825071084227,3.4603788951431276,max_bars
224,2002.4624999999999,2.4401218207113677,1.8324370480996177,-1.0,stop
364,1833.722975463867,1.653627699251238,3.8214288553823885,1.7404976332761422,max_bars
19,73.88759662628173,2.9471760366265713,3.9550023401309335,3.013596496122339,max_bars
176,79.94775306701659,1.8734186532033028,-0.15206203697557522,-1.0,stop
189,79.87740337371825,1.8245525558138809,2.1425727148876534,-1.0,stop
252,78.67139877319335,1.8067541639766496,2.8905329620294027,-1.0,stop
309,77.77694938659667,2.2846735448110693,0.15366428960822673,-1.0,stop
358,77.12369785308837,2.040481518830004,0.0739025194610976,-1.0,stop
18,152.00625,3.642119175558156,11.920300664014151,5.945135321958116,max_bars
250,165.825,2.3126757164697276,6.113438814754479,5.130385445123602,max_bars
371,186.89985122680662,1.9260840238338763,3.622416996634268,-1.0,stop
414,196.72875,6.216046205752841,3.7429213942553434,-1.0,stop
20,84.59084815979003,2.5781092696471033,1.9529821217701244,0.930444416807354,max_bars
129,87.38474693298339,2.1682835228291832,-0.09750630716385832,-1.0,stop
147,86.82194938659667,2.075457595989483,1.4861935880497466,-1.0,stop
219,86.46014877319335,3.493107951629489,1.6124559947993289,-1.0,stop
337,84.10845245361327,2.257149327753509,0.19571242009937553,-1.0,stop
376,83.50544631958007,1.898616462173211,0.2740904025478194,-1.0,stop
411,82.33965030670166,1.9184538246000056,0.4180359308119638,-1.0,stop
21,321.09749999999997,2.8799644645269256,-0.037577748511093,-1.0,stop
47,319.1880061340332,2.941219018462183,1.0558138692727121,-1.0,stop
148,307.78124999999994,3.9252676350390723,0.6306261019809212,-1.0,stop
224,295.52023773193355,4.8965343456750885,0.8417114097179895,-1.0,stop
406,273.35999999999996,2.6192521923356407,1.1927386112125686,-1.0,stop
14,89.55555061340331,2.2952799679349734,1.1502745493711124,-1.0,stop
105,85.9275,2.755232540695639,0.3812041817868761,-1.0,stop
147,85.34459815979002,1.8332728892387098,0.3038487301997745,-1.0,stop
162,85.78680061340332,2.8755017099841393,-0.07572647548299832,-1.0,stop
224,84.10845245361327,2.744610481483523,1.3262347066698903,-1.0,stop
324,85.2240030670166,2.4218522137292453,0.061044303988138496,-1.0,stop
350,85.8270015335083,2.350080905630931,1.5731245480694382,-1.0,stop
19,47.30534969329833,4.302577295656277,0.9210461669910918,-1.0,stop
105,43.697399539947504,2.099440173349344,1.4961837985650333,-1.0,stop
147,43.416000766754145,2.294091072919647,0.8273079945026435,-1.0,stop
224,42.10950153350829,3.4184763821474062,2.786028499206752,2.4247924850613165,max_bars
322,45.67725076675415,3.8908848738523476,0.02968001013532525,-1.0,stop
371,40.65225076675414,1.7520607755072852,-0.8455594526615419,-1.0,stop
383,40.78290184020996,2.3120024448393064,9.10709695867748,0.5165953396288205,max_bars
21,357.62925613403314,2.2171686994282567,-0.5270671410132921,-1.0,stop
42,357.93074386596675,1.6290128362470426,1.9155830175517201,-1.0,stop
99,360.09148773193357,1.9971296407880732,-0.047484950936098926,-1.0,stop
189,346.22249999999997,1.6384007992060652,0.9744359814948569,-0.4182439472838134,max_bars
344,342.50398773193353,2.3661020384357934,0.23395947764140024,-1.0,stop
421,334.86601226806636,1.8264057993351612,0.42249750747832154,-1.0,stop
21,99.50505214691162,2.015025472225588,0.22191183506919196,-1.0,stop
147,94.38959815979004,1.906567944968798,0.9837762335952427,-1.0,stop
183,93.89715030670165,1.3814602768492887,0.11012635933412906,-1.0,stop
210,93.21374999999999,2.1603605173676512,3.1365557826385304,-1.0,stop
306,92.88209815979005,1.6495102027445592,0.23360079460051608,-1.0,stop
364,93.04290184020994,1.9484543661264766,-0.22775935365435726,-1.0,stop
18,1562.0715490722655,4.076095278479295,6.169610001496765,5.122044804962799,max_bars
129,1898.6459509277342,2.7517466586196786,0.558016669352427,-1.0,stop
142,1936.0320245361327,5.151359814510462,0.5722131808246423,-1.0,stop
196,1884.3749999999998,2.795359141791033,3.4290428584009063,-1.0,stop
301,1671.2145245361326,5.46396041809268,1.684129850771627,1.1584740136829592,max_bars
414,1799.9549999999997,3.2309113934445426,1.3420181502576025,-1.0,stop
497,1728.6,1.961127434231454,-0.9852507587073119,-1.0,stop
15,315.6705061340332,4.900836038332068,0.6644588156979513,0.38327799987905875,max_bars
147,319.3889877319336,3.017946172904271,8.155525710197892,3.21206118657143,max_bars
281,354.11175613403316,2.6719706628343216,0.14672149131560205,-1.0,stop
315,336.27300613403315,2.831927023674756,0.18134965384459048,-1.0,stop
378,324.61499999999995,1.5757127674321743,1.0234616038153879,-1.0,stop
415,325.56976226806637,4.6594524829033634,1.8939132636147302,-1.0,stop
15,266.97824386596676,2.763610118791287,6.7593053847292754,6.481458780086134,max_bars
133,318.83624999999995,1.971627193279058,2.539464194655019,1.7918050078975618,max_bars
231,329.43898773193354,1.757227908968595,2.7916800105433524,-1.0,stop
307,328.58476226806636,2.1104960326566973,0.6222603837932679,-1.0,stop
337,329.03699386596674,2.564145649193452,1.939436264603973,1.560156149526093,max_bars
20,1633.1249999999998,3.4978951396861713,5.443763248769171,5.27396104007114,max_bars
119,1953.820475463867,4.556223448042597,0.32666153206819115,-1.0,stop
150,1928.3940490722655,5.584652055538195,0.18112390300013193,-1.0,stop
224,1839.1499999999999,2.911672479898995,0.27731079794056096,-1.0,stop
308,1809.100475463867,2.465339878506811,3.390088822859117,2.047053265702549,max_bars
21,9453.029999999999,2.3857958770891328,0.6915709661685852,-1.0,stop
53,9537.449999999999,2.384809356798714,9.107715981534447,8.962629149263618,max_bars
152,11667.044999999998,7.602996302834166,0.3381508266209734,-1.0,stop
224,10997.714999999998,4.070982017628193,2.140390650302101,1.9036328914599796,max_bars
338,11909.249999999998,2.2272603228582675,-0.03487276154570416,-1.0,stop
361,11954.474999999999,5.014649325880046,0.6647900246048661,-0.6096584511447507,max_bars
92,416.57249999999993,2.2979193297685123,3.3718993056689404,3.2831026377644634,max_bars
191,451.0942561340332,5.208279580384798,0.5918786021219707,0.01726992202091113,max_bars
289,453.85800613403313,3.6703095906349166,2.550847368277937,2.223676387731652,max_bars
391,495.465,2.2635302190871154,0.36870317463358504,-1.0,stop
418,494.61074386596675,2.6001747890563114,1.5348437015534158,-1.0,stop
57,43.325550613403315,5.182966518731186,0.3671489655251631,-1.0,stop
98,45.154650306701654,10.263948048447467,0.16729419130806591,-1.0,stop
169,40.86329984664916,4.16828793961613,0.520577792372461,-1.0,stop
238,37.85834815979003,2.3200922920525446,5.386986326654686,1.2200760882056352,max_bars
364,38.36084815979004,2.2180162302790225,-0.5768928967664763,-1.0,stop
393,38.38094861984253,2.7903094766079963,3.6034016344414357,-1.0,stop
432,38.702548313140866,4.037328268024896,-0.0016303810799854284,-1.0,stop
455,38.06940107345581,2.5464088533051226,2.218479864530222,-1.0,stop
21,1306.4999999999998,2.61002492046975,-0.0909084400405187,-1.0,stop
36,1303.7865490722654,3.4274455061777953,5.639579857984955,2.685672460265458,max_bars
148,1465.0890490722654,5.029661828737635,-0.21290856719809273,-1.0,stop
198,1365.8954754638671,2.5474496770049577,0.06048266423865644,-1.0,stop
224,1349.2124999999999,3.8550301622705745,1.3302083049744842,-0.10598497770876422,max_bars
357,1331.6249999999998,3.2685646795503445,0.1234921765664478,-1.0,stop
378,1323.3840490722655,3.2707114398629415,1.065425391219268,-1.0,stop
420,1267.3049999999998,3.1803709446423585,0.5556370468149191,-1.0,stop
469,1227.0045245361327,3.3825893634600472,0.048078504359928234,-1.0,stop
28,1642.1699999999998,3.170805971005581,0.4768578520830199,-1.0,stop
90,1606.6934509277341,4.144753020767238,1.998793383544108,-1.0,stop
155,1658.2499999999998,9.05472784043795,0.6443555395848406,-0.0875792359367128,max_bars
292,1581.87,2.9629489148918617,1.3703856536363923,-1.0,stop
387,1544.8859509277343,4.329507358622036,1.6732078463129934,0.6565518960452091,max_bars
112,237.4111457061767,2.637261107126451,2.647892958181143,2.40832042494884,max_bars
245,241.2,1.334993479461424,1.1180118866756803,-1.0,stop
295,242.45624999999998,1.6771069462435162,-0.09252950813889312,-1.0,stop
325,240.6573067474365,1.8729175157280433,0.3267352819906623,-1.0,stop
391,237.68249999999998,2.0331719400815706,0.10708693261230534,-1.0,stop
420,237.0191963195801,1.775889390541579,1.4517747700278394,-1.0,stop
21,39029.174999999996,2.7009922705258202,4.573078473687979,3.2497687765314254,max_bars
166,40612.049999999996,3.0337055135113733,0.793758370196019,-0.33444259567387535,max_bars
368,36024.225,2.5655652550471206,0.5093727176823856,-1.0,stop
21,127.53450153350829,3.5241448893733796,4.820445530268194,3.9771942753967733,max_bars
147,145.0918450927734,4.122798547772956,0.26883879381927406,-1.0,stop
173,143.4838542938232,2.3444165151482994,-0.37274407174742996,-1.0,stop
238,140.7,5.43709804423751,2.4444446217434486,0.8078440977983072,max_bars
340,148.33800613403318,1.778377136475312,7.453345489421133,3.340393130514815,max_bars
441,159.795,2.5939523161022637,1.3546430383653696,-1.0,stop
21,429.63749999999993,1.7543845442924113,0.12105983838931106,-1.0,stop
200,343.25773773193356,2.3911332613205754,-0.1654221736219725,-1.0,stop
224,344.5139877319336,3.9661616407429894,1.5358636185824728,0.7527820470456871,max_bars
18,1053.1395245361327,3.7164614587390203,4.567262939356918,3.9361854407177885,max_bars
127,1236.0495245361326,3.159220060441121,4.377786349375053,1.0205117821871634,max_bars
231,1304.4899999999998,2.5672868324019182,10.51089877575403,7.405494177366431,max_bars
337,1612.622975463867,4.081730673396134,2.913529658313,2.85883783936883,max_bars
19,289.43999999999994,4.574346252407647,2.874625006845733,2.4252279001360812,max_bars
119,327.02699386596674,2.607428140767354,-0.1263026191720384,-1.0,stop
147,310.44449386596676,3.8475457294223276,5.274858779959281,2.637660389347479,max_bars
276,329.1375,2.6394706750123396,0.7553981500086439,-1.0,stop
336,318.0825,3.0440235170170027,1.5458278706929203,-0.1892588530705512,max_bars
436,319.9919938659668,1.5131628485400612,5.350681576581489,-1.0,stop
28,4938.57,1.8238072964441066,1.8477850560675135,-1.0,stop
74,4943.594999999999,3.0361508173707468,0.21589659882074952,-1.0,stop
98,4381.799999999999,3.0991829841617435,6.757731958762928,6.376290098030231,max_bars
196,5264.19,1.8215565037071155,-0.12295415206764755,-1.0,stop
221,5154.946303710937,3.199767640493089,3.2923059448530947,2.364731355075524,max_bars
337,5602.874999999999,2.273386431073317,2.411187438665382,-1.0,stop
439,5587.2975,2.206746642719484,0.8167440540156954,-1.0,stop
18,269.7419938659668,3.1852659818892404,2.8349641904172644,0.8447400092891854,max_bars
126,278.385,1.934371463979737,0.7827309384430157,-1.0,stop
147,280.14374999999995,2.817749815942692,0.2858266218824341,-1.0,stop
204,279.5910122680664,2.124896048477364,0.1361688481368163,-1.0,stop
235,277.53074386596677,1.9027599581965955,2.616915833886765,1.6984834640131072,max_bars
341,293.3594938659668,2.508694628894222,0.4674905624844864,-1.0,stop
427,289.9425,1.9805609018921837,0.13191359465469743,-1.0,stop
457,286.42499999999995,1.6496422424609254,0.6825401541319491,-1.0,stop
21,423.60749999999996,2.2090024373978174,2.2647595824706177,-0.09697972673990443,max_bars
168,411.7485122680664,2.7318889887677673,0.09347685274677311,-1.0,stop
189,409.5877377319335,2.279789376420453,2.325215237817501,0.9865612341553412,max_bars
361,367.6289877319335,1.4903595794367168,0.11334421733576922,-1.0,stop
12,4586.618803710937,1.2780395803442308,0.30504198579757913,-1.0,stop
114,4554.157499999999,2.811879087268048,1.6464686628112906,0.6063086027552101,max_bars
233,4743.499401855468,2.9408542098877763,2.906109238434643,1.169903177263228,max_bars
343,4903.3949999999995,3.1038658865439057,0.8318615097273346,-1.0,stop
14,235.17,6.025428413488109,0.9689480519749071,-1.0,stop
91,216.075,4.199930579659835,8.79944822873624,8.051241283574392,max_bars
196,292.70624999999995,3.0256422254339737,0.5412847767102503,-1.0,stop
224,293.71124999999995,3.4732208025313813,0.014580124391282137,-1.0,stop
238,292.3846426391601,3.5311858336240647,1.7923494575236534,-1.0,stop
270,305.9722622680664,6.788932404217839,0.11687379177915683,-1.0,stop
321,277.0282438659668,4.161396580034066,0.17103699027864427,-1.0,stop
337,274.4152377319336,4.050522132383525,3.6512685266568186,2.6616371589050964,max_bars
15,483.20398773193347,5.412620881240367,3.662767167225829,3.047183485054468,max_bars
123,569.3325,2.069530934389172,5.229573381664817,0.39189538919176403,max_bars
224,582.2467254638672,3.494515324855585,3.012933751719428,1.0740438987420104,max_bars
337,609.03,3.9374106705796468,0.186405242891799,-1.0,stop
457,536.3685122680663,3.10765820136445,0.21786529793540482,-1.0,stop
21,1791.4125,3.874735718322827,4.268502808166762,4.200792364487672,max_bars
119,2070.1994018554688,2.782312960669697,1.7187766567872076,-1.0,stop
264,1942.6649999999997,3.0867416064079367,0.4375052622613384,-1.0,stop
322,1909.4999999999998,1.4663524482848795,1.7857142857143078,-1.0,stop
396,1918.5449999999998,2.6449705986502714,1.0100521853794382,-1.0,stop
14,1532.222975463867,2.7556678198931426,2.1831016866416135,1.8136351719170098,max_bars
112,1619.9595245361327,2.2938521083511705,0.17870141930914918,-1.0,stop
147,1607.9999999999998,2.33830693942396,-0.14361776383923672,-1.0,stop
168,1590.8145245361327,2.6913586641168634,0.5648895024737761,-1.0,stop
224,1592.8245245361327,3.448245508278162,2.086054486127042,1.6053942278563567,max_bars
384,1654.6320245361326,2.1836894246176577,0.3838139612132472,-1.0,stop
21,2867.5665490722654,1.9517054079920844,0.6581327266524543,-1.0,stop
105,2600.7390490722655,1.6433424601945883,1.9247258119534543,-1.0,stop
172,2602.7490490722653,2.9103477762969727,3.1980725024894423,2.8653957034997415,max_bars
327,2515.9169018554685,2.1350844554515165,0.38131353748896735,-1.0,stop
360,2507.475,1.4945313512597298,0.7344896597731811,-1.0,stop
401,2419.035,2.5313792967805284,1.4691772962712975,-1.0,stop
21,152.2575,3.4398934223529585,0.8291187868053961,-1.0,stop
52,153.4634969329834,2.569661671559949,0.5747440123941802,-1.0,stop
70,154.61925613403318,4.242200318020851,1.4697908707093317,-1.0,stop
154,147.72495552062986,2.4944751017254108,4.397612817696399,-1.0,stop
236,151.29269325256345,2.5134642510800562,1.277333547019414,-1.0,stop
260,147.98624999999998,6.511580566765061,2.467117350102508,1.2000270204842662,max_bars
372,160.8100444793701,2.2946634795912844,3.3088879293118243,-1.0,stop
14,2014.0199999999998,5.0158389688285006,1.9192229493540964,1.6885774862032321,max_bars
154,2183.965598144531,2.9288738888046386,0.5148752634940271,-1.0,stop
182,2214.015,2.344830651271553,-1.5990591574327466,-1.0,stop
198,2190.8999999999996,3.564742853250931,0.09090914774550221,-1.0,stop
242,2040.0495245361326,2.4680564250373336,2.350573597742386,0.5134180109253538,max_bars
351,2097.033098144531,2.1903803296630224,4.919489244189947,4.762740259901147,max_bars
449,2321.0474999999997,3.638331500917137,0.06338149185410076,-1.0,stop
488,2254.818098144531,3.287100943248917,0.9145128727614453,-1.0,stop
19,106.97220245361325,1.7314775844073884,1.731885519355876,-1.0,stop
147,104.2184969329834,3.17457396550395,2.7600181694567496,2.0708830881287614,max_bars
252,112.45950153350829,1.7690815677431877,3.5237489745905783,1.5483784356261872,max_bars
361,117.33374999999998,1.929325795157627,-0.03257773774823553,-1.0,stop
21,998.9699999999999,3.3904946508966542,2.5695287058566896,2.2447577560184375,max_bars
128,1102.3845245361326,3.6905972878544446,0.3002477361735433,-1.0,stop
154,1124.2934509277343,3.2014241539794237,0.03629900431716908,-1.0,stop
226,1078.3649999999998,3.2331353484209693,0.23906356437330684,-1.0,stop
259,1064.6970245361326,3.305825387411717,4.043039925655693,2.963403209177292,max_bars
360,1180.6740490722655,2.1999380710366294,1.1867958242842829,-1.0,stop
404,1169.1165490722656,2.3023023599956582,0.9616167326762667,-1.0,stop
432,1178.2620245361327,3.400098834555042,0.2830095923073273,-1.0,stop
19,1540.5645245361327,3.249751875936987,3.4083101400991174,1.0153996337514504,max_bars
129,1600.6634509277342,2.4779381889894156,0.37406097364794877,-1.0,stop
157,1602.4724999999999,2.038877495362626,0.22427300570680772,-1.0,stop
169,1610.0099999999998,3.4105393391384076,0.17464890406207362,-1.0,stop
231,1566.6945245361326,1.9208944997816648,6.665842529289417,6.383399352816921,max_bars
331,1776.1365490722653,3.0986679213980053,1.7963227843807201,0.5062715420438825,max_bars
449,1813.120475463867,3.481317227291162,0.5113958460067977,-1.0,stop
21,9619.357499999998,2.457102774275707,2.1393122706070513,-0.40556149053869056,max_bars
151,9213.839999999998,2.3045765934724107,1.9716492417820697,-1.0,stop
203,8974.65,1.6006195227669007,2.4006265227984764,1.6244343891402766,max_bars
307,9330.922499999999,2.5391112186388733,0.27045763910140247,-1.0,stop
355,9087.7125,1.5043664728610158,0.7116211026789785,-1.0,stop
382,9176.152499999998,1.7725566352564255,0.208097016645929,-1.0,stop
415,8409.839999999998,2.7805523053946133,0.09690386589121357,-1.0,stop
14,1498.3545245361327,6.33057951124739,2.9217949994393253,2.5053678422407946,max_bars
112,1765.7849999999999,5.928526089759647,-0.19281673311957476,-1.0,stop
168,1676.34,3.211758951048112,1.8306096659372755,-1.0,stop
224,1683.8774999999998,4.090410377239427,3.2655446093154623,1.5639719151528155,max_bars
343,1795.9349999999997,3.888505119286735,0.2586810866262479,-1.0,stop
396,1725.3840490722655,2.4970672626367825,3.073437912113752,-1.0,stop
15,386.1210122680664,4.162172988384358,4.886370607555217,4.796147256100562,max_bars
119,468.3299999999999,3.027780860400904,1.309589979081918,-1.0,stop
230,468.3299999999999,3.7003822091260288,2.508366289265377,1.6543566070398277,max_bars
350,502.24875,2.189900920609553,-0.2544596243180978,-1.0,stop
427,469.58624999999995,2.3927966154214113,0.4328637088905818,-1.0,stop
70,294.465,1.6521467395053235,-0.26001837204417527,-1.0,stop
154,285.16875,1.3040481444648964,0.45210396567741956,-1.0,stop
189,285.67125,2.0902480711547757,0.8002967513131652,-1.0,stop
343,267.9330061340332,1.9157842533579612,1.5521058435959365,-1.0,stop
14,34265.475,3.5326374433741212,2.5275408414052367,-1.0,stop
126,32607.224999999995,4.530360985947118,1.0883751628898835,-1.0,stop
241,31421.324999999997,2.9639902200177657,5.549808069148812,2.3124849005449333,max_bars
344,34009.2,1.9382990484927525,1.2679004854368991,-1.0,stop
367,33737.85,1.8757863942130235,0.4537410128782483,-1.0,stop
22,167.77470245361326,3.2988864706700594,0.5447978189351196,-1.0,stop
63,162.50849693298338,2.669705797492676,4.186125713922779,2.245362646582783,max_bars
175,175.1815475463867,2.609605292375114,6.828858324524433,6.590427799115462,max_bars
273,204.96974693298338,3.522347585931275,2.116452724569725,0.3518471765606345,max_bars
385,214.2961457061767,2.8820633094621195,2.850294521913327,-1.0,stop
28,1057.1595245361327,2.6258572597405028,1.07496443857584,-1.0,stop
135,1048.817975463867,3.2243893845269134,2.492224888273455,-1.0,stop
226,1035.6525,2.4769408657826752,0.3137102103839809,-1.0,stop
255,1015.0499999999998,3.709174482630162,1.5152725784833248,0.35723794745364407,max_bars
385,1023.4920245361326,2.4809229912371,0.13815251659084665,-1.0,stop
14,1355.4434509277341,3.278886396722401,7.727945654913135,7.480440122143273,max_bars
112,1690.108450927734,3.142310240421662,0.5345956919530331,-1.0,stop
147,1691.6159509277343,3.311388457354986,0.8905325448300188,-1.0,stop
187,1694.2290490722655,3.743826744021022,0.2833231176660342,-1.0,stop
231,1658.0490490722655,3.030609997470007,0.860733537895669,-1.0,stop
265,1642.0695245361326,1.6485005130205697,-0.02842590408192874,-1.0,stop
295,1613.5275,3.1686770498759653,0.36912685787392174,-1.0,stop
327,1609.0049999999999,2.9648727736629086,0.8006496230184512,-1.0,stop
397,1584.985475463867,3.9864987795708338,0.9688068747387544,-1.0,stop
19,18627.675,2.6287499647701567,1.4403941389697255,-1.0,stop
49,17952.315,3.2046841869697515,1.2127008682200207,-1.0,stop
112,17738.249999999996,1.8674333713866724,1.2279245283019091,-1.0,stop
153,17677.949999999997,4.259260830582716,1.2179427584833071,0.16209575669035564,max_bars
264,18004.574999999997,1.819398680613106,8.381057773029166,8.27115927650165,max_bars
362,20675.864999999998,5.6871381197352475,2.9332746531277034,1.419495435275311,max_bars
466,23079.824999999997,3.3788167804565123,1.1992113615234292,-1.0,stop
490,23160.225,3.7142342097280947,0.11598709639919846,-1.0,stop
59,966.4582745361326,2.8928589337756643,2.220872901571457,1.8721367511142686,max_bars
189,1016.9092254638672,2.351166147889051,0.2965706499714387,-1.0,stop
213,1011.4320245361326,2.1140359633135226,8.519672528766288,7.3364397496952645,max_bars
314,1193.7390490722655,4.970853948718469,1.5244757159503486,0.5807460149219982,max_bars
424,1237.155,2.413194076075752,0.5541778004132665,-1.0,stop
21,108.87165184020994,2.775427133707587,8.448468094577551,6.879793710026841,max_bars
122,134.00669631958007,3.661526140725788,5.167088846930885,-1.0,stop
240,128.20784969329833,3.4146488477237864,1.1745854520357701,-1.0,stop
329,120.15779754638672,3.593442370503847,1.6263376704262238,-1.0,stop
365,123.4743006134033,2.6923003985523586,1.902868024749619,-1.0,stop
419,116.0272469329834,1.6782653673179417,12.311112269981733,10.31341850980976,max_bars
16,3523.228450927734,2.4190441271354826,5.4332983042603376,4.968663581639041,max_bars
119,4004.9249999999997,3.0968144885671953,1.516426945466093,0.6053210311358072,max_bars
224,4138.2886962890625,2.247031424954074,5.696515845479502,5.456703725436915,max_bars
325,4696.566196289062,1.7899502056520715,0.5999296499335055,-1.0,stop
361,4673.249999999999,2.1109485335419484,-0.22959883188555807,-1.0,stop
18,304.81648773193353,3.679748989917528,2.169441984632671,0.8677854949072944,max_bars
147,309.43949386596677,3.3575242588453222,0.26088824737896743,-1.0,stop
224,290.6460122680664,3.748894465483621,0.5418473639393273,-0.7017257396520218,max_bars
343,282.405,2.5867084139743803,1.3819313394441615,-1.0,stop
407,282.405,2.7991714027726045,-0.013284276664291836,-1.0,stop
15,1361.0715490722655,2.2387929207026662,4.375503463961872,2.330973375744483,max_bars
118,1447.8029754638671,3.2672246338429827,1.2873815042464822,0.46925218378890643,max_bars
224,1482.6765490722655,3.087424879475306,2.781413658603688,-1.0,stop
329,1474.3349999999998,4.058439906805429,0.17656930582539931,-1.0,stop
406,1454.6370245361327,3.0686022549417045,1.1260383146112916,-0.3771975368649089,max_bars
14,857.8679754638671,1.9662670651327456,6.173356414893671,5.473806678279127,max_bars
112,951.7349999999999,2.331007287430971,0.14717143130375793,-1.0,stop
147,931.0822622680663,2.414640208842884,0.9748891668282192,-1.0,stop
224,922.5397622680663,1.7549147846295576,0.022252433158608333,-1.0,stop
238,927.5145245361326,2.7562384903769206,2.4051104387340607,-0.5912297456527125,max_bars
364,918.0674999999999,2.501725027197062,1.085554522573384,-1.0,stop
427,887.0632745361327,2.7634203158712123,0.11572295088992328,-1.0,stop
19,367.17675613403316,3.5614318749915728,1.060908224639855,-0.4149927253613171,max_bars
126,371.84999999999997,3.9263143740755595,0.7157525885595014,-1.0,stop
224,356.62425613403315,2.3061421359005307,4.380421820448737,3.4502479427776827,max_bars
337,386.82449386596676,2.2037141412125196,0.8945407834500704,-1.0,stop
19,348.03148773193357,3.528843844552713,1.9230981359969466,1.401989127367359,max_bars
168,355.31773773193356,2.340929497364077,2.7930972110170744,1.7771981815235423,max_bars
306,345.82050613403317,1.3360959934547967,0.16870490077415226,-1.0,stop
397,319.28851226806637,2.7525300567932,0.21749983167349454,-1.0,stop
21,238.10459815979002,2.374839148529619,9.380926037430378,6.692852887654273,max_bars
126,280.64624999999995,2.8670413007422435,-0.2667393665431543,-1.0,stop
136,282.8069938659668,3.361658756396867,-0.29525529324518285,-1.0,stop
155,283.7617561340332,3.3872648550316824,0.4513480319493197,-1.0,stop
224,264.5160122680664,3.332885311642252,11.30147555487741,8.732288334257197,max_bars
347,334.66499999999996,3.1120672911717584,4.492079904659767,3.5079224394653337,max_bars
455,384.51300613403316,2.72110908451749,1.766889177037038,-1.0,stop
19,1292.2290490722655,2.9893364116880927,1.3609179566386915,0.2995412188686002,max_bars
120,1318.56,1.2559155442300651,0.5640111361148886,-1.0,stop
147,1302.6809509277343,2.1249217552479527,1.5577173635746868,-1.0,stop
279,1315.2434509277343,3.3334837351021176,0.4962328632202399,-0.7559508454810577,max_bars
384,1297.2540490722654,1.3300439558931934,2.071742741545445,-1.0,stop
18,366.9255061340332,2.841314097751733,2.357151158901096,-1.0,stop
106,431.4464877319335,18.182205664558307,0.05804609485674844,-0.3721834919072914,max_bars
220,403.35675613403316,2.815561153079924,0.6906246801843374,-1.0,stop
259,395.91976226806645,2.480238952533553,3.776085384461246,-1.0,stop
364,380.09101226806644,2.115552384971065,0.23118943919670634,-1.0,stop
409,375.76949386596675,2.985741593222558,-0.23347729859398406,-1.0,stop
448,376.87499999999994,1.94361849606136,1.4368568405089561,-1.0,stop
19,205.52249999999998,3.100636720318007,5.565707575171635,2.0176528156982574,max_bars
126,220.01459815979,2.0474112584486526,5.437858296585519,-1.0,stop
224,215.7232438659668,2.5417930282049483,3.4754562208809094,1.370861727347293,max_bars
371,221.9040030670166,2.4848599399547036,-0.2745742959117492,-1.0,stop
428,216.85889877319335,1.761009351548271,0.2830925436295745,-1.0,stop
455,214.74839263916013,1.9177734956404173,-0.5580814209092985,-1.0,stop
495,209.64300613403316,2.1193214444513244,-0.42606397035754673,-1.0,stop
14,571.8952377319335,3.330201213342364,1.7329657333736248,0.5436922941091378,max_bars
112,583.5532745361328,3.5563653994848803,-0.014613325584811857,-1.0,stop
134,582.3974999999999,2.9786378215962768,0.10102453845527475,-1.0,stop
170,570.4379754638671,3.4338527097536096,7.050848130988421,5.746478723586259,max_bars
279,709.3792254638671,4.634929285160161,1.9197768087785403,0.3564788998740561,max_bars
381,739.4789877319336,2.945178414291515,0.08361275115778408,-1.0,stop
395,746.96625,4.500373934439802,0.49481169094036676,-1.0,stop
448,714.555,2.7226769687515238,1.1948064056998497,-1.0,stop
19,26.702849693298337,4.204981050670729,0.8257110546541985,-1.0,stop
98,25.426499233245845,4.82370167853352,3.239710836566965,-1.0,stop
223,24.069750766754147,3.1980037398509498,0.11724443171147005,-1.0,stop
259,23.76824961662292,2.3907896578385333,2.6779663329546963,-1.0,stop
352,22.572299079895018,4.307486335281242,1.2523948017255238,-1.0,stop
448,22.190399923324584,2.750739066117195,0.8840098611549249,-1.0,stop
14,2191.503098144531,5.754187429967509,2.8270251169420453,1.6105618753118132,max_bars
154,2255.22,1.8721011697306607,11.129324908959083,9.208432022738089,max_bars
252,2635.1099999999997,3.487901788848461,3.1094521870855347,2.5991717232871245,max_bars
364,2946.0569018554684,3.179062816225032,0.2033291254264336,-1.0,stop
385,2858.923450927734,2.019064194850247,2.092328094363027,-1.0,stop
19,230.2957438659668,3.6934032896345608,2.436499896391109,0.6776890103376914,max_bars
147,232.00425613403314,3.010398161634261,0.4504043990394073,-1.0,stop
224,227.1098957061767,2.751925483648206,0.07841897981076645,-1.0,stop
238,226.88879447937006,2.926012496387827,1.485390992487183,-0.510453289358585,max_bars
338,227.67269325256345,2.7990577656742692,0.5487956900744578,-1.0,stop
403,212.55749999999998,2.5204958901745593,0.6948197216752987,-1.0,stop
427,210.62790184020994,2.002535343726896,-0.5874745759845238,-1.0,stop
14,40.521599693298334,3.236793756300291,0.4181150861289116,-1.0,stop
56,40.129650306701656,3.7120954348422184,1.826164866061875,1.4166751066348948,max_bars
168,42.57180061340332,2.7055525673381373,0.12866842574686713,-1.0,stop
201,41.777849693298336,1.7900655957442084,1.1795802312973485,-1.0,stop
203,42.189899539947504,3.2943911174069758,0.23030341163378645,-1.0,stop
225,42.159750766754144,4.458641128731677,2.1546716506985937,0.10120894066684688,max_bars
343,43.19489953994751,2.789444759250791,3.556401035539081,2.6019651883641184,max_bars
14,184.6184969329834,2.9783049408054976,0.5604253883132991,-1.0,stop
42,183.61349693298337,3.231518573696013,0.041544366816452585,-1.0,stop
112,170.74949386596677,2.7815566292073344,0.34119451397393885,-1.0,stop
146,166.3275,2.9505053770751526,1.2109020998946511,-1.0,stop
189,164.80995552062987,2.6151062944073047,0.2830756031766922,-1.0,stop
221,162.55874999999997,2.0292697213555333,5.32056730082687,-1.0,stop
324,172.49819938659667,7.7903432475174474,2.105325865889355,1.1476088080633104,max_bars
49,1225.0949999999998,2.252478379227717,0.3408226127921854,-1.0,stop
63,1231.1249999999998,3.177987612955612,0.4568690095846698,-1.0,stop
84,1234.1399999999999,3.8682787678818755,1.37955663344328,0.696691274049579,max_bars
224,1255.847975463867,2.5439345903316055,6.859658204511812,6.136607904668592,max_bars
336,1462.4759509277342,3.499264522411141,3.273494793432184,2.4899233478739506,max_bars
442,1606.995,2.4639140498842496,2.2680920369103665,-1.0,stop
21,175.77449386596678,3.569627041993511,1.1802543707919324,-1.0,stop
91,171.8047469329834,3.0818429180031917,2.0955176126287878,-1.0,stop
204,165.2722469329834,2.0404230589703545,0.9245309954266643,-1.0,stop
224,161.68440490722654,4.356886195437422,1.0782448360073598,-0.36687251993968695,max_bars
364,152.8705506134033,2.0085932505147133,0.07472787361396482,-1.0,stop
378,152.2575,2.100062355815801,-0.10867742691629999,-1.0,stop
406,147.98624999999998,2.666637416562128,3.292676242242162,-1.0,stop
499,145.41345245361327,2.0517082343421733,0.29380011724391336,-1.0,stop
21,171.6640475463867,3.0781300680600396,4.204348592711505,2.9288090253218217,max_bars
119,187.8344938659668,2.3342341587447017,0.40723058647907245,-1.0,stop
154,184.0255506134033,1.4267348790248249,1.9289035699942825,-1.0,stop
240,189.57315490722655,3.467344788582185,2.3302120060463642,-1.0,stop
266,189.33194938659665,3.619016062136781,8.86871974631491,8.360833797359629,max_bars
375,251.6118006134033,2.902011367117324,0.9570520373744351,-1.0,stop
427,232.41629447937007,3.6083079798080093,0.13995474289206716,-1.0,stop
21,531.0420245361328,4.329607767529831,0.1851929563439819,-1.0,stop
112,507.0727377319335,2.518918685334092,0.3857636211161811,-1.0,stop
189,504.50999999999993,2.4796337039899976,0.5907269301746231,-1.0,stop
224,507.4747622680664,3.1183360332750527,1.7298966199739965,-1.0,stop
315,502.75124999999997,2.9341050867600966,2.6708770045970733,-0.5254639437335795,max_bars
12,455.01374999999996,4.288606662985451,2.789636138980535,2.020947393864911,max_bars
125,491.79675613403316,1.7683626258297935,-0.20660087132874025,-1.0,stop
142,468.3299999999999,4.938822580865762,2.9040222848893746,2.655427255291135,max_bars
271,536.67,5.323568281529494,1.3223668280755327,-1.0,stop
425,490.18874999999997,2.853745173255948,1.84514502895135,-1.0,stop
21,92.00775306701658,2.160422744485818,2.737882678004635,-1.0,stop
98,92.46,1.9576016375958116,-0.6022089349811407,-1.0,stop
120,92.46,1.5790612156608197,1.390409495732553,-1.0,stop
148,91.93740337371825,1.7701237531249545,1.8818887076715243,-1.0,stop
224,92.94240337371825,2.950651506663675,0.02100222116849873,-1.0,stop
260,91.6057515335083,1.7638124710409062,2.564901162911641,1.4756248894342272,max_bars
378,93.65595245361325,2.1952197651403416,5.220956812801135,-0.3968746984911482,max_bars
19,581.64375,2.5348377913348945,3.8766482365545567,1.4925857298274825,max_bars
147,599.6835122680664,3.282316732974904,3.4072418996450784,2.9322262896969242,max_bars
259,668.8274999999999,1.775867139579133,0.43548771340874387,-1.0,stop
337,632.0947622680663,3.4163805108241316,1.970628878324144,1.100045141640645,max_bars
26,1760.960950927734,3.439084011588447,0.9732194812611203,0.4448259800029114,max_bars
126,1804.9799999999998,1.3839488526188541,3.3755023550090453,1.6260999033602168,max_bars
404,1750.1070245361327,2.3031149034266125,0.6175847983286344,-1.0,stop
21,1023.7935122680663,1.8942772757995312,1.8566302684240987,0.9439489923465089,max_bars
150,1036.757975463867,1.6646098580669701,0.326924149475601,-1.0,stop
182,1041.1799999999998,1.3234959935781843,1.8592230928384879,-1.0,stop
224,1022.7885122680663,2.1400795561797468,4.619392295183187,1.965030058126699,max_bars
361,1050.9284509277343,1.7916039217679807,0.40744269086798185,-1.0,stop
18,3984.8249999999994,3.704680853691803,3.0013531298445866,0.938695048325366,max_bars
154,4131.554999999999,1.7198125161107476,1.2306663851945892,-1.0,stop
227,4159.695,5.007460827206075,0.24150832432464853,-0.546796119800362,max_bars
337,4092.2594018554682,1.7901944784402415,1.4392800212190313,-1.0,stop
385,4046.833450927734,1.3179057545723099,0.6968712585770352,-1.0,stop
456,3990.8549999999996,1.9758923839628244,-0.15414430065468063,-1.0,stop
14,1109.117975463867,3.3917019015162913,9.561441543012915,8.646984451958007,max_bars
115,1472.3249999999998,7.506831112144047,0.6846870249444363,-1.0,stop
191,1341.675,5.267669144912141,0.455960727471704,-1.0,stop
252,1313.9370245361326,5.398814647237449,1.9039842218793845,-1.0,stop
384,1179.7695245361326,3.7100063720786594,1.5040248151533049,0.4302183139837381,max_bars
19,297.88199386596676,4.509161995531455,2.3911591714143694,0.29169142919396135,max_bars
161,288.83699386596675,3.0075787222441206,0.824566151628535,-1.0,stop
221,272.75699386596676,2.4406295391722908,7.08173151472932,3.514051830238639,max_bars
341,295.2689877319336,3.2746350040648866,0.866793059148886,-1.0,stop
414,298.18351226806635,4.421274727025954,-0.1921732479226174,-1.0,stop
427,298.88699386596676,2.8060752184244695,-0.034218191528157006,-1.0,stop
14,24190.35,2.812485143869347,3.9018887337400003,3.725508929227611,max_bars
112,26461.649999999998,1.8201812812126146,1.0554344440984202,-1.0,stop
147,26707.874999999996,2.6504354988931036,0.8152922479251359,-0.2159632703514002,max_bars
259,26642.549999999996,4.194605996798339,0.8075253903628541,-1.0,stop
361,24622.499999999996,2.5078688191694445,1.0242914979757198,-1.0,stop
397,23798.399999999998,3.1027295952669,0.42876489707475735,-1.0,stop
14,915.0022622680663,3.885482203389279,4.570673795694016,4.444099528459889,max_bars
112,1076.3549999999998,2.5786124851059635,0.3871362325479988,-1.0,stop
196,1043.3909509277344,2.4047518442110225,1.4152136486593216,-1.0,stop
252,1054.0440490722656,3.2678020920135635,2.8932670271757015,1.856805669431655,max_bars
384,1102.9875,1.7577283889493267,-0.2572530609623561,-1.0,stop
14,977.6137499999999,1.6738461381092349,1.520815827667888,-1.0,stop
42,974.1967254638672,2.406775228350616,1.0066762783347125,-1.0,stop
90,959.7749999999999,2.789716339767119,0.7180205415499631,-1.0,stop
147,956.1067254638672,2.814195585098703,4.970627547312622,2.3374566018446767,max_bars
259,1042.3357745361327,2.310750060061166,-0.2588996646481294,-1.0,stop
280,1035.8534509277342,1.4435851423074577,-0.0236367850145261,-1.0,stop
325,995.3520245361326,1.9341949858560934,5.975883407296477,4.261780140398968,max_bars
441,1093.7415490722656,3.7066890194286577,0.12230406191172262,-1.0,stop
21,3617.698450927734,2.7558529899629156,1.8877068767340484,-1.0,stop
147,3516.2940490722654,2.5678753770916405,3.7389601722400063,0.8882750497050308,max_bars
252,3693.3749999999995,2.9992866238535094,3.7610053467450313,3.3538725332463706,max_bars
350,4067.034049072265,4.424205680231766,0.45775604116563745,-1.0,stop
21,790.2314877319335,4.698814552754438,0.6616617164535419,-1.0,stop
98,751.7399999999999,2.63255750564938,7.390605872529445,2.617989881296283,max_bars
223,781.8899999999999,2.326412640265079,3.0544282293860725,0.9956026472431474,max_bars
420,784.4024999999999,3.0790952349080887,1.0225639410387164,-1.0,stop
19,72.35999999999999,3.1923672584883542,1.3549792202761846,0.08657914407460726,max_bars
131,72.319799079895,1.1197444599782658,-0.40726409096216293,-1.0,stop
238,68.51084815979003,1.3586845787754656,1.9757829596102612,-1.0,stop
378,66.42044631958007,1.3857876159870481,-0.23950269195323878,-1.0,stop
421,65.46569938659667,2.544386090950636,1.6715497169035662,-1.0,stop
488,64.67174846649169,2.260259567245829,0.35454365932327175,-1.0,stop
19,1318.1579754638672,3.994815222760878,2.7126379865125663,2.3024441764455825,max_bars
119,1468.3049999999998,2.6019814966279036,2.1461849608959986,-1.0,stop
257,1375.1415490722654,2.700925522708761,0.4000493059356509,-1.0,stop
297,1367.8049999999998,2.398368188447903,0.15531243450884386,-1.0,stop
384,1306.4999999999998,2.5487982264159803,-0.23723762252834912,-1.0,stop
420,1259.0640490722656,3.023201965008281,0.46069524764376757,-1.0,stop
460,1249.817975463867,2.0497404257995204,0.007105330764709755,-1.0,stop
41,17565.39,4.106882910086251,1.9498606856208198,0.5622617446873421,max_bars
149,18190.499999999996,6.335724691459809,0.8377440347071652,-0.14273318872017074,max_bars
252,18248.789999999997,2.130497419280935,5.563954834229317,3.7171995164484994,max_bars
367,20377.379999999997,2.9806579648610243,3.651124501959254,-1.0,stop
21,600.4875,2.662420116988273,4.469899121628237,3.8100093456802293,max_bars
124,669.0787499999999,1.6558215307241342,1.048968720029912,-1.0,stop
177,680.8874999999999,2.5536524021956537,8.14450035945367,8.052481634166107,max_bars
275,821.7885122680664,5.754340875069438,0.46970155470365615,-0.020904114502352814,max_bars
373,822.5924999999999,3.1962985569441873,-0.037749318370459285,-1.0,stop
418,794.804225463867,2.0136075222244627,1.130687966669,-1.0,stop
22,264.61648773193355,4.805631706642342,4.736645112324283,0.6278081423141038,max_bars
126,280.1939877319336,3.4954332584820826,0.3069252978511581,-1.0,stop
147,281.4,3.3404406538734817,5.117021276595762,4.212765957446819,max_bars
245,324.5647622680664,6.73663706073442,-0.1127273880410448,-1.0,stop
257,321.0472622680664,4.204139409177629,2.8378132122983413,-1.0,stop
393,303.15824386596677,4.96712131935582,0.20200028642457674,-1.0,stop
14,685.8622622680664,3.318783950418363,4.443215180632044,1.3635608135260175,max_bars
119,731.6399999999999,2.493026021805447,0.42818106692274027,-1.0,stop
189,714.4545245361327,4.934465542364758,1.9386302274962741,-0.3022176748242522,max_bars
308,702.7462499999999,2.7956427251034666,2.056561644336103,0.9825648052208649,max_bars
19,2738.725598144531,3.2396673184287614,1.0219632901376832,0.5756450421488877,max_bars
119,2843.5469018554686,2.0519074485995326,0.27341785573409905,-1.0,stop
168,2769.076549072265,1.880646784203657,3.858232822780156,-1.0,stop
310,2606.97,2.1085781577847005,0.6754611179961822,-1.0,stop
367,2608.9799999999996,1.6857162569279784,0.16416441955150646,-1.0,stop
397,2612.9999999999995,2.0933773888968448,0.4936019031381351,-1.0,stop
427,2546.0669018554686,1.4165732184486006,-0.11275994460976617,-1.0,stop
37,534.66,2.620352296026909,4.85654038364824,4.192728535017784,max_bars
145,602.2964877319336,3.4279567851407187,1.0269803569560128,-1.0,stop
219,585.2114877319335,2.2233800596310926,3.0041558304609595,-1.0,stop
299,575.2620245361328,1.2450063874754247,0.10303971237826098,-1.0,stop
304,579.6839877319335,4.491061314239719,0.4173778663034472,-0.2586611743544893,max_bars
439,562.4482745361328,1.4398299927000702,2.6674383583129,-1.0,stop
19,459.68699386596677,3.3037684486663803,1.574571797986735,-1.0,stop
75,442.35074386596676,2.5547048874008955,0.499900723238464,-1.0,stop
98,426.3210122680664,3.1246436100339987,9.183161886221479,8.436220737395741,max_bars
228,533.9564877319335,3.5127348306176467,0.8366996593412891,-1.0,stop
250,508.53,2.267319528838018,5.470075939803785,3.939289870514432,max_bars
382,529.2832745361328,2.0373352144148775,0.4327755595261035,-1.0,stop
490,460.5914877319335,1.9087412974686833,0.8426903622249043,-1.0,stop
21,4235.271196289062,2.8397519477487796,3.654479392905253,2.701636044614531,max_bars
126,4631.944401855469,2.1793094454033652,1.6886077618483266,-1.0,stop
201,4491.143803710937,2.0049170097890467,-0.15707709434290745,-1.0,stop
238,4458.381196289062,2.439923681791864,4.659987946155318,0.9562204037467998,max_bars
336,4555.7655981445305,3.0744646495657335,1.085451535275221,0.9647943137055461,max_bars
35,1818.9495245361327,1.4101257545642338,4.306150392128583,3.4718243942922355,max_bars
140,1939.0470245361325,3.292703712512146,0.8356373607532916,0.5552795703195771,max_bars
245,2002.4624999999999,2.0955448603906373,1.0589818150506474,-1.0,stop
337,1909.4999999999998,1.859125425504047,1.3098591549295926,-1.0,stop
457,1873.6215490722655,1.3995101983741964,-0.5194796736582662,-1.0,stop
19,514.3087499999999,2.8210218486524345,1.1504254988693057,0.020072393618559763,max_bars
178,502.6507438659667,1.9199700753929683,0.3470464225917789,-1.0,stop
237,494.61074386596675,1.8723284678508059,2.6984061487296263,-1.0,stop
315,490.2389877319335,2.9248987115014584,1.374644881035369,-1.0,stop
392,470.0385122680664,1.9229301497983842,0.9638187650319124,-1.0,stop
427,469.2344938659667,1.9040599507908529,0.7460401253363285,-1.0,stop
455,459.63675613403313,2.5317288007836733,2.093645650501653,-1.0,stop
21,3534.0824999999995,2.8319231370518243,1.1182524417355753,-1.0,stop
103,3215.7990490722655,2.133189818567202,1.3484288071860056,-1.0,stop
147,3254.6924999999997,2.2519054459445758,3.8654312858270305,2.937643184784041,max_bars
245,3523.5299999999997,4.084821254359968,1.050998064786046,0.5868829105314005,max_bars
367,3614.784049072265,2.0577756712079616,1.2800570432736296,-1.0,stop
409,3541.4190490722654,1.8754925116716967,0.8789797591401841,-1.0,stop
16,54.86295015335082,3.231598001578935,3.134351229985726,1.0699953001303184,max_bars
189,52.551450920104976,2.438468281854899,0.8962889136861342,-1.0,stop
259,48.380699386596675,2.502446704990737,0.7593119070675567,-1.0,stop
321,47.848050613403316,1.7723827878700626,1.7356854156543944,-1.0,stop
361,47.29530138015747,2.1890188420675165,0.023856120641207408,-1.0,stop
385,47.28524923324584,2.823816077863851,-0.2885213620791754,-1.0,stop
421,45.96870168685913,1.4329321677501528,0.4118716600240696,-1.0,stop
457,43.114501533508296,2.353043693660096,1.0798366163884057,-1.0,stop
21,319.3889877319336,2.2978249785883444,3.564654623055524,-1.0,stop
119,316.87648773193354,2.0438543363709742,3.014517833351238,-1.0,stop
193,314.7660122680664,1.720645162902243,0.20937598554451248,-1.0,stop
224,313.55999999999995,3.0010224848563505,0.37088050258170696,-1.0,stop
259,311.54999999999995,2.4233670357887838,0.6490082393418977,-1.0,stop
355,306.8264877319336,2.0619105536484423,0.05113519195143098,-1.0,stop
390,303.2085122680664,1.5364095289577617,0.4274958626085479,-1.0,stop
19,248.58675613403315,4.681166191941718,1.8358424138469447,-1.0,stop
98,242.95874999999998,2.905331091601178,5.897816233820067,3.847879813223748,max_bars
225,264.3652377319336,8.206540220309616,1.8729805748441084,0.5293681288117639,max_bars
337,278.93773773193357,3.2579785375442776,1.547389694485787,-1.0,stop
21,462.29999999999995,2.876919749080674,-0.3233082706766885,-1.0,stop
56,447.9285122680664,2.406303255179154,0.5725734857696764,-1.0,stop
77,446.47124999999994,2.3117403648086112,-0.19098935054315025,-1.0,stop
112,445.215,2.7436182518558394,0.27302396995241557,-1.0,stop
161,424.51199386596676,2.0051244697350747,0.29229416435330546,-1.0,stop
224,410.03999999999996,2.3997628994655784,0.7327244862185818,-1.0,stop
266,405.66824386596676,5.316718300872795,0.37470637253930267,-0.1445763027717884,max_bars
376,406.82398773193347,2.291897236422863,1.300519136631611,-1.0,stop
21,1285.7970245361328,2.7762584816272553,6.4768092114965325,2.739804939793762,max_bars
140,1405.3920245361326,4.837938378404536,0.7590301119427656,-1.0,stop
200,1363.9859509277342,2.3963518156017214,0.8234153490489138,-1.0,stop
238,1324.9920245361327,4.105085007529563,3.9915383818065497,3.1439884829573708,max_bars
336,1508.102975463867,3.2824681525943746,0.3292133606121369,-1.0,stop
378,1474.9379754638671,2.185720676278153,0.8580550678765262,-1.0,stop
19,315.46949386596674,4.982888733021351,3.596203962802125,1.401476811014259,max_bars
144,337.67999999999995,5.443026595306563,0.6403702062030593,-1.0,stop
226,301.24875,4.364746375373955,0.3271215735001766,-0.007510687278805722,max_bars
358,294.7664877319336,3.6355896565523502,2.9845110297416664,-0.020202485904715177,max_bars
21,329.18773773193357,2.0467729361137468,7.534037159495852,2.8588689764676825,max_bars
126,355.4685122680664,2.3120225798983345,-0.16651507230428989,-1.0,stop
147,360.44324386596674,3.7296423486205494,0.24226060120128615,-1.0,stop
224,345.06675613403314,2.699986587642846,4.844310125080019,2.1556041044252754,max_bars
343,365.71949386596674,2.6439679139832197,1.2545120863436054,-0.007187540806914884,max_bars
490,349.28773773193353,2.1150882316741964,0.7190650474495118,-1.0,stop
63,738.0217254638671,1.9270079972184606,2.6001235145688777,-1.0,stop
112,699.2789877319335,2.06341280077578,2.1221852454137813,-0.5148663034466684,max_bars
224,692.4449999999999,2.3027099625240903,0.5992474129821309,-1.0,stop
287,678.3749999999999,2.4359719055186866,1.7685284362465388,-1.0,stop
381,636.0645245361327,1.8967453883599428,3.1858259601325223,-1.0,stop
455,611.5424999999999,1.723919433236432,0.24733454247689618,-1.0,stop
21,1991.7090490722653,2.3853432770474168,-0.20225754457545478,-1.0,stop
54,1979.3474999999999,3.867307341023992,1.7055094630207317,-1.0,stop
110,1944.5745245361327,2.292250771245997,0.46496344061263317,-1.0,stop
203,1843.4715490722654,1.875348967311219,-0.7194236798123571,-1.0,stop
238,1792.9199999999998,3.5428226349160785,0.1901763955128894,-1.0,stop
291,1753.5240490722654,1.6266699671074685,1.0614201258438294,-1.0,stop
316,1776.5384509277342,3.773543482423683,-0.1721169085510694,-1.0,stop
371,1707.595475463867,3.02152800269344,-0.030922778587130016,-1.0,stop
390,1691.4149999999997,2.8801357932928786,2.87149560953258,2.0175480377458297,max_bars
28,1122.0825,2.146232563113673,0.5696065121197931,-1.0,stop
79,1114.4445245361328,2.0049942781580636,1.188454308165171,-1.0,stop
105,1099.4699999999998,2.4893834678583597,1.1154538826174483,-0.9269273578370508,max_bars
210,1104.8970245361327,3.0316852501375116,0.537451109422426,-1.0,stop
311,1088.2140490722654,3.1164824855048607,0.20009290791070627,-1.0,stop
454,1019.4720245361326,2.7535821921982793,-0.020376179808453004,-1.0,stop
21,4095.3749999999995,2.0333889410310304,0.6931872152544603,-1.0,stop
112,3737.4944018554684,3.215907239022839,-0.04487984720872248,-1.0,stop
147,3684.933098144531,2.6115303700116588,1.6113668391155342,-1.0,stop
194,3563.930950927734,2.32134126320049,-0.23728592858227754,-1.0,stop
219,3451.974049072265,2.1429491653376154,5.473890619072543,4.342413402108141,max_bars
337,3709.7565490722654,1.9396555890476237,0.2493645749686226,-1.0,stop
349,3752.368450927734,3.0852075105487464,0.15143561189735222,-1.0,stop
373,3685.435598144531,1.7049680781266716,0.2795299109417454,-1.0,stop
403,3651.1649999999995,1.9491039161472985,-0.6515134008554059,-1.0,stop
439,3441.1199999999994,1.9592472459003012,1.3094013409691363,-1.0,stop
14,657.27,3.5556126988813554,2.0295276746275936,0.6003424240379197,max_bars
126,672.9982745361327,1.69365946117047,0.3949471305795286,-1.0,stop
134,681.5910122680664,2.6395648355546526,-0.0828766406557331,-1.0,stop
140,685.5607745361327,3.8378471338205196,0.510787907266322,-1.0,stop
224,637.0695245361327,2.498863861626657,4.867016091128396,2.1188142214386136,max_bars
378,652.2449999999999,1.6473871014725898,-0.08794901880233875,-1.0,stop
392,651.4410122680663,2.2167797231230892,0.04909712233706305,-1.0,stop
422,639.8835122680663,2.3103481178517256,0.27168817802925055,-1.0,stop
21,397.32675613403313,2.3473768101554353,1.1014815678513976,-1.0,stop
147,380.6939877319335,2.191781824065287,0.8756026311447951,-1.0,stop
224,378.4327377319335,1.8319603566762204,0.6732215398952369,-1.0,stop
242,378.58351226806644,2.7955555181633205,1.116499072247661,-0.1590699126094218,max_bars
21,200.28644325256346,2.2350218123973873,-0.046117262583318594,-1.0,stop
112,189.45254447937006,2.244650523335116,0.8882796066401857,-1.0,stop
238,186.04559509277342,2.099268032214052,1.9265722320988832,-1.0,stop
323,185.8848067474365,3.1658352559347382,0.7400750666323533,-0.23871829274757897,max_bars
422,187.43249999999998,2.018063091254491,0.6840714070642486,-1.0,stop
18,754.6545245361327,3.8169186049604167,0.8261017283083453,-1.0,stop
106,704.5049999999999,5.891370536759837,1.6912423131437557,0.36007739325458227,max_bars
222,713.0474999999999,2.5240271099795106,9.82927585613306,8.57354471056593,max_bars
391,804.4020245361327,2.1695634517038065,2.589841801477342,-1.0,stop
488,766.1114877319335,2.6186136430817193,-0.3046376268238747,-1.0,stop
12,1262.1795245361327,5.322501532483824,4.567172476769214,3.9270964968198108,max_bars
154,1521.4695245361327,2.719052092930219,0.3053079226222814,-1.0,stop
199,1465.2899999999997,2.5380658036335637,0.2584032832855275,-1.0,stop
224,1470.6165490722656,4.79503467649764,3.026004248052493,2.550938623848629,max_bars
322,1640.6625,3.100116640191076,2.1496702868394135,1.2157789995420847,max_bars
423,1737.8459509277343,4.0593875459415125,0.04187483344134492,-1.0,stop
21,2178.8399999999997,1.8514438875731902,1.293009419930613,-1.0,stop
77,2131.303450927734,3.223536903746775,0.19935779579991417,-1.0,stop
107,2062.2599999999998,4.143994994417522,2.5829642654025586,1.8563069621312807,max_bars
212,2237.934049072265,1.6458908354017283,6.941043215711648,3.422547570416842,max_bars
313,2386.573450927734,2.244785338867672,-0.3653572915087513,-1.0,stop
337,2312.4044018554687,2.3310975282790456,0.1390517328877597,-1.0,stop
373,2297.43,2.321285190136363,1.9101862998266697,-1.0,stop
439,2243.0594018554684,2.5349061481189055,1.4024167665000913,-1.0,stop
35,1462.9784509277342,2.725841608706414,0.3440828699325772,-1.0,stop
70,1448.6070245361327,3.3071131475148223,0.5717939656966089,-1.0,stop
113,1439.1599999999999,4.2635948172458145,2.8575642035446966,1.9432874723133413,max_bars
217,1575.1365490722656,1.9386619848491031,-0.9312308046979245,-1.0,stop
224,1587.3974999999998,3.5213297236514367,1.7550427121069938,0.41687823555392095,max_bars
361,1606.995,2.799946483965407,0.933548172019116,-1.0,stop
14,1023.0899999999999,3.830550155503185,2.380966637997727,1.684358680989428,max_bars
259,988.8195245361326,3.1066891569122164,2.805395209532215,-1.0,stop
336,982.6889877319335,4.181283463940118,1.419138821368546,-0.2601422417738781,max_bars
449,975.8549999999999,1.5632470412163992,2.385771337504431,-1.0,stop
19,1747.0920245361326,3.8402112535512316,1.509985733451373,-1.0,stop
140,1662.6720245361325,3.6490675034397944,0.9613652405670219,-1.0,stop
259,1508.9070245361327,2.247124838361485,9.643812878050475,7.169398636109096,max_bars
394,1676.1390490722654,3.5939157131113246,0.16535670307065353,-1.0,stop
14,587.3220245361327,7.844423095238162,1.2367149876852068,0.21982944689038944,max_bars
148,555.4635122680663,3.927078443899057,1.2073482104820052,-1.0,stop
224,510.53999999999996,4.375756609270313,1.6320510260742174,1.112803849511816,max_bars
322,545.7149999999999,4.162429106768171,-0.16574896733298186,-1.0,stop
364,516.5699999999999,2.230097025965744,0.41927250833246127,-1.0,stop
388,514.56,2.071674071734214,10.12569776713378,-1.0,stop
21,579.885,2.092656302542744,-1.0535660827410405,-1.0,stop
33,566.2170245361327,2.5462033316597963,3.883113337936355,1.5109190502823606,max_bars
147,591.5429754638672,1.9175214189537368,0.040291458747120174,-1.0,stop
196,563.6542254638671,2.386962192248891,0.6128785676862855,-1.0,stop
245,543.0014877319335,2.6798224044803973,2.8793325192642603,-1.0,stop
329,544.2075,2.1604788234209806,2.925155117448223,-1.0,stop
443,525.0120245361328,2.002244528669711,0.4745018855998739,-1.0,stop
14,415.3664877319335,3.193921999065967,7.152123292796671,4.438517605295837,max_bars
119,483.70648773193346,2.8129624004461258,1.8442313557845966,-1.0,stop
224,484.81199386596677,4.890965583043448,1.7602064552806393,0.9757941245948378,max_bars
341,515.5649999999999,3.290563536408468,3.9484239252718027,1.7910417411542965,max_bars
459,549.8857745361328,3.9527754905836403,0.31810327308719344,-1.0,stop
21,4770.634401855468,2.9479182433424485,3.585648275494656,-1.0,stop
145,4790.834999999999,5.360965259709407,0.26929740884225895,-1.0,stop
176,4596.87,4.293573670780333,1.4345138572224747,-1.0,stop
258,4316.9775,1.7831341488344556,-0.08674866438244631,-1.0,stop
329,4080.7019018554683,3.5950163815877847,1.0442809435368678,-1.0,stop
448,3688.3499999999995,2.6665039923000657,0.25368631243645895,-1.0,stop
501,3592.6740490722655,1.9003713054944649,0.3108915202688137,-1.0,stop
18,3102.3344018554685,4.52350983735139,1.65793700666609,-1.0,stop
168,2944.449049072265,4.1484501245700525,0.5595706851406568,-1.0,stop
235,2880.1290490722654,4.209156765651358,-0.14459353949978868,-1.0,stop
259,2788.8749999999995,3.434176947469842,0.598538341142112,-1.0,stop
325,2783.2469018554684,3.5299384251527064,1.9975499933141982,-1.0,stop
29,3597.8999999999996,2.5125767808999595,3.6183628318584224,-1.0,stop
106,3542.6249999999995,2.5863589852157527,0.02701334413370112,-1.0,stop
216,3118.113098144531,1.8316557593281848,-0.49223556518309947,-1.0,stop
218,3135.5999999999995,3.119018725981454,2.605317275628929,1.371165829481933,max_bars
325,3298.610950927734,2.079995244920809,0.38024542571374087,-1.0,stop
376,3137.5094018554682,2.1484972812943144,2.68643472814368,0.34254463942455726,max_bars
481,3197.91,2.364355193606914,1.0341244299776142,-1.0,stop
16,850.2299999999999,4.220037450344308,3.3506112153010017,0.8032321121184485,max_bars
159,847.0139877319335,1.5305532289589148,3.250234254898772,-1.0,stop
224,829.0747622680664,4.465794420494774,1.102647152475019,0.2599678208827113,max_bars
341,829.5270245361327,2.0285068275516402,4.274257738939884,4.0603138402438725,max_bars
448,903.4949999999999,2.8826930744463053,-0.2666544619731423,-1.0,stop
14,4098.389999999999,3.181493220508527,3.1352879462573973,2.8499884960503303,max_bars
126,4512.952499999999,1.3683349135072753,3.5439536353337404,3.097013079597905,max_bars
229,4738.072499999999,2.0656565446708406,4.392739104006334,3.3301300203430264,max_bars
337,5099.8724999999995,1.207337934673847,0.16448037476028549,-1.0,stop
360,5109.218803710937,1.159057890962221,1.308391705779303,-1.0,stop
14,369.3877377319335,3.28590705432185,6.369578597146228,5.570417137139452,max_bars
169,426.52199386596675,2.877224162518378,0.32007988139220894,-1.0,stop
224,411.04499999999996,2.991156686007605,6.108580227448935,5.315574940747021,max_bars
348,478.27949386596674,3.0274151952364057,0.6333446938612147,-1.0,stop
406,476.77199386596675,3.5597741250232366,-0.6553143995851568,-1.0,stop
425,456.2699999999999,2.5138650814279337,1.1272884434338386,-1.0,stop
469,444.86324386596675,4.330148203535324,-0.5950842797479823,-1.0,stop
19,388.6335122680664,4.125610802573144,1.1891659717647967,-1.0,stop
56,367.22699386596673,2.907467656611038,0.3065471829514671,-1.0,stop
94,356.02124999999995,3.4046439934457786,-0.0636278941236333,-1.0,stop
148,338.43375,2.4772240378009656,0.6579697838286683,-1.0,stop
224,327.57976226806636,2.817559943461283,2.7649965373371823,0.5385001983033735,max_bars
369,318.8864877319336,1.5009985723953387,-0.2060999941151495,-1.0,stop
403,315.1680061340332,1.7349457497524474,-0.05815661735599971,-1.0,stop
14,4634.054999999999,4.373169883746511,0.15516510743459616,-1.0,stop
63,4499.183803710937,2.7156882012724144,4.098875473494785,3.88526207414443,max_bars
161,4997.362499999999,2.492568736258362,0.2812832706923206,-1.0,stop
192,4955.453803710937,5.2538822147775575,1.0314667701816997,-0.19186899417688397,max_bars
324,4931.535,1.79528280748286,1.2815835545264564,-1.0,stop
418,4972.74,2.890559329464235,0.1583414498399882,-1.0,stop
21,1405.8945245361326,2.4464512760998844,2.387167043917496,-1.0,stop
127,1393.2315490722656,2.8517549074109247,1.9825164829205777,1.0990881644803383,max_bars
294,1362.1770245361326,2.6851905656425874,0.295895261495926,-1.0,stop
378,1254.7424999999998,1.6132792186444502,0.7537359515870191,-1.0,stop
413,1228.11,2.370308848555903,3.397114393679161,0.8825162771599201,max_bars
20,1251.7275,5.091164011336331,2.075595308147973,0.9269553776332848,max_bars
126,1345.695,3.0983989685627082,0.10085200657303423,-1.0,stop
145,1333.9365490722655,3.3462236472330398,0.2881834302757243,-1.0,stop
224,1297.455,2.9561737720431482,0.37922019923593847,-1.0,stop
256,1304.4899999999998,2.260653588758809,5.64293063459016,0.37334689725331466,max_bars
367,1329.6149999999998,2.0393121317072826,0.17278439343999066,-1.0,stop
385,1324.7909509277342,3.2904059108595973,1.1472344791465539,-1.0,stop
417,1300.4699999999998,2.88126600382937,0.31838869533127406,-1.0,stop
21,2797.8194018554686,2.7671371304514967,7.772986128768404,6.9876536322838225,max_bars
189,2888.570950927734,1.7299506960503994,0.9271194783150415,-1.0,stop
224,2926.258450927734,3.036592634386497,3.5656855955626567,0.4922604495494738,max_bars
361,2953.393450927734,1.9433052819191932,-0.16715151196760208,-1.0,stop
424,2839.1249999999995,2.392464186258955,0.03496500983032053,-1.0,stop
463,2823.5474999999997,1.680418067829554,0.48163653255847644,-1.0,stop
18,24.099899539947508,2.4477251869364296,5.424823587828836,4.678935910974098,max_bars
189,25.547100076675413,2.454681738824878,1.9500883118232502,-1.0,stop
259,24.964200153350827,1.258604453138788,3.010178498268461,-1.0,stop
336,24.763199386596682,2.0320442034126147,0.43084363778387696,-1.0,stop
431,24.24060084342956,1.240069548248934,0.8296695642452397,-1.0,stop
495,23.496899156570432,2.072183756861572,-0.44546918793718593,-1.0,stop
15,663.55125,3.8506822193462797,3.3442101658431618,0.16628297218213195,max_bars
168,624.1049999999999,4.294952324854177,0.8410749541889356,0.3803388602932509,max_bars
266,618.2257745361328,2.1878353970683615,2.641199571726576,-1.0,stop
326,597.9749999999999,2.4708370405064866,0.3130273710370539,-1.0,stop
364,588.7289877319336,2.6377120625106927,-0.2272510198269809,-1.0,stop
385,584.91,2.455080646087641,0.5215890004881105,-1.0,stop
427,576.6689877319335,2.379003521389217,0.6072619819857769,-1.0,stop
16,43.3154984664917,4.075906527537521,2.5853891780480933,-0.22967929541959584,max_bars
148,41.727600460052486,3.6608855536168807,-0.11626162490578147,-1.0,stop
196,40.99395092010498,4.54688999267839,0.9045572676061865,-1.0,stop
244,39.8482515335083,2.831367172676143,1.1449124733043217,-1.0,stop
315,39.0945015335083,2.7996303586840505,0.5806277919876569,-1.0,stop
358,38.13975076675415,1.9395754455744103,0.284214833553856,-1.0,stop
428,38.44125,1.6161032879414117,-0.259559181475972,-1.0,stop
469,36.20010046005249,2.4312108365541105,0.3293954850034919,-1.0,stop
21,3381.825,3.424925890606398,2.513921864882371,2.492337578243043,max_bars
119,3671.7674999999995,1.8184021727955129,1.5461489497135736,-1.0,stop
156,3685.033450927734,2.0714465898984322,0.03362411964242361,-1.0,stop
200,3633.075,2.2811268368565147,10.157760559388834,8.952332583703019,max_bars
319,4367.73,1.598773222160014,1.6664747947096128,-1.0,stop
385,4370.6444018554685,2.639075307041709,0.33253051366313263,-1.0,stop
425,4185.423098144531,2.5642091127145274,-0.01046647458532042,-1.0,stop
18,1350.7199999999998,2.5186603313880602,0.8430330173527764,-0.03879993214019397,max_bars
121,1379.7645245361327,2.7805106914868767,0.006137847831143576,-1.0,stop
161,1345.5945245361327,2.0061428950523568,4.382569980932187,3.719472240455467,max_bars
362,1347.9059509277342,1.0910256569263916,0.48239148579063446,-1.0,stop
378,1368.81,2.974117986722953,-0.20903822324742657,-1.0,stop
495,1251.1245245361326,2.9672925282874574,0.23638012843474362,-1.0,stop
19,25.878749999999997,3.3570005163238594,4.7899303733587555,1.3482009158437454,max_bars
149,26.682749233245847,2.558766442234383,0.5378988154534586,-1.0,stop
193,26.411400690078732,1.7469725765532802,1.1239698677726537,-1.0,stop
224,26.250600843429563,3.6974397750861123,0.8545218898630563,-0.2478884975095433,max_bars
371,26.19029946327209,1.6811547492595242,0.5444041201466583,-1.0,stop
18,11052.989999999998,3.1393315292965793,1.9856768206576756,1.8703997233349865,max_bars
147,11646.944999999998,2.223286879091452,0.2898491957751799,-1.0,stop
168,11673.074999999999,2.682026800992874,1.5041922861934136,1.0250738640900796,max_bars
272,12119.294999999998,1.7104542797250026,0.5340456836875143,-1.0,stop
341,11601.72,1.7645659436704157,1.066236811254404,-1.0,stop
15,169.09124999999997,3.6319165254013956,1.3480547125179814,-1.0,stop
147,158.9005506134033,2.7945428020194427,4.614175479356375,2.330671562030461,max_bars
259,173.64389877319334,2.190634086298201,4.43126539481427,3.0432174968726673,max_bars
359,186.84959815979002,2.584749410699231,1.1202590680016864,-1.0,stop
397,187.2516073608398,2.5375522420394043,0.7194177777141362,-1.0,stop
21,1283.3849999999998,1.7286355090736425,5.79737286117444,5.752297458918284,max_bars
119,1405.8945245361326,2.6100516592000242,0.9566939262485576,-1.0,stop
194,1393.935,2.864911204611402,3.8553906201092434,3.3495668253881354,max_bars
315,1540.262975463867,1.4259205723702848,0.28397966443976225,-1.0,stop
346,1554.6345245361326,2.0991766245426735,0.21650159566196975,-1.0,stop
21,1090.425,5.348834116428224,1.08829829137214,0.9631367693417292,max_bars
140,1162.4834509277343,3.9814330018136794,0.36765908287027327,-1.0,stop
224,1142.5845245361327,3.622014168366145,3.762646600737414,3.0401545708960223,max_bars
325,1277.9579754638671,3.2910277064892233,0.6762585489843426,-1.0,stop
21,617.9745245361328,3.0218942693764927,0.5341759106581345,-1.0,stop
77,605.1607745361327,2.9596720887704095,-0.10110109680305548,-1.0,stop
105,578.4277377319336,2.615322356130789,3.3430128387967706,2.1762812041998094,max_bars
259,609.4822622680664,1.5475880200347947,1.3748274579160358,-1.0,stop
355,576.4679754638671,2.1975180252996345,1.1471454593784258,-1.0,stop
396,572.6992254638672,2.060278855842296,1.4154177795344784,-1.0,stop
14,126.01694938659666,3.782784307825566,2.8683025444437096,1.164908096829337,max_bars
124,133.69514877319335,2.1654830021895553,2.1017422235611685,-1.0,stop
193,133.17254447937012,2.5324600057745,0.4291869110832977,-1.0,stop
224,131.78565490722656,3.5403338579824957,4.311152717068223,2.212840852177632,max_bars
336,146.2777530670166,2.4800484656543578,10.329309408784706,8.860082378956056,max_bars
14,490.43999999999994,3.382675535536318,0.9017480048413189,-1.0,stop
83,475.7167561340332,3.303805453849723,2.8080361542505514,1.5450544411886467,max_bars
194,508.53,4.627062316874123,0.7764550698244288,0.3068423289417791,max_bars
294,522.3989877319335,1.674766514356361,0.12584488333806956,-1.0,stop
334,498.22874999999993,2.263766953024816,0.7776801057888106,-1.0,stop
383,495.3644938659667,1.961081201776817,0.11688775928770238,-1.0,stop
406,503.8064877319335,3.564162444444778,1.4141703815133841,-1.0,stop
21,936.4589877319335,2.350233786340935,2.884778730534753,2.603074922921525,max_bars
119,984.5985122680663,3.5088946453426493,1.4849118139031956,-1.0,stop
210,928.3687499999999,2.3017524017261315,-0.30271895108218716,-1.0,stop
238,911.2335122680663,2.0668124690812926,0.6805152409503287,-0.5460220720002674,max_bars
383,899.4749999999999,1.7204480391339292,-0.030694668820672642,-1.0,stop
21,530.2882745361328,2.3832791952877996,2.006745366879569,-1.0,stop
98,512.55,1.9120085845283301,0.9642857142857193,-1.0,stop
196,471.99824386596674,2.3195544083649224,0.03212952229135781,-1.0,stop
227,462.80249999999995,2.496205184717013,0.6100416449699795,-1.0,stop
245,450.99375,3.8567594110748433,0.08084768321606729,-1.0,stop
325,440.9939877319335,1.926100574662872,0.0007078263186001899,-1.0,stop
360,436.06949386596676,2.721924332222088,0.8619158124146288,-1.0,stop
396,416.72324386596677,2.957178451376711,-0.10737832736975227,-1.0,stop
14,311.4997622680664,5.987085199924291,0.37267242947528706,-1.0,stop
89,280.44523773193356,3.1539960171734984,0.769314197064567,-1.0,stop
147,276.67648773193355,2.105882460841084,-0.013126554462111695,-1.0,stop
190,260.54625,4.12450647370368,1.9591729284575516,1.5404220825414263,max_bars
289,279.39,2.6808425868913033,0.9225610363288521,-1.0,stop
337,269.49074386596675,3.0207856662045436,2.6053250896855458,-1.0,stop
21,1299.465,3.6526570550187905,2.37511747965607,1.041504780660753,max_bars
140,1363.8854754638671,4.420129179645828,1.2426632194466374,-1.0,stop
224,1339.9665490722655,3.213999982911541,4.66565335690547,3.708992154981905,max_bars
334,1509.2084509277342,2.9226231349740037,0.2537284138616164,-1.0,stop
402,1491.4199999999998,3.1795201888133353,1.819484419482822,-1.0,stop
21,120.65025306701658,2.345832934656393,0.43803368801272086,-1.0,stop
56,119.806049079895,2.575869818671583,0.940993185160154,-1.0,stop
93,117.56490337371825,3.4150500759548863,1.5255918146174903,-1.0,stop
200,113.00220245361325,2.8160537491252065,0.2664179767195169,-1.0,stop
229,110.1580506134033,3.0483905106767755,0.06907251073343453,-1.0,stop
259,109.17314723968504,2.4485391392228113,1.3679959476532666,-1.0,stop
344,104.84159969329833,2.128543526114682,4.717873893092487,-1.0,stop
21,1309.6154754638671,2.7882611775793054,2.749093532108714,-1.0,stop
147,1285.997975463867,2.4415279399335086,3.704123632601499,0.8663601443966152,max_bars
246,1328.3084509277342,2.093523602015166,1.0677167580972136,-1.0,stop
313,1300.8720245361326,1.804328149069066,1.9737528286812451,-1.0,stop
404,1188.4125,3.0303009759605706,0.016313790997181384,-1.0,stop
430,1155.5490490722655,1.6917541568625276,1.1995954811431084,-1.0,stop
463,1150.5240490722656,1.9403417006703874,0.057157953775009804,-1.0,stop
24,634.0042254638671,2.800332355967704,0.9488304717293604,-1.0,stop
42,639.3810122680663,4.047823093191184,1.878558196578845,-0.23496084357568658,max_bars
159,651.8429754638671,3.3356192666580116,0.32916453922247085,-1.0,stop
224,623.0999999999999,3.964046796009856,1.0040505638467967,-1.0,stop
269,599.9849999999999,3.997599939998484,0.6239321328760256,-0.03689907917708457,max_bars
431,598.2764877319336,2.135549030243398,0.29143473121802316,-1.0,stop
35,3097.8119018554685,3.2704342634485526,0.5388113290594091,-1.0,stop
96,2948.268098144531,3.7909747154565543,0.10049291382720286,-1.0,stop
140,2878.119049072265,2.5926324728060823,0.6952775674947314,-1.0,stop
224,2731.5899999999997,1.9618610406393238,0.9593207688001653,-1.0,stop
259,2713.4999999999995,3.1103704567440413,0.19549785653540122,-0.715639481403057,max_bars
406,2612.8994018554686,1.8905971588645598,0.7672288640972833,-1.0,stop
438,2599.8344018554685,2.632263788142725,0.3662699466953737,-1.0,stop
14,1404.8895245361327,2.924747817560579,3.2200563369553277,0.9323659154958756,max_bars
120,1519.660475463867,7.235861303718333,1.6291262206841255,0.6424084808533637,max_bars
224,1627.9995245361326,3.599478945718178,4.505165998240958,4.319157168961589,max_bars
336,1905.4799999999998,3.1215231857589583,12.937457969065283,12.819771351714913,max_bars
456,2673.2999999999997,3.2618824054071647,1.2786717167248933,-1.0,stop
21,139.68495552062987,3.2680401310420133,7.258562807818053,6.4611813791220625,max_bars
119,172.7193006134033,4.121887064505176,-0.2134064917599657,-1.0,stop
154,169.84499999999997,2.399243856185954,1.2306762867160725,-1.0,stop
202,166.62900306701658,2.291921237077117,-0.3375241869337566,-1.0,stop
224,166.3275,3.605836779212878,0.30721112654701427,-1.0,stop
270,159.6944938659668,4.204589636047987,5.23576170739409,4.641524370380195,max_bars
392,193.6735567474365,3.0843445535438963,-0.19645852504812633,-1.0,stop
404,196.57800613403316,3.819348337827385,2.850558469126195,2.629462482649699,max_bars
21,782.6939877319335,2.3692482130349695,2.658871322321369,0.9332423695741746,max_bars
147,798.3217254638671,2.0632972086984904,0.271875323647434,-1.0,stop
176,788.8747622680663,1.6890861658177498,1.2101696551840164,-1.0,stop
210,774.8549999999999,2.6721096961286186,3.1922284541075387,0.601062664445805,max_bars
352,777.7192254638671,3.4162973191202197,3.0422729752988187,0.46598127278507034,max_bars
21,181.32209815979002,2.0582719148829165,1.0524637396444234,-1.0,stop
105,172.93035736083982,2.1224514365313163,2.0623690191564337,0.44127672258647577,max_bars
220,176.46794631958005,1.7101969135360229,4.927865974013278,2.4957521660083324,max_bars
337,180.84974693298338,1.4043422329646786,1.1931326690679436,-1.0,stop
373,180.14624999999998,2.0073974455216836,0.4490158933552453,-1.0,stop
439,168.58874999999998,2.0219364128500428,1.2207527859008735,-1.0,stop
14,1965.7799999999997,6.637566318299848,1.1819440351939892,-0.07495404399038308,max_bars
159,1830.1049999999998,1.699629256244849,4.3624834858745,4.111718373251925,max_bars
257,1937.6399999999999,3.119260999366491,2.151883621764276,-1.0,stop
319,1918.0424999999998,4.068861873498621,0.5286548845580961,-1.0,stop
358,1860.4559509277342,1.9057667508899496,11.6241176994108,10.394420102380757,max_bars
19,23.014499616622924,3.5390682710962538,3.3953406533550607,1.7256015196520176,max_bars
119,24.723000383377073,2.317682950941773,-0.4764384922079634,-1.0,stop
203,23.426549463272092,1.8207950937923327,0.7348510192500822,-1.0,stop
224,23.125050230026243,2.097512591553198,0.030819778830926334,-1.0,stop
259,22.964250383377074,2.065169140474977,0.3916689411711173,-1.0,stop
361,22.78335007667541,1.5948049745039372,-0.3119581677789052,-1.0,stop
385,22.321049079895015,1.4831261182747617,-0.18441014493804467,-1.0,stop
12,108.15810276031495,5.406996843020578,1.7427688733791113,-0.12963194201994094,max_bars
159,101.34419631958006,4.483920572513644,3.5112517870139595,2.9302907155862905,max_bars
313,94.27904754638672,4.326571708456817,3.9741969184586354,-1.0,stop
477,80.58090030670165,4.29493533448619,0.20777926320110765,-1.0,stop
495,79.25430061340332,1.7845142340118099,-0.1798061547336629,-1.0,stop
21,457.2247622680664,3.0673645039400816,1.1283784349832682,-1.0,stop
77,457.9785122680664,2.9976323998429817,-0.3589991674889528,-1.0,stop
98,441.19499999999994,3.8973696438082794,6.740620854081883,4.809829858334564,max_bars
217,501.49499999999995,3.2891653954675424,3.1224613519248368,-0.4149746046387146,max_bars
364,490.3897622680664,2.006521186247546,-0.44612427644311853,-1.0,stop
427,470.2897622680664,3.0916603835783043,-0.16779890341874426,-1.0,stop
16,1797.8445245361327,5.008468445359051,2.4216421736412888,-0.39807577593508114,max_bars
121,1867.2899999999997,6.811476761192009,0.2705397009741512,-1.0,stop
201,1786.8899999999999,3.172553924870858,0.9615448485382003,-1.0,stop
254,1666.0890490722654,3.8466760890093097,5.826439248719144,3.5140324753752608,max_bars
358,1954.5240490722654,3.6645251150631752,0.07645410815528049,-1.0,stop
414,1799.7540490722654,3.492367453797522,1.0603294809555135,-1.0,stop
14,2491.060081787109,2.8191543972557547,7.617315482949843,-1.0,stop
133,2428.08,2.8038614872656553,0.1266150289640891,-1.0,stop
169,2346.5744018554683,1.8910310556744254,1.0777710991691027,-1.0,stop
188,2426.8740490722653,4.119461690512244,-0.16878412694121486,-1.0,stop
235,2336.5244018554686,2.9755478607566954,4.580774370509472,4.133448009890035,max_bars
338,2651.893450927734,1.6551740007645699,0.7747500070569445,-1.0,stop
460,2528.3790490722654,3.222584317743513,0.3868579205488087,-1.0,stop
61,1082.385,1.6061752518743322,5.660917390171133,2.7733664415264667,max_bars
169,1160.2724999999998,2.8590287552331297,0.2570666230186057,-1.0,stop
224,1124.9970245361326,1.9552962413569555,-0.399921059769127,-1.0,stop
239,1121.1779754638671,2.317029486888039,0.5590100134167744,-1.0,stop
296,1134.9465490722655,1.977762661212009,3.1209007096013326,-1.0,stop
360,1123.0874999999999,2.1447571983482914,3.110015568240812,-1.0,stop
21,510.53999999999996,2.0155129862498464,-0.13994109781188754,-1.0,stop
33,510.53999999999996,2.4562228228934,7.688198740592627,5.287876840983866,max_bars
148,582.3974999999999,3.974519121390446,1.2183810599821876,-1.0,stop
224,569.5335122680664,4.456891000657473,0.5305215662003455,-1.0,stop
351,501.89699386596675,2.1014247726830844,0.29420780642985095,-1.0,stop
364,507.5249999999999,3.4431825441172808,4.164517136284869,2.937049484021904,max_bars
