ticker,breach_date,d1_date,weak_close_ratio,close_vs_trigger_pct,close_vs_high_pct,day1_close_pct
360ONE,2026-08-05,2026-08-06,0.9140140264667921,1.0280793646757713,-0.22599408070843596,-0.7448342315020673
360ONE,2026-08-20,2026-08-21,0.46070430223133796,0.0012468983403790546,-1.6272813816973541,-0.5556897605712763
ABB,2026-08-04,2026-08-05,0.33843537414965985,-0.2968112136305767,-2.4637405788840328,-1.1249678580611988
ABCAPITAL,2026-06-24,2026-06-25,0.8839581627785342,-0.39659867430735796,-0.42875465498898313,-1.5231666980396463
ABCAPITAL,2026-07-03,2026-07-06,0.6636769459414336,-0.024107864970723814,-0.92592592592593,2.1268626350668285
ABCAPITAL,2026-07-06,2026-07-07,0.8978483509055116,0.6694920459431319,-0.23131535884941545,-1.073693027708722
ACMESOLAR,2026-06-24,2026-06-25,0.6101067123218223,0.0034757103903659825,-1.480675687775157,-1.734100744467637
ACMESOLAR,2026-06-29,2026-06-30,0.8302921557555163,3.0202557071572267,-1.2112513598367514,0.6746891680405209
ACUTAAS,2026-06-29,2026-06-30,0.9011445494819257,6.9540790505328465,-0.9823550206749854,-1.6544387473228728
ACUTAAS,2026-07-02,2026-07-03,0.7715076392634449,1.7571436123571926,-0.8912738569630818,-0.6239900799320908
ACUTAAS,2026-07-21,2026-07-22,0.5490196078431373,-0.35388195339971507,-0.6216216216216264,0.20967652614147791
ADANIENSOL,2026-07-08,2026-07-09,0.2893081761006289,-0.99984028955592,-3.300233644859818,-2.7460613215193663
ADANIENSOL,2026-07-16,2026-07-17,0.06678121204900368,-1.9140846364182562,-3.125,1.2450053185319554
ADANIENSOL,2026-07-17,2026-07-20,0.47767855520960867,-1.7184732538033654,-1.9969264698753597,0.3190255220417715
ADANIENSOL,2026-07-21,2026-07-22,0.32670443215649964,-1.4089237508870034,-2.6495262389079066,-1.5022520986653354
ADANIENT,2026-07-01,2026-07-02,0.9547448819571168,0.7394620346335978,-0.19683634122050764,0.48817288616682664
ADANIENT,2026-07-02,2026-07-03,0.36924895811781394,0.377531693316735,-1.6132058484287115,1.64873726760284
ADANIGREEN,2026-06-22,2026-06-23,0.9209306110707365,-0.16901668349491583,-0.32797270649115307,-2.5723696113778893
ADANIGREEN,2026-07-14,2026-07-15,0.7258883248730964,0.46676971010908286,-1.6549187863928894,-2.535032773084711
AEGISLOG,2026-06-11,2026-06-12,0.7866751279695692,10.612742181035406,-3.552080790201839,-2.397680007983294
AEGISLOG,2026-06-12,2026-06-15,0.49367098387300734,-2.1144253302174065,-3.2773452683190207,3.520788754476234
AEGISLOG,2026-06-15,2026-06-16,0.7557520683536135,0.3075530970072293,-2.059702707167288,-0.2396711459395795
AEGISLOG,2026-06-17,2026-06-18,0.7373008828391171,-0.3044467011181551,-0.8907468300166088,-0.08991252887735612
AEGISLOG,2026-06-22,2026-06-23,0.7174159862887891,4.761620164127689,-2.180979067378608,-0.2557498623427912
AEGISLOG,2026-06-29,2026-06-30,0.8674576373622223,1.1785958925437656,-1.0826046686509994,1.631915038263232
AEGISLOG,2026-06-30,2026-07-01,0.6762322912587174,-1.5873076200183633,-1.83954186196863,7.133657296276241
AEGISLOG,2026-07-20,2026-07-21,0.46792861644625117,-3.26554621245283,-3.5273597480611762,-4.83046409655532
AEGISLOG,2026-08-06,2026-08-07,0.3786528992470264,-1.3431426437218952,-6.529579759637716,-3.8152310004187284
ANANDRATHI,2026-06-29,2026-06-30,0.8996096366563197,1.290230666109493,-0.5152600714419697,-1.7556052363344565
ANANDRATHI,2026-06-30,2026-07-01,0.26023730355052294,-1.607522608474632,-2.754956528026453,-1.3541300802147438
ANANDRATHI,2026-07-03,2026-07-06,0.6901587239748197,0.9220635983078873,-1.1175083370803307,0.6637393121695423
ANANDRATHI,2026-07-06,2026-07-07,0.552101976782072,0.0035792261713130102,-1.1556603773584917,-3.759963816002021
ANANDRATHI,2026-07-10,2026-07-13,0.7439033986146939,0.7603514891638463,-1.3509743131791874,-0.14617585745355655
ANANTRAJ,2026-07-17,2026-07-20,0.9147051642922794,-0.35446857283349953,-0.4873990611869772,1.293467556681538
ANANTRAJ,2026-07-20,2026-07-21,0.8926823313643293,0.47242573568608837,-0.36484447877798143,0.9550701962603991
ANANTRAJ,2026-07-21,2026-07-22,0.7725610132294485,0.4678061740942985,-0.5147098715788445,-0.4045307443365731
ANANTRAJ,2026-07-22,2026-07-23,0.46728918652208384,0.20973166616875538,-1.8160134470828315,-4.50626511419393
ANANTRAJ,2026-07-31,2026-08-03,0.6694553830909806,-1.0126587294511102,-1.249213173478625,0.0
ANANTRAJ,2026-08-03,2026-08-04,0.24330914696264527,-1.4808940368864265,-2.4232487918282697,0.5582137161084466
ANANTRAJ,2026-08-20,2026-08-21,0.1788610086507766,-1.5306021670045578,-2.334364316496529,-2.4245268725109903
ANGELONE,2026-06-15,2026-06-16,0.710525591192573,1.4461767960812777,-1.081006926714878,-1.2616989092756659
APARINDS,2026-06-11,2026-06-12,0.5566137566137566,1.6327879065992645,-2.7989311957247853,2.3010999392671483
APARINDS,2026-06-12,2026-06-15,0.8039538714991763,1.170832544026701,-0.7757496740547598,3.6030260289780847
APARINDS,2026-06-15,2026-06-16,0.7652933832709113,3.692748772435084,-1.1623593421540734,-0.11120721611268536
APARINDS,2026-06-16,2026-06-17,0.5218068535825545,-0.5344244524871589,-1.8634294385432515,-0.8586076965841016
APARINDS,2026-06-18,2026-06-19,0.13891625615763548,-4.501770359129997,-5.237924008150541,2.3320133257904274
APARINDS,2026-06-24,2026-06-25,0.16326530612244897,-1.0024504343951857,-2.867634201783531,-3.9414750671842302
APARINDS,2026-08-12,2026-08-13,0.7120743034055728,5.089759791081572,-2.5182778229081992,-5.611266370760037
APLAPOLLO,2026-08-10,2026-08-11,1.0,0.6989102583276008,0.0,-0.6564683528195947
APLAPOLLO,2026-08-13,2026-08-14,0.8959335680315864,1.3334928135899204,-0.4196792654064141,1.6293549966116316
APLAPOLLO,2026-08-14,2026-08-17,0.7467749810987904,-0.0031176088623352527,-0.7479729000416824,-0.39243604555515565
APLAPOLLO,2026-08-17,2026-08-18,0.2311726359577922,-1.3365735008556534,-1.4022386131507192,1.4388489208633004
APLAPOLLO,2026-08-18,2026-08-19,0.8507459578765447,-0.30424419444619044,-0.32987747408105283,0.3215153110224689
APLAPOLLO,2026-08-20,2026-08-21,0.5226489728212326,0.34652374320669477,-0.6361123407381153,-0.2936674910144377
APLAPOLLO,2026-08-27,2026-08-28,0.41220519961448304,0.19856309534320715,-2.1116657213207657,3.722018358775503
APLAPOLLO,2026-08-28,2026-08-31,0.8665295336629277,0.8557849241831672,-0.5617892045348571,-1.5672102762146145
APOLLOHOSP,2026-06-10,2026-06-11,0.11726384364820847,-1.080182037636368,-1.5711966604823768,0.3841380533065486
APOLLOHOSP,2026-07-03,2026-07-06,0.8669950738916257,0.9036913494103294,-0.3026736169497224,0.056284122249117274
APOLLOHOSP,2026-07-15,2026-07-16,0.27884615384615385,-0.675393979821548,-0.8325008325008376,-0.45917795945794593
ARE&M,2026-08-11,2026-08-12,0.9498997832578514,0.8801343335568923,-0.38501026694045537,-0.09786373495042078
ARE&M,2026-08-12,2026-08-13,0.1306717857941975,-0.9674395564209237,-4.70853867626847,-2.332146888708797
ASHOKLEY,2026-08-13,2026-08-14,0.0,-2.037301910815148,-3.541325303106624,-3.0830076373209114
ATHERENERG,2026-06-29,2026-06-30,0.8681775835492997,3.192173105763052,-1.297814207650272,3.9388856536354933
ATHERENERG,2026-06-30,2026-07-01,0.9126278896322789,3.358439934038837,-0.5969997769030511,-0.9380984921009028
ATHERENERG,2026-07-01,2026-07-02,0.18360166329032945,-1.9717518073115836,-3.8938895306177335,0.8806693086745865
ATHERENERG,2026-07-08,2026-07-09,0.8265178628152728,1.5158901814805725,-1.1532125205930832,0.2307986268397233
ATHERENERG,2026-07-09,2026-07-10,0.52334652990365,-0.1368753912429188,-1.971196356806737,-0.5971410084355866
ATHERENERG,2026-07-13,2026-07-14,0.252437109933463,-5.164822574947891,-5.504148160799794,1.0991756208450054
ATHERENERG,2026-07-15,2026-07-16,0.7603834488819324,2.8996727960122204,-1.7059670622112444,-4.3698131633254755
ATHERENERG,2026-07-16,2026-07-17,0.16684465867312834,-4.405491525559557,-5.791823376510219,0.19685039370078705
ATHERENERG,2026-08-04,2026-08-05,0.6966362349483946,9.681110376908354,-3.306665039062495,0.2049180327868827
ATHERENERG,2026-08-10,2026-08-11,0.14603097098214285,-3.2556084846407707,-3.539476896587168,3.605131014038876
ATHERENERG,2026-08-11,2026-08-12,0.8503181989589044,-0.14401516011635085,-0.6124592204202584,2.7367749453992563
ATHERENERG,2026-08-12,2026-08-13,0.8461542550081587,1.7456355494597675,-0.6708845307555333,-3.20122101324406
ATHERENERG,2026-08-28,2026-08-31,0.8711199917318359,4.364617459627573,-0.8404878019555251,3.7885166871223674
ATHERENERG,2026-08-31,2026-09-01,1.0,4.856084679173156,0.0,2.14276966075162
ATHERENERG,2026-09-01,2026-09-02,0.7458561020804214,-0.03988182516233563,-1.0550472714485393,-2.1983772861985162
AUBANK,2026-06-24,2026-06-25,0.8884605994591346,0.5578123748563035,-0.5405450911579734,-4.175553601696425
AUBANK,2026-07-06,2026-07-07,0.24282080865901312,-2.1386698423344286,-2.659574408537224,-0.009369783124413278
AUBANK,2026-08-21,2026-08-24,1.0,0.1440870972863717,0.0,0.7506601424127846
AUBANK,2026-08-24,2026-08-25,0.9851888020833334,0.0232593649402979,-0.017945717163669883,1.7857076015408424
AUBANK,2026-08-25,2026-08-26,0.6025641025641025,0.7884670209464151,-1.3547767092698226,-1.5211773162321918
AUROPHARMA,2026-07-03,2026-07-06,0.7641096122727304,1.4813887701897066,-0.9958485057350197,-1.537133405690827
AUROPHARMA,2026-08-07,2026-08-10,0.9466663707386364,0.9392571670167271,-0.26467903930724734,-0.9972351213146213
AUROPHARMA,2026-08-13,2026-08-14,0.3189970116863627,-1.0033866718728746,-1.129339023079079,-1.9997569213618505
AUROPHARMA,2026-08-31,2026-09-01,1.0,3.1552808725743064,0.0,-0.39644681490385025
AXISBANK,2026-06-24,2026-06-25,0.9468446218047766,-0.028161081385513764,-0.11543002771219335,-0.642091088003971
BAJAJ-AUTO,2026-07-22,2026-07-23,0.9287280701754386,3.634290667872775,-0.294624240775998,2.885930518829216
BAJAJ-AUTO,2026-07-23,2026-07-24,0.8695054945054945,1.7801032007941586,-0.41920395375518726,-0.833556209325137
BAJAJ-AUTO,2026-07-28,2026-07-29,0.8565815324165029,-0.119910552260305,-0.3198808115332352,-0.9745651603880745
BAJAJ-AUTO,2026-07-29,2026-07-30,0.19834710743801653,-1.129731038946613,-1.6822754075615731,0.8334803316281558
BAJAJ-AUTO,2026-07-31,2026-08-03,0.7332053742802304,-0.5967388171870258,-0.5996548748921526,2.5250778277412733
BAJAJ-AUTO,2026-08-03,2026-08-04,1.0,1.7861512111573274,0.0,-0.4719004719004771
BAJAJ-AUTO,2026-09-01,2026-09-02,0.7131578947368421,1.397382420133475,-0.8740978348035333,-0.9148831890213982
BAJAJFINSV,2026-07-02,2026-07-03,0.895866961518595,2.0486121472383934,-0.3383484870099318,0.10593220338983578
BAJAJFINSV,2026-07-03,2026-07-06,0.5506604968312823,1.2980198676829424,-1.0647194370596247,-1.6591397664076912
BAJAJFINSV,2026-07-28,2026-07-29,0.5870322381741978,-0.08809989562279519,-0.6237100817493513,-1.0591247087885614
BAJAJFINSV,2026-07-31,2026-08-03,0.9296435110911095,3.804881790836956,-0.3682608312828961,2.1442495126705596
BAJAJFINSV,2026-08-03,2026-08-04,1.0,2.4046039627126925,0.0,1.1387090095548391
BAJAJFINSV,2026-08-05,2026-08-06,0.23348880059883687,-1.3956346533366304,-1.5341043190936987,0.7388829472597447
BAJFINANCE,2026-06-24,2026-06-25,0.9289153685052738,0.850966588207358,-0.29681176522460273,-1.6649925362023699
BAJFINANCE,2026-06-30,2026-07-01,0.8135334674577067,-0.5816161442759649,-0.6132857344247733,1.1676658889252733
BAJFINANCE,2026-07-01,2026-07-02,0.6037735849056578,-0.10873353108481476,-1.02399061341939,1.5228414060988404
BAJFINANCE,2026-07-03,2026-07-06,0.6160729369322219,0.055447973502653625,-0.8269207294170688,-1.001242209746589
BAJFINANCE,2026-07-07,2026-07-08,0.6401378675305914,-0.27749648832440243,-0.9877504200695664,-1.317452874805436
BAJFINANCE,2026-07-17,2026-07-20,0.8947393013380993,-0.17619903755750066,-0.20783667188237764,0.681297392052449
BAJFINANCE,2026-07-20,2026-07-21,0.8745779263771186,0.019505683674236884,-0.34653473270407353,0.394361612382621
BAJFINANCE,2026-07-21,2026-07-22,0.6148093894675926,-0.35772247979934946,-0.48399787081384593,-0.4322473028562035
BAJFINANCE,2026-07-31,2026-08-03,0.8483056682673034,5.688971860715841,-0.8944896941489366,-1.9807912829160723
BAJFINANCE,2026-08-03,2026-08-04,0.35359179365437987,-0.3678956498445629,-1.989121381200032,-0.6570962948609149
BALRAMCHIN,2026-08-20,2026-08-21,0.8899917876461765,14.025026883598969,-1.7734856782897546,-2.1006744179949632
BANDHANBNK,2026-06-15,2026-06-16,0.4149861483663867,-0.7469623031505446,-1.8888980703815395,1.7622180198408666
BANDHANBNK,2026-06-16,2026-06-17,0.8692381231267468,0.33576558970866976,-0.6372343824936677,-1.7421321497385622
BELRISE,2026-06-15,2026-06-16,0.6599995006214463,0.24296887942356626,-1.5454568153570603,-0.9482452392533425
BELRISE,2026-06-17,2026-06-18,0.35530093476467484,-1.7926869357692499,-2.7483712672038862,0.16764203112000775
BELRISE,2026-06-22,2026-06-23,0.7121214987252779,0.2722518714517008,-0.8373718372355121,-2.320887991927345
BELRISE,2026-08-12,2026-08-13,0.530500297540921,0.8922433819324782,-2.554066290730783,-3.387255370619846
BEML,2026-09-02,2026-09-03,0.8338725755498756,1.2156447200465603,-0.7520277393720853,0.9756097560975618
BEML,2026-09-03,2026-09-04,0.8184915543682969,1.0379226419981569,-0.5071817060406714,-1.1527377521613813
BEML,2026-09-04,2026-09-07,0.15609815644054878,-2.030514945458106,-3.253406261019043,1.1556453370335174
BHARATFORG,2026-06-15,2026-06-16,0.8091131857063395,1.1037345332677972,-0.7612966601178828,-1.357840743719363
BHARATFORG,2026-06-19,2026-06-22,0.5429296276544915,-0.871421180914822,-0.8788529053623484,2.37968508483557
BHARATFORG,2026-06-22,2026-06-23,0.863699181332618,1.6427959173844542,-0.4636661797561503,1.3270142180094702
BHARATFORG,2026-06-23,2026-06-24,0.8866552704518168,1.3243749733444998,-0.2872342447011844,-1.7555274119615882
BHARATFORG,2026-06-29,2026-06-30,0.5271307693101775,-0.34143458744338995,-2.998217053451746,1.847465656087155
BHARATFORG,2026-07-17,2026-07-20,0.9352146882422121,0.16092515216892256,-0.28223932761356485,0.6515719299346356
BHARATFORG,2026-07-20,2026-07-21,0.8617725844213369,0.059634866208413406,-0.2888824874000995,-0.43459020625848943
BHARATFORG,2026-08-07,2026-08-10,0.939697953024457,0.9599238375591179,-0.21145589551211375,-7.874115420059424
BHEL,2026-08-31,2026-09-01,1.0,0.5129490760458433,0.0,-1.9425315418462819
BIOCON,2026-08-06,2026-08-07,0.7223532284007353,-1.255175652720597,-1.333331954007766,-1.124769472684306
BOSCHLTD,2026-06-15,2026-06-16,0.13496932515337423,-1.455964789487274,-1.7724701445631652,-0.3944522203842782
BOSCHLTD,2026-06-18,2026-06-19,0.6294820717131474,-0.16084988590878702,-1.1481481481481537,0.6625000000000103
BOSCHLTD,2026-06-22,2026-06-23,0.3,-0.9888827467600114,-1.2012748222603564,0.17447657028912822
BOSCHLTD,2026-07-02,2026-07-03,0.8626609442060086,-0.1849517664787026,-0.3839232153569294,0.8424599831508006
BOSCHLTD,2026-07-03,2026-07-06,0.4297872340425532,0.02775564290129484,-1.574063197462705,0.27449576321756375
BOSCHLTD,2026-08-11,2026-08-12,0.6771428571428572,3.0016013859682333,-1.234972677595625,2.945736434108537
BOSCHLTD,2026-08-12,2026-08-13,0.8495575221238938,1.0901775276622505,-0.5456296137798189,0.35419126328217754
BOSCHLTD,2026-08-13,2026-08-14,0.3184713375796178,-0.46557625907053257,-1.1314370307708543,0.6195257423627476
BOSCHLTD,2026-08-17,2026-08-18,0.11627906976744186,-1.223040456598956,-1.5922899643829869,3.7581177472586047
BOSCHLTD,2026-08-18,2026-08-19,0.9030023094688222,1.5871824618787667,-0.42909685328974545,-0.8997955010224934
BOSCHLTD,2026-08-31,2026-09-01,1.0,1.1409712972037633,0.0,-1.720647773279349
BPCL,2026-08-03,2026-08-04,1.0,1.990828233230424,0.0,-0.6439761006471811
CARTRADE,2026-06-17,2026-06-18,0.6485952313026685,4.288370353015969,-4.5656969947536545,-1.2284767568407906
CARTRADE,2026-07-01,2026-07-02,0.6640943759272997,2.093467830205298,-1.9721288381968627,-1.6505413339424901
CARTRADE,2026-07-08,2026-07-09,0.18685245889815685,-3.75994930075233,-3.8149721987612573,-1.072103818377368
CARTRADE,2026-07-14,2026-07-15,0.3535528596187175,-0.1872136200494312,-6.0522472821677775,-3.0742871043489495
CARTRADE,2026-08-20,2026-08-21,0.7321667384082567,0.9035366485218521,-1.3560493638202775,5.652394785757253
CARTRADE,2026-08-21,2026-08-24,0.6650905539772727,4.177575575063375,-2.909955692140598,2.7079934747145096
CARTRADE,2026-08-27,2026-08-28,0.1041234596488402,-3.468485880146499,-5.341120123789955,-1.1152659880231286
CDSL,2026-07-10,2026-07-13,0.8770767487948435,4.310426695158642,-0.7692290773345434,1.532839936477437
CDSL,2026-07-13,2026-07-14,0.7706673177083333,-0.39407949855710944,-0.5918364689580069,0.0
CDSL,2026-08-26,2026-08-27,0.7831317622719763,1.0170387003038073,-0.7475116599618636,-2.184011574123834
CEMPRO,2026-06-22,2026-06-23,0.8692298302283654,0.7527913518961871,-0.5312538146972634,-3.1419815455529743
CGCL,2026-07-07,2026-07-08,0.20669471560546762,-3.2793469190011137,-3.8388320893666394,0.008416826951251899
CGCL,2026-07-09,2026-07-10,0.7976604983108259,1.795135483434085,-1.351037341431638,-0.9521914987616786
CGCL,2026-07-10,2026-07-13,0.12196905797141061,-2.0050100106037805,-4.653535559444899,1.6905410587609415
CGCL,2026-09-03,2026-09-04,0.9430900831087244,2.575608346127911,-0.3849634438015559,2.72146564640412
CGCL,2026-09-04,2026-09-07,0.6315790681345712,2.110891517293245,-1.7205035486330011,-3.1894230107378907
CGCL,2026-09-07,2026-09-08,0.18118501725784258,-3.6768321230848944,-4.087667246831517,-2.43243243243243
CGPOWER,2026-06-17,2026-06-18,0.9353154837360339,0.7305907437602066,-0.19158819725684229,-1.587870677586234
CGPOWER,2026-07-01,2026-07-02,0.916954242678959,0.17958207927317726,-0.24517564145520865,-2.151960794078289
CHENNPETRO,2026-06-10,2026-06-11,0.11732731142397505,-4.813569565088516,-5.1801402059147295,-3.682430370433909
CHENNPETRO,2026-07-22,2026-07-23,0.8434793223505435,1.6873978725918004,-0.5475248039448655,-3.3880217027136617
CHENNPETRO,2026-07-23,2026-07-24,0.5149423884249281,-3.932809293007389,-6.233384373269013,-4.195579745416012
CHENNPETRO,2026-08-11,2026-08-12,0.8919810169147995,5.033675117082059,-1.5804019609428899,-2.26709174636911
CHENNPETRO,2026-08-19,2026-08-20,0.2788335424270073,-1.468932489280983,-3.316097466801249,-4.832834811802888
CHENNPETRO,2026-09-09,2026-09-10,0.9045753229677288,8.231724389177009,-0.9017897211820558,1.4597644675023336
CHENNPETRO,2026-09-10,2026-09-11,0.6091100119613357,-0.042712661887434056,-2.2184827349737812,-5.745674386084742
CHENNPETRO,2026-09-11,2026-09-15,0.08566474420192816,-5.9054527016372145,-6.23546799320045,-6.432379018247747
CHOICEIN,2026-07-09,2026-07-10,0.8675432522534865,2.5081807632936437,-0.7825552918720113,0.27687345120630535
CHOICEIN,2026-07-10,2026-07-13,0.5856871918068024,-0.7352722647217869,-1.3002364066193817,-1.564380264741272
CHOLAFIN,2026-06-24,2026-06-25,0.8768295660251524,2.362868591531897,-0.560176127894485,-0.6515764123757539
CHOLAFIN,2026-07-06,2026-07-07,0.8507148224239807,0.9536437135491571,-0.3929405014672982,-0.46186764693542104
CHOLAFIN,2026-07-07,2026-07-08,0.34346627485464737,-0.7331747066378402,-1.1519986979166674,-3.3114740757342886
CHOLAFIN,2026-08-06,2026-08-07,0.846059020730919,0.9068614065064207,-0.6402048655569814,-2.6702864603245113
COCHINSHIP,2026-08-26,2026-08-27,0.8095238095238095,0.15638350802411605,-0.5144694533762095,-0.7078507078507101
COCHINSHIP,2026-08-27,2026-08-28,0.20501127550892725,-1.2653772935963148,-2.2118020073560896,-0.4087490189152332
COFORGE,2026-07-13,2026-07-14,0.9101412348371952,0.632310298425165,-0.4522255888360638,-0.8403361344537785
COFORGE,2026-07-28,2026-07-29,0.9458163439990039,6.922367131836049,-0.40170419612360897,-0.4946173988943814
COFORGE,2026-07-29,2026-07-30,0.1624800894772248,0.8015202195821969,-2.8330216617567183,2.267385751431883
COFORGE,2026-08-05,2026-08-06,0.74358988951078,-0.37417425430037454,-0.615212527964204,-1.110052038030207
COFORGE,2026-08-06,2026-08-07,0.26607186453683035,-1.3433921651181957,-2.265834667443367,0.15790936754056517
COFORGE,2026-08-11,2026-08-12,0.3511438289148768,-0.6940484472272468,-0.92592592592593,-0.7164508128961189
COFORGE,2026-08-20,2026-08-21,0.8951612903225806,1.9732515260610262,-0.3441885093989905,0.35011276173222416
COFORGE,2026-08-26,2026-08-27,0.02393204126602564,-1.5863469004833264,-2.9477041095241296,0.8751922544242285
COFORGE,2026-08-28,2026-08-31,0.9819902899140995,3.4834089824875125,-0.09422387374473651,-1.751863374036322
CONCOR,2026-07-27,2026-07-28,0.894156772281545,1.5920398009950265,-0.9314938689455654,2.0447906523855863
CONCOR,2026-07-28,2026-07-29,0.6584622896634603,0.8734779024125894,-1.0512335760288538,-0.05705434763181305
CONCOR,2026-08-13,2026-08-14,0.9151386870714587,-0.13258661324522247,-0.34546696282680145,-1.3847350441602568
CONCOR,2026-08-14,2026-08-17,0.0,-2.076917002290113,-3.0715489851179556,-0.8319198735029398
CPPLUS,2026-06-22,2026-06-23,0.26308748892156636,-1.1074867137696676,-2.8983931107954497,-1.5130548184519643
CPPLUS,2026-06-30,2026-07-01,0.06666666666666667,-2.971772155266439,-3.6968576709796697,-2.857920522591184
CYIENT,2026-08-26,2026-08-27,0.8839154010052448,5.408242022634568,-0.7859894723603267,0.6790336411359288
CYIENT,2026-08-28,2026-08-31,0.9063739142557931,4.054792249505557,-0.6325750406572461,5.765340622281179
CYIENT,2026-08-31,2026-09-01,0.8445553784289174,4.88607200231459,-1.4429489238150128,-4.299472670050886
CYIENT,2026-09-01,2026-09-02,0.2598636134141156,-2.784736085851136,-4.462676326010051,-1.6671010212055193
DATAPATTNS,2026-06-17,2026-06-18,0.9168045031251922,0.5055218961577124,-0.5234967074852492,1.1792453315198292
DATAPATTNS,2026-06-18,2026-06-19,0.5309286567239311,-0.34394523633287655,-1.6769021773904602,1.0633430224937124
DATAPATTNS,2026-06-19,2026-06-22,0.3882030913357312,-1.7586087242686843,-2.699808457072006,0.26993256666139054
DATAPATTNS,2026-08-21,2026-08-24,0.3697659903573916,-2.2799806914239107,-3.402001953125,-2.11902790359062
DELHIVERY,2026-07-01,2026-07-02,0.9417724609375014,2.7403150209459604,-0.4509779986213158,-0.5576706103145312
DELHIVERY,2026-07-02,2026-07-03,0.6893914523116987,-0.6340868611903749,-0.7986046798056035,-0.5880046899690461
DELHIVERY,2026-07-06,2026-07-07,0.7744125111743612,0.4009127979640814,-0.6405307047681608,-0.5573637222648142
DEVYANI,2026-08-20,2026-08-21,0.9533318413628472,1.417048060478865,-0.1418964282886348,-1.0066732031821513
DEVYANI,2026-08-21,2026-08-24,0.16363525390625,-2.9178473198303134,-3.087252418466857,2.546453455286035
DEVYANI,2026-08-25,2026-08-26,0.9088524902844336,-0.23128910864779195,-0.23294915375415837,-0.6194822771695474
DEVYANI,2026-08-26,2026-08-27,0.15718589888551582,-1.0869111279863009,-3.6324954405274945,-3.9852674312049974
DIVISLAB,2026-07-14,2026-07-15,0.9332220367278798,2.7839677885897585,-0.27745023236457333,0.0481463649494529
DIVISLAB,2026-07-15,2026-07-16,0.40625,0.39281293470223577,-0.7776261937244233,0.21917808219178436
DIVISLAB,2026-07-16,2026-07-17,0.3620689655172414,-0.6875581166473133,-1.0013531799729414,-0.902440691871198
DIVISLAB,2026-07-20,2026-07-21,0.40049751243781095,-1.4669548064817794,-1.6199502587887382,0.03411804844761779
DIVISLAB,2026-07-29,2026-07-30,0.9128205128205128,3.566936011212829,-0.4348660228944201,-0.5158907075982433
DIVISLAB,2026-07-30,2026-07-31,0.27972027972027974,-0.28752445485049627,-1.2975560594608249,1.3665997993981938
DIVISLAB,2026-07-31,2026-08-03,0.8451025056947609,0.9816124717806796,-0.42027194066749374,2.446300715990457
DIVISLAB,2026-08-03,2026-08-04,1.0,5.590711461235243,0.0,-0.8520710059171543
DIVISLAB,2026-08-12,2026-08-13,0.6345679012345679,-0.3236583535438653,-0.8531242794558414,-0.011763321962121598
DIVISLAB,2026-08-25,2026-08-26,1.0,0.3112177181879616,0.0,3.26677727558784
DIVISLAB,2026-08-26,2026-08-27,0.9473684210526315,2.69425927711775,-0.19904898816763827,0.12156039341364444
DIVISLAB,2026-08-27,2026-08-28,0.21739130434782608,-0.3104570039330956,-0.983606557377048,1.695101816180511
DIVISLAB,2026-08-28,2026-08-31,0.8364116094986808,0.4703259657994341,-0.3344120819849028,2.5621580629435092
DIVISLAB,2026-08-31,2026-09-01,1.0,1.617049595603448,0.0,-0.9189189189189206
DIVISLAB,2026-09-08,2026-09-09,0.9611940298507463,0.6376168171501329,-0.13558614935336166,-0.7946465913843626
DIXON,2026-06-15,2026-06-16,0.7183770883054893,-0.38921267740332777,-0.9772256728778461,2.4267782426778295
DIXON,2026-06-16,2026-06-17,0.8824786324786325,0.8209470247108275,-0.4475183075671296,3.9426813471502564
DIXON,2026-06-17,2026-06-18,0.9023090586145648,3.898732537475369,-0.4267535692116686,-1.6239316239316293
DIXON,2026-07-06,2026-07-07,0.9537688442211055,4.646726840107784,-0.34456928838951795,-0.5482538490424349
DIXON,2026-07-07,2026-07-08,0.3801916932907348,-1.3024763821342544,-1.443882107770167,-1.799407789841323
DIXON,2026-07-09,2026-07-10,0.7248322147651006,-0.1938802563544173,-0.9044117647058814,-2.8913043478260847
DIXON,2026-07-10,2026-07-13,0.08832335329341318,-1.8071407667544448,-4.340698503207408,1.3770787869666679
DIXON,2026-07-16,2026-07-17,0.6952054794520548,2.8854302968408296,-1.2121212121212088,-1.6647176171149525
DIXON,2026-08-20,2026-08-21,0.7867494824016563,1.554085243883696,-0.6888249849528516,-0.20161290322581182
DLF,2026-07-01,2026-07-02,0.9402753216260576,0.2286721991025198,-0.29970216458338195,0.784732327181481
DLF,2026-07-02,2026-07-03,0.8333356990437798,0.6570907102348755,-0.3255793834168852,2.374113488105256
DLF,2026-07-03,2026-07-06,0.9018704116731029,1.8455913667118518,-0.30973091238015726,-0.6345909014017326
DLF,2026-07-06,2026-07-07,0.22695063091141268,-1.187280736000107,-1.593104972170667,-3.106655431298777
DLF,2026-07-10,2026-07-13,0.833110868817646,-0.2720993446513442,-0.9031791907514464,1.0123365608194712
DLF,2026-08-24,2026-08-25,1.0,0.16394580706238226,0.0,-0.7340098536291806
EICHERMOT,2026-07-28,2026-07-29,0.6382252559726962,-0.6369959809718884,-0.6718215236405145,-1.0654490106544956
EICHERMOT,2026-08-03,2026-08-04,0.9705882352941176,1.0081998582121,-0.0744786494538241,-1.0351708655525038
EICHERMOT,2026-08-11,2026-08-12,0.2903225806451613,-1.3300402234257769,-1.356350184956845,0.5999250093738251
EMMVEE,2026-06-12,2026-06-15,0.8700259196958928,-0.48303235120792376,-0.7080960135928516,-3.2535490626156682
EMMVEE,2026-06-15,2026-06-16,0.2057296716501416,-3.1576222931584796,-4.332386363636365,0.13393220447359688
EMMVEE,2026-07-01,2026-07-02,0.7570334756444979,1.3747299888780429,-1.331651201975026,2.664019763039671
EMMVEE,2026-07-02,2026-07-03,0.7510823168516436,1.0506725143657691,-1.5625,-0.9279795300597304
ENGINERSIN,2026-09-01,2026-09-02,0.6712324615264025,5.732011830146244,-3.3143470760598315,-0.8602128661234332
ENRIN,2026-06-19,2026-06-22,0.8831568667763158,0.17924825305590808,-0.2886891458062424,0.17347049911122792
ENRIN,2026-06-22,2026-06-23,0.7256098728044899,-0.018761847459691783,-0.8087291399229812,-2.13720138263066
ETERNAL,2026-07-01,2026-07-02,0.9411769399083676,4.04054947952992,-0.3207390865673565,-0.3736611362878062
ETERNAL,2026-07-02,2026-07-03,0.14966057007619007,-0.8166558075296981,-2.1856967068338284,-0.44224306633375843
ETERNAL,2026-07-03,2026-07-06,0.2453989567848303,-1.99379675394028,-2.1368985953218345,-0.12335016863986858
ETERNAL,2026-07-07,2026-07-08,0.7852344319643457,0.05566544324240308,-0.5498302761222096,-0.26041666666666297
ETERNAL,2026-07-08,2026-07-09,0.23046992346756312,-1.9678199357059167,-3.3215228431619725,1.7013867696126228
ETERNAL,2026-07-09,2026-07-10,0.394637332416638,-1.8731920417157988,-2.6302626056087464,-1.5948462885469472
ETERNAL,2026-07-28,2026-07-29,0.8955699258692688,2.6140222311571426,-0.5322560956401157,0.7110576116453604
ETERNAL,2026-07-29,2026-07-30,0.4203802837160662,0.08024002342121861,-1.4382861459651841,0.9601341601403579
ETERNAL,2026-08-06,2026-08-07,0.6443290860468774,-0.5289676484296124,-1.079140467719808,0.12714363913672866
ETERNAL,2026-08-14,2026-08-17,0.20731825320620176,-0.8710006928794978,-2.0000000000000018,0.1417138165108911
ETERNAL,2026-08-20,2026-08-21,0.9230785646909185,0.4056677250765528,-0.16742398568302397,-0.33424675877083976
ETERNAL,2026-08-21,2026-08-24,0.5131566795295478,-0.6489621905692244,-1.115469421424642,0.2451318455667595
EXIDEIND,2026-07-09,2026-07-10,0.6574087156041127,-0.5092088746084245,-0.8626676945922451,-1.2014449947077455
EXIDEIND,2026-07-17,2026-07-20,0.9250013563368119,0.47212018954676527,-0.30923734364587396,0.3797454307213677
EXIDEIND,2026-07-20,2026-07-21,0.3088990010673136,-0.47471812708028693,-1.4890030690390632,1.4657034205756814
EXIDEIND,2026-07-21,2026-07-22,0.538733650543949,-0.45261291803108117,-1.4555528428819353,1.1074683605594604
EXIDEIND,2026-07-22,2026-07-23,0.713873688889832,-0.9729118621303101,-1.0931938654813567,-1.569330835459859
EXIDEIND,2026-07-30,2026-07-31,0.7229304655875382,-0.5194820044285176,-1.8855617261678836,-2.0037214538008996
EXIDEIND,2026-08-05,2026-08-06,0.4080606354111416,0.710148041240255,-2.4543080939947726,1.5839027618015367
EXIDEIND,2026-08-07,2026-08-10,0.8657718487366273,1.7025855782560884,-0.6085192697768749,-0.8095116524672541
EXIDEIND,2026-08-11,2026-08-12,0.25852367799111414,-2.504502005615916,-2.6289258568544804,0.6034533400063768
FEDERALBNK,2026-06-12,2026-06-15,0.6319459161615734,-0.8116977353383126,-0.8324152177407784,-0.28319506955760687
FEDERALBNK,2026-06-17,2026-06-18,0.7906999850961299,-0.001702458401697804,-0.2781192458310655,-0.5879603689836421
FEDERALBNK,2026-06-24,2026-06-25,0.795455648880905,-0.405630108557542,-0.5504549825592453,-0.29231144831730616
FEDERALBNK,2026-06-30,2026-07-01,0.7839499660914777,0.43056515373247617,-0.5274261797417301,0.42579819526757934
FEDERALBNK,2026-07-03,2026-07-06,0.12658237627816601,-1.9794998577521983,-2.0640126079686016,0.7016529579615183
FEDERALBNK,2026-07-17,2026-07-20,0.9275362479088276,3.1987166692540425,-0.5698005698005715,1.8733698622463324
FEDERALBNK,2026-07-21,2026-07-22,0.8793079861513043,0.5901710788758674,-0.1962192591538181,-0.6056320835167273
FEDERALBNK,2026-08-03,2026-08-04,1.0,2.7648693212632525,0.0,-0.055144545103769094
FINCABLES,2026-09-09,2026-09-10,0.7196031956381811,2.408113380932808,-1.6424400861873134,4.887966664145171
FINCABLES,2026-09-10,2026-09-11,0.8851574216859184,2.568554351358232,-0.7417757582881435,2.28408279800143
FIVESTAR,2026-07-06,2026-07-07,0.4354418018196203,-1.4054045916250812,-1.973455648506639,-1.1977709416156723
FLUOROCHEM,2026-08-13,2026-08-14,0.3800462869418513,-0.0800005232092893,-4.924473408221708,-0.18960142349193632
FSL,2026-07-29,2026-07-30,0.848614971454327,7.396834420641518,-1.6482457044336263,3.4567440257353033
FSL,2026-07-30,2026-07-31,0.8366503990113734,-0.12417139855578352,-0.7880810870240063,1.683501683501687
FSL,2026-07-31,2026-08-03,0.8903042117596536,-0.4579766343160041,-0.6511052109792193,6.25
FSL,2026-08-03,2026-08-04,0.7551019252676373,6.128351859108694,-1.994260722186314,2.622191530498452
FSL,2026-08-04,2026-08-05,0.7980141350897438,-0.5726767253861453,-0.9138540203651679,2.243979580431099
FSL,2026-08-05,2026-08-06,0.8237422471046709,1.2018595284346123,-0.71657845369687,-12.084633964578694
GABRIEL,2026-08-03,2026-08-04,0.8197533878279321,-0.0065139216393728105,-0.9468207254174743,0.1177271960840498
GABRIEL,2026-08-04,2026-08-05,0.3556089673556789,-1.2202251499877304,-3.4073699101618615,2.7922077922077904
GABRIEL,2026-08-05,2026-08-06,0.8041395021556668,-0.31544057511512236,-0.768753051757809,-2.1580897482953554
GAIL,2026-06-12,2026-06-15,0.8454752457238327,-0.29283139631208766,-0.40887672939259323,1.3110802128122545
GAIL,2026-06-15,2026-06-16,0.6470586475343622,1.949369268676171,-1.0157457161345307,-0.20968511951636737
GAIL,2026-06-16,2026-06-17,0.34062418043535275,-1.1263923784627816,-1.1840632135164397,-0.8500028274630145
GLAND,2026-06-11,2026-06-12,0.5072385752852611,-2.6087470561472204,-3.695198329853866,-2.526141601985732
GLAND,2026-06-30,2026-07-01,0.7679439106054007,4.266571384990225,-1.31709244096877,-0.7220216606498187
GLAND,2026-07-07,2026-07-08,0.8704827177107616,0.3564997758819688,-0.5033322734123602,-2.305588120359514
GLAND,2026-08-10,2026-08-11,0.7636852570162,0.7489598807136622,-0.659216058542833,2.951510892480669
GLAND,2026-08-11,2026-08-12,0.6452326239176742,8.374325850959362,-2.14161431171932,-1.373291015625
GLAND,2026-08-14,2026-08-17,0.25321744506178173,-1.1035024238538416,-2.2896274931991534,-2.52546034358605
GLAND,2026-09-04,2026-09-07,0.6895663445968052,-1.0240553560639687,-1.2327415849191614,1.8282087120317314
GLAND,2026-09-07,2026-09-08,0.45883374641400443,-0.3198876339714274,-2.2255079280695256,0.28126224426041624
GLENMARK,2026-08-24,2026-08-25,0.9568701009621153,1.2861203547572364,-0.17954274856472052,0.3722095261705638
GLENMARK,2026-08-25,2026-08-26,0.5333333333333333,-0.289782818683193,-0.8674101610904539,1.8759985090835096
GLENMARK,2026-08-26,2026-08-27,0.7369869702482876,0.2135151926499379,-0.7812798035350954,0.6176161912303524
GLENMARK,2026-08-27,2026-08-28,0.4470033639728632,-0.3962891544312952,-0.9661835748792313,2.2939843855662057
GLENMARK,2026-08-28,2026-08-31,0.7865904967413381,0.7442657886093107,-0.8906091104395664,-1.8327216852013328
GMRAIRPORT,2026-06-15,2026-06-16,0.4260878507028985,2.047458536269997,-1.2224482809663262,-0.28759398456327245
GMRAIRPORT,2026-06-16,2026-06-17,0.1074629177095451,-0.930613837730665,-2.7058804197009234,1.4324257138195629
GMRAIRPORT,2026-06-18,2026-06-19,0.7841731159778191,-0.45248593975119045,-0.5398096859057677,-1.3994919144989182
GMRAIRPORT,2026-06-30,2026-07-01,0.648198321956168,-0.051672797934532166,-1.1203283923985508,0.7363394447002847
GMRAIRPORT,2026-07-01,2026-07-02,0.5234027771014155,-0.34829542475516284,-0.9768885579379827,-1.494772291794777
GMRAIRPORT,2026-07-07,2026-07-08,0.6972495686592916,-0.21111032134338847,-0.5707333415758575,-2.503072596911593
GODREJPROP,2026-07-01,2026-07-02,0.8827157392918411,3.2978781095182264,-0.5783878444476143,0.34148578857671197
GODREJPROP,2026-07-02,2026-07-03,0.6005420180053472,-0.6136263799281005,-0.7411552415670819,0.8181029008005103
GODREJPROP,2026-07-03,2026-07-06,0.806854956780992,0.15466681114848502,-0.3095950887575971,1.8565551381905188
GODREJPROP,2026-07-06,2026-07-07,0.8982040305151565,1.6787653345228026,-0.24859739634108813,-0.5984201295225811
GODREJPROP,2026-07-08,2026-07-09,0.0691331112217839,-4.469313481051051,-4.607011380522163,2.0101512392200815
GODREJPROP,2026-07-10,2026-07-13,0.9568965517241379,2.2788279996060368,-0.2338634237605275,1.9685434091801124
GODREJPROP,2026-07-13,2026-07-14,0.9013850111299309,0.6473757338774089,-0.26287649511217426,-1.7575028481743749
GRANULES,2026-07-07,2026-07-08,0.4833886908455302,-0.6643099194238222,-1.7688531708358157,0.11614401858304202
GRANULES,2026-07-09,2026-07-10,0.6140347120029616,-0.16361008188972015,-1.7159757317502744,-0.11261261261261701
GRANULES,2026-07-13,2026-07-14,0.5498905155917165,-0.9554096268580836,-1.1180836654980264,0.6229641532021324
GRAPHITE,2026-08-04,2026-08-05,0.8694579799676484,2.766167387494356,-1.107244039976496,-1.0127820419447153
GRAPHITE,2026-08-05,2026-08-06,0.10875091552734376,-1.723967292498152,-4.786515032652739,1.7736451510302231
GRAPHITE,2026-09-09,2026-09-10,0.701057287667025,11.243916014113765,-3.396803568499196,-1.528174327370846
GRASIM,2026-06-15,2026-06-16,0.7613636363636364,-0.29270997766076556,-0.3307086614173227,-1.1666987847095633
GROWW,2026-07-02,2026-07-03,0.4112691433164412,-0.9445274955877325,-1.0039853755460237,-0.33816277692859664
GVT&D,2026-06-17,2026-06-18,0.9153153153153153,-0.42020643601453633,-0.4540185471406444,1.8164157357940747
GVT&D,2026-06-18,2026-06-19,0.9389978213507625,0.9250501741678185,-0.26595744680850686,5.621301775147924
GVT&D,2026-06-19,2026-06-22,0.7552795031055901,4.596697364242619,-1.748934659090906,-0.6958250497017926
HAL,2026-08-03,2026-08-04,0.8252427184466019,-0.04997501249374148,-0.19153011278995047,-0.936133335810152
HAL,2026-08-06,2026-08-07,0.8866213570375401,3.7626618918970456,-0.60606060606061,-0.707785642062686
HAL,2026-08-12,2026-08-13,0.7615263246758539,-0.09750243756092569,-1.1869436201780381,-1.531291022106207
HAL,2026-08-17,2026-08-18,0.13346056275746504,-0.41877654260841224,-1.765080954338183,0.7607943879063273
HAVELLS,2026-07-30,2026-07-31,0.926025390625,0.6835201223837517,-0.21354580750175822,-0.5915292890278145
HAVELLS,2026-08-03,2026-08-04,0.9184381966538969,0.3694905934421344,-0.1786723173217375,0.7782101167315147
HAVELLS,2026-08-04,2026-08-05,0.7314044167347639,0.097659058070243,-0.49942374183634675,0.1475059739208584
HAVELLS,2026-08-17,2026-08-18,0.5195202240518486,-0.8334134400611037,-1.2167300380228174,0.04618394251503233
HCLTECH,2026-07-24,2026-07-27,0.8730965253357706,1.2713458893756968,-0.39184952978056353,0.7546250962844558
HCLTECH,2026-07-27,2026-07-28,0.7237358336420721,1.0542915839347744,-0.5448945192584431,1.5603419545061392
HCLTECH,2026-07-28,2026-07-29,0.4292676972179878,0.6937664391730936,-1.7436679891253748,0.11917015822138222
HCLTECH,2026-07-29,2026-07-30,0.7152575476694916,-0.3269754930173896,-0.6209730647563805,0.3195636820855663
HCLTECH,2026-07-30,2026-07-31,0.2921794781630213,-0.4975124378109319,-1.2555714238741134,3.0888365399207363
HCLTECH,2026-08-03,2026-08-04,1.0,0.018193248619557956,0.0,-0.4215982382547834
HDFCBANK,2026-07-06,2026-07-07,0.9377349277712265,2.3198722109326386,-0.19843949657997184,-1.634472511144136
HDFCBANK,2026-07-07,2026-07-08,0.1893495611975875,-0.7607796503987796,-1.6251497279989646,-1.9442747175007602
HEG,2026-07-23,2026-07-24,0.32049577096688087,0.7704942149540539,-7.700850266020797,5.158608582006363
HEG,2026-07-30,2026-07-31,0.12037037037037036,-2.9486424678869194,-3.47730600292826,-1.1917369321332139
HEG,2026-08-05,2026-08-06,0.5062771657243257,-0.16288091479097488,-1.6905426637491061,-0.8551999137952571
HEG,2026-08-14,2026-08-17,0.606177506091727,-0.06985131648347132,-1.4341974173169736,-0.796469318786519
HEG,2026-08-18,2026-08-19,0.8160377358490566,3.426901951367878,-1.3017356475300446,-4.291700530398657
HEG,2026-09-01,2026-09-02,0.26829377219034006,-3.0348890508654858,-3.183445977290289,-2.5838902183101253
HEROMOTOCO,2026-07-30,2026-07-31,0.8515052795700288,1.3505912825753086,-0.5342217785144432,0.41227679612443335
HEROMOTOCO,2026-07-31,2026-08-03,0.9104919976289271,0.10467502878495072,-0.16127300864763328,0.6451612903225712
HEROMOTOCO,2026-08-03,2026-08-04,0.993103448275862,0.7069090811785861,-0.00915667063455805,1.9852941176470518
HEROMOTOCO,2026-08-04,2026-08-05,0.6795580110497238,1.096932697559727,-1.0346057795219354,1.6434440871739842
HEROMOTOCO,2026-08-05,2026-08-06,0.9,0.9934274400384746,-0.2629272567922891,-1.7871361585419798
HEROMOTOCO,2026-08-07,2026-08-10,0.7104247104247104,-1.0162048143297353,-1.2931034482758674,1.0693342531907568
HEROMOTOCO,2026-08-10,2026-08-11,0.5864022662889519,0.5318236404186161,-1.2304062025956464,0.3164015734564707
HFCL,2026-06-19,2026-06-22,1.0,4.476862037274065,0.0,-2.9415824312140737
HFCL,2026-06-22,2026-06-23,0.2908608039218888,-0.5687149843300987,-4.8298377031657065,-3.140347349489059
HFCL,2026-07-06,2026-07-07,0.9825783860975862,1.6996894265633111,-0.1110124348969066,-1.9084449549638616
HFCL,2026-07-07,2026-07-08,0.7220877460250539,-0.12636800488069477,-1.5076281977634776,-2.6122424067283045
HFCL,2026-08-24,2026-08-25,0.9122335460726222,1.208974061916268,-0.413518849680683,-0.9603353034479345
HFCL,2026-08-25,2026-08-26,0.27283215173393777,-1.0793778211645622,-2.5747066992828915,-1.6500258817465863
HFCL,2026-08-27,2026-08-28,0.842673904465262,0.12972113110074623,-0.6466238634533106,2.4350649953833514
HFCL,2026-08-28,2026-08-31,0.6198948981336369,1.1230618406248283,-1.4229732638028514,-2.049563932976328
HFCL,2026-08-31,2026-09-01,0.1728254595874856,-2.841733949550407,-2.9645560994375986,-6.2068979281370895
HINDCOPPER,2026-08-17,2026-08-18,0.9448530071746142,-0.12252071560470146,-0.3913723959732329,-0.22895171203186626
HINDCOPPER,2026-08-21,2026-08-24,0.5665028037102181,-1.1876631952655314,-1.5133255018003,-1.4832140882838685
HINDCOPPER,2026-08-24,2026-08-25,0.3715719073726252,-1.75519232486534,-2.1474180802620313,-1.9644054107666342
HONASA,2026-06-11,2026-06-12,0.1976745148832248,-2.195307319402806,-4.722256625711774,-2.100789336647324
HONASA,2026-06-30,2026-07-01,0.7235765600247102,1.4748072325420525,-1.463313564002533,1.8165940952994175
HONASA,2026-07-01,2026-07-02,0.6140841631822183,-0.11209548434168992,-1.4471334140043535,-0.11758156984900126
HONASA,2026-07-06,2026-07-07,0.5549450180925535,-1.4329455815149328,-1.6981144871101916,-0.40693808552622057
HSCL,2026-06-10,2026-06-11,0.6749154501976605,-1.2102809733566922,-2.0425488667321634,-1.6000000000000014
HSCL,2026-06-17,2026-06-18,0.5971721084312664,-1.3906418872523973,-1.6000034265350904,-1.842237994473106
HSCL,2026-06-18,2026-06-19,0.0918028784579918,-3.597802176071385,-3.8579404188065824,-2.3151189381557358
HSCL,2026-07-21,2026-07-22,0.6443598484273816,1.279211019195725,-2.2696736529514983,-6.039941556259598
HSCL,2026-08-14,2026-08-17,0.3049080528656594,-0.9161482567002777,-1.6928901456301104,0.0
HYUNDAI,2026-06-15,2026-06-16,0.4311024284279377,1.1112186573575045,-1.40359516338332,-3.205255029971066
HYUNDAI,2026-08-13,2026-08-14,0.32353178770498425,-1.1338997812955998,-1.6183564038843468,-1.694304796743018
ICICIBANK,2026-06-24,2026-06-25,0.8918918918918919,-0.1704645946917993,-0.29036005160342215,0.5361948079827039
ICICIBANK,2026-07-03,2026-07-06,0.39007159739236585,-0.04426094339246012,-0.6056320835167273,0.9265790871061164
ICICIBANK,2026-07-06,2026-07-07,0.76500244140625,-0.014012724121459375,-0.3283005903902292,-1.3415282159668807
ICICIBANK,2026-07-17,2026-07-20,0.6949175336296582,0.2871232690785597,-0.7422120087290596,0.6132027190543399
ICICIBANK,2026-07-20,2026-07-21,0.5111099054783951,-0.14876646446098096,-1.3378411370354781,-0.3473624680253473
IDBI,2026-07-14,2026-07-15,0.49350708543141764,-0.27856957855336706,-2.2036354337404473,-2.016630637761596
IDEA,2026-08-25,2026-08-26,0.9024383814215012,5.621432564376638,-0.7838068970895784,-1.4397861073241924
IDEA,2026-09-07,2026-09-08,0.8709678411732096,0.991467500643628,-0.5102035851341391,-0.7722000376683025
IDEA,2026-09-09,2026-09-10,0.5423738402353474,-1.5128429554908451,-1.7099398653682485,-4.9138510147715415
IDFCFIRSTB,2026-06-12,2026-06-15,0.7797031712968646,2.173695281979371,-1.150018602749181,0.2175935035405363
IDFCFIRSTB,2026-06-15,2026-06-16,0.5913992608483426,0.7110750020665302,-0.9609236844430602,-1.158935394319327
IDFCFIRSTB,2026-06-22,2026-06-23,0.7458755929779327,1.5154423578162213,-0.9452450917264765,-2.3356905246784687
IDFCFIRSTB,2026-07-27,2026-07-28,0.044334993883338066,2.1254072871689456,-4.371343836672514,1.3091173468171124
IFCI,2026-06-12,2026-06-15,1.0,0.8500131418112122,0.0,1.4591869145970549
IFCI,2026-06-15,2026-06-16,0.7424237870429897,5.420631026548617,-1.8619983798609296,-0.7924097059864632
IFCI,2026-06-17,2026-06-18,0.1573528256796332,-2.0418708752676595,-5.9812141695213095,-8.729807069506235
IFCI,2026-08-25,2026-08-26,0.29681910210199686,-1.608482606739814,-2.3345822543894723,2.8742533244058732
IFCI,2026-08-26,2026-08-27,0.5725002288818359,-0.2640427815764901,-1.9621331664175345,-2.1027011494965997
IFCI,2026-08-27,2026-08-28,0.18801585149782152,-3.785724084554265,-4.45578281310145,6.7394404217422155
IFCI,2026-08-28,2026-08-31,0.7195947484318055,1.4880272076435386,-2.6933455337630363,-0.6644585639401401
IFCI,2026-09-02,2026-09-03,0.9062501146243571,5.820279823542918,-1.1759957725070658,-2.89193913268454
IFCI,2026-09-03,2026-09-04,0.1969277850472468,-4.077956062014875,-5.656108393534454,6.062174584581448
IFCI,2026-09-04,2026-09-07,0.4481510579338837,-0.7715763094861217,-5.6930258107739995,-2.021073352023406
IIFL,2026-06-16,2026-06-17,0.2009789548639576,-1.7624624154894186,-2.9941308040293935,-0.5430134716210233
IIFL,2026-07-16,2026-07-17,0.8648170636247086,0.5933809418146474,-0.6830165348620798,-2.6135702538124805
IIFL,2026-07-21,2026-07-22,0.7177025109074662,-0.9565323972442696,-1.021295532178057,-0.8710801393728262
IIFL,2026-07-22,2026-07-23,0.28893363684118367,-1.7634755882668163,-2.9521926596424497,-2.497851981625532
IIFL,2026-07-28,2026-07-29,0.4369142485554079,-1.4033180210854757,-2.027262505583427,0.7666098807495692
IIFL,2026-07-29,2026-07-30,0.6883108304489127,-0.38034070175272383,-1.1954196169610687,0.9379969524471843
IIFL,2026-07-30,2026-07-31,0.4025628505608974,0.41936885478839336,-1.8805527706315606,-0.8551881073813106
IIFL,2026-07-31,2026-08-03,0.18465934706163867,-2.2402074511923775,-2.3033668677267305,1.1542219931016673
IIFL,2026-08-10,2026-08-11,0.9217098546884164,-0.03433484039472301,-0.1754347027013603,-1.1414470203366722
IIFL,2026-08-13,2026-08-14,0.8835813607742538,0.4023929865991427,-0.3056924490357882,-0.7469727657860692
IIFL,2026-08-14,2026-08-17,0.28082372171382947,-1.5504075081030355,-1.6364060781558165,-0.41983909423520815
IIFL,2026-08-20,2026-08-21,0.1703480357046587,-1.2651248578565588,-2.023538335451902,5.092592592592582
IIFL,2026-08-21,2026-08-24,0.8261907668340773,4.088316336638931,-1.0624345877386365,1.7236414327981064
IIFL,2026-08-24,2026-08-25,0.634043592087766,0.8492755489869497,-1.2198546930407783,1.1692373167960568
INDHOTEL,2026-06-15,2026-06-16,0.34891849405896247,0.6551615027721613,-1.2948989142921086,0.2601138429145555
INDHOTEL,2026-06-18,2026-06-19,0.8941195618872549,0.901435864403588,-0.18965659020636627,1.5419208329831013
INDHOTEL,2026-06-19,2026-06-22,0.8183799666110184,1.3127691731169788,-0.5693544073343326,0.6522485410229928
INDHOTEL,2026-06-22,2026-06-23,0.5,0.062177171299682144,-0.9459459459459474,-0.6858240290403605
INDHOTEL,2026-07-06,2026-07-07,0.5637990364762561,-0.7462653739326974,-0.9859122181002711,0.5119897238574422
INDHOTEL,2026-07-07,2026-07-08,0.5209803193464537,-0.43744894480898244,-0.9099330096988933,-2.455802424967768
INDIGO,2026-06-12,2026-06-15,0.9063084936520371,1.1301268870088643,-0.32380539021164,0.5556698909240598
INDIGO,2026-06-15,2026-06-16,0.5350065215694872,2.775011763273594,-1.2364686361681643,-1.49797144944106
INDIGO,2026-06-18,2026-06-19,0.9296538254310345,0.9180507396741033,-0.20311022127638134,0.3678803179880896
INDIGO,2026-06-24,2026-06-25,0.9132757202104681,2.4497533659131765,-0.4359427282504824,3.2095606355990958
INDUSINDBK,2026-07-03,2026-07-06,0.888428557016517,1.9938431139876922,-0.41394610865328474,4.685881541679993
INDUSINDBK,2026-07-06,2026-07-07,0.9521988416154831,2.695838326293898,-0.2469623659139386,1.3935714761808216
INDUSINDBK,2026-07-07,2026-07-08,0.5326411188446429,0.48050887781929674,-1.5173410404624277,-1.9034456887040418
INDUSINDBK,2026-07-21,2026-07-22,0.8567581347312826,1.9421151632852185,-0.5005704913763842,0.6779091806508486
INDUSINDBK,2026-07-22,2026-07-23,0.6148673169766087,-0.4509637462800531,-0.7932390361807595,-3.0934846115182157
INFY,2026-08-10,2026-08-11,0.3939408885217198,-0.8912624186549811,-1.0041841004184149,0.28635578235727266
IPCALAB,2026-08-25,2026-08-26,0.3595749875332447,-1.3466918553238116,-1.5368107812281928,0.4119464469618972
IPCALAB,2026-08-26,2026-08-27,0.3040429069455618,-0.8124877120147089,-1.9879505816233656,0.20439448134901284
JBMA,2026-06-19,2026-06-22,0.7245812372941535,1.3630600910541357,-1.4498661527142631,-1.0899182561307952
JINDALSTEL,2026-08-20,2026-08-21,0.3125002270654784,-1.168809797964232,-2.022764937472632,0.4900650236755233
JSWCEMENT,2026-06-15,2026-06-16,0.6435636085288104,-0.7559774201618019,-0.8204830137446217,-0.20809577838992732
JSWCEMENT,2026-06-17,2026-06-18,0.20344744125353847,-1.6011688573075222,-1.7436576336736453,0.007646321109766596
JSWINFRA,2026-06-23,2026-06-24,0.6329804330252354,0.17039814911246065,-1.0835369835386244,6.649860357789517
JSWINFRA,2026-06-24,2026-06-25,0.8126153609225704,5.752643935906732,-1.4703794238046908,-2.8840459520380057
JSWINFRA,2026-07-13,2026-07-14,0.8091294503791274,4.236464866430345,-1.2928543405724136,-1.700966808773774
JSWSTEEL,2026-08-26,2026-08-27,1.0,0.5522500534254293,0.0,-0.8524833209785032
JSWSTEEL,2026-08-27,2026-08-28,0.35714285714285715,-0.7572131883461064,-0.9992598075499681,0.104988707466247
JUBLFOOD,2026-08-10,2026-08-11,0.8090608494348791,-0.5577779988332199,-0.5924313956648275,-1.1640854049802085
JUBLFOOD,2026-08-13,2026-08-14,0.6036305312553654,-1.7763925142174952,-2.5958597566539954,1.6023404826827292
JUBLFOOD,2026-08-14,2026-08-17,0.35000023475060094,-0.6059542374564408,-3.2437608246611127,1.1869436201780381
JUBLFOOD,2026-08-26,2026-08-27,0.0,-4.60366115678802,-5.370839612991885,0.7899234683446776
JYOTICNC,2026-06-24,2026-06-25,0.8043051902601699,0.7393059361143761,-1.2692771859976082,-2.286771377525243
JYOTICNC,2026-07-10,2026-07-13,0.7199996383101852,-0.6596381796910133,-1.1724580902023884,0.0698352868381047
JYOTICNC,2026-07-15,2026-07-16,0.6012461829230729,-0.71276597709794,-1.56097412109375,-1.0291459711830653
JYOTICNC,2026-07-16,2026-07-17,0.08510561783386043,-3.0396811317839,-3.3796870867026874,-2.6603709304522494
JYOTICNC,2026-08-18,2026-08-19,0.7871371154039897,5.69615622453965,-1.9727831760095627,2.3084386488634534
JYOTICNC,2026-08-19,2026-08-20,0.7678214043313827,-0.20884081237748653,-1.1849658046417022,-0.026315789473685403
JYOTICNC,2026-08-21,2026-08-24,0.9273549808442391,1.8668126249886674,-0.32258187570879393,-1.1246746156428955
JYOTICNC,2026-08-24,2026-08-25,0.3055555555555556,-1.676095329802596,-1.8768768768768762,1.5812292782453552
JYOTICNC,2026-08-25,2026-08-26,0.43117796982450435,-1.3989101333142684,-1.7029057486500632,2.225810048913157
JYOTICNC,2026-08-26,2026-08-27,0.7962472366446689,0.055776796372564164,-0.74487657324952,1.2394901158230054
JYOTICNC,2026-08-27,2026-08-28,0.6603190104166666,0.42895989022999625,-1.0283470612085566,0.9273242758190525
JYOTICNC,2026-08-28,2026-08-31,0.7429006742147086,-0.6027025455076718,-0.8206083574367806,-3.4966040536342113
JYOTICNC,2026-09-08,2026-09-09,0.5334042779890479,-1.5229243883753685,-2.0446734583038584,-2.0511103053196145
KALYANKJIL,2026-06-30,2026-07-01,0.6883123574442149,-0.6388298129671011,-1.226050521831079,-1.122872011370768
KALYANKJIL,2026-07-09,2026-07-10,0.928724156307438,11.466937993094838,-1.1160714285714302,5.7709277989055785
KALYANKJIL,2026-07-10,2026-07-13,0.806149700984804,5.754707244244051,-1.4997931509185158,8.8260312468319
KALYANKJIL,2026-07-13,2026-07-14,0.6621618081148586,5.111595589298967,-3.9951174172227266,2.9808671175962864
KALYANKJIL,2026-07-14,2026-07-15,0.8104693976031045,-0.8997173028216676,-0.9813084112149539,1.9850141546699396
KALYANKJIL,2026-07-15,2026-07-16,0.9113142712087756,1.9388990721044497,-0.5263202203380168,0.6439742410303539
KALYANKJIL,2026-07-16,2026-07-17,0.6103891986154781,-1.2920920649136303,-1.619870481547192,5.495520705953605
KALYANKJIL,2026-07-17,2026-07-20,0.914483432112069,2.8693912822914003,-0.5367923092532423,-0.5148812538929293
KALYANKJIL,2026-07-21,2026-07-22,0.8540856724194847,-0.5836617776916131,-0.645716745587599,3.164831219515496
KALYANKJIL,2026-07-22,2026-07-23,0.7882343367034313,2.132467338030053,-0.8977596698358292,-1.931920760162098
KALYANKJIL,2026-07-28,2026-07-29,0.9423907736073369,0.5520529554779996,-0.4337192167041759,2.756487536622587
KALYANKJIL,2026-07-29,2026-07-30,0.7593677392947862,2.368676354062349,-0.9610897280247666,0.12678094975733245
KALYANKJIL,2026-07-30,2026-07-31,0.344747916724729,-0.5131952682106533,-2.2112699516393164,-3.226307795148342
KARURVYSYA,2026-07-21,2026-07-22,0.8569400654095967,8.354224968905498,-1.4622899149546176,-1.270631232937769
KARURVYSYA,2026-07-22,2026-07-23,0.197247256916155,-2.2838643318677576,-2.5150905873840057,-0.014800505619227966
KARURVYSYA,2026-08-03,2026-08-04,0.6021519843014747,-0.44030717051698476,-1.0517287714150059,-2.247344935663209
KAYNES,2026-08-24,2026-08-25,0.0,-2.3562100758859894,-3.1108880743818568,2.0482240082966063
KAYNES,2026-08-25,2026-08-26,0.6857142857142857,-1.1878917510341536,-1.513824596521962,2.17165319695658
KAYNES,2026-08-26,2026-08-27,0.5225127905872134,0.3863455150122208,-2.086012394202663,-0.029849531638681537
KEI,2026-06-15,2026-06-16,0.46396396396396394,0.6545634185500804,-1.077898550724643,-1.3630957826365364
KEI,2026-06-17,2026-06-18,0.8876190476190476,1.7286754632634072,-0.520007050943061,-0.4596481923450857
KEI,2026-08-17,2026-08-18,0.965,0.1161743109022284,-0.11904761904761862,-1.416607514569379
KFINTECH,2026-08-17,2026-08-18,0.8545620353441679,0.7187728457840992,-0.8205481772726508,-1.935486371127737
KFINTECH,2026-08-21,2026-08-24,0.6848789612710211,-0.6040069066048814,-1.2494986002628994,-1.4229087968909648
KIRLOSENG,2026-06-23,2026-06-24,0.2560384357142797,4.27400411842096,-7.926474178538601,4.54712269317934
KIRLOSENG,2026-07-13,2026-07-14,0.10657862613075658,-3.153034222738682,-5.279939690051516,-2.431870451847651
KOTAKBANK,2026-08-26,2026-08-27,0.9544073286657244,2.1248467531876036,-0.17966222974453716,2.2406983698517458
KOTAKBANK,2026-08-27,2026-08-28,0.7244097137117522,1.1114030524386642,-0.8183305822085929,0.1418118872276386
KPRMILL,2026-06-24,2026-06-25,0.4193464883008794,0.3051261763387103,-8.661922700758995,-2.7311656396713624
LALPATHLAB,2026-07-07,2026-07-08,0.41784136214369905,-1.5402164389199502,-2.165305656104477,-1.4278914387665043
LALPATHLAB,2026-07-13,2026-07-14,0.8030530623807252,-0.08629868203003932,-0.7422338558148778,0.8023102114899094
LAURUSLABS,2026-06-23,2026-06-24,0.9019607843137255,2.2645274667605797,-0.3364737550471064,-2.0080895436741963
LAURUSLABS,2026-06-29,2026-06-30,0.6194591019107323,0.0158042274314818,-2.0180187649628256,1.450830644554446
LAURUSLABS,2026-07-03,2026-07-06,0.6151529947916666,0.22380898604019706,-0.8167171171623799,-0.9652775751312515
LAURUSLABS,2026-07-13,2026-07-14,0.8312645015114891,-0.26715454330037414,-0.4343968776077123,0.24407005576627672
LAURUSLABS,2026-07-21,2026-07-22,0.8399065354386461,0.3909573659114818,-0.43122458092256233,-0.6044563582094375
LAURUSLABS,2026-07-24,2026-07-27,0.8402894241867699,-0.42911026999115087,-0.5465868837344678,5.098280098280106
LAURUSLABS,2026-07-27,2026-07-28,0.8202728177336726,5.892897278456344,-1.2164874941445691,2.511682242990654
LAURUSLABS,2026-07-28,2026-07-29,0.9429102615404675,0.9022356888984007,-0.17593505028021816,0.9349501101247437
LAURUSLABS,2026-07-29,2026-07-30,0.6192664018075376,0.5923870335115211,-0.9232980344025199,-0.20728017769607865
LAURUSLABS,2026-07-31,2026-08-03,0.7499992664039414,0.459397742679335,-0.5693651895909202,-0.3301419566082875
LAURUSLABS,2026-08-03,2026-08-04,0.4532523502221825,-1.3255169120473975,-1.4633097807515538,2.102763677496955
LAURUSLABS,2026-08-04,2026-08-05,1.0,0.13577604341379335,0.0,-0.8376114563631409
LAURUSLABS,2026-08-10,2026-08-11,0.5578934518914473,-0.6368553451704506,-0.8980141324375412,0.5139302136867752
LAURUSLABS,2026-08-26,2026-08-27,0.7237153524964707,0.43928082685347203,-0.595272008505765,2.084657376405419
LAURUSLABS,2026-08-27,2026-08-28,0.9883725606625866,1.1326434144393271,-0.031086817924219634,0.5029008153420778
LAURUSLABS,2026-08-31,2026-09-01,0.6640314584514433,-1.7037587404735377,-1.7444843509492047,-1.6223681472290585
LENSKART,2026-07-03,2026-07-06,0.20286384361024923,-0.506843475916241,-3.0380228917916807,0.14010835365272367
LENSKART,2026-07-09,2026-07-10,0.49104514050839554,-1.17630872682698,-3.028417014736906,-2.1582733812949617
LENSKART,2026-07-27,2026-07-28,0.8383227405130604,1.0931134734851522,-0.4698124499184053,-2.6135702538124805
LENSKART,2026-08-10,2026-08-11,0.7741324296682425,1.3086403980533845,-0.9881715516786294,0.27230032123439774
LENSKART,2026-08-13,2026-08-14,0.1302460662783734,0.09781696962158914,-4.793043657050866,2.2556390977443552
LENSKART,2026-08-18,2026-08-19,0.6500764089628635,-0.26738273243419597,-1.8124961853027366,1.6205832183388669
LENSKART,2026-08-19,2026-08-20,0.7545853386753124,-0.5597052882559739,-0.8295273307749595,1.8851860999321124
LENSKART,2026-08-20,2026-08-21,0.83726883594561,1.0221356816978888,-0.4712017793060075,0.49407115541371116
LENSKART,2026-08-21,2026-08-24,0.9166679029116749,0.031836541584273625,-0.3615491749082045,-1.592544467359125
LENSKART,2026-08-24,2026-08-25,0.45366752602828825,-1.1045987098923016,-2.099721605792426,0.16798299795452998
LENSKART,2026-09-04,2026-09-07,0.5550578256671348,-0.023100242410389882,-1.4248652206160006,0.04358387306246936
LENSKART,2026-09-10,2026-09-11,0.2243351125551172,-1.1108431385869255,-1.449895125377576,-1.5949751714301241
LGEINDIA,2026-08-14,2026-08-17,0.9488407221177594,8.04108466905118,-0.36864377075418453,-4.028165215907631
LGEINDIA,2026-08-17,2026-08-18,0.09803919098519158,-4.423507768644097,-4.980058371171648,-0.5851451684617537
LICI,2026-07-10,2026-07-13,0.664770875092758,-0.01230095242827911,-0.6614377145810146,0.6849315068493178
LLOYDSME,2026-07-27,2026-07-28,0.7972479304042431,2.814135701699838,-1.0849276183572676,-1.6742643159606274
LLOYDSME,2026-07-29,2026-07-30,0.7908969991213722,0.20101011037718663,-0.711517481697721,-0.7535484950824123
LLOYDSME,2026-07-31,2026-08-03,0.37573633970332176,-1.4125885576955488,-2.523809523809528,-0.08769269017430137
LLOYDSME,2026-08-10,2026-08-11,0.2057213225488919,-3.190330925517404,-3.397644761029417,-3.582526642141992
LODHA,2026-07-01,2026-07-02,0.9313728276788507,1.5805732441669162,-0.28137753609330796,0.6401304753154147
LODHA,2026-07-02,2026-07-03,0.6425547498337718,0.612407452579844,-0.8279088883335839,4.118050690716402
LODHA,2026-07-03,2026-07-06,0.8936170212765957,3.6606858703058354,-0.47080979284369606,3.1629458760736417
LODHA,2026-07-06,2026-07-07,0.9435498359679368,2.6786991983643427,-0.25483998200109825,0.5571262626651086
LODHA,2026-07-07,2026-07-08,0.7640223833345693,-0.14883280626490913,-0.4559341701990349,1.9286997793361627
LODHA,2026-07-08,2026-07-09,0.42589892929406475,0.17625848415177003,-3.454547568317101,8.647550237073842
LODHA,2026-07-09,2026-07-10,0.7639832577462924,2.7029376420118156,-2.2827848840932363,3.204127758914499
LODHA,2026-07-28,2026-07-29,0.8298355547862212,7.2846228191324025,-1.1394712641908833,1.0272113922952242
LODHA,2026-07-29,2026-07-30,0.5887849647127791,-0.5012954694165628,-2.126471365051008,-0.7656753498941904
LTF,2026-06-30,2026-07-01,0.9128920231125365,0.4561378694654561,-0.4006410256410242,-0.2548543512340906
LTF,2026-07-01,2026-07-02,0.4960663600494048,-0.2742657842099372,-1.0129730140171267,0.3344442593225194
LTF,2026-07-03,2026-07-06,0.8222222222222222,2.9661817494804454,-0.6079027355623046,2.0330791853163
LTF,2026-07-06,2026-07-07,0.9377794053819445,1.4985879428134785,-0.20814205021144616,-0.5506789808882528
LTF,2026-07-07,2026-07-08,0.4093977601363253,-1.1188410200447252,-1.2994665732933397,-4.024393965558303
LTFOODS,2026-08-24,2026-08-25,0.49762267605763183,4.511766112230631,-6.460161283561727,-2.5433032116388365
LTFOODS,2026-09-08,2026-09-09,0.416666923548797,-1.3104412577634617,-2.4742905087845157,-0.253442181043384
LTM,2026-07-28,2026-07-29,0.48978376603729856,1.7262488344162996,-1.764462240018294,-0.5886089149479745
LTM,2026-07-29,2026-07-30,0.47843687843687843,0.3213562618806787,-1.4549867354612278,-0.2605007333539189
LTM,2026-07-30,2026-07-31,0.19395226166473187,-1.5306732304664172,-1.7106754072540142,1.2017793498358742
LTM,2026-08-03,2026-08-04,0.9090639542186765,3.2745361488611513,-0.6440111637290746,-2.7931769722814526
LTM,2026-08-10,2026-08-11,0.9598960112654462,1.075001637848949,-0.09792685212068886,0.9995835068721259
LTM,2026-08-11,2026-08-12,1.0,0.5452517946689328,0.0,-1.3853779735711336
LUPIN,2026-06-30,2026-07-01,0.6093184632279912,-0.8050618533132714,-0.8931517695843882,-1.309182743026971
LUPIN,2026-07-03,2026-07-06,0.9318800183604637,0.8300601828049814,-0.201531640467556,-0.052214989261367695
LUPIN,2026-07-06,2026-07-07,0.5737704918032787,-0.07238705078997931,-0.5190449370406469,-0.3961545555722257
M&M,2026-07-28,2026-07-29,0.7846888275400185,0.15154844766553932,-0.41099644414046566,-1.8342459223606
M&M,2026-07-31,2026-08-03,0.7262516922479336,1.640878863871209,-1.6922186867225908,-0.9075116284320783
M&M,2026-08-05,2026-08-06,0.401572494797599,-0.7731931297696226,-0.8721138923213689,-1.2152296624176384
M&M,2026-08-07,2026-08-10,0.9717907796365433,-0.035083320418083375,-0.0827385210576459,0.2851439977188397
M&M,2026-08-10,2026-08-11,0.5954000538793104,-0.15399626043388626,-0.49793745176209825,-1.4160336908214832
M&MFIN,2026-07-06,2026-07-07,0.37184055068229344,-1.6534913375470528,-2.5550696643263593,0.5740162829257933
M&MFIN,2026-07-10,2026-07-13,0.2848849381664626,-0.3952320326369163,-1.7723325350099017,0.4829478305068635
M&MFIN,2026-07-21,2026-07-22,0.698394677623129,0.3197287635355428,-3.622587850271175,4.346026563261707
M&MFIN,2026-07-22,2026-07-23,0.7286321470165147,3.6552756593025038,-1.6514970360248737,-0.4305721413443431
M&MFIN,2026-07-29,2026-07-30,0.912959401595886,1.8962405139452354,-0.5681818181818232,0.21675535298872894
M&MFIN,2026-07-30,2026-07-31,0.3811866229951948,-1.3643932376077417,-1.5672016527855548,-2.514534217862352
M&MFIN,2026-08-03,2026-08-04,0.8041475756118284,0.6190990186226042,-1.0372178157413092,-0.7645113967220896
M&MFIN,2026-08-10,2026-08-11,0.8649993896484347,0.12171911472989017,-0.6506053510918819,-2.9129747892735147
MAHABANK,2026-06-10,2026-06-11,0.46107633971401163,-0.5801847673492566,-1.0578296973548063,-0.8946677604892539
MAHABANK,2026-06-12,2026-06-15,0.9189875129168397,2.098816183451846,-0.36521306185042235,0.21437712658727293
MAHABANK,2026-06-15,2026-06-16,0.31010484454085324,1.2059083184627228,-2.173431131397352,-1.792873669974837
MAHABANK,2026-06-29,2026-06-30,0.8999997652493991,2.393734850477802,-0.687832302517366,-2.258859359415133
MANAPPURAM,2026-07-03,2026-07-06,0.1843600182764241,-1.3094039440918137,-2.1758532914958995,6.050908959656143
MANAPPURAM,2026-07-06,2026-07-07,0.927125946261841,2.6462341358826302,-0.5173865549144896,-0.7540532708773307
MANAPPURAM,2026-07-21,2026-07-22,0.890282215631876,1.1560693641618602,-0.4950495049504955,-0.02844314612616694
MANAPPURAM,2026-07-23,2026-07-24,0.4879529368508135,-1.1008111892533368,-1.1914773912408139,1.905588562785554
MANAPPURAM,2026-07-27,2026-07-28,0.7591251932406966,0.38118735972085815,-0.45642984688364363,0.4997189705630012
MANAPPURAM,2026-07-29,2026-07-30,0.8253272315848101,1.4623833714305645,-0.5374177167274952,-0.4728451691812574
MANAPPURAM,2026-07-30,2026-07-31,0.11111088277120318,-1.513522767805764,-3.4595681068703033,1.169913876576989
MANKIND,2026-07-15,2026-07-16,0.11121418777349884,-1.6155576063597077,-3.633948554139821,-0.1920852456518629
MAPMYINDIA,2026-07-14,2026-07-15,0.10008531469110699,-3.691720019437905,-4.306175482806706,-0.3900763693820197
MAPMYINDIA,2026-07-29,2026-07-30,0.2639751552795031,-3.03197247228979,-4.847220614668746,0.7701523351040018
MARICO,2026-07-28,2026-07-29,0.8950089819415701,1.2506591466630024,-0.34412589811309013,-0.9040569306456026
MARUTI,2026-06-30,2026-07-01,0.8755426917510853,0.9181297650570297,-0.6055911555524207,1.487591652566267
MARUTI,2026-07-01,2026-07-02,0.6784968684759917,0.8617920187107719,-1.0584919925768044,-0.8019911504424826
MAXHEALTH,2026-06-19,2026-06-22,0.6617339644164116,-0.5747072963839028,-0.7254590795737981,-0.18230708818949282
MAXHEALTH,2026-06-29,2026-06-30,0.7809876078947523,0.3841972060440568,-0.7851575138858924,-1.5260518857641125
MAXHEALTH,2026-07-06,2026-07-07,0.06349262735017341,-2.8564076170869757,-3.031083455266026,-1.7452665339907414
MAZDOCK,2026-08-26,2026-08-27,0.5891474335317366,-0.37226428829315594,-1.19693045180993,-1.5782468149838413
MCX,2026-08-21,2026-08-24,0.6675071182146349,1.1475257961241603,-0.8220683548156971,2.1345766750132444
MCX,2026-08-24,2026-08-25,0.8020074801579788,1.2561933242616785,-0.659633142656213,-0.155249383721634
MCX,2026-08-25,2026-08-26,0.4724264210894795,-0.7909037151794029,-0.8674086981417028,1.5459230069718055
MCX,2026-08-26,2026-08-27,0.9552372230467102,0.7445033555470548,-0.14903129657227732,-1.8001800180017957
MCX,2026-08-31,2026-09-01,1.0,0.6271438760984127,0.0,-1.6671628460851462
MEESHO,2026-08-20,2026-08-21,0.9660190322201733,4.23382811285371,-0.23333594912575695,-2.3094775121899502
MEESHO,2026-08-24,2026-08-25,0.3201802043447194,-3.2893723782702944,-3.564536463591672,-0.33578394226537744
MEESHO,2026-09-02,2026-09-03,0.7486638346761602,-0.9888192814931696,-1.0983832102110735,-1.5351340772730149
MEESHO,2026-09-03,2026-09-04,0.3180726834182726,-2.4554681675189816,-2.6276641428506053,0.12397220356787919
MEESHO,2026-09-04,2026-09-07,0.1284096012428973,-3.453943872943943,-3.5399447241259208,0.3818630318653149
MEESHO,2026-09-09,2026-09-10,0.8423908198488633,-0.4837359427304344,-0.5324537128704399,0.8333347461841667
MEESHO,2026-09-10,2026-09-11,0.657735047421153,-0.47467470705879755,-1.2731050847467174,1.6821082357227013
MOTHERSON,2026-06-15,2026-06-16,0.5315777638574343,-0.01147501939634532,-1.1874575395420472,-0.35779299387465047
MOTHERSON,2026-08-03,2026-08-04,1.0,1.206566063958614,0.0,-2.549207503089912
MOTHERSON,2026-08-04,2026-08-05,0.35325419566107247,-3.0715685805152937,-3.124395502499433,1.6329828577491323
MOTHERSON,2026-08-06,2026-08-07,0.5313474600593131,-1.3818937762579364,-1.892528254449255,8.172302354998152
MOTHERSON,2026-08-07,2026-08-10,0.9111413111498636,6.121707521266573,-0.7656083795013591,-1.1823497099034963
MOTHERSON,2026-08-10,2026-08-11,0.17148811137663386,-1.5581676576266301,-2.3313921551371686,0.2843913562096345
MOTHERSON,2026-08-19,2026-08-20,0.24747324899912532,-1.4867561690773856,-1.7198654774903566,-0.9751814125228075
MOTILALOFS,2026-08-26,2026-08-27,0.7693304535637155,1.4634616997169614,-0.8390587736869071,0.14952744052878497
MOTILALOFS,2026-09-07,2026-09-08,0.8581809303977272,-0.30852385744589705,-0.368309030516889,0.04757373929591413
MPHASIS,2026-08-07,2026-08-10,0.7524216988421047,-0.8580286970942264,-0.9207365892714203,0.7998031253845239
MPHASIS,2026-08-11,2026-08-12,0.7446799914579738,-0.05109841876532739,-0.4250648858853068,0.06309533344834861
MPHASIS,2026-08-14,2026-08-17,0.7871212319733061,-0.3408772743915156,-0.4654035276407176,-0.9510317954109171
MPHASIS,2026-09-01,2026-09-02,0.8490076380901825,-0.45380438094040354,-0.6936187078874334,-0.22128344397505106
MRPL,2026-07-22,2026-07-23,0.10393748468115216,-2.8557549752803113,-3.1549776816421793,0.5324588665304164
MRPL,2026-07-23,2026-07-24,0.2328616780346552,-2.9250801751517286,-3.8524606840206643,-3.597818428565036
MRPL,2026-08-11,2026-08-12,0.9146788830287992,2.2341476136674254,-1.0163937761483943,-3.1145750881347856
MRPL,2026-09-09,2026-09-10,0.8166667956660609,1.9736038869389683,-1.3530128375708217,-1.936174521601064
NAM-INDIA,2026-07-01,2026-07-02,0.9070299805960689,-0.29750540312984963,-0.341522331190125,1.0158160842526964
NAM-INDIA,2026-07-02,2026-07-03,0.5166655040922619,0.5551129128928523,-1.645727509373729,-0.4173807581666189
NAM-INDIA,2026-08-20,2026-08-21,0.2544250536083699,0.6870409855484594,-2.6615031173145676,1.4516279919279729
NAUKRI,2026-07-28,2026-07-29,0.6993582083540327,0.5312647562402573,-1.3093308670105608,-0.1759988125475398
NAUKRI,2026-07-29,2026-07-30,0.3370063361220472,-0.8708859247703482,-1.658920988503032,-0.698435477248327
NAUKRI,2026-08-04,2026-08-05,0.3306779496157961,-1.195419720910229,-1.3157932476227985,-2.3661643081215544
NAUKRI,2026-08-10,2026-08-11,0.7330099196864889,-0.17827168192152687,-1.2706969580284944,5.067983185154268
NAUKRI,2026-08-11,2026-08-12,0.6896897655248595,4.215158324664725,-2.2286125089863384,-1.832844574780057
NAVINFLUOR,2026-08-26,2026-08-27,0.8282051282051283,0.7034405537099886,-0.7772621809744806,0.17545911802550052
NAVINFLUOR,2026-08-31,2026-09-01,0.7881773399014779,0.08508183719087015,-0.7379862700228834,-0.38066674356903585
NAVINFLUOR,2026-09-09,2026-09-10,0.3026052104208417,-0.2531323278512465,-1.9442426951226333,-0.16637980493402482
NBCC,2026-06-15,2026-06-16,0.472222884496687,-0.8392574720867962,-1.3960292812357444,1.5260066725787835
NBCC,2026-06-16,2026-06-17,0.7067669388586241,-0.25990351074417495,-0.709605888182463,3.0693345874523548
NBCC,2026-06-17,2026-06-18,0.9155261759813209,2.1366997894302076,-0.3268508190478969,-2.956757293276724
NBCC,2026-06-18,2026-06-19,0.12101906701072106,-3.178450068199712,-3.62236359828918,1.73041333668158
NESTLEIND,2026-07-22,2026-07-23,0.7071424211774554,0.34902970535155564,-1.0860943320571192,-3.3279903779488973
NESTLEIND,2026-07-30,2026-07-31,0.6657294220515371,-0.17586548154393533,-0.7764599114986281,-1.120061317406329
NESTLEIND,2026-08-07,2026-08-10,0.6060606060606061,-0.23189764305847627,-0.8370895041854509,-0.6628589107438243
NETWEB,2026-06-17,2026-06-18,0.3271276595744681,-1.5696943279573938,-2.510917030567683,4.121015896489166
NETWEB,2026-06-18,2026-06-19,0.6134935461956522,0.3241059027263571,-2.4747989314341967,-0.440960313571781
NETWEB,2026-06-19,2026-06-22,0.24494805090206184,-3.3172449675640148,-3.4916113206760135,-0.07624442509774898
NETWEB,2026-08-13,2026-08-14,0.9441176470588235,1.3810006017112242,-0.36538461538461187,-3.769230769230769
NETWEB,2026-08-14,2026-08-17,0.057257398062349446,-4.186754777793711,-4.9686810530935706,3.97035274882771
NETWEB,2026-08-18,2026-08-19,0.8619898258689265,1.1171132381365245,-0.776441759357982,-4.873331043946594
NETWEB,2026-08-20,2026-08-21,0.9156623539020783,-0.06604914115936333,-0.5523055137821031,3.2924023143182657
NETWEB,2026-08-21,2026-08-24,0.7655659133563928,2.2612236595659585,-1.3004829637609405,-2.5460067893514404
NETWEB,2026-08-24,2026-08-25,0.11372064276885044,-4.360270478678563,-6.167211422673313,-1.4113317837939898
NEULANDLAB,2026-08-06,2026-08-07,0.3644295302013423,6.651181131013439,-4.210760337927965,5.531698757907377
NEULANDLAB,2026-08-07,2026-08-10,0.660347551342812,1.117356746724374,-2.74468085106383,-2.8936801675977675
NEULANDLAB,2026-08-14,2026-08-17,0.46774193548387094,-1.2596591510532273,-1.3953488372092981,1.5057915057915094
NEULANDLAB,2026-08-17,2026-08-18,0.7912844036697247,-0.45123221103782196,-0.7633267625718254,-0.9830091945256525
NIACL,2026-09-04,2026-09-07,0.8817942889443404,12.239311440224743,-1.9113425228060033,-1.7486837182281167
NIACL,2026-09-07,2026-09-08,0.3767083745601322,-1.851721999122946,-4.699096813051651,-11.277057598163553
NUVAMA,2026-07-10,2026-07-13,0.677354567248887,0.6527452551023716,-0.8075425580701956,-1.2921726901250485
NUVAMA,2026-07-24,2026-07-27,0.4071772950941896,-1.1762662296191717,-4.157794018105642,-2.5763286119358964
NYKAA,2026-06-30,2026-07-01,0.8201764131118577,-0.14415216780805373,-0.6551575049397185,-0.5961031310238063
NYKAA,2026-07-02,2026-07-03,0.882757778825431,-0.14770947913906873,-0.2699717602152929,-2.3828435266084247
NYKAA,2026-07-03,2026-07-06,0.41592803245129334,-1.9354610850282783,-2.082677889123441,-0.11160908695904137
NYKAA,2026-07-06,2026-07-07,0.2840913031717518,-1.5650664198629705,-1.9699774963866545,-0.20638970911841525
NYKAA,2026-07-08,2026-07-09,0.4344581017846489,-1.073113375135759,-2.3195046983006895,1.5583605749992957
NYKAA,2026-07-10,2026-07-13,0.8650787884072293,0.7848185539592434,-0.25683821488542424,-0.060775509973198805
NYKAA,2026-07-22,2026-07-23,0.1641786965789905,-2.160127525837341,-2.507460864622202,-0.030639125424536395
NYKAA,2026-07-31,2026-08-03,0.3381297807129245,-0.9727500121825439,-1.3609485513359831,3.37179685472746
NYKAA,2026-08-03,2026-08-04,1.0,1.5337495647456345,0.0,0.7649326714337823
OBEROIRLTY,2026-07-03,2026-07-06,0.8756279865784162,2.698548385517041,-0.5091819248798313,-0.7078126116942141
OBEROIRLTY,2026-07-06,2026-07-07,0.1845393745490854,-0.03180746182138705,-1.646440339048283,-2.828890326181399
OFSS,2026-07-01,2026-07-02,0.5396551724137931,-2.22564247959659,-2.3989218328840933,-0.7229351165732867
OFSS,2026-07-02,2026-07-03,0.10526315789473684,-1.7848761582920925,-2.5631929046563195,1.590744757772966
OFSS,2026-07-06,2026-07-07,0.08832807570977919,-2.3324727545885993,-2.5440140845070403,-0.34949368222959576
OFSS,2026-07-10,2026-07-13,0.9220183486238532,2.05136290379091,-0.2909713307659434,1.1539786427833265
OFSS,2026-07-13,2026-07-14,0.48166259168704156,0.02192716349787016,-1.772871717678537,-0.3672702425691843
OFSS,2026-08-05,2026-08-06,0.8191489361702128,0.04700737441480918,-0.431837425910242,-0.28042148198504924
OFSS,2026-08-06,2026-08-07,0.36328125,-1.1294079981127303,-1.3699781475878248,1.1568123393316254
OFSS,2026-08-28,2026-08-31,0.7869674185463659,0.5750682738876245,-0.6924643584521384,2.820596917021967
OFSS,2026-08-31,2026-09-01,1.0,1.650606438277058,0.0,-0.4817899722358354
OIL,2026-08-10,2026-08-11,0.3225803628854058,-1.8837016444797405,-2.0434667439906296,1.9618509755106706
OIL,2026-08-11,2026-08-12,0.4203821243355444,1.2022800233781217,-2.8202466728273534,0.021192223947674727
OIL,2026-08-18,2026-08-19,0.21176326976102272,-1.2170552197689144,-1.375207725607408,-2.254010285014574
OIL,2026-08-31,2026-09-01,0.18795151308358435,-1.324661219573664,-3.3700012207031227,1.1874032008260205
OIL,2026-09-09,2026-09-10,0.3314622730467943,-0.9639565275876727,-1.1784475661279048,-0.6355535664411716
OLAELEC,2026-06-30,2026-07-01,0.7355550130208334,-2.1521642986568112,-2.647391370874874,2.1150790979234557
OLECTRA,2026-06-18,2026-06-19,0.9333331133868243,3.331152963533923,-0.5089425319162677,5.8245012926061435
OLECTRA,2026-06-19,2026-06-22,0.855277363379397,4.039640095815633,-0.9382877957840874,-0.9007864770316565
OLECTRA,2026-06-22,2026-06-23,0.36673650785388007,-1.2431165580765402,-1.912555397981519,-1.406046282132889
PAGEIND,2026-06-24,2026-06-25,0.8996865203761756,0.4980040508917982,-0.3898160555487862,0.9615384615384581
PAGEIND,2026-07-01,2026-07-02,0.8496932515337423,3.5509720221230223,-0.5586592178770999,-1.2987012987012991
PARADEEP,2026-08-25,2026-08-26,0.9010203144243779,3.5435671928553347,-0.6039857931748216,1.795290434911645
PARADEEP,2026-08-28,2026-08-31,0.6812034491778602,-0.4434900109952511,-1.26190185546875,-3.40119913268353
PAYTM,2026-07-07,2026-07-08,0.8837209302325582,0.6413645956839131,-0.3996802557953649,-1.1872992053746034
PAYTM,2026-07-09,2026-07-10,0.818182964599538,0.22466827066986994,-0.691981371054029,5.099091418973978
PAYTM,2026-07-10,2026-07-13,0.8091014890956362,4.987377365575196,-1.2656329044793968,4.274661968122695
PAYTM,2026-07-13,2026-07-14,0.8417994114405887,1.515966891078091,-0.7800217706903867,0.21764364095069322
PAYTM,2026-07-15,2026-07-16,0.2830885570353084,-2.5909541957033766,-2.771855010660984,-1.867341342037676
PAYTM,2026-08-03,2026-08-04,0.7038627677493209,1.4890805735863877,-1.9198647784261613,-2.2141476743034016
PAYTM,2026-08-06,2026-08-07,0.5454545454545454,-0.5664677306468247,-1.1990407673860948,0.8393956494775257
PAYTM,2026-08-10,2026-08-11,0.9061887660321661,7.997182677631898,-0.9008460690686615,0.11306782650970515
PAYTM,2026-08-11,2026-08-12,0.27586147517459103,-0.7963030532744386,-2.817249378278097,0.8266502234617557
PAYTM,2026-08-13,2026-08-14,1.0,0.08497517552901179,0.0,-2.5591135013507404
PAYTM,2026-08-25,2026-08-26,1.0,3.1281830053201842,0.0,0.4389815627743543
PAYTM,2026-08-26,2026-08-27,0.35573053874880584,-0.613347696905453,-0.9409483558666221,-2.4064184972423797
PAYTM,2026-09-09,2026-09-10,0.9106277771716856,0.6053235887576225,-0.4207188760786851,-0.5262527988121657
PERSISTENT,2026-07-27,2026-07-28,0.3043921493902439,-1.0926556976312174,-1.3353273656241171,0.8096883679555855
PERSISTENT,2026-07-28,2026-07-29,0.5167410531822715,1.1591523111803337,-1.5702646900498607,-1.6390489913544637
PERSISTENT,2026-07-29,2026-07-30,0.1806186409883721,-1.069452290902695,-1.8912183809715488,0.6020030068083493
PERSISTENT,2026-07-30,2026-07-31,0.2016562424902333,-1.8202920749179397,-3.216914789180414,3.5724932592016367
PERSISTENT,2026-08-20,2026-08-21,0.813953488372093,0.48538122770502845,-0.5608131791097093,-0.369165860947529
PERSISTENT,2026-08-28,2026-08-31,0.8497854077253219,2.109539638054292,-0.5922165820642977,-4.41653852725098
PGEL,2026-07-07,2026-07-08,0.36015935472144855,0.2125968219715224,-2.6745205069911737,-1.6344682782025277
PGEL,2026-07-13,2026-07-14,0.6556669036852301,-0.2715647019841838,-1.9741713386485893,2.0508433196504194
PGEL,2026-07-16,2026-07-17,0.6737015657109112,1.2056852848014499,-1.5927080495988455,-1.6472478907191612
PGEL,2026-08-07,2026-08-10,0.6795183664344879,-0.788543540941522,-2.0653758119182686,-1.4111343335666549
PHOENIXLTD,2026-07-03,2026-07-06,0.7479519422466474,0.5931118036890837,-0.5971128375615531,1.6459959675608982
PHOENIXLTD,2026-07-06,2026-07-07,0.8613641912286932,1.7196723629979038,-0.576012803204673,-2.2148916116870865
PHOENIXLTD,2026-07-07,2026-07-08,0.2417307304042616,-2.512926507394553,-2.791954601531088,-1.7357880108634038
PHOENIXLTD,2026-07-10,2026-07-13,0.8622088550045464,-0.3017446021430392,-0.46999058428338625,0.8383636141181094
PHOENIXLTD,2026-07-13,2026-07-14,0.8116248348745047,-0.2660036254280018,-0.4344967536314748,-1.4594423585289285
PIDILITIND,2026-06-15,2026-06-16,0.5650559982574286,0.5974679864895638,-0.739240003338093,-0.7015166096007497
PIDILITIND,2026-08-06,2026-08-07,0.9883713915650894,0.7574738918022517,-0.023720612444932954,-0.5868995413554345
PIDILITIND,2026-08-12,2026-08-13,1.0,0.3934298719480589,0.0,-0.05303620589643954
PINELABS,2026-08-27,2026-08-28,0.25434709055084154,-1.0573381037118024,-1.9815180899064422,-2.4992648772293347
PNB,2026-08-03,2026-08-04,0.18784353397403472,-0.8309987043291334,-1.2841803136429575,0.5823665596500494
PNB,2026-08-05,2026-08-06,0.13157937005091436,-1.2972163374048717,-1.4322864064186813,0.589638136526216
PNB,2026-08-12,2026-08-13,0.9100351638604216,2.615983551436951,-0.4351436343651982,-0.7679355798391296
PNBHOUSING,2026-08-20,2026-08-21,0.14634202821840317,-0.5313617646741209,-2.609776304888156,-0.6957956021955924
POLICYBZR,2026-08-11,2026-08-12,0.8914728682170543,3.015597365580036,-0.801373783629078,0.8993327531186646
POLICYBZR,2026-08-17,2026-08-18,0.12200884278647066,-2.000314191536867,-2.079559849658741,1.0936881361655049
POLICYBZR,2026-08-19,2026-08-20,0.7080410514252544,0.3244020680719606,-0.9284007554406726,-0.6919656481061631
POLICYBZR,2026-08-26,2026-08-27,0.4905382114110059,0.8730452421090273,-1.866666666666672,-0.41720585575053537
POLYCAB,2026-06-17,2026-06-18,0.8425806451612903,0.44863650829551904,-0.6107634543178975,-0.09046135289978441
POLYCAB,2026-06-19,2026-06-22,0.8719723183391004,0.18809487612865272,-0.3656126482213473,-0.7083415890628109
PPLPHARMA,2026-07-03,2026-07-06,0.7040354387280595,-0.4579150735482429,-1.8410058866152323,1.107018038375407
PPLPHARMA,2026-07-06,2026-07-07,0.6666672636455951,-1.258002937717262,-1.5714897735211397,-2.256979489459676
PPLPHARMA,2026-07-21,2026-07-22,0.9135805957657519,1.038760898033897,-0.5274749787141597,-3.6514974181872217
PPLPHARMA,2026-07-27,2026-07-28,0.9503787747538253,2.8551253056222192,-0.3062688640780409,0.8813951883804405
PPLPHARMA,2026-07-28,2026-07-29,0.8429859717108179,-0.089464797774097,-0.5296791126833233,0.8533715254195773
PPLPHARMA,2026-07-29,2026-07-30,0.31794804579982433,0.12673745322202556,-2.6467698130441586,1.3968387148074024
PPLPHARMA,2026-07-30,2026-07-31,0.4265010417374219,-2.616271270165016,-2.7390455041001904,-1.5201992458767188
PPLPHARMA,2026-08-05,2026-08-06,0.8403139635906091,0.8831800172468318,-0.5865390484149691,1.4617033325405648
PPLPHARMA,2026-08-06,2026-08-07,0.43607115572606003,-0.38269924743392636,-1.9724084767126393,1.3624540450425604
PPLPHARMA,2026-08-10,2026-08-11,0.4536311668118667,0.055204828493682356,-2.237985990685787,0.11222551785237123
PPLPHARMA,2026-08-21,2026-08-24,0.10080641853368008,-2.6970419440803584,-3.0359422866565344,-0.9234694988618175
PPLPHARMA,2026-09-08,2026-09-09,0.540657553630167,1.6648013310863075,-2.289482915655794,-3.6010606541562407
PRESTIGE,2026-07-01,2026-07-02,0.9279148053426396,2.316462350567061,-0.2883405626917135,1.8618786483685756
PRESTIGE,2026-07-02,2026-07-03,0.8205124861106039,2.1945472384053755,-0.49925850900817137,-0.9089317640533889
PRESTIGE,2026-07-03,2026-07-06,0.39530256013339354,-1.35503759065001,-1.8188253558192535,1.067932364283597
PRESTIGE,2026-07-06,2026-07-07,0.7093021880404157,-0.22809751818728685,-0.8728542333430345,-2.4144108895236216
PRESTIGE,2026-07-10,2026-07-13,0.9063199648393314,0.35362617647145544,-0.4766034354364068,1.12161461695377
PTCIL,2026-09-01,2026-09-02,0.8288288288288288,-0.6721164958275017,-0.8280671170189602,0.33127208480565606
PTCIL,2026-09-03,2026-09-04,0.8758620689655172,3.1396542093709012,-0.7499999999999951,0.5061155630535552
PTCIL,2026-09-04,2026-09-07,0.5874125874125874,-1.202321724709765,-1.222797927461139,0.18963337547408532
PWL,2026-06-19,2026-06-22,0.91539927056583,5.399568559235424,-0.7206472790675655,2.8785831262774675
PWL,2026-06-22,2026-06-23,0.46106583326949446,1.6456210140466832,-4.002430817320524,3.206604479742703
PWL,2026-07-02,2026-07-03,0.8317460932580242,0.9561825598051188,-0.7886886954847405,-2.321908848343257
PWL,2026-07-06,2026-07-07,0.9458736225276734,0.02073874586958624,-0.2951984475899394,8.58736286376045
PWL,2026-07-07,2026-07-08,0.7967607359615548,9.254464782579275,-2.547978932536399,0.8528236211941431
PWL,2026-07-08,2026-07-09,0.11365212904099044,-4.427556884874074,-8.022325706394973,5.841924398625431
RADICO,2026-06-19,2026-06-22,0.9043472953464674,0.4135933764077837,-0.23292876728758793,-0.46063172535568686
RADICO,2026-06-22,2026-06-23,0.5830834762405266,-0.48170745909809076,-0.725128838991429,-1.3311400037612886
RADICO,2026-06-29,2026-06-30,0.706841627653556,0.3802197014860731,-0.9630663253462846,1.8984106232746711
RADICO,2026-06-30,2026-07-01,0.7512564869075905,0.2879106122913422,-0.7471310006209819,-0.0683410839913079
RADICO,2026-07-06,2026-07-07,0.8704029154853834,2.507809271870487,-0.7324100722141624,-0.96735187424426
RADICO,2026-07-07,2026-07-08,0.2634050011950967,-1.4211009815257691,-1.5185667258686308,-0.7883187918187318
RADICO,2026-07-20,2026-07-21,0.42285621279761904,-1.2004206877449297,-1.4452682484199841,-1.2463791704408256
RADICO,2026-07-28,2026-07-29,0.7765845627809789,1.603389747584405,-1.3862024066091938,0.9468822170900726
RADICO,2026-07-29,2026-07-30,0.5641293733016305,0.046887509292647955,-1.8006330335092025,-0.09831945852171176
RADICO,2026-07-30,2026-07-31,0.16688470634670538,-2.45002875929623,-2.8435343419452863,-0.44037145212155737
RADICO,2026-08-05,2026-08-06,0.7071226810123348,0.7334301008386612,-0.877934043574824,-2.2224187480514357
RADICO,2026-08-13,2026-08-14,1.0,1.342846671971465,0.0,-0.3151369798057302
RADICO,2026-08-18,2026-08-19,1.0,0.339907841834064,0.0,-0.28030652265833567
RBLBANK,2026-06-11,2026-06-12,0.4632364325864758,-1.539419972849898,-1.9923547801780628,0.6464941137594549
RBLBANK,2026-06-12,2026-06-15,0.825503231990559,-0.6468714837739475,-0.7056604742503692,0.2820652230943521
RBLBANK,2026-06-15,2026-06-16,0.6527768947437549,0.6367218191319024,-0.6664001174660372,-1.004150455863717
RBLBANK,2026-06-19,2026-06-22,0.9153235234037945,0.4838561470214664,-0.2763853145138162,-0.4875493593359814
RBLBANK,2026-09-04,2026-09-07,0.739131588569005,0.38679109638015685,-0.6474000164204297,-0.06020469596628164
RECLTD,2026-06-18,2026-06-19,0.44594680046738605,-0.8568236022577946,-1.68562252805321,-0.3506803078110132
RECLTD,2026-06-22,2026-06-23,0.9415588147285024,0.866095701117775,-0.24274953377866337,-2.3315347429877065
REDINGTON,2026-06-17,2026-06-18,0.44059841930745736,-1.2748782695737093,-2.346016426335251,7.175592015145926
REDINGTON,2026-06-18,2026-06-19,0.8791449438504421,6.158114378599455,-1.047911256393086,4.4609665427509215
REDINGTON,2026-06-19,2026-06-22,0.5574822421527161,1.649458736623055,-3.3395241943169007,-0.5546460586038138
REDINGTON,2026-08-11,2026-08-12,0.156777754214275,-2.1533575233360414,-2.729770152820643,-3.9548022598870025
REDINGTON,2026-08-24,2026-08-25,0.6927231568522312,-0.3337206686688132,-1.5372119409657548,-3.839298021207227
REDINGTON,2026-08-28,2026-08-31,0.32432432432432434,-1.7855672959335211,-3.302509907529727,-1.8787728987505248
REDINGTON,2026-09-07,2026-09-08,0.7068972321097419,-0.65511292672642,-0.8909837112429209,-0.8220647184674523
REDINGTON,2026-09-10,2026-09-11,0.5098041823022088,1.920496159475893,-2.7898326100433968,-0.7437241232437608
RKFORGE,2026-07-31,2026-08-03,0.8850575173433983,0.45123597733234266,-0.5346368089014675,3.9488625439849656
RKFORGE,2026-08-03,2026-08-04,0.9161750950836116,3.530312846023831,-0.518473452560031,0.0
RKFORGE,2026-08-04,2026-08-05,0.3843798428600003,0.08377855554808633,-2.8357753854544976,2.4326824503025923
RKFORGE,2026-08-06,2026-08-07,0.2330510885476204,-1.8288837502627664,-2.5187832174888403,5.293569106151197
RKFORGE,2026-08-07,2026-08-10,0.9397291331961982,0.603303061249405,-0.3360784920481863,0.8702768962471907
RKFORGE,2026-08-10,2026-08-11,0.22111277315636324,0.4852298462463267,-3.5756369080509165,1.2601045264066801
RKFORGE,2026-08-19,2026-08-20,0.15107964213184039,-2.3611461739069695,-3.0538271168114806,-0.40750721400550916
RRKABEL,2026-06-16,2026-06-17,0.23169617823008978,-2.2167468900789133,-3.363035305691364,-0.43254275651212204
RRKABEL,2026-06-18,2026-06-19,0.4903700086805556,0.055882234192528024,-2.909092973705074,1.9736842105263053
RRKABEL,2026-06-23,2026-06-24,0.2145688896937086,-0.7406123899510453,-2.4428444419412942,2.7185249718418847
RRKABEL,2026-06-24,2026-06-25,0.8771749642035189,-0.0671206275522418,-0.4897959183673417,1.8572265225506257
RRKABEL,2026-06-29,2026-06-30,0.520533901491415,-1.153245806348424,-1.8320891005050965,-4.573241412142714
RRKABEL,2026-07-28,2026-07-29,0.2336553282156673,-0.7709169961434892,-7.13874225788288,-1.9042123485285667
RRKABEL,2026-08-05,2026-08-06,0.8678678678678678,0.14790910313300376,-0.7815275310834813,-0.5432666902770333
RRKABEL,2026-08-11,2026-08-12,0.6990658768983645,-0.5752746453125068,-1.1318084770430614,-1.2775543808412393
RRKABEL,2026-08-18,2026-08-19,0.34285638875482627,-2.7020829020714454,-2.965160197081884,4.751619870410373
RRKABEL,2026-08-19,2026-08-20,0.8458865511452826,0.5009811163043665,-0.7566111217262805,-0.4956254845377317
RRKABEL,2026-08-24,2026-08-25,0.06485959915252369,-2.585048491892794,-3.8172848254060754,-2.191710668807012
SAGILITY,2026-07-27,2026-07-28,0.8317150705225147,0.19685065101944232,-1.1869446278554352,0.2555182631847064
SAGILITY,2026-07-28,2026-07-29,0.256250149011754,-1.9738138921998494,-2.683198799664821,3.6472803374545393
SAGILITY,2026-07-29,2026-07-30,0.8888878797099015,0.6691468826207192,-0.6201607630813677,3.6343129527746543
SAGILITY,2026-07-30,2026-07-31,0.8785038565818581,1.3316539964783214,-0.5622883364892806,-5.525344459602543
SAIL,2026-08-28,2026-08-31,0.8858494297460983,1.2747965009557882,-0.477710331306902,-1.5996357663801364
SAILIFE,2026-09-02,2026-09-03,0.9069767441860465,1.224646000765417,-0.5015673981191182,-0.4897067170398284
SAILIFE,2026-09-03,2026-09-04,0.21255391730908876,-1.7576662874888793,-3.386500071894172,0.4054240791234731
SAILIFE,2026-09-08,2026-09-09,0.8786059914257293,0.5463465241850596,-0.609460287444219,1.9452887537994012
SAILIFE,2026-09-09,2026-09-10,0.6072731711647728,0.595266113220938,-1.2728329750110512,-4.916958204520638
SAREGAMA,2026-06-23,2026-06-24,0.12201522802370782,-2.039146497411426,-3.377899356711034,-1.2475127486627602
SBICARD,2026-07-28,2026-07-29,0.4564228338806902,-0.9662894624049123,-1.7772741786182933,0.18917896329928574
SBICARD,2026-08-03,2026-08-04,0.4190460689484127,-0.7512138903579046,-1.357167642894186,-1.1195449801439716
SHRIRAMFIN,2026-06-24,2026-06-25,0.7879102833007521,-0.3312336159142837,-1.0054865528165924,-0.5930761013875241
SHRIRAMFIN,2026-07-02,2026-07-03,0.8114017710865306,0.2638400452624534,-0.4014984900210128,-1.2372138444767478
SHRIRAMFIN,2026-07-03,2026-07-06,0.16355121528272934,-1.185020222330202,-1.6551109028259403,0.06575310174636861
SHRIRAMFIN,2026-07-07,2026-07-08,0.28321923070356647,-1.8499689414117393,-1.885404127599788,-3.8009455531694436
SHRIRAMFIN,2026-08-05,2026-08-06,1.0,1.992323716037392,0.0,0.9734513274336276
SHRIRAMFIN,2026-08-06,2026-08-07,0.6231463034737567,1.151403990503419,-1.1008019163886607,-1.0559964643048092
SIEMENS,2026-07-31,2026-08-03,0.6691731581793059,-0.09897109911057855,-1.2708723764530028,5.121293800539073
SIEMENS,2026-08-03,2026-08-04,0.9762808404087385,1.8957334952454108,-0.1280409731113985,1.9313590789403312
SIEMENS,2026-08-04,2026-08-05,0.5246428531846745,1.935903071072298,-1.7993040392154436,-1.6433955269986367
SIEMENS,2026-08-25,2026-08-26,0.3411636836327291,-1.1667946991952949,-1.4194800146999809,-1.4575365002985952
SOLARINDS,2026-08-13,2026-08-14,0.9541062801932367,6.942811063666343,-0.3725490196078485,-1.3876543209876524
SOLARINDS,2026-08-27,2026-08-28,0.8783068783068783,0.2723138786529855,-0.33415661775388905,-0.7975102120210131
SOLARINDS,2026-09-03,2026-09-04,0.8571428571428571,3.4879780663247484,-0.6699006699006693,-0.4872389791183318
SOLARINDS,2026-09-07,2026-09-08,0.6666666666666666,0.672025904127671,-1.1261261261261257,1.4227642276422703
SOLARINDS,2026-09-08,2026-09-09,0.9298245614035088,0.6454215409439357,-0.17781729273171898,-0.7547169811320753
SONACOMS,2026-07-02,2026-07-03,0.8152468557315022,4.239947841422875,-1.5313690405647007,-1.0871194683745644
SONACOMS,2026-07-08,2026-07-09,0.18122139805380164,-2.2616903918140974,-2.7541128578430385,1.28350320875803
SONACOMS,2026-07-16,2026-07-17,0.702001953125,-0.32248429713660487,-1.078374673974103,3.0482420447277114
SONACOMS,2026-07-17,2026-07-20,0.8718849847195101,1.5188947057069413,-0.5081567589897529,1.8886662258475795
SONACOMS,2026-07-20,2026-07-21,0.7657121930803571,0.35923501707093575,-0.5705192349275467,1.588624655848947
SONACOMS,2026-07-21,2026-07-22,0.9242814434238289,1.454734967330129,-0.19749553022648803,-0.8555198281340881
SONACOMS,2026-07-22,2026-07-23,0.3566088280060883,-1.541056916318495,-1.7446610749418223,-0.6761918510973075
SONACOMS,2026-07-30,2026-07-31,0.9197356181263422,2.467501346961387,-0.553385416666663,-0.5394116475724409
SONACOMS,2026-07-31,2026-08-03,0.6622233072916667,-0.31612453176013133,-0.4914624589984151,2.080624187256186
SONACOMS,2026-08-03,2026-08-04,1.0,1.0210184986441995,0.0,0.7231105894417666
SONACOMS,2026-08-04,2026-08-05,0.6265660326560831,-0.24400291535949803,-0.9377572021598501,2.9965799014145977
SONACOMS,2026-08-05,2026-08-06,0.780712264265039,2.0262102000907944,-1.0086339265860333,-3.5322777101096214
SONACOMS,2026-08-10,2026-08-11,0.16723604942797862,-1.9575872691096174,-2.91552439984043,-1.374594597604406
SONACOMS,2026-08-20,2026-08-21,0.06355938778571465,-2.2809241595130536,-2.6184805196608374,-0.4868549317016857
SONATSOFTW,2026-07-29,2026-07-30,0.7424598173192665,0.6117683168526789,-1.718262474603327,-3.5842891749869987
SONATSOFTW,2026-07-30,2026-07-31,0.07711379712952658,-4.841121360231526,-5.664992401593983,4.05844155844155
SONATSOFTW,2026-08-03,2026-08-04,0.9117146001421735,5.093707887664989,-0.7461632981579092,2.098508178773062
SONATSOFTW,2026-08-04,2026-08-05,0.6851201061039328,0.03076182329235788,-1.2822370670100947,-4.070591599734453
SONATSOFTW,2026-08-05,2026-08-06,0.09836043019790154,-5.3625786258480135,-6.1196105702364445,-2.0940792926006258
SRF,2026-07-06,2026-07-07,0.5569223257211539,-0.5431897303076694,-1.007170793080081,-1.1222481035620069
SRF,2026-07-16,2026-07-17,0.8077755943571662,0.5394447182908824,-0.9156361855924167,-1.6844276383636947
SRF,2026-07-21,2026-07-22,0.6996122609750962,0.28731513898274663,-1.0437710437710468,-4.7179990264057725
SUMICHEM,2026-07-15,2026-07-16,0.41102047783335316,-0.4237340795443578,-1.2709063695995004,0.14787205045632135
SUNPHARMA,2026-07-03,2026-07-06,0.6205621166764018,-0.3719823724490201,-1.0544868845906996,0.4199915894018247
SUNPHARMA,2026-07-09,2026-07-10,0.7915354443700373,-0.023079669190961827,-0.6813549604572255,-0.4884318766066875
SUNPHARMA,2026-07-27,2026-07-28,0.9249988902698864,-0.1332037411784115,-0.1669220449228681,-0.09098048158326932
SUNPHARMA,2026-07-28,2026-07-29,0.262440414708108,-0.5126139071020552,-0.8178649687970441,0.4898532209561379
SUNPHARMA,2026-07-30,2026-07-31,0.44709739778190694,-0.09311318041315131,-0.8030571977430068,-1.7212408738587093
SUZLON,2026-06-16,2026-06-17,0.7528083386136648,1.5002469409856056,-2.2282300339658723,1.647790811581773
SUZLON,2026-06-19,2026-06-22,0.4419647038588018,-0.9992043765383873,-2.0678246223717944,-0.6722714720653888
SWIGGY,2026-08-25,2026-08-26,0.5999993218315972,0.19977200290477448,-1.2371154994899047,-1.001908547852548
SYRMA,2026-06-10,2026-06-11,0.35866383196607265,-3.2290132103472424,-3.3280718589806746,1.9836774553571468
SYRMA,2026-06-11,2026-06-12,0.21892640268692434,-3.0400069380277173,-4.283836686208575,0.5067720556131805
SYRMA,2026-06-15,2026-06-16,0.4532254126764113,0.28869911646887125,-2.5393276714653523,-1.0662604722010638
SYRMA,2026-06-18,2026-06-19,0.8955530475106604,0.38198884440159286,-0.3993420010901638,-0.07462686567164534
SYRMA,2026-06-23,2026-06-24,0.23317713178812882,0.6756930161279096,-3.4458509142053395,3.5158774411633065
SYRMA,2026-06-24,2026-06-25,0.8530964809181416,-0.30858708063934426,-0.5792078735607165,-0.2015445385264658
SYRMA,2026-08-10,2026-08-11,0.9407409990906085,2.7830889431631034,-0.36793532102086246,-1.6394537538548803
SYRMA,2026-08-11,2026-08-12,0.14082046082107008,-2.2757402979762698,-3.123781670244652,-1.1231480331403199
SYRMA,2026-09-07,2026-09-08,0.945367146012347,8.084167126369813,-0.6200578219984765,0.7866786933922398
SYRMA,2026-09-08,2026-09-09,0.6932148399943826,-0.8483448307474717,-1.253014989646084,-1.204374381607165
TATACAP,2026-06-19,2026-06-22,0.6479244373450095,4.652361930268012,-3.460988022523681,-3.2512534583960306
TATACOMM,2026-06-22,2026-06-23,0.6247081029298783,1.6924943156652272,-2.2891018401954955,-1.6720085533474704
TATATECH,2026-08-07,2026-08-10,0.9129381965626954,7.7825255099579715,-0.8181832053444582,0.9969075381389247
TATATECH,2026-08-10,2026-08-11,0.7517442276195762,-0.5936200345926457,-1.0021917123184676,-1.5363605112616363
TCS,2026-07-27,2026-07-28,0.544604275316637,0.0341289015323154,-0.8380087405507552,3.1974889352928137
TCS,2026-07-28,2026-07-29,0.7944923473214331,3.0699633581552366,-0.8025110915633404,0.0
TCS,2026-07-29,2026-07-30,0.5215240220211966,0.7043954749338832,-1.167436976115932,-0.09030257023101562
TCS,2026-07-30,2026-07-31,0.122222900390625,-2.254027827812044,-2.5330641752254524,-0.5630211068802571
TECHM,2026-07-28,2026-07-29,0.8191252046138033,0.7719963231918037,-0.5292337193856134,-1.2372357709271808
TECHM,2026-07-29,2026-07-30,0.12461922624546874,-0.4793583785338451,-1.7214613764569675,0.566403021953743
TECHM,2026-07-30,2026-07-31,0.6371139054445877,-0.7354143805776703,-1.0435180742738415,2.1149015990675313
TEJASNET,2026-06-19,2026-06-22,0.7456405248397436,0.30351794213052674,-1.9232298432047323,-1.883978298143052
THERMAX,2026-06-23,2026-06-24,0.257283286491594,-2.3109060477170207,-2.7375906313323206,-1.174997965494795
TIINDIA,2026-06-15,2026-06-16,0.6314628686797753,1.1931750149709819,-1.0064686142679857,0.27417214737697204
TIINDIA,2026-06-16,2026-06-17,0.4335656177351844,-0.335688491570596,-1.4670398738203971,-0.1892999286854713
TITAGARH,2026-06-15,2026-06-16,0.21271081247110532,-2.4478759713717713,-3.407627663970514,2.768166089965396
TITAGARH,2026-06-16,2026-06-17,0.8677385915594968,-0.07298178296130109,-0.5945738673613365,2.443505789303213
TITAGARH,2026-06-17,2026-06-18,0.9373377508139322,1.7804992486513571,-0.2600740583716621,-0.4117180714848345
TITAGARH,2026-06-18,2026-06-19,0.16521686056386117,0.5591880134013127,-3.9546884051557596,-0.5167945581453504
TITAN,2026-07-01,2026-07-02,0.07430076272669459,-1.463036165750986,-2.3509801830114307,1.7006857401722142
TITAN,2026-07-07,2026-07-08,0.6573907190908709,1.6326181462363865,-1.110412769080893,-0.052280899154877325
TITAN,2026-07-09,2026-07-10,0.07254845389438933,-2.636778515460292,-2.6496859945973728,-0.25261574694869227
TITAN,2026-07-22,2026-07-23,0.631036166487069,-0.07547144989230592,-0.4521424539140062,-0.07445541493832364
TITAN,2026-07-28,2026-07-29,0.9299809799476202,1.6102468765770928,-0.21193013760287815,-0.316505714293458
TITAN,2026-08-03,2026-08-04,1.0,1.8240765065381304,0.0,0.26004234244048074
TITAN,2026-08-10,2026-08-11,0.8635584944385594,1.1923399983101657,-0.6286399220000738,0.5687389684251754
TITAN,2026-08-11,2026-08-12,0.48717948717948717,-0.3848469870717741,-0.7739938080495334,-0.5092602516814426
TITAN,2026-08-27,2026-08-28,0.5955604809478973,-0.7023195418711548,-0.9138833717020733,0.2890866109776846
TMCV,2026-07-01,2026-07-02,0.6376811594202898,-1.3095414406058548,-1.4279186259295251,1.3575687560112737
TMCV,2026-07-02,2026-07-03,0.5771818541177264,0.1390097069779772,-1.4100241640758293,-2.6734362331676587
TMCV,2026-08-13,2026-08-14,0.35646635462374465,2.1487132538321907,-2.1030953004188224,-0.04215220380006102
TMPV,2026-06-15,2026-06-16,0.09163306892845546,-2.139221791523782,-2.7954865712923604,-1.18001050301213
TORNTPHARM,2026-06-29,2026-06-30,0.6397809330963408,0.7484338666720936,-1.7984736436319926,-0.3859401109044813
TORNTPHARM,2026-07-03,2026-07-06,0.8572796571601942,0.03535848906461858,-0.30734257395985676,0.8747942715470414
TORNTPHARM,2026-07-06,2026-07-07,0.9521531659395023,0.32838515581201655,-0.08287235250046265,0.43220132075649786
TORNTPHARM,2026-07-07,2026-07-08,0.6324545873450876,0.12093795398357976,-0.4550146032015423,1.112634601339657
TORNTPHARM,2026-07-08,2026-07-09,0.3360442433223811,-0.7524430818952377,-1.649153145841753,0.6203819908073172
TORNTPHARM,2026-07-14,2026-07-15,0.6100431418987652,-0.48750816598687186,-0.7285429141716593,1.3696930239899041
TORNTPHARM,2026-07-16,2026-07-17,0.6410824297023907,-1.4029033434980853,-1.9308606473408707,-2.7105457854538773
TORNTPHARM,2026-07-31,2026-08-03,0.9273229016123372,0.37044872491929226,-0.34820919222876556,-3.330781010719752
TRENT,2026-07-02,2026-07-03,0.6608274513398723,-0.32326144554625236,-0.8101842897192957,-0.29850746268657025
TRENT,2026-07-03,2026-07-06,0.25847064337373754,-0.6254209776563324,-1.738384397577597,-0.03288150760070163
TVSMOTOR,2026-07-02,2026-07-03,0.929237798640631,0.17922490006481162,-0.20910889609929706,-0.8129177821780464
TVSMOTOR,2026-07-03,2026-07-06,0.3393593252337845,-0.6891582202373958,-1.2925522126386535,2.139276058482298
TVSMOTOR,2026-07-06,2026-07-07,0.7288135593220338,0.3174851600151962,-0.8563018464008532,0.0
TVSMOTOR,2026-07-07,2026-07-08,0.13950092733097286,-1.1445328569388624,-1.6503324192880808,-0.05202503887170584
TVSMOTOR,2026-07-21,2026-07-22,0.9228130198589386,-0.04942176534544762,-0.47244094488189115,2.030176444740972
TVSMOTOR,2026-07-22,2026-07-23,0.5810226106295621,2.0514252270471767,-1.4476646240542235,0.5592624122146006
TVSMOTOR,2026-07-28,2026-07-29,0.9471224397083384,-0.02687272974001287,-0.1974284634515766,1.557399478684851
TVSMOTOR,2026-07-29,2026-07-30,0.8934250844942937,1.3476178144464113,-0.23010776851285497,3.1116774400633984
TVSMOTOR,2026-07-30,2026-07-31,0.9288584049916108,2.508264122319881,-0.251246685381612,2.178187296262557
TVSMOTOR,2026-07-31,2026-08-03,0.9062999815452756,1.721779763336695,-0.2751422507225487,0.6882312456985451
TVSMOTOR,2026-08-03,2026-08-04,1.0,0.9748943145544198,0.0,-0.45662100456621557
TVSMOTOR,2026-08-05,2026-08-06,1.0,0.9159355607557762,0.0,-0.8655894503284634
TVSMOTOR,2026-08-26,2026-08-27,0.7050359712230215,0.3159862845155681,-0.45713011484000976,-1.096740944287078
ULTRACEMCO,2026-07-21,2026-07-22,0.84,0.273567584127532,-0.26389576117433755,-2.0668642951251592
ULTRACEMCO,2026-08-05,2026-08-06,0.8178438661710037,-0.35036777989774226,-0.4003595064956289,-0.6581653640477136
UNIONBANK,2026-08-06,2026-08-07,1.0,1.9035033169714666,0.0,1.4364674605058525
UNIONBANK,2026-08-07,2026-08-10,0.7346960383151684,0.10223191086518035,-0.7030761686755871,-1.3882100374903228
UNIONBANK,2026-08-12,2026-08-13,0.8961926937312279,0.17747724689369804,-0.3198326673744978,-0.30470267915841953
UNIONBANK,2026-08-13,2026-08-14,0.3491113308142711,-1.080952416874681,-1.1658701557083817,0.20856697052862305
UNIONBANK,2026-08-26,2026-08-27,0.07677709017318224,-2.0951478984518324,-2.5009086012586224,-2.375789916216764
UNITDSPR,2026-07-06,2026-07-07,0.8690187010718832,1.5153004689294924,-0.36299833660558,0.43211255651536273
UNITDSPR,2026-07-07,2026-07-08,0.9106160109658544,-0.01823174431072605,-0.11103230991932334,0.3954785018317475
UNITDSPR,2026-07-24,2026-07-27,0.8158266355665468,1.7068708441173142,-0.8648681640625044,0.508646998982698
UNITDSPR,2026-07-27,2026-07-28,0.3239004092036268,-0.3630496167809527,-1.429996674426337,2.056278673704104
UNITDSPR,2026-07-28,2026-07-29,0.9150691620291096,-0.14675218333837226,-0.20503839776965238,-0.6278916060806328
UNITDSPR,2026-07-29,2026-07-30,0.2447551054669827,-0.9911090015160218,-2.108278460738522,1.523178807947012
UNITDSPR,2026-08-04,2026-08-05,0.1320754716981132,-1.2615247845368827,-1.4857881136950857,-0.6990234215192404
UNITDSPR,2026-08-21,2026-08-24,0.7967027623420045,-0.1123415182153642,-0.47332891764767515,0.21913021832695723
UNOMINDA,2026-08-04,2026-08-05,0.5966583635595566,0.10622719154285143,-1.3586320509980876,0.4419445560466029
UNOMINDA,2026-08-05,2026-08-06,0.4653247146918344,-0.009561048666695271,-1.876130305049284,1.533331975595642
UNOMINDA,2026-08-07,2026-08-10,0.7370379412615741,0.047493362607942124,-0.5494911941870351,0.1321582140515032
URBANCO,2026-08-20,2026-08-21,0.0859659220195152,-2.4157946316167522,-3.4571941344282098,3.0844838297303
URBANCO,2026-08-21,2026-08-24,0.8444451226128472,4.718616152979616,-0.8749961853027344,5.689523515485351
URBANCO,2026-08-24,2026-08-25,0.7638697035582508,4.999997722568805,-2.0251874056065544,0.24872567063083384
URBANCO,2026-08-26,2026-08-27,0.1393773835407414,-3.269010371317793,-3.657484980548098,1.1295390862988919
URBANCO,2026-09-03,2026-09-04,0.747094061261469,1.2831965225576614,-0.9709767098252553,2.3565817601176153
URBANCO,2026-09-04,2026-09-07,0.6259732436036951,0.5519275396649537,-1.5654752751550038,-3.019281392583506
VBL,2026-06-15,2026-06-16,0.8544903458414745,-0.24859939626172833,-0.43249759667391974,-0.45119930147905496
VBL,2026-06-17,2026-06-18,0.2515929385877953,-0.3693207399123599,-2.114069855715217,-2.9355522404503565
WELCORP,2026-06-29,2026-06-30,0.8078491680555808,2.9999061784687475,-0.9311443391393448,0.01980520317657053
WELCORP,2026-07-06,2026-07-07,0.8411345786236702,-0.20010567138720736,-1.4303974721623591,-0.006489814082277778
WELCORP,2026-07-09,2026-07-10,0.8207050639013015,1.7835486942085588,-1.0378654021488076,-0.06180851628098116
WELCORP,2026-07-10,2026-07-13,0.447027095227581,-0.8724817114122541,-1.3096710167724956,1.7205666822017296
WELCORP,2026-07-14,2026-07-15,0.8093642958916637,2.2104497197366513,-0.672647161058626,-0.25528667571830255
WELCORP,2026-08-03,2026-08-04,0.8947373544454373,0.3980128082016421,-0.3832960968906063,1.79963366741962
WELCORP,2026-08-04,2026-08-05,0.837646484375,0.351945537626408,-0.3957570641848318,2.4464277858715855
WELCORP,2026-08-05,2026-08-06,0.8192368890922268,2.047832280292705,-0.6058935194031445,1.1898156735541399
WELCORP,2026-08-06,2026-08-07,0.40197447371184875,0.6418698937739054,-2.2771226860398786,0.5684315999584522
WELCORP,2026-08-13,2026-08-14,0.871952898793441,0.08154764958245853,-0.11134547115256854,-1.3161384900227113
WELCORP,2026-08-14,2026-08-17,0.45563602512836426,-1.1675425192106736,-1.1972548086432,0.6304455380648388
WELCORP,2026-08-18,2026-08-19,0.6635153003182134,0.6098188165678753,-0.919946695102003,2.1497021497021596
WELCORP,2026-08-19,2026-08-20,0.8237353057720248,1.5080676779371638,-0.5090713500976562,1.5651067000728158
WELCORP,2026-08-20,2026-08-21,0.7505063560685971,0.5657173393052384,-0.6096678477385375,6.588285031984786
WELCORP,2026-09-01,2026-09-02,0.8873689350328947,3.9688907521002514,-0.8310641686893216,-1.4219267835599236
WELCORP,2026-09-02,2026-09-03,0.16463414634146342,-2.487562189054704,-2.6427469135802517,3.082806407143024
WELCORP,2026-09-03,2026-09-04,0.7189548219806522,1.4065512582247086,-1.2854970980474612,-2.7833359979597683
WELCORP,2026-09-10,2026-09-11,0.9556918434049871,3.2542780248142833,-0.2836881049215534,-2.481140187529396
WELSPUNLIV,2026-08-31,2026-09-01,0.832554454880242,-0.059466892065529464,-0.9040370131983888,1.1640367775231697
WELSPUNLIV,2026-09-01,2026-09-02,0.5164324517939183,-0.2914700929145364,-1.5334969418812183,0.7505946976955835
WELSPUNLIV,2026-09-03,2026-09-04,0.6306460623690976,-0.9370020318498873,-1.1286315204628083,4.30150321786027
WELSPUNLIV,2026-09-04,2026-09-07,0.8584248911498981,2.2536410010608465,-0.6764150995510199,1.0055283297631945
WELSPUNLIV,2026-09-07,2026-09-08,0.41976998126534115,0.4599279328298289,-1.8750014128508408,-1.5948613885880092
YESBANK,2026-06-15,2026-06-16,0.7066675821940104,-0.45565094724420163,-0.9166638056437137,0.5469043258858663
YESBANK,2026-06-16,2026-06-17,0.42307600608151696,-0.9535680362834031,-2.449981164055881,4.2756358660083205
YESBANK,2026-06-17,2026-06-18,0.7756419269607466,2.0215413135542315,-1.374699476460517,0.9908838863888381
YESBANK,2026-06-18,2026-06-19,0.5588220444524229,-0.4193468694122515,-1.1636971932455609,-0.03932453307835537
ZEEL,2026-07-31,2026-08-03,0.43699234269019704,0.24635496775589072,-2.361060902038703,-4.922329800800207
ZENSARTECH,2026-07-29,2026-07-30,0.2468887234268869,-3.1850525321096557,-3.2814977725643013,-1.4165643265803274
ZENTEC,2026-06-17,2026-06-18,0.8451616840977823,-0.37082363175829913,-0.5060609164964425,1.8708827404479544
ZENTEC,2026-06-18,2026-06-19,0.415485233078543,1.201951466392992,-2.7029740587966478,3.2931172773763784
ZENTEC,2026-06-19,2026-06-22,0.8114285714285714,0.20497612793322073,-0.8194685870374974,-3.020984358178358
ZYDUSLIFE,2026-07-06,2026-07-07,0.8029561389794225,-0.06220538803988207,-0.34725235829686785,0.2608695652173809
ZYDUSLIFE,2026-08-11,2026-08-12,0.8398169783835046,4.329131208265902,-1.1618257261410747,1.2605042016806678
