ticker,breach_date,d1_date,mae_pct,bars_to_mae,decline_speed,vol_intensity,day1_close_pct
360ONE,2026-08-05,2026-08-06,-1.1549124233127372,49,0.02356964129209668,0.5354528356220679,-0.7448342315020673
360ONE,2026-08-20,2026-08-21,-1.2938522200963143,72,0.01797016972355992,0.4981958061874026,-0.5556897605712763
ABB,2026-08-04,2026-08-05,-1.3113911031113368,34,0.03857032656209814,0.8815416363679378,-1.1249678580611988
ABCAPITAL,2026-06-24,2026-06-25,-1.9133952341256144,70,0.02733421763036592,1.0658040574617917,-1.5231666980396463
ABCAPITAL,2026-07-03,2026-07-06,0.0,1,0.0,0.0,2.1268626350668285
ABCAPITAL,2026-07-06,2026-07-07,-1.2567091385776497,74,0.016982555926724995,0.6907207029568766,-1.073693027708722
ACMESOLAR,2026-06-24,2026-06-25,-4.004951357515651,44,0.09102162176171934,0.7920232826313193,-1.734100744467637
ACMESOLAR,2026-06-29,2026-06-30,-0.9921947027073608,67,0.014808876159811355,0.7612504461448178,0.6746891680405209
ACUTAAS,2026-06-29,2026-06-30,-3.970093097385907,2,1.9850465486929536,2.653290039462792,-1.6544387473228728
ACUTAAS,2026-07-02,2026-07-03,-1.6648709613703572,42,0.03963978479453231,0.6138366152276471,-0.6239900799320908
ACUTAAS,2026-07-21,2026-07-22,-1.5249298601804129,10,0.1524929860180413,0.4021036399903801,0.20967652614147791
ADANIENSOL,2026-07-08,2026-07-09,-3.1967283218830356,75,0.042623044291773805,0.9560195044653761,-2.7460613215193663
ADANIENSOL,2026-07-16,2026-07-17,-0.5755255195622921,1,0.5755255195622921,0.0,1.2450053185319554
ADANIENSOL,2026-07-17,2026-07-20,-1.1310904872389838,1,1.1310904872389838,0.0,0.3190255220417715
ADANIENSOL,2026-07-21,2026-07-22,-2.1876922274531085,63,0.034725273451636646,0.7808044147691632,-1.5022520986653354
ADANIENT,2026-07-01,2026-07-02,-0.23458271271445952,2,0.11729135635722976,5.973353537534118,0.48817288616682664
ADANIENT,2026-07-02,2026-07-03,-1.7246835443037956,2,0.8623417721518978,2.49601325211197,1.64873726760284
ADANIGREEN,2026-06-22,2026-06-23,-4.1067598591001175,38,0.10807262787105572,0.8333394959432538,-2.5723696113778893
ADANIGREEN,2026-07-14,2026-07-15,-3.6250358873793243,70,0.05178622696256178,0.930765583165415,-2.535032773084711
AEGISLOG,2026-06-11,2026-06-12,-5.622154273615399,13,0.43247340566272297,19.14373066975136,-2.397680007983294
AEGISLOG,2026-06-12,2026-06-15,-2.993730425675556,1,2.993730425675556,0.0,3.520788754476234
AEGISLOG,2026-06-15,2026-06-16,-1.3717503525784047,8,0.1714687940723006,7.12292677947681,-0.2396711459395795
AEGISLOG,2026-06-17,2026-06-18,-1.098901098901095,1,1.098901098901095,0.0,-0.08991252887735612
AEGISLOG,2026-06-22,2026-06-23,-1.1082648207843104,53,0.020910656995930386,0.15731693749957085,-0.2557498623427912
AEGISLOG,2026-06-29,2026-06-30,-2.478096329247814,30,0.08260321097492714,0.2408989246917523,1.631915038263232
AEGISLOG,2026-06-30,2026-07-01,0.0,1,0.0,0.0,7.133657296276241
AEGISLOG,2026-07-20,2026-07-21,-7.047730626643145,63,0.11186874010544674,0.4229581556561537,-4.83046409655532
AEGISLOG,2026-08-06,2026-08-07,-4.61213148195081,75,0.061495086426010794,1.2080969352299058,-3.8152310004187284
ANANDRATHI,2026-06-29,2026-06-30,-2.9458452536630597,24,0.12274355223596083,1.3026088116779004,-1.7556052363344565
ANANDRATHI,2026-06-30,2026-07-01,-1.9208610441428742,17,0.11299182612605142,0.7819805127528108,-1.3541300802147438
ANANDRATHI,2026-07-03,2026-07-06,-0.567555590104929,2,0.2837777950524645,0.5945615801135853,0.6637393121695423
ANANDRATHI,2026-07-06,2026-07-07,-4.467611140884353,54,0.08273353964600653,0.4084231006269712,-3.759963816002021
ANANDRATHI,2026-07-10,2026-07-13,-0.9666163489258417,54,0.01790030275788596,0.475851884490233,-0.14617585745355655
ANANTRAJ,2026-07-17,2026-07-20,-2.01579039913794,38,0.053047115766787896,0.7387198921491939,1.293467556681538
ANANTRAJ,2026-07-20,2026-07-21,-0.548125215493489,2,0.2740626077467445,0.9907948071723384,0.9550701962603991
ANANTRAJ,2026-07-21,2026-07-22,-1.88511721910396,38,0.049608347871156845,3.168938273711642,-0.4045307443365731
ANANTRAJ,2026-07-22,2026-07-23,-4.7340224570050715,74,0.06397327644601448,0.8052588441772504,-4.50626511419393
ANANTRAJ,2026-07-31,2026-08-03,-0.766771212934303,65,0.011796480198989276,0.6511736552585402,0.0
ANANTRAJ,2026-08-03,2026-08-04,-0.5821410548743966,12,0.048511754572866383,0.41013133947559843,0.5582137161084466
ANANTRAJ,2026-08-20,2026-08-21,-2.5496618339131527,72,0.03541196991546045,0.6779332833729931,-2.4245268725109903
ANGELONE,2026-06-15,2026-06-16,-2.7785704483600515,44,0.06314932837181936,1.159701529011055,-1.2616989092756659
APARINDS,2026-06-11,2026-06-12,0.0,1,0.0,0.0,2.3010999392671483
APARINDS,2026-06-12,2026-06-15,-1.3783818438261264,1,1.3783818438261264,0.0,3.6030260289780847
APARINDS,2026-06-15,2026-06-16,-2.1808970715433085,62,0.03517575921844046,1.1656698853016796,-0.11120721611268536
APARINDS,2026-06-16,2026-06-17,-2.396689109889427,2,1.1983445549447136,2.1190139365278817,-0.8586076965841016
APARINDS,2026-06-18,2026-06-19,-1.7474385567917583,48,0.036404969933161634,0.27749392385114524,2.3320133257904274
APARINDS,2026-06-24,2026-06-25,-4.735742012541055,58,0.08165072435415613,0.6350757920397404,-3.9414750671842302
APARINDS,2026-08-12,2026-08-13,-6.4880267411913,43,0.15088434281840232,1.0096256084795974,-5.611266370760037
APLAPOLLO,2026-08-10,2026-08-11,-1.688052871267276,31,0.05445331842797665,0.7964956816627256,-0.6564683528195947
APLAPOLLO,2026-08-13,2026-08-14,-0.6292942562220238,4,0.15732356405550596,0.5789651158468891,1.6293549966116316
APLAPOLLO,2026-08-14,2026-08-17,-0.8183822759631476,15,0.054558818397543174,0.8903855779949845,-0.39243604555515565
APLAPOLLO,2026-08-17,2026-08-18,-0.24939813773980912,1,0.24939813773980912,0.0,1.4388489208633004
APLAPOLLO,2026-08-18,2026-08-19,-0.8226904181442118,5,0.16453808362884237,0.29307009709552284,0.3215153110224689
APLAPOLLO,2026-08-20,2026-08-21,-0.8856569975085216,2,0.4428284987542608,0.3173365623358005,-0.2936674910144377
APLAPOLLO,2026-08-27,2026-08-28,0.0,1,0.0,0.0,3.722018358775503
APLAPOLLO,2026-08-28,2026-08-31,-2.2844030698078055,10,0.22844030698078055,3.14715572878203,-1.5672102762146145
APOLLOHOSP,2026-06-10,2026-06-11,-0.37231842089711087,6,0.062053070149518476,0.7898084871316896,0.3841380533065486
APOLLOHOSP,2026-07-03,2026-07-06,-0.6754094669893629,53,0.012743574848855903,0.5986044932888895,0.056284122249117274
APOLLOHOSP,2026-07-15,2026-07-16,-0.8007615634449516,21,0.03813150302118817,0.720706264215403,-0.45917795945794593
ARE&M,2026-08-11,2026-08-12,-0.7004880549027814,71,0.009866028942292696,5.236573967742706,-0.09786373495042078
ARE&M,2026-08-12,2026-08-13,-2.758511969939126,71,0.03885228126674825,0.7955295140152431,-2.332146888708797
ASHOKLEY,2026-08-13,2026-08-14,-4.12761861403329,55,0.07504761116424163,1.4795778449625878,-3.0830076373209114
ATHERENERG,2026-06-29,2026-06-30,-1.9442793311089335,1,1.9442793311089335,0.0,3.9388856536354933
ATHERENERG,2026-06-30,2026-07-01,-1.7972997053124606,61,0.02946392959528624,1.8399203067756194,-0.9380984921009028
ATHERENERG,2026-07-01,2026-07-02,-1.276970497578156,16,0.07981065609863475,1.2080019904225208,0.8806693086745865
ATHERENERG,2026-07-08,2026-07-09,-1.7556814717341607,4,0.43892036793354017,1.7233786711542523,0.2307986268397233
ATHERENERG,2026-07-09,2026-07-10,-2.159511199514319,2,1.0797555997571595,0.7198251288173866,-0.5971410084355866
ATHERENERG,2026-07-13,2026-07-14,-2.7605322257212905,8,0.3450665282151613,1.03925283324684,1.0991756208450054
ATHERENERG,2026-07-15,2026-07-16,-5.5245246167452855,70,0.07892178023921836,1.7891542680850456,-4.3698131633254755
ATHERENERG,2026-07-16,2026-07-17,-1.7795256366879952,33,0.05392501929357561,0.7727305852525871,0.19685039370078705
ATHERENERG,2026-08-04,2026-08-05,-3.9617486338797803,2,1.9808743169398901,2.7981651160649355,0.2049180327868827
ATHERENERG,2026-08-10,2026-08-11,0.0,1,0.0,0.0,3.605131014038876
ATHERENERG,2026-08-11,2026-08-12,-1.1365136782535923,1,1.1365136782535923,0.0,2.7367749453992563
ATHERENERG,2026-08-12,2026-08-13,-4.719261158280085,10,0.47192611582800853,1.7950178135445505,-3.20122101324406
ATHERENERG,2026-08-28,2026-08-31,-1.7280952015672257,6,0.28801586692787096,14.239504841915899,3.7885166871223674
ATHERENERG,2026-08-31,2026-09-01,-0.9885209542351947,1,0.9885209542351947,0.0,2.14276966075162
ATHERENERG,2026-09-01,2026-09-02,-4.286544339562792,72,0.05953533804948322,2.6349350307069295,-2.1983772861985162
AUBANK,2026-06-24,2026-06-25,-4.398004649963472,70,0.06282863785662103,1.120841474725331,-4.175553601696425
AUBANK,2026-07-06,2026-07-07,-0.1968112076792372,66,0.0029819879951399576,0.3589839585196957,-0.009369783124413278
AUBANK,2026-08-21,2026-08-24,-0.42506569407855244,1,0.42506569407855244,0.0,0.7506601424127846
AUBANK,2026-08-24,2026-08-25,0.0,1,0.0,0.0,1.7857076015408424
AUBANK,2026-08-25,2026-08-26,-1.5211773162321918,73,0.020838045427838243,0.4301012663702561,-1.5211773162321918
AUROPHARMA,2026-07-03,2026-07-06,-2.0865515352005093,74,0.02819664236757445,0.36752969976643335,-1.537133405690827
AUROPHARMA,2026-08-07,2026-08-10,-1.622011317793992,54,0.030037246625814668,1.135293445233011,-0.9972351213146213
AUROPHARMA,2026-08-13,2026-08-14,-2.005797012522237,9,0.22286633472469297,2.273339513732846,-1.9997569213618505
AUROPHARMA,2026-08-31,2026-09-01,-1.0532573271079926,72,0.014628573987611007,0.7437371852083057,-0.39644681490385025
AXISBANK,2026-06-24,2026-06-25,-0.9667429947394668,70,0.013810614210563812,0.9489541572196235,-0.642091088003971
BAJAJ-AUTO,2026-07-22,2026-07-23,0.0,1,0.0,0.0,2.885930518829216
BAJAJ-AUTO,2026-07-23,2026-07-24,-0.9405366853882491,75,0.012540489138509988,0.9378099341147526,-0.833556209325137
BAJAJ-AUTO,2026-07-28,2026-07-29,-1.3154444541561006,66,0.019930976578122737,0.5965936993812507,-0.9745651603880745
BAJAJ-AUTO,2026-07-29,2026-07-30,-0.08378902804727639,1,0.08378902804727639,0.0,0.8334803316281558
BAJAJ-AUTO,2026-07-31,2026-08-03,-0.8993427879626426,3,0.29978092932088085,1.1418620588966657,2.5250778277412733
BAJAJ-AUTO,2026-08-03,2026-08-04,-0.952380952380949,24,0.03968253968253954,0.6149625462706578,-0.4719004719004771
BAJAJ-AUTO,2026-09-01,2026-09-02,-2.5894461689266457,33,0.07846806572504987,1.3914647614575106,-0.9148831890213982
BAJAJFINSV,2026-07-02,2026-07-03,-0.8474576271186418,22,0.03852080123266554,2.779878421268775,0.10593220338983578
BAJAJFINSV,2026-07-03,2026-07-06,-2.1736860729154484,62,0.03505945278895885,0.8751853171413951,-1.6591397664076912
BAJAJFINSV,2026-07-28,2026-07-29,-1.8508997429305896,53,0.03492263665906773,0.748199686615758,-1.0591247087885614
BAJAJFINSV,2026-07-31,2026-08-03,-0.42397422864888235,1,0.42397422864888235,0.0,2.1442495126705596
BAJAJFINSV,2026-08-03,2026-08-04,-0.6390260181665552,30,0.02130086727221851,1.3916681295680986,1.1387090095548391
BAJAJFINSV,2026-08-05,2026-08-06,-0.038636637223665726,1,0.038636637223665726,0.0,0.7388829472597447
BAJFINANCE,2026-06-24,2026-06-25,-1.8104300695053865,72,0.0251448620764637,1.2891178084975774,-1.6649925362023699
BAJFINANCE,2026-06-30,2026-07-01,-0.21956209651010639,1,0.21956209651010639,0.0,1.1676658889252733
BAJFINANCE,2026-07-01,2026-07-02,-0.26873814812643504,2,0.13436907406321752,1.0840944775262777,1.5228414060988404
BAJFINANCE,2026-07-03,2026-07-06,-1.33820188670154,62,0.021583901398411934,0.36725165780299907,-1.001242209746589
BAJFINANCE,2026-07-07,2026-07-08,-1.9908231044196145,69,0.02885250875970456,0.7327895219016675,-1.317452874805436
BAJFINANCE,2026-07-17,2026-07-20,-1.7600394395207886,35,0.050286841129165386,1.3998877365955698,0.681297392052449
BAJFINANCE,2026-07-20,2026-07-21,-0.3568120965375621,4,0.08920302413439052,0.8861143775207191,0.394361612382621
BAJFINANCE,2026-07-21,2026-07-22,-0.7611328657756489,75,0.010148438210341984,0.8548695770757373,-0.4322473028562035
BAJFINANCE,2026-07-31,2026-08-03,-3.0434453236476866,71,0.04286542709362939,1.2948669783799058,-1.9807912829160723
BAJFINANCE,2026-08-03,2026-08-04,-1.4179513021132628,39,0.03635772569521187,0.9893406438264314,-0.6570962948609149
BALRAMCHIN,2026-08-20,2026-08-21,-4.161073825503358,56,0.07430488974113139,24.678668804748792,-2.1006744179949632
BANDHANBNK,2026-06-15,2026-06-16,-2.467105227777222,43,0.05737454018086563,0.8962662629385929,1.7622180198408666
BANDHANBNK,2026-06-16,2026-06-17,-2.0455053485719854,75,0.02727340464762647,0.9297352693060185,-1.7421321497385622
BELRISE,2026-06-15,2026-06-16,-2.414469607767089,47,0.05137169378227849,0.4008651797999738,-0.9482452392533425
BELRISE,2026-06-17,2026-06-18,-0.6244783969190704,39,0.01601226658766847,0.2810095943216756,0.16764203112000775
BELRISE,2026-06-22,2026-06-23,-3.0030282306382494,53,0.056660910012042445,0.3556908931107526,-2.320887991927345
BELRISE,2026-08-12,2026-08-13,-4.693552359016717,46,0.10203374693514602,1.139797941020798,-3.387255370619846
BEML,2026-09-02,2026-09-03,-0.8292682926829276,6,0.13821138211382125,2.7535378294444093,0.9756097560975618
BEML,2026-09-03,2026-09-04,-1.762725800762488,55,0.032049560013863415,2.201309995676123,-1.1527377521613813
BEML,2026-09-04,2026-09-07,-0.3288065619179381,2,0.16440328095896906,1.3929502676111352,1.1556453370335174
BHARATFORG,2026-06-15,2026-06-16,-1.6617659026501252,65,0.025565629271540387,0.6860744861908571,-1.357840743719363
BHARATFORG,2026-06-19,2026-06-22,-0.6277630520609256,22,0.02853468418458753,1.1123132067446881,2.37968508483557
BHARATFORG,2026-06-22,2026-06-23,-0.28910415432464864,1,0.28910415432464864,0.0,1.3270142180094702
BHARATFORG,2026-06-23,2026-06-24,-2.211874272409775,54,0.04096063467425509,1.1800132247773918,-1.7555274119615882
BHARATFORG,2026-06-29,2026-06-30,-2.5769731096044524,1,2.5769731096044524,0.0,1.847465656087155
BHARATFORG,2026-07-17,2026-07-20,-1.1254363567414494,11,0.10231239606740448,0.876160995096908,0.6515719299346356
BHARATFORG,2026-07-20,2026-07-21,-1.000457114361697,17,0.05885041849186452,0.5173455752071143,-0.43459020625848943
BHARATFORG,2026-08-07,2026-08-10,-9.476234543491413,68,0.13935639034546196,5.828747985335372,-7.874115420059424
BHEL,2026-08-31,2026-09-01,-2.643678160919538,72,0.036717752234993586,0.9120920402910312,-1.9425315418462819
BIOCON,2026-08-06,2026-08-07,-1.3334879028805036,35,0.038099654368014386,1.2784956757030648,-1.124769472684306
BOSCHLTD,2026-06-15,2026-06-16,-0.7507316452474821,74,0.010145022233074083,0.42412035544354687,-0.3944522203842782
BOSCHLTD,2026-06-18,2026-06-19,-0.31250000000000444,69,0.004528985507246441,0.6938109939171906,0.6625000000000103
BOSCHLTD,2026-06-22,2026-06-23,-0.12462612163509634,1,0.12462612163509634,0.0,0.17447657028912822
BOSCHLTD,2026-07-02,2026-07-03,0.0,1,0.0,0.0,0.8424599831508006
BOSCHLTD,2026-07-03,2026-07-06,-0.9070294784580546,53,0.017113763744491597,0.4513976960550152,0.27449576321756375
BOSCHLTD,2026-08-11,2026-08-12,0.0,1,0.0,0.0,2.945736434108537
BOSCHLTD,2026-08-12,2026-08-13,-0.16099602876462615,70,0.002299943268066088,1.204800037583357,0.35419126328217754
BOSCHLTD,2026-08-13,2026-08-14,-0.6836146122623399,22,0.031073391466469993,0.47931012230723635,0.6195257423627476
BOSCHLTD,2026-08-17,2026-08-18,-0.021292451825827285,1,0.021292451825827285,0.0,3.7581177472586047
BOSCHLTD,2026-08-18,2026-08-19,-1.186094069529653,24,0.04942058623040221,1.3602180898802227,-0.8997955010224934
BOSCHLTD,2026-08-31,2026-09-01,-3.2287449392712553,60,0.05381241565452092,1.0886907360309745,-1.720647773279349
BPCL,2026-08-03,2026-08-04,-1.6712701947332098,72,0.02321208603796125,0.675660143670702,-0.6439761006471811
CARTRADE,2026-06-17,2026-06-18,-3.9035591274397263,5,0.7807118254879453,1.9588087021764575,-1.2284767568407906
CARTRADE,2026-07-01,2026-07-02,-2.0317164221690165,75,0.027089552295586888,0.14082550982505204,-1.6505413339424901
CARTRADE,2026-07-08,2026-07-09,-2.979664255636749,52,0.0573012356853221,0.2943457498965655,-1.072103818377368
CARTRADE,2026-07-14,2026-07-15,-4.0109762341310695,70,0.05729966048758671,0.8385377709576151,-3.0742871043489495
CARTRADE,2026-08-20,2026-08-21,-0.13065321740157732,1,0.13065321740157732,0.0,5.652394785757253
CARTRADE,2026-08-21,2026-08-24,-0.2610114192495905,1,0.2610114192495905,0.0,2.7079934747145096
CARTRADE,2026-08-27,2026-08-28,-1.4301678232500725,71,0.020143208778170035,0.38379871898435597,-1.1152659880231286
CDSL,2026-07-10,2026-07-13,-0.43594089331576713,4,0.10898522332894178,7.15750791046596,1.532839936477437
CDSL,2026-07-13,2026-07-14,-0.2666700932017596,18,0.014815005177875533,2.187628639475916,0.0
CDSL,2026-08-26,2026-08-27,-2.5168167232344607,71,0.035448122862457195,1.2699969936512012,-2.184011574123834
CEMPRO,2026-06-22,2026-06-23,-4.110565575134373,70,0.05872236535906247,0.4624722106222568,-3.1419815455529743
CGCL,2026-07-07,2026-07-08,-1.5020793928277043,58,0.0258979205659949,4.440435381143029,0.008416826951251899
CGCL,2026-07-09,2026-07-10,-1.7633229050988852,75,0.023510972067985136,2.0082599741286766,-0.9521914987616786
CGCL,2026-07-10,2026-07-13,0.0,1,0.0,0.0,1.6905410587609415
CGCL,2026-09-03,2026-09-04,-0.6940616973458935,31,0.022389087011157854,0.8505792529305561,2.72146564640412
CGCL,2026-09-04,2026-09-07,-3.6299516450991165,50,0.07259903290198233,0.6155119872796778,-3.1894230107378907
CGCL,2026-09-07,2026-09-08,-3.369371568834456,7,0.4813387955477794,0.9014022904225688,-2.43243243243243
CGPOWER,2026-06-17,2026-06-18,-2.4746095379855393,13,0.19035457984504148,1.222854894181319,-1.587870677586234
CGPOWER,2026-07-01,2026-07-02,-2.9015820710893703,2,1.4507910355446851,3.2604957507822654,-2.151960794078289
CHENNPETRO,2026-06-10,2026-06-11,-3.9864823624894408,74,0.05387138327688434,0.5991243520894285,-3.682430370433909
CHENNPETRO,2026-07-22,2026-07-23,-9.790160154759631,50,0.1958032030951926,3.2834351633884795,-3.3880217027136617
CHENNPETRO,2026-07-23,2026-07-24,-4.6293336886336744,10,0.46293336886336744,2.1225312507182252,-4.195579745416012
CHENNPETRO,2026-08-11,2026-08-12,-2.8692879914984037,75,0.038257173219978714,1.3564611023508593,-2.26709174636911
CHENNPETRO,2026-08-19,2026-08-20,-5.265322560776642,5,1.0530645121553284,2.349773609480385,-4.832834811802888
CHENNPETRO,2026-09-09,2026-09-10,-2.002493798249372,43,0.04656962321510167,2.7599013708304296,1.4597644675023336
CHENNPETRO,2026-09-10,2026-09-11,-6.099902562150072,52,0.117305818502886,2.4386377072427607,-5.745674386084742
CHENNPETRO,2026-09-11,2026-09-15,-6.9525484577859675,71,0.09792321771529532,1.6728918368662704,-6.432379018247747
CHOICEIN,2026-07-09,2026-07-10,-1.2158464515077627,1,1.2158464515077627,0.0,0.27687345120630535
CHOICEIN,2026-07-10,2026-07-13,-1.666663728753004,75,0.02222218305004005,0.8276298504262888,-1.564380264741272
CHOLAFIN,2026-06-24,2026-06-25,-1.3086665473150183,4,0.3271666368287546,1.4612296763045034,-0.6515764123757539
CHOLAFIN,2026-07-06,2026-07-07,-1.0687445979625454,57,0.01874990522741308,0.881965911379317,-0.46186764693542104
CHOLAFIN,2026-07-07,2026-07-08,-3.60655737704918,71,0.05079658277534056,0.811911798817422,-3.3114740757342886
CHOLAFIN,2026-08-06,2026-08-07,-2.8476048237572438,71,0.040107110193764,0.7387145048549992,-2.6702864603245113
COCHINSHIP,2026-08-26,2026-08-27,-1.2226512226512276,71,0.017220439755651094,1.4125588953201833,-0.7078507078507101
COCHINSHIP,2026-08-27,2026-08-28,-0.8110036724844005,2,0.40550183624220026,0.7637806947525846,-0.4087490189152332
COFORGE,2026-07-13,2026-07-14,-0.9760811626333243,74,0.01319028598153141,0.6663992447652861,-0.8403361344537785
COFORGE,2026-07-28,2026-07-29,-0.7506560613361968,75,0.010008747484482624,3.135385912132977,-0.4946173988943814
COFORGE,2026-07-29,2026-07-30,0.0,1,0.0,0.0,2.267385751431883
COFORGE,2026-08-05,2026-08-06,-1.896580628441169,3,0.632193542813723,1.0905804899935643,-1.110052038030207
COFORGE,2026-08-06,2026-08-07,-0.41168096993168257,40,0.010292024248292064,0.8376054352453877,0.15790936754056517
COFORGE,2026-08-11,2026-08-12,-1.8793042483294276,23,0.08170888036214903,0.36992039087809064,-0.7164508128961189
COFORGE,2026-08-20,2026-08-21,-1.7664806741860994,5,0.3532961348372199,1.3185067701622915,0.35011276173222416
COFORGE,2026-08-26,2026-08-27,-0.2068649187425997,31,0.006673061894922571,0.9172122626129781,0.8751922544242285
COFORGE,2026-08-28,2026-08-31,-2.4051059910083494,8,0.3006382488760437,1.8996867045432366,-1.751863374036322
CONCOR,2026-07-27,2026-07-28,-0.3407984420642607,1,0.3407984420642607,0.0,2.0447906523855863
CONCOR,2026-07-28,2026-07-29,-0.45636514596790745,19,0.024019218208837234,0.8477116333040916,-0.05705434763181305
CONCOR,2026-08-13,2026-08-14,-1.3847350441602568,73,0.018968973207674752,1.204883485453611,-1.3847350441602568
CONCOR,2026-08-14,2026-08-17,-1.966349770088227,28,0.07022677750315097,0.3819037580144976,-0.8319198735029398
CPPLUS,2026-06-22,2026-06-23,-2.022945131753795,71,0.028492184954278802,0.6259610911326179,-1.5130548184519643
CPPLUS,2026-06-30,2026-07-01,-3.0974428096931184,75,0.04129923746257491,0.7483549229870661,-2.857920522591184
CYIENT,2026-08-26,2026-08-27,-1.487177421661523,1,1.487177421661523,0.0,0.6790336411359288
CYIENT,2026-08-28,2026-08-31,-2.655385147538125,1,2.655385147538125,0.0,5.765340622281179
CYIENT,2026-08-31,2026-09-01,-4.731075505470161,1,4.731075505470161,0.0,-4.299472670050886
CYIENT,2026-09-01,2026-09-02,-2.557382212318604,72,0.035519197393313946,0.29981040990041885,-1.6671010212055193
DATAPATTNS,2026-06-17,2026-06-18,-0.8107311654198757,5,0.16214623308397513,2.574139675365551,1.1792453315198292
DATAPATTNS,2026-06-18,2026-06-19,-0.5683745313810773,69,0.008237312049001121,0.803971051141708,1.0633430224937124
DATAPATTNS,2026-06-19,2026-06-22,-0.6160990241719899,20,0.030804951208599496,0.7372449720643344,0.26993256666139054
DATAPATTNS,2026-08-21,2026-08-24,-2.6901747087808126,57,0.0471960475224704,0.9594850104172971,-2.11902790359062
DELHIVERY,2026-07-01,2026-07-02,-2.035024781313066,6,0.33917079688551105,11.142938128278626,-0.5576706103145312
DELHIVERY,2026-07-02,2026-07-03,-1.313212866861424,5,0.2626425733722848,2.459621825329065,-0.5880046899690461
DELHIVERY,2026-07-06,2026-07-07,-1.3934269018058942,41,0.033986021995265715,0.8107332421878383,-0.5573637222648142
DEVYANI,2026-08-20,2026-08-21,-2.333021245335931,72,0.03240307285188793,0.2428087701840185,-1.0066732031821513
DEVYANI,2026-08-21,2026-08-24,0.0,1,0.0,0.0,2.546453455286035
DEVYANI,2026-08-25,2026-08-26,-2.0956951492357545,70,0.02993850213193935,0.4798756331883548,-0.6194822771695474
DEVYANI,2026-08-26,2026-08-27,-4.64290258578578,75,0.06190536781047707,1.339461379143181,-3.9852674312049974
DIVISLAB,2026-07-14,2026-07-15,-0.4814636494944624,73,0.006595392458828253,1.5430485741079674,0.0481463649494529
DIVISLAB,2026-07-15,2026-07-16,-0.2739726027397249,1,0.2739726027397249,0.0,0.21917808219178436
DIVISLAB,2026-07-16,2026-07-17,-1.5109044916934433,68,0.022219183701374167,1.10586156027065,-0.902440691871198
DIVISLAB,2026-07-20,2026-07-21,-0.7164790174002067,3,0.23882633913340223,0.4050658617130749,0.03411804844761779
DIVISLAB,2026-07-29,2026-07-30,-0.7069613400420338,3,0.23565378001401127,0.8887042580998911,-0.5158907075982433
DIVISLAB,2026-07-30,2026-07-31,-0.5579237713139396,1,0.5579237713139396,0.0,1.3665997993981938
DIVISLAB,2026-07-31,2026-08-03,-3.2696897374701717,1,3.2696897374701717,0.0,2.446300715990457
DIVISLAB,2026-08-03,2026-08-04,-2.437869822485206,14,0.17413355874894326,2.9762549923604915,-0.8520710059171543
DIVISLAB,2026-08-12,2026-08-13,-1.0116456887425018,16,0.06322785554640636,0.5572960110559656,-0.011763321962121598
DIVISLAB,2026-08-25,2026-08-26,-0.43480748326563123,1,0.43480748326563123,0.0,3.26677727558784
DIVISLAB,2026-08-26,2026-08-27,-0.12156039341363334,8,0.015195049176704167,2.3582735053562613,0.12156039341364444
DIVISLAB,2026-08-27,2026-08-28,0.0,1,0.0,0.0,1.695101816180511
DIVISLAB,2026-08-28,2026-08-31,-0.947944315042526,72,0.013165893264479527,1.5782841786328432,2.5621580629435092
DIVISLAB,2026-08-31,2026-09-01,-1.740540540540536,61,0.028533451484271083,1.0989307149514198,-0.9189189189189206
DIVISLAB,2026-09-08,2026-09-09,-1.5788373065662942,35,0.045109637330465545,0.6933828469838226,-0.7946465913843626
DIXON,2026-06-15,2026-06-16,-1.0543933054393273,34,0.031011567807039037,2.2911665245797224,2.4267782426778295
DIXON,2026-06-16,2026-06-17,0.0,1,0.0,0.0,3.9426813471502564
DIXON,2026-06-17,2026-06-18,-2.1289821289821265,61,0.034901346376756175,0.8868016253217171,-1.6239316239316293
DIXON,2026-07-06,2026-07-07,-1.3894104393541107,26,0.05343886305208118,2.869343633917222,-0.5482538490424349
DIXON,2026-07-07,2026-07-08,-2.4295801381823745,69,0.03521130635046919,1.1177667313572128,-1.799407789841323
DIXON,2026-07-09,2026-07-10,-3.1014492753623224,75,0.04135265700483096,2.6752796732909743,-2.8913043478260847
DIXON,2026-07-10,2026-07-13,-0.6622018210550085,1,0.6622018210550085,0.0,1.3770787869666679
DIXON,2026-07-16,2026-07-17,-1.988030542752972,75,0.026507073903372962,0.8399819751003009,-1.6647176171149525
DIXON,2026-08-20,2026-08-21,-1.7473118279569877,27,0.06471525288729583,3.5575230026751394,-0.20161290322581182
DLF,2026-07-01,2026-07-02,-0.3000480279700457,1,0.3000480279700457,0.0,0.784732327181481
DLF,2026-07-02,2026-07-03,-0.6426735337140999,1,0.6426735337140999,0.0,2.374113488105256
DLF,2026-07-03,2026-07-06,-1.1068477376367292,67,0.01652011548711536,1.607807320177489,-0.6345909014017326
DLF,2026-07-06,2026-07-07,-3.3965032457729416,71,0.04783807388412594,1.1346121479018545,-3.106655431298777
DLF,2026-07-10,2026-07-13,-0.4507572183664932,32,0.014086163073952912,1.2323848099015737,1.0123365608194712
DLF,2026-08-24,2026-08-25,-1.4098854952080297,8,0.17623568690100372,1.0079144373429227,-0.7340098536291806
EICHERMOT,2026-07-28,2026-07-29,-1.6869609335362745,54,0.031240017287708786,0.8758031065851065,-1.0654490106544956
EICHERMOT,2026-08-03,2026-08-04,-1.877026689947614,64,0.02932854203043147,1.1525898527534681,-1.0351708655525038
EICHERMOT,2026-08-11,2026-08-12,-0.6374203224596919,10,0.0637420322459692,0.8068228498678265,0.5999250093738251
EMMVEE,2026-06-12,2026-06-15,-4.371506301615147,56,0.07806261252884192,0.49735660618432914,-3.2535490626156682
EMMVEE,2026-06-15,2026-06-16,-1.770836966378353,5,0.3541673932756706,0.6969067173321164,0.13393220447359688
EMMVEE,2026-07-01,2026-07-02,-2.0830398119248916,3,0.6943466039749638,1.7634920322205057,2.664019763039671
EMMVEE,2026-07-02,2026-07-03,-2.146814404432129,14,0.15334388603086638,1.2891662047666326,-0.9279795300597304
ENGINERSIN,2026-09-01,2026-09-02,-1.8638036584341378,30,0.06212678861447126,3.2814567619644968,-0.8602128661234332
ENRIN,2026-06-19,2026-06-22,-2.104964601411341,50,0.04209929202822682,0.4724805128171184,0.17347049911122792
ENRIN,2026-06-22,2026-06-23,-3.263808211166508,49,0.06660833084013282,0.6599695708917263,-2.13720138263066
ETERNAL,2026-07-01,2026-07-02,-0.8363011044539626,75,0.0111506813927195,1.705788808321246,-0.3736611362878062
ETERNAL,2026-07-02,2026-07-03,-0.8844861326675169,1,0.8844861326675169,0.0,-0.44224306633375843
ETERNAL,2026-07-03,2026-07-06,-1.3744471881883213,28,0.049087399578154334,0.7129927441544768,-0.12335016863986858
ETERNAL,2026-07-07,2026-07-08,-1.4583375718858482,69,0.02113532712878041,1.8615532582563663,-0.26041666666666297
ETERNAL,2026-07-08,2026-07-09,0.0,1,0.0,0.0,1.7013867696126228
ETERNAL,2026-07-09,2026-07-10,-2.5279986082245243,25,0.10111994432898097,0.9196019081810572,-1.5948462885469472
ETERNAL,2026-07-28,2026-07-29,-0.11312414687142391,1,0.11312414687142391,0.0,0.7110576116453604
ETERNAL,2026-07-29,2026-07-30,-0.7323026851098424,48,0.015256305939788384,0.7220896892174908,0.9601341601403579
ETERNAL,2026-08-06,2026-08-07,-0.46090660486323154,31,0.014867954995588115,0.2686506138788467,0.12714363913672866
ETERNAL,2026-08-14,2026-08-17,-0.3149110497374541,4,0.07872776243436352,2.3435921163894786,0.1417138165108911
ETERNAL,2026-08-20,2026-08-21,-1.473718022961723,23,0.0640746966505097,1.976543474661508,-0.33424675877083976
ETERNAL,2026-08-21,2026-08-24,-0.12256592278337974,4,0.030641480695844936,1.2613947822837037,0.2451318455667595
EXIDEIND,2026-07-09,2026-07-10,-1.4697277225414251,39,0.0376853262190109,0.7189610109246091,-1.2014449947077455
EXIDEIND,2026-07-17,2026-07-20,-0.1841168683472283,1,0.1841168683472283,0.0,0.3797454307213677
EXIDEIND,2026-07-20,2026-07-21,-0.034351058875758955,1,0.034351058875758955,0.0,1.4657034205756814
EXIDEIND,2026-07-21,2026-07-22,-1.5369009205417505,18,0.08538338447454169,0.7962646547590171,1.1074683605594604
EXIDEIND,2026-07-22,2026-07-23,-1.8495684846491223,75,0.024660913128654965,0.5404754576541639,-1.569330835459859
EXIDEIND,2026-07-30,2026-07-31,-2.7373262163742806,36,0.07603683934373001,1.2973853664700143,-2.0037214538008996
EXIDEIND,2026-08-05,2026-08-06,-0.9845903217736374,1,0.9845903217736374,0.0,1.5839027618015367
EXIDEIND,2026-08-07,2026-08-10,-0.952971472022357,39,0.024435165949291206,0.37102116158614706,-0.8095116524672541
EXIDEIND,2026-08-11,2026-08-12,-1.3296512056550136,60,0.02216085342758356,0.4611386189051447,0.6034533400063768
FEDERALBNK,2026-06-12,2026-06-15,-1.5575776839481192,9,0.17306418710534657,0.23681622627438914,-0.28319506955760687
FEDERALBNK,2026-06-17,2026-06-18,-0.9747776438124967,69,0.014127212229166618,0.27531591384020493,-0.5879603689836421
FEDERALBNK,2026-06-24,2026-06-25,-0.6923076923076921,66,0.010489510489510486,0.5239294865754991,-0.29231144831730616
FEDERALBNK,2026-06-30,2026-07-01,-0.8667809281465044,1,0.8667809281465044,0.0,0.42579819526757934
FEDERALBNK,2026-07-03,2026-07-06,-0.6711353787000718,5,0.13422707574001436,0.7923249506186011,0.7016529579615183
FEDERALBNK,2026-07-17,2026-07-20,-0.15974086914561925,1,0.15974086914561925,0.0,1.8733698622463324
FEDERALBNK,2026-07-21,2026-07-22,-0.9859154929577452,60,0.016431924882629085,0.6503940905374068,-0.6056320835167273
FEDERALBNK,2026-08-03,2026-08-04,-1.433884400102159,72,0.019915061112529983,0.4933868884333861,-0.055144545103769094
FINCABLES,2026-09-09,2026-09-10,-1.1314093230554656,5,0.22628186461109312,1.7017999543987057,4.887966664145171
FINCABLES,2026-09-10,2026-09-11,-4.3468968175633504,2,2.1734484087816752,6.541300470237031,2.28408279800143
FIVESTAR,2026-07-06,2026-07-07,-1.8551850804225056,70,0.026502644006035796,0.2945858422866605,-1.1977709416156723
FLUOROCHEM,2026-08-13,2026-08-14,-0.7015211523059395,74,0.009480015571701885,4.473146280025626,-0.18960142349193632
FSL,2026-07-29,2026-07-30,-0.505187354698311,1,0.505187354698311,0.0,3.4567440257353033
FSL,2026-07-30,2026-07-31,-3.6835025055239945,2,1.8417512527619972,9.160729750060685,1.683501683501687
FSL,2026-07-31,2026-08-03,0.0,1,0.0,0.0,6.25
FSL,2026-08-03,2026-08-04,-0.9464663438227272,1,0.9464663438227272,0.0,2.622191530498452
FSL,2026-08-04,2026-08-05,-1.174696956772403,16,0.07341855979827519,0.44974858661364275,2.243979580431099
FSL,2026-08-05,2026-08-06,-16.376094080908377,60,0.2729349013484729,2.4693938049129707,-12.084633964578694
GABRIEL,2026-08-03,2026-08-04,-1.831262262916944,3,0.610420754305648,0.7026060087297936,0.1177271960840498
GABRIEL,2026-08-04,2026-08-05,0.0,1,0.0,0.0,2.7922077922077904
GABRIEL,2026-08-05,2026-08-06,-4.18960522718359,67,0.06253142130124761,0.22902090663373792,-2.1580897482953554
GAIL,2026-06-12,2026-06-15,-0.017326313620558143,1,0.017326313620558143,0.0,1.3110802128122545
GAIL,2026-06-15,2026-06-16,-0.827386749584913,38,0.021773335515392445,0.8911062055069162,-0.20968511951636737
GAIL,2026-06-16,2026-06-17,-1.0880025815515615,63,0.017269882246850183,0.2506401866310906,-0.8500028274630145
GLAND,2026-06-11,2026-06-12,-3.171663843032191,56,0.05663685433986055,1.7558135017518917,-2.526141601985732
GLAND,2026-06-30,2026-07-01,-2.727637384677095,22,0.1239835174853225,0.7604552512558184,-0.7220216606498187
GLAND,2026-07-07,2026-07-08,-3.9898435973524826,68,0.05867417054930121,1.0618510972165363,-2.305588120359514
GLAND,2026-08-10,2026-08-11,-1.1911420359715374,1,1.1911420359715374,10.071798915647292,2.951510892480669
GLAND,2026-08-11,2026-08-12,-2.0205479452054753,11,0.1836861768368614,3.9268171150755222,-1.373291015625
GLAND,2026-08-14,2026-08-17,-4.139874518133835,53,0.07811083996478935,0.23579999518699768,-2.52546034358605
GLAND,2026-09-04,2026-09-07,0.0,1,0.0,0.0,1.8282087120317314
GLAND,2026-09-07,2026-09-08,-1.6570620922992219,20,0.08285310461496109,2.613309264881194,0.28126224426041624
GLENMARK,2026-08-24,2026-08-25,-0.6064154325539417,14,0.04331538803956726,2.4747724422775064,0.3722095261705638
GLENMARK,2026-08-25,2026-08-26,-0.22143414823031504,1,0.22143414823031504,0.0,1.8759985090835096
GLENMARK,2026-08-26,2026-08-27,-0.032713187428790036,26,0.0012581995164919245,1.3681989305964992,0.6176161912303524
GLENMARK,2026-08-27,2026-08-28,-1.085991794190233,14,0.0775708424421595,0.9339266811638202,2.2939843855662057
GLENMARK,2026-08-28,2026-08-31,-2.8618947643080928,28,0.1022105272967176,1.70846874618578,-1.8327216852013328
GMRAIRPORT,2026-06-15,2026-06-16,-0.5473642845104987,75,0.007298190460139982,0.828102502511678,-0.28759398456327245
GMRAIRPORT,2026-06-16,2026-06-17,-0.2604397486124954,1,0.2604397486124954,0.0,1.4324257138195629
GMRAIRPORT,2026-06-18,2026-06-19,-1.5812412298190193,68,0.023253547497338517,0.37536014010282714,-1.3994919144989182
GMRAIRPORT,2026-06-30,2026-07-01,-0.30163587970465366,2,0.15081793985232683,0.5140561032388281,0.7363394447002847
GMRAIRPORT,2026-07-01,2026-07-02,-2.198188627634101,30,0.07327295425447004,1.2187940343434656,-1.494772291794777
GMRAIRPORT,2026-07-07,2026-07-08,-3.07395044900588,69,0.044550006507331597,0.9559086947860177,-2.503072596911593
GODREJPROP,2026-07-01,2026-07-02,-0.7849145980663885,28,0.028032664216656733,0.8902737333833273,0.34148578857671197
GODREJPROP,2026-07-02,2026-07-03,-0.41914589245902745,1,0.41914589245902745,0.0,0.8181029008005103
GODREJPROP,2026-07-03,2026-07-06,-0.38325375867018785,1,0.38325375867018785,0.0,1.8565551381905188
GODREJPROP,2026-07-06,2026-07-07,-2.208811156017909,20,0.11044055780089546,1.0220399778678046,-0.5984201295225811
GODREJPROP,2026-07-08,2026-07-09,0.0,1,0.0,0.0,2.0101512392200815
GODREJPROP,2026-07-10,2026-07-13,-0.44268167919639945,33,0.013414596339284832,1.8537678212715245,1.9685434091801124
GODREJPROP,2026-07-13,2026-07-14,-2.055852671138003,75,0.02741136894850671,0.9709945919944459,-1.7575028481743749
GRANULES,2026-07-07,2026-07-08,-1.0801379550486323,69,0.01565417326157438,1.197898960770627,0.11614401858304202
GRANULES,2026-07-09,2026-07-10,-0.8727477477477485,1,0.8727477477477485,0.0,-0.11261261261261701
GRANULES,2026-07-13,2026-07-14,-0.6341928678000097,18,0.03523293710000054,0.33805368426796084,0.6229641532021324
GRAPHITE,2026-08-04,2026-08-05,-1.5156773005484236,73,0.02076270274723868,3.1080237219083147,-1.0127820419447153
GRAPHITE,2026-08-05,2026-08-06,-0.8727494360863841,2,0.43637471804319206,0.6516590807730618,1.7736451510302231
GRAPHITE,2026-09-09,2026-09-10,-1.8923085061994804,75,0.025230780082659738,8.124203652848077,-1.528174327370846
GRASIM,2026-06-15,2026-06-16,-1.411991060179485,75,0.0188265474690598,0.4003608773468875,-1.1666987847095633
GROWW,2026-07-02,2026-07-03,-1.0241522305253659,26,0.03939047040482176,0.38310166825410846,-0.33816277692859664
GVT&D,2026-06-17,2026-06-18,-2.1758135016998525,13,0.16737026936152713,0.7057588379720775,1.8164157357940747
GVT&D,2026-06-18,2026-06-19,0.0,1,0.0,0.0,5.621301775147924
GVT&D,2026-06-19,2026-06-22,-2.2230254834628593,8,0.2778781854328574,1.0281747377856132,-0.6958250497017926
HAL,2026-08-03,2026-08-04,-1.1156644697418616,49,0.022768662647793095,1.2379723282602557,-0.936133335810152
HAL,2026-08-06,2026-08-07,-1.393324617669367,37,0.03765742209917208,2.194344379405856,-0.707785642062686
HAL,2026-08-12,2026-08-13,-2.1286744941662272,2,1.0643372470831136,2.2561080887495026,-1.531291022106207
HAL,2026-08-17,2026-08-18,-0.3398912224582551,1,0.3398912224582551,0.0,0.7607943879063273
HAVELLS,2026-07-30,2026-07-31,-0.8360261362749033,52,0.016077425697594294,0.5396649881228031,-0.5915292890278145
HAVELLS,2026-08-03,2026-08-04,-0.3891050583657574,49,0.007940919558484845,0.930138358609941,0.7782101167315147
HAVELLS,2026-08-04,2026-08-05,-0.47356383056856854,72,0.006577275424563452,1.131631736551269,0.1475059739208584
HAVELLS,2026-08-17,2026-08-18,-1.0006928061203735,64,0.015635825095630836,0.5735260486606463,0.04618394251503233
HCLTECH,2026-07-24,2026-07-27,-0.6301521263491372,2,0.3150760631745686,0.5778835612701589,0.7546250962844558
HCLTECH,2026-07-27,2026-07-28,0.0,1,0.0,0.0,1.5603419545061392
HCLTECH,2026-07-28,2026-07-29,-1.452297662108415,2,0.7261488310542075,0.706008532148908,0.11917015822138222
HCLTECH,2026-07-29,2026-07-30,0.0,1,0.0,0.0,0.3195636820855663
HCLTECH,2026-07-30,2026-07-31,-0.636155979798847,1,0.636155979798847,0.0,3.0888365399207363
HCLTECH,2026-08-03,2026-08-04,-2.0571292987039413,38,0.05413498154484056,0.5798119018459623,-0.4215982382547834
HDFCBANK,2026-07-06,2026-07-07,-1.7414590685363995,75,0.023219454247151994,1.5472227647104924,-1.634472511144136
HDFCBANK,2026-07-07,2026-07-08,-2.241066020593585,68,0.03295685324402331,0.9964692023688991,-1.9442747175007602
HEG,2026-07-23,2026-07-24,0.0,1,0.0,0.0,5.158608582006363
HEG,2026-07-30,2026-07-31,-2.232621554239156,15,0.14884143694927707,0.47731670525821984,-1.1917369321332139
HEG,2026-08-05,2026-08-06,-1.9495596073437538,7,0.27850851533482196,0.5155544825930777,-0.8551999137952571
HEG,2026-08-14,2026-08-17,-2.0836245039971057,61,0.03415777875405091,0.588179997274297,-0.796469318786519
HEG,2026-08-18,2026-08-19,-5.271695139702281,44,0.11981125317505184,2.647003499666208,-4.291700530398657
HEG,2026-09-01,2026-09-02,-3.080002186886255,74,0.04162165117413858,0.48817056931730646,-2.5838902183101253
HEROMOTOCO,2026-07-30,2026-07-31,-1.1043782354724363,1,1.1043782354724363,0.0,0.41227679612443335
HEROMOTOCO,2026-07-31,2026-08-03,-0.5437788018433198,1,0.5437788018433198,0.0,0.6451612903225712
HEROMOTOCO,2026-08-03,2026-08-04,-0.11029411764705843,1,0.11029411764705843,0.0,1.9852941176470518
HEROMOTOCO,2026-08-04,2026-08-05,-0.6073597713469048,1,0.6073597713469048,0.0,1.6434440871739842
HEROMOTOCO,2026-08-05,2026-08-06,-1.7871361585419798,73,0.024481317240301094,0.6030201253930677,-1.7871361585419798
HEROMOTOCO,2026-08-07,2026-08-10,0.0,1,0.0,0.0,1.0693342531907568
HEROMOTOCO,2026-08-10,2026-08-11,-0.7439712673165677,49,0.015183087088093218,0.8442308392291459,0.3164015734564707
HFCL,2026-06-19,2026-06-22,-5.528699877110643,70,0.07898142681586633,0.7687988762629948,-2.9415824312140737
HFCL,2026-06-22,2026-06-23,-4.156627409201297,44,0.09446880475457493,1.217081158550205,-3.140347349489059
HFCL,2026-07-06,2026-07-07,-3.331994509578129,8,0.4164993136972661,3.1340169377054217,-1.9084449549638616
HFCL,2026-07-07,2026-07-08,-2.6122424067283045,58,0.04503866218497077,0.6743768106383999,-2.6122424067283045
HFCL,2026-08-24,2026-08-25,-1.5323583168873944,3,0.5107861056291315,3.3383194064720603,-0.9603353034479345
HFCL,2026-08-25,2026-08-26,-2.556495731981734,33,0.07746956763581012,0.5799262284446658,-1.6500258817465863
HFCL,2026-08-27,2026-08-28,-0.008112424580786204,1,0.008112424580786204,0.0,2.4350649953833514
HFCL,2026-08-28,2026-08-31,-2.6357187366947032,71,0.037122799108376105,0.6913695773910499,-2.049563932976328
HFCL,2026-08-31,2026-09-01,-6.2068979281370895,54,0.11494255422476092,0.8223102128333595,-6.2068979281370895
HINDCOPPER,2026-08-17,2026-08-18,-2.157449852652449,14,0.15410356090374636,1.3839556313536578,-0.22895171203186626
HINDCOPPER,2026-08-21,2026-08-24,-1.6046491116523565,5,0.3209298223304713,1.5341309726616177,-1.4832140882838685
HINDCOPPER,2026-08-24,2026-08-25,-2.342527277529316,41,0.057134811647056485,2.5071840726331467,-1.9644054107666342
HONASA,2026-06-11,2026-06-12,-2.72630425100181,73,0.03734663357536726,0.9695533434761359,-2.100789336647324
HONASA,2026-06-30,2026-07-01,0.0,1,0.0,0.0,1.8165940952994175
HONASA,2026-07-01,2026-07-02,-0.8017103153393879,13,0.06167002425687599,0.5340380294586895,-0.11758156984900126
HONASA,2026-07-06,2026-07-07,-0.9316783380554305,68,0.01370115203022692,0.2473606052674787,-0.40693808552622057
HSCL,2026-06-10,2026-06-11,-1.9709073153409085,1,1.9709073153409085,0.0,-1.6000000000000014
HSCL,2026-06-17,2026-06-18,-2.1054111296622158,75,0.02807214839549621,0.6741604568373298,-1.842237994473106
HSCL,2026-06-18,2026-06-19,-3.3311578199282654,68,0.04898761499894508,0.6022164531584192,-2.3151189381557358
HSCL,2026-07-21,2026-07-22,-6.218122959869432,75,0.08290830613159243,1.9233443119078681,-6.039941556259598
HSCL,2026-08-14,2026-08-17,-0.956632653061229,28,0.03416545189504389,0.35451771183282776,0.0
HYUNDAI,2026-06-15,2026-06-16,-3.3816898242693627,75,0.04508919765692484,0.18094731034322825,-3.205255029971066
HYUNDAI,2026-08-13,2026-08-14,-2.0251154126313953,47,0.04308756197088075,0.5467085763163755,-1.694304796743018
ICICIBANK,2026-06-24,2026-06-25,0.0,1,0.0,0.0,0.5361948079827039
ICICIBANK,2026-07-03,2026-07-06,-0.12024849225296119,1,0.12024849225296119,0.0,0.9265790871061164
ICICIBANK,2026-07-06,2026-07-07,-1.4812710938479579,75,0.019750281251306106,1.2799560411865754,-1.3415282159668807
ICICIBANK,2026-07-17,2026-07-20,-0.8061232634270388,7,0.11516046620386268,2.07495498722492,0.6132027190543399
ICICIBANK,2026-07-20,2026-07-21,-0.7900814583653104,11,0.07182558712411913,2.141911770639792,-0.3473624680253473
IDBI,2026-07-14,2026-07-15,-2.5635183844771703,75,0.03418024512636227,4.082984052236798,-2.016630637761596
IDEA,2026-08-25,2026-08-26,-1.7015659669580518,13,0.13088968976600399,1.7335402578644106,-1.4397861073241924
IDEA,2026-09-07,2026-09-08,-1.480048537972467,1,1.480048537972467,0.0,-0.7722000376683025
IDEA,2026-09-09,2026-09-10,-5.4243801999441565,72,0.07533861388811329,1.9788771056274659,-4.9138510147715415
IDFCFIRSTB,2026-06-12,2026-06-15,-1.1519185052128011,9,0.12799094502364458,1.1667733445930026,0.2175935035405363
IDFCFIRSTB,2026-06-15,2026-06-16,-1.4900639569100482,38,0.03921220939236969,0.4686691527612065,-1.158935394319327
IDFCFIRSTB,2026-06-22,2026-06-23,-2.8699187723963626,66,0.04348361776358125,0.9767363767840184,-2.3356905246784687
IDFCFIRSTB,2026-07-27,2026-07-28,-0.29484608715721894,1,0.29484608715721894,0.0,1.3091173468171124
IFCI,2026-06-12,2026-06-15,-3.157779564425245,2,1.5788897822126224,5.1624341216839476,1.4591869145970549
IFCI,2026-06-15,2026-06-16,-2.287941358565282,44,0.05199866724012004,1.7718444020756035,-0.7924097059864632
IFCI,2026-06-17,2026-06-18,-10.65500945570539,49,0.21744917256541613,2.8375318189530216,-8.729807069506235
IFCI,2026-08-25,2026-08-26,-0.287422591340758,1,0.287422591340758,0.0,2.8742533244058732
IFCI,2026-08-26,2026-08-27,-3.0553030051907903,75,0.040737373402543874,1.3513932682686676,-2.1027011494965997
IFCI,2026-08-27,2026-08-28,-0.7475050575970421,2,0.37375252879852106,3.787119155732312,6.7394404217422155
IFCI,2026-08-28,2026-08-31,-2.403107115174774,59,0.04073062907075888,1.3026988836187001,-0.6644585639401401
IFCI,2026-09-02,2026-09-03,-3.9979729268369235,66,0.06057534737631702,2.7621615433747504,-2.89193913268454
IFCI,2026-09-03,2026-09-04,0.0,1,0.0,0.0,6.062174584581448
IFCI,2026-09-04,2026-09-07,-2.873563176391669,2,1.4367815881958346,10.959393694486469,-2.021073352023406
IIFL,2026-06-16,2026-06-17,-1.2920070286718377,8,0.1615008785839797,0.5325825585817657,-0.5430134716210233
IIFL,2026-07-16,2026-07-17,-3.6660172380161393,34,0.1078240364122394,1.082158175011511,-2.6135702538124805
IIFL,2026-07-21,2026-07-22,-1.663760939541592,37,0.044966511879502485,1.927378951544655,-0.8710801393728262
IIFL,2026-07-22,2026-07-23,-4.394845594152363,1,4.394845594152363,0.0,-2.497851981625532
IIFL,2026-07-28,2026-07-29,-1.1925042589437829,1,1.1925042589437829,0.0,0.7666098807495692
IIFL,2026-07-29,2026-07-30,-0.14110992286680002,3,0.047036640955600006,3.053205161047583,0.9379969524471843
IIFL,2026-07-30,2026-07-31,-1.2298498986591744,75,0.01639799864878899,0.8279612816333677,-0.8551881073813106
IIFL,2026-07-31,2026-08-03,-1.2851957666702218,7,0.1835993952386031,2.5590038518820353,1.1542219931016673
IIFL,2026-08-10,2026-08-11,-1.6682649744157119,72,0.023170346866884888,0.32393988357764264,-1.1414470203366722
IIFL,2026-08-13,2026-08-14,-1.2973737511021155,53,0.02447875002079463,0.4211266638900366,-0.7469727657860692
IIFL,2026-08-14,2026-08-17,-0.9822579352228633,75,0.013096772469638177,0.37220168245401025,-0.41983909423520815
IIFL,2026-08-20,2026-08-21,0.0,1,0.0,0.0,5.092592592592582
IIFL,2026-08-21,2026-08-24,-0.394383766894546,1,0.394383766894546,0.0,1.7236414327981064
IIFL,2026-08-24,2026-08-25,-2.2701408373165366,1,2.2701408373165366,0.0,1.1692373167960568
INDHOTEL,2026-06-15,2026-06-16,-0.09393416388185916,1,0.09393416388185916,0.0,0.2601138429145555
INDHOTEL,2026-06-18,2026-06-19,-0.5773479518608293,1,0.5773479518608293,0.0,1.5419208329831013
INDHOTEL,2026-06-19,2026-06-22,-0.3089598352214229,24,0.012873326467559287,1.4586399786937079,0.6522485410229928
INDHOTEL,2026-06-22,2026-06-23,-1.5842518327081612,58,0.027314686770830366,0.8696459030621085,-0.6858240290403605
INDHOTEL,2026-07-06,2026-07-07,-0.4850493885588225,18,0.026947188253267917,2.039369400602806,0.5119897238574422
INDHOTEL,2026-07-07,2026-07-08,-3.0360276266654496,75,0.04048036835553933,0.4630625034032813,-2.455802424967768
INDIGO,2026-06-12,2026-06-15,-0.1852232969746903,1,0.1852232969746903,0.0,0.5556698909240598
INDIGO,2026-06-15,2026-06-16,-2.1463434482977606,48,0.04471548850620335,0.7133071032159253,-1.49797144944106
INDIGO,2026-06-18,2026-06-19,-0.6717869681743482,44,0.015267885640326096,0.43119271095371803,0.3678803179880896
INDIGO,2026-06-24,2026-06-25,0.0,1,0.0,0.0,3.2095606355990958
INDUSINDBK,2026-07-03,2026-07-06,0.0,1,0.0,0.0,4.685881541679993
INDUSINDBK,2026-07-06,2026-07-07,-0.059515633190687645,1,0.059515633190687645,0.0,1.3935714761808216
INDUSINDBK,2026-07-07,2026-07-08,-2.381776628366117,68,0.035026126887737014,1.6394797936012016,-1.9034456887040418
INDUSINDBK,2026-07-21,2026-07-22,-0.5790438334837278,19,0.030475991235985673,1.4386084005799202,0.6779091806508486
INDUSINDBK,2026-07-22,2026-07-23,-3.6098665751105097,66,0.054694948107734995,2.577529223496433,-3.0934846115182157
INFY,2026-08-10,2026-08-11,-0.44639506528751927,14,0.03188536180625138,0.5322344419905574,0.28635578235727266
IPCALAB,2026-08-25,2026-08-26,-0.1390294115280688,1,0.1390294115280688,0.0,0.4119464469618972
IPCALAB,2026-08-26,2026-08-27,-0.43433827286663007,26,0.01670531818717808,0.12932200027257043,0.20439448134901284
JBMA,2026-06-19,2026-06-22,-1.1580381471389622,75,0.015440508628519497,0.3056037966856861,-1.0899182561307952
JINDALSTEL,2026-08-20,2026-08-21,-0.16038926755858052,1,0.16038926755858052,0.0,0.4900650236755233
JSWCEMENT,2026-06-15,2026-06-16,-1.1175313666606401,29,0.03853556436760828,0.7266779896930521,-0.20809577838992732
JSWCEMENT,2026-06-17,2026-06-18,-0.5431923168831565,46,0.011808528627894707,0.6958277735035603,0.007646321109766596
JSWINFRA,2026-06-23,2026-06-24,-0.11029801430872954,1,0.11029801430872954,0.0,6.649860357789517
JSWINFRA,2026-06-24,2026-06-25,-3.8404909540255106,32,0.1200153423132972,1.9099648942569754,-2.8840459520380057
JSWINFRA,2026-07-13,2026-07-14,-2.630069185393513,11,0.23909719867213755,1.5258468697197585,-1.700966808773774
JSWSTEEL,2026-08-26,2026-08-27,-1.386208389316157,72,0.019252894296057737,1.6570771842894076,-0.8524833209785032
JSWSTEEL,2026-08-27,2026-08-28,-0.9073847458520801,70,0.012962639226458286,0.7636073279032181,0.104988707466247
JUBLFOOD,2026-08-10,2026-08-11,-1.6094770747164588,72,0.022353848259950817,0.8008170152770013,-1.1640854049802085
JUBLFOOD,2026-08-13,2026-08-14,0.0,1,0.0,0.0,1.6023404826827292
JUBLFOOD,2026-08-14,2026-08-17,-0.6528165762549332,17,0.0384009750738196,0.48705539383794777,1.1869436201780381
JUBLFOOD,2026-08-26,2026-08-27,-0.9999000344081854,7,0.1428428620583122,0.3222848585074711,0.7899234683446776
JYOTICNC,2026-06-24,2026-06-25,-3.5798504597872816,74,0.048376357564692996,0.3936914440374449,-2.286771377525243
JYOTICNC,2026-07-10,2026-07-13,-0.6920211150411415,74,0.009351636689745155,0.35519967623380716,0.0698352868381047
JYOTICNC,2026-07-15,2026-07-16,-1.768654220464394,18,0.09825856780357745,1.3901735247638294,-1.0291459711830653
JYOTICNC,2026-07-16,2026-07-17,-3.0333197008336588,56,0.05416642322917248,0.6436090899542781,-2.6603709304522494
JYOTICNC,2026-08-18,2026-08-19,-1.7434365038968336,5,0.3486873007793667,2.0552213363175063,2.3084386488634534
JYOTICNC,2026-08-19,2026-08-20,-0.6157869037829111,39,0.015789407789305415,0.5682849218844623,-0.026315789473685403
JYOTICNC,2026-08-21,2026-08-24,-1.9366564186216073,22,0.08802983721007306,0.5222203611552507,-1.1246746156428955
JYOTICNC,2026-08-24,2026-08-25,-0.21422857290870345,68,0.0031504201898338744,0.3954473588448129,1.5812292782453552
JYOTICNC,2026-08-25,2026-08-26,-0.7722227048434283,25,0.03088890819373713,0.34104822988693934,2.225810048913157
JYOTICNC,2026-08-26,2026-08-27,-0.5902316730165502,14,0.04215940521546787,0.3078989955021747,1.2394901158230054
JYOTICNC,2026-08-27,2026-08-28,-1.3982583599823184,9,0.15536203999803538,0.49073028155928616,0.9273242758190525
JYOTICNC,2026-08-28,2026-08-31,-3.773038255486172,12,0.31441985462384764,1.4938243901910844,-3.4966040536342113
JYOTICNC,2026-09-08,2026-09-09,-2.5166087952892213,75,0.033554783937189615,0.38013458389026883,-2.0511103053196145
KALYANKJIL,2026-06-30,2026-07-01,-1.9876050105231968,74,0.02685952716923239,0.38692416967668947,-1.122872011370768
KALYANKJIL,2026-07-09,2026-07-10,-1.740086761340176,1,1.740086761340176,0.0,5.7709277989055785
KALYANKJIL,2026-07-10,2026-07-13,-0.02126884324104017,1,0.02126884324104017,0.0,8.8260312468319
KALYANKJIL,2026-07-13,2026-07-14,-1.3884890270063677,2,0.6942445135031838,22.414456758357304,2.9808671175962864
KALYANKJIL,2026-07-14,2026-07-15,-2.883899703007964,2,1.441949851503982,5.807187322824858,1.9850141546699396
KALYANKJIL,2026-07-15,2026-07-16,-1.9503174951126967,22,0.0886507952323953,1.9712429913740723,0.6439742410303539
KALYANKJIL,2026-07-16,2026-07-17,0.0,1,0.0,0.0,5.495520705953605
KALYANKJIL,2026-07-17,2026-07-20,-1.7017191364465667,4,0.4254297841116417,1.0199085676976323,-0.5148812538929293
KALYANKJIL,2026-07-21,2026-07-22,-0.10405559623507532,1,0.10405559623507532,0.0,3.164831219515496
KALYANKJIL,2026-07-22,2026-07-23,-2.3584471291678955,73,0.032307494920108155,0.18697581018250317,-1.931920760162098
KALYANKJIL,2026-07-28,2026-07-29,-0.48931660731724724,1,0.48931660731724724,0.0,2.756487536622587
KALYANKJIL,2026-07-29,2026-07-30,-0.6022167659221478,3,0.20073892197404927,1.1285725825733646,0.12678094975733245
KALYANKJIL,2026-07-30,2026-07-31,-3.6759467840051574,74,0.049674956540610236,0.5711608313407942,-3.226307795148342
KARURVYSYA,2026-07-21,2026-07-22,-1.5627299571006725,75,0.020836399428008967,6.4926287866886,-1.270631232937769
KARURVYSYA,2026-07-22,2026-07-23,-1.0060731739165107,43,0.023397050556197924,1.4251563415631523,-0.014800505619227966
KARURVYSYA,2026-08-03,2026-08-04,-2.4334383902234746,71,0.0342737801439926,0.1282446433913035,-2.247344935663209
KAYNES,2026-08-24,2026-08-25,-1.2963443090484805,1,1.2963443090484805,0.0,2.0482240082966063
KAYNES,2026-08-25,2026-08-26,-0.13430425366918186,7,0.019186321952740264,0.7398599915706047,2.17165319695658
KAYNES,2026-08-26,2026-08-27,-0.3980099502487566,71,0.005605773947165586,0.5906703719919496,-0.029849531638681537
KEI,2026-06-15,2026-06-16,-2.2047388162107717,37,0.0595875355732641,0.9834585552763317,-1.3630957826365364
KEI,2026-06-17,2026-06-18,-1.352426412092278,18,0.07513480067179322,1.095241954226371,-0.4596481923450857
KEI,2026-08-17,2026-08-18,-2.4824676176561367,64,0.038788556525877135,0.3053735605466378,-1.416607514569379
KFINTECH,2026-08-17,2026-08-18,-3.08243477582566,6,0.5137391293042767,7.268730989243855,-1.935486371127737
KFINTECH,2026-08-21,2026-08-24,-1.9361772899100793,43,0.04502737883511812,2.021196012364315,-1.4229087968909648
KIRLOSENG,2026-06-23,2026-06-24,-0.880881562579594,1,0.880881562579594,0.0,4.54712269317934
KIRLOSENG,2026-07-13,2026-07-14,-3.1131256128715923,11,0.28301141935196295,0.7885795169485917,-2.431870451847651
KOTAKBANK,2026-08-26,2026-08-27,0.0,1,0.0,0.0,2.2406983698517458
KOTAKBANK,2026-08-27,2026-08-28,-0.47270148219064057,2,0.23635074109532028,1.5108259259066674,0.1418118872276386
KPRMILL,2026-06-24,2026-06-25,-5.058171151000201,63,0.08028843096825716,0.9387228329783772,-2.7311656396713624
LALPATHLAB,2026-07-07,2026-07-08,-2.629704423973833,69,0.03811165831846135,0.5767347851200575,-1.4278914387665043
LALPATHLAB,2026-07-13,2026-07-14,-0.8311702403499321,11,0.07556093094090292,1.308257359418638,0.8023102114899094
LAURUSLABS,2026-06-23,2026-06-24,-2.749329435857484,8,0.3436661794821855,2.7567272311857396,-2.0080895436741963
LAURUSLABS,2026-06-29,2026-06-30,-0.7153808598771239,1,0.7153808598771239,0.0,1.450830644554446
LAURUSLABS,2026-07-03,2026-07-06,-1.995330865830125,43,0.04640304339139825,0.6026791738970396,-0.9652775751312515
LAURUSLABS,2026-07-13,2026-07-14,-0.46888359648349365,54,0.008683029564509141,0.37519673488560007,0.24407005576627672
LAURUSLABS,2026-07-21,2026-07-22,-1.397805808739283,15,0.09318705391595221,0.7492951238631139,-0.6044563582094375
LAURUSLABS,2026-07-24,2026-07-27,-0.614250614250611,1,0.614250614250611,0.0,5.098280098280106
LAURUSLABS,2026-07-27,2026-07-28,-0.1168224299065379,1,0.1168224299065379,0.0,2.511682242990654
LAURUSLABS,2026-07-28,2026-07-29,-0.5609714494645646,1,0.5609714494645646,0.0,0.9349501101247437
LAURUSLABS,2026-07-29,2026-07-30,-0.610645625437678,50,0.01221291250875356,1.5842999467393977,-0.20728017769607865
LAURUSLABS,2026-07-31,2026-08-03,-1.5296604189871665,1,1.5296604189871665,0.0,-0.3301419566082875
LAURUSLABS,2026-08-03,2026-08-04,0.0,1,0.0,0.0,2.102763677496955
LAURUSLABS,2026-08-04,2026-08-05,-0.8376114563631409,73,0.011474129539221108,0.7049089411178882,-0.8376114563631409
LAURUSLABS,2026-08-10,2026-08-11,-0.8222857003989725,31,0.026525345174160404,0.603340290252803,0.5139302136867752
LAURUSLABS,2026-08-26,2026-08-27,-0.5396799561838583,3,0.17989331872795278,2.6414321472239615,2.084657376405419
LAURUSLABS,2026-08-27,2026-08-28,-0.9695184969302106,40,0.024237962423255266,1.05415306875733,0.5029008153420778
LAURUSLABS,2026-08-31,2026-09-01,-2.9012325211353884,40,0.07253081302838471,1.6383323359648252,-1.6223681472290585
LENSKART,2026-07-03,2026-07-06,-1.7373413048844655,14,0.12409580749174753,0.24923537419458927,0.14010835365272367
LENSKART,2026-07-09,2026-07-10,-2.5899324485723962,74,0.03499908714287022,2.7636944555131158,-2.1582733812949617
LENSKART,2026-07-27,2026-07-28,-3.490609407315526,75,0.04654145876420701,0.47452889802295845,-2.6135702538124805
LENSKART,2026-08-10,2026-08-11,-0.9104792049391519,2,0.45523960246957595,0.767440191553855,0.27230032123439774
LENSKART,2026-08-13,2026-08-14,0.0,1,0.0,0.0,2.2556390977443552
LENSKART,2026-08-18,2026-08-19,-0.9691827747818293,4,0.24229569369545734,1.460375627002249,1.6205832183388669
LENSKART,2026-08-19,2026-08-20,-0.853374709076804,21,0.04063689090841924,0.9611891908638055,1.8851860999321124
LENSKART,2026-08-20,2026-08-21,-3.4584980878960114,2,1.7292490439480057,1.4287767052932743,0.49407115541371116
LENSKART,2026-08-21,2026-08-24,-2.629206827207964,23,0.11431334031338973,1.0088193455184296,-1.592544467359125
LENSKART,2026-08-24,2026-08-25,-1.1376577001791954,73,0.015584352057249253,0.5495060180174673,0.16798299795452998
LENSKART,2026-09-04,2026-09-07,-0.5520830830105683,6,0.09201384716842805,0.23731772087343084,0.04358387306246936
LENSKART,2026-09-10,2026-09-11,-1.8475733283058071,75,0.024634311044077428,0.20915669791248398,-1.5949751714301241
LGEINDIA,2026-08-14,2026-08-17,-4.201295404934857,73,0.057551991848422704,6.062533055485134,-4.028165215907631
LGEINDIA,2026-08-17,2026-08-18,-0.8385053238328055,74,0.011331153024767643,2.393505979549447,-0.5851451684617537
LICI,2026-07-10,2026-07-13,0.0,1,0.0,0.0,0.6849315068493178
LLOYDSME,2026-07-27,2026-07-28,-2.744205620869744,61,0.04498697739130728,0.704997507522793,-1.6742643159606274
LLOYDSME,2026-07-29,2026-07-30,-1.580968045703257,56,0.02823157224470102,0.7544374409804111,-0.7535484950824123
LLOYDSME,2026-07-31,2026-08-03,-0.8136792032003348,9,0.09040880035559276,2.355228296561019,-0.08769269017430137
LLOYDSME,2026-08-10,2026-08-11,-4.611650485436892,66,0.06987349220358927,1.7658847554686623,-3.582526642141992
LODHA,2026-07-01,2026-07-02,-0.8201652637676471,5,0.16403305275352942,2.3826110248513164,0.6401304753154147
LODHA,2026-07-02,2026-07-03,-0.2794427446681347,1,0.2794427446681347,0.0,4.118050690716402
LODHA,2026-07-03,2026-07-06,-1.2425936774406732,5,0.24851873548813463,2.648954999132415,3.1629458760736417
LODHA,2026-07-06,2026-07-07,-0.7763265878588999,18,0.04312925488104999,1.2065341433162773,0.5571262626651086
LODHA,2026-07-07,2026-07-08,-0.7449748093292907,1,0.7449748093292907,0.0,1.9286997793361627
LODHA,2026-07-08,2026-07-09,-0.4560893048656589,1,0.4560893048656589,0.0,8.647550237073842
LODHA,2026-07-09,2026-07-10,-3.622604427472831,3,1.2075348091576104,3.021130857739691,3.204127758914499
LODHA,2026-07-28,2026-07-29,-1.108616835217191,4,0.27715420880429775,3.295250937034745,1.0272113922952242
LODHA,2026-07-29,2026-07-30,-1.3966929137408601,70,0.019952755910583715,1.85988184691236,-0.7656753498941904
LTF,2026-06-30,2026-07-01,-1.385793624752396,11,0.12598123861385419,1.6094178377013628,-0.2548543512340906
LTF,2026-07-01,2026-07-02,-0.8440911963764952,30,0.02813637321254984,0.7387488250120396,0.3344442593225194
LTF,2026-07-03,2026-07-06,-1.3199744339454367,21,0.06285592542597318,0.7483499567384917,2.0330791853163
LTF,2026-07-06,2026-07-07,-1.3841417607084017,49,0.02824779103486534,0.45753630828396835,-0.5506789808882528
LTF,2026-07-07,2026-07-08,-4.512191400295351,69,0.06539407826515002,0.9736498932654268,-4.024393965558303
LTFOODS,2026-08-24,2026-08-25,-3.639554019156954,45,0.08087897820348787,6.296369335719768,-2.5433032116388365
LTFOODS,2026-09-08,2026-09-09,-1.0137754498106055,34,0.029816924994429575,0.08996177432375498,-0.253442181043384
LTM,2026-07-28,2026-07-29,-1.5425643320594262,2,0.7712821660297131,1.5829797352896304,-0.5886089149479745
LTM,2026-07-29,2026-07-30,-0.5524387526667396,70,0.007891982180953423,0.8092314476358295,-0.2605007333539189
LTM,2026-07-30,2026-07-31,-0.5985617209142258,1,0.5985617209142258,0.0,1.2017793498358742
LTM,2026-08-03,2026-08-04,-2.9722793676705717,65,0.04572737488723956,0.7334524637989643,-2.7931769722814526
LTM,2026-08-10,2026-08-11,-1.0620574760516477,17,0.06247396917950869,0.8521100168797595,0.9995835068721259
LTM,2026-08-11,2026-08-12,-2.8370262994408812,35,0.08105789426973946,0.6290015960507761,-1.3853779735711336
LUPIN,2026-06-30,2026-07-01,-1.5150287701986453,72,0.021042066252758965,0.5610710670751625,-1.309182743026971
LUPIN,2026-07-03,2026-07-06,-0.5823760830442892,58,0.010040966949039469,0.4088287470542386,-0.052214989261367695
LUPIN,2026-07-06,2026-07-07,-0.7843176333033219,66,0.011883600504595786,0.6502849084510661,-0.3961545555722257
M&M,2026-07-28,2026-07-29,-2.132845825716023,55,0.03877901501301861,1.7002110298717013,-1.8342459223606
M&M,2026-07-31,2026-08-03,-2.1242774566473943,61,0.03482422060077696,0.8897305492554516,-0.9075116284320783
M&M,2026-08-05,2026-08-06,-1.2152296624176384,73,0.01664698167695395,0.5121823592211964,-1.2152296624176384
M&M,2026-08-07,2026-08-10,-0.27088679783290326,1,0.27088679783290326,0.0,0.2851439977188397
M&M,2026-08-10,2026-08-11,-1.5328522445627102,64,0.023950816321292347,0.6489061703585945,-1.4160336908214832
M&MFIN,2026-07-06,2026-07-07,-2.0392749244713015,1,2.0392749244713015,0.0,0.5740162829257933
M&MFIN,2026-07-10,2026-07-13,-0.5131245855992783,51,0.010061266384299574,0.3722681889164514,0.4829478305068635
M&MFIN,2026-07-21,2026-07-22,0.0,1,0.0,0.0,4.346026563261707
M&MFIN,2026-07-22,2026-07-23,-2.44887135469547,35,0.06996775299129913,2.346593776555569,-0.4305721413443431
M&MFIN,2026-07-29,2026-07-30,-0.879760740316049,5,0.1759521480632098,0.502613536273866,0.21675535298872894
M&MFIN,2026-07-30,2026-07-31,-2.8051568766968127,74,0.03790752536076774,0.36162765121391793,-2.514534217862352
M&MFIN,2026-08-03,2026-08-04,-1.4914179784367598,2,0.7457089892183799,0.462966839903701,-0.7645113967220896
M&MFIN,2026-08-10,2026-08-11,-3.5805315118153658,73,0.04904837687418309,0.29289507640062507,-2.9129747892735147
MAHABANK,2026-06-10,2026-06-11,-1.1451736413025215,74,0.015475319477061102,1.2302640570088494,-0.8946677604892539
MAHABANK,2026-06-12,2026-06-15,-0.3272040217920269,44,0.007436455040727884,2.6241124248815564,0.21437712658727293
MAHABANK,2026-06-15,2026-06-16,-3.0066865098885565,45,0.06681525577530126,0.7965135621278568,-1.792873669974837
MAHABANK,2026-06-29,2026-06-30,-2.997540886398231,16,0.18734630539988945,1.3160741943599186,-2.258859359415133
MANAPPURAM,2026-07-03,2026-07-06,-1.4784257785122379,1,1.4784257785122379,0.0,6.050908959656143
MANAPPURAM,2026-07-06,2026-07-07,-1.5371194839342794,57,0.02696700849007508,1.2110289709809499,-0.7540532708773307
MANAPPURAM,2026-07-21,2026-07-22,-1.2372030796367284,14,0.0883716485454806,1.3135100424634925,-0.02844314612616694
MANAPPURAM,2026-07-23,2026-07-24,-0.18766966508731997,14,0.013404976077665711,1.1893976737514018,1.905588562785554
MANAPPURAM,2026-07-27,2026-07-28,-1.4436457609119824,34,0.042460169438587714,0.615699474284064,0.4997189705630012
MANAPPURAM,2026-07-29,2026-07-30,-0.9186689652562086,62,0.014817241375100139,2.3168331496811176,-0.4728451691812574
MANAPPURAM,2026-07-30,2026-07-31,0.0,1,0.0,0.0,1.169913876576989
MANKIND,2026-07-15,2026-07-16,-0.7369871577566411,5,0.14739743155132823,1.1694373648718435,-0.1920852456518629
MAPMYINDIA,2026-07-14,2026-07-15,-2.1666354740831006,1,2.1666354740831006,4.050549759413179,-0.3900763693820197
MAPMYINDIA,2026-07-29,2026-07-30,-0.8899558986254386,2,0.4449779493127193,0.2105751368776607,0.7701523351040018
MARICO,2026-07-28,2026-07-29,-1.4803973623763844,9,0.16448859581959827,4.5700000417180675,-0.9040569306456026
MARUTI,2026-06-30,2026-07-01,-0.705019740552737,1,0.705019740552737,0.0,1.487591652566267
MARUTI,2026-07-01,2026-07-02,-1.292865044247793,29,0.0445815532499239,0.8777922792985495,-0.8019911504424826
MAXHEALTH,2026-06-19,2026-06-22,-1.9871517121221483,7,0.28387881601744974,0.8911060459113678,-0.18230708818949282
MAXHEALTH,2026-06-29,2026-06-30,-1.8007433541802897,75,0.02400991138907053,1.102708330642212,-1.5260518857641125
MAXHEALTH,2026-07-06,2026-07-07,-1.7981511162681763,64,0.028096111191690254,0.5497317081372379,-1.7452665339907414
MAZDOCK,2026-08-26,2026-08-27,-1.7607928818454077,72,0.02445545669229733,0.5949444550735224,-1.5782468149838413
MCX,2026-08-21,2026-08-24,-0.6031830834968277,2,0.30159154174841385,0.7491066868125011,2.1345766750132444
MCX,2026-08-24,2026-08-25,-0.9345284587950031,41,0.022793377043780563,0.6987891880583187,-0.155249383721634
MCX,2026-08-25,2026-08-26,-1.6702060520233375,5,0.3340412104046675,1.0954637661778404,1.5459230069718055
MCX,2026-08-26,2026-08-27,-1.8601860186018615,58,0.032072172734514855,0.581398356406583,-1.8001800180017957
MCX,2026-08-31,2026-09-01,-3.0902068719298903,60,0.051503447865498174,0.3909739135754288,-1.6671628460851462
MEESHO,2026-08-20,2026-08-21,-2.9354590907854194,66,0.044476652890688174,1.1708348980684529,-2.3094775121899502
MEESHO,2026-08-24,2026-08-25,-1.6010552615569162,18,0.0889475145309398,0.9609193102115611,-0.33578394226537744
MEESHO,2026-09-02,2026-09-03,-2.7181791631598617,5,0.5436358326319723,3.1636477327426045,-1.5351340772730149
MEESHO,2026-09-03,2026-09-04,-0.8201417178579251,70,0.011716310255113216,1.3377446102248995,0.12397220356787919
MEESHO,2026-09-04,2026-09-07,-1.7899761336515496,1,1.7899761336515496,0.0,0.3818630318653149
MEESHO,2026-09-09,2026-09-10,-1.560182924623843,19,0.08211489076967594,0.5748304157339997,0.8333347461841667
MEESHO,2026-09-10,2026-09-11,-0.37534640738603464,72,0.005213144547028259,1.5718751015030705,1.6821082357227013
MOTHERSON,2026-06-15,2026-06-16,-0.7493421817070023,5,0.14986843634140046,0.37026235670505664,-0.35779299387465047
MOTHERSON,2026-08-03,2026-08-04,-4.265892701217345,70,0.06094132430310492,1.78080279187701,-2.549207503089912
MOTHERSON,2026-08-04,2026-08-05,-0.4674994916081143,1,0.4674994916081143,0.0,1.6329828577491323
MOTHERSON,2026-08-06,2026-08-07,0.0,1,0.0,31.234438051514417,8.172302354998152
MOTHERSON,2026-08-07,2026-08-10,-1.6117679371553284,72,0.022385665793824006,1.7097866019601138,-1.1823497099034963
MOTHERSON,2026-08-10,2026-08-11,-0.7820784897360711,11,0.07109804452146101,1.112055608101131,0.2843913562096345
MOTHERSON,2026-08-19,2026-08-20,-1.3839387545620419,47,0.029445505416213658,0.40002186753387703,-0.9751814125228075
MOTILALOFS,2026-08-26,2026-08-27,-1.389226157515755,21,0.06615362654836929,0.6360872763184916,0.14952744052878497
MOTILALOFS,2026-09-07,2026-09-08,-1.5033348076236908,6,0.2505558012706151,0.8485101596638067,0.04757373929591413
MPHASIS,2026-08-07,2026-08-10,-0.3255535283279043,7,0.04650764690398633,0.24720694038042437,0.7998031253845239
MPHASIS,2026-08-11,2026-08-12,-2.511827727597593,23,0.10920990119989535,0.29473638493723403,0.06309533344834861
MPHASIS,2026-08-14,2026-08-17,-2.0362296542261293,19,0.10716998180137523,0.6556130689629602,-0.9510317954109171
MPHASIS,2026-09-01,2026-09-02,-2.301345852821368,2,1.150672926410684,3.4512762220024853,-0.22128344397505106
MRPL,2026-07-22,2026-07-23,-0.3263525204782791,1,0.3263525204782791,0.0,0.5324588665304164
MRPL,2026-07-23,2026-07-24,-4.154824063406625,23,0.18064452449594023,0.3220681155466538,-3.597818428565036
MRPL,2026-08-11,2026-08-12,-3.5038948525180302,75,0.046718598033573734,0.9583974165547768,-3.1145750881347856
MRPL,2026-09-09,2026-09-10,-4.8025905447000135,45,0.10672423432666697,5.339583525641722,-1.936174521601064
NAM-INDIA,2026-07-01,2026-07-02,-0.7826831318953009,4,0.19567078297382523,0.3132349579253015,1.0158160842526964
NAM-INDIA,2026-07-02,2026-07-03,-0.6383540938110221,17,0.037550240812413066,0.649875191200605,-0.4173807581666189
NAM-INDIA,2026-08-20,2026-08-21,-0.5027938767843132,1,0.5027938767843132,0.0,1.4516279919279729
NAUKRI,2026-07-28,2026-07-29,-0.991962235887045,42,0.02361814847350107,1.0239261761189833,-0.1759988125475398
NAUKRI,2026-07-29,2026-07-30,-1.285129073175728,63,0.02039887417739251,0.5039478916516965,-0.698435477248327
NAUKRI,2026-08-04,2026-08-05,-3.2623222070957802,69,0.047280031986895364,0.5207649275109548,-2.3661643081215544
NAUKRI,2026-08-10,2026-08-11,0.0,1,0.0,0.0,5.067983185154268
NAUKRI,2026-08-11,2026-08-12,-2.4853390332890357,67,0.03709461243714979,1.0095392024133867,-1.832844574780057
NAVINFLUOR,2026-08-26,2026-08-27,-1.3627324833313859,4,0.34068312083284646,1.1324440773409215,0.17545911802550052
NAVINFLUOR,2026-08-31,2026-09-01,-0.8190102664667243,59,0.013881529940113971,0.5279882047698504,-0.38066674356903585
NAVINFLUOR,2026-09-09,2026-09-10,-1.055651176133099,3,0.35188372537769963,1.545098662926669,-0.16637980493402482
NBCC,2026-06-15,2026-06-16,-0.10235471210767733,1,0.10235471210767733,0.0,1.5260066725787835
NBCC,2026-06-16,2026-06-17,-0.5663677168798453,10,0.05663677168798453,1.506787679694896,3.0693345874523548
NBCC,2026-06-17,2026-06-18,-3.2568423142235625,60,0.05428070523705938,0.7135742290689613,-2.956757293276724
NBCC,2026-06-18,2026-06-19,-0.5282348041295348,1,0.5282348041295348,0.0,1.73041333668158
NESTLEIND,2026-07-22,2026-07-23,-3.6621256304498417,75,0.048828341739331226,1.3939318743702458,-3.3279903779488973
NESTLEIND,2026-07-30,2026-07-31,-1.9060703816490387,67,0.028448811666403562,0.671505444028291,-1.120061317406329
NESTLEIND,2026-08-07,2026-08-10,-1.1827445194096398,70,0.016896350277280568,0.3807289828066799,-0.6628589107438243
NETWEB,2026-06-17,2026-06-18,-0.24529844644317622,1,0.24529844644317622,0.0,4.121015896489166
NETWEB,2026-06-18,2026-06-19,-1.979421852033314,68,0.029109144882842854,0.7695897560910077,-0.440960313571781
NETWEB,2026-06-19,2026-06-22,-1.8357752168866037,22,0.08344432804030016,0.5430159812041613,-0.07624442509774898
NETWEB,2026-08-13,2026-08-14,-4.011540339543274,75,0.05348720452724365,0.8485052902970674,-3.769230769230769
NETWEB,2026-08-14,2026-08-17,0.0,1,0.0,0.0,3.97035274882771
NETWEB,2026-08-18,2026-08-19,-5.615129025587795,53,0.10594583067146782,0.9614819577482782,-4.873331043946594
NETWEB,2026-08-20,2026-08-21,-0.5119471853456181,1,0.5119471853456181,0.0,3.2924023143182657
NETWEB,2026-08-21,2026-08-24,-3.3374987437466475,74,0.04510133437495469,1.536698844321626,-2.5460067893514404
NETWEB,2026-08-24,2026-08-25,-3.273251863420157,51,0.06418140908666974,1.022835272451919,-1.4113317837939898
NEULANDLAB,2026-08-06,2026-08-07,-0.2124024564805871,6,0.03540040941343118,15.219758222013906,5.531698757907377
NEULANDLAB,2026-08-07,2026-08-10,-3.2952164804469275,73,0.045139951786944216,2.19631213651101,-2.8936801675977675
NEULANDLAB,2026-08-14,2026-08-17,-1.3813813813813858,3,0.4604604604604619,0.5758700060188823,1.5057915057915094
NEULANDLAB,2026-08-17,2026-08-18,-1.4151942714291765,70,0.02021706102041681,0.2563893902995656,-0.9830091945256525
NIACL,2026-09-04,2026-09-07,-4.010434352597492,2,2.005217176298746,24.404910190049858,-1.7486837182281167
NIACL,2026-09-07,2026-09-08,-13.614717293611333,21,0.6483198711243492,9.945444716492368,-11.277057598163553
NUVAMA,2026-07-10,2026-07-13,-2.389497320925249,49,0.04876525144745406,0.6416046253047593,-1.2921726901250485
NUVAMA,2026-07-24,2026-07-27,-3.5145576180156457,73,0.04814462490432391,1.0703193879367454,-2.5763286119358964
NYKAA,2026-06-30,2026-07-01,-0.8377657652271497,67,0.012503966645181339,0.404153230381676,-0.5961031310238063
NYKAA,2026-07-02,2026-07-03,-2.4622716441620285,75,0.03283028858882705,0.40016004670905736,-2.3828435266084247
NYKAA,2026-07-03,2026-07-06,-0.8131435780983853,55,0.014784428692697915,0.8621387092524128,-0.11160908695904137
NYKAA,2026-07-06,2026-07-07,-0.7620334405590845,3,0.25401114685302817,0.5073275302592725,-0.20638970911841525
NYKAA,2026-07-08,2026-07-09,-0.1246669437043213,1,0.1246669437043213,0.0,1.5583605749992957
NYKAA,2026-07-10,2026-07-13,-0.5925287665956125,66,0.008977708584782007,0.7139105466026546,-0.060775509973198805
NYKAA,2026-07-22,2026-07-23,-1.0876188294582478,7,0.1553741184940354,0.3574211495469966,-0.030639125424536395
NYKAA,2026-07-31,2026-08-03,-0.14985763798788243,1,0.14985763798788243,0.0,3.37179685472746
NYKAA,2026-08-03,2026-08-04,-1.5592785784464769,31,0.050299308982144415,0.9918186827052276,0.7649326714337823
OBEROIRLTY,2026-07-03,2026-07-06,-0.875856646019102,74,0.011835900621879756,2.636770956556956,-0.7078126116942141
OBEROIRLTY,2026-07-06,2026-07-07,-3.0429722462548714,75,0.04057296328339829,1.5985728464788502,-2.828890326181399
OFSS,2026-07-01,2026-07-02,-1.021145852159766,75,0.013615278028796881,1.0509515988673424,-0.7229351165732867
OFSS,2026-07-02,2026-07-03,-1.1388286334056419,6,0.18980477223427364,1.056208657264796,1.590744757772966
OFSS,2026-07-06,2026-07-07,-1.0215969172864936,49,0.020848916679316196,0.4382001440048784,-0.34949368222959576
OFSS,2026-07-10,2026-07-13,0.0,1,0.0,0.0,1.1539786427833265
OFSS,2026-07-13,2026-07-14,-0.845575674752308,51,0.016579915191221727,0.7853305485676566,-0.3672702425691843
OFSS,2026-08-05,2026-08-06,-1.070700203942898,71,0.01508028456257603,0.29757199767444104,-0.28042148198504924
OFSS,2026-08-06,2026-08-07,-0.8397600685518425,23,0.03651130732834098,0.27469735869148115,1.1568123393316254
OFSS,2026-08-28,2026-08-31,-0.9101344703181358,49,0.018574172863635423,2.071473710955993,2.820596917021967
OFSS,2026-08-31,2026-09-01,-2.03331700146987,62,0.032795435507578546,0.9705650185275929,-0.4817899722358354
OIL,2026-08-10,2026-08-11,0.0,1,0.0,0.0,1.9618509755106706
OIL,2026-08-11,2026-08-12,-1.1019245087326102,25,0.04407698034930441,0.902595968217329,0.021192223947674727
OIL,2026-08-18,2026-08-19,-2.5936549819978727,71,0.03653035185912497,0.3530458559833098,-2.254010285014574
OIL,2026-08-31,2026-09-01,0.0,1,0.0,0.0,1.1874032008260205
OIL,2026-09-09,2026-09-10,-1.0526291545121524,39,0.026990491141337242,2.3952769645340384,-0.6355535664411716
OLAELEC,2026-06-30,2026-07-01,-0.20468535385328446,1,0.20468535385328446,0.0,2.1150790979234557
OLECTRA,2026-06-18,2026-06-19,-0.4432456753132641,1,0.4432456753132641,0.0,5.8245012926061435
OLECTRA,2026-06-19,2026-06-22,-1.6579650400824097,6,0.2763275066804016,3.372141486358567,-0.9007864770316565
OLECTRA,2026-06-22,2026-06-23,-2.4967148488830526,57,0.043802014892685134,0.7324532108455037,-1.406046282132889
PAGEIND,2026-06-24,2026-06-25,0.0,1,0.0,0.0,0.9615384615384581
PAGEIND,2026-07-01,2026-07-02,-1.7124468451902075,75,0.0228326246025361,1.228987750606516,-1.2987012987012991
PARADEEP,2026-08-25,2026-08-26,-0.5049230568751839,1,0.5049230568751839,0.0,1.795290434911645
PARADEEP,2026-08-28,2026-08-31,-3.6247206211847294,73,0.04965370713951684,0.7048482729949916,-3.40119913268353
PAYTM,2026-07-07,2026-07-08,-2.172685965956178,68,0.03195126420523792,1.0515687664387159,-1.1872992053746034
PAYTM,2026-07-09,2026-07-10,0.0,1,0.0,0.0,5.099091418973978
PAYTM,2026-07-10,2026-07-13,0.0,1,0.0,0.0,4.274661968122695
PAYTM,2026-07-13,2026-07-14,-1.037438230908605,6,0.17290637181810084,1.5430546742407452,0.21764364095069322
PAYTM,2026-07-15,2026-07-16,-3.316510454217736,11,0.30150095038343055,1.0272123442838434,-1.867341342037676
PAYTM,2026-08-03,2026-08-04,-3.0243716026092327,31,0.09756037427771719,1.5711242327622124,-2.2141476743034016
PAYTM,2026-08-06,2026-08-07,-0.0419680747190565,1,0.0419680747190565,0.0,0.8393956494775257
PAYTM,2026-08-10,2026-08-11,-0.9359899607732425,1,0.9359899607732425,0.0,0.11306782650970515
PAYTM,2026-08-11,2026-08-12,-0.344438867223007,9,0.038270985247000774,1.5679294252045133,0.8266502234617557
PAYTM,2026-08-13,2026-08-14,-2.5591135013507404,72,0.03554324307431584,0.5573483735974507,-2.5591135013507404
PAYTM,2026-08-25,2026-08-26,0.0,1,0.0,0.0,0.4389815627743543
PAYTM,2026-08-26,2026-08-27,-2.4064184972423797,73,0.03296463694852575,0.5636975635753082,-2.4064184972423797
PAYTM,2026-09-09,2026-09-10,-1.6073662264491695,71,0.022638960935903795,0.3522809062585608,-0.5262527988121657
PERSISTENT,2026-07-27,2026-07-28,-0.5348351978179289,1,0.5348351978179289,0.0,0.8096883679555855
PERSISTENT,2026-07-28,2026-07-29,-1.6570605187319898,75,0.022094140249759864,0.8527313029790557,-1.6390489913544637
PERSISTENT,2026-07-29,2026-07-30,0.0,1,0.0,0.0,0.6020030068083493
PERSISTENT,2026-07-30,2026-07-31,-1.7582535761433427,1,1.7582535761433427,0.0,3.5724932592016367
PERSISTENT,2026-08-20,2026-08-21,-1.520611760569568,5,0.3041223521139136,1.668819474145721,-0.369165860947529
PERSISTENT,2026-08-28,2026-08-31,-4.442166410387838,49,0.09065645735485384,2.229140116429407,-4.41653852725098
PGEL,2026-07-07,2026-07-08,-2.438600210595565,69,0.035342032037616884,0.9623969282462721,-1.6344682782025277
PGEL,2026-07-13,2026-07-14,-1.1864406779661052,14,0.08474576271186465,1.1065956514475739,2.0508433196504194
PGEL,2026-07-16,2026-07-17,-2.89272800321414,11,0.26297527301946727,1.73298353987421,-1.6472478907191612
PGEL,2026-08-07,2026-08-10,-2.9966741792068374,1,2.9966741792068374,0.0,-1.4111343335666549
PHOENIXLTD,2026-07-03,2026-07-06,-2.012837387397104,4,0.503209346849276,2.531907174244464,1.6459959675608982
PHOENIXLTD,2026-07-06,2026-07-07,-3.0819935129005605,37,0.08329712197028542,6.842331184207017,-2.2148916116870865
PHOENIXLTD,2026-07-07,2026-07-08,-2.0761390667386914,69,0.030088971981720166,0.5566400735823126,-1.7357880108634038
PHOENIXLTD,2026-07-10,2026-07-13,-1.0069785497926365,4,0.2517446374481591,1.050258809276612,0.8383636141181094
PHOENIXLTD,2026-07-13,2026-07-14,-1.5198675887462265,24,0.06332781619775944,1.5493811937351274,-1.4594423585289285
PIDILITIND,2026-06-15,2026-06-16,-1.864374586972184,47,0.03966754440366349,0.2199811120426874,-0.7015166096007497
PIDILITIND,2026-08-06,2026-08-07,-1.2576356082117712,58,0.021683372555375367,0.6914318386001715,-0.5868995413554345
PIDILITIND,2026-08-12,2026-08-13,-0.8780214740166437,12,0.07316845616805363,0.38795688092949127,-0.05303620589643954
PINELABS,2026-08-27,2026-08-28,-3.234342782296795,74,0.04370733489590264,0.42518561812013833,-2.4992648772293347
PNB,2026-08-03,2026-08-04,-0.5911922334070785,1,0.5911922334070785,0.0,0.5823665596500494
PNB,2026-08-05,2026-08-06,-0.3784214693033583,1,0.3784214693033583,0.0,0.589638136526216
PNB,2026-08-12,2026-08-13,-0.7679355798391296,73,0.010519665477248351,0.8343779309387928,-0.7679355798391296
PNBHOUSING,2026-08-20,2026-08-21,-1.0521870525296961,72,0.014613709062912447,0.48210069862294036,-0.6957956021955924
POLICYBZR,2026-08-11,2026-08-12,-1.8740962476428757,21,0.08924267845918456,0.981464565621394,0.8993327531186646
POLICYBZR,2026-08-17,2026-08-18,-0.40506915681348676,15,0.027004610454232452,0.39719797840268495,1.0936881361655049
POLICYBZR,2026-08-19,2026-08-20,-1.5513420104980469,71,0.021849887471803477,0.7655552175261818,-0.6919656481061631
POLICYBZR,2026-08-26,2026-08-27,-1.316641042439215,8,0.16458013030490187,0.8548551329856188,-0.41720585575053537
POLYCAB,2026-06-17,2026-06-18,-0.4422555030656361,67,0.006600828403964718,0.9030506429463903,-0.09046135289978441
POLYCAB,2026-06-19,2026-06-22,-0.9510600356647525,11,0.08646000324225023,1.0012999111908711,-0.7083415890628109
PPLPHARMA,2026-07-03,2026-07-06,-2.1572454865947055,2,1.0786227432973527,0.712054217284734,1.107018038375407
PPLPHARMA,2026-07-06,2026-07-07,-2.569835812019905,75,0.03426447749359873,0.30157176748136866,-2.256979489459676
PPLPHARMA,2026-07-21,2026-07-22,-4.30996865786838,15,0.287331243857892,2.1716319627966865,-3.6514974181872217
PPLPHARMA,2026-07-27,2026-07-28,-1.9505608563766486,19,0.10266109770403413,1.1774311319551205,0.8813951883804405
PPLPHARMA,2026-07-28,2026-07-29,0.0,1,0.0,0.0,0.8533715254195773
PPLPHARMA,2026-07-29,2026-07-30,-0.6339857545306526,1,0.6339857545306526,0.0,1.3968387148074024
PPLPHARMA,2026-07-30,2026-07-31,-2.2727272727272707,74,0.030712530712530686,0.8994695808538878,-1.5201992458767188
PPLPHARMA,2026-08-05,2026-08-06,0.0,1,0.0,0.0,1.4617033325405648
PPLPHARMA,2026-08-06,2026-08-07,-0.6667260858580826,1,0.6667260858580826,1.2415498944109467,1.3624540450425604
PPLPHARMA,2026-08-10,2026-08-11,-0.2618524067125816,64,0.004091443854884087,0.3273548268483003,0.11222551785237123
PPLPHARMA,2026-08-21,2026-08-24,-2.0008434642268424,51,0.039232224788761615,0.4216329517137339,-0.9234694988618175
PPLPHARMA,2026-09-08,2026-09-09,-4.064433568311488,72,0.056450466226548444,1.0615903725593572,-3.6010606541562407
PRESTIGE,2026-07-01,2026-07-02,-0.395497414055368,1,0.395497414055368,0.0,1.8618786483685756
PRESTIGE,2026-07-02,2026-07-03,-2.0673705114160668,51,0.04053667669443268,1.0613368136724985,-0.9089317640533889
PRESTIGE,2026-07-03,2026-07-06,-1.0501305945935901,3,0.3500435315311967,1.7619844110118075,1.067932364283597
PRESTIGE,2026-07-06,2026-07-07,-3.2250497657050126,23,0.14021955503065273,2.7649724071023267,-2.4144108895236216
PRESTIGE,2026-07-10,2026-07-13,-0.8984701749234825,33,0.027226368937075227,0.38974486354181753,1.12161461695377
PTCIL,2026-09-01,2026-09-02,-1.2146643109540611,1,1.2146643109540611,0.0,0.33127208480565606
PTCIL,2026-09-03,2026-09-04,-1.2231126107127843,1,1.2231126107127843,0.0,0.5061155630535552
PTCIL,2026-09-04,2026-09-07,-0.6321112515802807,1,0.6321112515802807,0.0,0.18963337547408532
PWL,2026-06-19,2026-06-22,-0.7176035824247973,10,0.07176035824247973,0.6744709294902295,2.8785831262774675
PWL,2026-06-22,2026-06-23,-0.43653895681304844,3,0.14551298560434947,0.5819069598867007,3.206604479742703
PWL,2026-07-02,2026-07-03,-2.9906790447686293,67,0.0446370006681885,0.2069288907556443,-2.321908848343257
PWL,2026-07-06,2026-07-07,-0.6691404434828074,1,0.6691404434828074,0.0,8.58736286376045
PWL,2026-07-07,2026-07-08,-0.27509897749318224,73,0.0037684791437422225,7.464300258835727,0.8528236211941431
PWL,2026-07-08,2026-07-09,-2.116839746429333,1,2.116839746429333,0.0,5.841924398625431
RADICO,2026-06-19,2026-06-22,-0.990096450220812,57,0.017370113161768633,1.62011573731762,-0.46063172535568686
RADICO,2026-06-22,2026-06-23,-1.596307593108881,74,0.021571724231201093,1.1516486746090768,-1.3311400037612886
RADICO,2026-06-29,2026-06-30,-0.14483379001304364,1,0.14483379001304364,0.0,1.8984106232746711
RADICO,2026-06-30,2026-07-01,-0.9213532486301079,2,0.46067662431505396,0.4360347154521235,-0.0683410839913079
RADICO,2026-07-06,2026-07-07,-1.4268440145102756,60,0.02378073357517126,1.443562874443177,-0.96735187424426
RADICO,2026-07-07,2026-07-08,-1.2360109203923386,69,0.0179132017448165,0.6891309821641118,-0.7883187918187318
RADICO,2026-07-20,2026-07-21,-1.449275362318836,45,0.032206119162640795,0.4563361175038966,-1.2463791704408256
RADICO,2026-07-28,2026-07-29,-1.385681293302543,1,1.385681293302543,0.0,0.9468822170900726
RADICO,2026-07-29,2026-07-30,-0.7385682694993734,62,0.01191239144353828,2.2826730401908963,-0.09831945852171176
RADICO,2026-07-30,2026-07-31,-0.8944954128440319,72,0.012423547400611554,0.8569559799085057,-0.44037145212155737
RADICO,2026-08-05,2026-08-06,-3.2701897980237815,72,0.0454193027503303,0.6855359746756303,-2.2224187480514357
RADICO,2026-08-13,2026-08-14,-1.8586445362474557,4,0.46466113406186393,0.9128994012868072,-0.3151369798057302
RADICO,2026-08-18,2026-08-19,-1.5735176799238304,51,0.030853287841643734,0.6924181298394699,-0.28030652265833567
RBLBANK,2026-06-11,2026-06-12,-2.6822558459422274,6,0.4470426409903712,2.8762352218634857,0.6464941137594549
RBLBANK,2026-06-12,2026-06-15,-1.0611181214321808,2,0.5305590607160904,1.9417115488206376,0.2820652230943521
RBLBANK,2026-06-15,2026-06-16,-2.4367400739220946,28,0.08702643121150337,0.6964716919056431,-1.004150455863717
RBLBANK,2026-06-19,2026-06-22,-0.7774442250964464,18,0.04319134583869147,1.5373671800204756,-0.4875493593359814
RBLBANK,2026-09-04,2026-09-07,-1.7579741825330952,14,0.12556958446664965,2.31156540373873,-0.06020469596628164
RECLTD,2026-06-18,2026-06-19,-0.9959372111018383,69,0.014433872624664324,0.24481322697665825,-0.3506803078110132
RECLTD,2026-06-22,2026-06-23,-2.6280323450134757,73,0.03600044308237638,0.869432183510589,-2.3315347429877065
REDINGTON,2026-06-17,2026-06-18,-0.4267432524264203,3,0.14224775080880678,3.3542951812044053,7.175592015145926
REDINGTON,2026-06-18,2026-06-19,0.0,1,0.0,0.0,4.4609665427509215
REDINGTON,2026-06-19,2026-06-22,-1.5501726935065685,2,0.7750863467532842,1.2390813177720266,-0.5546460586038138
REDINGTON,2026-08-11,2026-08-12,-4.519774011299438,74,0.06107802717972213,0.13505506096555228,-3.9548022598870025
REDINGTON,2026-08-24,2026-08-25,-3.9764158076789125,53,0.07502671335243231,1.537154354981911,-3.839298021207227
REDINGTON,2026-08-28,2026-08-31,-2.427319241734449,73,0.03325094851691026,0.7883285209248994,-1.8787728987505248
REDINGTON,2026-09-07,2026-09-08,-1.8827912990186046,54,0.03486650553738157,0.31908996402553635,-0.8220647184674523
REDINGTON,2026-09-10,2026-09-11,-3.1261802816819007,3,1.0420600938939668,1.8478042849273382,-0.7437241232437608
RKFORGE,2026-07-31,2026-08-03,-2.0771549732853334,1,2.0771549732853334,0.0,3.9488625439849656
RKFORGE,2026-08-03,2026-08-04,-1.771455204122141,28,0.06326625729007647,0.9344839684297603,0.0
RKFORGE,2026-08-04,2026-08-05,-0.09384601041664276,1,0.09384601041664276,0.0,2.4326824503025923
RKFORGE,2026-08-06,2026-08-07,0.0,1,0.0,0.0,5.293569106151197
RKFORGE,2026-08-07,2026-08-10,0.0,1,0.0,0.0,0.8702768962471907
RKFORGE,2026-08-10,2026-08-11,0.0,1,0.0,0.0,1.2601045264066801
RKFORGE,2026-08-19,2026-08-20,-1.329415731812289,19,0.06996924904275205,0.4073133745126853,-0.40750721400550916
RRKABEL,2026-06-16,2026-06-17,-1.0543346568159695,59,0.017870078929084227,0.9051989662580362,-0.43254275651212204
RRKABEL,2026-06-18,2026-06-19,-0.7894736842105288,25,0.03157894736842115,0.8454211227747965,1.9736842105263053
RRKABEL,2026-06-23,2026-06-24,0.0,1,0.0,0.0,2.7185249718418847
RRKABEL,2026-06-24,2026-06-25,-1.816318361372471,3,0.6054394537908236,1.3341040842574745,1.8572265225506257
RRKABEL,2026-06-29,2026-06-30,-7.8483505824483935,34,0.23083384066024687,2.9427192347778233,-4.573241412142714
RRKABEL,2026-07-28,2026-07-29,-2.4812463935372175,22,0.11278392697896443,2.2452331902770855,-1.9042123485285667
RRKABEL,2026-08-05,2026-08-06,-1.2052527432991567,66,0.018261405201502375,0.3608513352938707,-0.5432666902770333
RRKABEL,2026-08-11,2026-08-12,-1.7800916479920104,23,0.07739528904313088,0.32589400268206337,-1.2775543808412393
RRKABEL,2026-08-18,2026-08-19,-0.007197666374192391,5,0.0014395332748384781,0.647246287994638,4.751619870410373
RRKABEL,2026-08-19,2026-08-20,-1.562604249663757,15,0.10417361664425047,0.9721126882561465,-0.4956254845377317
RRKABEL,2026-08-24,2026-08-25,-2.7213441643676672,74,0.03677492114010361,0.866136100694239,-2.191710668807012
SAGILITY,2026-07-27,2026-07-28,-0.4645778547825774,1,0.4645778547825774,0.0,0.2555182631847064
SAGILITY,2026-07-28,2026-07-29,-1.3850380386608796,1,1.3850380386608796,0.0,3.6472803374545393
SAGILITY,2026-07-29,2026-07-30,-0.2708779547435647,1,0.2708779547435647,0.0,3.6343129527746543
SAGILITY,2026-07-30,2026-07-31,-5.93865449150095,61,0.09735499166395,1.1899618745780622,-5.525344459602543
SAIL,2026-08-28,2026-08-31,-1.5996357663801364,73,0.021912818717536114,0.9013826353171552,-1.5996357663801364
SAILIFE,2026-09-02,2026-09-03,-1.9650959234433385,1,1.9650959234433385,0.0,-0.4897067170398284
SAILIFE,2026-09-03,2026-09-04,-1.0452299667542797,1,1.0452299667542797,0.0,0.4054240791234731
SAILIFE,2026-09-08,2026-09-09,0.0,1,0.0,0.0,1.9452887537994012
SAILIFE,2026-09-09,2026-09-10,-5.185807521567243,75,0.06914410028756324,1.182913297885886,-4.916958204520638
SAREGAMA,2026-06-23,2026-06-24,-3.228855020424626,37,0.08726635190336826,0.36673305211062956,-1.2475127486627602
SBICARD,2026-07-28,2026-07-29,-1.2712863282727915,5,0.2542572656545583,0.42748466069269575,0.18917896329928574
SBICARD,2026-08-03,2026-08-04,-1.1646254200666895,36,0.0323507061129636,0.4458381867054087,-1.1195449801439716
SHRIRAMFIN,2026-06-24,2026-06-25,-1.0463355124975648,75,0.013951140166634199,1.4513251813458188,-0.5930761013875241
SHRIRAMFIN,2026-07-02,2026-07-03,-1.3023255813953472,75,0.017364341085271295,0.6319656227291921,-1.2372138444767478
SHRIRAMFIN,2026-07-03,2026-07-06,-0.6292806874369283,62,0.010149688507047231,0.6361865844695618,0.06575310174636861
SHRIRAMFIN,2026-07-07,2026-07-08,-4.663508266069316,67,0.0696046009861092,0.9513295222734107,-3.8009455531694436
SHRIRAMFIN,2026-08-05,2026-08-06,-0.8053075739767657,1,0.8053075739767657,0.0,0.9734513274336276
SHRIRAMFIN,2026-08-06,2026-08-07,-1.570687093683465,54,0.029086798031175278,0.4396161936670715,-1.0559964643048092
SIEMENS,2026-07-31,2026-08-03,0.0,1,0.0,0.0,5.121293800539073
SIEMENS,2026-08-03,2026-08-04,0.0,1,0.0,0.0,1.9313590789403312
SIEMENS,2026-08-04,2026-08-05,-2.2216706374335815,71,0.03129113573850115,1.2477806112403917,-1.6433955269986367
SIEMENS,2026-08-25,2026-08-26,-1.4794703597748038,51,0.029009222740682426,0.9054055689671233,-1.4575365002985952
SOLARINDS,2026-08-13,2026-08-14,-3.703703703703709,5,0.7407407407407418,15.710500526296688,-1.3876543209876524
SOLARINDS,2026-08-27,2026-08-28,-1.5318031511379115,47,0.03259155640718961,0.6994895701828141,-0.7975102120210131
SOLARINDS,2026-09-03,2026-09-04,-0.9512761020881721,73,0.013031179480659892,0.9670354605761875,-0.4872389791183318
SOLARINDS,2026-09-07,2026-09-08,-0.9710930442637711,1,0.9710930442637711,0.0,1.4227642276422703
SOLARINDS,2026-09-08,2026-09-09,-1.309655937846832,35,0.03741874108133806,0.5087541285672328,-0.7547169811320753
SONACOMS,2026-07-02,2026-07-03,-1.3345365254532782,7,0.19064807506475404,0.8911105262605142,-1.0871194683745644
SONACOMS,2026-07-08,2026-07-09,-0.21895239064269045,1,0.21895239064269045,0.0,1.28350320875803
SONACOMS,2026-07-16,2026-07-17,-0.5336293003015302,3,0.1778764334338434,2.449269755070914,3.0482420447277114
SONACOMS,2026-07-17,2026-07-20,-0.41181828511668295,34,0.012112302503431852,1.5150148039311973,1.8886662258475795
SONACOMS,2026-07-20,2026-07-21,-0.7145368593912571,1,0.7145368593912571,0.0,1.588624655848947
SONACOMS,2026-07-21,2026-07-22,-1.4509582866410797,64,0.02267122322876687,0.9247882799656661,-0.8555198281340881
SONACOMS,2026-07-22,2026-07-23,-2.815155416651993,1,2.815155416651993,0.0,-0.6761918510973075
SONACOMS,2026-07-30,2026-07-31,-0.9228538131206387,2,0.46142690656031937,1.9139855481057573,-0.5394116475724409
SONACOMS,2026-07-31,2026-08-03,0.0,1,0.0,0.0,2.080624187256186
SONACOMS,2026-08-03,2026-08-04,-0.8766846867564904,20,0.04383423433782452,0.40563601965615437,0.7231105894417666
SONACOMS,2026-08-04,2026-08-05,-0.6574803447355615,1,0.6574803447355615,0.0,2.9965799014145977
SONACOMS,2026-08-05,2026-08-06,-4.220465823880937,70,0.06029236891258481,0.6674391495125679,-3.5322777101096214
SONACOMS,2026-08-10,2026-08-11,-1.614995528176999,46,0.035108598438630415,0.22450353843682244,-1.374594597604406
SONACOMS,2026-08-20,2026-08-21,-2.349073559697301,7,0.3355819370996144,2.2983688139994376,-0.4868549317016857
SONATSOFTW,2026-07-29,2026-07-30,-3.725160106223524,75,0.049668801416313656,0.6310449737144492,-3.5842891749869987
SONATSOFTW,2026-07-30,2026-07-31,-2.0129909763088483,1,2.0129909763088483,0.0,4.05844155844155
SONATSOFTW,2026-08-03,2026-08-04,-0.6703638209359153,2,0.33518191046795764,1.2898355546881939,2.098508178773062
SONATSOFTW,2026-08-04,2026-08-05,-4.35524859795483,75,0.0580699813060644,0.8632117633306167,-4.070591599734453
SONATSOFTW,2026-08-05,2026-08-06,-3.554044603100448,75,0.04738726137467264,0.4997300617785518,-2.0940792926006258
SRF,2026-07-06,2026-07-07,-1.5655233069481134,32,0.04892260334212854,0.46227477098447384,-1.1222481035620069
SRF,2026-07-16,2026-07-17,-1.856308009625296,26,0.07139646190866523,0.6133900918001867,-1.6844276383636947
SRF,2026-07-21,2026-07-22,-4.910499910292132,75,0.06547333213722843,3.484380707411659,-4.7179990264057725
SUMICHEM,2026-07-15,2026-07-16,-1.6266151188481959,3,0.5422050396160653,0.358741554172891,0.14787205045632135
SUNPHARMA,2026-07-03,2026-07-06,-0.24674890391142013,1,0.24674890391142013,0.0,0.4199915894018247
SUNPHARMA,2026-07-09,2026-07-10,-0.9460166793862523,3,0.3153388931287508,0.4332201869362685,-0.4884318766066875
SUNPHARMA,2026-07-27,2026-07-28,-0.3639095866502351,1,0.3639095866502351,0.0,-0.09098048158326932
SUNPHARMA,2026-07-28,2026-07-29,-0.994846563864249,11,0.09044059671493172,1.132986390209246,0.4898532209561379
SUNPHARMA,2026-07-30,2026-07-31,-2.715403258887228,65,0.0417754347521112,1.4957618757157984,-1.7212408738587093
SUZLON,2026-06-16,2026-06-17,-1.6477842638691564,7,0.23539775198130805,1.551510770087494,1.647790811581773
SUZLON,2026-06-19,2026-06-22,-0.6890753738018618,4,0.17226884345046545,0.9899821482824819,-0.6722714720653888
SWIGGY,2026-08-25,2026-08-26,-1.001908547852548,73,0.013724774628117097,0.8558614867062316,-1.001908547852548
SYRMA,2026-06-10,2026-06-11,-0.07347138073979798,1,0.07347138073979798,0.0,1.9836774553571468
SYRMA,2026-06-11,2026-06-12,-1.013544111226361,3,0.3378480370754537,1.2392618241698605,0.5067720556131805
SYRMA,2026-06-15,2026-06-16,-1.5841621346629808,43,0.03684097987588328,1.0411793326349488,-1.0662604722010638
SYRMA,2026-06-18,2026-06-19,-2.0522388059701524,51,0.04023997658765005,0.5175198343570621,-0.07462686567164534
SYRMA,2026-06-23,2026-06-24,-0.3761899051219708,8,0.04702373814024635,1.9147649633255919,3.5158774411633065
SYRMA,2026-06-24,2026-06-25,-0.7575247917937289,75,0.010100330557249718,2.782864839432009,-0.2015445385264658
SYRMA,2026-08-10,2026-08-11,-2.0015817379989254,44,0.045490494045430124,0.8528380067418568,-1.6394537538548803
SYRMA,2026-08-11,2026-08-12,-2.039042586199613,56,0.03641147475356452,0.3338395438839663,-1.1231480331403199
SYRMA,2026-09-07,2026-09-08,-2.144921943194955,9,0.238324660354995,5.895658791564047,0.7866786933922398
SYRMA,2026-09-08,2026-09-09,-1.204374381607165,75,0.016058325088095533,1.2374856377287728,-1.204374381607165
TATACAP,2026-06-19,2026-06-22,-3.523325294394364,75,0.04697767059192485,1.825197236021072,-3.2512534583960306
TATACOMM,2026-06-22,2026-06-23,-3.8009115817878247,53,0.07171531286392122,0.939551447573223,-1.6720085533474704
TATATECH,2026-08-07,2026-08-10,-2.3089290858497535,6,0.38482151430829226,6.9073706006495,0.9969075381389247
TATATECH,2026-08-10,2026-08-11,-1.9517496501435971,24,0.08132290208931654,2.3105732984735705,-1.5363605112616363
TCS,2026-07-27,2026-07-28,0.0,1,0.0,0.0,3.1974889352928137
TCS,2026-07-28,2026-07-29,-0.979504194415981,2,0.4897520972079905,2.6052303886326604,0.0
TCS,2026-07-29,2026-07-30,-0.5295091783227734,67,0.007903122064519007,0.8562405309354542,-0.09030257023101562
TCS,2026-07-30,2026-07-31,-2.0672248391544135,1,2.0672248391544135,0.0,-0.5630211068802571
TECHM,2026-07-28,2026-07-29,-1.471471471471475,74,0.01988474961447939,0.6689114985614318,-1.2372357709271808
TECHM,2026-07-29,2026-07-30,-0.18076645240614475,1,0.18076645240614475,0.0,0.566403021953743
TECHM,2026-07-30,2026-07-31,-0.35247982548571866,1,0.35247982548571866,0.0,2.1149015990675313
TEJASNET,2026-06-19,2026-06-22,-2.1037795992233987,75,0.028050394656311983,0.25727254566044855,-1.883978298143052
THERMAX,2026-06-23,2026-06-24,-2.3958333333333304,8,0.2994791666666663,1.2348297724522381,-1.174997965494795
TIINDIA,2026-06-15,2026-06-16,-0.16635797794017915,1,0.16635797794017915,0.0,0.27417214737697204
TIINDIA,2026-06-16,2026-06-17,-1.7250855166807244,63,0.02738230978858293,0.21301792597827954,-0.1892999286854713
TITAGARH,2026-06-15,2026-06-16,-0.8708175078395275,2,0.43540875391976375,0.700180948902686,2.768166089965396
TITAGARH,2026-06-16,2026-06-17,-1.5306690623231978,10,0.15306690623231978,1.9475285752132503,2.443505789303213
TITAGARH,2026-06-17,2026-06-18,-1.0319713004868447,69,0.01495610580415717,2.5841123969278748,-0.4117180714848345
TITAGARH,2026-06-18,2026-06-19,-2.18561456285179,64,0.034150227544559215,0.7235242190961676,-0.5167945581453504
TITAN,2026-07-01,2026-07-02,-0.467748171010296,26,0.01799031426962677,0.9083369025917275,1.7006857401722142
TITAN,2026-07-07,2026-07-08,-0.6252114770348594,69,0.009061035899055932,1.2388558231932307,-0.052280899154877325
TITAN,2026-07-09,2026-07-10,-0.6598677202034997,47,0.014039738727734036,0.7429927029040855,-0.25261574694869227
TITAN,2026-07-22,2026-07-23,-0.6211646580254859,49,0.012676829755622163,0.25704979086441687,-0.07445541493832364
TITAN,2026-07-28,2026-07-29,-0.8714218491604808,44,0.019805042026374564,1.1746695915227938,-0.316505714293458
TITAN,2026-08-03,2026-08-04,-1.1864692273308108,5,0.23729384546616217,2.3651151044077467,0.26004234244048074
TITAN,2026-08-10,2026-08-11,-0.13335565184350306,1,0.13335565184350306,0.0,0.5687389684251754
TITAN,2026-08-11,2026-08-12,-2.597024353087618,39,0.06659036802788765,0.8830671731635805,-0.5092602516814426
TITAN,2026-08-27,2026-08-28,-0.3550395859949318,31,0.01145288987080425,0.6976232382914972,0.2890866109776846
TMCV,2026-07-01,2026-07-02,-0.4717023197782999,1,0.4717023197782999,0.0,1.3575687560112737
TMCV,2026-07-02,2026-07-03,-2.876480541455162,51,0.05640157924421886,0.5016014022153845,-2.6734362331676587
TMCV,2026-08-13,2026-08-14,-0.8429926238145424,53,0.015905521204047972,0.891338327172272,-0.04215220380006102
TMPV,2026-06-15,2026-06-16,-2.5357710006225775,43,0.05897141861912971,0.5345643933181383,-1.18001050301213
TORNTPHARM,2026-06-29,2026-06-30,-0.9271237602414883,1,0.9271237602414883,0.0,-0.3859401109044813
TORNTPHARM,2026-07-03,2026-07-06,-0.6571354587869727,10,0.06571354587869727,0.49008258913583563,0.8747942715470414
TORNTPHARM,2026-07-06,2026-07-07,-0.016539243140811788,14,0.0011813745100579848,0.9497744732400316,0.43220132075649786
TORNTPHARM,2026-07-07,2026-07-08,0.0,1,0.0,0.0,1.112634601339657
TORNTPHARM,2026-07-08,2026-07-09,-0.14379622021364336,1,0.14379622021364336,0.0,0.6203819908073172
TORNTPHARM,2026-07-14,2026-07-15,-0.6444424715909114,6,0.10740707859848524,1.284023464803152,1.3696930239899041
TORNTPHARM,2026-07-16,2026-07-17,-4.0974751241573015,28,0.1463383972913322,1.8441421761993637,-2.7105457854538773
TORNTPHARM,2026-07-31,2026-08-03,-4.144333843797854,72,0.057560192274970196,0.7746637753004678,-3.330781010719752
TRENT,2026-07-02,2026-07-03,-0.8656716417910437,1,0.8656716417910437,0.0,-0.29850746268657025
TRENT,2026-07-03,2026-07-06,-0.43050323669356905,38,0.011329032544567607,0.23866077638572955,-0.03288150760070163
TVSMOTOR,2026-07-02,2026-07-03,-1.3274941836595056,9,0.14749935373994505,0.8140925169383615,-0.8129177821780464
TVSMOTOR,2026-07-03,2026-07-06,-0.1571360016906942,1,0.1571360016906942,0.0,2.139276058482298
TVSMOTOR,2026-07-06,2026-07-07,-0.1994582841981174,1,0.1994582841981174,0.0,0.0
TVSMOTOR,2026-07-07,2026-07-08,-0.7256496812246271,69,0.010516662046733728,0.7582727084139285,-0.05202503887170584
TVSMOTOR,2026-07-21,2026-07-22,-0.028670027579469348,1,0.028670027579469348,0.0,2.030176444740972
TVSMOTOR,2026-07-22,2026-07-23,-0.02565418163160693,49,0.0005235547271756517,1.9980728417569937,0.5592624122146006
TVSMOTOR,2026-07-28,2026-07-29,-0.40617100075935886,1,0.40617100075935886,0.0,1.557399478684851
TVSMOTOR,2026-07-29,2026-07-30,-0.04900279433170951,1,0.04900279433170951,0.0,3.1116774400633984
TVSMOTOR,2026-07-30,2026-07-31,-0.5001089608651643,1,0.5001089608651643,0.0,2.178187296262557
TVSMOTOR,2026-07-31,2026-08-03,-1.7664601972929517,16,0.11040376233080948,1.5149493431614254,0.6882312456985451
TVSMOTOR,2026-08-03,2026-08-04,-1.0045662100456654,47,0.021373749149907775,0.8035929548784639,-0.45662100456621557
TVSMOTOR,2026-08-05,2026-08-06,-0.9222376849282732,36,0.02561771347022981,0.5481507995510188,-0.8655894503284634
TVSMOTOR,2026-08-26,2026-08-27,-2.0431985481334847,10,0.20431985481334847,1.5924979030425448,-1.096740944287078
ULTRACEMCO,2026-07-21,2026-07-22,-2.3550724637681153,75,0.03140096618357487,1.1764294424457495,-2.0668642951251592
ULTRACEMCO,2026-08-05,2026-08-06,-1.1106540518305175,72,0.015425750719868299,0.5313769975193844,-0.6581653640477136
UNIONBANK,2026-08-06,2026-08-07,-0.5524861878453025,2,0.27624309392265123,0.8977142555446996,1.4364674605058525
UNIONBANK,2026-08-07,2026-08-10,-1.954377641774907,72,0.027144133913540376,0.8406320796584863,-1.3882100374903228
UNIONBANK,2026-08-12,2026-08-13,-0.8285684455399678,1,0.8285684455399678,0.0,-0.30470267915841953
UNIONBANK,2026-08-13,2026-08-14,-0.25670408697096025,28,0.009168003106105724,1.4558294462996404,0.20856697052862305
UNIONBANK,2026-08-26,2026-08-27,-2.486910455802538,66,0.037680461451553605,0.523573981696417,-2.375789916216764
UNITDSPR,2026-07-06,2026-07-07,-0.8084818275357897,4,0.20212045688394742,0.454307881114682,0.43211255651536273
UNITDSPR,2026-07-07,2026-07-08,-1.22881528347899,69,0.01780891715186942,2.69396107880054,0.3954785018317475
UNITDSPR,2026-07-24,2026-07-27,-0.16954899966090675,1,0.16954899966090675,0.0,0.508646998982698
UNITDSPR,2026-07-27,2026-07-28,0.0,1,0.0,0.0,2.056278673704104
UNITDSPR,2026-07-28,2026-07-29,-1.2623909838689662,53,0.02381869780884842,1.9664161408817962,-0.6278916060806328
UNITDSPR,2026-07-29,2026-07-30,0.0,1,0.0,0.0,1.523178807947012
UNITDSPR,2026-08-04,2026-08-05,-0.6990234215192404,73,0.009575663308482744,0.3324080263822661,-0.6990234215192404
UNITDSPR,2026-08-21,2026-08-24,-0.7411704164056343,15,0.04941136109370895,0.7372899763857548,0.21913021832695723
UNOMINDA,2026-08-04,2026-08-05,-0.4901547276767726,39,0.012568069940430067,3.493338677236687,0.4419445560466029
UNOMINDA,2026-08-05,2026-08-06,-1.358542643146765,2,0.6792713215733825,0.6193966518393821,1.533331975595642
UNOMINDA,2026-08-07,2026-08-10,-0.4198106358607512,50,0.008396212717215024,0.5824644610264155,0.1321582140515032
URBANCO,2026-08-20,2026-08-21,-1.0740009315156174,8,0.13425011643945217,12.311839290821219,3.0844838297303
URBANCO,2026-08-21,2026-08-24,-0.7787022421431034,1,0.7787022421431034,0.0,5.689523515485351
URBANCO,2026-08-24,2026-08-25,-1.0422802916465468,17,0.06131060539097334,3.6516131403472567,0.24872567063083384
URBANCO,2026-08-26,2026-08-27,-0.588798193441542,27,0.02180734049783489,0.651335814489316,1.1295390862988919
URBANCO,2026-09-03,2026-09-04,-0.7199093123323896,35,0.020568837495211132,0.2027493829391494,2.3565817601176153
URBANCO,2026-09-04,2026-09-07,-3.4380195554622905,74,0.04645972372246339,0.19013764388134288,-3.019281392583506
VBL,2026-06-15,2026-06-16,-1.2707227281883005,4,0.3176806820470751,0.8263952791500897,-0.45119930147905496
VBL,2026-06-17,2026-06-18,-3.3640280420062507,70,0.048057543457232156,1.8156056486488532,-2.9355522404503565
WELCORP,2026-06-29,2026-06-30,-2.17821782178218,2,1.08910891089109,1.5456344035305052,0.01980520317657053
WELCORP,2026-07-06,2026-07-07,-1.1684518013631906,13,0.08988090779716851,1.3522400871303026,-0.006489814082277778
WELCORP,2026-07-09,2026-07-10,-1.3350624426722635,38,0.03513322217558588,1.2620867649152048,-0.06180851628098116
WELCORP,2026-07-10,2026-07-13,0.0,1,0.0,0.0,1.7205666822017296
WELCORP,2026-07-14,2026-07-15,-1.0033260608590555,69,0.014540957403754428,0.737125649693883,-0.25528667571830255
WELCORP,2026-08-03,2026-08-04,-0.06448065948737591,1,0.06448065948737591,0.0,1.79963366741962
WELCORP,2026-08-04,2026-08-05,-0.08021223756614626,1,0.08021223756614626,0.0,2.4464277858715855
WELCORP,2026-08-05,2026-08-06,-0.20015432196170968,1,0.20015432196170968,0.0,1.1898156735541399
WELCORP,2026-08-06,2026-08-07,-0.1967629883021016,1,0.1967629883021016,4.795249765989525,0.5684315999584522
WELCORP,2026-08-13,2026-08-14,-1.9504214777676054,74,0.026357046996859534,0.6369074482558079,-1.3161384900227113
WELCORP,2026-08-14,2026-08-17,-1.3730807203250817,9,0.15256452448056462,0.4264295986176837,0.6304455380648388
WELCORP,2026-08-18,2026-08-19,0.0,1,0.0,0.0,2.1497021497021596
WELCORP,2026-08-19,2026-08-20,0.0,1,0.0,0.0,1.5651067000728158
WELCORP,2026-08-20,2026-08-21,-1.6413138615145262,1,1.6413138615145262,0.0,6.588285031984786
WELCORP,2026-09-01,2026-09-02,-1.859441983338661,75,0.024792559777848815,0.5043455381845164,-1.4219267835599236
WELCORP,2026-09-02,2026-09-03,0.0,1,0.0,0.0,3.082806407143024
WELCORP,2026-09-03,2026-09-04,-2.9230675326979205,72,0.040598160176360004,0.2421021962987065,-2.7833359979597683
WELCORP,2026-09-10,2026-09-11,-3.01307802831291,71,0.042437718708632534,0.3672670767426073,-2.481140187529396
WELSPUNLIV,2026-08-31,2026-09-01,-0.07657829183823628,61,0.0012553818334137094,0.2265014050800495,1.1640367775231697
WELSPUNLIV,2026-09-01,2026-09-02,-1.4054674139022838,2,0.7027337069511419,0.2834763146794282,0.7505946976955835
WELSPUNLIV,2026-09-03,2026-09-04,-0.42318336200972695,9,0.047020373556636325,0.4226217694899254,4.30150321786027
WELSPUNLIV,2026-09-04,2026-09-07,-0.07625031686131489,1,0.07625031686131489,0.0,1.0055283297631945
WELSPUNLIV,2026-09-07,2026-09-08,-3.4870002571811276,33,0.10566667446003417,0.6961944600263109,-1.5948613885880092
YESBANK,2026-06-15,2026-06-16,-1.262099868034261,54,0.02337221977841224,1.8732764889964988,0.5469043258858663
YESBANK,2026-06-16,2026-06-17,-0.5811514685000851,1,0.5811514685000851,0.0,4.2756358660083205
YESBANK,2026-06-17,2026-06-18,-0.3963550665243565,1,0.3963550665243565,0.0,0.9908838863888381
YESBANK,2026-06-18,2026-06-19,-0.7078265946349416,7,0.1011180849478488,2.484107190034528,-0.03932453307835537
ZEEL,2026-07-31,2026-08-03,-7.0582491680256325,68,0.1037977818827299,5.024219356095961,-4.922329800800207
ZENSARTECH,2026-07-29,2026-07-30,-1.8320921679832236,71,0.025804115042017232,0.2052708346653807,-1.4165643265803274
ZENTEC,2026-06-17,2026-06-18,0.0,1,0.0,0.0,1.8708827404479544
ZENTEC,2026-06-18,2026-06-19,0.0,1,0.0,0.0,3.2931172773763784
ZENTEC,2026-06-19,2026-06-22,-3.517040704172325,24,0.14654336267384688,0.6656265485700521,-3.020984358178358
ZYDUSLIFE,2026-07-06,2026-07-07,-0.017387058423912194,1,0.017387058423912194,0.0,0.2608695652173809
ZYDUSLIFE,2026-08-11,2026-08-12,-3.2689096146271024,3,1.089636538209034,9.74223929929546,1.2605042016806678
