ticker,date,fired_by_920,fired_by_cutoff,dist_to_trigger_pct,velocity_pct,swing_pnl,day1_pnl
360ONE,2026-08-05,False,True,0.26087279439970246,0.8311261627194977,1.4688017469615344,1.121307905611424
360ONE,2026-08-06,False,False,1.1775090866111615,-0.11783725636153042,,
360ONE,2026-08-10,False,False,2.784088765057091,-0.2301552491744352,,
360ONE,2026-08-11,False,False,2.986475913293596,0.059958125512826754,,
360ONE,2026-08-12,False,False,4.607391304347819,0.2877866023062614,,
360ONE,2026-08-13,False,False,3.8488410433597187,0.2509757173571936,,
360ONE,2026-08-14,False,False,1.2698859563857745,0.34634021091621836,,
360ONE,2026-08-19,False,False,3.527108433734938,-0.1718213058419238,,
360ONE,2026-08-20,False,True,1.286945310812171,-0.1261352221316403,-8.984731778529031,0.4168796784664863
360ONE,2026-08-21,False,False,2.3411191231999195,-0.06656626365278973,,
360ONE,2026-08-24,False,False,1.6975196140780024,0.09939129655793799,,
360ONE,2026-08-25,False,False,2.4434920861356346,0.14189909614983343,,
AARTIIND,2026-08-26,False,False,2.8486923658454844,0.5689328421982109,,
AARTIIND,2026-08-27,False,False,2.8677789735835013,0.046399407138819626,,
ABB,2026-08-03,False,False,5.396417604912984,-0.7718870607353212,,
ABB,2026-08-04,True,True,-0.23352925978556982,0.39556448998119276,-1.2420492371896574,0.3247151580247243
ABB,2026-08-05,False,False,2.0840517241379253,0.02574002574002865,,
ABB,2026-08-06,False,False,2.439928986442852,0.4148839621418432,,
ABB,2026-08-07,False,False,4.05209836065572,-0.0655307994757548,,
ABB,2026-08-10,False,False,4.60771969147602,0.15185527532022292,,
ABB,2026-08-11,False,False,3.874999999999984,-0.2872062663185404,,
ABB,2026-08-12,False,False,4.0793978748524085,0.006559527714000701,,
ABB,2026-08-25,False,False,5.156448485658882,-0.1868535201868582,,
ABCAPITAL,2026-06-24,False,False,2.4481778544604094,0.3501507317491104,,
ABCAPITAL,2026-06-25,False,True,0.6904611497157154,-0.07574493175480645,0.6945097965406433,-2.1287007585025552
ABCAPITAL,2026-06-29,False,False,2.9490188150631536,-0.3705550050311368,,
ABCAPITAL,2026-06-30,False,False,3.8279055253752636,-0.2580312299052867,,
ABCAPITAL,2026-07-01,False,False,3.2005046111833524,-0.7781651270713286,,
ABCAPITAL,2026-07-02,False,False,2.3582631692375955,-0.14007075041844175,,
ABCAPITAL,2026-07-03,False,True,1.2479218753067345,0.08837422403826789,-1.8678984982287816,0.23750825050077307
ABCAPITAL,2026-07-06,False,True,0.7737078857982027,-0.22233051472931864,-1.6153768915837308,0.6694920459431319
ABCAPITAL,2026-07-07,False,False,0.6961498936500776,0.30588523642964827,,
ABCAPITAL,2026-07-09,False,False,4.906214121777097,0.3443014747516404,,
ABCAPITAL,2026-07-10,False,False,2.2806405039019317,0.13647339775897382,,
ABCAPITAL,2026-07-13,False,False,2.1793538296820625,0.02476317989457133,,
ABCAPITAL,2026-07-14,False,False,2.9053866834255926,0.7282756925121703,,
ABCAPITAL,2026-07-15,False,False,1.964803536299864,-0.1972431702436328,,
ABCAPITAL,2026-07-16,False,False,2.726113690362175,0.012442512251076288,,
ABCAPITAL,2026-07-17,False,False,4.12550923899675,0.11364608551085453,,
ABCAPITAL,2026-07-20,False,False,3.072418450738912,0.3508393576969526,,
ABCAPITAL,2026-08-05,False,False,1.8359074695230015,0.2712889627370707,,
ABCAPITAL,2026-08-06,False,False,2.5840738821178766,0.17806267290214617,,
ACMESOLAR,2026-06-12,False,False,7.656438371337115,-0.887665383110614,,
ACMESOLAR,2026-06-15,False,False,8.968338365324534,0.04461029423374896,,
ACMESOLAR,2026-06-16,False,False,6.11403407581288,0.1014069563103126,,
ACMESOLAR,2026-06-17,False,False,7.941703023751567,-0.5417294593017985,,
ACMESOLAR,2026-06-18,False,False,10.997275592311716,-0.8703554345191877,,
ACMESOLAR,2026-06-19,False,False,10.395658233639637,0.10550297016296284,,
ACMESOLAR,2026-06-22,False,False,7.3569510195998555,0.04394137799983433,,
ACMESOLAR,2026-06-23,False,False,3.7035968837823674,-0.04325083672549468,,
ACMESOLAR,2026-06-24,True,True,1.0654008438818474,0.15494795719233068,5.55613540688169,
ACMESOLAR,2026-06-25,False,False,2.7395969917495266,-0.695894224077942,,
ACMESOLAR,2026-06-29,False,True,2.9162636759611393,-0.5006920147340055,6.157718319803718,
ACMESOLAR,2026-06-30,False,False,1.0527779469646337,0.2362808902351743,,
ACMESOLAR,2026-09-16,False,False,2.5972225458678944,-0.04740025891115662,,
ACUTAAS,2026-06-10,False,False,6.279445780542381,0.06144393241167556,,
ACUTAAS,2026-06-11,False,False,8.406296176340922,0.9165323189832542,,
ACUTAAS,2026-06-12,False,False,9.06208940351656,0.0914507203957804,,
ACUTAAS,2026-06-15,False,False,11.252865517697552,-0.7907674642638196,,
ACUTAAS,2026-06-18,False,False,11.97986554574062,-0.16471587300398438,,
ACUTAAS,2026-06-19,False,False,8.284218160772628,-0.0156386840872047,,
ACUTAAS,2026-06-22,False,False,8.852878901643567,0.0,,
ACUTAAS,2026-06-23,False,False,1.7287565350300182,-0.39881431212465124,,
ACUTAAS,2026-06-24,False,False,0.7809636195011738,0.03039698416795744,,
ACUTAAS,2026-06-25,False,False,2.64908765580385,0.6846374738615157,,
ACUTAAS,2026-06-29,False,True,1.4041975119918115,-0.051643564027448186,9.591812105082042,
ACUTAAS,2026-06-30,False,False,3.1212442524069184,1.3564213564213556,,
ACUTAAS,2026-07-01,False,False,1.5568267566232752,0.04208045668254723,,
ACUTAAS,2026-07-02,True,True,0.29163787145818354,-0.6399705700845804,-4.656768852241555,
ACUTAAS,2026-07-03,False,False,1.4367555665926401,-0.5229084189690036,,
ACUTAAS,2026-07-06,False,False,1.4599605686079542,0.14633750354531294,,
ACUTAAS,2026-07-08,False,False,7.281079325074802,-0.21929060646482812,,
ACUTAAS,2026-07-09,False,False,10.355255431591303,-0.8413608304576936,,
ACUTAAS,2026-07-10,False,False,9.4522551210807,0.017477724078918122,,
ACUTAAS,2026-07-13,False,False,10.251673525572702,-0.6874882696505047,,
ACUTAAS,2026-07-14,False,False,6.787315979821451,-0.03692166629941651,,
ACUTAAS,2026-07-15,False,False,6.808556042589564,0.02273964178785004,,
ACUTAAS,2026-07-16,False,False,3.7168874172185395,1.4415675297410724,,
ACUTAAS,2026-07-17,False,False,5.545884857241279,-0.1262024304238274,,
ACUTAAS,2026-07-20,False,False,3.221291283628336,-0.2902545908064047,,
ACUTAAS,2026-07-21,False,False,0.601375434234841,-0.20133597813482007,,
ACUTAAS,2026-07-22,False,False,1.7373461012311742,0.4120879120879106,,
ADANIENSOL,2026-06-10,False,False,5.952477691902702,-0.8351692747611827,,
ADANIENSOL,2026-06-12,False,False,8.647928106247015,0.13407522058499488,,
ADANIENSOL,2026-06-15,False,False,7.710499878229449,-0.4624430353307951,,
ADANIENSOL,2026-06-16,False,False,8.531665624174956,0.13393155659302547,,
ADANIENSOL,2026-06-17,False,False,9.950816332809321,-0.3712453594330034,,
ADANIENSOL,2026-06-18,False,False,8.6188391399864,-0.7770004557572596,,
ADANIENSOL,2026-06-19,False,False,5.690266953582901,0.24154269838976283,,
ADANIENSOL,2026-06-22,False,False,7.496462976801532,-0.16532205268638966,,
ADANIENSOL,2026-07-07,True,True,0.5853029657319375,-0.4887157877773718,1.889540534296552,-1.1605810726691645
ADANIENSOL,2026-07-09,False,False,3.1572621149422275,-0.42982217639615516,,
ADANIENSOL,2026-07-10,False,False,5.458780263561125,0.3012433596218056,,
ADANIENSOL,2026-07-13,False,False,3.892278567980534,0.5403123286721101,,
ADANIENSOL,2026-07-14,False,False,4.656934306569327,0.1583998749400406,,
ADANIENSOL,2026-07-15,False,False,1.626615123307995,0.36120176513319,,
ADANIENSOL,2026-07-16,False,True,2.0480774703508065,-0.48345918813200717,-5.948989115713276,-1.3044947510571392
ADANIENSOL,2026-07-17,False,True,2.6483162518301517,0.44708368002741583,-6.995984778747455,-1.5815418321237784
ADANIENSOL,2026-07-20,False,False,2.304308848150227,0.27293560812282625,,
ADANIENSOL,2026-07-21,False,False,1.979477007412589,0.22564961138515915,,
ADANIENSOL,2026-07-22,False,False,3.419327006039663,1.0285884861479744,,
ADANIENSOL,2026-07-23,False,False,4.331512160208817,0.32602304333939625,,
ADANIENSOL,2026-07-24,False,False,6.08596578948617,0.047228384186825956,,
ADANIENSOL,2026-07-27,False,False,5.451319648093822,-0.11716461628588082,,
ADANIENSOL,2026-07-29,False,False,8.069066103750577,0.15049362349406348,,
ADANIENT,2026-06-10,False,False,4.4034477839599795,-0.516771340576716,,
ADANIENT,2026-06-11,False,False,4.531205317548359,0.3513576267482499,,
ADANIENT,2026-06-12,False,False,3.7517848237918816,0.09117760422785448,,
ADANIENT,2026-06-15,False,False,3.702795617176502,-0.20528551242172677,,
ADANIENT,2026-06-16,False,False,3.4933866838886996,-0.1411511064316917,,
ADANIENT,2026-06-17,False,False,4.5418680629701,0.017001020061213623,,
ADANIENT,2026-06-18,False,False,3.7202846204666518,-0.3863857746643551,,
ADANIENT,2026-06-19,False,False,0.8460630253180668,0.37195684095210346,,
ADANIENT,2026-06-22,False,False,1.3903442147849665,-0.12875214076427666,,
ADANIENT,2026-07-01,False,False,3.3252176781055853,0.003314491928807506,,
ADANIENT,2026-07-02,True,True,-0.37297330004771867,0.053529968133414485,-4.913809473836849,0.8355880928613724
ADANIENT,2026-07-03,False,False,3.887208252035812,-0.1629658616594698,,
ADANIENT,2026-07-06,False,False,1.3061642709301768,-0.8264778835322395,,
ADANIENT,2026-07-09,False,False,6.235746567433598,-0.3570501111938129,,
ADANIENT,2026-07-10,False,False,5.028015118146878,0.012888410818057139,,
ADANIENT,2026-07-13,False,False,3.6955484896661117,0.2486309113071128,,
ADANIENT,2026-07-14,False,False,3.1315239503253656,0.13616799015490066,,
ADANIENT,2026-07-15,False,False,2.5123361501633967,0.1290475172875949,,
ADANIENT,2026-07-16,False,False,3.4849622726259133,-0.33523395497311315,,
ADANIENT,2026-07-22,False,False,1.889237394581822,0.08824610236763952,,
ADANIGREEN,2026-06-10,False,False,3.806102862767591,-1.3521535736505275,,
ADANIGREEN,2026-06-11,False,False,4.175266604404215,0.48547457087935175,,
ADANIGREEN,2026-06-12,False,False,4.3152588951878235,0.30327536405960753,,
ADANIGREEN,2026-06-15,False,False,3.75060303010748,-0.6374485780834993,,
ADANIGREEN,2026-06-16,False,False,4.695126003906669,-0.20189783637583059,,
ADANIGREEN,2026-06-17,False,False,5.678583818167637,-0.06802258462738076,,
ADANIGREEN,2026-06-18,False,False,5.520559882318654,-0.39265634375978964,,
ADANIGREEN,2026-06-19,False,False,2.3552214592649,-0.03295327119946512,,
ADANIGREEN,2026-06-22,False,False,3.439537865179032,-0.4047760840038106,,
ADANIGREEN,2026-06-23,False,False,0.7137364939504343,0.045129024621215486,,
ADANIGREEN,2026-07-01,False,False,4.829172049716557,-0.08033156319534607,,
ADANIGREEN,2026-07-02,False,False,2.824612287598205,-0.3796757561211561,,
ADANIGREEN,2026-07-03,False,False,2.2925416880221983,-0.4987417009148509,,
ADANIGREEN,2026-07-10,False,False,6.25718399626527,0.05325847784116711,,
ADANIGREEN,2026-07-14,False,True,3.502623166809271,0.26642247845167777,-13.596698051865674,0.46676971010908286
ADANIGREEN,2026-07-16,False,False,5.948405651738797,-0.14195852193004121,,
ADANIPORTS,2026-06-10,False,True,1.5971267907334052,-0.08769392085160588,1.6838912272415962,-2.020183027502942
ADANIPOWER,2026-06-19,False,False,1.6836188436830657,0.525228701185898,,
ADANIPOWER,2026-06-22,False,False,1.6713845627291057,-0.33987632792293887,,
AEGISLOG,2026-06-11,True,True,0.007709024627566841,0.4620987184925207,27.791815304161815,
AEGISLOG,2026-06-12,True,True,1.5578947368420915,0.4706268589160567,10.872714673701811,
AEGISLOG,2026-06-15,False,True,5.627774438765609,0.8795716550329402,9.010450046462326,
AEGISLOG,2026-06-16,False,False,1.2657885779934874,0.519024884259256,,
AEGISLOG,2026-06-17,False,True,2.162036621463259,-0.2924676934706216,5.908264762939042,
AEGISLOG,2026-06-18,False,False,2.1846384788591466,0.4624717712792936,,
AEGISLOG,2026-06-19,False,False,2.087581237566183,-1.0143995127093852,,
AEGISLOG,2026-06-22,True,True,-2.157912621001501,0.8747693519577604,11.7101524282194,
AEGISLOG,2026-06-23,False,False,4.285982306088187,0.042714178986780205,,
AEGISLOG,2026-06-24,False,False,3.5832044365943005,-1.1321832118203923,,
AEGISLOG,2026-06-25,False,True,1.7561917861788734,0.06022090044099926,14.165571497661688,
AEGISLOG,2026-06-29,False,True,5.936027813843769,-0.6529975812895161,8.124335206343414,
AEGISLOG,2026-06-30,False,False,4.1957222663355775,0.3418225672437991,,
AEGISLOG,2026-07-07,False,False,2.8629170099199186,0.2812044376241385,,
AEGISLOG,2026-07-08,False,False,6.762499999999982,1.1473392671837779,,
AEGISLOG,2026-07-09,False,False,16.91872577187077,0.81568961130003,,
AEGISLOG,2026-07-10,False,False,12.40807377125439,-0.8723477707930472,,
AEGISLOG,2026-07-13,False,False,14.348775311100725,1.0173577380651944,,
AEGISLOG,2026-07-14,False,False,13.26241213300261,-2.1611173055044564,,
AEGISLOG,2026-07-15,False,False,11.78445424423713,1.1859582084850384,,
AEGISLOG,2026-07-16,False,False,8.59400891815627,-0.34795579318740444,,
AEGISLOG,2026-07-17,False,False,8.726056156794737,0.4274231311977239,,
AEGISLOG,2026-07-20,False,True,2.391751359574301,0.9172951370079341,-2.9579850080035275,
AEGISLOG,2026-07-21,False,False,5.531990759435335,-0.3574051359637176,,
AEGISLOG,2026-07-22,False,False,6.5616434314416106,-0.3535336915692966,,
AEGISLOG,2026-07-23,False,False,4.887049836304103,1.2896094325718588,,
AEGISLOG,2026-07-24,False,False,8.233671171171153,0.11273957158963732,,
AEGISLOG,2026-07-27,False,False,10.668039766418103,-0.625530024370291,,
AEGISLOG,2026-08-05,False,False,1.4424780037060714,0.779168098863825,,
AEGISLOG,2026-08-06,False,True,3.8843338213762735,1.2226750648388185,-0.08174253279900068,
AEGISLOG,2026-08-07,False,False,5.649143563010228,-1.5342053332325523,,
AEGISLOG,2026-08-21,False,False,9.344240004098214,-0.21418200990122038,,
AEGISVOPAK,2026-07-27,False,False,4.7682238870939475,0.2650843936299552,,
AEGISVOPAK,2026-07-28,False,False,3.810984344318946,-0.6158148558581877,,
AEGISVOPAK,2026-07-29,False,False,4.915766976165825,-0.286619687070655,,
AEGISVOPAK,2026-07-30,False,False,4.908591055890432,-0.4055351797660478,,
ALKEM,2026-07-15,False,False,3.0515823350616644,-0.1339166145879811,,
ALKEM,2026-07-16,False,False,2.0119469026548487,-0.3527336860670194,,
ALKEM,2026-07-20,False,False,2.6384882478632354,-0.14224751066855834,,
ALKEM,2026-07-21,False,False,2.410544550057736,-0.21274709688857696,,
ANANDRATHI,2026-06-24,False,False,3.585942290510191,-0.08434241359712713,,
ANANDRATHI,2026-06-25,False,False,3.662511904111243,0.08983518089151765,,
ANANDRATHI,2026-06-29,False,True,2.205516682137798,-0.6927225105945456,5.008331445600556,
ANANDRATHI,2026-06-30,True,True,0.1493020937188394,0.26992024792367175,2.6234485985219047,
ANANDRATHI,2026-07-01,False,False,2.9980551468047123,0.1970206827007992,,
ANANDRATHI,2026-07-02,False,False,3.7671306748249256,0.09151084119534136,,
ANANDRATHI,2026-07-03,False,True,1.2421152489398235,0.12902430127283981,-0.03737280342697158,
ANANDRATHI,2026-07-06,False,True,1.2380399346489046,-0.3754355247154728,-2.067594991171229,
ANANDRATHI,2026-07-07,False,False,2.5016790099443798,0.16866656234815203,,
ANANDRATHI,2026-07-08,False,False,2.853005068790737,0.23709968606442366,,
ANANDRATHI,2026-07-09,False,False,3.027079303675051,0.09680542110357404,,
ANANDRATHI,2026-07-10,True,True,2.521415169824115,-0.631153858096789,-2.6706115098153016,
ANANDRATHI,2026-07-13,False,False,2.1475340327066883,0.4881093876524023,,
ANANDRATHI,2026-07-14,False,False,4.3504486298234335,-0.6352887770433524,,
ANANDRATHI,2026-07-15,False,False,4.640009987092686,0.2878940414976938,,
ANANDRATHI,2026-07-16,False,False,5.249323913750437,-0.16814797021378336,,
ANANDRATHI,2026-07-17,False,False,5.773613317938109,0.3689070023476626,,
ANANDRATHI,2026-07-20,False,False,5.289861464413592,0.19776437810503644,,
ANANDRATHI,2026-07-21,False,False,4.655033966247646,0.057452413854686135,,
ANANDRATHI,2026-07-22,False,False,3.604024203113898,-0.17024957391424955,,
ANANDRATHI,2026-07-23,False,False,4.901005006001347,0.18258634900740756,,
ANANDRATHI,2026-07-24,False,False,6.947723761747393,0.1567220636375044,,
ANANTRAJ,2026-07-14,False,False,1.1587036607168644,0.5735873112082457,,
ANANTRAJ,2026-07-15,False,False,2.732749813063995,-0.2930445170520768,,
ANANTRAJ,2026-07-16,False,False,2.4493534482758594,-0.19788769951820662,,
ANANTRAJ,2026-07-17,False,False,4.650627470013169,0.2648772792395615,,
ANANTRAJ,2026-07-20,True,True,0.9155366329914871,0.06754426453026152,1.0493749738701652,
ANANTRAJ,2026-07-21,False,True,0.7925155925155858,0.12489592006661443,0.03877791803832409,
ANANTRAJ,2026-07-22,True,True,-0.5401074195020006,0.7002196709130493,0.29916177512154807,
ANANTRAJ,2026-07-23,False,False,2.7506107491856557,0.6062612290738567,,
ANANTRAJ,2026-07-24,False,False,8.16780968709816,-0.3842869342442379,,
ANANTRAJ,2026-07-27,False,False,7.312251029209027,-0.15284704442328767,,
ANANTRAJ,2026-07-28,False,False,1.8712679534082843,-0.02421897023263675,,
ANANTRAJ,2026-07-29,False,False,3.0274802242497456,0.17995510608384002,,
ANANTRAJ,2026-07-30,False,False,3.3820155673904173,0.20525451559934016,,
ANANTRAJ,2026-07-31,False,False,2.483556695971334,0.6128953419355376,,
ANANTRAJ,2026-08-03,True,True,-0.00597090170901815,0.9449616360154733,-3.2981909146466815,
ANANTRAJ,2026-08-04,False,False,3.0205291163045267,-0.23904382470119057,,
ANANTRAJ,2026-08-05,False,False,1.273323591478115,0.0,,
ANANTRAJ,2026-08-06,False,False,2.9054571096800874,-0.11953143444238812,,
ANANTRAJ,2026-08-07,False,False,3.5664846034484166,0.5652454668928053,,
ANANTRAJ,2026-08-12,False,False,5.5324068127661885,-0.2936937112779314,,
ANANTRAJ,2026-08-13,False,False,6.070478991458295,-0.4584132038191524,,
ANANTRAJ,2026-08-14,False,False,3.1853619628906094,-0.1517712578487873,,
ANANTRAJ,2026-08-20,False,True,1.1792655845670241,0.5293571541963082,-5.41438388293699,
ANANTRAJ,2026-08-21,False,False,3.129889700514199,-0.3230871226113097,,
ANGELONE,2026-06-12,False,False,4.775297915818433,0.07548308900535705,,
ANGELONE,2026-06-15,True,True,1.0115619727883773,-0.5927478023329269,-3.3050635534330075,1.6477480835479064
ANGELONE,2026-06-16,False,False,2.8536620304502103,-0.02872913006668476,,
ANGELONE,2026-06-17,False,False,2.6766315545273978,0.23002252404422663,,
ANGELONE,2026-06-18,False,False,2.544264828413456,0.05732598135421707,,
APARINDS,2026-06-10,False,False,3.8180161795787315,0.13135809676714238,,
APARINDS,2026-06-11,True,True,-1.2604827586207068,1.1298646952155211,11.655676412266924,
APARINDS,2026-06-12,True,True,0.2121494704589333,-0.27235286302643713,10.69568656384079,
APARINDS,2026-06-15,True,True,-2.289897325389789,0.4072801323660391,8.025712376838111,
APARINDS,2026-06-16,True,True,-0.0069512795275672445,-0.459249280509455,2.4554487362864252,
APARINDS,2026-06-17,False,False,4.3378599785745875,-0.4953599197391467,,
APARINDS,2026-06-18,True,True,1.4669383502880162,-0.8084614917026278,0.5835768048981116,
APARINDS,2026-06-19,False,False,5.203450439146784,0.33360609303203503,,
APARINDS,2026-06-22,False,False,3.893377114181251,0.17377273009371308,,
APARINDS,2026-06-23,False,False,2.1654075788960503,-1.4884167566918682,,
APARINDS,2026-06-24,True,True,-1.158182138453412,0.5490612823237706,-15.615950100245046,
APARINDS,2026-06-25,False,False,3.498109243697489,-0.07197696737044623,,
APARINDS,2026-06-29,False,False,7.151286353467556,-0.6421338602124016,,
APARINDS,2026-06-30,False,False,8.173055207026358,-0.6853582554517179,,
APARINDS,2026-08-12,True,True,-1.8159071367154112,1.0250173731758183,4.505927792242237,
APARINDS,2026-08-13,False,False,4.038375287324092,-1.2621090506504284,,
APARINDS,2026-08-14,False,False,9.205702348025646,-0.48023426061493124,,
APARINDS,2026-08-17,False,False,9.321502209131062,0.2361972246825994,,
APARINDS,2026-08-18,False,False,11.892221887247501,-2.25142924500501,,
APARINDS,2026-08-19,False,False,9.321502209131062,-0.3989907880068033,,
APARINDS,2026-08-20,False,False,10.955605381165912,-0.13136681196632694,,
APARINDS,2026-08-21,False,False,10.473419454696975,-0.10704091341579014,,
APARINDS,2026-08-24,False,False,9.527976155344376,-0.33529411764705586,,
APARINDS,2026-08-25,False,False,9.94327270572899,-0.38949542637946033,,
APARINDS,2026-08-26,False,False,9.30862343170169,-0.7251037950997019,,
APARINDS,2026-08-27,False,False,6.314192880556657,0.05754071005237282,,
APARINDS,2026-08-28,False,False,3.6126796714578857,-0.27303754266211344,,
APARINDS,2026-08-31,False,False,2.247973657548097,0.19739439399921732,,
APARINDS,2026-09-01,False,False,2.9608059853766244,0.31271321355470505,,
APARINDS,2026-09-03,False,False,5.88351014222428,-0.3774461413390662,,
APARINDS,2026-09-07,False,False,4.3387421022400785,0.2937957255602308,,
APARINDS,2026-09-08,False,False,4.039948453608222,-0.22857142857143353,,
APARINDS,2026-09-17,False,False,6.453207150368034,-0.15748031496063408,,
APLAPOLLO,2026-08-07,False,False,2.372033682061736,-0.12742099898063186,,
APLAPOLLO,2026-08-10,False,False,2.2520109120328424,-0.14760026547668836,,
APLAPOLLO,2026-08-11,False,False,1.3377901721487895,0.07493255886761307,,
APLAPOLLO,2026-08-12,False,False,1.21404329611563,-0.21319032365517687,,
APLAPOLLO,2026-08-13,False,True,1.907703851925957,0.3766005523474725,5.049493528902116,1.122409658662793
APLAPOLLO,2026-08-14,False,True,2.120730598099052,-0.11750425527845554,2.7184386797320714,0.46247297041086544
APLAPOLLO,2026-08-17,True,True,0.013988660864550084,0.6778019652446288,1.446080697038865,-1.3033925181145212
APLAPOLLO,2026-08-18,False,False,1.1179409845313737,0.19102196752627254,,
APLAPOLLO,2026-08-19,False,False,1.330889529794388,-0.08070793013658095,,
APLAPOLLO,2026-08-20,True,True,-0.46626048730130654,0.17767200025111674,2.597286892587025,0.38872097306823505
APLAPOLLO,2026-08-21,False,False,1.7567745548344726,-0.7604649356229176,,
APLAPOLLO,2026-08-24,False,False,0.37002082807084946,0.22683681876902728,,
APLAPOLLO,2026-08-25,False,False,1.750335478621845,-0.027943053489964953,,
APLAPOLLO,2026-08-26,False,False,2.461716361786803,0.03755392718731709,,
APLAPOLLO,2026-08-27,True,True,-1.3879992154512633,1.7600203560833583,-2.9475230070983405,0.15276850526306784
APLAPOLLO,2026-08-28,False,True,2.1265617018896066,0.23240362981316043,1.0561075815790355,0.6064901588106464
APLAPOLLO,2026-08-31,False,False,1.9361551031453983,-0.12449640774293558,,
APLAPOLLO,2026-09-01,False,False,3.125202781646297,-0.9987580701221743,,
APLAPOLLO,2026-09-02,False,False,4.499450204481126,-0.4452543765617878,,
APLAPOLLO,2026-09-03,False,False,4.456539384477409,-0.3726742257830873,,
APLAPOLLO,2026-09-04,False,False,5.940224174734832,0.18076024768249876,,
APLAPOLLO,2026-09-07,False,False,2.6879188443455604,-0.2324005669264495,,
APLAPOLLO,2026-09-08,False,False,4.944383010655051,-0.20103007977959608,,
APLAPOLLO,2026-09-09,False,False,5.204451583295078,0.09186954524575963,,
APLAPOLLO,2026-09-10,False,False,5.835872576177281,-0.15212505203729965,,
APOLLOHOSP,2026-06-10,True,True,-0.03270619757689275,0.22768404460271618,1.3378968016391823,-1.2025426535997141
APOLLOHOSP,2026-06-11,False,False,2.1825041263852762,-0.0706880301602264,,
APOLLOHOSP,2026-06-17,False,False,2.8067137180475488,0.0355977454761236,,
APOLLOHOSP,2026-06-29,False,False,1.0170828997571935,-0.20768431983385627,,
APOLLOHOSP,2026-06-30,False,False,0.8927586206896265,0.23041474654377225,,
APOLLOHOSP,2026-07-01,False,False,1.506967637913137,-0.35003156022264115,,
APOLLOHOSP,2026-07-03,False,True,0.49999999999998934,-0.19914651493598834,-0.09473726010765793,0.9320557985443623
APOLLOHOSP,2026-07-06,False,False,0.759792076425958,0.08436445444319762,,
APOLLOHOSP,2026-07-07,False,False,0.5788854003139443,-0.06163500868493488,,
APOLLOHOSP,2026-07-14,False,False,2.0622943379098757,-0.22642363862787063,,
APOLLOHOSP,2026-07-15,False,True,0.09737369241038518,0.31816913201228036,-0.9422162928374722,-0.7143055671363641
APOLLOHOSP,2026-07-16,False,False,1.5368958169787783,-0.016818971800192095,,
APOLLOHOSP,2026-07-21,False,False,1.4743065284393175,0.02802690582959233,,
APOLLOHOSP,2026-07-22,False,False,1.5938622082585008,0.1348314606741674,,
ARE&M,2026-08-11,False,True,5.049971364041572,0.11481550497198789,-8.513854508641472,
ARE&M,2026-08-12,True,True,-0.7583490415249639,0.7610533237379924,-10.994309765341658,
ARE&M,2026-08-13,False,False,4.720526530287916,0.2721679569104962,,
ASHOKLEY,2026-08-07,False,False,1.4970238440212613,0.20449933201622805,,
ASHOKLEY,2026-08-10,False,False,1.589161532857175,-0.5305267081353038,,
ASHOKLEY,2026-08-11,False,False,4.305095800280867,0.19170549101008572,,
ASHOKLEY,2026-08-12,False,False,1.9408390976398016,0.32405192950386574,,
ASHOKLEY,2026-08-13,True,True,-0.002775929212794903,1.1014900686671325,-5.861749296247454,-1.5481249560290289
ASHOKLEY,2026-08-14,False,False,2.8128678526810225,0.44431567636298297,,
ASHOKLEY,2026-08-17,False,False,4.969985624880646,0.534509251347659,,
ASHOKLEY,2026-08-18,False,False,4.432652305828388,-0.4078316468196119,,
ASHOKLEY,2026-08-19,False,False,4.838128110576978,-0.0057062558859399815,,
ASHOKLEY,2026-08-20,False,False,5.5856833682703,-0.4921038208878681,,
ASHOKLEY,2026-08-21,False,False,6.3932639847401385,-0.20238874663156547,,
ASHOKLEY,2026-08-24,False,False,6.52288805145691,-0.06957526358321031,,
ASHOKLEY,2026-08-25,False,False,6.479641807807202,-0.011599368944781308,,
ASHOKLEY,2026-08-26,False,False,4.219266980491798,0.2960201541792662,,
ASHOKLEY,2026-08-27,False,False,2.8358968326411826,-0.41829335595912065,,
ASHOKLEY,2026-08-28,False,False,3.7345735477191555,-0.2378380302707983,,
ASIANPAINT,2026-06-10,False,False,2.008770094650081,0.39973236572421467,,
ASIANPAINT,2026-06-15,True,True,-1.0279584151944743,0.3485205437062877,-2.1948034998276134,-1.8510459135127277
ASIANPAINT,2026-06-16,False,False,3.7070908036602734,-0.16002554441716388,,
ASIANPAINT,2026-06-17,False,False,3.3231735374356974,0.0072574920978452084,,
ASIANPAINT,2026-06-18,False,False,4.014009898711501,-0.1021990210315793,,
ASIANPAINT,2026-06-19,False,False,4.158623656755345,0.032935707194226005,,
ASTRAL,2026-08-28,False,False,4.654735625356832,-0.20172939965108494,,
ASTRAL,2026-08-31,False,False,4.015557576218831,-0.02624659933536666,,
ATGL,2026-06-10,False,False,18.255111250614718,-1.8468770987239758,,
ATGL,2026-06-12,False,False,18.19850284788995,-0.20475021157355666,,
ATGL,2026-06-18,False,False,10.070409421282855,-0.6851301672306298,,
ATGL,2026-06-19,False,False,5.335870725275238,0.2456230999647424,,
ATGL,2026-06-22,False,False,6.650208623087606,-0.2843059188231134,,
ATHERENERG,2026-06-10,False,False,6.846842366981587,-0.25296243478477587,,
ATHERENERG,2026-06-11,False,False,2.3234487320940245,0.09055778568876072,,
ATHERENERG,2026-06-12,False,False,3.7012548262548073,-0.7662835249042099,,
ATHERENERG,2026-06-15,False,False,5.296972738766459,-0.9946204016788807,,
ATHERENERG,2026-06-16,False,False,3.751327860936726,0.05314738432542487,,
ATHERENERG,2026-06-23,False,False,11.01925384570761,-0.15505478211130796,,
ATHERENERG,2026-06-29,False,False,6.085005781685093,0.2299987792968805,,
ATHERENERG,2026-06-30,True,True,-0.6267685603056905,0.279945424146244,8.745888046108274,3.3992152171746115
ATHERENERG,2026-07-01,True,True,-1.5758749944127626,0.5492640475676103,4.063955494163296,-1.572842095103888
ATHERENERG,2026-07-02,False,False,4.81298986961487,-0.8353116672938476,,
ATHERENERG,2026-07-03,False,False,3.2565426720388313,-1.352860936826794,,
ATHERENERG,2026-07-06,False,False,3.6913114848889705,0.0,,
ATHERENERG,2026-07-07,False,False,3.301660446340149,-0.13091289370550374,,
ATHERENERG,2026-07-08,False,True,2.584474601896969,-0.12134024469083737,9.67100209140559,2.531049083295378
ATHERENERG,2026-07-09,True,True,1.3347176079734124,-0.5780346820809301,6.2562004158829065,0.272937160495923
ATHERENERG,2026-07-10,False,False,4.092877044677712,-0.6869195144181939,,
ATHERENERG,2026-07-13,True,True,0.12942080449960258,0.4671055050498474,3.785521579415607,-4.860603165639832
ATHERENERG,2026-07-14,False,False,7.314137603395832,0.0,,
ATHERENERG,2026-07-15,True,True,-1.4342025041701012,0.9317693090911128,15.1231758137232,5.169749990045758
ATHERENERG,2026-07-16,True,True,2.0396092791480136,-0.7715205694215133,9.423313153378832,-4.18670341588574
ATHERENERG,2026-07-17,False,False,6.025960790238893,0.08635386589515015,,
ATHERENERG,2026-07-20,False,False,2.9571920834767784,-0.7634146323459934,,
ATHERENERG,2026-07-21,False,False,3.580459770114941,-0.32842348336988847,,
ATHERENERG,2026-07-22,False,False,3.374504836182024,0.2837603422499946,,
ATHERENERG,2026-07-23,False,False,6.847286861573254,0.22975950928931788,,
ATHERENERG,2026-07-24,False,False,12.888339104674307,-0.8364369015269157,,
ATHERENERG,2026-07-27,False,False,12.362842892768079,0.32524597560406043,,
ATHERENERG,2026-07-29,False,False,9.860612254434443,0.1954417275295217,,
ATHERENERG,2026-07-30,False,False,8.729492687465612,-1.074242104283618,,
ATHERENERG,2026-07-31,False,False,6.360639366009169,0.06351610381325479,,
ATHERENERG,2026-08-03,False,False,6.6313694402029055,-0.5301110145395915,,
ATHERENERG,2026-08-04,True,True,-8.725910787904546,3.3675851929474865,8.849276266430174,10.785179259138488
ATHERENERG,2026-08-05,False,False,6.2667436870174065,0.5386233583229982,,
ATHERENERG,2026-08-06,False,False,0.76198279527393,0.42287062366308525,,
ATHERENERG,2026-08-07,False,False,2.335926928281462,0.05415981956202742,,
ATHERENERG,2026-08-10,False,True,1.5233085763713738,0.3900503583137205,6.648458557882031,-2.84650854388121
ATHERENERG,2026-08-11,False,True,2.2626824251606337,-0.2936792475736305,5.806497042951375,0.26839167137175934
ATHERENERG,2026-08-12,True,True,0.18667663886096086,0.04548386254925596,4.786206925183789,2.1086870762783816
ATHERENERG,2026-08-13,False,False,3.5136897001303735,0.2614379084967311,,
ATHERENERG,2026-08-14,False,False,3.4462540716612367,-0.09112369121423436,,
ATHERENERG,2026-08-17,False,False,4.350400930035092,-0.11159729650400685,,
ATHERENERG,2026-08-18,False,False,7.001347708894867,-0.5295277354235073,,
ATHERENERG,2026-08-19,False,False,8.544669731344335,-0.013666268553857996,,
ATHERENERG,2026-08-20,False,False,9.314334757543019,-0.5000375851801797,,
ATHERENERG,2026-08-21,False,False,8.514996720710833,-0.07511442007641644,,
ATHERENERG,2026-08-24,False,False,8.160208869034857,-0.3732356196472608,,
ATHERENERG,2026-08-25,False,False,9.104024554299507,-0.15092969324389527,,
ATHERENERG,2026-08-26,False,False,9.014144350870602,0.26155882641094585,,
ATHERENERG,2026-08-27,False,False,5.5109353098927505,-0.44462626143978445,,
ATHERENERG,2026-08-28,True,True,0.0003260042799935192,0.9122304323597508,5.894925114854033,6.86347625919721
ATHERENERG,2026-08-31,True,True,-1.6893745425934803,0.1502584401148921,0.11293227115953819,3.40933369960017
ATHERENERG,2026-09-01,False,True,2.183522314465791,0.7874999180711661,-4.998495522655055,-0.24842029878781036
ATHERENERG,2026-09-02,False,False,1.914173173463185,-0.7273132884074607,,
ATHERENERG,2026-09-03,False,False,7.121382001305587,-1.5227233721411326,,
ATHERENERG,2026-09-04,False,False,8.266104982880051,-0.13570731016018245,,
ATHERENERG,2026-09-07,False,False,9.737043174464088,0.6236944521647914,,
ATHERENERG,2026-09-10,False,False,7.489269363577655,0.03680831815566776,,
ATHERENERG,2026-09-11,False,False,5.994196049678835,1.5475282973508087,,
AUBANK,2026-06-24,False,True,2.514368510021736,0.1984174337019473,1.0195212937148979,1.6838180700722294
AUBANK,2026-06-30,False,False,5.315917525817171,-0.43987323286291957,,
AUBANK,2026-07-01,False,False,4.802002641927516,0.04833719916850221,,
AUBANK,2026-07-02,False,False,2.659342255346364,0.1896633475580778,,
AUBANK,2026-07-03,False,False,1.6491050541456609,0.1877934272300541,,
AUBANK,2026-07-06,False,True,1.2694632052039578,-0.08396533198649081,-1.1521318451454765,-1.80675125248001
AUBANK,2026-07-07,False,False,2.225002288818345,0.018655641235842957,,
AUBANK,2026-07-09,False,False,4.675900179624892,0.22977734935973881,,
AUBANK,2026-07-10,False,False,2.96457523822804,0.557447494138974,,
AUBANK,2026-08-13,False,False,2.4359008789062386,-0.027646624401145292,,
AUBANK,2026-08-14,False,False,1.9005752537153198,0.018335733321861447,,
AUBANK,2026-08-17,False,False,2.2004160492995695,-0.4120879120879106,,
AUBANK,2026-08-18,False,False,3.81370725586363,-0.390777172625445,,
AUBANK,2026-08-19,False,False,4.12492965289557,-0.22434327019255074,,
AUBANK,2026-08-20,False,False,2.843487994140803,-0.21237754645659912,,
AUBANK,2026-08-21,False,True,1.9630909128537377,-0.3489052284449956,1.9875647292320497,0.21638466366065146
AUBANK,2026-08-24,False,False,0.98294734551585,0.045355586803963455,,
AUBANK,2026-08-25,True,True,0.2032170852558579,0.44943820224718767,-7.731134629286007,0.7884670209464151
AUBANK,2026-08-26,False,False,2.11549515664895,-0.23920893848464742,,
AUROPHARMA,2026-07-01,False,False,1.6580388909102517,-0.38683337507107174,,
AUROPHARMA,2026-07-02,False,False,2.90272420999238,0.23253441220723037,,
AUROPHARMA,2026-07-03,False,True,1.207027197277144,0.5352379433789523,-4.060791363202332,1.6066357788539154
AUROPHARMA,2026-07-06,False,False,1.4170190550101935,-0.16618152600592628,,
AUROPHARMA,2026-07-07,False,False,3.3281437859463248,0.006280267881408896,,
AUROPHARMA,2026-07-08,False,False,2.7087958383900546,0.006242621663288261,,
AUROPHARMA,2026-07-09,False,False,5.373395349317267,0.13470016587155964,,
AUROPHARMA,2026-07-10,False,False,5.630514190898728,-0.0449262626363911,,
AUROPHARMA,2026-07-21,False,False,4.413734657390878,-0.2892960462873684,,
AUROPHARMA,2026-08-07,False,True,2.989027487135698,0.6182606131516888,0.16608247621670014,1.548058476829861
AUROPHARMA,2026-08-10,False,False,0.2888528754156683,-0.030004800328531367,,
AUROPHARMA,2026-08-11,False,False,1.827740706406944,0.06670561467176928,,
AUROPHARMA,2026-08-12,False,False,1.428199281593412,-0.4566744266868761,,
AUROPHARMA,2026-08-13,False,True,0.25414824201268615,0.7272056859424891,2.1865952805124156,-1.0629012876448685
AUROPHARMA,2026-08-14,False,False,1.4710421286518338,0.19241616794924976,,
AUROPHARMA,2026-08-31,False,True,0.9204451373414857,-0.5367206974924987,1.6533111452508686,2.1339414579943705
AUROPHARMA,2026-09-01,False,False,2.7745681953543766,-0.11897679952409534,,
AXISBANK,2026-06-19,False,False,2.100411019842352,-0.2573718609578002,,
AXISBANK,2026-06-22,False,False,1.7553269654665637,0.17665423650750078,,
AXISBANK,2026-06-24,False,False,1.419992676675208,0.17607104812915608,,
AXISBANK,2026-06-25,False,True,0.2540824371261019,0.1513604979807015,-4.632380741159237,-0.030903837748863516
AXISBANK,2026-06-29,False,False,1.47847253994553,0.28931000076901636,,
AXISBANK,2026-06-30,False,False,2.550870964266516,0.10213937870688916,,
AXISBANK,2026-07-01,False,False,4.198789249460133,-0.11834138949241568,,
AXISBANK,2026-07-02,False,False,2.7455622828672643,0.2929329915781764,,
BAJAJ-AUTO,2026-07-22,True,True,-2.0100641706292444,1.5518049695264935,7.172470978441137,3.6437132519222093
BAJAJ-AUTO,2026-07-23,True,True,0.02395452699959222,-0.20259319286871635,2.5964367267100386,1.288499033253654
BAJAJ-AUTO,2026-07-24,False,False,1.4942513368983779,-0.12017625851248326,,
BAJAJ-AUTO,2026-07-27,False,False,2.287388843977345,-0.06732193348593096,,
BAJAJ-AUTO,2026-07-28,False,False,1.7436229618047694,0.013403627915287153,,
BAJAJ-AUTO,2026-07-29,True,True,-0.06490196078433597,-0.04355400696863798,3.3873618629607583,-1.129731038946613
BAJAJ-AUTO,2026-07-30,False,False,1.2639580602883171,0.11371588523443332,,
BAJAJ-AUTO,2026-07-31,False,True,0.6614843444651797,0.26124439413071077,0.9520555391616448,-0.12649206275247016
BAJAJ-AUTO,2026-08-03,False,False,1.24250325945241,0.026082420448614307,,
BAJAJ-AUTO,2026-08-04,False,False,2.5411359724612614,-0.02581089219650945,,
BAJAJ-AUTO,2026-08-05,False,False,2.488216067435056,-0.05158184319119519,,
BAJAJ-AUTO,2026-08-06,False,False,1.5189571440742844,-0.06811409110260014,,
BAJAJ-AUTO,2026-08-07,False,False,2.36494845360824,0.034376074252318034,,
BAJAJ-AUTO,2026-08-10,False,False,1.5276073619631791,0.25627883136853935,,
BAJAJ-AUTO,2026-08-11,False,False,0.9256310350669095,0.21220609455903094,,
BAJAJ-AUTO,2026-08-12,False,False,1.1051136363636305,-0.025434506146670977,,
BAJAJ-AUTO,2026-08-13,False,False,1.92626314439599,0.12840267077556256,,
BAJAJ-AUTO,2026-08-14,False,False,1.92626314439599,-0.2898303639928379,,
BAJAJ-AUTO,2026-08-17,False,False,1.6308498849202824,-0.01704593880508254,,
BAJAJ-AUTO,2026-08-18,False,False,1.6221871803614007,0.008524422470368442,,
BAJAJ-AUTO,2026-08-19,False,False,2.7077446588559484,0.017232465965877353,,
BAJAJ-AUTO,2026-08-21,False,False,1.7609679071355355,0.04269490222867933,,
BAJAJ-AUTO,2026-08-24,False,False,1.561589573217459,-0.08511362669163525,,
BAJAJ-AUTO,2026-09-01,True,True,-0.8083807973962798,0.34291312867407164,-6.370866196634283,0.16693121367608033
BAJAJFINSV,2026-07-02,False,True,0.5778221535471584,-0.055279159756771445,3.9018458564130665,3.6598798076531436
BAJAJFINSV,2026-07-03,True,True,-1.4114101433286064,0.8286839620683883,0.2880309073256315,0.7369156145127009
BAJAJFINSV,2026-07-06,False,False,2.4081237034533354,-0.20168392373290933,,
BAJAJFINSV,2026-07-07,False,False,2.2612851832182423,-0.14848068488836352,,
BAJAJFINSV,2026-07-08,False,False,2.966687617686281,0.107060651257318,,
BAJAJFINSV,2026-07-09,False,False,3.0990014639026064,0.14476949983244225,,
BAJAJFINSV,2026-07-10,False,False,0.7207841207202303,0.09424339414267902,,
BAJAJFINSV,2026-07-13,False,False,2.3167130523925605,-0.3591763645252266,,
BAJAJFINSV,2026-07-14,False,False,1.7074642810690488,0.4871565354447993,,
BAJAJFINSV,2026-07-20,False,False,4.059868944873668,0.22154307907416015,,
BAJAJFINSV,2026-07-21,False,False,3.3798875200856893,0.005355165495202208,,
BAJAJFINSV,2026-07-22,False,False,2.2841812400635764,-0.2431790888828167,,
BAJAJFINSV,2026-07-23,False,False,2.9442890216607065,0.36400882806029156,,
BAJAJFINSV,2026-07-24,False,False,2.7470055895661316,0.23478066652697915,,
BAJAJFINSV,2026-07-27,False,False,1.140058703489788,0.4759638206038419,,
BAJAJFINSV,2026-07-28,False,True,0.8466591083533759,-0.18779215367435986,5.156507855821801,0.5389718076285188
BAJAJFINSV,2026-07-29,False,False,0.6556530717604536,0.0,,
BAJAJFINSV,2026-07-31,True,True,-0.6290974398620364,0.20886273998663718,3.9788205502052865,4.899666193454344
BAJAJFINSV,2026-08-03,True,True,-1.4073711240911835,0.40626339461251604,-2.2026284580452193,1.3786036367503973
BAJAJFINSV,2026-08-04,False,False,1.3266678989765524,0.02405696802796342,,
BAJAJFINSV,2026-08-05,True,True,0.16690340909089052,0.0,-4.988123515439414,-2.151948097989842
BAJAJFINSV,2026-08-06,False,False,2.1294454774256844,0.27416792553511815,,
BAJAJFINSV,2026-08-10,False,False,6.396108439139092,0.054998779296866473,,
BAJAJFINSV,2026-08-11,False,False,5.473720685149108,0.16871896072077064,,
BAJAJFINSV,2026-08-12,False,False,5.714622641509415,0.31878982326618566,,
BAJAJFINSV,2026-08-13,False,False,5.609747023809519,0.13908448718644717,,
BAJAJFINSV,2026-08-14,False,False,5.140370370370362,-0.2757793584786006,,
BAJAJFINSV,2026-08-17,False,False,6.1362163509471435,0.05985390775387067,,
BAJAJFINSV,2026-08-18,False,False,6.337656174342388,-0.11474426680593286,,
BAJAJFINSV,2026-08-19,False,False,6.689342856644753,0.41764839500240125,,
BAJAJFINSV,2026-08-20,False,False,4.691645971915603,-0.2421259308185819,,
BAJAJFINSV,2026-08-21,False,False,2.2862699803628095,-0.17841696744634872,,
BAJAJFINSV,2026-08-27,False,False,1.6976166832174622,-0.4054965567140467,,
BAJFINANCE,2026-06-24,False,True,1.7804523947921203,0.6936140197196794,5.5986267528093325,1.385269598516481
BAJFINANCE,2026-06-25,True,True,-0.3124227009847713,0.21503470186139406,0.5887130720699796,-2.359621168151005
BAJFINANCE,2026-06-29,False,False,2.207523052222027,0.10630096613200024,,
BAJFINANCE,2026-06-30,False,False,3.225370314551901,-0.18351305885424551,,
BAJFINANCE,2026-07-01,False,True,1.5192620564103088,-0.21934319112973943,3.966052921849106,-2.096914389798299
BAJFINANCE,2026-07-02,False,False,2.6625858804728786,-0.2682575466498971,,
BAJFINANCE,2026-07-03,True,True,0.34346363592938634,0.5481096754610837,2.4709832055437086,0.8897260319126188
BAJFINANCE,2026-07-06,False,False,1.092946640787762,-0.17378843706383762,,
BAJFINANCE,2026-07-07,False,False,1.318172267490847,-0.06779188105326961,,
BAJFINANCE,2026-07-08,False,False,2.8842512917970353,0.16555815066576773,,
BAJFINANCE,2026-07-09,False,False,5.09131978141546,0.28884705319347503,,
BAJFINANCE,2026-07-10,False,False,4.914192955576957,0.11911367309853649,,
BAJFINANCE,2026-07-13,False,False,5.206257444690121,-0.069549151220194,,
BAJFINANCE,2026-07-14,False,False,5.290002441406227,0.1794246183279835,,
BAJFINANCE,2026-07-15,False,False,2.575082355455338,-0.06781683707002273,,
BAJFINANCE,2026-07-16,False,False,3.0947485742903513,0.08776444798268557,,
BAJFINANCE,2026-07-17,False,False,1.7563707753888602,-0.24939813773980912,,
BAJFINANCE,2026-07-20,False,False,1.371495640470699,0.20051327108092654,,
BAJFINANCE,2026-07-21,False,True,0.9918542049632162,-0.3563770659394838,6.3521955047565415,-0.8423231171184598
BAJFINANCE,2026-07-22,False,False,1.4537231042170307,-0.12199012646352259,,
BAJFINANCE,2026-07-27,False,False,4.114555004794629,0.6893180180521874,,
BAJFINANCE,2026-07-31,True,True,-2.0348328460636056,0.5748632737900383,1.4102954251300703,8.939667086990944
BAJFINANCE,2026-08-03,True,True,-1.3420716112532038,0.18790152717169661,-6.935146240141021,0.5826274619088689
BAJFINANCE,2026-08-04,False,False,2.6553854876124605,0.1391162177116323,,
BAJFINANCE,2026-08-05,False,False,1.9208641841493623,-0.3693248001194416,,
BAJFINANCE,2026-08-06,False,False,2.5218587058302155,0.6282679905650124,,
BAJFINANCE,2026-08-10,False,False,9.26820929169434,0.501581324216871,,
BAJFINANCE,2026-08-11,False,False,8.466240783131429,0.31290488592448096,,
BAJFINANCE,2026-08-12,False,False,8.148744725863244,0.5426195234800923,,
BAJFINANCE,2026-08-20,False,False,6.581439755734397,-0.35522582451383844,,
BAJFINANCE,2026-08-21,False,False,2.208056930451474,-0.2733734220209949,,
BALKRISIND,2026-08-11,False,False,1.6122529644268635,-0.11843663639952151,,
BALKRISIND,2026-08-12,False,False,2.3362883667934264,-0.28579172914413586,,
BALKRISIND,2026-08-13,False,False,2.536297465960069,0.4607925722240891,,
BALKRISIND,2026-08-17,False,False,8.11632379547589,0.40113160512329493,,
BALRAMCHIN,2026-08-20,False,True,2.086043176954888,0.09873538971183482,4.816520727129503,
BALRAMCHIN,2026-08-21,False,False,7.743118829820883,-0.9181175037982992,,
BALRAMCHIN,2026-08-24,False,False,7.367272540091152,0.5363807653713248,,
BALRAMCHIN,2026-08-26,False,False,17.002799128001577,-1.2149326483038347,,
BALRAMCHIN,2026-08-31,False,False,19.89837939812582,0.3064664533896533,,
BALRAMCHIN,2026-09-03,False,False,15.419817980597994,0.1767843589586482,,
BALRAMCHIN,2026-09-04,False,False,10.217907455284102,-0.19316591414137996,,
BALRAMCHIN,2026-09-07,False,False,5.099961755377236,1.1183811605927518,,
BALRAMCHIN,2026-09-08,False,False,3.490076300752265,-0.7468913435771052,,
BALRAMCHIN,2026-09-09,False,False,6.758768790264846,-0.24278951405225513,,
BALRAMCHIN,2026-09-10,False,False,5.237090840057723,-0.18313125558744314,,
BANDHANBNK,2026-06-15,False,True,0.9824428915869765,-0.21815740896121705,-3.467383506896715,0.28849091659961523
BANDHANBNK,2026-06-16,False,False,2.717403385129291,-0.30812699970972357,,
BANDHANBNK,2026-06-17,False,False,1.8494003495966638,0.11163046193678472,,
BANDHANBNK,2026-06-18,False,False,2.8191210562765745,0.11739293393988603,,
BANDHANBNK,2026-06-19,False,False,2.9688403907683236,-0.023481123491131406,,
BANDHANBNK,2026-06-22,False,False,4.123046403490815,0.8864779448387816,,
BANDHANBNK,2026-06-24,False,False,6.227000094050372,-0.21275685247352794,,
BANKBARODA,2026-06-22,False,False,2.3720063458370744,0.035494624140408604,,
BDL,2026-06-30,False,False,6.214416727806293,0.3681885125184081,,
BDL,2026-07-01,False,False,5.486918846280786,-0.09462959918602465,,
BDL,2026-07-02,False,False,5.3640829694323156,-0.5932536146396772,,
BDL,2026-07-03,False,False,2.746806245564226,-0.45217071525146535,,
BDL,2026-07-06,False,False,1.657364287528429,1.0573392655649716,,
BDL,2026-07-07,False,False,4.648147639954869,-0.888381142017669,,
BDL,2026-08-18,False,False,4.374663700583792,-1.022397076289061,,
BDL,2026-08-19,False,False,3.7932888879901316,-0.7110553807992193,,
BDL,2026-08-21,False,False,7.988146583602118,0.02257804518972506,,
BDL,2026-08-24,False,False,4.786270339776744,0.5655165526037731,,
BDL,2026-08-25,False,False,3.958737986439398,0.7445219833485339,,
BDL,2026-08-26,False,False,6.434127803028611,-0.42839565134324964,,
BEL,2026-08-25,False,False,2.569369680931022,0.23341823268583362,,
BEL,2026-08-28,False,False,2.506551597507678,-0.09789375685496093,,
BEL,2026-08-31,False,False,2.4438104122132875,0.2577364571128893,,
BELRISE,2026-06-10,False,False,2.018415468579682,0.5090563676643844,,
BELRISE,2026-06-12,False,False,4.06414463729039,0.3118237285191672,,
BELRISE,2026-06-15,False,True,1.9965245869951298,-0.3506552502956728,-6.471867700921252,
BELRISE,2026-06-16,False,False,1.761506276150615,0.13826699358379102,,
BELRISE,2026-06-17,True,True,0.2762458697179726,0.8188826129348348,-5.908475663874569,
BELRISE,2026-06-18,False,False,3.4831467854922415,-0.11725241864262159,,
BELRISE,2026-06-19,False,False,2.3163656581111303,0.3911787055632443,,
BELRISE,2026-06-22,False,True,0.9397650047879624,-0.3057729956509214,-5.869678252100452,
BELRISE,2026-06-23,False,False,2.1784759895509875,-0.31672504396188517,,
BELRISE,2026-06-24,False,False,1.7061757910465936,0.9826840262286529,,
BELRISE,2026-06-25,False,True,0.6169046325695371,0.5404082519794962,-9.539203700458199,
BELRISE,2026-06-29,False,False,4.157929819985795,-0.6415525156862056,,
BELRISE,2026-06-30,False,False,6.604365951956481,-0.3857596325862467,,
BELRISE,2026-07-01,False,False,5.117672228053061,0.1996239274822731,,
BELRISE,2026-07-02,False,False,6.411764705882339,0.3076645654293442,,
BELRISE,2026-08-07,False,True,0.5573440602570257,0.20419831689686418,5.9265813918252475,
BELRISE,2026-08-10,True,True,0.36751414621336576,-0.03992766347920007,4.01990292677239,
BELRISE,2026-08-12,False,True,1.0330883420691883,-0.36141483340216274,-9.54635259836849,
BELRISE,2026-08-13,False,False,3.130175763324794,0.13792542205459668,,
BELRISE,2026-08-14,False,False,5.194942321744067,0.30534901053218544,,
BEML,2026-09-02,False,True,2.0216466728613325,-0.34430626977848267,-3.4208313374008203,
BEML,2026-09-03,True,True,0.5785894918827417,-0.5782102871442873,3.7395282155811227,
BEML,2026-09-04,True,True,1.358391666679415,-1.0504702997218618,1.6448856197481598,
BHARATFORG,2026-06-15,False,True,1.826277634766682,-0.1526251545208579,5.271982998166069,2.079494406268889
BHARATFORG,2026-06-16,False,False,0.5988200589970516,0.157570961933029,,
BHARATFORG,2026-06-17,False,False,2.346248501085957,-0.3035931671731995,,
BHARATFORG,2026-06-18,False,False,0.6282504875113393,-0.4251967780500854,,
BHARATFORG,2026-06-19,False,True,1.3507344554702039,-0.06393501815024072,4.188442172573392,0.031777175043301575
BHARATFORG,2026-06-22,False,False,1.163123167155411,-0.18538631757265556,,
BHARATFORG,2026-06-23,True,True,0.2344350267613482,-0.01415658542698317,-1.1189413785821722,0.9807087242137635
BHARATFORG,2026-06-24,False,False,0.8973255813953251,0.08844570817825304,,
BHARATFORG,2026-06-25,False,False,1.8866931711880142,0.2814258911819856,,
BHARATFORG,2026-06-29,False,False,3.1068088391688953,-1.0723049933134554,,
BHARATFORG,2026-06-30,False,False,8.499276410998524,0.2708763626186439,,
BHARATFORG,2026-07-01,False,False,5.1318174566602925,-0.0700639949751003,,
BHARATFORG,2026-07-02,False,False,6.6876981355470155,-0.06637023225067873,,
BHARATFORG,2026-07-03,False,False,4.0328399629972145,-0.2859492349183035,,
BHARATFORG,2026-07-06,False,False,4.7303919595933275,-0.569461791916992,,
BHARATFORG,2026-07-07,False,False,6.294423440453678,-0.428219718510503,,
BHARATFORG,2026-07-08,False,False,6.289395406727549,0.141971504488958,,
BHARATFORG,2026-07-09,False,False,6.576483324421756,-0.04736194213563749,,
BHARATFORG,2026-07-10,False,False,5.244953311577594,-0.04209084863190382,,
BHARATFORG,2026-07-13,False,False,6.91082554413196,-0.2938365484300931,,
BHARATFORG,2026-07-17,False,False,3.300765068484135,-0.023611634725240194,,
BHARATFORG,2026-07-20,False,True,0.9919236471973569,0.2108782370122686,2.60528746636981,0.018872575610462405
BHARATFORG,2026-08-07,False,True,1.1843870665138478,0.10834773560948197,-10.637183622759661,1.566079962031952
BHARTIARTL,2026-07-10,False,False,3.23579992663916,-0.26576214621872873,,
BHARTIARTL,2026-07-14,False,False,3.0688575899843418,0.31397174254317317,,
BHEL,2026-08-27,False,False,3.5890175252210943,0.20137552504730927,,
BHEL,2026-08-28,False,False,1.5076653388337302,-0.29874475725673033,,
BHEL,2026-08-31,False,False,3.1723101724091096,-0.2104018460512891,,
BHEL,2026-09-03,False,False,4.649079623310715,-0.8281786640655042,,
BHEL,2026-09-04,False,False,3.0969278947779344,0.046374266796256336,,
BIOCON,2026-07-27,False,False,2.95206045039329,-0.1029894025539213,,
BIOCON,2026-08-06,False,False,4.010763566161657,-0.7123643200859564,,
BOSCHLTD,2026-06-12,True,True,-1.2888974260468866,0.025618035096708347,3.8743700013621707,2.2268059960951714
BOSCHLTD,2026-06-16,False,False,0.7025444010580584,0.9665522065369414,,
BOSCHLTD,2026-06-17,False,False,3.0305755395683365,-0.25627883136852825,,
BOSCHLTD,2026-06-18,False,True,1.723744292237428,0.4331210191082846,3.5299692016110162,-0.24813276973526532
BOSCHLTD,2026-06-19,False,False,1.2625948501057138,0.33699450823765353,,
BOSCHLTD,2026-06-22,True,True,0.7362950129934154,-0.4925501785494446,1.9961918801056688,-1.1731466126159162
BOSCHLTD,2026-06-23,False,False,2.0003732271709262,0.0,,
BOSCHLTD,2026-06-24,False,False,1.797740253290292,-0.14877262583684603,,
BOSCHLTD,2026-06-25,True,True,0.14400879443019488,0.07334066740007916,1.2710412146182515,-0.8878139335194546
BOSCHLTD,2026-06-29,False,False,1.9035281146637217,0.06128953174797669,,
BOSCHLTD,2026-06-30,False,False,3.785215221459759,-0.19922799153281323,,
BOSCHLTD,2026-07-01,False,False,4.070874515200784,-0.09998750156230418,,
BOSCHLTD,2026-07-02,False,False,1.037106765456075,0.7834496266372781,,
BOSCHLTD,2026-07-03,True,True,0.019999999999975593,-0.21446443464792075,-0.30650586300648985,0.02775564290129484
BOSCHLTD,2026-07-06,False,False,1.8640909632098968,0.0,,
BOSCHLTD,2026-07-07,False,False,1.718761146118175,-1.012121925385434,,
BOSCHLTD,2026-07-08,False,False,2.942666345806755,-0.5623354869585984,,
BOSCHLTD,2026-07-09,False,False,2.253675152384371,-0.04778401624656592,,
BOSCHLTD,2026-07-10,False,False,1.1654842142603705,-0.1416932341480659,,
BOSCHLTD,2026-07-13,False,False,3.2532585083272947,-0.07235890014472002,,
BOSCHLTD,2026-07-14,False,False,2.880772005771992,0.048123195380167516,,
BOSCHLTD,2026-07-15,False,False,2.119419909286213,0.16738402678144748,,
BOSCHLTD,2026-08-11,True,True,-2.4716540684748933,0.2786757329171774,11.082616698865365,2.671066203917438
BOSCHLTD,2026-08-12,False,True,0.3902838427947364,0.3835616438356171,5.9837424897371205,1.1336758828806914
BOSCHLTD,2026-08-13,True,True,-0.3634386932541478,0.4260758414997845,3.7499993346629568,-0.33783154410891303
BOSCHLTD,2026-08-14,False,False,1.6609797839340912,-0.21346995410396197,,
BOSCHLTD,2026-08-17,True,True,-0.18561083123426192,0.1682085786375076,5.1489882301479994,-1.1389212660148473
BOSCHLTD,2026-08-18,False,True,1.4565355329949181,0.16949152542373724,4.234744984484662,1.5871824618787667
BOSCHLTD,2026-08-19,False,False,0.5205395462906104,-0.04085801838610292,,
BOSCHLTD,2026-08-20,False,False,2.6094139650872705,-0.32107716209217596,,
BOSCHLTD,2026-08-21,False,False,2.5774384543471474,-0.22800290185511773,,
BOSCHLTD,2026-08-24,False,False,2.50290637326136,-0.21750388399792708,,
BOSCHLTD,2026-08-25,False,False,2.7375156054931127,-0.15581177937051827,,
BOSCHLTD,2026-08-26,False,False,2.0368877867327884,-0.051636889393780194,,
BOSCHLTD,2026-08-27,False,False,1.6259636139376976,-0.17443053560435295,,
BOSCHLTD,2026-08-28,False,False,1.375884343278977,-0.010252204223903938,,
BOSCHLTD,2026-08-31,False,False,1.7933697106969904,0.1856627127385213,,
BOSCHLTD,2026-09-01,False,False,2.571953459889764,-0.14268242967794276,,
BOSCHLTD,2026-09-02,False,False,6.292966684293999,-0.3373036787182482,,
BOSCHLTD,2026-09-07,False,False,6.8694172692471245,-0.18044793546332372,,
BOSCHLTD,2026-09-08,False,False,3.7258747032717254,-0.061887570912844136,,
BOSCHLTD,2026-09-09,False,False,3.44827586206895,0.1546391752577314,,
BPCL,2026-07-02,False,False,4.818550263147903,0.6035908983737848,,
BPCL,2026-07-07,False,False,3.6497106421590875,-0.03213563611594861,,
BPCL,2026-07-27,False,False,2.522423191542078,-0.410294551208612,,
BPCL,2026-07-28,False,False,1.3024855747467479,0.6936819326407884,,
BPCL,2026-08-03,True,True,-0.04341110247713109,-0.5836258540094508,-3.588611830443633,1.5580667716324603
BPCL,2026-08-05,False,False,1.19003659315442,0.6449650074171087,,
BPCL,2026-08-06,False,False,2.1406956729523197,0.23155295280421484,,
BRITANNIA,2026-07-20,False,False,2.0823839955543155,-0.129497733789663,,
BRITANNIA,2026-07-21,False,False,0.9693681318681202,-0.264864371175455,,
BRITANNIA,2026-07-28,False,False,2.3040596520298218,0.00920640765973424,,
BRITANNIA,2026-08-10,False,False,1.305431878895802,-0.008903926631642634,,
BRITANNIA,2026-08-11,False,False,1.206298372030945,0.11578197363733,,
BRITANNIA,2026-08-12,False,False,1.5133398768626627,0.08037149490980333,,
BRITANNIA,2026-08-13,False,False,0.9727522854353188,0.03551451655863236,,
CARTRADE,2026-06-12,False,False,5.507023010960177,-0.9585330277141035,,
CARTRADE,2026-06-15,False,False,6.6060545006576765,-0.549682875264268,,
CARTRADE,2026-06-16,False,False,5.970766170846198,-1.1819163816286005,,
CARTRADE,2026-06-17,False,True,1.6654240041417578,1.6234763719065848,12.205018136175493,
CARTRADE,2026-06-18,False,False,9.074700684533688,-0.29619682124502056,,
CARTRADE,2026-06-19,False,False,6.97304219691286,-1.2695162442514896,,
CARTRADE,2026-06-22,False,False,7.002137167281908,0.32746879357359315,,
CARTRADE,2026-06-23,False,False,6.546720835751585,-0.3047331677727527,,
CARTRADE,2026-06-24,False,False,4.386912456545478,-0.003791577888256903,,
CARTRADE,2026-06-25,False,False,4.628671459935485,-0.03795354415773167,,
CARTRADE,2026-06-29,False,False,4.162000993320825,-0.6496603448095661,,
CARTRADE,2026-06-30,False,False,5.46960917411079,0.37649054276316374,,
CARTRADE,2026-07-01,True,True,-1.051705565529637,0.6396108430443137,1.9592029339762007,
CARTRADE,2026-07-02,False,False,3.56360270236864,0.08625243563771257,,
CARTRADE,2026-07-03,False,False,5.233686116504477,0.051100651350610704,,
CARTRADE,2026-07-06,False,False,1.3831282952548207,1.072898630382224,,
CARTRADE,2026-07-07,False,False,3.1008685771932276,2.0910136775945,,
CARTRADE,2026-07-08,True,True,0.13713712644678466,0.85787320416566,3.2641669700279152,
CARTRADE,2026-07-09,False,False,3.287984727496429,0.5190435099198698,,
CARTRADE,2026-07-10,False,False,5.088043478260862,0.20331461860294553,,
CARTRADE,2026-07-13,False,False,2.0523521459308247,0.1162480192814952,,
CARTRADE,2026-07-14,False,True,1.984177215189864,0.15142616832988232,2.691669855848966,
CARTRADE,2026-07-15,False,False,7.040908069475615,0.26684980668427727,,
CARTRADE,2026-07-16,False,False,9.219097160994515,-0.8982228299475925,,
CARTRADE,2026-07-20,False,False,12.235256956388518,-0.4150425796644486,,
CARTRADE,2026-07-21,False,False,14.272808693607608,-0.13633838548542387,,
CARTRADE,2026-07-22,False,False,11.8946256688242,0.4974564695670036,,
CARTRADE,2026-07-27,False,False,9.303901691630045,0.6429418147977595,,
CARTRADE,2026-07-28,False,False,5.9568717758055945,-0.6931198247549397,,
CARTRADE,2026-08-20,False,True,2.2222059861902066,0.6634629410383397,5.765391995255786,
CARTRADE,2026-08-21,True,True,-1.8737524950099838,1.3349547923380722,4.686106175892268,
CARTRADE,2026-08-24,False,False,3.1797375638792147,-1.2967053874697654,,
CARTRADE,2026-08-25,False,False,3.209873804824692,1.5988660104632624,,
CARTRADE,2026-08-26,False,False,2.7293036179908636,0.045097642490277146,,
CARTRADE,2026-08-27,False,True,0.5316635160680372,0.17358371469149425,-0.34395260410544637,
CARTRADE,2026-08-28,False,False,6.540804691317792,0.068465075409474,,
CARTRADE,2026-08-31,False,False,9.59717507384601,1.0532326267052028,,
CARTRADE,2026-09-01,False,False,7.521617622883436,0.8053841051762989,,
CARTRADE,2026-09-03,False,False,12.496388028895744,-0.8357496162374245,,
CARTRADE,2026-09-04,False,False,8.133119968277768,-0.22104754773589752,,
CARTRADE,2026-09-07,False,False,7.2712030191879995,0.5110283044063468,,
CARTRADE,2026-09-08,False,False,3.052565092243964,0.10725243986593469,,
CARTRADE,2026-09-10,False,False,9.081721147431598,-0.25949992352838347,,
CARTRADE,2026-09-11,False,False,8.44843439294316,-0.4429426999877917,,
CDSL,2026-06-25,False,False,4.6740790863813775,0.23168726352298386,,
CDSL,2026-06-30,False,False,7.734769690887622,-0.15325670498084198,,
CDSL,2026-07-01,False,False,5.92998044037798,0.5386522811201333,,
CDSL,2026-07-02,False,False,4.642866125401834,0.33657442034404905,,
CDSL,2026-07-03,False,False,3.0527161496824773,0.19859883573924986,,
CDSL,2026-07-06,False,False,3.8552057624342995,0.09632845670144441,,
CDSL,2026-07-07,False,False,4.0091907930262405,-0.4354904193549336,,
CDSL,2026-07-09,False,False,2.910975291354889,0.3460449422229894,,
CDSL,2026-07-10,True,True,-1.171380522956611,0.8787838892723165,-3.593533849192865,3.589234046708256
CDSL,2026-07-13,False,True,1.5059179368262399,0.006998151172199485,-8.827315179344097,-1.0491547804980628
CDSL,2026-07-14,False,False,1.5623792105406764,0.34194168974617245,,
CDSL,2026-07-15,False,False,2.166325067924779,-0.299918177042402,,
CDSL,2026-07-16,False,False,2.0164495608709254,-0.16041628886851456,,
CDSL,2026-07-17,False,False,5.062264421860951,-0.10779734099892746,,
CDSL,2026-08-26,False,True,1.0364768683273962,-0.07112375533427917,-4.942542197750177,1.4397041341962957
CDSL,2026-08-27,False,False,1.5330448122932827,-0.4732443950578924,,
CDSL,2026-08-28,False,False,3.3980064079743633,0.06412257265013821,,
CDSL,2026-08-31,False,False,3.199619840139234,0.26362316864090296,,
CDSL,2026-09-04,False,False,3.1043663471778338,-0.09929955243772604,,
CDSL,2026-09-07,False,False,4.597016311122082,0.06486662443694335,,
CEMPRO,2026-06-11,False,False,6.748350431906958,0.12687134720892335,,
CEMPRO,2026-06-12,False,False,6.2814991199438674,-0.15116297903216003,,
CEMPRO,2026-06-15,False,False,7.374203273152147,1.0388028055210885,,
CEMPRO,2026-06-18,False,False,5.756715935778889,-0.25043826186308404,,
CEMPRO,2026-06-19,False,False,5.184534614309522,0.4599046649150118,,
CEMPRO,2026-06-22,True,True,2.1987080093920364,-1.0641741325419063,2.770696062863731,
CEMPRO,2026-06-23,False,True,3.2838217583299745,-0.27224152034568405,0.9561529206992381,
CEMPRO,2026-07-22,False,False,1.8149718084994992,0.40707921958726967,,
CEMPRO,2026-07-23,False,False,4.676387859793829,0.501429667665021,,
CGCL,2026-07-07,True,True,-0.11330349116497329,-0.12595894430333932,2.8993372204506374,
CGCL,2026-07-08,False,False,4.732559249909163,-0.139065245179415,,
CGCL,2026-07-09,False,True,1.7484211200609279,0.3290568722544629,-8.044308104748776,
CGCL,2026-07-10,True,True,-1.1975024437492654,0.4317970144589678,-9.713440083998215,
CGCL,2026-07-13,False,False,4.072284967401618,-0.08604889986261188,,
CGCL,2026-07-14,False,False,3.9867969041238904,-0.0937828214533476,,
CGCL,2026-07-15,False,False,2.7767560879125908,0.1122410942957508,,
CGCL,2026-07-16,False,False,3.2437470963857518,-0.2517892356584839,,
CGCL,2026-07-17,False,False,3.8162537930975127,-0.21821541622768503,,
CGCL,2026-07-20,False,False,4.354158622051529,-0.2115192081734607,,
CGCL,2026-07-21,False,False,6.944226513378582,0.024140972473540856,,
CGCL,2026-07-22,False,False,6.158470050901199,0.8375222553442141,,
CGCL,2026-07-23,False,False,9.296432646505902,0.7538759580907328,,
CGCL,2026-07-27,False,False,8.224412945849968,0.8121350557754425,,
CGCL,2026-09-03,False,True,1.1949560826692407,0.24894442025660268,2.1791922175307343,
CGCL,2026-09-04,True,True,0.09630961862554521,0.12797298117572797,-1.2636199765665213,
CGCL,2026-09-07,True,True,1.032121448978529,-0.7705822091177761,-5.441190991313838,
CGCL,2026-09-08,False,False,6.189037026500754,-0.2932080969950013,,
CGCL,2026-09-09,False,False,7.154026605305486,-0.36954914170159725,,
CGCL,2026-09-10,False,False,6.247616312212667,0.295089551810368,,
CGCL,2026-09-11,False,False,6.797509156401604,-0.38666464377427046,,
CGPOWER,2026-06-10,False,False,6.100360410313277,-0.027716186252768615,,
CGPOWER,2026-06-11,False,False,4.913645177165238,0.13176087916895174,,
CGPOWER,2026-06-12,False,False,4.506826870562519,-0.1526910651962421,,
CGPOWER,2026-06-15,False,False,4.273337990156256,-0.412436955951756,,
CGPOWER,2026-06-16,False,False,1.2444444444444258,0.0,,
CGPOWER,2026-06-17,False,False,1.4484174284465912,0.0477325794538519,,
CGPOWER,2026-06-18,False,False,0.9968257398444313,-0.47646554072519054,,
CGPOWER,2026-06-19,False,False,1.9612473364155392,0.5204786573330678,,
CGPOWER,2026-06-22,False,False,1.0155461117294484,-0.005180082172928646,,
CGPOWER,2026-06-23,False,False,1.1150959062378174,-0.1501902935105326,,
CGPOWER,2026-06-30,False,False,1.2989892996760233,0.1978470830806378,,
CGPOWER,2026-07-01,False,False,1.3727353658919528,-0.06755605963582045,,
CGPOWER,2026-07-02,False,False,2.7676315764138204,0.057485005797630606,,
CHENNPETRO,2026-06-10,False,True,1.0468570340870675,1.208291429983599,-2.6997503929514277,
CHENNPETRO,2026-06-11,False,False,5.580366239678969,1.0797546139611924,,
CHENNPETRO,2026-06-12,False,False,9.32285781051223,-0.29524352953659294,,
CHENNPETRO,2026-06-15,False,False,6.044187866806494,-0.17710385982235843,,
CHENNPETRO,2026-06-16,False,False,5.067803741745913,-0.08363302173090004,,
CHENNPETRO,2026-06-17,False,False,5.3765154007199945,-0.0671181902789475,,
CHENNPETRO,2026-07-22,True,True,-0.6797106587677182,0.6060173239125444,3.0636495241747053,
CHENNPETRO,2026-07-23,True,True,-0.5437273150687316,1.6290668319789647,0.29699411686814337,
CHENNPETRO,2026-07-30,False,False,11.019829828579674,0.9388044046240163,,
CHENNPETRO,2026-07-31,False,False,9.430639324487311,0.6312251465841578,,
CHENNPETRO,2026-08-03,False,False,3.1667930250189436,-0.2948087037635272,,
CHENNPETRO,2026-08-04,False,False,2.715123025825106,-0.16578381099283668,,
CHENNPETRO,2026-08-05,False,False,1.80832147654848,0.14235592144842268,,
CHENNPETRO,2026-08-06,False,False,5.379845779059633,-0.11602722334050908,,
CHENNPETRO,2026-08-07,False,False,7.383341805074628,0.42891377395253283,,
CHENNPETRO,2026-08-11,False,True,4.026589855518936,0.709872775607634,2.1539232041126732,
CHENNPETRO,2026-08-12,False,False,1.311046004303451,1.0687718860953987,,
CHENNPETRO,2026-08-13,False,False,10.071428571428553,-0.5935851130170811,,
CHENNPETRO,2026-08-14,False,False,9.229301930289523,-0.44059626029646637,,
CHENNPETRO,2026-08-17,False,False,10.138031597211894,-0.7208362595193862,,
CHENNPETRO,2026-08-18,False,False,2.943943526989856,0.8267979747639043,,
CHENNPETRO,2026-08-19,False,True,1.1117485903694213,0.7105504125304751,9.757162924741202,
CHENNPETRO,2026-08-20,False,False,6.060390820443784,-0.9264509257312481,,
CHENNPETRO,2026-08-21,False,False,7.214868572918176,-0.171577375628007,,
CHENNPETRO,2026-08-24,False,False,5.738288375783784,0.007061419867882002,,
CHENNPETRO,2026-08-25,False,False,6.407139369419634,-0.3611625008223207,,
CHENNPETRO,2026-08-26,False,False,5.693501653916999,-0.12691593923389588,,
CHENNPETRO,2026-09-02,False,False,7.553768026417695,-0.5003573981415266,,
CHENNPETRO,2026-09-03,False,False,1.3991741225051646,1.1908890100420066,,
CHENNPETRO,2026-09-04,False,False,3.237463239513061,-0.5003440703179263,,
CHENNPETRO,2026-09-07,False,False,3.374643250179421,-0.3970431365846627,,
CHENNPETRO,2026-09-09,True,True,-2.088837516512565,0.11903510688053842,-4.437137999093499,
CHENNPETRO,2026-09-10,True,True,-0.9258386638285043,-0.030435840342024623,-12.93686136421428,
CHENNPETRO,2026-09-11,True,True,2.6476235230129097,0.24006059785000033,-15.25568609785899,
CHENNPETRO,2026-09-15,False,False,7.477210648957877,0.255656401790616,,
CHOICEIN,2026-07-09,False,True,1.386707695410072,-0.6094936674745255,-1.410941027775925,
CHOICEIN,2026-07-10,False,True,0.5480545718222318,1.0874819073826147,-2.167773770688819,
CHOICEIN,2026-07-13,False,False,2.641398570523945,-0.01810795583132574,,
CHOICEIN,2026-07-14,False,False,4.605070468648309,-0.23321767344955946,,
CHOICEIN,2026-07-15,False,False,4.643692307692304,-0.012303173632932651,,
CHOICEIN,2026-07-16,False,False,3.6992285257720914,-0.20690740291985366,,
CHOICEIN,2026-07-17,False,False,5.148407824758583,0.3848510969506558,,
CHOICEIN,2026-07-20,False,False,5.330771449732374,-0.12373174769809703,,
CHOICEIN,2026-07-21,False,False,4.431612664005491,-0.036833174347417064,,
CHOICEIN,2026-07-22,False,False,4.521481005720096,0.05535205498539142,,
CHOICEIN,2026-07-23,False,False,5.409127911560896,-0.049569320206011014,,
CHOICEIN,2026-07-24,False,False,6.225633941280262,0.0,,
CHOICEIN,2026-07-27,False,False,4.049707169655425,-0.04358351007939243,,
CHOICEIN,2026-07-28,False,False,3.2568578553615835,0.21242187091861098,,
CHOLAFIN,2026-06-24,False,True,0.8762310554796482,0.4570715287244065,5.651450582435524,3.1678850053828755
CHOLAFIN,2026-06-25,True,True,0.6004357717802833,-0.1828788488847377,2.1238786654635966,0.14265751585598174
CHOLAFIN,2026-06-29,False,False,1.0562935976870191,-0.03873586141058816,,
CHOLAFIN,2026-06-30,False,False,3.239624023437493,-0.30321884103736707,,
CHOLAFIN,2026-07-01,False,False,3.0191352910594382,-0.3081577683512027,,
CHOLAFIN,2026-07-02,False,False,1.4118685773794049,-0.060819175095983,,
CHOLAFIN,2026-07-03,False,False,0.8261564651337983,0.6087437742114066,,
CHOLAFIN,2026-07-06,False,True,1.1488563031245125,-0.26417439890615846,-2.608786907294891,1.5810238284942102
CHOLAFIN,2026-07-07,True,True,-0.2143619563896415,0.09093565580795548,-6.110530674953873,-1.4776504144767055
CHOLAFIN,2026-07-08,False,False,3.548464086120795,0.07149017476628661,,
CHOLAFIN,2026-07-09,False,False,6.144029075190693,0.1749293387690365,,
CHOLAFIN,2026-07-10,False,False,3.696623961760781,0.06607660638078272,,
CHOLAFIN,2026-07-13,False,False,5.596805827963003,-0.1398992725237802,,
CHOLAFIN,2026-07-14,False,False,6.377722368119909,0.882738184662446,,
CHOLAFIN,2026-07-15,False,False,4.022909191277924,0.6444788837487669,,
CHOLAFIN,2026-07-16,False,False,4.594528504427919,0.06109278455637135,,
CHOLAFIN,2026-07-17,False,False,4.664239860431385,-0.038862427481145545,,
CHOLAFIN,2026-07-20,False,False,6.054420768551028,-0.21340709928753254,,
CHOLAFIN,2026-08-06,False,True,2.367553644219078,0.20809009260851496,-2.453231780768783,-0.450698706464403
CHOLAFIN,2026-08-10,False,False,4.670750045808103,0.2620548837198422,,
CHOLAFIN,2026-08-11,False,False,3.200929567921551,0.1422064207944551,,
CHOLAFIN,2026-08-12,False,False,3.2172176739527547,0.16332853455940377,,
CHOLAFIN,2026-08-13,False,False,3.103328622500112,-0.16262380406252275,,
CHOLAFIN,2026-08-17,False,False,4.765750133475688,-0.14927224412187856,,
CHOLAFIN,2026-08-20,False,False,4.1043277937240275,-0.13774705091059714,,
CIPLA,2026-07-06,False,False,2.3406290912906913,0.2947257592957442,,
CIPLA,2026-07-20,False,False,3.7627124611471663,0.06971555932651086,,
COCHINSHIP,2026-08-18,False,False,5.576522524684391,-0.5641302625345457,,
COCHINSHIP,2026-08-19,False,False,4.026432768182664,-0.49590554790854835,,
COCHINSHIP,2026-08-20,False,False,3.5938648246903293,0.10070493454179541,,
COCHINSHIP,2026-08-24,False,False,3.254529001103501,0.06020230194399012,,
COCHINSHIP,2026-08-25,False,False,2.0875429303458537,-0.06605019815059121,,
COCHINSHIP,2026-08-26,False,True,1.2311230244378857,-0.23538482597558197,-14.216413608188772,0.6095798134903019
COCHINSHIP,2026-08-27,True,True,0.10088706619177934,0.3922561688446402,-0.43352369982881944,-1.2653772935963148
COCHINSHIP,2026-08-28,False,False,3.4098157506444515,0.0979112271540572,,
COFORGE,2026-06-16,False,False,10.372438162544162,-0.148188245156744,,
COFORGE,2026-06-18,False,False,4.294948946649857,-0.020776306655923005,,
COFORGE,2026-06-19,False,False,5.998808179063508,-0.11253961038816263,,
COFORGE,2026-06-22,False,False,1.2299293256399002,0.06729475100941684,,
COFORGE,2026-06-23,False,False,1.8878410239137722,-0.10766271531003069,,
COFORGE,2026-06-24,False,False,1.4436619718309673,-0.5602257087694129,,
COFORGE,2026-06-25,True,True,0.22031864137970203,0.09284403093354765,0.24296796230640627,-1.2644402959248513
COFORGE,2026-07-07,False,False,1.8097058154167067,0.13315579227697327,,
COFORGE,2026-07-10,False,False,1.7893987743144546,-0.9090262156473683,,
COFORGE,2026-07-13,False,True,3.600674929896286,-0.8718980549966449,10.10842525468938,0.9000694059875913
COFORGE,2026-07-14,True,True,-0.311469110148499,0.025640947395833003,8.379863934270926,-2.290988623907575
COFORGE,2026-07-28,True,True,-3.266976037270064,0.1966900930514992,12.439713478496639,9.07857145122064
COFORGE,2026-07-29,True,True,-1.3645639546363997,-0.3236231800120115,6.573695986502415,0.025622248342194176
COFORGE,2026-07-30,False,False,2.3617540717224994,-0.29919166696633637,,
COFORGE,2026-07-31,False,False,4.146823437414304,-0.3568906950737527,,
COFORGE,2026-08-03,False,False,2.8126927160701642,-0.30627268582057443,,
COFORGE,2026-08-04,False,False,1.4335812120656266,0.49827899037084844,,
COFORGE,2026-08-05,False,True,1.281816694070259,0.23905464815936472,5.512551521331854,1.6945907441731523
COFORGE,2026-08-06,True,True,1.5794234030525711,-0.9130145287804314,4.733602680111759,-1.3433921651181957
COFORGE,2026-08-07,False,False,1.445159963056919,0.3350083752093891,,
COFORGE,2026-08-10,False,False,0.6220441390953235,-0.1212896638500327,,
COFORGE,2026-08-11,True,True,0.04986490121225984,-0.05459111111170145,2.745355042505948,-0.6940484472272468
COFORGE,2026-08-12,False,False,2.237364255286556,-0.17698844977184214,,
COFORGE,2026-08-13,False,False,2.1581247858430297,0.2831589392631173,,
COFORGE,2026-08-14,False,False,1.6292148497367265,-0.1539842053745688,,
COFORGE,2026-08-17,False,False,1.9545947585156043,0.12167871525856633,,
COFORGE,2026-08-18,False,False,3.0993826996748908,0.2520161324780057,,
COFORGE,2026-08-19,False,False,2.6520940805710103,-0.06114372350959352,,
COFORGE,2026-08-20,False,True,0.9286913035615463,-0.06558493880006733,9.157975576419354,2.4067191202207017
COFORGE,2026-08-21,False,False,2.116782789780225,-0.36987533712476983,,
COFORGE,2026-08-24,False,False,0.8946771566499478,-0.30685819971054684,,
COFORGE,2026-08-25,False,False,1.4338660619131582,-0.3544947709986812,,
COFORGE,2026-08-26,True,True,-1.2558630631799517,1.0815586450610093,5.459650601919797,-1.329841952151034
COFORGE,2026-08-27,False,False,2.3331292304558993,0.12631707442434248,,
COFORGE,2026-08-28,True,True,-0.6387267418149212,0.5491159486938901,-5.4338537449104996,3.503956927759555
COFORGE,2026-08-31,False,False,0.9606162856983902,0.7680747403677302,,
COFORGE,2026-09-01,False,False,2.757279479627739,0.5493412425292554,,
COFORGE,2026-09-02,False,False,4.297903901781153,0.030815387053806376,,
COFORGE,2026-09-03,False,False,5.036761222606834,-0.3041563184631779,,
COFORGE,2026-09-04,False,False,2.746886743942034,-0.33272714595531383,,
COFORGE,2026-09-07,False,False,4.367564094281939,-0.5670775236278125,,
COFORGE,2026-09-08,False,False,5.714595416483692,0.1250598949817494,,
CONCOR,2026-07-27,False,True,5.600503006127289,-0.010503844002907048,6.199009833644298,2.3880597014925398
CONCOR,2026-07-28,True,True,-0.21647635222858952,-0.09624639076034613,3.045810546682648,1.3755233992692295
CONCOR,2026-07-29,False,False,0.9109499023007839,0.19054878492004157,,
CONCOR,2026-07-30,False,False,1.6981402002861135,0.18154256242923772,,
CONCOR,2026-07-31,False,False,1.5238456086650976,0.03810119104299403,,
CONCOR,2026-08-03,False,False,0.8803216650898671,-0.23596035865974807,,
CONCOR,2026-08-04,False,False,2.514822497470748,-0.07668444269925967,,
CONCOR,2026-08-05,False,False,1.9768153183332693,-0.34233317511552785,,
CONCOR,2026-08-06,False,False,3.018796933204082,0.09648784025890755,,
CONCOR,2026-08-13,False,False,1.8990250553727384,1.3137652915124587,,
CONCOR,2026-08-14,True,True,-0.2636166883426938,1.0486845666549671,-5.60735073465537,-1.519480097179815
CONCOR,2026-08-17,False,False,4.288290779189263,-0.18098917181261776,,
CONCOR,2026-08-18,False,False,4.91907163509413,-0.22988739598299723,,
CONCOR,2026-08-20,False,False,5.772074736997057,0.04841677385891696,,
CPPLUS,2026-06-10,False,False,6.080474619365406,-0.5904094160942841,,
CPPLUS,2026-06-11,False,False,7.917429287021305,-0.17603179041838501,,
CPPLUS,2026-06-12,False,False,9.311036657553974,-0.09069651466250273,,
CPPLUS,2026-06-15,False,False,9.311036657553974,-1.862177364183537,,
CPPLUS,2026-06-16,False,False,9.323838666136798,-0.33274671172650594,,
CPPLUS,2026-06-17,False,False,10.117165246473991,0.2958579881656709,,
CPPLUS,2026-06-18,False,False,9.790058958225156,-0.9814185652241458,,
CPPLUS,2026-06-19,False,False,5.657122602662956,-1.6671278136306755,,
CPPLUS,2026-06-22,True,True,1.4411176745506404,-0.4099010273383774,1.1363543530296116,
CPPLUS,2026-06-23,False,False,4.269306177520327,0.2558669185116491,,
CPPLUS,2026-06-24,False,False,5.138461538461536,-0.2789400278940035,,
CPPLUS,2026-06-25,False,False,3.611104848564084,-0.1376386728110357,,
CPPLUS,2026-06-29,False,False,5.5666338997331755,0.5819401176460071,,
CPPLUS,2026-06-30,True,True,0.5376317824511423,-0.764447773903254,-7.116823604653866,
CPPLUS,2026-07-01,False,False,5.4012878487619265,-0.9627015265016414,,
CUMMINSIND,2026-06-10,False,False,9.395074946466785,0.37614185921548415,,
CUMMINSIND,2026-06-15,False,False,6.625221788502467,-0.46799116997792156,,
CUMMINSIND,2026-06-16,False,False,1.8272766508415916,-0.1895407943482419,,
CUMMINSIND,2026-06-17,False,False,2.3485163977095214,-0.05202913631633388,,
CUMMINSIND,2026-06-18,False,False,1.1896551724137838,-0.09426686091352776,,
CUMMINSIND,2026-06-19,False,False,0.4147148676171053,0.2552322613578406,,
CUMMINSIND,2026-06-22,False,False,3.612948259314175,-0.4689535388623489,,
CUMMINSIND,2026-06-23,False,False,2.4862345732286073,-0.18090971743625062,,
CYIENT,2026-08-26,True,True,-3.34564850515352,2.4252963731013377,11.419641043707163,
CYIENT,2026-08-27,False,False,0.9733077110153809,-0.4215965108360975,,
CYIENT,2026-08-28,True,True,-1.0418410041841186,1.380970424773853,0.8461045883072948,
CYIENT,2026-08-31,False,True,2.603625241633023,0.6360935159310799,-4.175841400612457,
CYIENT,2026-09-01,True,True,2.1278772378516386,0.7558880945895075,-10.406019497468598,
CYIENT,2026-09-02,False,False,8.042594022613404,1.0065962118186444,,
CYIENT,2026-09-03,False,False,10.518267929634618,-1.159161836825684,,
CYIENT,2026-09-04,False,False,9.82474226804122,-0.41067544738863093,,
CYIENT,2026-09-07,False,False,12.953625998208441,0.3980307843618913,,
CYIENT,2026-09-08,False,False,12.745723129561126,-0.12867871452780788,,
CYIENT,2026-09-09,False,False,14.206679944530642,0.5624824481718971,,
CYIENT,2026-09-10,False,False,13.287865021437906,0.13890174702180236,,
CYIENT,2026-09-11,False,False,14.580532729847139,-0.45619816827474624,,
CYIENT,2026-09-15,False,False,11.46347258782292,1.7026025025827174,,
CYIENT,2026-09-16,False,False,15.574999999999983,-0.6653524269868871,,
DATAPATTNS,2026-06-10,True,True,3.545859790838657,-1.8495818892826588,-2.097732219583892,
DATAPATTNS,2026-06-12,False,False,9.923324963078063,-0.7083671731255792,,
DATAPATTNS,2026-06-15,False,False,8.01433936497098,-1.9286123401674238,,
DATAPATTNS,2026-06-16,False,False,7.010841567511883,-0.027045403585779226,,
DATAPATTNS,2026-06-17,False,False,4.3105835806132475,0.11883326132131611,,
DATAPATTNS,2026-06-18,True,True,0.3012676488936439,-0.11435224185823989,-9.871465184608486,
DATAPATTNS,2026-06-19,False,True,1.7078325735598643,1.2801678908709313,-13.000521457261183,
DATAPATTNS,2026-06-22,False,False,1.4725674547667822,-0.0915955970902882,,
DATAPATTNS,2026-06-23,False,False,2.2181033130793004,-0.6261029970449972,,
DATAPATTNS,2026-06-24,False,False,2.371479699088752,-0.47458720082848016,,
DATAPATTNS,2026-07-02,False,False,9.417385805260725,-0.41130229917792915,,
DATAPATTNS,2026-07-06,False,False,9.036526813994428,0.0284632912824323,,
DATAPATTNS,2026-08-18,False,True,1.2906164640026363,-0.1392706159720314,6.113751344628238,
DATAPATTNS,2026-08-21,False,True,3.555282975302343,-0.15271939815216795,-0.20819439428516606,
DATAPATTNS,2026-08-26,False,False,9.028186909519365,-0.32224367345327076,,
DEEPAKNTR,2026-08-26,False,False,2.6039159898337605,-0.033850272998736664,,
DEEPAKNTR,2026-08-28,False,False,3.2095867111453735,-0.028372013059441148,,
DELHIVERY,2026-06-30,False,False,6.534117875550272,-0.18291501639492447,,
DELHIVERY,2026-07-01,False,False,4.263846300357854,0.12675738793261893,,
DELHIVERY,2026-07-02,False,True,1.6057067294993566,-0.4538703094166152,-9.189344999115923,-0.05853087503657761
DELHIVERY,2026-07-03,False,False,1.3986476068095666,-0.3427340342893048,,
DELHIVERY,2026-07-06,False,False,1.2668741575348141,0.0,,
DELHIVERY,2026-07-07,False,False,1.9226270231283538,0.029099877337745994,,
DELHIVERY,2026-07-08,False,False,2.3592989289191513,-0.2912621359223322,,
DELHIVERY,2026-07-09,False,False,3.2845365109034574,0.20675155663081313,,
DELHIVERY,2026-07-10,False,False,2.4590643274853496,-0.3109163742411214,,
DELHIVERY,2026-07-13,False,False,2.058139534883696,0.10670051022287907,,
DELHIVERY,2026-07-14,False,False,3.675556126447943,-0.08850938136413244,,
DEVYANI,2026-08-14,False,False,1.8086675030300592,1.8757503017531318,,
DEVYANI,2026-08-17,False,False,1.2682461298979986,0.020851310429548242,,
DEVYANI,2026-08-18,False,False,1.7277486910994622,0.30107313662652846,,
DEVYANI,2026-08-19,False,False,2.091210867284765,0.2880655215588668,,
DEVYANI,2026-08-20,True,True,0.5832379132448162,0.3741225984638108,-6.728428087874205,
DEVYANI,2026-08-21,True,True,0.24261700049936774,-0.12788748202160471,-7.240822091768761,
DEVYANI,2026-08-24,False,False,1.2200875549590595,-0.202376578953678,,
DEVYANI,2026-08-25,False,False,0.9999365071875488,0.04034805637194161,,
DEVYANI,2026-08-26,True,True,-1.7814201868789903,-0.4919058296672718,-6.874946321843344,
DIVISLAB,2026-07-14,False,True,0.6301438848920649,-0.021578076674100277,5.615048768229558,3.80630258679302
DIVISLAB,2026-07-15,True,True,-0.7936665525504982,0.18521059130196527,1.9595095204424595,1.0415771596343104
DIVISLAB,2026-07-16,False,True,1.0653038825627625,-0.19853494899705337,0.26945762320729205,-0.6875581166473133
DIVISLAB,2026-07-17,False,False,2.3066326882016597,-0.28844172790329914,,
DIVISLAB,2026-07-20,False,True,1.6554886394744006,-0.13668671405139277,-0.5446381085102092,-1.4669548064817794
DIVISLAB,2026-07-21,False,False,2.6669298908191807,-0.3421610894409066,,
DIVISLAB,2026-07-22,False,False,2.815190482739638,0.0206341564068957,,
DIVISLAB,2026-07-23,False,False,1.931994818652849,0.12286689419795938,,
DIVISLAB,2026-07-24,False,False,3.0845628792057322,-0.06889899407468425,,
DIVISLAB,2026-07-27,False,False,2.2526672137874293,0.8135686707115175,,
DIVISLAB,2026-07-28,False,False,1.4864279428687288,-0.12844780962683044,,
DIVISLAB,2026-07-29,True,True,0.15850489706175086,-0.08653974171215495,7.179039951998267,4.910665285685489
DIVISLAB,2026-07-30,True,True,0.47429831852181525,-0.22963577215028286,9.174661322790678,0.19608423317958312
DIVISLAB,2026-07-31,True,True,-0.6143017316556643,-0.4156069722721867,7.53112743162494,5.042938494727167
DIVISLAB,2026-08-03,True,True,-2.815562993067189,2.770100116700447,5.510765086803326,3.942586203715681
DIVISLAB,2026-08-04,False,False,2.7806897373280126,-0.1546238477549755,,
DIVISLAB,2026-08-05,False,False,3.087699384670528,-0.5702405702405655,,
DIVISLAB,2026-08-06,False,False,2.768447382526351,-0.005955216769892857,,
DIVISLAB,2026-08-07,False,False,3.8883202889825386,-0.08421559191530426,,
DIVISLAB,2026-08-10,False,False,3.390353505092869,0.2282008167187044,,
DIVISLAB,2026-08-11,False,False,3.9446418890428214,-0.09628693506650299,,
DIVISLAB,2026-08-12,True,True,0.10355029585797926,-0.20840569642236462,-0.4627416209575186,-1.0248698267543932
DIVISLAB,2026-08-13,False,False,2.7688770999115597,0.30152536360410487,,
DIVISLAB,2026-08-14,False,False,2.2085824832922762,0.011726078799245698,,
DIVISLAB,2026-08-17,False,False,2.1906101635308373,0.08212588725289294,,
DIVISLAB,2026-08-18,False,False,1.7433473389355525,0.017510068289272596,,
DIVISLAB,2026-08-19,False,False,1.9039102226898086,-0.04089740593596902,,
DIVISLAB,2026-08-20,False,False,1.9098667290156524,-0.03505901601028594,,
DIVISLAB,2026-08-21,False,False,1.7136689808062489,-0.13981939994174297,,
DIVISLAB,2026-08-24,False,False,2.509054562558788,0.15900123667629273,,
DIVISLAB,2026-08-25,False,False,2.035114414467132,-0.11107213843095654,,
DIVISLAB,2026-08-26,True,True,-0.41674220963172637,0.3068879290747839,5.129336450004529,2.92183658299503
DIVISLAB,2026-08-27,True,True,-0.2391328210757604,0.22002200220021528,5.3562223164835165,0.12417179831245573
DIVISLAB,2026-08-28,False,True,1.0466457886929126,-0.005493901769038079,4.124187804148671,0.4703259657994341
DIVISLAB,2026-08-31,False,False,1.5129392536093578,-0.2228745379430297,,
DIVISLAB,2026-09-01,False,False,3.738047211470308,-0.11435417120453373,,
DIVISLAB,2026-09-02,False,False,4.0329670329670275,-0.26717557251908497,,
DIVISLAB,2026-09-03,False,False,3.197949997288352,-0.07586842247873093,,
DIVISLAB,2026-09-04,False,False,3.4841744616053827,-0.3900325027085594,,
DIVISLAB,2026-09-07,False,False,3.8909696440270647,-0.17440592980161318,,
DIVISLAB,2026-09-08,False,True,2.024931639054195,0.2526338421844798,-1.4644743957407336,0.6376168171501329
DIVISLAB,2026-09-09,False,False,0.8418188477839816,0.047115485289506154,,
DIVISLAB,2026-09-10,False,False,2.346819890907148,-0.3220016891891886,,
DIVISLAB,2026-09-11,False,False,3.5366441658630565,-0.3310551046561305,,
DIVISLAB,2026-09-15,False,False,4.36976832100231,0.021606438718735355,,
DIVISLAB,2026-09-16,False,False,6.193472168800462,-0.3395213843710665,,
DIVISLAB,2026-09-17,False,False,5.033423913043467,-0.13026487190620495,,
DIXON,2026-06-15,False,True,1.7695633743111339,0.622760621054419,6.908525023909262,-0.5891506966173798
DIXON,2026-06-16,False,True,0.9346668884637532,0.04992926687192867,9.629904308684335,1.5625804723793157
DIXON,2026-06-17,True,True,-1.894757744241471,0.6153600255734082,7.712050002226478,4.117330353926074
DIXON,2026-06-18,False,False,0.92286115007012,-0.4576126580314921,,
DIXON,2026-06-19,False,False,4.408243612405571,-0.31237484981978536,,
DIXON,2026-06-22,False,False,3.6917491222470344,-0.44486812837623013,,
DIXON,2026-07-02,False,False,7.9379516571143505,-0.17412935323383172,,
DIXON,2026-07-03,False,False,4.500603136308778,-0.3446065074531157,,
DIXON,2026-07-06,False,True,2.6089588377723905,-0.3458537762406455,14.10929542013255,4.764713979509572
DIXON,2026-07-07,False,True,0.5904183535762275,0.08253920612291132,8.126036484245457,-1.9136527102315948
DIXON,2026-07-08,False,False,2.142057488653548,0.11359333585763132,,
DIXON,2026-07-09,False,True,1.5429387877876177,0.02256487401277596,7.433952594870252,2.7535736026624846
DIXON,2026-07-10,True,True,-2.1057155135367545,0.7504690431519689,-0.12437810945272743,-2.2900204858062545
DIXON,2026-07-13,False,False,6.0959367945823795,0.2262443438914019,,
DIXON,2026-07-14,False,False,5.154373927958811,0.3517437509354959,,
DIXON,2026-07-15,False,False,3.9834070796459953,0.16250553996159933,,
DIXON,2026-07-16,True,True,-3.3706825657894846,-0.2870028700286964,0.7081484948741945,2.8286933117732893
DIXON,2026-07-17,False,False,2.06379668049792,-0.3789183603169155,,
DIXON,2026-07-20,False,False,3.3865148861646155,0.26691016365807396,,
DIXON,2026-07-21,False,False,3.198552548772815,0.1400462152510329,,
DIXON,2026-07-22,False,False,4.1526111503175756,0.06355483369817616,,
DIXON,2026-07-23,False,False,5.772414534508696,0.540423692174663,,
DIXON,2026-07-24,False,False,7.655007659201973,-0.13840326340326392,,
DIXON,2026-07-27,False,False,5.840684165232357,0.14363688595231405,,
DIXON,2026-07-28,False,False,7.185888590311573,0.1673214025898373,,
DIXON,2026-07-29,False,False,5.651263512062421,0.028643036161835056,,
DIXON,2026-07-30,False,False,3.025654450261772,-0.04884175272118485,,
DIXON,2026-07-31,False,False,2.220698775055663,0.0905607802159425,,
DIXON,2026-08-04,False,False,5.489207856680323,0.07920506912442171,,
DIXON,2026-08-05,False,False,4.38519863306277,-0.2131287297527762,,
DIXON,2026-08-06,False,False,1.6990011791634618,-0.10393569844789896,,
DIXON,2026-08-07,False,False,2.7106479859894783,0.7054673721340388,,
DIXON,2026-08-20,False,True,0.8465517241379228,0.0413964399061717,-7.678104323742108,1.649826469029425
DIXON,2026-08-21,False,False,1.6419682110246692,0.20332090816672643,,
DIXON,2026-08-24,False,False,2.7961214857377126,-0.503641189682158,,
DIXON,2026-08-25,False,False,4.426433915211958,-0.17287877740128632,,
DIXON,2026-08-31,False,False,2.837847056415832,-0.2992586546963216,,
DLF,2026-06-30,False,False,5.962674023394987,-0.2531212304672015,,
DLF,2026-07-01,False,False,4.222222222222216,0.016101720406891395,,
DLF,2026-07-02,True,True,0.6779483504438355,-0.49789352738414117,4.870250188983816,1.1158741598403354
DLF,2026-07-03,False,True,0.4695689543893433,0.09091227742099584,3.3297999068241824,2.0490076367432275
DLF,2026-07-06,False,True,0.7005062314217714,0.38573350169577303,0.6398685040872598,-1.187280736000107
DLF,2026-07-07,False,False,3.014383860384462,-0.40286663053613614,,
DLF,2026-07-09,False,False,7.474370957720611,0.2507012778649731,,
DLF,2026-07-10,False,True,2.561115631053612,1.4987547645168409,-4.118696777703579,-1.1737605935682405
DLF,2026-07-13,False,False,2.063395227792597,-0.2342570404008093,,
DLF,2026-07-14,False,False,2.650922509225073,0.2589715131335657,,
DLF,2026-07-20,False,False,5.54063086981138,0.07593590868411049,,
DLF,2026-07-21,False,False,3.916324243556213,0.23964285590218903,,
DLF,2026-07-28,False,False,4.901680775477346,0.022979921830867944,,
DLF,2026-08-20,False,False,1.7598861244508601,-0.24419481785608044,,
DLF,2026-08-21,False,False,1.1670353982300652,-0.3746951493215689,,
DLF,2026-08-24,False,True,0.8166898101702014,0.04398647990744298,0.4619644807925205,0.01856997860509857
DLF,2026-09-03,False,False,2.927786251490705,-0.24394209853730864,,
DLF,2026-09-04,False,False,1.3432438498373056,0.24868523518803975,,
DMART,2026-06-29,False,False,3.016446835403852,-0.19170353822611785,,
DMART,2026-06-30,False,False,2.9188056983044275,0.009246510966254284,,
DMART,2026-07-01,False,False,4.151676379702085,0.5575991873007391,,
DRREDDY,2026-07-03,False,False,4.849917101635537,0.02212012334332769,,
DRREDDY,2026-07-06,False,False,3.3561908757989922,0.2769714889303998,,
DRREDDY,2026-07-07,False,False,4.14343775527235,0.1613903551196838,,
DRREDDY,2026-07-08,False,False,3.718054306063645,-0.41403002644280207,,
ECLERX,2026-07-20,False,False,11.033060881243873,-0.7687700373322004,,
ECLERX,2026-07-21,False,False,6.467433952393398,1.0894270093587233,,
ECLERX,2026-07-22,False,False,5.622013100827861,-0.010376293299174666,,
ECLERX,2026-07-23,False,False,7.6671808576799005,0.859077733081115,,
ECLERX,2026-07-24,False,False,8.952565629865216,-1.315512667567753,,
ECLERX,2026-07-27,False,False,11.02094959929758,-1.8262626648279379,,
ECLERX,2026-07-28,False,False,9.88202725698757,0.4338159593249902,,
ECLERX,2026-07-29,False,False,8.395472703062579,-0.47179942212028925,,
ECLERX,2026-07-30,False,False,3.0965045592705076,-0.7042253521126751,,
ECLERX,2026-07-31,False,False,8.615309443070874,0.8395659970351188,,
ECLERX,2026-08-03,False,False,7.449238941712655,0.010718943350385146,,
ECLERX,2026-08-04,False,False,5.282194089488801,0.4325324908048156,,
ECLERX,2026-08-05,False,False,4.09581068140934,-0.14519309453591145,,
ECLERX,2026-08-06,False,False,7.952660299867365,-0.380899977786342,,
EICHERMOT,2026-06-19,False,False,1.6734613101127893,0.01979414093429277,,
EICHERMOT,2026-06-22,False,True,0.7891708082657489,-0.2739011347332676,-5.538816091685539,-0.9906129239041994
EICHERMOT,2026-07-28,False,False,1.3199074966274704,0.09001478814376629,,
EICHERMOT,2026-07-29,False,False,0.5318582387624282,-0.09500886749429505,,
EICHERMOT,2026-07-30,False,False,2.0536917056898973,0.012831205491758979,,
EICHERMOT,2026-07-31,False,False,2.0311099731148197,-0.49681528662420815,,
EICHERMOT,2026-08-03,False,True,0.9519285578567294,-0.06329514526235425,0.9705570508115269,0.681962194073793
EICHERMOT,2026-08-04,False,False,1.5143878126762989,-0.11897307451471661,,
EICHERMOT,2026-08-05,False,False,2.045374338290884,-0.02520161290322509,,
EICHERMOT,2026-08-06,False,False,1.051922116824744,-0.037429819089207506,,
EICHERMOT,2026-08-07,False,False,1.051922116824744,0.27534418022527873,,
EICHERMOT,2026-08-10,False,False,1.6975540921918997,-0.018811136192631306,,
EICHERMOT,2026-08-11,False,True,0.7560270908412825,0.25540397433501116,-1.700052572587929,-1.3238733509397416
EICHERMOT,2026-08-12,False,False,1.90735183795947,-0.018751171948250267,,
EICHERMOT,2026-08-13,False,False,1.3371876165609864,0.062204528489684385,,
EICHERMOT,2026-08-14,False,False,1.0670221340442598,-0.15476043085304036,,
EICHERMOT,2026-08-17,False,False,0.37057705279939235,0.12894510622620814,,
EICHERMOT,2026-08-21,False,False,1.821876163295677,0.11180124223602039,,
EMMVEE,2026-06-10,False,False,4.532172596517792,-0.8258258258258211,,
EMMVEE,2026-06-11,False,False,5.522697979701774,-1.163143837920133,,
EMMVEE,2026-06-12,False,False,4.200879178941697,0.1057487756545461,,
EMMVEE,2026-06-15,True,True,2.1233480176211295,-0.453146571637042,-5.702702126223103,
EMMVEE,2026-06-16,False,False,6.731026390499406,-0.4505180792927166,,
EMMVEE,2026-06-17,False,False,4.585365853658541,0.8497334989204575,,
EMMVEE,2026-06-18,False,False,4.1236203090507795,-0.19095003176822223,,
EMMVEE,2026-06-19,False,False,5.004454262084668,0.7325404694368931,,
EMMVEE,2026-06-22,False,False,7.525835866261388,-0.10627177684205957,,
EMMVEE,2026-06-23,False,False,5.458335706265616,-0.45993703055452473,,
EMMVEE,2026-06-24,False,False,7.59124487034577,-0.4541326235047216,,
EMMVEE,2026-06-25,False,False,4.461835634384892,-0.4702442626056236,,
EMMVEE,2026-06-30,False,False,5.757847533632288,-0.28320529809517936,,
EMMVEE,2026-07-01,False,False,1.4248538267689126,-0.029207390566088343,,
EMMVEE,2026-07-02,False,True,3.5780138532696126,-0.33117174844762287,-10.804823915891081,
EMMVEE,2026-07-03,False,False,3.278412090585303,-0.8170563049969215,,
EMMVEE,2026-07-16,False,False,2.467321539485945,3.1569982681535214,,
ENGINERSIN,2026-09-01,True,True,-0.18174801601245072,1.4334862050867425,0.5596258662058151,
ENGINERSIN,2026-09-02,False,False,4.994858021989823,-0.16204976134309712,,
ENGINERSIN,2026-09-03,False,False,5.3940010863461785,-0.25279223722728394,,
ENGINERSIN,2026-09-04,False,False,3.1166335293823844,0.33765120627138323,,
ENGINERSIN,2026-09-07,False,False,3.6859283583140723,-0.1777777777777767,,
ENGINERSIN,2026-09-08,False,False,6.864262257137921,-0.8913997280787789,,
ENGINERSIN,2026-09-09,False,False,3.796837652149887,-0.49671593619557974,,
ENGINERSIN,2026-09-10,False,False,6.434458451907399,-0.545454545454549,,
ENGINERSIN,2026-09-11,False,False,6.942773993912166,0.6470696694442557,,
ENRIN,2026-06-12,False,False,14.313888490755321,0.11479408810446401,,
ENRIN,2026-06-16,False,False,7.419589318408315,0.022390321257370616,,
ENRIN,2026-06-17,False,False,5.601873898918619,0.46161791738603686,,
ENRIN,2026-06-18,False,False,2.283781998033607,-0.18089565724426215,,
ENRIN,2026-06-19,True,True,0.46570107223062873,0.3212965383610822,-11.046133595987362,
ENRIN,2026-06-22,True,True,0.7384211887005332,-0.626931807472908,-12.282537956349582,
ENRIN,2026-06-23,False,False,1.2329303447258022,-0.21933785495061864,,
ENRIN,2026-06-24,False,False,3.4201711239760124,0.37248634279087867,,
ETERNAL,2026-06-30,False,False,4.200581395348824,-0.019371360330722176,,
ETERNAL,2026-07-01,True,True,-0.2643249212520904,0.5783536540928225,7.648670254887957,4.896080345933895
ETERNAL,2026-07-02,True,True,-0.6331859535689821,-0.017621387870825345,2.623017344338341,-0.01879197237235619
ETERNAL,2026-07-03,False,True,1.6733658141574903,0.6588341110896456,0.7029832624517063,-1.2456599055010842
ETERNAL,2026-07-06,False,False,2.6398155646585986,-0.12404965836860793,,
ETERNAL,2026-07-07,True,True,1.0618362666958925,0.1574845868875796,1.9226315596807098,-0.2554938176655641
ETERNAL,2026-07-08,False,True,1.9717616623866174,-0.05228242121636528,0.8018285866094876,-1.7626685155087918
ETERNAL,2026-07-09,False,True,0.6357399541623066,1.4733553890842188,-1.084696253024553,-1.1182414221554082
ETERNAL,2026-07-10,False,False,2.82805950818823,0.4620039457702063,,
ETERNAL,2026-07-13,False,False,5.468813158428443,0.13996656093360205,,
ETERNAL,2026-07-14,False,False,6.211028560457321,0.08804366587513712,,
ETERNAL,2026-07-15,False,False,5.28487732189582,0.2798245287254364,,
ETERNAL,2026-07-16,False,False,2.531169290774149,0.06797473866602122,,
ETERNAL,2026-07-17,False,False,5.838619640350551,0.22843944542194627,,
ETERNAL,2026-07-20,False,False,5.745925109684724,-0.1748557365467085,,
ETERNAL,2026-07-21,False,False,5.820072264341158,0.19318151365894654,,
ETERNAL,2026-07-22,False,False,4.882477045542011,-0.20804650354152576,,
ETERNAL,2026-07-23,False,False,6.548453632345996,-0.7532052275769807,,
ETERNAL,2026-07-27,False,False,5.510889353843806,-0.5586613608986046,,
ETERNAL,2026-07-28,False,True,0.702079807763778,0.1678415610084638,5.126539175854661,3.129833739824095
ETERNAL,2026-07-29,True,True,0.11246393934454257,-1.1592802368516786,2.712245225485499,-1.4604397367998567
ETERNAL,2026-07-30,False,False,3.44289891666818,0.3428071669583588,,
ETERNAL,2026-07-31,False,False,1.7707305843871923,1.0022651877990452,,
ETERNAL,2026-08-03,False,False,4.018243900802521,0.13103813152641752,,
ETERNAL,2026-08-04,False,False,2.0975473235622655,-0.04814440775521289,,
ETERNAL,2026-08-05,False,False,1.5107738641702673,-0.12754907165158924,,
ETERNAL,2026-08-06,False,True,1.3651402266444457,0.1436723090405545,3.15107122195577,-1.2366666928281367
ETERNAL,2026-08-07,False,False,1.4520050154052333,0.2849982421951669,,
ETERNAL,2026-08-10,False,False,2.3080798461536878,-0.1748309916961288,,
ETERNAL,2026-08-11,False,False,4.165504799011388,-0.5801733418110411,,
ETERNAL,2026-08-12,False,False,1.3559975609042096,-0.04729430848841032,,
ETERNAL,2026-08-13,False,False,1.4520050154052333,-0.15762924992375194,,
ETERNAL,2026-08-14,False,True,0.468581779955457,0.1095556652258578,2.0701931957330055,-1.1511121350804787
ETERNAL,2026-08-17,False,False,1.5624980724866289,0.6730298370096754,,
ETERNAL,2026-08-18,False,False,1.911076443057702,0.015599248264797083,,
ETERNAL,2026-08-19,False,False,2.2620558051285267,0.4244634979814643,,
ETERNAL,2026-08-20,False,True,0.7479912713328707,-0.015416435765225334,-1.3853789197043498,1.0332950631458226
ETERNAL,2026-08-21,True,True,-0.12327569445380604,0.04539766926610067,-2.012009965393724,-2.1634597181520054
ETERNAL,2026-08-24,False,False,1.9133311060135272,0.07648768405432715,,
ETERNAL,2026-08-25,False,False,1.0943175945614447,-0.06061894215229069,,
ETERNAL,2026-08-27,False,False,1.4781059572579247,-0.09116326495980376,,
ETERNAL,2026-08-28,False,False,2.1303910416012206,-0.3659596559284939,,
ETERNAL,2026-08-31,False,False,0.7427499101150481,-0.04526750979975125,,
ETERNAL,2026-09-02,False,False,3.4997757198627744,-0.4771489245571803,,
EXIDEIND,2026-06-10,False,False,5.7107241478087545,0.15424321427137677,,
EXIDEIND,2026-06-11,False,False,7.378177770726446,0.445196192819286,,
EXIDEIND,2026-06-12,False,False,4.769519546504575,0.025446845678267493,,
EXIDEIND,2026-06-15,False,False,4.278763135230346,-0.13906138886692343,,
EXIDEIND,2026-06-16,False,False,3.688060190004916,-0.05032251950792821,,
EXIDEIND,2026-06-17,False,False,6.393433541253857,0.0904993157118561,,
EXIDEIND,2026-06-24,False,False,5.077156156227658,0.4601630439579951,,
EXIDEIND,2026-07-02,False,True,1.3269080644734421,0.7298321623855131,5.489607312289069,
EXIDEIND,2026-07-07,False,False,3.240909090909083,-0.4224502112251005,,
EXIDEIND,2026-07-08,False,False,3.078483914174357,-0.7804995311330276,,
EXIDEIND,2026-07-09,False,True,0.8557522123893824,0.08266559011835817,1.830649739434831,
EXIDEIND,2026-07-10,False,False,0.5820805376391958,0.11680878735167433,,
EXIDEIND,2026-07-13,False,False,3.2796867676899932,-0.29715916275696586,,
EXIDEIND,2026-07-14,False,False,2.4007092198581548,-0.07086884044877895,,
EXIDEIND,2026-07-15,False,False,1.9908141158345494,0.03533727908990869,,
EXIDEIND,2026-07-16,False,False,2.9605389663833526,-0.11870844860143448,,
EXIDEIND,2026-07-17,False,True,1.5008787346221464,0.6367202652413528,4.512244394508058,
EXIDEIND,2026-07-20,True,True,-0.03810803528749851,0.607448457646842,3.1835496360045568,
EXIDEIND,2026-07-21,False,True,1.3344503673876185,0.045519392309856244,1.6238631337461173,
EXIDEIND,2026-07-22,False,False,2.203389830508451,0.15844550166881355,,
EXIDEIND,2026-07-23,False,False,2.1467985930266,-0.38014583198273666,,
EXIDEIND,2026-07-24,False,False,2.990603473098541,0.5690224115783904,,
EXIDEIND,2026-07-27,False,False,3.1774176004609744,0.4555289956967412,,
EXIDEIND,2026-07-29,False,False,6.622305704627873,-0.3385901242338174,,
EXIDEIND,2026-07-30,False,False,4.372474250443448,-0.11454753722794919,,
EXIDEIND,2026-07-31,False,False,1.5009275847306158,0.06571423032935009,,
EXIDEIND,2026-08-03,False,False,3.3675852779558646,-0.02228796541007272,,
EXIDEIND,2026-08-04,False,False,4.2975680387198345,-0.425530547924835,,
EXIDEIND,2026-08-05,True,True,0.3477575722193649,-0.22670577713608253,5.67017674562682,
EXIDEIND,2026-08-06,False,False,3.2054348780952813,-0.12852947764074862,,
EXIDEIND,2026-08-07,False,True,1.0162452112133513,0.06294310592440677,-7.7204690431918905,
EXIDEIND,2026-08-10,False,False,1.3220858895705456,-0.12255026471318375,,
EXIDEIND,2026-08-11,False,True,3.069955869424845,-0.23851372208691934,-12.004943699243075,
EXIDEIND,2026-08-12,False,False,1.0189303837725205,0.030381586545602524,,
EXIDEIND,2026-08-13,False,False,2.1357316814875738,0.14351864828934247,,
EXIDEIND,2026-08-14,False,False,4.205116212212379,-0.2811926861805869,,
EXIDEIND,2026-08-17,False,False,4.730132775007179,-0.38686868596622404,,
FEDERALBNK,2026-06-10,False,False,0.9794847421327635,0.23912004291239963,,
FEDERALBNK,2026-06-11,False,False,2.6058993368575756,0.2747716459495342,,
FEDERALBNK,2026-06-12,False,True,1.380315302608559,-0.14312394980556808,3.6968536136400054,0.7592287522985686
FEDERALBNK,2026-06-15,False,False,1.3115163081575565,-0.40997107711265857,,
FEDERALBNK,2026-06-16,False,False,1.5129172497846843,-0.25133139291513285,,
FEDERALBNK,2026-06-17,False,False,1.0032883048617158,-0.3275582071295857,,
FEDERALBNK,2026-06-18,False,False,1.2509320592466455,-0.2174531539998137,,
FEDERALBNK,2026-06-19,False,False,1.5658121649765322,-0.4193216500477992,,
FEDERALBNK,2026-06-22,False,False,1.2008368333412678,0.01549528580997439,,
FEDERALBNK,2026-06-23,False,False,1.2322139895875717,-0.37066014116795554,,
FEDERALBNK,2026-06-24,False,False,1.7210261264693827,0.17162982431513374,,
FEDERALBNK,2026-06-25,False,False,1.6501739586973319,0.04641618422323024,,
FEDERALBNK,2026-06-29,False,False,1.3367290688270694,-0.1539408924851049,,
FEDERALBNK,2026-06-30,False,True,1.3679789099257045,-0.36877126980982,6.196844523559575,0.11106546776820103
FEDERALBNK,2026-07-01,False,False,1.8039994380032454,0.10696074965794722,,
FEDERALBNK,2026-07-02,False,False,1.109090909090904,-0.04543204581473059,,
FEDERALBNK,2026-07-03,False,True,0.4244588107668923,-0.12011828723254014,4.487340218034808,-1.8597454212275544
FEDERALBNK,2026-07-06,False,False,2.555397274862292,-0.5313496182082877,,
FEDERALBNK,2026-07-07,False,False,1.4406628469324056,0.06042664864991387,,
FEDERALBNK,2026-07-09,False,False,2.2121920458957556,-0.06080319038135329,,
FEDERALBNK,2026-07-10,False,False,1.3030284682586268,0.25695469615543143,,
FEDERALBNK,2026-07-13,False,True,2.4147234365891945,-0.09137149534642619,3.877862480539318,-1.479735011293648
FEDERALBNK,2026-07-17,False,False,1.4649002057761873,0.030004676553074816,,
FEDERALBNK,2026-07-20,False,False,1.5122302158273149,-0.5153128702757415,,
FEDERALBNK,2026-07-21,True,True,0.04551285490486112,-0.05650062345515794,5.011568880227579,0.03926812011261216
FEDERALBNK,2026-07-22,False,False,0.9385522743241337,-0.15459952015987044,,
FEDERALBNK,2026-07-23,False,False,1.0942576855705433,0.3106923150520968,,
FEDERALBNK,2026-07-24,False,False,1.9989346590908896,-0.19847240793979815,,
FEDERALBNK,2026-07-27,False,False,0.5140643141704038,0.23853124427020145,,
FEDERALBNK,2026-07-28,False,False,0.9232172791515225,-0.29390840950839214,,
FEDERALBNK,2026-07-29,False,False,0.4859964510289583,-0.19474535631064382,,
FEDERALBNK,2026-07-30,False,False,1.2738345365339798,-0.36267771412322736,,
FEDERALBNK,2026-07-31,False,False,1.5296824886924298,0.09834394760270815,,
FEDERALBNK,2026-08-03,False,False,0.7519481520798843,0.04179849350234299,,
FEDERALBNK,2026-08-04,False,False,3.9250242264309954,-0.23590774763663225,,
FEDERALBNK,2026-08-05,False,False,4.02631743770645,0.02785685334696364,,
FEDERALBNK,2026-08-06,False,False,5.138903772137704,-0.08436960219273537,,
FEDERALBNK,2026-08-07,False,False,6.366315285847679,0.0,,
FEDERALBNK,2026-08-10,False,False,4.784996428630128,-0.09808213465858362,,
FEDERALBNK,2026-08-11,False,False,5.361310147949361,-0.042296140090047896,,
FEDERALBNK,2026-08-12,False,False,4.784996428630128,0.23900073614595563,,
FINCABLES,2026-08-19,False,False,8.422583736680057,-0.4222067563770526,,
FINCABLES,2026-08-20,False,False,4.216603773584904,0.17389044477451598,,
FINCABLES,2026-08-21,False,False,7.469061698376223,0.07009535935065259,,
FINCABLES,2026-08-24,False,False,6.676198546717704,-0.37328542091754624,,
FINCABLES,2026-08-25,False,False,7.724774841049564,-0.11688160116379853,,
FINCABLES,2026-08-26,False,False,7.956377637130596,-0.20675049066217754,,
FINCABLES,2026-08-27,False,False,3.821713121714021,1.5230971943519966,,
FINCABLES,2026-08-28,False,False,4.1792994637976255,-0.12368395300972335,,
FINCABLES,2026-08-31,False,False,5.114919880692348,0.9062253743104876,,
FINCABLES,2026-09-01,False,False,8.2774173845372,-0.8296788523384557,,
FINCABLES,2026-09-03,False,False,9.995479553849584,-0.8479432869190839,,
FINCABLES,2026-09-08,False,False,7.296829779250635,-0.10543786116180565,,
FINCABLES,2026-09-09,True,True,-1.0723126096464974,1.6202684636922537,6.781677254175911,
FINCABLES,2026-09-10,False,True,2.557102859807525,0.6644288476343796,2.047896503809099,
FINCABLES,2026-09-11,False,True,5.296940706264297,0.28676650103400814,-1.7369450040298662,
FINCABLES,2026-09-17,False,False,9.729591836734674,-0.03642987249544705,,
FIVESTAR,2026-07-03,True,True,-0.5934696278057539,-0.3137325274825131,3.2112166440524836,
FIVESTAR,2026-07-06,False,True,2.424058668088147,0.1826650794962026,1.5585793264158099,
FIVESTAR,2026-07-07,False,False,2.8575332951455756,-0.018117652208726742,,
FIVESTAR,2026-07-10,False,False,3.5043793783492205,0.23752746609972952,,
FLUOROCHEM,2026-08-13,True,True,-1.0801886792452975,1.5477018358494243,-0.5059876833881649,
FLUOROCHEM,2026-08-14,False,False,3.182078713363734,-0.4739336492891044,,
FLUOROCHEM,2026-08-17,False,False,4.287574402405148,1.1921610309687747,,
FLUOROCHEM,2026-08-27,False,False,5.8311418000200455,-0.0042406947854845,,
FLUOROCHEM,2026-08-28,False,False,5.172423355000522,0.22699254999345442,,
FLUOROCHEM,2026-09-02,False,False,3.1415834517670937,-0.20991713786291388,,
FLUOROCHEM,2026-09-08,False,False,7.322143479015297,0.2162513113690201,,
FSL,2026-07-29,True,True,-3.331211125242628,2.3267568423257723,18.653060470996373,
FSL,2026-07-30,False,False,3.4492603546559364,0.2939667783343536,,
FSL,2026-07-31,False,True,4.241652762246417,1.2660040301630593,-9.558169417811602,
FSL,2026-08-03,True,True,-0.3032072079426462,0.3272786908692593,-10.182728419533781,
FSL,2026-08-04,False,False,1.822981320326944,-0.09176274639711712,,
FSL,2026-08-05,True,True,-0.2323801840168227,-0.5472491207633157,-19.488702467298335,
FSL,2026-08-06,False,False,4.695149630041784,-1.780631991062176,,
GABRIEL,2026-07-22,False,False,7.760107551049922,2.4945770065075923,,
GABRIEL,2026-07-23,False,False,6.758419933463644,0.7321898222546697,,
GABRIEL,2026-07-24,False,False,11.49631565957172,-0.4215764371476305,,
GABRIEL,2026-07-27,False,False,9.192901413804378,0.11450479711063721,,
GABRIEL,2026-07-28,False,False,8.20284602745296,-0.2614153722174217,,
GABRIEL,2026-07-29,False,False,7.147836047648171,0.26726168429551667,,
GABRIEL,2026-07-30,False,False,8.026840490532727,-0.21171489061396764,,
GABRIEL,2026-07-31,False,False,7.653780974943358,0.3962340191370428,,
GABRIEL,2026-08-03,False,False,3.139738321143315,0.3251625109670586,,
GABRIEL,2026-08-04,False,True,2.963924333112522,-0.6272283212156338,-13.145040039749368,
GABRIEL,2026-08-05,False,True,1.7715047330520983,0.6430868167202508,-15.704168818950205,
GABRIEL,2026-08-06,False,False,2.649218001915088,-0.044662531500949676,,
GABRIEL,2026-08-07,False,False,5.132396207911061,-0.6818181818181834,,
GABRIEL,2026-08-10,False,False,7.357454104644678,-0.36586175888755346,,
GABRIEL,2026-08-11,False,False,8.472745110455747,0.48125637842804103,,
GABRIEL,2026-08-12,False,False,7.350288656881854,0.026712815630225428,,
GAIL,2026-06-15,True,True,-1.2477752670988829,-0.07456118510977827,1.1356753665573427,2.5538197410057695
GAIL,2026-06-16,False,True,1.185195333052258,-0.1475065293713329,-4.97262624227075,-0.9972424183071205
GAIL,2026-06-17,False,False,1.8951994368763492,-0.2157402544165299,,
GAIL,2026-06-18,False,False,2.314330325772196,0.0685999991102193,,
GAIL,2026-06-19,False,False,1.5600548101529332,0.10786400680655728,,
GAIL,2026-06-22,False,False,2.174234470691161,0.1943502533129804,,
GAIL,2026-06-30,False,False,3.218246427373739,-0.3440906472029992,,
GAIL,2026-07-01,False,False,3.8337070296692977,0.01158190847589946,,
GAIL,2026-07-02,False,False,3.0640421105054383,0.2534722338203066,,
GESHIP,2026-09-16,False,False,3.0715499323098916,0.1367514308820983,,
GESHIP,2026-09-17,False,False,2.7318933630707143,-0.5344164079754354,,
GLAND,2026-06-10,False,False,2.076738085241381,0.025871854117265336,,
GLAND,2026-06-11,False,True,4.246960520211451,0.08811348827983956,5.3506074549805716,
GLAND,2026-06-12,False,False,3.1973546895329497,0.14598120840489948,,
GLAND,2026-06-29,False,False,3.2853660277318175,-0.5220629835845259,,
GLAND,2026-06-30,True,True,0.08804379826352626,-0.677165392664647,6.565032878446919,
GLAND,2026-07-01,False,False,3.0389922575938977,-0.4280100637273465,,
GLAND,2026-07-02,False,False,3.919735290505466,-0.2529250213509804,,
GLAND,2026-07-03,False,False,2.0540404547028324,-0.8205805575594805,,
GLAND,2026-07-06,False,False,2.5896923037646236,0.5357992632177844,,
GLAND,2026-07-07,False,False,1.580780693701378,-0.30291341794539406,,
GLAND,2026-07-08,False,False,0.7791827469631141,0.0469721727864858,,
GLAND,2026-07-09,False,False,3.924440500838,-0.012054995103449873,,
GLAND,2026-07-10,False,False,4.872579320708548,-0.29513033467253313,,
GLAND,2026-07-13,False,False,3.966215812387097,-0.579490060065313,,
GLAND,2026-07-14,False,False,4.834315496848074,0.04054985444226222,,
GLAND,2026-07-15,False,False,3.7243833968317652,-0.26000000000000467,,
GLAND,2026-07-16,False,False,3.400929497112082,0.09604812430157317,,
GLAND,2026-07-17,False,False,3.2070031923383757,-0.3301136963344331,,
GLAND,2026-07-20,False,False,4.3942482341069455,0.02826030192490947,,
GLAND,2026-07-21,False,False,5.047211624825643,0.20349191328303817,,
GLAND,2026-08-06,False,False,2.3414762462836913,0.45433175651277136,,
GLAND,2026-08-10,True,True,-0.45976622642046605,-0.030071371100359734,9.002117504884065,
GLAND,2026-08-11,True,True,-6.709593777009514,1.9670761726164665,6.543631933442673,
GLAND,2026-08-12,False,False,3.445797931485717,-0.12383823442707609,,
GLAND,2026-08-13,False,False,5.528527823452856,-0.4895104895104918,,
GLAND,2026-08-14,False,True,0.7427194098433176,-0.20085699310641303,-2.3621020126909364,
GLAND,2026-08-17,False,False,2.651085273581688,0.1716626609306715,,
GLAND,2026-08-18,False,False,5.290334277865427,-0.3400392483279391,,
GLAND,2026-08-19,False,False,6.497906472509363,-0.08010744943153236,,
GLAND,2026-08-20,False,False,7.4530950067743795,-0.17905531925617169,,
GLAND,2026-08-21,False,False,7.653780974943358,-0.5536882635062357,,
GLAND,2026-08-24,False,False,8.912622070312493,0.1142105473662669,,
GLAND,2026-08-25,False,False,9.118802098543789,-0.5541184735440075,,
GLAND,2026-08-26,False,False,7.144074518844823,0.09127313163257433,,
GLAND,2026-08-27,False,False,5.8998543179198615,0.07285176021862849,,
GLAND,2026-08-28,False,False,6.072669195016633,0.5621542477740826,,
GLAND,2026-08-31,False,False,4.850526181700654,-0.05573043309426984,,
GLAND,2026-09-01,False,False,1.153604528997021,-0.15117341844185228,,
GLAND,2026-09-02,False,False,2.835086045897839,-0.9379708560715239,,
GLAND,2026-09-03,False,False,3.37182823320048,-0.6902735100263291,,
GLAND,2026-09-04,False,True,3.155875466099367,-0.4781802957300352,2.1419345326243677,
GLAND,2026-09-07,False,True,1.1301474326385286,-0.09818861108001897,1.4194755817368288,
GLENMARK,2026-07-15,False,False,1.056090814020516,0.07354001990216297,,
GLENMARK,2026-07-16,False,False,1.959636617217031,0.039275122070314694,,
GLENMARK,2026-08-20,False,False,3.8850504312633483,0.0485865948226305,,
GLENMARK,2026-08-21,False,False,1.5011470577521058,-0.2108678191501956,,
GLENMARK,2026-08-24,False,True,2.2678985331252566,0.37401487438022407,6.552305975222206,1.328487076814966
GLENMARK,2026-08-25,True,True,0.34079335523895526,-0.12905839717134437,4.487998421254891,-0.6138430531320349
GLENMARK,2026-08-26,False,True,0.39632762533523547,0.20673971469920005,3.365863783108436,0.8998789612450153
GLENMARK,2026-08-27,True,True,-0.4077746176042396,0.3601741134662051,-0.9064584566992107,-0.3962891544312952
GLENMARK,2026-08-28,False,False,1.3815829680576597,0.06095331218354261,,
GLENMARK,2026-08-31,False,False,2.3636589110155537,-0.5429180701097769,,
GLENMARK,2026-09-01,False,False,3.413811165584568,-0.3273726325872972,,
GLENMARK,2026-09-02,False,False,4.259351470862116,-0.3259850732103553,,
GLENMARK,2026-09-03,False,False,3.983038269534167,-0.004071167187702507,,
GLENMARK,2026-09-04,False,False,4.6186220301038805,-0.14746641478904365,,
GLENMARK,2026-09-07,False,False,4.859503957183975,-0.061637078394460865,,
GLENMARK,2026-09-08,False,False,3.864470130108244,-0.20321899684832,,
GLENMARK,2026-09-09,False,False,3.3425742638904854,-0.19008902616278744,,
GMRAIRPORT,2026-06-10,False,False,2.508032273011862,-0.21501292157867224,,
GMRAIRPORT,2026-06-12,False,False,2.0383150024304353,0.09758804814075095,,
GMRAIRPORT,2026-06-15,True,True,-2.1348342571234524,0.2911120238586751,10.007657249266755,3.1955612422039703
GMRAIRPORT,2026-06-16,True,True,-0.29409497881519586,0.19331592541862452,5.952917190654139,-0.5159461737792137
GMRAIRPORT,2026-06-17,False,False,2.5983944860847874,0.39885012050209223,,
GMRAIRPORT,2026-06-18,False,False,1.4085451864484844,-0.40923695160862694,,
GMRAIRPORT,2026-06-19,False,False,2.098297956820172,-0.3279520743064257,,
GMRAIRPORT,2026-06-22,False,False,2.7273806584531046,-0.23853406993622484,,
GMRAIRPORT,2026-06-23,False,False,2.576446251897102,0.6004633033523277,,
GMRAIRPORT,2026-06-24,False,False,3.613536836226361,0.47529775613330827,,
GMRAIRPORT,2026-06-25,False,False,1.9678214711979392,0.403264997658237,,
GMRAIRPORT,2026-06-29,False,False,1.4216017364596212,0.03633144058285964,,
GMRAIRPORT,2026-06-30,False,True,1.629313883389516,-0.07244574013728355,2.5252865792862567,0.5279200944993789
GMRAIRPORT,2026-07-01,False,True,1.1424016608021503,0.0,0.9244556485916045,-0.11129739531242633
GMRAIRPORT,2026-07-02,False,False,2.1211111084063816,-0.19460523198959745,,
GMRAIRPORT,2026-07-03,False,False,3.645995710464267,0.19828862258171043,,
GMRAIRPORT,2026-07-06,False,False,1.8773236852633879,-0.09716510135246992,,
GMRAIRPORT,2026-07-07,False,True,1.0730276609721923,-0.1663914855450921,-6.303634338008068,-1.0703166707460299
GMRAIRPORT,2026-07-08,False,False,1.9100302118401302,0.04386617483542743,,
GMRAIRPORT,2026-07-09,False,False,3.1766690485947047,0.24027466091220973,,
GMRAIRPORT,2026-07-10,False,False,3.3050661214192534,0.24057438741020842,,
GMRAIRPORT,2026-07-13,False,False,2.512301817952012,0.7464711422708215,,
GMRAIRPORT,2026-07-14,False,False,2.340790670263404,0.38896287246157346,,
GODREJPROP,2026-06-30,False,False,3.019466792580494,-0.281977725758753,,
GODREJPROP,2026-07-01,False,True,1.110650508170874,-0.4140153305798866,7.873434843267879,3.4243924147195015
GODREJPROP,2026-07-02,True,True,0.7043721403151793,-0.2940008457304244,3.3089259140150373,-0.04316317953609872
GODREJPROP,2026-07-03,False,True,0.7845573528629135,-0.11110864504418894,7.007564463880156,1.1379512232453814
GODREJPROP,2026-07-06,True,True,0.045385709308209954,0.20422273539533187,5.981628162184838,2.3545025851386736
GODREJPROP,2026-07-07,False,False,1.3049110389783847,-0.25485557635595013,,
GODREJPROP,2026-07-08,False,True,2.331424963652884,0.3369530206822624,2.938597799908127,-3.9625833934284316
GODREJPROP,2026-07-09,False,False,3.22603315058132,0.7630947046446401,,
GODREJPROP,2026-07-10,False,True,1.8050084522592602,0.5102803855867144,0.9697717415316554,1.5499798085555794
GODREJPROP,2026-07-13,True,True,0.7355836849507469,-0.49913473973005607,-2.7453959774618286,-0.17173254401516846
GODREJPROP,2026-07-14,False,False,1.4970446703430396,0.2942985458880498,,
GODREJPROP,2026-07-15,False,False,3.179050618951962,0.3325415676959542,,
GODREJPROP,2026-07-16,False,False,4.235217032433813,-0.29092639183855296,,
GODREJPROP,2026-07-17,False,False,3.591055709694091,0.009517700950589791,,
GODREJPROP,2026-07-20,False,False,4.751309807439541,0.49758689990941907,,
GODREJPROP,2026-07-21,False,False,3.076554960104394,0.19431742446682776,,
GODREJPROP,2026-07-22,False,False,1.9477247227511985,-0.33096465025307387,,
GODREJPROP,2026-07-23,False,False,5.500425866497682,0.7018641529990877,,
GODREJPROP,2026-07-27,False,False,7.434786121852843,-0.2556389181597174,,
GODREJPROP,2026-07-28,False,False,3.644348848855694,1.1689459427241866,,
GODREJPROP,2026-07-29,False,False,1.322193668095606,0.14896657634186905,,
GODREJPROP,2026-07-30,False,False,2.479072925638204,-0.3774509625465994,,
GODREJPROP,2026-07-31,False,False,3.188585643606401,0.6733025686047833,,
GODREJPROP,2026-08-05,False,False,3.3931099575271073,1.1552391926576977,,
GRANULES,2026-07-07,True,True,-0.35818810972630954,0.3565924780758678,-4.115263245280099,
GRANULES,2026-07-08,False,False,1.8086526724684582,-0.09210083069932651,,
GRANULES,2026-07-09,False,True,2.1736397584710243,0.023136172010551626,-5.607891000327159,
GRANULES,2026-07-10,False,False,2.00025584032415,-0.40547115897161534,,
GRANULES,2026-07-13,True,True,0.3442178346859448,-0.2595081019949985,-6.963295783134004,
GRANULES,2026-07-14,False,False,2.5042413622446302,0.13500728356776737,,
GRANULES,2026-07-15,False,False,1.4104332766661454,0.07230527408925713,,
GRANULES,2026-07-16,False,False,1.1911060821642838,-0.0055508042776653,,
GRANULES,2026-07-17,False,False,4.002959616915613,-0.4133662983083264,,
GRANULES,2026-07-20,False,False,2.5280269058295834,-0.3184864126605569,,
GRANULES,2026-07-21,False,False,2.816188870151759,-0.04495161288773364,,
GRAPHITE,2026-08-04,False,False,4.260975897514707,-0.23334404109427442,,
GRAPHITE,2026-08-05,True,True,-0.4360124180752045,1.583851370050815,-4.502560236985332,
GRAPHITE,2026-08-06,False,False,6.023227724069913,-0.2754449005448967,,
GRAPHITE,2026-08-07,False,False,4.041139068955335,-0.19421008896730596,,
GRAPHITE,2026-08-10,False,False,5.314665878569613,-0.14049877063575522,,
GRAPHITE,2026-08-11,False,False,3.2874258484345553,0.0690417000237531,,
GRAPHITE,2026-08-12,False,False,1.7085366283498438,0.08159878167066648,,
GRAPHITE,2026-08-13,False,False,1.9093244018970168,0.25250467812609756,,
GRAPHITE,2026-08-14,False,False,1.6807503614441721,-0.4192839234870793,,
GRAPHITE,2026-08-17,False,False,4.246469713248091,-0.006935332423174678,,
GRAPHITE,2026-08-18,False,False,2.639169728695445,-0.563050464369852,,
GRAPHITE,2026-08-19,False,False,2.1513409914051707,-0.7547136908271579,,
GRAPHITE,2026-08-20,False,False,3.750432751513366,0.2904731379043346,,
GRAPHITE,2026-09-09,True,True,-6.342976616842511,1.1794086997855002,9.426392272382312,
GRAPHITE,2026-09-10,False,False,4.485341910091201,-0.15433786202170285,,
GRAPHITE,2026-09-11,False,False,9.573129507854716,0.12485173665763849,,
GRAPHITE,2026-09-15,False,False,7.135053936339619,0.0732109125143321,,
GRAPHITE,2026-09-16,False,False,10.774878722201953,0.3415359241948801,,
GRAPHITE,2026-09-17,False,False,7.495469122498211,0.7208029567608465,,
GRASIM,2026-06-10,False,False,3.6943368828654233,0.34322296306918965,,
GRASIM,2026-06-12,False,False,3.2243471963954384,0.03542987620772653,,
GRASIM,2026-06-15,False,False,0.684920029267122,0.32463243704248246,,
GRASIM,2026-06-16,False,False,0.58553575910123,0.09465812494178216,,
GRASIM,2026-06-17,False,False,1.7207755765597854,0.11141883760215077,,
GRASIM,2026-06-18,False,False,2.1730810846867454,-0.24403229653974234,,
GRASIM,2026-08-13,False,False,6.079018780856105,0.44445978933822516,,
GRASIM,2026-08-20,False,False,4.804512324809873,-0.28046921860931384,,
GRASIM,2026-08-21,False,False,4.756473587304222,-0.41689341413900793,,
GRASIM,2026-08-24,False,False,4.167596418855379,-0.0607348921955686,,
GRASIM,2026-08-25,False,False,4.380368040328686,-0.2223184495985242,,
GRASIM,2026-08-26,False,False,4.2664797158347145,0.015286779764456249,,
GRASIM,2026-08-28,False,False,3.267730079745834,0.10769230769229754,,
GRASIM,2026-09-01,False,False,1.737387387387379,0.3012048192771122,,
GROWW,2026-06-18,False,False,4.099988469486138,-0.09926392320983579,,
GROWW,2026-06-19,False,False,4.193162188554944,-0.5784338479418616,,
GROWW,2026-06-29,False,False,7.507676799578089,-0.1588099004766641,,
GROWW,2026-06-30,False,False,1.843321632258732,0.21920805774691132,,
GROWW,2026-07-01,False,False,2.9744741105632633,-0.19129808161534312,,
GROWW,2026-07-02,True,True,0.5582894741791078,-0.22185034980780616,3.9822901681785483,
GROWW,2026-07-03,False,False,1.5093847472823274,0.04369282999845403,,
GVT&D,2026-06-12,False,False,8.266335186065632,0.22743719631965753,,
GVT&D,2026-06-17,False,False,4.530151515151504,-0.31215386164534786,,
GVT&D,2026-06-18,False,True,1.056435162700331,-0.29055690072639084,-5.885945171505291,0.5309618830115381
GVT&D,2026-06-19,True,True,-0.9117812324405339,1.0313180054877469,-7.459280434595639,4.596697364242619
GVT&D,2026-06-22,False,False,4.190704095720199,-0.44896463258200514,,
GVT&D,2026-06-23,False,False,2.279725334297078,-0.8154852585357086,,
HAL,2026-07-03,False,False,1.9044158747903772,0.4311453563555334,,
HAL,2026-07-06,False,False,1.7815292747945133,0.5095103707154047,,
HAL,2026-07-10,False,False,2.6639115565619598,0.12494320763289934,,
HAL,2026-07-13,False,False,2.005883722669921,-0.22157346337846606,,
HAL,2026-07-23,False,False,1.7490438333420455,0.3645488690320997,,
HAL,2026-07-27,False,False,1.4781577142930047,-0.017461444725208608,,
HAL,2026-08-03,False,True,0.650900900900897,-0.19267822736031004,4.8516253600279,-0.26308807216859353
HAL,2026-08-04,False,False,1.1240899357601641,0.021417862497319362,,
HAL,2026-08-05,False,False,1.8207824873027523,-0.09653959600441908,,
HAL,2026-08-06,True,True,-1.3258237212453006,1.0578297515772883,3.3197724813828433,3.8681117515432684
HAL,2026-08-07,False,False,0.29940317241548,0.0786905234816393,,
HAL,2026-08-10,False,False,1.8283721422828414,-0.056988840463945145,,
HAL,2026-08-11,False,False,1.5697984969476053,-0.032494569529750716,,
HAL,2026-08-12,False,False,2.1320600551526736,0.13705194690269984,,
HAL,2026-08-13,False,False,2.6318181818181685,0.5137328910210792,,
HAL,2026-08-14,False,False,2.63389361862687,0.4607019429177184,,
HAL,2026-08-17,True,True,-1.2580174927113719,0.6219158936247471,-4.430366558650856,-0.2534330849461863
HAL,2026-08-18,False,False,1.94306483859501,-0.10035413624777112,,
HAL,2026-08-19,False,False,1.9631481847019128,-0.35335689045936647,,
HAL,2026-08-20,False,False,3.000049800821003,-0.021888134823910832,,
HAL,2026-08-21,False,False,3.512988037109377,-0.0599640215870445,,
HAL,2026-08-24,False,False,4.144097198000463,-0.10050856943523145,,
HAL,2026-08-25,False,False,6.604519090740846,-0.041177681696524804,,
HAL,2026-08-27,False,False,5.60826004165853,0.36041138333615663,,
HAVELLS,2026-07-30,False,True,0.9290068602612278,0.12903028918851422,2.5428615076791505,1.6570846522336868
HAVELLS,2026-07-31,False,False,0.539757891470316,-0.06325031934026892,,
HAVELLS,2026-08-03,False,False,0.7451585886182555,0.18132036485021263,,
HAVELLS,2026-08-04,False,True,0.4921954744475654,-0.11637830487915002,0.3295455269306524,0.15949922396019112
HAVELLS,2026-08-05,False,False,1.7825480390051274,-0.03889234672489472,,
HAVELLS,2026-08-06,False,False,2.1402096623906353,-0.10141577372378974,,
HAVELLS,2026-08-07,False,False,1.7034075756110267,-0.0388621179455817,,
HAVELLS,2026-08-10,False,False,1.8618117645515353,0.023362419878880658,,
HAVELLS,2026-08-11,False,False,2.188085937499995,-0.03904724716907726,,
HAVELLS,2026-08-12,False,False,2.992716535433071,0.1498323831435,,
HAVELLS,2026-08-13,False,False,3.399802371541494,0.07911392405062223,,
HAVELLS,2026-08-14,False,False,2.838861144182414,-0.03929581817088135,,
HAVELLS,2026-08-17,False,True,2.1138895132394087,-0.0389620494798959,-12.20817971983854,-0.8334134400611037
HAVELLS,2026-08-18,False,False,1.3866513233601774,-0.32880017338874357,,
HAVELLS,2026-08-19,False,False,1.6439816667320528,-0.3830830667370777,,
HAVELLS,2026-08-20,False,False,3.280323946149011,-0.09369715774804055,,
HCLTECH,2026-07-20,False,False,2.78503513848698,-0.1568453339747533,,
HCLTECH,2026-07-21,False,False,1.4596384933617035,0.302887468576829,,
HCLTECH,2026-07-22,False,False,0.8006023385395356,0.19439692706324507,,
HCLTECH,2026-07-23,False,False,1.1342272712189017,0.16207455429497752,,
HCLTECH,2026-07-24,True,True,-0.4723196612001934,-0.7321143407578723,5.064039510059648,2.3549712486601315
HCLTECH,2026-07-27,True,True,-0.01715075550637879,0.3049991837794641,3.3235078525866157,1.4519877103510659
HCLTECH,2026-07-28,True,True,-0.7492060202479167,-0.007576778017237551,-0.8793331882414379,2.6334177157191885
HCLTECH,2026-07-29,True,True,1.5594879518072036,-0.5094432558715445,-1.7728015045395118,0.021502027863684603
HCLTECH,2026-07-30,True,True,-0.04679984336659615,0.0662172194228372,-3.020561272585065,-3.072057562662578
HCLTECH,2026-07-31,False,False,4.560611801558356,0.6343569705701713,,
HCLTECH,2026-08-03,False,False,2.0948850230724902,-0.19981877364141365,,
HCLTECH,2026-08-04,False,False,1.2129708607916179,0.2272465743446972,,
HCLTECH,2026-08-05,False,False,1.2870490041303473,0.24946983294129588,,
HCLTECH,2026-08-06,False,False,2.7993648934038218,-0.5025904529286751,,
HCLTECH,2026-08-07,False,False,1.816145505805955,0.7561120216363904,,
HCLTECH,2026-08-10,False,False,2.1241993161143613,-0.16944517362285083,,
HCLTECH,2026-08-11,False,False,0.8148210990009952,-0.24707684575132616,,
HCLTECH,2026-08-12,False,False,1.6567021399308324,-0.007328514111992757,,
HCLTECH,2026-08-13,False,False,2.241318229724021,-0.03685141376814638,,
HCLTECH,2026-08-14,False,False,1.6343465449423,0.13210398212071262,,
HCLTECH,2026-08-17,False,False,2.8098308772355196,-0.11108642122185097,,
HCLTECH,2026-08-19,False,False,5.58086061334615,-0.10648192592557226,,
HDFCAMC,2026-07-13,False,False,5.125922309027753,0.025801797378233182,,
HDFCBANK,2026-06-29,False,False,1.4330687723521418,-0.28773226536760177,,
HDFCBANK,2026-06-30,False,False,1.5776696977950033,-0.28763193370878737,,
HDFCBANK,2026-07-01,False,False,1.4501894493674117,-0.23736952777646536,,
HDFCBANK,2026-07-02,False,False,0.7624969482421751,0.24312851277477066,,
HDFCBANK,2026-07-03,False,False,1.1020201928643836,0.2251391861124219,,
HDFCBANK,2026-07-06,True,True,-0.4987088342157553,-0.0919286661081764,-8.814047754663024,3.9412602415432207
HDFCBANK,2026-07-07,True,True,0.09672688958224374,0.14393943942103693,-11.99743622069298,-1.1676405208997043
HDFCBANK,2026-07-08,False,False,2.326829821720122,-0.06638355980310706,,
HDFCBANK,2026-07-09,False,False,3.5715158924205292,-0.05498346879093674,,
HDFCBANK,2026-07-10,False,False,2.717630036223695,0.15786129847830122,,
HDFCBANK,2026-07-13,False,False,4.272615384615364,-0.09222256378726978,,
HEG,2026-07-23,False,True,1.1320714382998975,1.1567379521760346,8.653166701244208,
HEG,2026-07-24,False,False,7.251843486329013,0.32472482696150884,,
HEG,2026-07-27,False,False,5.519149442506044,-0.1783259994612929,,
HEG,2026-07-28,False,False,3.8733101699342853,0.8015433074421985,,
HEG,2026-07-29,False,False,4.271933656861648,0.5867347563843106,,
HEG,2026-07-30,False,True,0.94806061682422,0.47782770624200666,3.1975754721445204,
HEG,2026-07-31,False,False,3.5785404189128123,-0.33087864735303896,,
HEG,2026-08-03,False,False,2.4652895930825647,0.34452500183306256,,
HEG,2026-08-04,False,False,2.610806110212538,-0.3055123387434744,,
HEG,2026-08-05,True,True,0.1193772084679745,0.7041202445381423,1.9904098422200533,
HEG,2026-08-06,False,False,2.3176815898340974,-0.3705658268771117,,
HEG,2026-08-07,False,False,2.3176815898340974,0.22658984293963957,,
HEG,2026-08-10,False,False,2.8125476403868754,0.10270132513274799,,
HEG,2026-08-11,False,False,3.1830587910827823,-0.4101734018875036,,
HEG,2026-08-12,False,False,2.527037048303482,-0.13136234286631465,,
HEG,2026-08-13,False,False,3.2665998241993233,0.2508872887076574,,
HEG,2026-08-14,False,True,0.810523045475886,-0.10049705251582441,5.382827980441651,
HEG,2026-08-17,False,False,1.8388597465369028,0.47959564580351,,
HEG,2026-08-18,False,True,2.013271585311127,-0.3413645431444068,3.1610735593781136,
HEG,2026-08-19,False,False,2.1918307017617877,-0.8213325058345822,,
HEG,2026-08-20,False,False,5.7820441014185375,-0.5867577924918876,,
HEG,2026-08-21,False,False,5.146664943347878,1.3233368880664953,,
HEG,2026-08-24,False,False,5.021974189047773,0.40625124511382005,,
HEG,2026-08-25,False,False,4.824540536405619,-0.6914673169430618,,
HEG,2026-08-26,False,False,5.878751962212192,-0.2875158194907135,,
HEG,2026-08-27,False,False,5.470784240598059,-0.34210879334058975,,
HEG,2026-08-28,False,False,4.193368022850419,0.6969126649839952,,
HEG,2026-08-31,False,False,3.455885824324434,-1.0135381716555592,,
HEG,2026-09-01,False,True,1.0735146022154973,0.25577498505857665,0.0,
HEG,2026-09-04,False,False,6.5639275015657805,0.4237288135593209,,
HEROMOTOCO,2026-07-30,True,True,0.2698429316444262,0.7034016687502476,3.920042892556097,2.3022400270126475
HEROMOTOCO,2026-07-31,True,True,0.7955974555111656,-0.050559773492220295,6.5912200687118006,0.8295324974300744
HEROMOTOCO,2026-08-03,True,True,-0.42839859891530274,0.11951824951732526,4.856919070787602,0.7069090811785861
HEROMOTOCO,2026-08-04,True,True,0.22468267738104952,0.07310609522068745,2.4909333016266633,1.6435996011153975
HEROMOTOCO,2026-08-05,False,True,0.2674853176721781,0.2587206708894563,-0.6927545646721711,0.8159345974373622
HEROMOTOCO,2026-08-06,False,False,1.9565217391304346,-0.4161501682309221,,
HEROMOTOCO,2026-08-07,False,True,2.4492958993888925,0.44480028467217547,-3.1774230498247236,-0.3246149789713382
HEROMOTOCO,2026-08-10,True,True,-0.9515717926933065,0.17021276595745594,-6.501972894149921,0.3259564247727109
HEROMOTOCO,2026-08-11,False,False,1.7606451062377237,0.5060034305317318,,
HEROMOTOCO,2026-08-12,False,False,1.5087614834977892,-0.21220609455903094,,
HEROMOTOCO,2026-08-13,False,False,0.8993827682421518,0.14394580863674733,,
HEROMOTOCO,2026-08-14,False,False,2.5996904823316846,-0.2144818119423464,,
HEROMOTOCO,2026-08-17,False,False,2.8384177869700045,0.12943308309603108,,
HEROMOTOCO,2026-08-18,False,False,3.4894631861937198,0.37430362116992466,,
HEROMOTOCO,2026-08-19,False,False,4.121542622807772,0.08732861758797839,,
HEROMOTOCO,2026-08-20,False,False,4.89030500131844,-0.14920133403545366,,
HEROMOTOCO,2026-08-21,False,False,4.697052114406031,0.0526685393258397,,
HEROMOTOCO,2026-08-24,False,False,5.251102487211146,-0.20244696769650128,,
HEROMOTOCO,2026-08-25,False,False,5.633088430556765,-0.43187026264762673,,
HFCL,2026-06-10,False,False,22.47063326063554,-1.0957920890319883,,
HFCL,2026-06-12,False,False,22.206967857724045,0.0,,
HFCL,2026-06-15,False,False,16.38952577340158,0.0,,
HFCL,2026-06-16,False,False,13.754476602805,-0.6831571034795592,,
HFCL,2026-06-17,False,False,9.616330383991055,-0.057378648218275874,,
HFCL,2026-06-18,False,False,7.572674552875003,-0.6159284672307197,,
HFCL,2026-06-19,True,True,-4.285027277787945,0.0,7.163423847176009,
HFCL,2026-06-22,True,True,-2.3646384980191337,-1.4659572982473557,2.0611362224010055,
HFCL,2026-06-23,False,False,8.161587442337437,-1.8666919722836184,,
HFCL,2026-06-24,False,False,9.663088580184409,-1.0304249617613115,,
HFCL,2026-06-25,False,False,2.879277357944221,0.4672897196261738,,
HFCL,2026-06-29,False,False,7.114017588174382,0.257318432857101,,
HFCL,2026-06-30,False,False,0.7471843520929111,0.24656799162883214,,
HFCL,2026-07-01,False,False,3.9966353757109996,-0.285982466771717,,
HFCL,2026-07-03,False,False,6.943114809937234,-0.5624991196852447,,
HFCL,2026-07-06,False,True,3.7624657407363093,-1.6924913442751488,-12.952843809561543,
HFCL,2026-07-07,True,True,2.10502264449417,-2.8105421389306606,-16.761661522502003,
HFCL,2026-07-08,False,False,3.8905930844920222,0.004502030106268151,,
HFCL,2026-07-09,False,False,9.259826305688978,-0.8920159138424477,,
HFCL,2026-07-10,False,False,5.270421531174518,-0.4090881347656339,,
HFCL,2026-07-13,False,False,6.776309367806066,0.11586948756252546,,
HFCL,2026-07-14,False,False,10.802986136757053,-0.0816004259833858,,
HFCL,2026-07-15,False,False,4.982932728186085,-0.2225375756078951,,
HFCL,2026-07-16,False,False,2.0564159292035367,-0.5719327031692978,,
HFCL,2026-07-17,False,False,6.127777139254742,0.5226664656628133,,
HFCL,2026-07-22,False,False,3.1853383267630653,0.2647623171721847,,
HFCL,2026-08-17,False,False,4.157579764561037,0.6731376522656429,,
HFCL,2026-08-18,False,False,2.9746021375573584,0.5531719370616139,,
HFCL,2026-08-20,False,False,3.8631437774736987,-0.3602369224746549,,
HFCL,2026-08-21,False,False,4.373946411699969,-0.2254585343212101,,
HFCL,2026-08-24,False,True,2.10740193776231,0.733531827063949,4.3587534763432245,
HFCL,2026-08-25,True,True,1.031727838298191,-1.6884129392059077,2.1748916240923233,
HFCL,2026-08-26,False,False,2.6771111076226983,-0.13364822960066913,,
HFCL,2026-08-27,False,False,3.116966305441604,-0.6882143468130986,,
HFCL,2026-08-28,True,True,0.4147823874198098,-0.5142003040846777,-13.25702372974683,
HFCL,2026-08-31,True,True,1.1622592208413884,-0.5259691385201881,-15.861694447092011,
HFCL,2026-09-01,False,False,4.616182434226013,-0.7965225331701409,,
HFCL,2026-09-07,False,False,6.161688037406732,0.0,,
HFCL,2026-09-08,False,False,1.568311916561571,0.0,,
HFCL,2026-09-09,False,False,3.6078362522354857,1.6409520542779,,
HINDALCO,2026-08-13,False,False,3.174305348217432,0.13228369125131145,,
HINDALCO,2026-08-14,False,False,6.547432562156286,-0.07303179664638337,,
HINDALCO,2026-08-17,False,False,5.336194694386731,-0.30733301209565633,,
HINDALCO,2026-08-18,False,False,4.700722953589431,0.11024535178518757,,
HINDALCO,2026-08-19,False,False,6.340182148575324,0.14609915957315422,,
HINDALCO,2026-08-24,False,False,4.3559724101870145,-0.30922930542340854,,
HINDALCO,2026-08-25,False,False,4.261442913763891,-0.21884384663415357,,
HINDALCO,2026-08-26,False,False,4.640604400489212,0.028723801946939354,,
HINDCOPPER,2026-08-17,False,False,4.750621279598444,-0.11861759380702441,,
HINDCOPPER,2026-08-18,False,False,2.405975192379173,-0.044290901690746676,,
HINDCOPPER,2026-08-19,False,False,2.3185629407727726,0.5681335476309446,,
HINDCOPPER,2026-08-20,False,False,2.6811054537605905,-1.4061114048853685,,
HINDCOPPER,2026-08-21,False,True,1.3257888580535448,0.5891102509648638,-11.229358822402835,
HINDCOPPER,2026-08-24,True,True,1.117309050363935,-0.39637876656074544,-15.79505634278895,
HINDCOPPER,2026-08-26,False,False,9.637217954243527,0.8342615238466244,,
HINDPETRO,2026-07-07,False,False,4.157927205428735,0.13590011771171806,,
HINDZINC,2026-08-13,False,False,4.013277184655828,0.3242534925035345,,
HINDZINC,2026-09-01,False,False,4.699575445245219,-0.13991367669753396,,
HONASA,2026-06-10,False,False,3.2707361223619724,0.6940231695788279,,
HONASA,2026-06-11,True,True,1.7694203180300905,0.1193032671721106,4.549040774031532,
HONASA,2026-06-12,False,False,4.073179503491331,-0.12976720599895408,,
HONASA,2026-06-15,False,False,6.66870608572232,-0.15713620357190594,,
HONASA,2026-06-16,False,False,6.9665532609719305,-0.23013123002549873,,
HONASA,2026-06-17,False,False,9.560246069884704,0.2743157365375559,,
HONASA,2026-06-18,False,False,9.36985339742935,0.3362748897467238,,
HONASA,2026-06-19,False,False,8.896741917462014,0.11135404173634456,,
HONASA,2026-06-30,False,False,0.8706815342220064,-0.24529068426201173,,
HONASA,2026-07-01,False,False,1.9590709997253875,-0.021828245083044262,,
HONASA,2026-07-02,False,False,1.8338354595905493,-0.298792857316843,,
HONASA,2026-07-03,False,False,2.6800709406910483,-0.45122607027424655,,
HONASA,2026-07-06,False,True,1.1302640957769228,0.02126432194586858,-4.827821563544488,
HONASA,2026-07-07,False,False,2.9385843749741625,0.08597129261920244,,
HONASA,2026-07-08,False,False,2.4655324881906804,-0.2983471276471805,,
HONASA,2026-07-09,False,False,3.22674554273481,-0.6843481961638087,,
HONASA,2026-08-18,False,False,7.085165567982821,0.4619448203740273,,
HONASA,2026-08-20,False,False,7.965230410132329,-0.336029848582442,,
HONASA,2026-08-21,False,False,4.989546666379807,-0.04096931627000089,,
HONASA,2026-08-24,False,False,6.175318763400228,0.3326698295723629,,
HONASA,2026-08-25,False,False,5.172738202025662,0.010262326491972118,,
HONASA,2026-08-27,False,False,5.7261620468263885,-0.1030715303461216,,
HSCL,2026-06-10,False,True,4.279766206412394,-0.31858390111662027,-5.536782503804383,
HSCL,2026-06-11,False,False,3.945506179541858,1.333333333333342,,
HSCL,2026-06-12,False,False,5.020275076523828,-0.6603081438004366,,
HSCL,2026-06-15,False,False,5.95935354218573,-0.8862629246676468,,
HSCL,2026-06-16,False,False,4.090077589396768,2.5831663043759168,,
HSCL,2026-06-17,False,True,1.403014691787896,2.283008667259301,-8.570796933929048,
HSCL,2026-06-18,True,True,0.1836306400839316,2.7234855618694986,-7.766429298136501,
HSCL,2026-06-19,False,False,3.9979859321370936,0.41244219767546664,,
HSCL,2026-06-24,False,False,11.390863475998358,0.6995181230204262,,
HSCL,2026-06-25,False,False,8.127673094831444,1.8854924558683317,,
HSCL,2026-06-29,False,False,8.673192771084315,-1.6223441749746215,,
HSCL,2026-06-30,False,False,6.910139558403694,0.7463243389649987,,
HSCL,2026-07-03,False,False,7.219910846953925,0.8239700374531811,,
HSCL,2026-07-21,False,True,1.944593659850291,-0.35966445638647704,-4.461928339955145,
HSCL,2026-07-22,False,False,2.7185722797316236,0.11236900380477977,,
HSCL,2026-07-23,False,False,7.800719895287944,-0.6953890629375681,,
HSCL,2026-07-24,False,False,6.614563106796112,-0.5663565807429327,,
HSCL,2026-07-27,False,False,5.0775086535907565,-0.30526893625009155,,
HSCL,2026-07-28,False,False,5.65037687085812,-0.573942997265664,,
HSCL,2026-07-29,False,False,7.807773655327099,0.6787064439789603,,
HSCL,2026-07-30,False,False,8.012786885245893,0.039358145915024956,,
HSCL,2026-07-31,False,False,5.440727914782384,0.7286044606312769,,
HSCL,2026-08-03,False,False,9.542797997452567,1.601348052153706,,
HSCL,2026-08-04,False,False,9.382759366174698,0.006639366628746757,,
HSCL,2026-08-05,False,False,7.876146788990823,0.04588940860605906,,
HSCL,2026-08-06,False,False,5.859646182318912,0.2860325030365374,,
HSCL,2026-08-07,False,False,3.417577144690487,2.09725115262156,,
HSCL,2026-08-10,False,False,5.768438874519655,-0.18521709653043228,,
HSCL,2026-08-11,False,False,5.04503157909455,-1.7145445405402415,,
HSCL,2026-08-12,False,False,3.165224096458119,0.21050344329511805,,
HSCL,2026-08-13,False,False,1.0037949275234936,0.9602938811976713,,
HSCL,2026-08-14,False,True,0.18068881261270597,0.12725075155144427,-16.982938335258236,
HYUNDAI,2026-06-12,False,False,1.8515154430670977,-0.14135948904997475,,
HYUNDAI,2026-06-15,True,True,-1.293492297795884,0.4940467427803519,-1.359159174858282,1.6042995623777312
HYUNDAI,2026-06-16,False,False,2.6079759062602514,-0.019831660250069216,,
HYUNDAI,2026-06-17,False,False,5.141762393647431,-0.16739620509570452,,
HYUNDAI,2026-06-18,False,False,4.785038932318697,-0.2726948023887399,,
HYUNDAI,2026-06-19,False,False,5.307633587786231,-0.14229336104512047,,
HYUNDAI,2026-06-22,False,False,4.5098484848484555,0.12136045932906736,,
HYUNDAI,2026-07-28,False,False,4.703770296675991,-0.2566671155479372,,
HYUNDAI,2026-07-31,True,True,-4.724829589828872,-0.09711652775160617,7.811367808027181,7.485817562763608
HYUNDAI,2026-08-03,True,True,-0.8737647102190715,0.3721494259252722,-0.5425769702213534,-0.497512437810943
HYUNDAI,2026-08-04,False,False,2.2098686943226697,0.1359311282283615,,
HYUNDAI,2026-08-05,False,False,1.9101330090020907,0.2124943967862336,,
HYUNDAI,2026-08-06,False,False,3.251732347232994,-0.5229174361281674,,
HYUNDAI,2026-08-07,False,False,2.6045013919841598,0.2458859844099548,,
HYUNDAI,2026-08-10,False,False,1.6624599407838891,0.26171221659319066,,
HYUNDAI,2026-08-11,False,False,1.5418057423227216,-0.07175325812780464,,
HYUNDAI,2026-08-12,False,False,2.7405376104502333,-0.036313037665935965,,
HYUNDAI,2026-08-13,False,True,0.7505943447727814,0.5056745812976438,-4.894802028056466,-1.6686498663687876
HYUNDAI,2026-08-14,False,False,2.340770347311616,0.044802867383508804,,
HYUNDAI,2026-08-17,False,False,3.5698799843856044,0.3091352902245825,,
HYUNDAI,2026-08-18,False,False,3.757975112620593,-0.6540369869192597,,
HYUNDAI,2026-08-19,False,False,5.5502886138753205,-0.13375933319880184,,
HYUNDAI,2026-08-20,False,False,4.359729240047927,-0.2914079995464447,,
HYUNDAI,2026-08-21,False,False,2.52442359154188,0.32405936689363646,,
HYUNDAI,2026-08-24,False,False,2.6303252332120053,0.3560439052596287,,
HYUNDAI,2026-08-25,False,False,3.457354470009566,-0.20782008837813004,,
HYUNDAI,2026-08-26,False,False,1.743880615119986,0.10697270297310713,,
HYUNDAI,2026-08-27,False,False,0.9918911162261956,-0.22877106546526083,,
ICICIBANK,2026-06-19,False,False,2.1110573208059202,-0.24544803481777455,,
ICICIBANK,2026-06-22,False,False,0.9072723400282534,0.19193678080593468,,
ICICIBANK,2026-06-24,False,True,1.4634245435595439,0.34778386021658836,3.703238962504485,0.43276053131307
ICICIBANK,2026-06-25,True,True,-0.2458425599953351,0.108193881533869,1.1204159812898018,0.39812729570916083
ICICIBANK,2026-06-29,False,False,1.1411386060254047,-0.3001552987656142,,
ICICIBANK,2026-06-30,False,False,1.49762980573942,-0.05751609116643186,,
ICICIBANK,2026-07-01,False,False,2.9866451458451015,0.029205258693365543,,
ICICIBANK,2026-07-02,False,False,1.7317952415284665,0.43446777697320194,,
ICICIBANK,2026-07-03,True,True,-0.125551617401376,0.3905417744305639,2.28572786091783,-0.0017705068961149095
ICICIBANK,2026-07-06,True,True,0.04206098843322348,-0.09105258325156074,1.2052448201334887,0.31532307378163704
ICICIBANK,2026-07-07,False,False,1.0434686982970343,-0.04913317309211962,,
ICICIBANK,2026-07-08,False,False,2.0886829125958295,-0.1910339037461739,,
ICICIBANK,2026-07-09,False,False,3.148907775796972,0.16499940580596562,,
ICICIBANK,2026-07-10,False,False,2.7955032119914236,0.04284315734630617,,
ICICIBANK,2026-07-13,False,False,3.5121792177778666,0.1872325014525833,,
ICICIBANK,2026-07-14,False,False,2.9351029326452727,0.11448841402057486,,
ICICIBANK,2026-07-15,False,False,1.0429348672299943,0.09832322424734308,,
ICICIBANK,2026-07-16,False,False,1.6850208535699185,-0.12692523720472249,,
ICICIBANK,2026-07-17,False,True,0.7672158692094699,0.06300513288424181,-1.3307502959730155,0.30100717626107
ICICIBANK,2026-07-20,True,True,0.43098001395160956,-0.45803069582579514,-2.0908054838681966,0.5213794038575692
ICICIBANK,2026-07-21,False,False,1.245662291074745,-0.12916549381798426,,
ICICIBANK,2026-07-22,False,False,2.36751548520302,-0.006880158806499281,,
ICICIBANK,2026-08-05,False,False,1.6296841147553476,-0.19958874150464156,,
ICICIBANK,2026-08-06,False,False,1.1861267984031532,0.027593600575004373,,
ICICIPRULI,2026-08-05,False,False,3.0549139681664395,0.167143078147447,,
IDBI,2026-06-22,False,False,10.239300454361743,0.5379521100223439,,
IDBI,2026-06-23,False,False,6.466752469609016,-0.27484867683039704,,
IDBI,2026-06-24,False,False,7.99213936846741,-0.2324283213754441,,
IDBI,2026-06-25,False,False,6.6136740755259105,-0.5375743098050778,,
IDBI,2026-06-29,False,False,9.458386470371739,-0.8080600144492966,,
IDBI,2026-06-30,False,False,8.561180730079432,-0.5473404048794372,,
IDBI,2026-07-02,False,False,12.363649981400403,-0.2779740554474608,,
IDBI,2026-07-03,False,False,7.610174510134415,-0.27319556985838656,,
IDBI,2026-07-06,False,False,7.601199441327289,-0.45302487584724105,,
IDBI,2026-07-07,False,False,6.542155321550047,0.2734879442410021,,
IDBI,2026-07-13,False,False,4.860170894064386,0.7465323231850007,,
IDBI,2026-07-14,False,True,0.3953563343743527,1.6343319691623615,-2.5716760196363264,
IDBI,2026-07-15,True,True,0.8304432315071386,0.7194213264970495,-5.186462612480502,
IDBI,2026-09-03,False,False,3.8557554583264153,0.32313987892238494,,
IDBI,2026-09-04,False,False,6.030084885060227,-0.3821778413662269,,
IDBI,2026-09-07,False,False,7.252741303387156,-0.30949350670818054,,
IDEA,2026-06-10,False,False,10.023328530046282,0.0,,
IDEA,2026-06-11,False,False,9.629831915919462,0.6479423807706386,,
IDEA,2026-06-12,False,False,5.0462634661557315,0.4129416429413002,,
IDEA,2026-06-15,False,False,1.9710596958889104,-0.46358044192130743,,
IDEA,2026-06-16,False,False,3.8161599819771297,-0.5358333695299256,,
IDEA,2026-06-17,False,False,6.175617543508416,-0.2747250048093064,,
IDEA,2026-06-18,False,False,3.1907669769512648,-0.20040538483879766,,
IDEA,2026-06-19,False,False,2.3006003022394195,0.0,,
IDEA,2026-06-22,False,False,3.121741471839057,-0.06684644957444252,,
IDEA,2026-08-24,False,False,2.1416938895078674,0.21352122821305386,,
IDEA,2026-08-25,False,True,1.278525456959434,0.42432435986974326,-0.8451814252892764,6.1081717993400675
IDEA,2026-08-26,False,False,0.5656877771304192,-0.0653182796064633,,
IDEA,2026-08-27,False,False,2.568721478030489,-0.26490040293055683,,
IDEA,2026-08-28,False,False,3.6006039105892063,0.6072884915059751,,
IDEA,2026-08-31,False,False,5.152146536574831,-0.06802876878633235,,
IDEA,2026-09-02,False,False,10.020298625044788,-0.07117600531016954,,
IDEA,2026-09-03,False,False,5.439251107206133,0.20519653355690615,,
IDEA,2026-09-04,False,False,5.295499690884697,0.6172850004035446,,
IDEA,2026-09-07,False,True,0.5654311865291861,1.119157873536003,-9.88453840143102,0.861988299948413
IDEA,2026-09-08,False,False,1.3401936553734783,0.9740297137676546,,
IDEA,2026-09-09,False,False,3.266055506844112,0.1969841598636224,,
IDEA,2026-09-10,False,False,2.2483859124118766,-0.5765483721524411,,
IDEA,2026-09-11,False,False,5.863577077817128,0.7392449988659067,,
IDFCFIRSTB,2026-06-10,False,False,1.2885577037998752,0.3121125253346735,,
IDFCFIRSTB,2026-06-11,False,False,2.0756667451275357,0.4794499645494499,,
IDFCFIRSTB,2026-06-12,False,False,1.6046919791242953,0.14949797175070056,,
IDFCFIRSTB,2026-06-15,True,True,0.30558223919479044,-0.5387354718799142,3.7453938188421576,1.045357214066911
IDFCFIRSTB,2026-06-16,False,False,1.4233042412987285,-0.11470346538461351,,
IDFCFIRSTB,2026-06-17,False,False,2.9204232352839643,-0.1680419498349517,,
IDFCFIRSTB,2026-06-18,False,False,2.3242095871670365,0.36175552167561076,,
IDFCFIRSTB,2026-06-19,False,False,1.643797214197673,-0.01278882028838968,,
IDFCFIRSTB,2026-06-22,False,True,1.01085761023596,-0.25351368968121735,-0.2710555032268691,1.2638182091229133
IDFCFIRSTB,2026-06-23,False,False,2.3725119797806116,-0.16229370273954657,,
IDFCFIRSTB,2026-06-24,False,False,3.577047231299102,0.08864086835782548,,
IDFCFIRSTB,2026-06-25,False,False,2.9777346916918246,-0.2008582158595673,,
IDFCFIRSTB,2026-06-29,False,False,3.721397140963423,0.012673766424908806,,
IDFCFIRSTB,2026-06-30,False,False,4.55593344712788,-0.3816735727572018,,
IDFCFIRSTB,2026-07-01,False,False,3.6557300585477126,-0.025312206413174998,,
IDFCFIRSTB,2026-07-02,False,False,3.90569631756561,-0.012693065790747582,,
IDFCFIRSTB,2026-07-03,False,False,2.7967098283731007,0.15090889291742293,,
IDFCFIRSTB,2026-07-06,False,False,2.180849068165469,-0.5708601067509256,,
IDFCFIRSTB,2026-07-07,False,False,0.8206161311798965,0.12284824600317101,,
IDFCFIRSTB,2026-07-09,False,False,4.566548486605293,0.21677910343618212,,
IDFCFIRSTB,2026-07-10,False,False,2.3015619981129998,0.0,,
IDFCFIRSTB,2026-07-13,False,False,2.556906830264949,0.1750211193740414,,
IDFCFIRSTB,2026-07-27,True,True,-5.045700797334063,-0.5792845648875056,2.3299538465285208,2.017126031763228
IDFCFIRSTB,2026-07-28,False,False,4.466334213050138,0.31719529411933234,,
IDFCFIRSTB,2026-07-29,False,False,4.295338968839091,-0.14010828306380008,,
IDFCFIRSTB,2026-07-30,False,False,6.081348592848879,-0.4027051593701314,,
IDFCFIRSTB,2026-07-31,False,False,4.625615660177496,0.12918450778669488,,
IDFCFIRSTB,2026-08-03,False,False,4.515294366360223,0.12904811486196266,,
IDFCFIRSTB,2026-08-04,False,False,4.687012211418651,-0.011736841219422978,,
IDFCFIRSTB,2026-08-05,False,False,3.967131671429547,-0.2557470354497271,,
IDFCFIRSTB,2026-08-06,False,False,4.9827007948505475,-0.15275823237235198,,
IDFCFIRSTB,2026-08-10,False,False,5.267647386914298,0.04722658437850136,,
IDFCFIRSTB,2026-08-11,False,False,3.0403960472059843,-0.09439957950997391,,
IDFCFIRSTB,2026-08-12,False,False,2.9274223802139288,0.2135741668045643,,
IDFCFIRSTB,2026-08-13,False,False,1.8064183409966628,-0.14033767230042793,,
IDFCFIRSTB,2026-08-14,False,False,1.0128084991964936,-0.05794555293303638,,
IDFCFIRSTB,2026-08-19,False,False,2.2699894709515833,0.02348401962193325,,
IDFCFIRSTB,2026-08-20,False,False,1.459929770466739,0.11661629635113524,,
IDFCFIRSTB,2026-08-21,False,False,1.5900983554801407,-0.18626735653918258,,
IEX,2026-08-04,False,False,5.363156646423306,0.7208827141131025,,
IFCI,2026-06-10,False,False,11.29025103087955,-0.5805547382123133,,
IFCI,2026-06-12,False,True,12.424194356763941,0.4443767737237314,-8.17723731888912,
IFCI,2026-06-15,True,True,-2.2284028587103544,1.4470741375196328,-9.404143668721531,
IFCI,2026-06-16,False,False,4.387373690775509,-2.311626754228624,,
IFCI,2026-06-17,False,True,1.7342892756185835,0.5562973022687379,-16.626284413467275,
IFCI,2026-06-18,False,False,4.040417240650651,0.24916408083273112,,
IFCI,2026-06-19,False,False,11.952329147693685,1.403139341660875,,
IFCI,2026-06-22,False,False,14.549672303674011,-2.4941925436207546,,
IFCI,2026-06-23,False,False,15.001196444330356,-1.040185897505841,,
IFCI,2026-08-21,False,False,3.020766203778291,0.40341587939960455,,
IFCI,2026-08-24,False,False,3.196676006991228,0.6012243727233413,,
IFCI,2026-08-25,False,True,1.7692483458785935,0.4834439644747279,16.20244997091451,
IFCI,2026-08-26,False,True,1.959296924296905,-0.05947787788667114,14.771055747607997,
IFCI,2026-08-27,True,True,0.6617048421357019,0.1611596468539922,12.255701382215411,
IFCI,2026-08-28,False,True,3.5888713908046377,2.0512835444284283,10.919329764712149,
IFCI,2026-08-31,False,False,2.92705260681978,-0.9219668111710266,,
IFCI,2026-09-01,False,False,4.290325235390258,0.04491104409010127,,
IFCI,2026-09-02,False,True,4.115025949260764,-0.5682475055492686,-8.354383478319416,
IFCI,2026-09-03,True,True,-0.20217045950901014,-0.7725054668385578,-23.480393010283972,
IFCI,2026-09-04,False,True,3.2107343016861023,1.0205123194208632,-25.113758983850822,
IFCI,2026-09-07,False,False,5.0233276129562965,0.2827070679965349,,
IFCI,2026-09-08,False,False,8.875840315539985,-1.4108277669327318,,
IIFL,2026-06-10,False,False,7.375318304165002,-0.14958117453723885,,
IIFL,2026-06-12,False,False,4.780145663517765,-0.28182938912172384,,
IIFL,2026-06-15,False,False,2.639527357734184,-0.32353452612756683,,
IIFL,2026-06-16,False,True,0.8393451801000928,0.10327439781718795,-3.678473558661899,
IIFL,2026-06-17,False,False,3.142994051359249,0.1321401051498361,,
IIFL,2026-06-18,False,False,3.4061708149272008,-0.3014954935538161,,
IIFL,2026-06-19,False,False,3.376858674753458,-0.009444132650970882,,
IIFL,2026-06-22,False,False,2.794180279217051,-0.4209541627689384,,
IIFL,2026-06-23,False,False,2.534117235546507,-0.4570492048919683,,
IIFL,2026-06-24,False,False,6.248703150553148,-0.10636155895926702,,
IIFL,2026-07-13,False,False,1.7007558238077314,0.15411778440883594,,
IIFL,2026-07-16,False,True,1.9355889542311822,-0.261499045451985,1.4270789469760459,
IIFL,2026-07-21,False,True,3.4627710157824954,-0.07163760683611686,7.262449496961465,
IIFL,2026-07-22,True,True,-0.08801640670444977,0.6233723958333437,7.77857067056158,
IIFL,2026-07-23,False,False,3.6935634803156203,0.9392145857910705,,
IIFL,2026-07-24,False,False,5.28315726703501,-0.41714310602273263,,
IIFL,2026-07-27,False,False,4.288609116121234,0.8098946051678269,,
IIFL,2026-07-28,False,True,1.658952197601793,-0.19754777391274292,5.36901381457473,
IIFL,2026-07-29,False,True,1.680344601894923,0.08517887563883608,5.604204695692072,
IIFL,2026-07-30,True,True,-0.2288650811208326,-0.6631171171459282,5.1855160708594195,
IIFL,2026-07-31,False,True,1.293008260027917,-0.18674300125073318,9.187715625740346,
IIFL,2026-08-03,False,False,2.181150550795574,0.48376718040092914,,
IIFL,2026-08-04,False,False,1.7411399351404677,0.2688430817209708,,
IIFL,2026-08-05,False,False,1.691568553918854,0.7609892000583818,,
IIFL,2026-08-06,False,False,2.658628453329759,0.0,,
IIFL,2026-08-07,False,False,3.259672665932367,0.20657743355378955,,
IIFL,2026-08-10,False,False,1.2639515383021438,-0.1775971226566142,,
IIFL,2026-08-11,False,False,0.37193568850484304,-0.3333920526590317,,
IIFL,2026-08-12,False,False,2.219192293091643,0.48649961586404444,,
IIFL,2026-08-13,False,True,0.3010688836104336,0.7578779417630743,7.325330948268394,
IIFL,2026-08-14,False,True,1.0703983720365517,0.20536931958432536,6.038230508421627,
IIFL,2026-08-17,False,False,2.4723163904275314,0.2628795211864432,,
IIFL,2026-08-18,False,False,0.9641869753253207,0.007827102647439688,,
IIFL,2026-08-19,False,False,3.425545234343663,0.25727215358206657,,
IIFL,2026-08-20,False,True,0.2422332928234905,0.10113799956654734,-2.614260404467861,
IIFL,2026-08-21,True,True,-0.32823724320990566,0.09164829505268202,-3.843095273316277,
IIFL,2026-08-24,True,True,-0.19721764735460834,0.021687663760383558,-15.855157564113775,
IIFL,2026-08-25,False,False,6.513076818688424,0.12040755020656935,,
IIFL,2026-08-26,False,False,6.3132998758049785,-0.3960489426988345,,
IIFL,2026-08-28,False,False,10.439562540938653,0.43049468574680727,,
IIFL,2026-09-03,False,False,8.920061491160647,0.07692307692308553,,
IIFL,2026-09-04,False,False,9.627883859246488,0.5288479156623005,,
INDHOTEL,2026-06-15,True,True,-0.9094573735213829,-0.25956994178137904,3.6608875105146987,1.0126397706709644
INDHOTEL,2026-06-16,False,False,1.1512816591295438,-0.208371232700566,,
INDHOTEL,2026-06-17,False,False,1.4361343279359007,-0.05051610740531842,,
INDHOTEL,2026-06-18,False,True,0.571775463151436,-0.007148300561277132,6.8451652682406605,0.8659296943245298
INDHOTEL,2026-06-19,False,True,0.5706452985552835,-0.182428829288106,5.163980699838233,1.7670865236690592
INDHOTEL,2026-06-22,False,True,0.1222579228076448,0.2672347779100859,2.6968276459844898,-0.347354249592402
INDHOTEL,2026-06-23,False,False,1.946538725154201,-0.19154800482936718,,
INDHOTEL,2026-06-24,False,False,2.6713639906469133,0.10364842804102548,,
INDHOTEL,2026-06-25,False,False,2.494490769441704,0.2071537150358571,,
INDHOTEL,2026-06-29,False,False,3.8324607329842886,0.02793271565406652,,
INDHOTEL,2026-06-30,False,False,5.736834551028203,-0.163239803273596,,
INDHOTEL,2026-07-01,False,False,4.108633781360238,0.0980804523126988,,
INDHOTEL,2026-07-02,False,False,2.6855367621677395,-0.02071016137580317,,
INDHOTEL,2026-07-03,False,False,2.7351809529173376,0.5626240140979899,,
INDHOTEL,2026-07-06,False,True,1.335328418031012,-0.02042958673116324,1.1563786194660253,-0.3630496167809527
INDHOTEL,2026-07-07,True,True,0.6823188092932586,-0.20116676066345152,0.4100874291145029,-1.0714352840717534
INDHOTEL,2026-07-08,False,False,2.362875486790683,-0.03381348593429756,,
INDHOTEL,2026-07-09,False,False,4.009343186558634,0.04814478054753213,,
INDHOTEL,2026-07-10,False,False,2.5362895934413876,0.2513553785241207,,
INDHOTEL,2026-07-13,False,False,1.9193006052454331,0.23592854735423607,,
INDHOTEL,2026-07-14,False,False,3.5983303511818,0.21235617771255821,,
INDHOTEL,2026-07-15,False,False,2.790285872539,0.14263231109779007,,
INDIANB,2026-08-12,False,False,2.4483086780240138,0.7459342911101174,,
INDIANB,2026-08-13,False,False,2.0675685874782967,-0.1518020470558934,,
INDIANB,2026-08-14,False,False,1.989559019956011,-0.2520020229068609,,
INDIANB,2026-08-19,False,False,3.8494211831099134,-0.15410680204765992,,
INDIANB,2026-08-21,False,False,3.819746529353707,-0.4041194995318742,,
INDIANB,2026-08-25,False,False,3.73082423422888,-0.04565531470571704,,
INDIANB,2026-08-26,False,False,1.2901017822061212,0.3300528359052146,,
INDIANB,2026-08-27,False,False,2.021873247335937,-0.25174825174825166,,
INDIANB,2026-08-28,False,False,3.419749545229256,-0.06817517121295857,,
INDIANB,2026-08-31,False,False,3.2377979568671833,0.5076735233589869,,
INDIGO,2026-06-12,True,True,0.48915717222102195,-0.17232466328377383,7.617030630694477,3.498564957602235
INDIGO,2026-06-15,True,True,-2.9030199734443762,0.2788619572739348,5.542126503724787,3.293058516939129
INDIGO,2026-06-16,False,False,1.7081940413044894,0.1066037995560265,,
INDIGO,2026-06-17,False,False,1.8730148205166275,-0.16179042065509464,,
INDIGO,2026-06-18,False,False,1.5023872657867754,-0.21007148047114121,,
INDIGO,2026-06-19,False,False,1.1830135961280464,-0.038074195265536126,,
INDIGO,2026-06-22,False,False,1.6344339701284127,-0.3283229897450335,,
INDIGO,2026-06-23,False,False,1.279005715960313,-0.10152276369748137,,
INDIGO,2026-06-24,False,True,1.8615395567715742,0.20482984238132662,3.5967806334439967,3.5869433168896903
INDIGO,2026-06-25,True,True,-1.7082748948106685,0.5641748942172065,-0.14554379155845565,2.753914982330219
INDIGO,2026-06-29,False,False,2.0442235990922653,0.0037197196674165767,,
INDIGO,2026-06-30,False,False,2.740973140832925,-0.0448739234480966,,
INDIGO,2026-07-01,False,False,2.419103064903849,0.4683840749414525,,
INDIGO,2026-07-02,False,False,0.8302625638969774,0.11947431302270495,,
INDIGO,2026-07-03,False,False,0.9971386880373023,-0.08268259072117257,,
INDIGO,2026-07-06,False,False,1.8294634597594728,0.04627487274408981,,
INDIGO,2026-07-07,False,False,2.6747971271336546,0.11205528060509451,,
INDIGO,2026-07-09,False,False,6.778203511494807,-0.07754192110109859,,
INDIGO,2026-07-10,False,False,3.7098643301300083,0.26450028339315423,,
INDIGO,2026-07-13,False,False,5.742219020172912,0.735436423456548,,
INDIGO,2026-07-16,False,False,5.894805194805186,0.08665511265164572,,
INDIGO,2026-07-21,False,False,3.570886316189026,0.4575786463298481,,
INDUSINDBK,2026-07-03,False,True,1.15445923718982,0.037078187132011386,11.320726840656103,1.3291349188647938
INDUSINDBK,2026-07-06,True,True,0.5154126793899927,-0.26507372693611586,8.151996012939989,2.685670890431213
INDUSINDBK,2026-07-07,True,True,0.025711547760609577,0.2562814771747357,0.9670567992380974,-0.14365231390164324
INDUSINDBK,2026-07-08,False,False,2.7773399014778155,-0.22608746884570374,,
INDUSINDBK,2026-07-09,False,False,3.7380693443393787,-0.2182984951060618,,
INDUSINDBK,2026-07-10,False,False,2.1833651731696824,0.22580491687147486,,
INDUSINDBK,2026-07-13,False,False,3.3936257870764264,-0.17808437229470675,,
INDUSINDBK,2026-07-14,False,False,4.251234152604666,-0.3336629069658925,,
INDUSINDBK,2026-07-15,False,False,3.5887009230033184,-0.029779897775283892,,
INDUSINDBK,2026-07-16,False,False,2.9396067562917017,-0.18713320218159968,,
INDUSINDBK,2026-07-17,False,False,2.767217524347587,-0.13281879137000407,,
INDUSINDBK,2026-07-20,False,False,1.4776264591439547,-0.3199892050693598,,
INDUSINDBK,2026-07-21,True,True,-0.14931801866476802,-0.09084357045349156,-3.2870307025505863,1.4196838543314438
INDUSINDBK,2026-07-22,False,False,1.300898175501497,0.014150577341243142,,
INFY,2026-08-07,False,False,1.6641236477367372,0.4878424386145941,,
INFY,2026-08-10,False,True,1.456731910559661,-0.16970725498515193,-5.0131094598285575,-0.47237510850558495
INFY,2026-08-11,False,False,0.9392293421807807,-0.008402015621999936,,
INFY,2026-08-12,False,False,1.2711843558132818,0.10129765270947555,,
INFY,2026-08-13,False,False,3.1233921669765907,0.008585280028983178,,
INFY,2026-08-14,False,False,2.9113110539845666,0.12870012870012104,,
IPCALAB,2026-08-24,False,False,2.5132650079298546,-0.3188696072105368,,
IPCALAB,2026-08-25,False,True,1.5230057368925909,0.4381630859650487,-0.21104310045954033,
IPCALAB,2026-08-26,False,True,0.6387315759427414,0.33858182017207916,0.09688478815104151,
IPCALAB,2026-08-27,False,False,2.4230034280986246,0.08704752678698746,,
IPCALAB,2026-08-28,False,False,2.1564550635853053,-0.10704952614841723,,
IPCALAB,2026-08-31,False,False,2.5436638800313105,0.0,,
IPCALAB,2026-09-01,False,False,0.7985511610201446,0.20686052401299726,,
IPCALAB,2026-09-02,False,False,1.4102566113953996,-0.4834067912743989,,
IPCALAB,2026-09-03,False,False,3.371574837494151,-0.6230504736217224,,
IPCALAB,2026-09-04,False,False,3.080223164596174,-0.20966379882063624,,
IPCALAB,2026-09-07,False,False,2.8588425604429313,0.1844249787877894,,
IPCALAB,2026-09-08,False,False,1.5605132179666192,0.41064515011091096,,
IPCALAB,2026-09-09,False,False,1.838170804256234,-0.0556645058477967,,
IPCALAB,2026-09-10,False,False,2.1744069634706653,-0.11162784590463826,,
IPCALAB,2026-09-11,False,False,2.257512326023714,-0.07619628256642086,,
J&KBANK,2026-07-17,False,False,14.056784118224929,0.1239094434929422,,
J&KBANK,2026-07-20,False,False,9.109803585072275,0.07000801558911807,,
J&KBANK,2026-07-21,False,False,8.781989733329354,1.2328939456120125,,
J&KBANK,2026-07-22,False,False,9.286234751285761,-0.3544785721333654,,
J&KBANK,2026-07-27,False,False,9.549222589210494,0.23901557365562098,,
J&KBANK,2026-07-28,False,False,9.611456123135408,0.03409339700555236,,
JBMA,2026-06-12,False,False,6.361262954914149,0.592592592592589,,
JBMA,2026-06-15,False,False,3.837954775538055,0.5929961586871535,,
JBMA,2026-06-16,False,False,6.165817782266392,-0.3150680447159382,,
JBMA,2026-06-17,False,False,5.06152892261853,0.7917924360795414,,
JBMA,2026-06-18,False,False,4.265206093769525,-0.3452936365810122,,
JBMA,2026-06-19,True,True,0.16329820925475858,1.6676128877564755,-2.9225361554938267,
JBMA,2026-06-22,False,False,0.7662539638024768,0.704605719918372,,
JBMA,2026-06-23,False,False,2.967884651681696,-0.0970217889163183,,
JBMA,2026-06-24,False,False,3.67989457462794,-0.21606478608514612,,
JBMA,2026-06-30,False,False,8.436333810087326,-1.3689746859123608,,
JBMA,2026-07-01,False,False,5.748026760331859,-0.3761567656582643,,
JBMA,2026-07-02,False,False,4.9777227722772155,-0.16239841480116812,,
JINDALSAW,2026-09-11,False,False,4.755700325732892,-0.6150838245471357,,
JINDALSTEL,2026-08-10,False,False,2.2490125403305417,0.10831838950939865,,
JINDALSTEL,2026-08-12,False,False,3.3675067522575874,-0.36330608537693543,,
JINDALSTEL,2026-08-19,False,False,2.957907440317986,0.1001069837146984,,
JINDALSTEL,2026-08-20,False,True,1.2912722070885785,-0.15187361131936417,1.4898874469198686,-1.0716501822887303
JINDALSTEL,2026-08-21,False,False,2.009601360295754,-0.06218450984402102,,
JIOFIN,2026-08-10,False,False,4.9205989380737725,-0.07779548902488997,,
JIOFIN,2026-08-11,False,False,6.51689745798405,0.13850657211813555,,
JIOFIN,2026-08-12,False,False,7.173364718913078,0.0596753104603609,,
JIOFIN,2026-08-13,False,False,4.900174922307543,-0.13601850079336675,,
JSWCEMENT,2026-06-15,False,True,2.2101418071504675,0.031084474579867738,3.4783267191637712,
JSWCEMENT,2026-06-17,False,True,1.2306108980547403,0.6702065584700545,2.254056205807342,
JSWCEMENT,2026-06-18,False,False,1.7052875881276242,-0.17538182751982712,,
JSWENERGY,2026-06-18,False,False,3.2000238530625946,-0.11217954963650412,,
JSWENERGY,2026-06-22,False,False,2.831307166901964,0.09601742400306978,,
JSWINFRA,2026-06-23,True,True,-0.35992131290486507,-0.252890246597659,11.699773580659944,
JSWINFRA,2026-06-24,True,True,-1.9482188198679307,2.3522031853325798,9.752749737275114,
JSWINFRA,2026-06-25,False,False,2.560473863513746,0.522700138532306,,
JSWINFRA,2026-06-29,False,False,7.4785205754428485,-0.24849146768549657,,
JSWINFRA,2026-06-30,False,False,6.205311467097352,-0.4289197066983941,,
JSWINFRA,2026-07-01,False,False,6.598911451707479,-0.06173216266396331,,
JSWINFRA,2026-07-02,False,False,4.501142907827305,0.13642009432368596,,
JSWINFRA,2026-07-03,False,False,5.1217468713093295,0.19835028143779798,,
JSWINFRA,2026-07-06,False,False,6.450967546049768,0.2783342753970075,,
JSWINFRA,2026-07-07,False,False,6.516671893408366,-0.1078933754934952,,
JSWINFRA,2026-07-08,False,False,7.56225267471029,-0.062289692690564724,,
JSWINFRA,2026-07-09,False,False,8.543164235240997,0.39463299131807794,,
JSWINFRA,2026-07-10,False,False,4.91520360428066,-0.2145960088398069,,
JSWINFRA,2026-07-13,True,True,-0.9040441176470626,0.16202320612477283,-3.6881216586715837,
JSWINFRA,2026-07-14,False,False,3.3764076442696744,0.4209556214448851,,
JSWINFRA,2026-07-15,False,False,4.28083817344147,0.18991786602904348,,
JSWINFRA,2026-07-16,False,False,6.787809829512592,0.08967817112357501,,
JSWINFRA,2026-07-17,False,False,6.201061707138944,-0.3108772147945915,,
JSWINFRA,2026-07-20,False,False,5.015855427880633,-0.0440316744963587,,
JSWINFRA,2026-07-21,False,False,2.487530520858705,0.1435132057288513,,
JSWSTEEL,2026-08-10,False,False,3.1819541350601055,-0.11522506865400128,,
JSWSTEEL,2026-08-26,False,False,1.6102857142856974,-0.030468764309832252,,
JSWSTEEL,2026-08-27,True,True,0.8157503570885183,-0.6465961480397575,-5.350208273625345,-0.927877304612279
JSWSTEEL,2026-08-28,False,False,1.1061862622587126,0.12675762780203215,,
JUBLFOOD,2026-08-07,False,False,4.739923773158017,0.2742879543171872,,
JUBLFOOD,2026-08-10,False,True,1.0405955341443285,0.11176341925365207,-0.3568846210530885,-0.5577779988332199
JUBLFOOD,2026-08-11,False,False,1.8603245882735875,0.010175632156483871,,
JUBLFOOD,2026-08-12,False,False,3.1196733682087974,0.2168276289042259,,
JUBLFOOD,2026-08-13,False,False,4.280010133947321,0.3554959527514834,,
JUBLFOOD,2026-08-14,True,True,-2.3728115753673285,0.7857188276371829,-4.825418524129221,-0.5862359055599509
JUBLFOOD,2026-08-17,False,False,3.9001859940215544,-0.16837868591351723,,
JUBLFOOD,2026-08-18,False,False,3.2547808514747034,-0.009856609202474331,,
JUBLFOOD,2026-08-19,False,False,4.334959376686132,-0.2781905407817975,,
JUBLFOOD,2026-08-20,False,False,4.825825825825802,-0.5475360876057711,,
JUBLFOOD,2026-08-21,False,False,3.07185039370077,-0.11797209915752616,,
JUBLFOOD,2026-08-24,False,False,2.7179990191270154,0.19656019656020263,,
JUBLFOOD,2026-08-25,False,False,2.5269213793825074,0.09800078166151138,,
JUBLFOOD,2026-08-26,True,True,0.9261781650135026,-0.7081363075657876,-8.289643489456477,-4.680053455655364
JUBLFOOD,2026-08-27,False,False,6.161539424593698,-0.41848856855767336,,
JUBLFOOD,2026-08-31,False,False,9.01956818944527,0.0411209312378924,,
JYOTICNC,2026-06-24,False,True,4.265951044454885,-0.34315541336925603,3.48491830688642,
JYOTICNC,2026-06-25,False,False,2.0346940030756544,0.3232062055591456,,
JYOTICNC,2026-06-29,False,False,3.885347906784964,-0.1439664424463749,,
JYOTICNC,2026-06-30,False,False,0.8895085690814097,-0.22188410966330618,,
JYOTICNC,2026-07-01,False,False,2.2447917214473367,0.2449353292518941,,
JYOTICNC,2026-07-02,False,False,1.7282591297093752,0.1849387449278428,,
JYOTICNC,2026-07-03,False,False,5.558186983337787,-1.0457516339869244,,
JYOTICNC,2026-07-06,False,False,3.6481565356383916,0.1493926256558753,,
JYOTICNC,2026-07-07,False,False,4.025964989507647,0.01953442891438062,,
JYOTICNC,2026-07-08,False,False,3.516557027687073,-0.18041551727610017,,
JYOTICNC,2026-07-09,False,False,5.0903309913325145,0.553507152688204,,
JYOTICNC,2026-07-10,False,True,3.4364309645704028,-0.18026827490562614,0.849397077856251,
JYOTICNC,2026-07-13,False,False,1.820126004552125,0.6070171094491039,,
JYOTICNC,2026-07-14,False,False,4.250965250965222,-0.19267822736031004,,
JYOTICNC,2026-07-15,False,True,2.8651594080636,-0.0821775491861576,5.572634367103602,
JYOTICNC,2026-07-16,True,True,1.2718894009216442,-0.15337423312883347,4.1499803170693905,
JYOTICNC,2026-07-17,False,False,4.5058484543017085,-0.319607428839741,,
JYOTICNC,2026-08-18,False,True,1.7327692140135298,-0.8945452931671927,12.475631308216716,
JYOTICNC,2026-08-19,False,False,3.1162580192672262,0.7469984281284203,,
JYOTICNC,2026-08-20,False,False,0.6779051711875983,0.0364557902018392,,
JYOTICNC,2026-08-21,True,True,0.6093737298180857,-0.20686802081634204,1.4753354311553668,
JYOTICNC,2026-08-24,True,True,-0.1442332110225597,0.24096630663277274,-3.5618267325638664,
JYOTICNC,2026-08-25,False,True,1.183673469387747,0.3844390455804758,-4.237569688391741,
JYOTICNC,2026-08-26,False,True,1.9372998868799618,-0.47611886771513623,-3.091038762729992,
JYOTICNC,2026-08-27,False,False,0.8756997276865075,-0.039337634424074785,,
JYOTICNC,2026-08-28,False,True,2.7111801469375862,-0.3767343387744537,0.38227422922629817,
JYOTICNC,2026-08-31,False,False,4.862601991116966,-1.1076650154653644,,
JYOTICNC,2026-09-01,False,False,4.701027607645769,-0.46504844342689644,,
JYOTICNC,2026-09-02,False,False,7.533818660810954,0.22512276357444794,,
JYOTICNC,2026-09-03,False,False,7.996923865675454,-0.3575989782886313,,
JYOTICNC,2026-09-04,False,False,2.0136616602603574,-0.14990801045696722,,
JYOTICNC,2026-09-07,False,False,4.612635356584915,-0.6757792587291922,,
JYOTICNC,2026-09-08,False,True,3.537970017203218,0.2216748768472998,-0.3361103668797938,
JYOTICNC,2026-09-09,False,False,2.6868836556776188,-0.6757010516872164,,
JYOTICNC,2026-09-10,False,False,5.863928824216491,-1.048379547655498,,
JYOTICNC,2026-09-11,False,False,8.326385902248546,-0.23865508194992335,,
KALYANKJIL,2026-06-30,False,True,2.5929204529392402,0.0,13.827248521755342,-0.17632945665474464
KALYANKJIL,2026-07-02,False,False,1.7416956838953501,-0.715560408974536,,
KALYANKJIL,2026-07-09,True,True,-0.29421570935566077,0.23890663186545424,28.488919200527498,13.505048327370828
KALYANKJIL,2026-07-10,True,True,-4.962532981530354,4.511363943907987,27.576409118261935,4.499822316986513
KALYANKJIL,2026-07-13,True,True,0.6457388813154941,-0.12414144446335484,18.2338270720384,6.120204583704836
KALYANKJIL,2026-07-14,False,True,4.060640808529858,-0.9734916227409629,7.452958566681889,-0.10467020237238112
KALYANKJIL,2026-07-15,False,True,2.0837265119816983,1.2689938340524343,6.830338850432427,1.3530501152241303
KALYANKJIL,2026-07-16,False,True,0.6004156089882473,0.2915253151620556,9.859048782573065,-2.1227799297523275
KALYANKJIL,2026-07-17,False,True,1.4863618821147062,-0.7933580188599354,8.949493410902654,2.7798462031566773
KALYANKJIL,2026-07-20,False,False,1.5462360940916353,0.1928259378384034,,
KALYANKJIL,2026-07-21,False,False,3.23505645643265,0.0712040624340382,,
KALYANKJIL,2026-07-22,True,True,-1.5179741910846811,-0.3111817638246417,4.231314471283287,2.47513625774487
KALYANKJIL,2026-07-23,False,False,1.1558776265493842,0.6738544751541786,,
KALYANKJIL,2026-07-24,False,False,3.757507345467781,-0.26512422191009577,,
KALYANKJIL,2026-07-27,False,False,3.8020117255362473,0.586756977699654,,
KALYANKJIL,2026-07-28,False,False,6.347332402231642,0.07036489253517964,,
KALYANKJIL,2026-07-29,True,True,-0.45310459537306613,-0.3151280293308023,-3.0705698663749503,2.7595247982672655
KALYANKJIL,2026-07-30,False,True,1.5964859555460453,-0.8918744142166535,-6.564547902166062,-0.5131952682106533
KALYANKJIL,2026-07-31,False,False,2.2248843680354735,0.5516154452324562,,
KALYANKJIL,2026-08-03,False,False,5.226649743968448,-0.22537417684337369,,
KALYANKJIL,2026-08-04,False,False,9.935905987031845,-0.5865102639296182,,
KALYANKJIL,2026-08-05,False,False,10.7573727279342,0.6667173771296442,,
KALYANKJIL,2026-08-06,False,False,13.36603095892459,0.27015037785946827,,
KALYANKJIL,2026-08-07,False,False,5.133358255080234,2.418683025203383,,
KALYANKJIL,2026-08-10,False,False,5.87577309546532,0.13817370595849976,,
KALYANKJIL,2026-08-11,False,False,8.798857116849756,-0.35737424636899107,,
KALYANKJIL,2026-08-12,False,False,8.131432623524958,-0.16552180080929846,,
KALYANKJIL,2026-08-13,False,False,7.872111909366719,-0.5592145417865901,,
KALYANKJIL,2026-08-14,False,False,4.442786470046611,-0.08945073022806893,,
KALYANKJIL,2026-08-17,False,False,4.523318200577786,0.11569493779921558,,
KALYANKJIL,2026-08-21,False,False,6.483354523530549,-0.008416518299869669,,
KALYANKJIL,2026-08-24,False,False,2.57020726006294,0.1891176550294027,,
KARURVYSYA,2026-07-21,True,True,-4.220034813679452,2.6773094189944446,6.411944185323404,
KARURVYSYA,2026-07-22,False,True,2.2016342450354776,-0.701752601311223,-2.3847083375033495,
KARURVYSYA,2026-07-23,False,False,2.8502666012656386,0.16205607555628276,,
KARURVYSYA,2026-07-24,False,False,4.2921681926821,0.029839207917903288,,
KARURVYSYA,2026-07-27,False,False,1.5950893699953284,0.08724379457432097,,
KARURVYSYA,2026-07-28,False,False,3.3824604512233902,-0.07386615186383283,,
KARURVYSYA,2026-07-29,False,False,3.1384937657719103,-0.1913716791299258,,
KARURVYSYA,2026-07-30,False,False,2.8049066719356697,-0.4828072849990872,,
KARURVYSYA,2026-07-31,False,False,1.462416620195106,0.7307804605076518,,
KARURVYSYA,2026-08-03,False,True,0.3989932134865093,0.31686767185818976,-3.286099016573585,
KARURVYSYA,2026-08-04,False,False,1.8755223074226723,-0.18694978177782318,,
KARURVYSYA,2026-08-05,False,False,2.8684827392335466,0.5411748048807841,,
KARURVYSYA,2026-08-06,False,False,3.6525890957143314,0.14679976248974658,,
KARURVYSYA,2026-08-07,False,False,4.356257517926365,0.04429171687221345,,
KARURVYSYA,2026-08-11,False,False,6.0623912579567785,0.24057084345614488,,
KARURVYSYA,2026-08-12,False,False,5.539996337890618,0.5703974367067266,,
KARURVYSYA,2026-08-13,False,False,5.272884116893439,-0.13380365916936254,,
KARURVYSYA,2026-08-17,False,False,6.912299570945191,-0.21121958429237697,,
KAYNES,2026-08-10,False,False,8.546793942619036,0.8741973783206403,,
KAYNES,2026-08-11,False,False,6.29312560921953,0.06141816572147185,,
KAYNES,2026-08-12,False,False,6.494902460597474,0.48630031317167255,,
KAYNES,2026-08-13,False,False,4.415033003720659,-0.010482368119268948,,
KAYNES,2026-08-19,False,False,9.004267950950574,-0.04377113506687236,,
KAYNES,2026-08-20,False,False,3.3788693420981897,0.2888579532552171,,
KAYNES,2026-08-21,False,False,2.739774514944915,-0.130924325739723,,
KAYNES,2026-08-24,True,True,0.4025031534284462,-0.2393964687062322,-13.752476528852764,-1.8705567383539567
KAYNES,2026-08-25,False,True,3.516567047817043,0.17702928549840902,-15.020582717797403,-0.9970935619304622
KAYNES,2026-08-26,False,True,1.2984237074400884,-0.035294029301558005,-12.36112693133854,0.08757662955085621
KAYNES,2026-08-27,False,False,1.0866976515747195,0.1982451320357459,,
KEI,2026-06-15,True,True,-0.14743235781337072,0.07367839381100527,4.027841525975173,0.8204623418660795
KEI,2026-06-16,False,False,1.9779411764705879,-0.8023340627279385,,
KEI,2026-06-17,False,True,2.0154468554615557,0.1565521687079796,-9.735741581945334,1.7286754632634072
KEI,2026-06-18,False,False,0.5620425081576785,-0.04407616361071787,,
KEI,2026-06-19,False,False,2.116621983914202,0.34974441754103136,,
KEI,2026-06-22,False,False,0.9885108263367082,-0.11475988700564432,,
KEI,2026-06-23,False,False,0.7214241649775133,-0.13201901073754962,,
KEI,2026-08-14,False,False,1.5842347064486617,0.41210563923665955,,
KEI,2026-08-17,False,True,2.376701570680617,0.14856243991960838,-19.81159816814505,0.26448527130495947
KEI,2026-08-18,False,False,1.136402532945402,-0.3768068283281578,,
KEI,2026-08-19,False,False,4.327154790377863,-0.5495257673039933,,
KEI,2026-08-20,False,False,2.837778633237642,0.2992450275203451,,
KEI,2026-08-25,False,False,6.677494946867957,-0.26381786139634267,,
KEI,2026-08-31,False,False,6.545211582698918,-0.12206373695584638,,
KFINTECH,2026-08-14,False,False,4.551542207792192,-0.059487080226094946,,
KFINTECH,2026-08-17,False,False,3.609633709210569,0.15575618325558427,,
KFINTECH,2026-08-18,False,False,3.5014972707173575,-0.8947187382308597,,
KFINTECH,2026-08-19,False,False,3.6102630335653307,-0.4966800984221087,,
KFINTECH,2026-08-20,False,False,3.4851994470672887,-0.026232948583415627,,
KFINTECH,2026-08-21,False,True,2.6715870316657453,0.5549725437663522,-8.71796552647387,-0.2084489477026219
KIRLOSENG,2026-06-23,True,True,-9.55908417114556,0.590912790009468,0.5184097857525716,
KIRLOSENG,2026-06-24,False,False,7.533137759614883,3.413072498206593,,
KIRLOSENG,2026-06-25,False,False,7.410609037328086,-0.13341321904082326,,
KIRLOSENG,2026-06-29,False,False,13.540450619731415,-1.4812975877152468,,
KIRLOSENG,2026-06-30,False,False,16.027164685908325,-0.2202249398359557,,
KIRLOSENG,2026-07-01,False,False,15.244519392917354,0.4148695720386897,,
KIRLOSENG,2026-07-02,False,False,13.82885696439724,0.10421008753647154,,
KIRLOSENG,2026-07-03,False,False,19.40246862077284,-1.6580797962306715,,
KIRLOSENG,2026-07-06,False,False,15.938584417226354,-1.0117911962593817,,
KIRLOSENG,2026-07-07,False,False,17.48829059901704,-0.801536935754632,,
KIRLOSENG,2026-07-08,False,False,20.21108179419524,0.08802816901407606,,
KIRLOSENG,2026-07-09,False,False,10.235406091370546,1.1553273427471034,,
KIRLOSENG,2026-07-10,False,False,5.559428402630373,-1.059505340192346,,
KIRLOSENG,2026-07-13,False,True,0.0005963029218847282,0.3911102294407387,-11.540978639687093,
KIRLOSENG,2026-07-14,False,False,9.639459320080391,-0.3971230394486658,,
KIRLOSENG,2026-07-15,False,False,8.279995512361404,-0.7855095680676549,,
KIRLOSENG,2026-07-16,False,False,8.580185413957086,-1.0104289439996306,,
KOTAKBANK,2026-06-25,False,True,1.053211009174304,0.11021607163492764,-5.593683115558134,-2.5553497718221463
KOTAKBANK,2026-07-01,False,False,5.0306793561827545,-0.138710666574704,,
KOTAKBANK,2026-08-26,False,True,0.9475476688028728,0.3849542615280477,2.075827757762916,1.8920177437933505
KOTAKBANK,2026-08-27,True,True,-0.1577224939818378,0.011904869992518385,-1.6773867069690418,1.2067447377807294
KOTAKBANK,2026-08-28,False,False,1.8936840225126206,-0.15384470922706894,,
KOTAKBANK,2026-08-31,False,False,1.773056956631236,-0.21263884146116574,,
KOTAKBANK,2026-09-01,False,False,1.809213604970128,-0.5183745808416962,,
KOTAKBANK,2026-09-02,False,False,1.6848620437825312,0.1416779465208018,,
KOTAKBANK,2026-09-03,False,False,1.505354816673643,-0.011764601950292608,,
KOTAKBANK,2026-09-04,False,False,2.106191524083312,-0.2479895626133266,,
KOTAKBANK,2026-09-07,False,False,2.045787956851064,0.08289072907414763,,
KOTAKBANK,2026-09-08,False,False,2.2878320424286835,0.03558996135717418,,
KOTAKBANK,2026-09-09,False,False,2.996296527643416,-0.09544115739896775,,
KOTAKBANK,2026-09-10,False,False,4.190749575581498,-0.156795058647774,,
KOTAKBANK,2026-09-11,False,False,5.181830764398332,0.0,,
KOTAKBANK,2026-09-17,False,False,3.145686086053745,-0.0360475593088605,,
KPRMILL,2026-06-24,True,True,1.58416134187096,-1.9594903091360472,-6.836299441864591,
KPRMILL,2026-06-25,False,False,12.274518667680345,-0.11710785563049386,,
KPRMILL,2026-06-29,False,False,14.79813572178692,-2.026008759568998,,
KPRMILL,2026-06-30,False,False,19.250166777851895,-0.30592811219773974,,
KPRMILL,2026-07-01,False,False,12.096153846153834,0.41138649269572003,,
KPRMILL,2026-07-02,False,False,15.914752576474145,0.22530117729093746,,
KPRMILL,2026-07-03,False,False,12.860507824409883,0.24472779865505334,,
KPRMILL,2026-07-06,False,False,15.654766776402163,-1.2354094405067073,,
KPRMILL,2026-07-07,False,False,16.701770805772398,-0.3815385475241184,,
LALPATHLAB,2026-07-02,False,False,4.954993880348413,-0.4163380043369247,,
LALPATHLAB,2026-07-06,False,False,3.6360506354667033,0.0,,
LALPATHLAB,2026-07-07,True,True,-0.2866252649610379,-0.1166861143523934,3.0523806527789743,
LALPATHLAB,2026-07-09,False,False,3.4567664175205515,0.16204977321530034,,
LALPATHLAB,2026-07-10,False,False,2.074490097546544,0.08875739644971237,,
LALPATHLAB,2026-07-13,False,True,2.57783092245909,-0.4141521833050943,1.8886910715268268,
LALPATHLAB,2026-07-14,False,True,0.6679744439595403,-0.2185317600076231,0.7162090108648433,
LAURUSLABS,2026-06-10,False,False,3.5928546162009134,-0.17655367231638186,,
LAURUSLABS,2026-06-11,False,False,4.502216031007178,0.2934632923615954,,
LAURUSLABS,2026-06-12,False,False,4.204743159779545,-0.05690247710704588,,
LAURUSLABS,2026-06-22,False,False,2.951905345603234,0.27495941532245105,,
LAURUSLABS,2026-06-23,True,True,-0.699055419870731,0.26813505768734647,3.5972150923470725,2.4716804596034425
LAURUSLABS,2026-06-24,False,False,0.216752713324464,0.07386848458610373,,
LAURUSLABS,2026-06-29,False,False,3.0616953255834467,-0.3218703827584046,,
LAURUSLABS,2026-06-30,False,False,2.474262566690766,0.596188508349571,,
LAURUSLABS,2026-07-01,False,False,1.2338645906870171,-0.21007504362974272,,
LAURUSLABS,2026-07-02,False,False,3.745425758160059,-0.6297248376253006,,
LAURUSLABS,2026-07-03,True,True,0.8953579984950055,-0.2354851871577024,4.051321386290585,0.3017858214387159
LAURUSLABS,2026-07-06,False,False,1.347276264591435,-0.012965320853697282,,
LAURUSLABS,2026-07-07,False,False,2.834444312175477,-0.16423597951604751,,
LAURUSLABS,2026-07-09,False,False,4.463569518716559,0.3757364126546481,,
LAURUSLABS,2026-07-10,False,False,3.543029844423229,0.1858645090026645,,
LAURUSLABS,2026-07-13,False,False,1.5712352006801433,-0.5815456281971332,,
LAURUSLABS,2026-07-14,False,False,1.2763615173463583,-0.282451166783082,,
LAURUSLABS,2026-07-15,False,False,1.1039910928707597,-0.45188237058192415,,
LAURUSLABS,2026-07-16,False,False,2.1101225918366495,-0.35263192743371086,,
LAURUSLABS,2026-07-17,False,False,2.8379682269128237,0.019439156981437833,,
LAURUSLABS,2026-07-20,False,False,3.0516542509004596,-0.08434754992147075,,
LAURUSLABS,2026-07-21,False,True,1.2954314753639506,-0.05103979764752298,0.8950545812902222,0.25233370844757186
LAURUSLABS,2026-07-22,False,False,1.636994380691803,-0.43420958530430154,,
LAURUSLABS,2026-07-23,False,False,1.624143747047846,0.38698061263604533,,
LAURUSLABS,2026-07-24,False,False,2.1924568132433375,0.2037666277462602,,
LAURUSLABS,2026-07-27,True,True,-2.5623254372820425,0.5631881840258091,12.246219286911742,5.86817465467695
LAURUSLABS,2026-07-28,False,True,1.6664251032838306,-0.1688514942685626,4.189341626940246,1.0800709625696792
LAURUSLABS,2026-07-29,False,True,0.397434571823041,0.0964799537904959,2.56323101698519,0.8013282057363735
LAURUSLABS,2026-07-30,False,False,1.3227990277636659,-0.48548834664481344,,
LAURUSLABS,2026-07-31,False,True,0.4888304746561323,0.22841089615250887,-0.32604360797237053,0.7249026580922857
LAURUSLABS,2026-08-03,False,True,1.533903510169643,0.8365867261572735,-1.8920494390035292,-1.3473079034066582
LAURUSLABS,2026-08-04,False,False,1.249060037829941,-0.1258921088191034,,
LAURUSLABS,2026-08-05,False,False,1.0516862508385127,-0.4005859480573748,,
LAURUSLABS,2026-08-06,False,False,1.2526007176101972,0.24479137684125796,,
LAURUSLABS,2026-08-07,False,False,1.2196458040598657,-0.07046819494881396,,
LAURUSLABS,2026-08-10,True,True,0.068808317855229,-0.11249668617707709,3.4041282216214386,-0.7976371326378073
LAURUSLABS,2026-08-11,False,False,1.839134373220963,0.059616042517607326,,
LAURUSLABS,2026-08-12,False,False,1.2087042305312101,0.264459316419452,,
LAURUSLABS,2026-08-13,False,False,2.0381023544942867,0.8317801777828482,,
LAURUSLABS,2026-08-14,False,False,1.9938170864397975,0.0760056685158883,,
LAURUSLABS,2026-08-17,False,False,3.197432563674174,1.0538576594769866,,
LAURUSLABS,2026-08-18,False,False,3.7383592885410266,0.24336418219372824,,
LAURUSLABS,2026-08-19,False,False,4.036858115953557,-0.24838550098150725,,
LAURUSLABS,2026-08-20,False,False,3.208766507502392,-0.12609916820860434,,
LAURUSLABS,2026-08-21,False,False,3.2654528200609656,-0.35573556117004523,,
LAURUSLABS,2026-08-24,False,False,4.071408971566726,0.3332222637650206,,
LAURUSLABS,2026-08-25,False,False,3.909149445322835,-0.061038541111135824,,
LAURUSLABS,2026-08-26,True,True,0.42479022346539885,-0.34624193421065597,3.6275772622850644,0.6681593704768174
LAURUSLABS,2026-08-27,False,True,1.1339866614371807,-0.10590976351106951,2.049934405088183,1.1483645637419437
LAURUSLABS,2026-08-28,False,False,1.118238420088602,0.07303330071417591,,
LAURUSLABS,2026-08-31,True,True,0.9949455676516283,-0.4541257408599453,-0.06634229348164711,-3.0434608277127295
LAURUSLABS,2026-09-10,False,False,2.2202291741381996,-0.22839472691733587,,
LAURUSLABS,2026-09-11,False,True,1.8862774904283564,0.025934954804096577,-0.5484088508862284,0.520415823694842
LAURUSLABS,2026-09-15,False,False,1.8568591697283532,0.17931246253508615,,
LAURUSLABS,2026-09-16,False,False,4.915140300158938,-1.1816121732525442,,
LENSKART,2026-07-06,False,False,3.5808638898215506,-0.018752763858764787,,
LENSKART,2026-07-07,False,False,2.7906781505956157,0.27052466549091214,,
LENSKART,2026-07-08,False,False,2.163386457340044,0.06476231867624804,,
LENSKART,2026-07-09,False,True,1.0514907504443505,0.3119288453268254,1.2492500503870296,
LENSKART,2026-07-10,False,False,2.123456811883817,0.28961454440838974,,
LENSKART,2026-07-13,False,False,4.384284243560943,-0.5412866434919672,,
LENSKART,2026-07-14,False,False,4.974953617810751,-0.03709425120607124,,
LENSKART,2026-07-15,False,False,5.267906976744174,-0.009299189676104103,,
LENSKART,2026-07-16,False,False,4.809674092488514,0.027786432372489678,,
LENSKART,2026-07-17,False,False,5.52312329704574,-0.7312805754875362,,
LENSKART,2026-07-20,False,False,3.943239712825841,0.009183868103956883,,
LENSKART,2026-07-21,False,False,3.8955243050161847,-0.23814778713746598,,
LENSKART,2026-07-22,False,False,2.8287142208087035,0.018172422339524097,,
LENSKART,2026-07-23,False,False,1.219141323792483,0.17921146953405742,,
LENSKART,2026-07-24,False,False,2.1787810383746997,-0.7972074721812716,,
LENSKART,2026-07-27,True,True,0.36629711751661187,0.09765408044177804,3.5939351933163,
LENSKART,2026-07-28,False,False,1.80198063313044,-0.21983820852470304,,
LENSKART,2026-07-29,False,False,4.512019108326593,-0.3151166069924827,,
LENSKART,2026-07-30,False,False,2.222351990824434,-0.026499056361917184,,
LENSKART,2026-07-31,False,False,1.5050021522923451,-0.47145314291615614,,
LENSKART,2026-08-03,False,False,2.530307422288325,0.14196766512311054,,
LENSKART,2026-08-04,False,False,1.1677719127300756,0.22783892109179416,,
LENSKART,2026-08-05,False,False,1.6565909601269801,-0.12283078035675299,,
LENSKART,2026-08-10,True,True,-0.37391093102603357,0.615035987160617,8.611020127707913,
LENSKART,2026-08-11,False,False,2.068961242206191,-0.22252443783038478,,
LENSKART,2026-08-12,False,False,0.5594385095396559,0.3135551840572015,,
LENSKART,2026-08-13,True,True,-2.5307719251444594,-0.4474819062117441,5.38024468879994,
LENSKART,2026-08-14,False,False,2.787073779456173,0.6237668609365254,,
LENSKART,2026-08-17,False,False,2.9213900203234333,0.18000927262991073,,
LENSKART,2026-08-18,False,False,3.039208874581578,-0.01634656473649132,,
LENSKART,2026-08-19,False,True,3.076923076923066,-0.952380952380949,7.882466482285855,
LENSKART,2026-08-20,False,False,0.8989317612917436,-0.3722027643208947,,
LENSKART,2026-08-21,False,False,2.8288529605183133,1.021209740769824,,
LENSKART,2026-08-24,True,True,1.424399503144591,-1.0381440097208094,-0.7073645638410841,
LENSKART,2026-08-25,False,False,3.0694794855546936,-0.4544766112643872,,
LENSKART,2026-08-26,False,False,5.46083956127299,-0.10888352472364637,,
LENSKART,2026-08-27,False,False,3.684860973559312,-0.35847389668164364,,
LENSKART,2026-08-28,False,False,5.4115991495926385,0.29660076279656167,,
LENSKART,2026-08-31,False,False,4.75940054696562,-0.8891595740470271,,
LENSKART,2026-09-01,False,False,3.096899128437647,0.24379653372756938,,
LENSKART,2026-09-02,False,False,1.0540095650235726,-0.08930866282218508,,
LENSKART,2026-09-03,False,False,2.340440114590714,-0.18727994263819658,,
LENSKART,2026-09-04,True,True,0.1766906475590524,-0.24070378031546547,3.232095501056631,
LENSKART,2026-09-07,False,False,1.265172952418947,-0.18817222825638913,,
LENSKART,2026-09-08,False,False,1.651740743790442,0.014504981637641912,,
LENSKART,2026-09-09,False,False,2.0283708876659867,0.34317124167417834,,
LENSKART,2026-09-10,True,True,0.6442721842122578,-0.3718587779892535,0.8717931211300822,
LENSKART,2026-09-11,False,False,2.3032158842961836,0.04342614335115513,,
LENSKART,2026-09-15,False,False,3.1916331907947404,-0.5299017775248993,,
LENSKART,2026-09-16,False,False,5.14052898586701,-0.39991292444586657,,
LENSKART,2026-09-17,False,False,4.720058421621776,0.2896631271051664,,
LGEINDIA,2026-08-14,True,True,-1.6908197727970586,-0.7072724686672416,2.481937529669609,
LGEINDIA,2026-08-17,True,True,2.3451680836837463,-0.49030484375184313,-5.558316819768338,
LGEINDIA,2026-08-18,False,False,5.932432432432422,0.3072459492093671,,
LGEINDIA,2026-08-19,False,False,7.724604373059019,-0.2740894059061527,,
LGEINDIA,2026-08-20,False,False,5.79264945156952,0.0,,
LGEINDIA,2026-08-21,False,False,8.406576521204666,-0.043002469304675994,,
LGEINDIA,2026-08-24,False,False,7.942166462668299,0.11028359771929619,,
LGEINDIA,2026-08-25,False,False,6.232304290113677,0.25966478430705653,,
LGEINDIA,2026-08-26,False,False,4.7932401868152175,-0.260742187499996,,
LGEINDIA,2026-08-27,False,False,5.212060028242771,-0.2736451865519074,,
LGEINDIA,2026-08-28,False,False,3.3320624976533875,-0.08780145039593013,,
LGEINDIA,2026-08-31,False,False,4.687496965993465,-0.11264020861742052,,
LGEINDIA,2026-09-01,False,False,2.6212280010557087,-0.0531835010396553,,
LGEINDIA,2026-09-03,False,False,5.00517092945354,-0.18718529265364658,,
LGEINDIA,2026-09-08,False,False,5.445325387725819,0.3291293091223446,,
LICHSGFIN,2026-09-07,False,False,3.3540999828182816,-0.19485838546280387,,
LICHSGFIN,2026-09-08,False,False,6.094023947889959,-0.24537197221757845,,
LICHSGFIN,2026-09-09,False,False,3.9723305469275383,-0.0802876372937078,,
LICHSGFIN,2026-09-10,False,False,5.593800280399774,-0.018126296464537894,,
LICHSGFIN,2026-09-11,False,False,4.485382610926991,0.3059777324933233,,
LICI,2026-06-30,False,False,4.879698347105976,0.18578443604955197,,
LICI,2026-07-01,False,False,4.891852524858176,-0.10421067674249995,,
LICI,2026-07-02,False,False,4.335528337645944,0.034600668162476644,,
LICI,2026-07-03,False,False,4.806810163137887,0.1624158252972796,,
LICI,2026-07-06,False,False,4.552515833175375,-0.20753923882199654,,
LICI,2026-07-07,False,False,4.179229706604071,0.21991023310909963,,
LICI,2026-07-09,False,False,2.8234308828162913,0.03468869070342162,,
LICI,2026-07-10,False,False,0.6255223627278816,0.022715753211954848,,
LICI,2026-07-13,False,False,2.21892816419611,-0.2048233748260797,,
LICI,2026-07-14,False,False,1.4898689447413016,0.03397370248796605,,
LICI,2026-07-15,False,False,1.0551262170737985,-0.26981724722457967,,
LLOYDSME,2026-07-27,False,True,0.5567230463347839,0.5416838561572934,4.6715167153017045,
LLOYDSME,2026-07-28,False,False,1.7942929169172173,-0.381418320583915,,
LLOYDSME,2026-07-29,False,True,1.6023115387735265,-0.004961567540318068,1.9497552813375618,
LLOYDSME,2026-07-30,False,False,2.181594488188976,-0.4360833116564655,,
LLOYDSME,2026-07-31,False,True,2.70218381300642,0.133727150662466,0.5187083775820778,
LLOYDSME,2026-08-03,False,False,2.7557378814645483,0.3419745882162095,,
LLOYDSME,2026-08-04,False,False,2.2231860976784867,-0.09677731082410324,,
LLOYDSME,2026-08-05,False,False,1.8728604403440485,0.1789144667250886,,
LLOYDSME,2026-08-06,False,False,0.7879656160458381,0.668232377827005,,
LLOYDSME,2026-08-07,False,False,2.3980629539951615,-0.004847109172267938,,
LLOYDSME,2026-08-10,True,True,0.48570992895256015,-0.31179598941826203,-15.366998428936874,
LODHA,2026-06-30,False,False,3.9212765957446605,-0.25467151441922464,,
LODHA,2026-07-01,False,True,1.9580445561111048,-0.17712150746534983,8.203836783162387,1.703417071023483
LODHA,2026-07-02,True,True,-0.07239331913855285,-0.30879933715540764,19.206005312859496,1.4923398185732184
LODHA,2026-07-03,True,True,-0.8341380535991094,0.18023923830219335,16.914937739889837,4.342272157194849
LODHA,2026-07-06,False,True,1.1668246445497577,-0.4106268642269484,11.696697718007186,2.6786991983643427
LODHA,2026-07-07,True,True,0.3128277018155101,-0.05901801340600921,7.965685126318034,-0.9276906820315456
LODHA,2026-07-08,False,True,1.2587943255796041,0.12296531866584637,16.912732572235043,-0.47953863343110914
LODHA,2026-07-09,False,False,3.821380913730721,0.6934816419592593,,
LODHA,2026-07-10,False,False,6.8403647685668645,0.008712469362737174,,
LODHA,2026-07-13,False,False,1.5819763335764625,-0.44759783846516354,,
LODHA,2026-07-14,False,False,4.914235531368583,0.8463632215736538,,
LODHA,2026-07-15,False,False,5.788565022750736,0.16349574148428747,,
LODHA,2026-07-16,False,False,6.075628801946387,0.008623904580074004,,
LODHA,2026-07-17,False,False,4.495775995196527,0.4560934003356776,,
LODHA,2026-07-20,False,False,3.459725721044582,0.7577102617815079,,
LODHA,2026-07-21,False,False,3.238534529820991,0.36182486279672244,,
LODHA,2026-07-22,False,False,4.42045470779211,-0.4894555973101289,,
LODHA,2026-07-23,False,False,6.153368917663182,0.7644465596299277,,
LODHA,2026-07-24,False,False,8.006306582192014,-0.14888996469235583,,
LODHA,2026-07-27,False,False,5.136532629561841,1.0265940470129742,,
LODHA,2026-07-28,True,True,-2.9533143416875185,0.188359701180163,-0.15951925658058697,6.344829291817633
LODHA,2026-07-29,False,True,2.7518911393197065,-0.5791281971524342,-8.539951597282414,-1.3592039954161583
LODHA,2026-07-30,False,False,2.6211650817096643,-0.5023435691779432,,
LODHA,2026-07-31,False,False,5.401955333346464,0.5567298136984755,,
LODHA,2026-08-03,False,False,8.804205731359627,0.2663477665960423,,
LODHA,2026-08-04,False,False,8.620594214805077,-0.06424082791359753,,
LODHA,2026-08-05,False,False,7.497588252203413,0.1433616488631273,,
LODHA,2026-08-11,False,False,10.82934798177111,-0.48143814068237756,,
LODHA,2026-08-17,False,False,3.1601961767886433,0.008118196178430459,,
LODHA,2026-08-20,False,False,3.6591376315820767,0.11473729471287442,,
LODHA,2026-08-21,False,False,0.6517784415537742,-0.0714872449612769,,
LT,2026-08-12,False,False,2.0482292711362593,0.1270894008534862,,
LT,2026-08-13,False,False,2.203389830508473,-0.037373863211664915,,
LT,2026-08-14,False,False,1.082213731048931,-0.1820886961187762,,
LT,2026-08-17,False,False,1.7468982630272967,0.0,,
LT,2026-08-18,False,False,1.1908298393157768,-0.1033706909149612,,
LT,2026-08-19,False,False,1.4608065940645787,-0.12829249073615934,,
LT,2026-08-20,False,False,0.9619825695116546,0.07133655442881359,,
LT,2026-08-21,False,False,0.8999742274348188,-0.034379586368127324,,
LT,2026-08-24,False,False,0.7925418059681277,-0.13435606480342033,,
LT,2026-08-25,False,False,0.9251197825000501,-0.051317323633015555,,
LTF,2026-06-25,True,True,-0.8972234964537251,0.08282259232894607,9.222269551781315,-0.1300960367504156
LTF,2026-06-30,False,False,3.0786342687480817,0.26729647282854874,,
LTF,2026-07-01,True,True,0.8231511254019219,-0.7341167834607809,4.286261002678926,0.14032402092105656
LTF,2026-07-02,False,False,1.285526081356192,-0.4920596168154767,,
LTF,2026-07-03,True,True,-1.2039234904551055,0.04669294110248856,-3.6778153862068175,3.9108256187417423
LTF,2026-07-06,False,True,1.2385161729612237,-0.6539905388545653,-5.5633685674968625,1.5893160025055142
LTF,2026-07-07,True,True,0.02411773806487716,0.2670605034078344,-7.983125914083688,-2.302337792853937
LTF,2026-07-08,False,False,5.028705596923833,-0.5372217958557135,,
LTF,2026-07-09,False,False,8.218474455007208,-0.5377136556294682,,
LTF,2026-07-10,False,False,4.3043696962553835,0.8033388390383145,,
LTF,2026-07-13,False,False,3.9062614149719677,0.6763025790309518,,
LTF,2026-07-14,False,False,7.568515747928561,0.26941556371335995,,
LTF,2026-08-18,False,False,5.93024193548386,-0.8317357814300985,,
LTF,2026-08-27,False,False,2.2653486627436825,-0.5257498608139843,,
LTFOODS,2026-08-24,False,True,1.698504988495042,0.34855349801927726,-4.129242166064695,
LTFOODS,2026-08-25,False,False,9.992975477780309,-0.03344345518045966,,
LTFOODS,2026-08-26,False,False,10.128076308940415,0.35857811343917856,,
LTFOODS,2026-08-27,False,False,10.32517052976878,0.44943820224718767,,
LTFOODS,2026-08-28,False,False,12.476564839324201,0.10274251302084814,,
LTFOODS,2026-08-31,False,False,13.069705186127155,-0.29718099766143924,,
LTFOODS,2026-09-02,False,False,13.616755244165258,-0.17249310511874283,,
LTFOODS,2026-09-03,False,False,11.321334597757659,0.18091084823266268,,
LTFOODS,2026-09-07,False,False,10.808566631727423,0.6900424870969868,,
LTFOODS,2026-09-08,False,True,2.0451305069529857,0.937809898897779,-8.258270259371692,
LTFOODS,2026-09-09,False,False,2.509339886071671,0.748485172588742,,
LTM,2026-07-24,False,False,7.0602714500235475,-0.32806835130276824,,
LTM,2026-07-27,False,False,3.294434143110858,0.03637598129004882,,
LTM,2026-07-28,True,True,-1.8086065666079287,0.37927064334108973,10.715697904310018,3.6572770784275566
LTM,2026-07-29,True,True,0.6721244052866782,-0.5360369002953447,6.384593142193573,0.3236157294355779
LTM,2026-07-30,False,True,1.3081128909885331,-0.7446027647716846,3.9809863339275164,-2.77888415196188
LTM,2026-07-31,False,False,4.9573333938211395,0.39444987633787676,,
LTM,2026-08-03,False,True,3.094068020183016,-0.0725964151061742,2.5720952921991724,3.2745361488611513
LTM,2026-08-04,False,False,2.1973697082177557,0.21805517971447141,,
LTM,2026-08-05,False,False,3.506253224011502,0.242762978453559,,
LTM,2026-08-06,False,False,4.849087200278079,-0.8285070466550248,,
LTM,2026-08-07,False,False,2.6440370057575713,0.8246030690990391,,
LTM,2026-08-10,False,True,0.6962494732362545,0.16158043835481362,-4.300206999826028,1.1803978856465003
LTM,2026-08-11,True,True,0.18065828222351143,-0.062266500622665255,-4.119218649413659,0.5452517946689328
LTM,2026-08-12,False,False,1.1444025072351316,0.19336133199736594,,
LTM,2026-08-13,False,False,2.6157894736841936,0.31678986272438703,,
LTM,2026-08-14,False,False,2.1855345911949486,-0.1465354825204157,,
LTM,2026-08-17,False,False,5.366407263294404,-0.43047783039174004,,
LTM,2026-08-18,False,False,5.318595042237817,0.2947252715624682,,
LTM,2026-08-19,False,False,5.642733981376535,-0.07796638129399236,,
LTM,2026-08-20,False,False,5.437065542535713,-0.43720477504382016,,
LTM,2026-08-28,False,False,4.668247208005694,0.24354605088665604,,
LUPIN,2026-07-01,False,False,1.2257665021095931,-0.30854039202506955,,
LUPIN,2026-07-02,False,False,2.3600209193609167,0.037525637258828404,,
LUPIN,2026-07-03,False,True,1.6481849582981045,-0.11163742699503709,-3.466212575388039,1.3961054129566053
LUPIN,2026-07-06,True,True,0.21724276527330666,0.16103059581320522,-3.3450241737703945,0.17626694532677512
LUPIN,2026-07-07,False,False,0.29976889526370787,0.26769729409577003,,
LUPIN,2026-07-08,False,False,0.6439523468253938,-0.003982401283075809,,
LUPIN,2026-07-09,False,False,2.628183546391938,0.27556222242075545,,
LUPIN,2026-07-10,False,False,2.0303094357359663,-0.2804487179487225,,
LUPIN,2026-07-13,False,False,1.532642388931471,-0.3069054753711775,,
LUPIN,2026-07-14,False,False,1.8257578931623275,0.0,,
LUPIN,2026-07-15,False,False,2.07131840255097,0.060325759099133514,,
LUPIN,2026-07-16,False,False,1.3300794562703055,-0.254722050291456,,
LUPIN,2026-07-20,False,False,3.117164225442015,0.02840019249128467,,
LUPIN,2026-07-21,False,False,2.534886860570995,-0.30960800851930204,,
M&M,2026-07-28,False,True,0.9659969088098741,0.03710653577080336,7.217757367011113,0.4240366676234286
M&M,2026-07-31,True,True,-0.06769187393095288,0.1766437827469991,4.7363124264460765,3.629732312288869
M&M,2026-08-03,False,False,1.5872807017543789,-0.002926746393139279,,
M&M,2026-08-04,False,False,2.493669057821002,-0.27589968722483427,,
M&M,2026-08-05,False,True,0.21655781818044062,-0.09774890436085037,0.564996087384162,-0.9569755838412464
M&M,2026-08-06,False,False,2.2273526774537977,0.13148667976872197,,
M&M,2026-08-07,False,False,1.7729678335395072,0.19502113729805703,,
M&M,2026-08-10,True,True,-0.149546429385361,0.20451501695426533,-6.825537596458354,-0.48331766901087425
M&M,2026-08-11,False,False,1.4993156347310688,0.10583081343567002,,
M&M,2026-08-12,False,False,2.9942910450719173,0.20337013364322143,,
M&M,2026-08-13,False,False,3.3839667678850605,0.3827192740073926,,
M&M,2026-08-14,False,False,4.573970392638826,-0.18512132459204134,,
M&M,2026-08-17,False,False,3.670599683190745,-0.44742446848217154,,
M&M,2026-08-18,False,False,4.120325614342812,0.1585269138462353,,
M&M,2026-08-19,False,False,5.012952653808678,-0.17705905174416614,,
M&M,2026-08-20,False,False,4.355848946666585,0.07055216000857456,,
M&M,2026-08-21,False,False,3.6887591407537945,-0.1399145625220144,,
M&M,2026-08-24,False,False,3.9983941483443086,-0.1782715988428163,,
M&M,2026-08-25,False,False,3.8172132807962944,-0.12035737532766211,,
M&MFIN,2026-07-07,False,False,3.4313113758663194,0.9612431428578372,,
M&MFIN,2026-07-08,False,False,4.633087531751623,-0.42625189892824267,,
M&MFIN,2026-07-09,False,False,2.9490091105622174,-0.1801820130677534,,
M&MFIN,2026-07-10,True,True,-0.8826937002172408,0.6853327924599029,2.2347896650420918,
M&MFIN,2026-07-13,False,False,5.00903149375409,0.27173727757043853,,
M&MFIN,2026-07-14,False,False,5.725327738983799,0.3498612271909618,,
M&MFIN,2026-07-15,False,False,5.966269684695269,0.09124644820113215,,
M&MFIN,2026-07-21,False,False,7.484970528363699,0.046260998985392376,,
M&MFIN,2026-07-22,True,True,-1.1073445280757377,0.8750291448285541,7.931417293696819,
M&MFIN,2026-07-23,False,False,5.034657899104844,-0.10860546015254435,,
M&MFIN,2026-07-24,False,False,5.898193056594336,1.0803307192477574,,
M&MFIN,2026-07-27,False,False,5.421501260083383,0.15026988878925618,,
M&MFIN,2026-07-28,False,False,7.683570691797792,0.32149674510459914,,
M&MFIN,2026-07-29,False,True,2.9910680777846643,0.21368010779618807,5.700369985451514,
M&MFIN,2026-07-30,False,True,1.6551724137930934,-0.02553781970299207,2.6307885338537895,
M&MFIN,2026-07-31,False,False,1.5568209629975849,0.4198457751868556,,
M&MFIN,2026-08-03,False,False,2.5327598311171595,1.0801032849501846,,
M&MFIN,2026-08-04,False,False,4.384980988593146,-0.5169557069912067,,
M&MFIN,2026-08-05,False,False,3.36314164377145,-0.0877758253330696,,
M&MFIN,2026-08-06,False,False,3.597169811320744,0.1890359168241984,,
M&MFIN,2026-08-07,False,False,5.238630934452493,-0.0893670647185485,,
M&MFIN,2026-08-10,False,True,3.989583333333324,-0.13869318116227491,-9.421774592564935,
M&MFIN,2026-08-11,False,False,0.8889710105887794,0.2546350860742175,,
M&MFIN,2026-08-12,False,False,4.060631911854751,0.5519271589980113,,
M&MFIN,2026-08-13,False,False,5.122873345935708,0.08829619296286673,,
M&MFIN,2026-08-14,False,False,4.805876920797525,-0.05022772636411599,,
M&MFIN,2026-08-17,False,False,7.56286266924564,-0.46206850195701366,,
M&MFIN,2026-08-18,False,False,7.673936602066456,-0.46254344628039457,,
MAHABANK,2026-06-10,True,True,0.4642278433435676,0.849586080011222,3.104658371947777,-0.9108740855025554
MAHABANK,2026-06-12,False,True,1.5865554239222313,0.202378772553935,9.759145567791471,3.630880275778825
MAHABANK,2026-06-15,True,True,-1.0360761540101904,-1.461793632573427,6.577356918046595,2.0916857254776655
MAHABANK,2026-06-16,False,False,3.277492262382653,-0.07889956476678783,,
MAHABANK,2026-06-17,False,False,4.301093346660267,-0.07968092890159317,,
MAHABANK,2026-06-18,False,False,0.9654809862919,-0.15415039651934803,,
MAHABANK,2026-06-19,False,False,2.010015013391997,-0.2221039098930011,,
MAHABANK,2026-06-22,False,False,2.534956436745839,-0.2900191096543492,,
MAHABANK,2026-06-23,False,False,3.8477166491693193,-0.18095005205625014,,
MAHABANK,2026-06-24,False,False,3.8359583309024226,-0.12446324255492858,,
MAHABANK,2026-06-25,False,False,3.4492082522494805,-0.33746124477903594,,
MAHABANK,2026-06-29,False,False,3.4492082522494805,0.4535164849423179,,
MAHABANK,2026-06-30,False,False,3.8745484884611603,-0.31618067124696836,,
MAHABANK,2026-07-01,False,False,4.205069822270424,-0.513045756545949,,
MAHABANK,2026-07-02,False,False,4.664428296091483,-0.873938216907022,,
MAHABANK,2026-07-03,False,False,5.00000354267085,-0.4293256333892548,,
MAHABANK,2026-09-04,False,False,1.078583775277453,-0.08053347480306838,,
MAHABANK,2026-09-07,False,False,1.6167948682849653,0.12749259609163843,,
MAHABANK,2026-09-08,False,False,3.77330920089336,-0.10609921648286891,,
MAHABANK,2026-09-11,False,False,5.440645552881795,0.16814723283260502,,
MANAPPURAM,2026-07-03,True,True,-0.11879210889427227,0.3163658722073803,6.132985335415353,-1.760457839819518
MANAPPURAM,2026-07-06,False,True,3.5398453307448507,-0.10736383543423766,6.7242049376117,2.2161899582517908
MANAPPURAM,2026-07-07,False,False,1.6098482023231053,0.014538093975158262,,
MANAPPURAM,2026-07-08,False,False,2.6389256217671075,-0.2926972099706826,,
MANAPPURAM,2026-07-09,False,False,4.666818333386602,0.19495918067897744,,
MANAPPURAM,2026-07-10,False,False,3.0473051709352994,-0.0736268617251179,,
MANAPPURAM,2026-07-13,False,False,4.557266820465267,-0.029897190886585268,,
MANAPPURAM,2026-07-20,False,False,6.435157950065973,0.44336103383351144,,
MANAPPURAM,2026-07-21,False,True,1.5270072992700667,0.27814734035567223,6.447529375229166,1.1560693641618602
MANAPPURAM,2026-07-22,False,False,0.7994006796384401,-0.056708263976834594,,
MANAPPURAM,2026-07-23,False,True,1.777241852355571,0.04285539899553381,3.865889819182766,-2.7844403914447535
MANAPPURAM,2026-07-24,False,False,2.894236093063185,0.04307075275933325,,
MANAPPURAM,2026-07-27,False,False,0.6976158056366089,-0.01403954351426595,,
MANAPPURAM,2026-07-28,False,False,1.66713132635532,-0.667128254755911,,
MANAPPURAM,2026-07-29,False,True,0.5138415016514131,0.11033634740902354,-6.802077765442749,1.6953798500610073
MANAPPURAM,2026-07-30,False,True,1.0839848286396503,-0.10798971465322271,-6.620329568618,-1.513522767805764
MANAPPURAM,2026-07-31,False,False,3.6512299173389495,-0.1484447484395912,,
MANAPPURAM,2026-08-03,False,False,4.4132709957613425,-0.06802721088435826,,
MANAPPURAM,2026-08-05,False,False,5.417934771665567,-0.696147386827084,,
MANAPPURAM,2026-08-06,False,False,3.539282141865052,0.6659451610973921,,
MANAPPURAM,2026-08-07,False,False,6.132784580015427,0.06924248953121825,,
MANAPPURAM,2026-08-10,False,False,3.9885390459480696,0.23104270660976312,,
MANAPPURAM,2026-08-11,False,False,3.6372264140360766,-0.12147717430220917,,
MANKIND,2026-06-30,False,False,4.974729241877229,0.17278293536753253,,
MANKIND,2026-07-01,False,False,3.2558690076938124,-0.7012969373378142,,
MANKIND,2026-07-03,False,False,5.046359278602819,-0.020065815482872562,,
MANKIND,2026-07-06,False,False,3.5500316321157133,0.16645995043067519,,
MANKIND,2026-07-07,False,False,2.379314998431248,0.1018113023261158,,
MANKIND,2026-07-09,False,False,2.922120814935414,0.08372927586051127,,
MANKIND,2026-07-10,False,False,2.1086036918368967,0.4087320963541696,,
MANKIND,2026-07-13,False,False,3.0481622003257325,-0.7713913031888842,,
MANKIND,2026-07-14,False,False,2.847250617976993,-0.1390654772765787,,
MANKIND,2026-07-15,False,True,1.506381307677196,-0.05886970172684913,1.2782085816543276,-1.348622362526386
MANKIND,2026-07-16,False,False,4.171052631578931,0.07861635220125507,,
MANKIND,2026-07-20,False,False,6.2280230652121515,-0.1918868210323832,,
MAPMYINDIA,2026-07-14,False,True,2.670580834556513,0.10916066009707404,-6.8941049128842575,
MAPMYINDIA,2026-07-15,False,False,5.151790077827645,0.636747963408113,,
MAPMYINDIA,2026-07-16,False,False,4.773610229899594,-0.2658585035210659,,
MAPMYINDIA,2026-07-17,False,False,5.165178763063727,0.22560118835261989,,
MAPMYINDIA,2026-07-20,False,False,9.296402503561985,0.11489605197745334,,
MAPMYINDIA,2026-07-21,False,False,12.540078484945605,0.8525506748193745,,
MAPMYINDIA,2026-07-23,False,False,17.635125978882105,1.2798353977140797,,
MAPMYINDIA,2026-07-24,False,False,12.770714399838013,-0.9070740738047478,,
MAPMYINDIA,2026-07-27,False,False,6.627883985319372,0.0,,
MAPMYINDIA,2026-07-28,False,False,7.990379496531541,0.26674091200924455,,
MAPMYINDIA,2026-07-29,False,True,3.567540881142839,-0.3827585812250067,-15.99605861885065,
MAPMYINDIA,2026-07-30,False,False,5.733248808163571,-0.030113199160319848,,
MAPMYINDIA,2026-07-31,False,False,5.140508369975816,0.4643185222753754,,
MAPMYINDIA,2026-08-03,False,False,3.3710619510931794,-0.875802801416381,,
MAPMYINDIA,2026-08-04,False,False,3.2841516939641435,0.04205568085897671,,
MARICO,2026-07-02,False,False,0.8363418137991685,0.0,,
MARICO,2026-07-10,False,False,2.6097903661316924,-0.04676186899926771,,
MARICO,2026-07-21,False,False,1.552080488875185,-0.04676020229407163,,
MARICO,2026-07-22,False,False,2.1134401101008615,-0.4041246524188358,,
MARICO,2026-07-28,False,False,1.0295891675587976,0.0,,
MARICO,2026-08-03,False,False,2.535482580449666,0.2646249471740303,,
MARUTI,2026-06-30,False,True,3.2435982339955816,0.18429782528566196,-3.861538949475807,0.856650776630441
MARUTI,2026-07-01,False,True,0.6062667418581746,0.07054176072234242,-5.093923383575039,1.114034082807569
MARUTI,2026-07-02,False,False,1.5257950284682575,0.2645502645502562,,
MARUTI,2026-07-03,False,False,1.3990638002773892,0.02080876742733828,,
MARUTI,2026-07-06,False,False,1.6811196105702253,-0.03475842891901282,,
MARUTI,2026-07-07,False,False,0.8744049672300802,0.0,,
MAXHEALTH,2026-06-22,False,False,1.7549212833392724,-0.31120079283409874,,
MAXHEALTH,2026-06-23,False,False,0.8796445138193443,-0.43952837016185686,,
MAXHEALTH,2026-06-24,False,False,2.5087920082260906,0.0599100842453959,,
MAXHEALTH,2026-06-25,False,True,2.127812731115286,0.11023896847726089,3.6403793866180534,1.0884552990857
MAXHEALTH,2026-06-29,False,True,0.84950246015989,-0.074775721162057,0.6897408905049751,0.3056266987362388
MAXHEALTH,2026-06-30,False,False,1.467402721776212,0.2576376569323191,,
MAXHEALTH,2026-07-01,False,False,3.3719337526999293,-0.35373185596739853,,
MAXHEALTH,2026-07-02,False,False,2.336588470307266,-0.12285226781816316,,
MAXHEALTH,2026-07-03,False,False,2.6703393565447264,-0.2374209714916642,,
MAXHEALTH,2026-07-06,False,True,0.41343669250646364,-0.008610420122268092,-4.391836027968987,-2.822094320289714
MAXHEALTH,2026-07-07,False,False,2.3669587936565373,-0.12195334617268738,,
MAXHEALTH,2026-07-10,False,False,7.259387020322139,-0.36419920078014645,,
MAXHEALTH,2026-07-13,False,False,6.655113542583613,-0.45228403437358455,,
MAZDOCK,2026-08-18,False,False,2.916243158717746,-0.6987577639751552,,
MAZDOCK,2026-08-19,False,False,2.1971079192546483,-0.6556112610875409,,
MAZDOCK,2026-08-20,False,False,2.3281980007362035,0.011664159520896611,,
MAZDOCK,2026-08-21,False,False,3.09761112198943,-0.3434433384236102,,
MAZDOCK,2026-08-24,False,False,2.4197634616907937,0.17927560324608738,,
MAZDOCK,2026-08-25,False,False,3.6537305846061408,0.383382111279329,,
MAZDOCK,2026-08-26,False,True,1.4558510176254869,-0.15378700499807385,-16.12293488652491,-0.37226428829315594
MAZDOCK,2026-08-27,False,False,1.6477843550920523,0.045701977728684895,,
MAZDOCK,2026-08-28,False,False,3.5478146262061916,0.14758617197689894,,
MCX,2026-08-21,True,True,-0.3207992742091159,0.2602498109940399,6.387507509267176,1.6238877700462506
MCX,2026-08-24,False,True,1.104471875912738,-0.0657451593196634,3.7968934015534472,1.9378445645106934
MCX,2026-08-25,True,True,0.8187235599012466,-0.10053155212178533,2.83869736841158,-0.18597020124757613
MCX,2026-08-26,False,False,1.6458870878307774,-0.9087054245897952,,
MCX,2026-08-27,False,False,0.7763449935082711,0.6074077032325986,,
MCX,2026-08-28,False,False,2.546666064014924,0.15198030786400807,,
MCX,2026-08-31,False,False,0.7667502190501274,0.5638379435807694,,
MCX,2026-09-01,False,False,2.3912276757676043,-0.7789722284768374,,
MCX,2026-09-02,False,False,4.335877862595416,-0.05493312992255195,,
MCX,2026-09-03,False,False,6.44859813084111,-1.8288595001262231,,
MCX,2026-09-04,False,False,7.442692435862885,-0.7396988505579016,,
MCX,2026-09-07,False,False,2.7236682394204514,0.2380564213876779,,
MCX,2026-09-08,False,False,2.766917293233062,0.1506024096385561,,
MCX,2026-09-09,False,False,1.0109953493621981,0.3708868592974701,,
MCX,2026-09-10,False,False,3.08003561688428,-0.18969194630700237,,
MCX,2026-09-11,False,False,3.0955859485663373,-0.054280467240486185,,
MEESHO,2026-07-06,False,False,6.388709958900574,0.0054209401331162255,,
MEESHO,2026-07-07,False,False,2.5887183844264694,0.6041470236985536,,
MEESHO,2026-07-08,False,False,2.8680490633437694,0.2993498526690619,,
MEESHO,2026-07-09,False,False,1.4602028363710273,0.3108356769983889,,
MEESHO,2026-07-10,False,False,2.2801951993189906,-0.18148195707143877,,
MEESHO,2026-07-13,False,False,1.9096275129201423,-0.07240723311560116,,
MEESHO,2026-07-15,False,False,5.277014085927312,0.33259755646555256,,
MEESHO,2026-07-21,False,False,5.7690128311200795,-0.06977810333795853,,
MEESHO,2026-08-20,False,True,2.0719083226652613,-0.7109381581665408,7.810943755344391,
MEESHO,2026-08-21,False,False,1.2764531014647584,-0.028782710228891784,,
MEESHO,2026-08-24,True,True,3.270322714505336,-0.7636179029965384,2.1953087335573995,
MEESHO,2026-08-25,False,False,4.859058155145668,0.39901357566194395,,
MEESHO,2026-08-26,False,False,4.5768463631240985,0.10776977631081763,,
MEESHO,2026-08-27,False,False,2.8902012219225615,-1.156368460473567,,
MEESHO,2026-08-28,False,False,3.498105564746967,-0.24637415789174888,,
MEESHO,2026-08-31,False,False,1.7682113647460973,0.4112080964240983,,
MEESHO,2026-09-01,False,False,3.9967123435361573,0.0,,
MEESHO,2026-09-02,False,False,2.66777483962366,0.067300926244096,,
MEESHO,2026-09-03,True,True,2.0550308232025527,-0.968271472899529,0.781439862722233,
MEESHO,2026-09-04,False,True,1.7757390559077768,0.1978510322971916,0.10301467989410895,
MEESHO,2026-09-07,False,False,3.7414742694936054,1.015448615682879,,
MEESHO,2026-09-08,False,False,2.6993111415571924,0.688572958321787,,
MEESHO,2026-09-09,False,False,2.188442396190582,-0.24810354433633108,,
MEESHO,2026-09-10,False,False,1.6194624481609354,0.13943253701973468,,
MEESHO,2026-09-11,False,False,1.6793167873115467,0.25735181198816015,,
MEESHO,2026-09-15,False,False,2.2414514427139487,0.13698769486658602,,
MEESHO,2026-09-16,False,False,7.424063253499535,-1.2817440992081819,,
MMTC,2026-06-16,False,True,1.1727142377313315,1.2853050755514683,-7.995694415345156,
MMTC,2026-06-17,False,True,4.109405515349285,-0.3856907914763452,-17.720321333983435,
MMTC,2026-06-18,False,False,2.755776182648262,-1.14809007764326,,
MMTC,2026-06-19,False,False,4.570710856901528,-0.05308373782425546,,
MMTC,2026-06-22,False,False,5.059041591246416,-0.04001921492129412,,
MMTC,2026-06-23,False,False,3.9357791000315556,-0.03958144733408053,,
MMTC,2026-06-24,False,False,6.869907899498662,-0.06781913668950645,,
MOTHERSON,2026-06-10,False,False,7.794243317189564,-0.007062756853870589,,
MOTHERSON,2026-06-11,False,False,8.949181638445157,0.1573910592534089,,
MOTHERSON,2026-06-12,False,False,5.805251400609879,0.041636055553428974,,
MOTHERSON,2026-06-15,False,True,0.7940345890799838,-0.02720446746969918,2.4119652725862917,-0.0249686195769816
MOTHERSON,2026-06-16,False,False,1.893464759474628,0.22369971630775698,,
MOTHERSON,2026-06-17,False,False,3.624631177720694,-0.01374760282735199,,
MOTHERSON,2026-06-18,False,False,4.436390894950981,-0.6268969682775682,,
MOTHERSON,2026-06-19,False,False,4.872607216764879,-0.09736379176946697,,
MOTHERSON,2026-06-22,False,False,4.828812767308821,-0.13202723465982613,,
MOTHERSON,2026-06-23,False,False,3.617507736706682,-0.27436306667449895,,
MOTHERSON,2026-06-24,False,False,4.595914144811752,0.1878160008194074,,
MOTHERSON,2026-06-25,False,True,2.6152825905746857,0.4172370882931764,-4.301040468669804,0.7039604453261239
MOTHERSON,2026-08-03,True,True,0.1713538129110681,-0.03923431926560195,10.014237701459816,1.206566063958614
MOTHERSON,2026-08-04,True,True,0.18974787818051286,0.49118450630818433,8.16185890187533,-2.429658438664395
MOTHERSON,2026-08-05,False,False,3.2966379146059044,-0.06590188040568323,,
MOTHERSON,2026-08-06,False,True,1.4274280955690832,0.2847543549315601,5.616810536394734,-1.2737331473360647
MOTHERSON,2026-08-07,True,True,-1.5440247323514678,-0.5549694189098897,4.29528435155635,7.066411149052332
MOTHERSON,2026-08-10,True,True,-0.4439651005392342,0.2984258536216977,0.018159853387778035,-1.2593118203993559
MOTHERSON,2026-08-11,False,False,2.362767216309569,-0.5125547000242037,,
MOTHERSON,2026-08-12,False,False,1.3009848911697874,0.5361478141849396,,
MOTHERSON,2026-08-13,False,False,1.1705486260704445,0.29938038659418353,,
MOTHERSON,2026-08-14,False,False,3.0523395368820205,0.053690187865607086,,
MOTHERSON,2026-08-17,False,False,2.5327740404901267,0.16635897056525017,,
MOTHERSON,2026-08-18,False,False,2.0425066282056203,-0.5985238137661275,,
MOTHERSON,2026-08-19,False,True,1.8021183116877948,-0.035321769915319656,-5.299087730971763,-0.9892433781763299
MOTHERSON,2026-08-20,False,False,2.336830363267839,-0.19941134187133613,,
MOTHERSON,2026-08-21,False,False,3.6711037853824013,-0.46222149884259656,,
MOTHERSON,2026-08-24,False,False,3.369552032368972,0.2320457979728019,,
MOTHERSON,2026-08-25,False,False,4.2483005824447195,-0.36385364304171164,,
MOTHERSON,2026-08-26,False,False,4.882464358324845,0.01807155379329739,,
MOTHERSON,2026-08-27,False,False,4.775185012820771,-0.6337424329823427,,
MOTHERSON,2026-08-28,False,False,4.97097771686974,0.03618015915773931,,
MOTHERSON,2026-08-31,False,False,5.626806774917115,0.1883910986596904,,
MOTHERSON,2026-09-01,False,False,4.498532724214854,-0.5193690798861561,,
MOTILALOFS,2026-08-25,False,False,0.7481481481481422,0.6111218326886325,,
MOTILALOFS,2026-08-26,True,True,0.6925204818080566,-0.551969862608892,-1.463368926236408,1.4634616997169614
MOTILALOFS,2026-08-27,False,False,1.54077351686428,-0.4936639747696425,,
MOTILALOFS,2026-08-28,False,False,2.249995056084142,-0.08723280000605405,,
MOTILALOFS,2026-08-31,False,False,2.0555523247806073,-0.10597732329881149,,
MOTILALOFS,2026-09-01,False,False,2.149131274131255,-0.8707277579674266,,
MOTILALOFS,2026-09-02,False,False,6.144934804413227,-0.3597816983584745,,
MOTILALOFS,2026-09-03,False,False,3.792175886611071,-0.6528376618356257,,
MOTILALOFS,2026-09-04,False,False,2.7342029979217974,0.01941461958783197,,
MOTILALOFS,2026-09-07,False,False,2.376419656427009,-0.3182303595106073,,
MOTILALOFS,2026-09-08,False,False,2.336234210183741,-0.49755538162362667,,
MOTILALOFS,2026-09-09,False,False,2.1083805393133037,0.09592326139089558,,
MOTILALOFS,2026-09-10,False,False,4.779321993002772,-0.07860742688151623,,
MOTILALOFS,2026-09-11,False,False,7.1609136084582525,-0.25080257128967665,,
MPHASIS,2026-06-16,False,False,4.843868521190853,-0.09433752881110591,,
MPHASIS,2026-06-17,False,False,1.905297225567959,-0.2737679164470541,,
MPHASIS,2026-08-06,False,False,2.3080980324473366,-0.31048958888880707,,
MPHASIS,2026-08-07,False,True,1.8780647849452103,0.7110190289402629,-1.6591759399459893,-0.36132131837790515
MPHASIS,2026-08-11,True,True,0.3844127893433136,-0.28471808892962525,-1.0189830388207644,0.185934549411515
MPHASIS,2026-08-12,False,False,1.5471227990596192,0.18726624548297544,,
MPHASIS,2026-08-13,False,False,1.6684165387284011,0.27948573532958765,,
MPHASIS,2026-08-14,False,False,1.5389662027832873,-0.4118120989114682,,
MPHASIS,2026-09-01,False,True,3.0258658147960915,1.209708782053065,-8.948309064240757,-0.45380438094040354
MRPL,2026-07-22,False,True,0.8777973270107653,0.479192029162534,0.7483574689916228,
MRPL,2026-07-23,False,True,1.462022365264315,1.103626080309117,-0.06165829604545259,
MRPL,2026-07-24,False,False,7.176569614487938,-0.23255459097928366,,
MRPL,2026-07-31,False,False,9.990426777937223,0.12575252327375885,,
MRPL,2026-08-03,False,False,5.570858683263169,-0.7915713788922307,,
MRPL,2026-08-04,False,False,7.672268970620855,-0.4197523615851795,,
MRPL,2026-08-05,False,False,6.198757234224095,0.7211761176969755,,
MRPL,2026-08-11,False,False,5.490292917681838,1.480280519814814,,
MRPL,2026-08-12,False,False,2.1523032983614465,0.6709891371139198,,
MRPL,2026-09-09,False,True,1.8753987428600016,0.3844372778210703,-8.574246476636727,
NAM-INDIA,2026-06-16,False,True,0.2908770170732211,0.2085164564780584,0.9721159623256481,-0.860592880244726
NAM-INDIA,2026-06-17,False,False,1.5607532453675965,0.2886929313801634,,
NAM-INDIA,2026-06-18,False,False,1.693813885265838,0.04369101619479121,,
NAM-INDIA,2026-06-19,True,True,0.5686341504281156,-0.05971260885783147,3.152241709560455,1.3443360921264524
NAM-INDIA,2026-06-22,False,False,0.9576291782112056,-0.15996163798250862,,
NAM-INDIA,2026-06-23,False,False,1.5117185333841654,-0.14361151985679,,
NAM-INDIA,2026-06-24,False,False,3.116787002663357,0.24981928168228418,,
NAM-INDIA,2026-06-29,False,False,5.631161971830978,-0.2283484666859903,,
NAM-INDIA,2026-06-30,False,False,3.3565891472868037,-0.008610420122268092,,
NAM-INDIA,2026-07-01,False,False,3.6780693526845543,-0.2929035381670553,,
NAM-INDIA,2026-07-02,False,True,0.7013208067175647,0.2007212939759917,-8.346642561608853,0.878363334177723
NAM-INDIA,2026-07-03,False,False,1.1973469387754898,-0.065267482155007,,
NAM-INDIA,2026-07-06,False,False,1.4956177518254732,-0.3101474787179037,,
NAM-INDIA,2026-08-19,False,False,3.8329081632652917,-0.2544529262086481,,
NAM-INDIA,2026-08-20,True,True,-1.187443352302131,-0.048408550437228914,-3.1933926426978343,0.7278876553194591
NAM-INDIA,2026-08-21,False,False,3.457800888433682,0.18734616922722047,,
NAM-INDIA,2026-08-24,False,False,0.5635314031998462,0.9896268486881521,,
NAM-INDIA,2026-08-25,False,False,2.035146760162787,0.08003841687684865,,
NATIONALUM,2026-08-13,False,False,3.5915541858739575,-0.21924333653700057,,
NATIONALUM,2026-08-17,False,False,11.866866839886603,-0.3677500313031934,,
NATIONALUM,2026-08-18,False,False,9.400800719549164,-0.14160345046640987,,
NATIONALUM,2026-08-19,False,False,11.587379952154219,0.01314776206304824,,
NATIONALUM,2026-08-20,False,False,9.288090732277254,-1.3216449474387382,,
NATIONALUM,2026-08-21,False,False,9.245885410892395,-0.42302113783428963,,
NATIONALUM,2026-08-24,False,False,6.277022484174433,-0.2373843523372665,,
NATIONALUM,2026-08-25,False,False,6.570643921291541,-0.30049134560928836,,
NATIONALUM,2026-08-26,False,False,7.597567059929533,-0.2529404286231829,,
NATIONALUM,2026-08-28,False,False,3.5818774286112243,-0.05086651216017479,,
NAUKRI,2026-07-13,False,False,3.911291311366316,-0.47720301434838186,,
NAUKRI,2026-07-14,False,False,3.428403664214752,0.13834942189960842,,
NAUKRI,2026-07-15,False,False,3.8370461343904205,0.6004207683668161,,
NAUKRI,2026-07-16,False,False,2.9414163697012885,0.2087769929384864,,
NAUKRI,2026-07-17,False,False,2.111724007862059,-0.14858017566033999,,
NAUKRI,2026-07-20,False,False,3.9943950736953893,-0.352344896969381,,
NAUKRI,2026-07-21,False,False,1.7374665919053012,0.6799679567314643,,
NAUKRI,2026-07-22,False,False,3.0315664617295957,0.30117756537089146,,
NAUKRI,2026-07-23,False,False,5.011087663769609,-0.14430824888582716,,
NAUKRI,2026-07-24,False,False,6.855144936320667,-0.9553205826868805,,
NAUKRI,2026-07-27,False,False,4.143097387238215,0.22919789234931986,,
NAUKRI,2026-07-28,False,True,1.1073860391875412,0.31757613056759837,3.1865640191462097,1.6494986785779098
NAUKRI,2026-07-29,True,True,0.7211353730215864,0.18437265155311078,0.7933864164091808,-0.7874701199025558
NAUKRI,2026-07-30,False,False,1.1496747599549995,0.07143901508144257,,
NAUKRI,2026-07-31,False,False,4.712776622800474,0.40810875358554544,,
NAUKRI,2026-08-03,False,False,2.701503960968954,0.13709283644152137,,
NAUKRI,2026-08-04,True,True,0.034866307733238955,0.10208471363368776,0.5297396172960989,-0.7327614384754377
NAUKRI,2026-08-05,False,False,0.7841736006352296,-0.04711082063484362,,
NAUKRI,2026-08-10,False,True,1.77426893485213,-0.39466413321070926,2.2355142602472844,0.9896892578375782
NAUKRI,2026-08-11,True,True,-1.046978185995251,-0.1816456579203929,3.9086431531215826,4.222819333133154
NAUKRI,2026-08-12,False,False,3.759737945228636,-0.22217284244369084,,
NAUKRI,2026-08-13,False,False,3.890831254754201,0.09669915276322438,,
NAUKRI,2026-08-14,False,False,3.605940073457492,-0.4427063959149047,,
NAUKRI,2026-08-17,False,False,2.707738231954404,0.4501827000691794,,
NAUKRI,2026-08-18,False,False,3.4755736491487665,-0.14781966001478075,,
NAUKRI,2026-08-19,False,False,2.6775615130370856,-0.19791462164734375,,
NAUKRI,2026-08-20,False,False,2.361796147129369,-0.14623090380945225,,
NAUKRI,2026-08-21,False,False,3.613626637458567,0.03707273805160227,,
NAUKRI,2026-08-24,False,False,3.1701107011069984,0.00737881645405114,,
NAUKRI,2026-08-25,False,False,4.309435228498826,-0.14157100429369462,,
NAUKRI,2026-08-26,False,False,4.226383916590026,0.3443610883210324,,
NAUKRI,2026-08-27,False,False,4.593136672511378,0.5495277494467432,,
NAUKRI,2026-08-28,False,False,2.868014179966738,-0.15438727108674222,,
NAUKRI,2026-09-01,False,False,4.311985703746757,0.6084809159675242,,
NAUKRI,2026-09-02,False,False,4.970354634934182,-0.11257880310079349,,
NAUKRI,2026-09-03,False,False,5.3026703008356435,-0.13549483087128555,,
NAVINFLUOR,2026-06-22,False,False,2.967800852330371,-0.19578719956792057,,
NAVINFLUOR,2026-06-25,False,False,1.880059132720091,-0.1901764050101673,,
NAVINFLUOR,2026-07-03,False,False,2.2011718749999964,0.5762179151388214,,
NAVINFLUOR,2026-07-06,False,False,2.7698854337152135,0.236235973489074,,
NAVINFLUOR,2026-07-07,False,False,1.7177476835352756,-0.03886262063604873,,
NAVINFLUOR,2026-07-09,False,False,5.3634472112222165,0.04028738333445858,,
NAVINFLUOR,2026-07-10,False,False,2.294408966505923,0.2613354240167176,,
NAVINFLUOR,2026-08-11,False,False,5.8812353682693885,0.6403673050202396,,
NAVINFLUOR,2026-08-12,False,False,7.59274734659019,0.09158068258134922,,
NAVINFLUOR,2026-08-13,False,False,4.980091655755259,0.07147111375818138,,
NAVINFLUOR,2026-08-14,False,False,6.104156641000946,-0.12016342225427135,,
NAVINFLUOR,2026-08-19,False,False,7.324338302403399,-0.018250395425234434,,
NAVINFLUOR,2026-08-20,False,False,6.129693140794212,-0.15619368016340784,,
NAVINFLUOR,2026-08-21,False,False,4.611913357400699,-0.2161383285302576,,
NAVINFLUOR,2026-08-24,False,False,4.103143960286815,-0.10407738459654592,,
NAVINFLUOR,2026-08-25,False,False,3.62050875373634,0.25073385518590285,,
NAVINFLUOR,2026-08-26,False,False,3.073483009708733,-0.1393685996485483,,
NAVINFLUOR,2026-08-27,False,False,1.8708842897459776,0.24755393139219706,,
NAVINFLUOR,2026-08-28,False,False,1.488408851422518,-0.09942101877302711,,
NAVINFLUOR,2026-08-31,False,True,2.3391381345926554,-0.2942907592701549,-0.9012906482082084,
NAVINFLUOR,2026-09-01,False,False,1.8459041103831897,-0.3120846096052676,,
NAVINFLUOR,2026-09-02,False,False,2.0233463035019383,0.023235550392097792,,
NAVINFLUOR,2026-09-08,False,False,2.7453503333723095,-0.552550456581169,,
NAVINFLUOR,2026-09-09,True,True,-1.009620253164567,0.5885348876690566,-2.3616211835499112,
NBCC,2026-06-10,False,False,3.113003213065002,-0.14265480142859888,,
NBCC,2026-06-12,False,False,4.8505240498444735,0.08723850817344836,,
NBCC,2026-06-15,False,True,1.318222679506742,-0.4657227991406998,4.212990847490916,-0.7376577874838475
NBCC,2026-06-16,False,True,1.761739497715764,-0.4720493631143352,-5.816252903043717,-0.022294583677429092
NBCC,2026-06-17,False,True,0.49999999999998934,0.7423678435181991,-11.514116437168198,2.5621573166887845
NBCC,2026-06-18,True,True,1.170297928373376,-1.2383661114974354,-12.11785062998285,-3.486097769232277
NBCC,2026-06-19,False,False,4.334140013566445,0.4195923524556333,,
NBCC,2026-06-22,False,False,2.8026917292462983,-0.3033785480650142,,
NBCC,2026-06-23,False,False,3.956424238260281,0.20859398066659374,,
NBCC,2026-06-24,False,False,5.358149382597754,0.20219998634003478,,
NBCC,2026-06-25,False,False,5.338820575659642,0.1653502702246623,,
NESTLEIND,2026-07-22,False,True,1.5490925554013435,-0.08861955201943106,0.22809979999565133,0.7857387999864018
NESTLEIND,2026-07-28,False,False,3.6932012299282446,0.04101275383994185,,
NESTLEIND,2026-07-30,False,True,0.18276164217725377,0.10533084831714223,-4.291712500055789,0.3689791408880039
NESTLEIND,2026-08-07,True,True,0.4672936740422129,-0.27261789162872363,-5.7644939917776306,-0.614127668805653
NESTLEIND,2026-08-10,False,False,0.9877062439339834,0.0906692854218294,,
NESTLEIND,2026-08-12,False,False,3.3893100981406077,-0.17193332032068298,,
NESTLEIND,2026-08-13,False,False,3.3071849058140312,0.0463593969608489,,
NETWEB,2026-06-12,False,False,11.704163868368035,-0.6450177935943047,,
NETWEB,2026-06-15,False,False,8.663436411149817,-0.5414771496642823,,
NETWEB,2026-06-16,False,False,6.438246587030716,0.7846931097495347,,
NETWEB,2026-06-17,False,True,2.1939664612286025,-0.5944686905634433,-14.095183698827107,
NETWEB,2026-06-18,False,True,0.4601190476190453,1.3472752865473447,-14.974551616668542,
NETWEB,2026-06-19,False,True,1.6001708192985964,-0.436742164825743,-15.94298833183606,
NETWEB,2026-06-22,False,False,3.439057899901843,-0.6841990797077369,,
NETWEB,2026-06-23,False,False,3.394408656866421,-0.6800315987540495,,
NETWEB,2026-06-24,False,False,5.4529042166855834,0.10416014646970062,,
NETWEB,2026-06-25,False,False,4.381461675579312,-0.41420118343195034,,
NETWEB,2026-08-12,False,False,4.833535832300795,-0.07379669006881695,,
NETWEB,2026-08-13,False,True,3.4184964079732705,-0.1495262076374848,3.122538732101554,
NETWEB,2026-08-14,True,True,-0.223384212081712,-0.009545263284271854,-0.6314580941446435,
NETWEB,2026-08-17,False,False,3.4186512897594445,0.3193535401155856,,
NETWEB,2026-08-18,False,True,1.367658243684855,0.5214766524545666,-3.9250511534187016,
NETWEB,2026-08-19,False,False,4.937535252106029,-0.7050991896063952,,
NETWEB,2026-08-20,False,True,5.073755727123275,0.4046103428958281,-6.193218695156888,
NETWEB,2026-08-21,True,True,-0.4009818277906585,1.740950138870767,-8.218680354108532,
NETWEB,2026-08-24,True,True,-1.230064583822743,0.20652154570852677,-19.097678611902623,
NETWEB,2026-08-25,False,False,10.279660217083531,-1.4125117006579813,,
NETWEB,2026-08-26,False,False,8.066315205327413,-0.8600910191582933,,
NETWEB,2026-08-27,False,False,8.786726519048171,-0.33036014639012956,,
NETWEB,2026-08-28,False,False,7.747417926964206,1.3476905918307747,,
NETWEB,2026-08-31,False,False,12.086584880191165,-0.09392183905980733,,
NETWEB,2026-09-03,False,False,14.102832031250001,-1.3107170393215073,,
NEULANDLAB,2026-07-09,False,True,2.508203186622482,0.08947368421052815,1.0414238032911305,
NEULANDLAB,2026-08-06,True,True,-4.669899476143291,-0.5444731283736237,16.319739676660248,
NEULANDLAB,2026-08-07,False,False,2.7851296043656104,-0.1543770432255731,,
NEULANDLAB,2026-08-10,False,False,5.2004454342984285,-0.29312488896784394,,
NEULANDLAB,2026-08-11,False,False,4.520711630377039,0.15957446808509967,,
NEULANDLAB,2026-08-12,False,False,3.1872596994057867,-0.09602793539938981,,
NEULANDLAB,2026-08-13,False,False,4.046433763601898,0.20306361188362487,,
NEULANDLAB,2026-08-14,False,True,0.7744495647721283,0.17953321364452268,-4.054197099608325,
NEULANDLAB,2026-08-17,False,True,2.8572355894062484,-0.4223045764026545,-3.7792012453588097,
NEULANDLAB,2026-08-18,False,False,0.7704907691660656,-0.10082762676973944,,
NEULANDLAB,2026-08-19,False,False,3.503557874762797,-0.0517241379310307,,
NEULANDLAB,2026-08-20,False,False,2.2555707042733575,0.36775710925807115,,
NEULANDLAB,2026-08-21,False,False,2.8956270096462955,-0.6601362862010185,,
NEULANDLAB,2026-08-24,False,False,3.8124702625546014,0.05193231488294092,,
NEULANDLAB,2026-08-25,False,False,4.677272330774596,-0.23062529916018093,,
NEULANDLAB,2026-08-26,False,False,3.5705562508091315,0.030216696883367256,,
NEULANDLAB,2026-08-27,False,False,2.4126520162150555,0.10251591132373061,,
NEULANDLAB,2026-08-28,False,False,1.6837054611701818,0.12726424298985517,,
NEULANDLAB,2026-08-31,False,False,4.286108455722593,-0.2038072936993207,,
NEULANDLAB,2026-09-01,False,False,4.942741582859633,-0.04370629370629153,,
NEULANDLAB,2026-09-02,False,False,3.831155344006909,-0.5165733964700769,,
NEULANDLAB,2026-09-03,False,False,4.124018225211534,0.04341219882786351,,
NEWGEN,2026-07-22,False,False,14.099873214922965,0.30016633669169845,,
NEWGEN,2026-07-29,False,False,10.352577088144589,-0.4655493482309092,,
NEWGEN,2026-07-30,False,False,4.413966904663069,0.614482524182236,,
NEWGEN,2026-07-31,False,False,9.617644072477649,0.36459050127000125,,
NEWGEN,2026-08-03,False,False,5.841799996377062,0.10804657377732063,,
NEWGEN,2026-08-04,False,False,5.330255846165821,0.2962341856485695,,
NEWGEN,2026-08-05,False,False,2.638673038397843,0.37642708342906506,,
NEWGEN,2026-08-07,False,False,6.763580501618915,0.67586302393432,,
NHPC,2026-07-03,False,False,1.940321198065642,0.16087722650681702,,
NHPC,2026-07-06,False,False,3.3950585805045064,-0.13698705625286856,,
NHPC,2026-07-10,False,False,4.819850315327412,-0.05054449814991813,,
NHPC,2026-07-20,False,False,2.6558320920926137,0.49454652121476705,,
NIACL,2026-06-25,False,False,16.754600120509046,-1.8310228154626018,,
NIACL,2026-06-29,False,False,21.01745919407394,0.005520911950140928,,
NIACL,2026-07-01,False,False,24.1162444466247,0.284058622806338,,
NIACL,2026-07-02,False,False,19.616726151727825,0.5655294304524716,,
NIACL,2026-07-03,False,False,17.3612645145681,-0.05888999106234971,,
NIACL,2026-07-06,False,False,17.67012037552731,0.9159904831470111,,
NIACL,2026-07-07,False,False,17.657479244204445,-0.2838164098245666,,
NIACL,2026-07-09,False,False,8.23076923076922,0.1926815938761095,,
NIACL,2026-07-10,False,False,6.038163706367183,-0.0217083466646395,,
NIACL,2026-09-04,False,True,2.9756229873214357,0.4900233572404433,-9.48505583189474,
NIACL,2026-09-07,True,True,4.295558642533903,-3.022753744365425,-20.335179705051686,
NIACL,2026-09-08,False,False,11.861350075156295,-1.5626372882715511,,
NIACL,2026-09-09,False,False,20.18781691830076,-0.4319254241121784,,
NUVAMA,2026-07-07,False,False,4.787999999999992,0.26201938281547044,,
NUVAMA,2026-07-08,False,False,2.873185762839725,-0.08892818547739934,,
NUVAMA,2026-07-09,False,False,4.548233328955353,0.05857191379243787,,
NUVAMA,2026-07-10,True,True,-0.3158295281583068,-0.40927571552009656,-8.193047609618143,
NUVAMA,2026-07-13,False,False,1.7090584227276162,0.14233676787440697,,
NUVAMA,2026-07-14,False,False,5.074646036747832,0.5112836544295618,,
NUVAMA,2026-07-24,False,True,0.2435662387772819,0.9800961995948931,-18.015380717739216,
NUVAMA,2026-07-27,False,False,5.114663528298524,-0.3430667898475903,,
NUVOCO,2026-07-22,False,False,12.230641652641605,-0.20999580367272452,,
NUVOCO,2026-07-23,False,False,11.57322175732216,0.09772612298768468,,
NUVOCO,2026-07-24,False,False,11.46439827135377,-0.11134137689196022,,
NUVOCO,2026-07-27,False,False,11.21646233507969,0.5170503540056215,,
NUVOCO,2026-07-28,False,False,14.07101296516242,-0.6234978514881528,,
NUVOCO,2026-07-29,False,False,13.568990953037407,-0.18421252238655095,,
NUVOCO,2026-07-30,False,False,10.226735134820064,-0.38450757050616513,,
NUVOCO,2026-08-03,False,False,6.145745622992882,-0.12881414030887495,,
NUVOCO,2026-08-06,False,False,4.9589951990395065,0.8953086219539719,,
NYKAA,2026-06-24,False,False,1.6848718066855506,0.0,,
NYKAA,2026-06-25,False,False,2.3167625308134765,0.032880521296241305,,
NYKAA,2026-06-29,False,False,1.6153888682516326,0.11438107958026134,,
NYKAA,2026-06-30,False,False,2.8067247521958327,-0.11545641120320749,,
NYKAA,2026-07-01,False,False,1.391101097658698,-0.2572819678856364,,
NYKAA,2026-07-02,False,False,1.505650825304472,-0.1450482536764719,,
NYKAA,2026-07-03,False,True,0.05510075384447255,0.12664045868444607,4.3219663803806485,-0.8925516852036797
NYKAA,2026-07-06,False,True,1.0099924504561208,-0.17413908498282726,3.647120177360086,-0.874291123293236
NYKAA,2026-07-07,False,False,2.749041008485009,-0.3186743272468706,,
NYKAA,2026-07-08,False,True,1.212092611218818,-0.26696172104575533,2.707232662113812,-0.4352806901496531
NYKAA,2026-07-09,False,False,1.1525993116464628,0.4815870012661261,,
NYKAA,2026-07-10,True,True,0.49999999999998934,-0.35162633829919354,1.7923576778462458,0.2810489920157311
NYKAA,2026-07-13,False,False,0.3938347489203631,0.0,,
NYKAA,2026-07-14,False,False,1.9580788298698915,-0.07630093229270551,,
NYKAA,2026-07-15,False,False,3.0916480699185955,-0.2925364763760596,,
NYKAA,2026-07-16,False,False,1.4314000835871754,-0.19711717861542466,,
NYKAA,2026-07-17,False,False,3.155357716274221,-0.18507281953230592,,
NYKAA,2026-07-20,False,False,2.663616832863802,0.0769467542925284,,
NYKAA,2026-07-21,False,False,3.0121143159042463,-0.1848162990284674,,
NYKAA,2026-07-22,True,True,0.00322231078231372,0.029959718993199935,3.3220171112797514,-2.205061339155401
NYKAA,2026-07-23,False,False,2.8486310440255735,0.46033450112119567,,
NYKAA,2026-07-24,False,False,5.14521772794827,-0.5744374029061472,,
NYKAA,2026-07-27,False,False,3.417297688275789,-0.030709689970831455,,
NYKAA,2026-07-28,False,False,3.132175650366986,-0.03061570653032364,,
NYKAA,2026-07-29,False,False,1.5610859728506732,0.4393310894290403,,
NYKAA,2026-07-30,False,False,2.3795024331005,-0.25781197210932305,,
NYKAA,2026-07-31,True,True,-0.3330336985264415,0.3565007925413033,-0.79453478874284,-0.4975124378109319
NYKAA,2026-08-03,False,True,0.5743893412287093,0.7908068780117405,-2.76428867703824,0.680031793694269
NYKAA,2026-08-04,False,False,2.430407836236026,-0.07382253196686062,,
NYKAA,2026-08-05,False,False,3.3157954891108066,-1.0324483775811188,,
OBEROIRLTY,2026-07-03,True,True,0.014384436498993125,0.4051872822997016,-3.4758964247961877,4.084212969751699
OBEROIRLTY,2026-07-06,True,True,-0.27449603321331173,-0.0051020967561932196,-6.213932161801217,0.5106622765993718
OBEROIRLTY,2026-07-07,False,False,1.8434843920472899,0.056155582934347414,,
OBEROIRLTY,2026-07-08,False,False,5.565391575960743,-0.1900324925856678,,
OBEROIRLTY,2026-07-09,False,False,5.7219531495692255,0.3028184149186819,,
OBEROIRLTY,2026-07-10,False,False,6.528821448465227,0.3373635362240668,,
OBEROIRLTY,2026-07-13,False,False,4.795008486024299,-0.3922183972133064,,
OBEROIRLTY,2026-07-14,False,False,2.6184001088472186,0.7928244569743503,,
OBEROIRLTY,2026-07-15,False,False,3.6414377777029605,-0.1710515675582558,,
OBEROIRLTY,2026-07-16,False,False,6.222686466773442,-0.24419895446065043,,
OBEROIRLTY,2026-07-17,False,False,7.1521592840603665,0.04296717659102445,,
OBEROIRLTY,2026-07-20,False,False,7.077436918932412,0.6750918213878521,,
OBEROIRLTY,2026-07-21,False,False,4.879762259938181,0.05835104769951194,,
OFSS,2026-06-25,True,True,0.0383577212672126,0.557142857142856,10.304803290872,3.900099881184005
OFSS,2026-06-29,False,False,0.5683518476535809,1.3883142555049854,,
OFSS,2026-06-30,False,False,2.6922543673167487,-0.1937269372693673,,
OFSS,2026-07-01,False,True,4.272876583763496,0.27291549030679096,4.86689123356534,-1.2535693310921636
OFSS,2026-07-02,False,True,1.0629743404409142,0.22638775695009716,4.160241023096556,-1.6597157965786535
OFSS,2026-07-03,False,False,2.4351383113360825,-0.12639942217407274,,
OFSS,2026-07-06,False,True,0.20681577086278935,0.39939646756013136,2.7842435133491383,-1.5561433897980481
OFSS,2026-07-07,False,False,2.6136976451554883,-0.4741032292691627,,
OFSS,2026-07-08,False,False,2.6321467098165963,0.04496807266840541,,
OFSS,2026-07-09,False,False,3.666575864886945,-0.19936565473493983,,
OFSS,2026-07-10,True,True,-0.15916047223437646,0.8555300758511297,-4.955854530166059,1.8236283371872997
OFSS,2026-07-13,False,True,0.8278955954323042,-0.3252032520325243,-3.50344980276196,-0.029165256302987608
OFSS,2026-07-14,False,False,2.6196738109469653,-0.23852116875372475,,
OFSS,2026-07-15,False,False,3.4233218588640257,0.38009675190049386,,
OFSS,2026-07-16,False,False,2.0185908319184875,0.12749681257968604,,
OFSS,2026-07-17,False,False,3.5480785800448,-0.3092252190345257,,
OFSS,2026-07-20,False,False,1.9666553538095988,-0.6490769619826309,,
OFSS,2026-07-21,False,False,3.7478024819027844,0.05173305742369738,,
OFSS,2026-07-28,False,False,5.6414092664092585,0.6713780918727874,,
OFSS,2026-07-29,False,False,3.7388625592416957,0.2591792656587488,,
OFSS,2026-08-05,False,True,1.2881334022750712,0.467532467532461,0.3958403791219256,0.3958403791219256
OFSS,2026-08-06,True,True,1.453543037866467,-0.2472714870395687,-0.11837510162986398,-1.845556299788098
OFSS,2026-08-19,False,False,2.2688546892270844,-0.03399915002124665,,
OFSS,2026-08-20,False,False,2.6879535558780754,-0.22998296422487297,,
OFSS,2026-08-21,False,False,2.1732925586136487,-0.2119182843095757,,
OFSS,2026-08-27,False,False,2.082877116145876,0.04213009774183263,,
OFSS,2026-08-28,True,True,0.43337752734504686,0.43275632490014093,-5.035353910381746,0.6245719990429333
OFSS,2026-08-31,False,False,1.325462012320311,0.2883031301482708,,
OFSS,2026-09-01,False,False,2.678018575851393,0.09786331756647115,,
OIL,2026-07-30,False,False,2.787860172368428,0.8093112852515238,,
OIL,2026-07-31,False,False,3.2306135185788953,0.11057054102225905,,
OIL,2026-08-03,False,False,3.1736366940195992,-0.7776534048124173,,
OIL,2026-08-21,False,False,2.0075025558471626,-0.2597402597402598,,
OIL,2026-08-24,False,False,3.059567665293539,0.11590313448430756,,
OIL,2026-08-28,False,False,3.135547607807565,0.11598223931057472,,
OIL,2026-08-31,True,True,-0.51081614540196,0.23421464286850213,1.7388389364948686,-0.9468282871171407
OIL,2026-09-01,False,False,2.876443329274303,0.20514924093903986,,
OIL,2026-09-02,False,False,3.0980726903173883,-0.9450246950195695,,
OIL,2026-09-03,False,False,1.0659669474750055,0.22173071759370444,,
OIL,2026-09-04,False,False,3.1615671737872164,-0.03078376531233662,,
OIL,2026-09-07,False,False,3.246350399976494,-0.5720097636299659,,
OIL,2026-09-08,False,False,3.2145411729042506,0.1336885808648436,,
OIL,2026-09-09,True,True,0.8217881578119313,-0.6363057721793797,-5.5788236573597105,0.0185599365684741
OLAELEC,2026-06-10,False,False,6.377317805194083,-0.6432230724409682,,
OLAELEC,2026-06-11,False,False,3.3010225738622,0.5690209766541443,,
OLAELEC,2026-06-12,False,False,5.196859989703739,0.4071190247714185,,
OLAELEC,2026-06-15,False,False,6.861582683375245,-0.0866300680448795,,
OLAELEC,2026-06-16,False,False,12.932983986312173,-0.2969329763422568,,
OLAELEC,2026-06-17,False,False,13.688303826908466,-0.45913855976617013,,
OLAELEC,2026-06-23,False,False,16.675146114191364,-0.4242288566607022,,
OLAELEC,2026-06-24,False,False,13.209326792408405,-0.5809900234537868,,
OLAELEC,2026-06-30,False,False,14.906312278687128,0.34364109936311227,,
OLAELEC,2026-07-01,True,True,1.1073197363453247,-0.5564210957087368,-18.82634093925718,
OLECTRA,2026-06-17,False,False,8.608611326609772,1.256873527101332,,
OLECTRA,2026-06-18,False,True,3.7395331604297866,-0.19967100054508746,1.688254748221385,
OLECTRA,2026-06-19,True,True,-2.105577289474725,2.873876717565471,-4.110811063535468,
OLECTRA,2026-06-22,True,True,1.0200027247551091,0.06553938707551943,-10.644211987512442,
OLECTRA,2026-06-23,False,False,3.17079228614372,-0.5456968328813261,,
OLECTRA,2026-06-24,False,False,3.23220492987053,0.15237156860714585,,
OLECTRA,2026-06-25,False,False,4.002702247595447,0.44176543413236846,,
OLECTRA,2026-06-29,False,False,4.904522132086031,-1.1560710050034118,,
OLECTRA,2026-06-30,False,False,6.232696921370207,-0.7633104999844598,,
OLECTRA,2026-07-01,False,False,2.6010485559934793,0.21741511738389008,,
OLECTRA,2026-07-02,False,False,2.7158417440452,-0.2952949621304879,,
OLECTRA,2026-07-03,False,False,3.753984252993958,-0.9398651875205388,,
OLECTRA,2026-07-06,False,False,6.220625721066408,-0.2304164048737123,,
PAGEIND,2026-06-12,False,False,3.1057980456026035,-0.10412599245086529,,
PAGEIND,2026-06-15,False,True,0.6277975584944029,0.447055818112152,1.5496558356300927,-0.9271650384096719
PAGEIND,2026-06-24,False,True,0.6367346938775276,0.0742666171555939,7.196232277348447,0.04326195111401532
PAGEIND,2026-06-25,True,True,0.6962651043573853,0.24470818548880668,5.7206354632005185,-0.6066027518637718
PAGEIND,2026-06-29,False,False,1.799673676577207,-0.3972553268327905,,
PAGEIND,2026-06-30,False,False,3.7559127864005726,-0.5025125628140725,,
PAGEIND,2026-07-01,True,True,-1.681977354966746,0.41022034692921316,-5.448298419607001,3.289779476320831
PAGEIND,2026-07-02,False,False,1.7294287362954242,-0.4022988505747116,,
PAGEIND,2026-07-03,False,False,2.142004634994188,0.12762501450285235,,
PAGEIND,2026-07-06,False,False,3.424322421682491,-0.16399203467259982,,
PAGEIND,2026-07-07,False,False,4.317810650887566,-0.3185089064527524,,
PAGEIND,2026-07-08,False,False,4.1452622873345835,-0.11800802454566828,,
PARADEEP,2026-08-07,False,False,7.502849804744582,0.19486176042247116,,
PARADEEP,2026-08-11,False,False,5.016706394766168,0.7524748446524399,,
PARADEEP,2026-08-14,False,False,4.7274304681302,-0.02028315113918877,,
PARADEEP,2026-08-18,False,False,4.94690283963064,0.14315321534064118,,
PARADEEP,2026-08-19,False,False,4.159853785310741,0.5844380876811606,,
PARADEEP,2026-08-20,False,False,2.1717771154972754,-0.026497905037814462,,
PARADEEP,2026-08-21,False,False,4.06142437892143,-0.15501481248082483,,
PARADEEP,2026-08-24,False,False,3.669549395286742,-0.09405400329717262,,
PARADEEP,2026-08-25,True,True,-1.200332927938208,1.1276670122886134,-3.1310187784246324,
PARADEEP,2026-08-28,False,True,2.239026817529899,-0.22041303270414758,-6.6012590889522045,
PARADEEP,2026-09-08,False,False,4.376858143911999,-0.7120081482608898,,
PARADEEP,2026-09-09,False,False,5.8557993730407265,-0.11272086926176206,,
PARADEEP,2026-09-10,False,False,7.3499499684792635,-0.3989645166246447,,
PAYTM,2026-07-08,False,False,1.2119666253345152,-0.1607458671024964,,
PAYTM,2026-07-09,False,True,1.3324526797157565,0.3956099233527244,5.748173164086712,0.7008326526469988
PAYTM,2026-07-10,True,True,-0.9026518325881083,0.2253576494958054,5.081265964410719,4.22058545390549
PAYTM,2026-07-13,False,True,1.3953229398663503,-0.5096406152329203,3.2365764994014556,0.8570100198053154
PAYTM,2026-07-14,False,False,1.5611060851713043,0.09410414970141279,,
PAYTM,2026-07-15,False,True,0.9333764477644779,0.03594794674122159,0.3996744035513533,-1.238050781754807
PAYTM,2026-07-16,False,False,4.326027337301053,-0.45534307307892874,,
PAYTM,2026-07-17,False,False,5.52499999999998,-0.7407407407407418,,
PAYTM,2026-07-20,False,False,5.023393817552213,0.3203970573241177,,
PAYTM,2026-07-21,False,False,5.093645484949816,-1.051628792074888,,
PAYTM,2026-07-24,False,False,13.077568972411013,-0.2791068580542233,,
PAYTM,2026-07-27,False,False,10.79173751488458,-0.3902286591320303,,
PAYTM,2026-07-28,False,False,8.438266871165624,0.5009633911368105,,
PAYTM,2026-07-29,False,False,8.521488871834215,0.06143824743696236,,
PAYTM,2026-07-30,False,False,6.0537853607542935,-0.49646272489324295,,
PAYTM,2026-07-31,False,False,3.118234556923638,0.3575455365456337,,
PAYTM,2026-08-03,False,True,3.217832432104961,-0.41432196560301504,14.020461034650666,3.3605104281347886
PAYTM,2026-08-04,False,False,2.4817651740631774,-0.5010922057732015,,
PAYTM,2026-08-05,False,False,2.1918181896674493,-0.5766491682049901,,
PAYTM,2026-08-06,False,True,1.3498480156813653,0.06293877021417149,9.23207769785428,-1.7180177540485286
PAYTM,2026-08-07,False,False,1.1793853489685313,0.04140332592958984,,
PAYTM,2026-08-10,True,True,-0.7646624567094751,0.4280422984649812,12.455877515471636,8.638036266083082
PAYTM,2026-08-11,False,True,0.1553927680797873,1.0139161999118018,2.677105557604542,-0.7963030532744386
PAYTM,2026-08-12,False,False,2.0811102221203193,0.3667800884998407,,
PAYTM,2026-08-13,False,False,2.5001243554753527,0.031106133657199386,,
PAYTM,2026-08-14,False,False,0.8975958612294388,-0.46043715608560243,,
PAYTM,2026-08-17,False,False,2.9597018210053783,0.6845052893590609,,
PAYTM,2026-08-18,False,False,6.521385603789831,-0.6353643716171087,,
PAYTM,2026-08-19,False,False,7.096623302080807,0.22551546391753607,,
PAYTM,2026-08-20,False,False,4.372407803108325,-0.15638684087203591,,
PAYTM,2026-08-21,False,False,3.20208312820649,0.2546410563384782,,
PAYTM,2026-08-24,False,False,2.8325910780164776,-0.16638634702152988,,
PAYTM,2026-08-25,False,True,1.926575537166486,0.57227548876011,8.500693121138658,2.834044114456402
PAYTM,2026-08-26,True,True,0.7815812053324933,-0.39535167605377897,1.442728152022199,-0.358508712892891
PAYTM,2026-08-27,False,False,1.2893588325908034,-0.29583940563322475,,
PAYTM,2026-08-28,False,False,3.125316871604311,-0.17148746117494618,,
PAYTM,2026-08-31,False,False,6.007519777798276,-0.2853643698770503,,
PAYTM,2026-09-01,False,False,5.067082020052216,-0.8437541614464861,,
PAYTM,2026-09-02,False,False,8.356357875187847,-0.2669179905726238,,
PAYTM,2026-09-03,False,False,8.067135262089709,-0.7821612092005714,,
PAYTM,2026-09-04,False,False,6.214482033038582,-0.1583709364236463,,
PAYTM,2026-09-07,False,False,4.896161974519164,-0.1083387799052038,,
PAYTM,2026-09-09,False,True,1.3011505762825282,1.2012734071735753,3.821936846519791,0.5191643050675765
PAYTM,2026-09-10,False,False,1.86092541591234,-0.32737644315667946,,
PAYTM,2026-09-11,True,True,1.9137806016795933,-0.2243456258220533,4.650435849457746,2.28011542177764
PAYTM,2026-09-15,False,False,4.380222707352255,0.17528841311493792,,
PAYTM,2026-09-16,True,True,4.693424043490002,-0.7250394951536232,0.03785552747472831,-2.930997187973172
PAYTM,2026-09-17,False,False,3.945234113712348,0.32435124630911805,,
PERSISTENT,2026-07-22,False,False,3.316900778812104,-0.08527273363886367,,
PERSISTENT,2026-07-24,False,False,5.001265534624011,-0.14369694266732624,,
PERSISTENT,2026-07-27,False,True,0.689984691308565,0.2938722942322336,4.57345722252207,0.1764870060017909
PERSISTENT,2026-07-28,True,True,-0.7821484700009318,0.6026655336621278,1.4219100210158153,2.687236210440469
PERSISTENT,2026-07-29,True,True,0.518226332970606,-0.21174140649949935,-0.5877232152925238,-1.069452290902695
PERSISTENT,2026-07-30,False,True,0.8826681460623709,-0.14526978242284105,1.0157656875757315,-2.8172753104668047
PERSISTENT,2026-07-31,False,False,7.6590004862524985,0.48551395675056064,,
PERSISTENT,2026-08-03,False,False,6.410666171141877,0.32624906785980734,,
PERSISTENT,2026-08-04,False,False,3.929038112522676,0.29122679286495146,,
PERSISTENT,2026-08-05,False,False,3.628121606948964,0.39970930232557933,,
PERSISTENT,2026-08-06,False,False,3.8348141432456906,-0.31631269769543113,,
PERSISTENT,2026-08-07,False,False,3.235803136830717,0.4618310241782053,,
PERSISTENT,2026-08-10,False,False,4.231707317073163,-0.20888202706385028,,
PERSISTENT,2026-08-11,False,False,3.900752971060495,0.07262823422604647,,
PERSISTENT,2026-08-12,False,False,4.631646263475231,0.16471449487553969,,
PERSISTENT,2026-08-13,False,False,4.5838736188476,0.7173733100340307,,
PERSISTENT,2026-08-14,False,False,2.8325109649122604,-0.24610336341263084,,
PERSISTENT,2026-08-17,False,False,1.5300278701789072,0.07197480881691032,,
PERSISTENT,2026-08-19,False,False,1.8321460775473364,-0.16204537270435582,,
PERSISTENT,2026-08-20,False,True,1.8229645658642157,-0.44879274750919684,4.045050178492615,0.6801889812307227
PERSISTENT,2026-08-21,False,False,1.6400212690535154,-0.46749581017906383,,
PERSISTENT,2026-08-24,False,False,1.0740838386501306,-0.07903055848261786,,
PERSISTENT,2026-08-28,True,True,-0.24921983356450683,0.47030134122976186,-5.8680397140932765,1.7706228681918068
PERSISTENT,2026-09-01,False,False,4.4591980302497225,0.6995483928097013,,
PGEL,2026-06-25,False,False,4.011973778394107,-0.09821210588727425,,
PGEL,2026-06-29,False,False,7.251868600547251,0.1384274671277108,,
PGEL,2026-06-30,False,False,9.040564673244322,-0.06553849923923716,,
PGEL,2026-07-01,False,False,7.788279395294606,-0.3966834712292422,,
PGEL,2026-07-02,False,False,3.7893471258011013,-0.09800209925260317,,
PGEL,2026-07-03,False,False,3.3194224765209057,-0.008874885569243318,,
PGEL,2026-07-06,False,False,4.619738804213558,-0.5364806749841966,,
PGEL,2026-07-07,False,True,1.3930955298529835,-0.06964363353781922,6.711694069725849,-1.391146548265787
PGEL,2026-07-08,False,False,4.216381078270737,0.13973585903384045,,
PGEL,2026-07-09,False,False,3.5480935875216613,0.391474554153981,,
PGEL,2026-07-10,False,False,1.4987641586729383,0.28109444873296585,,
PGEL,2026-07-13,False,True,3.5301551335846115,0.2693055035779546,3.9294716002880925,-1.183732403740334
PGEL,2026-07-14,False,False,3.866224620573333,-0.2628434391865997,,
PGEL,2026-07-15,False,False,0.7070969420640782,0.4138387851406744,,
PGEL,2026-07-16,False,True,1.5731334159529986,-0.4941932394903703,-0.6197513660200049,1.4175641041312748
PGEL,2026-07-17,False,False,3.62009803921568,-0.7299270072992692,,
PGEL,2026-07-20,False,False,3.840672560035463,0.11475609951332455,,
PGEL,2026-07-21,False,False,2.3656174334140356,0.05652516710610289,,
PGEL,2026-07-28,False,False,9.488084709039235,-0.12932149051015918,,
PGEL,2026-07-29,False,False,7.9320931282961915,-0.3476912954298417,,
PGEL,2026-07-30,False,False,4.045118949958981,-0.716733057351171,,
PGEL,2026-07-31,False,False,1.7353286357748798,-0.7862683437231177,,
PGEL,2026-08-03,False,False,2.1193946992819956,-0.5556022448198306,,
PGEL,2026-08-04,False,False,2.065879537971682,-0.04842230554396032,,
PGEL,2026-08-05,False,False,2.9115421678252984,-0.1867278435486064,,
PGEL,2026-08-07,False,True,1.9343368964580776,-0.40725844105992115,-7.836316349330408,-0.7728157630818133
PHOENIXLTD,2026-06-25,True,True,-0.2679306564501438,0.23805700303776156,4.49288470702589,-1.9521805127039715
PHOENIXLTD,2026-07-02,False,False,2.0467776790324743,-0.2699877246126414,,
PHOENIXLTD,2026-07-03,True,True,0.07507495261223074,-0.06878374753216399,-1.219687730253316,1.693565108609807
PHOENIXLTD,2026-07-06,True,True,1.2371938549247785,-0.024445096021896706,-2.874092738615708,2.405594267870814
PHOENIXLTD,2026-07-07,True,True,0.8810426540284189,-0.4716981132075526,-4.951167149527369,-3.8236602083127624
PHOENIXLTD,2026-07-08,False,False,4.154451891983113,0.1848272776325377,,
PHOENIXLTD,2026-07-09,False,False,3.9676981307358528,0.6634517929729356,,
PHOENIXLTD,2026-07-10,False,False,2.0682977593513563,0.33414484349196805,,
PHOENIXLTD,2026-07-13,False,False,1.6302715520063904,-0.6126580214561028,,
PHOENIXLTD,2026-07-14,False,False,0.6908189084439353,0.6197599640319185,,
PHOENIXLTD,2026-07-15,False,False,1.8756855441375953,0.07480937534742882,,
PHOENIXLTD,2026-07-16,False,False,3.4463495764831764,-0.02845952899827031,,
PHOENIXLTD,2026-07-17,False,False,5.015605541645329,-0.014447651245685922,,
PHOENIXLTD,2026-07-20,False,False,5.447246086666602,0.31043374275281366,,
PHOENIXLTD,2026-07-21,False,False,5.269082745462961,0.20801320286831793,,
PHOENIXLTD,2026-07-22,False,False,4.1877233192673335,-0.0095524162306182,,
PIDILITIND,2026-06-15,True,True,-0.21280993379343416,0.10874119610941868,3.8824170760456855,1.6220125363201499
PIDILITIND,2026-06-16,False,False,1.4098470467156066,-0.15278021368404504,,
PIDILITIND,2026-06-17,False,False,1.3686904316629223,-0.06986189812242527,,
PIDILITIND,2026-06-18,False,False,0.97720797720795,0.17758919990096267,,
PIDILITIND,2026-06-19,False,False,0.9452531645569362,0.3110929141015184,,
PIDILITIND,2026-06-22,False,False,2.302315082254691,-0.14656683847682483,,
PIDILITIND,2026-06-23,False,False,2.067812798471813,-0.01273006800094345,,
PIDILITIND,2026-06-24,False,False,2.5061574663434616,0.2429388151609535,,
PIDILITIND,2026-06-25,False,True,0.5125741736894618,0.0312773681744094,-2.563097239903034,-0.5970645495337878
PIDILITIND,2026-06-29,False,False,1.7366302890527319,-0.006244181341696908,,
PIDILITIND,2026-06-30,False,False,2.0745441354151906,0.0,,
PIDILITIND,2026-07-01,False,False,2.7830820416978597,-0.23922246321215201,,
PIDILITIND,2026-07-02,False,False,2.556573542638607,-0.018888815116457902,,
PIDILITIND,2026-07-03,False,False,0.35139396387076083,0.42070943218388557,,
PIDILITIND,2026-07-06,False,False,1.50537313398873,-0.1365072725987848,,
PIDILITIND,2026-07-07,False,False,1.3165142188366952,-0.024803100319414906,,
PIDILITIND,2026-07-09,False,False,3.2091825080640346,0.12642225031604948,,
PIDILITIND,2026-07-10,False,False,2.356217186724008,0.07518491051847764,,
PIDILITIND,2026-08-05,False,False,2.288036809815952,0.18438844499077955,,
PIDILITIND,2026-08-06,False,True,1.052296354189819,-0.06638355980310706,1.683773325564375,0.10010010010010895
PIDILITIND,2026-08-10,False,False,1.9509143194040401,-0.03607790655065779,,
PIDILITIND,2026-08-11,False,False,0.8288416871744975,0.04761912027562154,,
PIDILITIND,2026-08-12,False,True,0.709014198643465,-0.08312203131719542,-3.4122570082991577,0.3934298719480589
PIDILITIND,2026-08-13,False,False,1.1659143703828034,-0.05321087805888469,,
PIDILITIND,2026-08-14,False,False,1.2431672869476218,0.07104388331025113,,
PIDILITIND,2026-08-17,False,False,1.0087394984791942,0.2064409549132673,,
PIDILITIND,2026-08-18,False,False,3.2389333659990083,-0.11417729955758293,,
PINELABS,2026-08-14,False,False,2.4196234379269654,-0.04150137442201496,,
PINELABS,2026-08-17,False,False,4.845160763969836,0.04859451354777278,,
PINELABS,2026-08-25,False,False,9.153503010278108,-0.20818992018857285,,
PINELABS,2026-08-26,False,False,3.619806745911802,-0.13845240448309148,,
PINELABS,2026-08-27,True,True,1.2476588834857916,-0.7384456013409646,17.894960748955512,
PINELABS,2026-08-28,False,False,3.1762680174931557,-0.1598793608801108,,
PINELABS,2026-08-31,False,False,6.924099199199585,-0.306372554748624,,
PINELABS,2026-09-04,False,False,11.366428946315255,-0.28087277354631457,,
PINELABS,2026-09-11,True,True,1.2737329636300254,-1.3890457310574589,8.1406755711118,
PINELABS,2026-09-15,False,False,5.440444221491103,-0.5912664948832025,,
PINELABS,2026-09-16,False,False,10.108780741960954,0.7326177097259468,,
PINELABS,2026-09-17,False,False,9.279189447992797,0.08437231735094475,,
PIRAMALFIN,2026-09-17,False,False,4.877398763997709,-0.37538108446357743,,
PNB,2026-06-22,False,False,1.9297871598441763,0.09186814471557891,,
PNB,2026-07-31,False,False,1.4213607363170233,0.1783298667151989,,
PNB,2026-08-03,False,True,0.9183363244576803,-0.2561778215112609,4.417062894359924,-0.40097570621377976
PNB,2026-08-04,False,False,1.5467828556077867,0.06182626220587739,,
PNB,2026-08-05,False,True,0.11517497213420214,0.41947335109102646,3.422784816318525,-1.2972163374048717
PNB,2026-08-06,False,False,1.5578920464766721,0.4051427521256423,,
PNB,2026-08-07,False,False,1.5044708145887098,-0.01753530166535011,,
PNB,2026-08-10,False,False,1.3521426694090621,-0.08733491189615306,,
PNB,2026-08-11,False,False,2.4355952464404362,0.07072922873572196,,
PNB,2026-08-12,False,True,0.19603485760353312,0.977314800606166,0.9083017042835317,2.3054959428636
PNB,2026-08-13,False,False,1.9503369174215912,-0.1356358375352973,,
PNB,2026-08-14,False,False,1.6053325725453815,-0.05074005319157804,,
PNB,2026-08-19,False,False,3.0437553456492017,-0.18839907307788284,,
PNB,2026-08-20,False,False,2.1237258148676608,0.03402595811334841,,
PNB,2026-08-21,False,False,3.371922606760114,-0.43705726759800667,,
PNB,2026-08-26,False,False,2.062974308514365,0.03400570982008411,,
PNBHOUSING,2026-07-09,False,False,3.1561792319046766,0.48117641132015,,
PNBHOUSING,2026-07-10,False,False,2.4485961635268616,0.09154155782231665,,
PNBHOUSING,2026-07-20,False,False,4.0741817617720555,-0.018277072383454662,,
PNBHOUSING,2026-07-21,False,False,3.846332935043928,-0.3816860368050179,,
PNBHOUSING,2026-08-13,False,False,1.3802227222476704,0.318714023091049,,
PNBHOUSING,2026-08-19,False,False,3.3955708756639114,-0.052514274480308654,,
PNBHOUSING,2026-08-20,True,True,-0.6991388303918211,-0.23472619421734953,-0.2351982310087486,-0.2775073072466605
PNBHOUSING,2026-08-21,False,False,2.9915902284884943,-0.44796947571464907,,
PNBHOUSING,2026-08-24,False,False,4.0785070785070765,-0.2823450282564366,,
PNBHOUSING,2026-08-25,False,False,4.707380233059988,-0.6602599463443326,,
PNBHOUSING,2026-08-26,False,False,1.0946724992652257,0.9591943133413938,,
PNBHOUSING,2026-08-27,False,False,2.6868137083617905,-0.686830812840622,,
PNBHOUSING,2026-08-28,False,False,4.127037471711259,0.1627569277306007,,
POLICYBZR,2026-07-02,False,False,2.1474490080744424,-0.27246920116142936,,
POLICYBZR,2026-08-11,False,True,2.1290416709463855,-0.2664098134599113,9.376052598192297,3.015597365580036
POLICYBZR,2026-08-12,False,False,2.620549123043703,-0.04089455374264306,,
POLICYBZR,2026-08-13,False,False,1.4230850188605704,0.03467064928850405,,
POLICYBZR,2026-08-14,False,False,0.8111469262733539,-0.02292929150867762,,
POLICYBZR,2026-08-17,False,True,0.9892331549992361,0.25838309962573636,4.34548025870567,-2.0059837570416406
POLICYBZR,2026-08-18,False,False,2.3028262689517964,0.5393137686235283,,
POLICYBZR,2026-08-19,False,True,0.802267008276969,0.24460587622130436,3.5839191595065767,0.8817299640411891
POLICYBZR,2026-08-20,False,False,0.8251003386650968,-0.3999528589692547,,
POLICYBZR,2026-08-21,False,False,2.9256061904600283,-0.3000751276375002,,
POLICYBZR,2026-08-24,False,False,0.8074420115101288,-0.08336111924241996,,
POLICYBZR,2026-08-25,False,False,0.9009793697380974,0.3503267856728387,,
POLICYBZR,2026-08-26,False,True,0.13037541262472807,0.47986492950220505,2.791825993996966,1.530912928470607
POLICYBZR,2026-08-27,False,False,2.1396810159658664,0.2881087681269934,,
POLICYBZR,2026-08-28,False,False,3.0839715536104872,-0.005468824860388466,,
POLICYBZR,2026-08-31,False,False,3.7023292784079675,0.46997678396221154,,
POLICYBZR,2026-09-01,False,False,3.412087064766922,0.13187725460801492,,
POLICYBZR,2026-09-02,False,False,3.565539983511945,0.16515276630884035,,
POLICYBZR,2026-09-03,False,False,1.9297371001449237,-0.1458395380027122,,
POLICYBZR,2026-09-04,False,False,2.422814979283605,-0.19528998254634278,,
POLICYBZR,2026-09-08,False,False,4.699130396565043,0.016674011009998324,,
POLYCAB,2026-06-10,False,False,3.537796636806534,-0.31853785900782805,,
POLYCAB,2026-06-11,False,False,4.407448494453248,0.1534310353949575,,
POLYCAB,2026-06-17,False,True,2.1201302056422344,0.10344470880314649,2.032297578516462,0.6763194097649805
POLYCAB,2026-06-18,False,False,0.48490839923913676,-0.13496625843538723,,
POLYCAB,2026-06-19,False,False,1.5034795763994024,0.31871300652603907,,
POLYCAB,2026-06-22,False,False,1.0793082886106031,-0.41074875043302095,,
POLYCAB,2026-06-23,False,False,1.6798721087075918,-0.6107249255213554,,
POLYCAB,2026-06-30,False,False,5.097903542290605,0.10855518221761784,,
POONAWALLA,2026-07-10,False,False,2.4275696967858362,-0.684066503525127,,
PPLPHARMA,2026-07-06,False,True,3.669359251175175,0.8180573550222503,6.607827280200307,
PPLPHARMA,2026-07-07,False,False,1.761320918040843,-0.23476701133278155,,
PPLPHARMA,2026-07-10,False,False,5.3256777171067915,-0.02318720264580243,,
PPLPHARMA,2026-07-16,False,False,4.028641409272726,0.15488125420377585,,
PPLPHARMA,2026-07-17,False,False,4.796955620175436,0.21394420721883023,,
PPLPHARMA,2026-07-20,False,False,3.497793991287046,-0.5751038954390997,,
PPLPHARMA,2026-07-21,False,False,2.5395195611545462,-0.47980394108186886,,
PPLPHARMA,2026-07-24,False,False,3.508478232900436,0.07766956429871019,,
PPLPHARMA,2026-07-27,False,True,1.9096943611770723,0.25169989477649146,9.646076697538453,
PPLPHARMA,2026-07-28,True,True,1.3788543483593374,-0.40158769709037756,8.743037019186817,
PPLPHARMA,2026-07-29,True,True,-1.7928106796801457,2.261045096855696,7.269879212229213,
PPLPHARMA,2026-07-30,False,False,2.0845942062869716,0.39573757237088003,,
PPLPHARMA,2026-07-31,False,False,4.752018182217044,-0.5279878868305943,,
PPLPHARMA,2026-08-03,False,False,4.166903307960634,0.18996514302576095,,
PPLPHARMA,2026-08-04,False,False,1.9263136829116734,-0.4427857659942469,,
PPLPHARMA,2026-08-05,False,True,1.8432637023755305,-0.19340411676317393,3.0835020522398837,
PPLPHARMA,2026-08-06,True,True,-0.9992867428255114,1.7590332031250044,2.8272086434377286,
PPLPHARMA,2026-08-07,False,False,2.159128626600171,1.2401887323429284,,
PPLPHARMA,2026-08-10,True,True,-0.19067380503136055,0.27659103869643875,0.42523872124826667,
PPLPHARMA,2026-08-11,False,False,1.1900398868876616,0.5840067239100355,,
PPLPHARMA,2026-08-12,False,False,2.136046511627887,-0.8028077184943028,,
PPLPHARMA,2026-08-13,False,False,3.1241182879314877,1.3131648405195762,,
PPLPHARMA,2026-08-14,False,False,3.085388975550174,0.03287500597419779,,
PPLPHARMA,2026-08-17,False,False,5.756357467484863,0.17850876130687254,,
PPLPHARMA,2026-08-18,False,False,7.170574202622104,0.14662159531755314,,
PPLPHARMA,2026-08-19,False,False,3.7036599763872413,-0.24026878358346382,,
PPLPHARMA,2026-08-20,False,False,3.2939008338753295,0.667678620613521,,
PPLPHARMA,2026-08-21,True,True,0.16535340944470178,-0.39980231719246584,-3.753540715864334,
PPLPHARMA,2026-08-24,False,False,4.001971482245059,-0.16409154472476484,,
PPLPHARMA,2026-08-25,False,False,5.598798075698763,-0.5359283140156545,,
PPLPHARMA,2026-08-26,False,False,5.037850720927839,-0.09476732117357223,,
PPLPHARMA,2026-08-27,False,False,4.2173179357192,0.1744190395846612,,
PPLPHARMA,2026-08-28,False,False,2.1267209500036577,0.4121130588903954,,
PPLPHARMA,2026-08-31,False,False,3.2552242749638305,-0.3577255621189157,,
PPLPHARMA,2026-09-08,True,True,-0.24210959436751223,0.6531517784874818,-6.61660103538887,
PREMIERENE,2026-06-10,False,False,2.7811283530742914,-0.3416075390338169,,
PREMIERENE,2026-06-11,False,False,4.249161383108779,0.30159765993167387,,
PREMIERENE,2026-06-16,False,False,6.17470558087605,-0.17196205615538362,,
PREMIERENE,2026-06-17,False,False,4.869978157964905,-0.4610485687750354,,
PREMIERENE,2026-06-18,False,False,5.357979538094271,-0.11382576621646878,,
PREMIERENE,2026-06-19,False,False,4.7116115654679325,0.5313573826939644,,
PREMIERENE,2026-06-22,False,False,2.6290031948318804,-0.1846722068328699,,
PRESTIGE,2026-06-24,False,False,4.000455026393279,0.6855652217575781,,
PRESTIGE,2026-06-25,False,False,1.230118843527661,0.8483259107888719,,
PRESTIGE,2026-06-29,False,False,1.807532253615185,-0.19190174031202822,,
PRESTIGE,2026-06-30,False,False,2.207117833591954,-0.23750389525664106,,
PRESTIGE,2026-07-01,False,True,0.8637342586152563,0.09533494195530512,9.109015087979566,3.4621921007150114
PRESTIGE,2026-07-02,True,True,-0.6579745300182016,-0.17555689637398508,5.802273978077421,2.6768000488355925
PRESTIGE,2026-07-03,True,True,0.26758037954282,-0.21301630686020312,2.500865726161172,-0.46794260495441886
PRESTIGE,2026-07-06,False,True,1.897502352199365,-0.16682845492107523,1.5113921395966345,0.44544335562595183
PRESTIGE,2026-07-07,False,False,1.8813443692042187,-0.9176499513794956,,
PRESTIGE,2026-07-08,False,False,3.295005980861232,0.18574962793387328,,
PRESTIGE,2026-07-09,False,False,4.450710613849385,0.4983863689614232,,
PRESTIGE,2026-07-10,False,False,3.443490971176222,0.27025404275899945,,
PRESTIGE,2026-07-13,False,False,2.2317464953270916,-0.48247681175030976,,
PRESTIGE,2026-07-14,False,False,1.57907719094601,0.5544207761890796,,
PRESTIGE,2026-07-15,False,False,2.7056818892452927,-0.052787355663486135,,
PRESTIGE,2026-07-16,False,False,4.402736489563974,-0.017887920710135674,,
PRESTIGE,2026-07-17,False,False,6.869851143832473,0.05497936931235792,,
PRESTIGE,2026-07-20,False,False,4.978859840403582,-0.0839041372735827,,
PRESTIGE,2026-07-21,False,False,4.546175588314227,0.3236066741819199,,
PRESTIGE,2026-07-22,False,False,3.34243772024605,-0.3178354569783659,,
PRESTIGE,2026-07-28,False,False,5.899346789596027,-0.04870921328006261,,
PTCIL,2026-09-01,False,True,3.3565305662079714,0.6128007262823365,3.9767165488634904,
PTCIL,2026-09-02,False,False,2.169805050952589,0.110889332446229,,
PTCIL,2026-09-03,False,True,1.3378674857393413,0.6181015452538574,-1.25525548930715,
PTCIL,2026-09-04,False,True,2.030456852791862,0.531575590048905,-5.451907131011591,
PTCIL,2026-09-07,False,False,2.4318757921419465,-0.08442380751372269,,
PTCIL,2026-09-08,False,False,2.345398902490481,-0.8371703641691042,,
PTCIL,2026-09-09,False,False,2.1083385975994684,0.3168567807350975,,
PTCIL,2026-09-10,False,False,7.210369223966384,0.04423800044237591,,
PTCIL,2026-09-11,False,False,9.634297987791074,-0.5173189383715693,,
PTCIL,2026-09-15,False,False,2.388619087837829,0.8517887563884052,,
PTCIL,2026-09-16,False,False,6.97385837193909,-0.04410143329658389,,
PWL,2026-06-19,True,True,1.5350879897534142,0.2625387770815335,27.89615531783578,
PWL,2026-06-22,True,True,0.6630145401529619,-0.16194084877910742,19.870283222991823,
PWL,2026-06-23,False,False,5.156926563978792,-0.3253739029907554,,
PWL,2026-06-24,False,False,2.976067220048595,0.42279461397725093,,
PWL,2026-06-25,False,False,4.038677695784543,-0.6728742874416382,,
PWL,2026-06-29,False,False,9.890253329663468,-0.9803879048763231,,
PWL,2026-06-30,False,False,7.738887433971708,-1.1291245664969751,,
PWL,2026-07-01,False,False,5.74627425638905,0.6933252208996876,,
PWL,2026-07-02,True,True,-0.6565617213154185,-0.29996935655399737,12.646326162692723,
PWL,2026-07-03,False,False,3.108392264096782,-0.3953803646353893,,
PWL,2026-07-06,False,False,4.504443996879526,0.3493765043323549,,
PWL,2026-07-07,True,True,-1.3778257574058261,0.2978162762857117,-3.1337749172151153,
PWL,2026-07-08,False,True,4.149701691310104,-0.6004988525279975,-17.52118781898386,
PWL,2026-07-09,False,False,10.692326521008733,1.2875210207404564,,
PWL,2026-07-10,False,False,5.488934941743051,-0.19712402059610667,,
PWL,2026-07-13,False,False,9.04256157410388,0.5611876208735822,,
PWL,2026-07-14,False,False,11.49337913411923,0.06267344362895777,,
PWL,2026-07-15,False,False,12.701093551929944,0.27507363027667875,,
PWL,2026-07-16,False,False,18.20519294122016,-0.521056424262889,,
PWL,2026-07-17,False,False,21.494644151353114,0.15949473440237671,,
RADICO,2026-06-19,False,True,1.0492112240674922,0.4923563146726595,2.0280138485117893,0.43490712435148016
RADICO,2026-06-22,False,True,0.5133024487094406,-0.0132345156167335,0.8667632938569536,-0.33948837074551097
RADICO,2026-06-23,False,False,0.7249387816265829,-0.005264782564484705,,
RADICO,2026-06-24,False,False,2.0333675894300907,0.26745119015778585,,
RADICO,2026-06-25,False,True,1.599759652795063,-0.0690120391988347,7.358228770906017,0.43315287659617674
RADICO,2026-06-29,False,False,0.6991473728688247,-0.07815756764083526,,
RADICO,2026-06-30,False,True,0.9590702332198164,0.33472371997942396,4.385345862116186,0.3006197633003804
RADICO,2026-07-01,False,False,1.9854466374837898,-0.13001870392097548,,
RADICO,2026-07-02,False,False,1.6425442509938604,0.19621709565476042,,
RADICO,2026-07-03,False,False,0.7907693433134355,0.08813234852482754,,
RADICO,2026-07-06,False,True,1.2262576369898914,0.2355396884344163,3.5761400501404195,3.231681560448396
RADICO,2026-07-07,False,True,0.8412563667232531,-0.03879400713682202,3.175209168383386,-1.298434217298794
RADICO,2026-07-08,False,False,2.0173395287018003,-0.18502976643335334,,
RADICO,2026-07-09,False,False,1.0316409182504094,0.23970707854115147,,
RADICO,2026-07-10,False,False,2.7213702429887965,0.054058165890591425,,
RADICO,2026-07-13,False,False,2.595387402264837,-0.07843017578125222,,
RADICO,2026-07-14,False,False,1.9899732677624238,-0.04144088603994511,,
RADICO,2026-07-15,False,False,1.7889246868581843,0.06575578065250998,,
RADICO,2026-07-16,False,False,2.0721039693329946,-0.05121248536573697,,
RADICO,2026-07-17,False,False,2.8021605298678143,-0.2182686043838089,,
RADICO,2026-07-20,False,True,2.0148488709984536,0.06590182415773249,2.5603970303545553,-1.0187135759178068
RADICO,2026-07-21,False,False,2.1988504258028563,-0.722317227524516,,
RADICO,2026-07-22,False,False,3.043526103435612,-0.07086067864700007,,
RADICO,2026-07-23,False,False,1.8776490820245684,0.16709213219658903,,
RADICO,2026-07-24,False,False,3.182296767874604,0.6655163914222273,,
RADICO,2026-07-27,False,False,1.6760767281939648,-0.16379941241106977,,
RADICO,2026-07-28,False,False,2.334265703477878,-0.5831395359098379,,
RADICO,2026-07-29,True,True,0.5415989059769366,1.1209347747092924,4.07731457654259,0.06290387144738396
RADICO,2026-07-30,False,True,1.3602147101768436,1.1266360273070708,-0.38357611010393367,-2.264610884871765
RADICO,2026-07-31,False,False,4.385657828946621,-0.7386440133487993,,
RADICO,2026-08-03,False,False,2.1777994406293466,0.3541452362372244,,
RADICO,2026-08-04,False,False,1.4799348877885476,-0.20179372197309808,,
RADICO,2026-08-05,False,True,0.85905681383176,0.031268759074154495,3.5052641938327467,0.976961470313209
RADICO,2026-08-06,False,False,2.1444381246427557,0.1663376912869996,,
RADICO,2026-08-07,False,False,3.3573375598386246,0.32366604503821783,,
RADICO,2026-08-10,False,False,2.350664557819071,0.34729854390727066,,
RADICO,2026-08-11,False,False,1.465957080523661,-0.030780614418424168,,
RADICO,2026-08-12,False,False,2.271249079087312,0.15319839457710316,,
RADICO,2026-08-13,False,True,0.9066779122947732,-0.2204347076871671,-1.1759884762249428,1.2409620139924193
RADICO,2026-08-14,False,False,1.6523732800240332,-0.46084722830785907,,
RADICO,2026-08-17,False,False,1.203523781978788,-0.00430134259731263,,
RADICO,2026-08-18,False,False,0.6286427470586498,-0.2256300054544469,,
RADICO,2026-08-19,False,False,0.6041540155556024,-0.08030358097009804,,
RADICO,2026-08-20,False,False,1.1027359767249223,0.016962906914419484,,
RADICO,2026-08-21,False,False,2.534714586122644,-0.6024395495086488,,
RADICO,2026-08-24,False,False,3.4619700063524883,-0.08450492619176408,,
RADICO,2026-08-25,False,False,3.4911536754557604,0.21303923233695343,,
RADICO,2026-08-26,False,False,2.7511307344389335,-0.01076773985140278,,
RADICO,2026-08-27,False,False,3.1109017331304445,-0.43469324967720935,,
RADICO,2026-08-28,False,False,4.123602151259553,0.06769627280189816,,
RBLBANK,2026-06-10,False,False,1.0583333333333167,-0.34602076124568004,,
RBLBANK,2026-06-11,False,True,1.5069597152666425,0.7430236763871889,3.875774743063465,-0.47009205688349764
RBLBANK,2026-06-12,False,False,2.5287484682792627,-1.4677657348465378,,
RBLBANK,2026-06-15,True,True,0.03843532998188959,0.12171535693676905,2.311078223193852,1.001300353732315
RBLBANK,2026-06-16,False,False,1.2285492036423928,-0.04025601020593017,,
RBLBANK,2026-06-17,False,False,2.230411156525225,-0.3512613588510294,,
RBLBANK,2026-06-18,False,False,1.5557559234927298,-0.12106865543514145,,
RBLBANK,2026-06-19,False,True,2.2720059970580797,-0.5395926164667775,0.9480154328187052,0.8817069634190933
RBLBANK,2026-06-22,False,False,0.6191808099491158,-0.013172013957496453,,
RBLBANK,2026-06-23,False,False,2.3501933729953572,-0.29263264734677996,,
RBLBANK,2026-06-24,False,False,2.5006044804452676,0.20080321285140812,,
RBLBANK,2026-06-25,False,False,1.4568913186006949,0.2253163958954696,,
RBLBANK,2026-06-30,False,False,4.983174240758315,-0.6390227337907839,,
RBLBANK,2026-07-07,False,False,3.0236352840077085,0.4451021964258395,,
RBLBANK,2026-07-10,False,False,4.618852459016387,0.05467802452319148,,
RBLBANK,2026-08-06,False,False,1.3647119766933002,0.1930005116366873,,
RBLBANK,2026-08-13,False,False,1.9802357281825334,-0.2577319587628857,,
RBLBANK,2026-08-20,False,False,2.647215354397514,0.221954709190042,,
RBLBANK,2026-08-21,False,False,1.4269808473456491,0.10258884399738655,,
RBLBANK,2026-08-24,False,False,0.5765974916815075,-0.1522085451383881,,
RBLBANK,2026-09-04,False,True,0.5734693973157512,0.18308312246417824,0.762314925226959,0.7865439385589479
RBLBANK,2026-09-07,False,False,1.7936217928193,-0.181818181818183,,
RBLBANK,2026-09-08,False,False,1.1408190151237285,0.0,,
RBLBANK,2026-09-09,False,False,0.8006461605001736,0.10781318006987117,,
RBLBANK,2026-09-10,False,False,1.6240514410022389,0.18072289156625398,,
RBLBANK,2026-09-11,False,False,3.3770445918029246,0.24527838362982113,,
RBLBANK,2026-09-15,False,False,2.9990203054227393,-0.2553161806610804,,
RBLBANK,2026-09-16,False,False,5.414672338814586,-0.7306531782120929,,
RBLBANK,2026-09-17,False,False,3.8471150369034923,0.40720479930322906,,
RECLTD,2026-06-18,False,True,0.7799442896935904,-0.15296559912149066,2.22498786719616,-1.8242088980013005
RECLTD,2026-06-19,False,False,2.6523638306906516,0.09808213465858362,,
RECLTD,2026-06-22,False,True,1.7691558581809153,0.26436111682697216,0.9342761080642248,1.1797239085106659
RECLTD,2026-06-23,False,False,1.319850441876258,-0.2035278154681186,,
RECLTD,2026-06-24,False,False,2.8404248188100167,0.2071251000712815,,
RECLTD,2026-06-25,False,False,2.2066506419432086,0.054812883084887076,,
RECLTD,2026-06-29,False,False,2.642415145516508,-0.642253660212011,,
RECLTD,2026-06-30,False,False,1.7190899614264676,0.2185543879868801,,
RECLTD,2026-07-01,False,False,2.939720753636821,-0.13774104683195176,,
RECLTD,2026-07-02,False,False,1.1401207170964378,0.06780580193190833,,
RECLTD,2026-07-03,False,False,0.9759166711122313,0.0,,
RECLTD,2026-07-06,False,False,2.481654769003705,-0.28673355421772184,,
REDINGTON,2026-06-12,False,False,7.245596921086683,0.19604786697227095,,
REDINGTON,2026-06-15,False,False,4.51167042786591,1.0513506111600401,,
REDINGTON,2026-06-16,False,False,2.1407327012562094,0.8168266081865827,,
REDINGTON,2026-06-17,True,True,-0.6993024021399674,1.0385995139896576,8.969658504595968,
REDINGTON,2026-06-18,True,True,0.9117203380014649,-0.7390026938996819,9.456640145912676,
REDINGTON,2026-06-19,False,True,1.8339141383029167,-1.0470613109375915,2.5690604701389397,
REDINGTON,2026-06-22,False,False,5.095147303123393,0.13338443983155202,,
REDINGTON,2026-06-23,False,False,5.049764748441943,-0.4014319416442702,,
REDINGTON,2026-06-24,False,False,5.242923369927577,-0.2589094286686633,,
REDINGTON,2026-06-25,False,False,2.7028392953180935,1.0811225571774497,,
REDINGTON,2026-06-29,False,False,4.628815488456928,-1.071769258561328,,
REDINGTON,2026-06-30,False,False,6.5644053134369384,0.014571876922220284,,
REDINGTON,2026-07-01,False,False,5.204339355037302,-0.5008027034940188,,
REDINGTON,2026-07-02,False,False,7.2478859992602285,0.9994492941080013,,
REDINGTON,2026-07-03,False,False,6.60322895988088,-0.03641882785607731,,
REDINGTON,2026-07-06,False,False,6.856255969649339,0.07309052128352533,,
REDINGTON,2026-07-07,False,False,5.5268216287649,-0.9466062863046854,,
REDINGTON,2026-07-08,False,False,6.081514236059893,1.0439582796760494,,
REDINGTON,2026-07-09,False,False,8.1396366942178,0.0,,
REDINGTON,2026-07-10,False,False,6.42875086491439,-0.1815211391692384,,
REDINGTON,2026-07-13,False,False,4.6829534964221375,-0.28871104039168705,,
REDINGTON,2026-07-14,False,False,2.064753634275207,0.838539198399868,,
REDINGTON,2026-07-15,False,False,2.6459074733095944,-0.4075824637112313,,
REDINGTON,2026-07-16,False,False,2.800714203395338,-0.3184128483703308,,
REDINGTON,2026-08-06,False,False,4.801948729409533,-0.2452412257782144,,
REDINGTON,2026-08-07,False,False,2.8826590496919824,-0.3395533984657084,,
REDINGTON,2026-08-10,False,False,2.0999560337053413,0.2967324501505164,,
REDINGTON,2026-08-11,True,True,0.3191377314354815,-0.11061777924025185,-3.5194246656561012,
REDINGTON,2026-08-12,False,False,3.4371047051531267,-0.07054176193722617,,
REDINGTON,2026-08-13,False,False,5.416546762589913,0.607992513209199,,
REDINGTON,2026-08-14,False,False,6.752879649039367,-0.29057097711319146,,
REDINGTON,2026-08-17,False,False,7.583700440528607,0.7694602398578665,,
REDINGTON,2026-08-18,False,False,10.139053901877793,-0.7164160885028026,,
REDINGTON,2026-08-19,False,False,11.734785170123496,-0.5460299791584355,,
REDINGTON,2026-08-20,False,False,8.107567773834345,0.42976059077111106,,
REDINGTON,2026-08-21,False,False,6.026772793053525,1.038159867302313,,
REDINGTON,2026-08-24,False,True,2.224778501658875,0.5189357934125116,7.009533948911151,
REDINGTON,2026-08-25,False,False,3.2854768126452383,-0.12457085315745742,,
REDINGTON,2026-08-26,False,False,4.795832771570163,0.08444084459739987,,
REDINGTON,2026-08-27,False,False,3.7744309100654183,0.7010656077426569,,
REDINGTON,2026-08-28,True,True,0.99024057775976,-0.8331110058227842,5.191414262278848,
REDINGTON,2026-09-03,False,False,3.3956255261669233,-1.3937314719819405,,
REDINGTON,2026-09-07,True,True,0.22218813080336908,-0.17082625400377527,2.969842611758744,
REDINGTON,2026-09-08,False,False,2.665779324448403,-0.32021673303036513,,
REDINGTON,2026-09-09,False,False,1.3498975475528585,-0.302988785000724,,
REDINGTON,2026-09-10,True,True,-0.00948436994587798,-1.2325120452160276,3.961507682244325,
REDINGTON,2026-09-11,False,False,4.747029308154893,-0.1806017017564998,,
REDINGTON,2026-09-15,False,False,4.30221663420518,-0.6774090826613177,,
REDINGTON,2026-09-16,False,False,5.758412601784291,-0.6095125561770942,,
REDINGTON,2026-09-17,False,False,2.729087452471468,1.257698619024783,,
RHIM,2026-07-13,False,False,5.629126757118641,-0.07099462824163849,,
RHIM,2026-07-14,False,False,7.994912283761124,0.291406566926522,,
RHIM,2026-07-15,False,False,9.61390868081482,0.23401445027388945,,
RHIM,2026-07-16,False,False,9.077768253732476,0.11016811751862754,,
RHIM,2026-07-17,False,False,5.5256112176899075,-0.20842952706729978,,
RHIM,2026-07-20,False,False,4.81729922793579,-0.07316775438260814,,
RHIM,2026-07-21,False,False,4.105815207741448,-0.1814882032667886,,
RITES,2026-07-13,False,False,8.541062831552049,0.7697764907243609,,
RKFORGE,2026-07-31,False,False,3.434655716243684,0.015964989625194548,,
RKFORGE,2026-08-03,False,True,1.4296230282958788,0.3558519246542824,10.727196953721862,
RKFORGE,2026-08-04,True,True,-0.9181407821358789,-0.5014326647564515,4.79223027987814,
RKFORGE,2026-08-05,False,False,2.569328687103467,-0.7077006391653429,,
RKFORGE,2026-08-06,True,True,1.3277460424439447,-0.049673634518654364,0.43445090239822015,
RKFORGE,2026-08-07,False,True,3.1335916406807662,-0.2492877492877521,4.0234432517803675,
RKFORGE,2026-08-10,True,True,-0.44908107238424977,-0.14246781451408008,1.495263816164405,
RKFORGE,2026-08-11,False,False,1.7325157441166583,0.3192158664621969,,
RKFORGE,2026-08-12,False,False,1.4366432173438026,0.3582105747305109,,
RKFORGE,2026-08-13,False,False,3.0578890041378815,-0.06710959105994396,,
RKFORGE,2026-08-14,False,False,3.831867388362631,-0.21603775839604822,,
RKFORGE,2026-08-17,False,False,3.9937013470335625,0.2513553785241207,,
RKFORGE,2026-08-18,False,False,2.2135989773216957,-0.19278231203420093,,
RKFORGE,2026-08-19,True,True,-0.12787814767395433,-0.11051636145253951,-6.075384412967077,
RKFORGE,2026-08-20,False,False,4.2711973133877645,0.11424403036794928,,
RKFORGE,2026-08-21,False,False,4.2641914722524765,0.1209710233954997,,
RKFORGE,2026-08-24,False,False,4.341239095300442,0.5199156766964919,,
RKFORGE,2026-08-25,False,False,5.754896774627838,0.3278721877134627,,
RRKABEL,2026-06-10,False,False,5.152478180793607,-1.3411419025438076,,
RRKABEL,2026-06-11,False,False,5.492501526021876,0.903206038552451,,
RRKABEL,2026-06-12,False,False,4.1454219846756235,-0.7165869387344981,,
RRKABEL,2026-06-15,False,False,3.2615785088146554,-1.0261111308172532,,
RRKABEL,2026-06-16,True,True,0.08888613038084969,-0.37210519655949126,-2.6876532487741245,
RRKABEL,2026-06-17,False,False,2.764913621896037,0.5053445348158991,,
RRKABEL,2026-06-18,True,True,-0.02537573513398117,0.026149186534762947,-4.549945695215607,
RRKABEL,2026-06-19,False,False,3.259403492065749,-0.19511771689405544,,
RRKABEL,2026-06-22,False,False,1.396053964439048,-0.5473017540835845,,
RRKABEL,2026-06-23,True,True,-0.7459043374620999,-0.10389394295269305,-8.188627209361776,
RRKABEL,2026-06-24,False,False,2.218022789254781,-0.4213992594496285,,
RRKABEL,2026-06-25,True,True,2.151099392504663,-0.7616616881637839,-6.861608332698732,
RRKABEL,2026-06-29,False,True,1.2031062879438226,-0.3505716277309556,-7.844951162687064,
RRKABEL,2026-06-30,False,False,5.512793073843114,-1.0111326016978062,,
RRKABEL,2026-07-01,False,False,6.5263201923317915,0.024960388837769187,,
RRKABEL,2026-07-02,False,False,7.7223369413567555,-1.0114804227136953,,
RRKABEL,2026-07-03,False,False,6.159914480469464,0.087104838500629,,
RRKABEL,2026-07-13,False,False,14.486274946236911,-0.03573109017126486,,
RRKABEL,2026-07-14,False,False,8.419486081370442,-0.5112910097997414,,
RRKABEL,2026-07-16,False,False,4.107338612257583,0.0,,
RRKABEL,2026-07-28,True,True,-4.0523200213887005,0.8044729108473092,7.550482879719067,
RRKABEL,2026-07-29,False,False,7.8993714042341345,-0.5349090264759049,,
RRKABEL,2026-07-30,False,False,8.761994115374861,0.6911117898653618,,
RRKABEL,2026-07-31,False,False,7.042108871317598,-0.648261158979091,,
RRKABEL,2026-08-03,False,False,6.469997097602742,-0.007642208926439409,,
RRKABEL,2026-08-04,False,False,7.066759356622709,0.026878812089625725,,
RRKABEL,2026-08-05,False,False,2.8725562523054027,0.7544523431266992,,
RRKABEL,2026-08-06,False,False,1.7286947141315956,-0.3225806451612856,,
RRKABEL,2026-08-07,False,False,2.879199260626497,-0.4020317876222368,,
RRKABEL,2026-08-10,False,False,2.4025428023759954,0.03258390643203768,,
RRKABEL,2026-08-11,False,False,2.398832705971099,-0.28152921941796416,,
RRKABEL,2026-08-12,False,False,2.0386460280819696,0.3042668851254371,,
RRKABEL,2026-08-13,False,False,1.7735138957854835,0.1925785429297333,,
RRKABEL,2026-08-14,False,False,1.5410795522702747,-0.6905247389362157,,
RRKABEL,2026-08-17,False,False,3.5355398806294014,-0.22376840802457165,,
RRKABEL,2026-08-18,True,True,0.32738960271885276,0.7130988639837632,-14.455112080049181,
RRKABEL,2026-08-19,False,False,3.567324955116691,-0.16131923283743133,,
RRKABEL,2026-08-20,False,False,1.637852346905544,0.03809544104542706,,
RRKABEL,2026-08-21,False,False,2.1080559870036097,0.4542436997657884,,
RRKABEL,2026-08-24,True,True,-0.0048553838428277984,-0.25391881788887627,-19.169923455030734,
RRKABEL,2026-08-25,False,False,4.828320866281843,-0.6149446156275995,,
RRKABEL,2026-08-26,False,False,6.397926233908979,-0.205369624261853,,
RRKABEL,2026-08-27,False,False,7.146857519207739,0.06435871468322141,,
RRKABEL,2026-08-28,False,False,4.623511972575711,-0.8441204476592579,,
RRKABEL,2026-08-31,False,False,2.132725361304999,-0.1326497395833348,,
RRKABEL,2026-09-01,False,False,2.520309369991991,-0.8978485515839352,,
SAGILITY,2026-07-27,False,True,5.172711200314661,0.41555117153913024,-1.8630970052098128,-0.08090164795727661
SAGILITY,2026-07-28,False,True,0.7760420327438844,1.392430893470431,-4.245041567231411,-1.5422837530004174
SAGILITY,2026-07-29,False,True,3.414733281845228,-0.9195437376526616,-5.410935630879942,-1.058405848101851
SAGILITY,2026-07-30,False,True,1.3077709444249797,-0.15604033408788132,-6.029105968282655,1.3316539964783214
SAGILITY,2026-07-31,False,False,2.472333518109915,-1.0905125771862645,,
SAGILITY,2026-08-03,False,False,5.88107161792184,0.4577724175463427,,
SAGILITY,2026-08-04,False,False,5.616367470134365,0.4566227543908896,,
SAGILITY,2026-08-05,False,False,4.4062085807294205,0.11245892507902866,,
SAGILITY,2026-08-06,False,False,5.640372615868494,0.045486598154220736,,
SAGILITY,2026-09-01,False,False,1.9817360361496172,-0.21322448947721506,,
SAGILITY,2026-09-02,False,False,3.890842650376003,-0.15214018121678663,,
SAGILITY,2026-09-03,False,False,1.096065690364867,0.7684111463747811,,
SAGILITY,2026-09-04,False,False,1.181796776665589,0.02120085149608375,,
SAGILITY,2026-09-07,False,False,3.127599277746218,-0.47312090473790036,,
SAGILITY,2026-09-08,False,False,5.057123852630929,-0.7211495377221988,,
SAGILITY,2026-09-15,False,False,4.140191533919424,1.2817720023307944,,
SAIL,2026-08-28,False,True,0.4642074791584072,0.6502837955022267,-10.204700755229101,0.3126890248582148
SAIL,2026-08-31,False,False,1.3930439640646552,0.005025487495280423,,
SAIL,2026-09-01,False,False,1.694260090891997,-0.34122474906995715,,
SAIL,2026-09-02,False,False,5.762882093976263,-0.4587101964251161,,
SAIL,2026-09-03,False,False,1.4032276970352253,0.3881070041074075,,
SAIL,2026-09-04,False,False,2.183057416744427,0.2332732133389248,,
SAILIFE,2026-06-10,False,False,0.45117607580020813,0.32493907392363575,,
SAILIFE,2026-06-11,False,False,4.033528862634794,0.4783144646924198,,
SAILIFE,2026-06-12,False,False,3.8860416448005086,0.008338247367589702,,
SAILIFE,2026-09-02,False,True,1.4297761225501526,0.4549295003661191,5.058041560526716,
SAILIFE,2026-09-03,True,True,0.02340099961160025,0.09993601411226738,2.752692686157765,
SAILIFE,2026-09-04,False,False,4.520509727850097,-0.4825687642468046,,
SAILIFE,2026-09-07,False,False,2.679577217734974,0.09410878831948022,,
SAILIFE,2026-09-08,False,True,3.1710511162306387,0.2525571332669063,-2.298324329273871,
SAILIFE,2026-09-09,False,True,0.14948592469838928,0.4894540737471642,-3.9019212915926804,
SAILIFE,2026-09-10,False,False,4.881927655491003,-0.6719198683063254,,
SAILIFE,2026-09-11,False,False,7.928430116404805,0.075994374406263,,
SAILIFE,2026-09-15,False,False,7.635531713474286,-0.26436402725240615,,
SAILIFE,2026-09-17,False,False,10.017098033756033,-0.025798040781688236,,
SAMMAANCAP,2026-06-10,False,False,7.389831288655602,0.48007179484297335,,
SAMMAANCAP,2026-06-12,False,False,11.105702417822627,-0.16641334584950318,,
SAMMAANCAP,2026-06-15,False,False,7.989774480212342,-0.6107751617084212,,
SAMMAANCAP,2026-06-16,False,False,5.872326860006516,-0.00547374283170754,,
SAMMAANCAP,2026-06-17,False,False,8.608664434117784,-0.011238355315135173,,
SAMMAANCAP,2026-06-18,False,False,10.049361250475396,-0.571725203604545,,
SAMMAANCAP,2026-06-19,False,False,11.291204791588271,-0.5610555549391938,,
SAMMAANCAP,2026-06-22,False,False,6.329586138619381,-0.19411724221444215,,
SAREGAMA,2026-06-10,False,False,7.837389380530957,0.28843748785423173,,
SAREGAMA,2026-06-11,False,False,11.322369123083643,0.14867197583163794,,
SAREGAMA,2026-06-12,False,False,5.709172315771882,1.7543886823591759,,
SAREGAMA,2026-06-15,False,False,6.008049791308356,-0.2494900495948138,,
SAREGAMA,2026-06-16,False,False,4.8789671866594775,-0.4604827424694813,,
SAREGAMA,2026-06-17,False,False,6.008049791308356,0.2725984152821326,,
SAREGAMA,2026-06-18,False,False,6.844582849068015,0.18667093271598212,,
SAREGAMA,2026-06-19,False,False,5.96195652173912,-0.9687836383207804,,
SAREGAMA,2026-06-22,False,False,4.496727890245822,-0.021428697578651512,,
SAREGAMA,2026-06-23,True,True,-0.05082603225787796,0.5197505197505281,3.237578886032999,
SAREGAMA,2026-06-24,False,False,3.5541035264072374,-0.4084222760865175,,
SAREGAMA,2026-06-29,False,True,2.338100075712002,-0.31078421609215257,1.2388790977142294,
SBICARD,2026-07-27,False,False,3.9437263928885358,-0.19609380752416694,,
SBICARD,2026-07-28,False,True,0.5687799066933952,0.8821724620569293,-6.999954634124206,0.2207805955027453
SBICARD,2026-07-29,False,False,2.6161944869831366,-0.5255559666199172,,
SBICARD,2026-07-30,False,False,1.3052744173608577,0.0075578758880423536,,
SBICARD,2026-07-31,False,False,1.6819044006069594,0.22813688212928174,,
SBICARD,2026-08-03,False,True,0.34198296627390157,0.8304393932314635,-2.952431275498202,-0.2587399581115646
SBICARD,2026-08-04,False,False,1.790879203301654,0.06013144142240634,,
SBICARD,2026-08-05,False,False,1.4327862676746017,-0.2687351188076059,,
SBICARD,2026-08-06,False,False,2.4914592785350465,-0.17365412065873942,,
SBICARD,2026-08-07,False,False,2.9899661231238106,0.2132558132616147,,
SBICARD,2026-08-10,False,False,2.6778280345866268,-0.16641082994516276,,
SBILIFE,2026-07-24,False,False,2.5336584060437373,-0.19491989486976058,,
SBILIFE,2026-07-27,False,False,2.380173065003288,0.02157163550453589,,
SBILIFE,2026-07-28,False,False,1.2555974874370657,0.016001750948313465,,
SBILIFE,2026-07-29,False,False,0.45225271724682603,-0.13179397795475278,,
SBILIFE,2026-07-30,False,False,0.25762947443142004,0.015733251112481916,,
SBILIFE,2026-07-31,False,False,1.215396783548628,0.5994085041801878,,
SBILIFE,2026-08-03,False,False,1.6603140365864189,0.23889154943177449,,
SBILIFE,2026-08-05,False,False,2.4745767008256703,0.15465147661988254,,
SBIN,2026-06-19,False,False,1.221136617166807,-0.16826923076923572,,
SBIN,2026-06-22,False,False,1.3284892435359907,-0.08188589459898754,,
SBIN,2026-06-23,False,False,0.726359852315217,0.1343658025501071,,
SBIN,2026-06-24,False,False,2.349863746807057,-0.004862127769345026,,
SBIN,2026-06-25,False,True,0.4615692050936371,0.3212635421661503,-0.630718684393583,-0.616454883312012
SBIN,2026-06-29,False,False,1.83639525815662,-0.09112241456834536,,
SBIN,2026-07-01,False,False,3.319408704519544,-0.08759361694038459,,
SBIN,2026-07-02,False,False,0.8919409561960912,0.1524338125826974,,
SBIN,2026-07-03,False,False,1.631588651933713,-0.14292520247737306,,
SBIN,2026-07-06,False,False,2.030752386475121,0.0,,
SBIN,2026-07-07,False,False,1.6898056373546577,0.05731520423686298,,
SBIN,2026-08-12,False,False,5.137452258970754,0.6083863582430071,,
SBIN,2026-08-13,False,False,4.883758700696061,-0.23148148148147696,,
SCHNEIDER,2026-07-01,False,False,6.619288484815122,-0.7171029042667643,,
SCHNEIDER,2026-07-02,False,False,8.023713799653521,-0.6181818181818177,,
SHRIRAMFIN,2026-06-24,False,True,3.2244409239531313,-0.3120100270771142,0.19694476661129556,0.744680447113133
SHRIRAMFIN,2026-06-25,True,True,-1.288480394669178,0.6772706814759166,0.038985038837568986,0.23714195005382077
SHRIRAMFIN,2026-06-29,False,False,0.657878285778768,0.143013780322776,,
SHRIRAMFIN,2026-06-30,False,False,2.649470087517769,-0.40000988375992197,,
SHRIRAMFIN,2026-07-01,False,False,1.9195805036564595,0.06730299729567069,,
SHRIRAMFIN,2026-07-02,False,True,1.332788906030724,-0.19013213742570256,-3.580522431697908,1.6549620067240367
SHRIRAMFIN,2026-07-03,False,True,0.39688690522885484,0.37449677852541274,-6.620030047155645,-0.9713315389381139
SHRIRAMFIN,2026-07-06,False,False,2.1337671368167,-0.2530765001782065,,
SHRIRAMFIN,2026-07-07,True,True,0.4535582255082993,-0.09233610341643494,-4.232878656733652,-2.659609948408659
SHRIRAMFIN,2026-07-09,False,False,6.463028359344825,-0.06814829992335403,,
SHRIRAMFIN,2026-07-10,False,False,4.238910443037303,0.05727762567697692,,
SHRIRAMFIN,2026-07-13,False,False,6.4319276362111655,-0.029216049476632477,,
SHRIRAMFIN,2026-07-21,False,False,4.74852379399977,-0.34391454798652354,,
SHRIRAMFIN,2026-07-22,False,False,1.3067333839874795,-0.22614004557076628,,
SHRIRAMFIN,2026-08-05,True,True,0.42662447194399267,-0.3727589321694591,1.5470592244258174,2.6829323701129226
SHRIRAMFIN,2026-08-06,True,True,0.49999999999998934,-0.18674749541462976,-2.3946574990847957,0.5308432298254839
SHRIRAMFIN,2026-08-07,False,False,3.8299007455832257,-0.3835904396186418,,
SHRIRAMFIN,2026-08-10,False,False,4.081548557247228,-0.26857654431512445,,
SHRIRAMFIN,2026-08-11,False,False,2.899219088034699,-0.03547749832087943,,
SHRIRAMFIN,2026-08-12,False,False,2.5261672912664013,0.3371527735283264,,
SHRIRAMFIN,2026-08-13,False,False,2.753316717606813,0.2754799121501561,,
SHRIRAMFIN,2026-08-14,False,False,2.399399534401425,-0.03530523183445933,,
SHRIRAMFIN,2026-08-17,False,False,3.6813377718037277,0.00895167775183392,,
SHRIRAMFIN,2026-08-20,False,False,2.6078275157287,0.6233303650934996,,
SHRIRAMFIN,2026-08-21,False,False,1.991260360397451,-0.19394157218252106,,
SHRIRAMFIN,2026-08-24,False,False,1.6679829509975486,0.3091053474405747,,
SHRIRAMFIN,2026-08-25,False,False,3.3328859060402616,-0.1162002834632303,,
SHRIRAMFIN,2026-08-26,False,False,3.3328859060402616,0.1613380753700211,,
SIEMENS,2026-07-31,False,True,0.7205349716348453,0.7413797654004295,4.152136513693239,-0.5851928296600972
SIEMENS,2026-08-03,False,True,1.7963775969039864,-0.37361149062665744,7.486935281907581,2.407827425312603
SIEMENS,2026-08-04,True,True,-0.7404281568766269,-0.12630089770460096,4.827972811996362,2.814990349150537
SIEMENS,2026-08-05,False,False,1.39854616695827,-0.2569142618384479,,
SIEMENS,2026-08-06,False,False,3.0809456352226317,0.3385243233368307,,
SIEMENS,2026-08-07,False,False,3.550230120659359,-0.12377554258183876,,
SIEMENS,2026-08-10,False,False,4.055531628514597,0.19353444502800965,,
SIEMENS,2026-08-11,False,False,5.272915231459319,-0.5090791083077528,,
SIEMENS,2026-08-12,False,False,1.6427271368486984,-0.14378622534376717,,
SIEMENS,2026-08-13,False,False,2.8234926634380653,-0.20430923562663184,,
SIEMENS,2026-08-14,False,False,2.2313367718870047,0.12676089327534612,,
SIEMENS,2026-08-17,False,False,4.70570133805297,0.10179930140974403,,
SIEMENS,2026-08-18,False,False,4.344916358529494,-0.8092331060348679,,
SIEMENS,2026-08-19,False,False,5.648490417157803,-0.2252380043031743,,
SIEMENS,2026-08-21,False,False,5.130686284835706,-0.27747744186767953,,
SIEMENS,2026-08-24,False,False,3.2799002155730506,0.5344946509294957,,
SIEMENS,2026-08-25,False,False,1.4533937072940928,-0.36147934083046174,,
SIEMENS,2026-08-26,False,False,1.9570866797389064,0.44450141591969583,,
SIEMENS,2026-08-27,False,False,2.13438407679325,-0.17114914425427896,,
SIEMENS,2026-08-28,False,False,1.95459761473733,-0.20495160016168468,,
SOLARINDS,2026-07-16,False,False,3.5404652686762628,0.3232345367884637,,
SOLARINDS,2026-07-20,True,True,0.7242350191245084,0.23429179978700088,-0.7401242488922821,0.9634325984832603
SOLARINDS,2026-08-13,False,True,0.6810235219326,0.21767985134057977,13.13080288667714,6.763906538171116
SOLARINDS,2026-08-14,False,False,4.746334235937244,-0.2446358493450873,,
SOLARINDS,2026-08-17,False,False,1.610744907568007,-0.2964866333942773,,
SOLARINDS,2026-08-18,False,False,1.3245033112582627,-0.10367810417181156,,
SOLARINDS,2026-08-20,False,False,3.919544303797462,0.162288264529864,,
SOLARINDS,2026-08-21,False,False,4.167436431000349,-0.36913430420711935,,
SOLARINDS,2026-08-24,False,False,3.136231155778879,0.6219345704606472,,
SOLARINDS,2026-08-25,False,False,3.5003025718608027,-0.15105740181269312,,
SOLARINDS,2026-08-26,False,False,3.2399899396378107,0.020124773596297274,,
SOLARINDS,2026-08-27,False,True,1.1039901477832403,0.554785020804438,0.36976024782562344,0.5890145784640755
SOLARINDS,2026-08-28,False,False,1.097310858868794,0.5092297899427223,,
SOLARINDS,2026-08-31,False,False,2.878874913340579,0.32790143084260315,,
SOLARINDS,2026-09-01,False,False,3.8767999999999914,-0.42320139407517887,,
SOLARINDS,2026-09-02,False,False,4.63540669856457,-0.5758637956935431,,
SOLARINDS,2026-09-03,True,True,-2.8053333333333486,0.7779349363507881,5.654005514224569,3.4879780663247484
SOLARINDS,2026-09-04,False,False,0.8962198515769959,0.1626016260162677,,
SOLARINDS,2026-09-07,False,True,0.5695341328413317,0.486674391657016,-14.898886530702093,1.49758238079023
SOLARINDS,2026-09-08,False,True,0.4547501125618858,-0.17977528089887507,-16.834745192954138,0.9143471830039163
SOLARINDS,2026-09-09,False,False,0.971304153640018,0.044682752457547714,,
SOLARINDS,2026-09-10,False,False,2.0791245791245583,-0.2239641657334812,,
SOLARINDS,2026-09-11,False,False,2.1249719290365787,0.20252025202520674,,
SONACOMS,2026-07-02,False,True,0.8189463600549063,1.7272013247831008,15.328134061024823,4.704252724799418
SONACOMS,2026-07-03,False,False,2.0475468825355225,-0.3909737723214235,,
SONACOMS,2026-07-06,False,False,2.163220814883182,-0.44386868495958076,,
SONACOMS,2026-07-07,False,False,1.6332882689342298,-0.26991284483854905,,
SONACOMS,2026-07-08,False,True,1.4406589292399685,0.08993113452471224,0.890211319376788,-1.9295233339284512
SONACOMS,2026-07-09,False,False,2.602386260979861,0.5200408569357773,,
SONACOMS,2026-07-10,False,False,0.9373773511614392,0.7431077032656219,,
SONACOMS,2026-07-13,False,False,2.705568842089323,0.1349978768390825,,
SONACOMS,2026-07-14,False,False,2.751744064153816,0.22530980097634767,,
SONACOMS,2026-07-15,False,False,1.6021079832050145,0.5888070881393759,,
SONACOMS,2026-07-16,False,True,2.39877899602976,0.2845747486602157,6.875471205748784,-0.1474650587633186
SONACOMS,2026-07-17,False,True,1.8713576259020703,-0.7138210105508302,5.5373096009097456,1.5405025842939235
SONACOMS,2026-07-20,True,True,-0.19733138461165423,0.5496863162878896,7.269424188271123,1.54604738215387
SONACOMS,2026-07-21,True,True,0.17243752234850085,0.22240416063936674,5.746917545272456,1.454734967330129
SONACOMS,2026-07-22,True,True,0.2542136233785852,-0.16954899966090675,3.5072509018055698,-1.7443444794644325
SONACOMS,2026-07-23,False,False,3.4017949337721953,0.820712222401565,,
SONACOMS,2026-07-24,False,False,1.8708632669442116,0.0,,
SONACOMS,2026-07-27,False,False,3.81757251383652,-0.1113026494565239,,
SONACOMS,2026-07-28,False,False,4.136678244657044,-0.16737738846495098,,
SONACOMS,2026-07-29,False,False,3.378401461322156,0.0,,
SONACOMS,2026-07-30,False,True,2.921604801499633,0.013815305132802713,5.318479289511879,3.2993177255868034
SONACOMS,2026-07-31,False,True,0.894117647058823,0.03922947406564958,5.540005128775083,0.40941127694860135
SONACOMS,2026-08-03,False,True,0.40260998926135994,-0.03874559805860933,4.830215544792482,1.0210184986441995
SONACOMS,2026-08-04,False,True,1.0147247119077996,-0.03839598075716655,2.5192493320618237,0.13626136831765834
SONACOMS,2026-08-05,False,True,1.1813822038464261,0.4327304729645709,-0.42862811193975503,2.940519478916226
SONACOMS,2026-08-06,False,False,1.5302359499061335,-0.11037150047082944,,
SONACOMS,2026-08-07,False,False,4.202563584044583,0.296358603917124,,
SONACOMS,2026-08-10,True,True,-0.5850528148878986,1.287967871924356,-0.5699100427647097,-2.446289514959843
SONACOMS,2026-08-11,False,False,3.3781403361524687,-0.2941206389782458,,
SONACOMS,2026-08-12,False,False,4.742780141486014,0.031142946122697523,,
SONACOMS,2026-08-13,False,False,4.230065284433482,0.3793988929396752,,
SONACOMS,2026-08-14,False,False,5.836732303587477,-0.16331504936792918,,
SONACOMS,2026-08-17,False,False,4.873382111737246,0.0936037441497728,,
SONACOMS,2026-08-18,False,False,3.12463826790661,0.02452185012118413,,
SONACOMS,2026-08-19,False,False,2.2035982818041866,-0.006073850907506451,,
SONACOMS,2026-08-20,False,True,2.048594040163665,0.15189257931325084,-4.468578774156018,-2.500882625888845
SONACOMS,2026-08-21,False,False,5.003715377300844,-0.5662280259545183,,
SONACOMS,2026-08-24,False,False,3.567765567765546,0.09165902841430373,,
SONACOMS,2026-08-25,False,False,4.7249814452976935,-0.33837824027243,,
SONACOMS,2026-08-26,False,False,5.6906127844602805,0.024928299759108263,,
SONACOMS,2026-08-27,False,False,5.467205470935643,0.35562459434927973,,
SONACOMS,2026-08-28,False,False,3.7958868489480713,-0.07336458729434447,,
SONATSOFTW,2026-07-29,False,True,4.080411882114654,-0.5250225114079132,9.612787363119457,
SONATSOFTW,2026-07-30,False,True,0.45335173485563374,1.8276312214964507,6.541597308662772,
SONATSOFTW,2026-07-31,False,False,8.341485520351055,0.3468740504214418,,
SONATSOFTW,2026-08-03,False,True,1.5701426753291114,1.1551708860578547,-5.967186309702588,
SONATSOFTW,2026-08-04,False,True,2.2608409359186954,0.3516519288003561,-14.775383592407099,
SONATSOFTW,2026-08-05,True,True,-0.5648230299526769,0.7160875454260696,-16.032068190424376,
SONATSOFTW,2026-08-06,False,False,7.051111111111097,-0.6768651782206869,,
SRF,2026-07-07,False,False,2.1831033917005582,-0.33665262159404685,,
SRF,2026-07-16,False,True,1.1188423645320134,0.6480875852453938,-8.660930272792344,0.8839332337047257
SRF,2026-07-17,False,False,1.5095254589539087,-0.49630877605385537,,
SRF,2026-07-20,False,False,2.859846953456535,-0.2450894492719069,,
SRF,2026-07-21,False,True,1.3901224402778523,-0.19337353785393585,-12.304049027837483,0.7616206465529185
SUMICHEM,2026-07-15,False,True,0.09183824658629547,-0.05534830128575141,-6.390201394700512,
SUMICHEM,2026-07-16,False,False,3.1211582467089105,-0.8649485844634208,,
SUMICHEM,2026-07-17,False,False,3.7166768048193743,-0.4299042603679859,,
SUMICHEM,2026-07-20,False,False,3.068512747244756,-0.3439368910810203,,
SUMICHEM,2026-07-21,False,False,2.1443381516763615,0.5296973674851824,,
SUMICHEM,2026-07-22,False,False,3.0108651345459148,-0.018647892407008815,,
SUMICHEM,2026-07-23,False,False,4.146795475966059,0.2835538752362865,,
SUMICHEM,2026-07-24,False,False,4.997859593857545,-0.34090677897135047,,
SUMICHEM,2026-07-27,False,False,5.067752334564357,0.11422667033555989,,
SUMICHEM,2026-07-28,False,False,4.969625077362383,-0.8258189714178354,,
SUNPHARMA,2026-07-03,False,True,1.578582198228129,0.05847512626726559,1.5266367215241772,-0.4138278558110997
SUNPHARMA,2026-07-06,False,False,1.4591982114193103,0.036726117937257996,,
SUNPHARMA,2026-07-07,False,False,1.3422817141917731,-0.026183494260179074,,
SUNPHARMA,2026-07-08,False,False,0.625449867238137,-0.04678854364137397,,
SUNPHARMA,2026-07-09,False,True,1.4623037642392367,0.5312700918227442,1.7818371821573864,0.1883584837215846
SUNPHARMA,2026-07-10,False,False,1.7457613630140312,-0.15535187395410155,,
SUNPHARMA,2026-07-13,False,False,2.2212141872010704,-0.40439903725967286,,
SUNPHARMA,2026-07-14,False,False,1.5813744418950337,0.05693455413755544,,
SUNPHARMA,2026-07-15,False,False,0.7319944569283088,-0.04614799730960906,,
SUNPHARMA,2026-07-16,False,False,1.1701031095654901,-0.3577451921439323,,
SUNPHARMA,2026-07-17,False,False,1.5973963908181288,0.07216248810268944,,
SUNPHARMA,2026-07-20,False,False,1.6445159096820428,-0.09267137590095453,,
SUNPHARMA,2026-07-21,False,False,1.6026283157723809,-0.10291242023643399,,
SUNPHARMA,2026-07-27,False,True,1.5117610158125627,0.3194761373824795,-4.773108775977719,0.1248549435950208
SUNPHARMA,2026-07-28,False,True,0.6119582171899562,0.11660577075411904,-5.626144664339517,-0.4975124378109319
SUNPHARMA,2026-07-29,False,False,0.8999559031674931,0.1816793129415739,,
SUNPHARMA,2026-07-30,True,True,-0.255713144184444,-0.0597259350532231,-4.940925078571001,0.6707568237119821
SUZLON,2026-06-16,False,True,1.2130147075589237,0.5708164234485391,-2.7931802536404704,2.3063658866928627
SUZLON,2026-06-17,False,False,3.361464000051906,-0.24247177048128954,,
SUZLON,2026-06-18,False,False,1.4548717225494334,-0.13555037349065602,,
SUZLON,2026-06-19,False,True,2.0435180154616095,-0.06821438598856311,-11.083242327947962,-0.5476797178759485
SUZLON,2026-06-22,False,False,2.5527499079005533,0.15215579081349073,,
SUZLON,2026-06-23,False,False,2.691431581218451,-0.3704971652842559,,
SUZLON,2026-06-24,False,False,3.867753502083082,0.1198279899274235,,
SUZLON,2026-06-30,False,False,5.600994360905243,-0.06948222292754158,,
SUZLON,2026-07-01,False,False,2.8304822001891994,0.0338646415486199,,
SUZLON,2026-07-02,False,False,4.206263399287891,-0.15413624512530255,,
SWIGGY,2026-07-17,False,False,6.381865859279623,0.10422049262273081,,
SWIGGY,2026-07-20,False,False,4.261283780109282,-0.21454412286932012,,
SWIGGY,2026-07-21,False,False,5.169601401448265,0.3800593122695428,,
SWIGGY,2026-08-21,False,False,3.4722139973308863,0.21424964458816032,,
SWIGGY,2026-08-24,False,False,1.4957493528513277,0.14174127540111936,,
SWIGGY,2026-08-25,True,True,-0.5454230457030529,0.12150880692527455,-5.692279393199762,0.9319227935995267
SYRMA,2026-06-10,True,True,4.720738269074021,-0.6896571768524207,2.715551912250347,
SYRMA,2026-06-11,False,True,2.217057023395541,1.111107151003643,2.0999086261074495,
SYRMA,2026-06-12,False,False,3.1283405831584066,-0.9058684521465188,,
SYRMA,2026-06-15,False,True,1.0873071417028424,0.15607928530472215,3.811257706113258,
SYRMA,2026-06-16,False,False,1.8194619197491102,-0.02276546495637577,,
SYRMA,2026-06-17,False,False,2.347621863817806,0.8384634164663396,,
SYRMA,2026-06-18,False,True,1.8426427156576164,0.03796795434205524,2.334768107030394,
SYRMA,2026-06-19,False,False,1.5589997550565782,-0.8814832899305514,,
SYRMA,2026-06-22,False,False,2.089734993308956,-0.9578277358459397,,
SYRMA,2026-06-23,True,True,-1.3180173661360484,-0.11563859599375004,2.9927719974877087,
SYRMA,2026-06-24,False,False,2.6143498315978286,-0.2506804270450136,,
SYRMA,2026-06-25,True,True,0.01145833333331403,-0.3598084242708799,-5.628870609552539,
SYRMA,2026-06-29,False,False,9.970328113030579,-0.5806018011387026,,
SYRMA,2026-06-30,False,False,8.615566324345924,0.8039676576317989,,
SYRMA,2026-07-01,False,False,9.402417468575774,-0.5066793269712377,,
SYRMA,2026-07-02,False,False,9.214411971316693,-1.286406037182608,,
SYRMA,2026-07-03,False,False,10.248532773959829,-0.10109209252522344,,
SYRMA,2026-07-06,False,False,10.720708330368556,-0.41206340208086445,,
SYRMA,2026-07-07,False,False,11.059299826244896,-0.5719267454427968,,
SYRMA,2026-07-08,False,False,11.636419265005028,-0.13886145384837123,,
SYRMA,2026-07-09,False,False,7.075356330483262,-0.1402032947774301,,
SYRMA,2026-07-10,False,False,6.5666456293746345,-1.0713297951955858,,
SYRMA,2026-07-13,False,False,2.937434094903324,-0.2664270278366132,,
SYRMA,2026-07-14,False,False,3.1695166366701333,-1.5810226158937901,,
SYRMA,2026-07-15,False,False,2.8362226907437504,-0.56564075320793,,
SYRMA,2026-07-16,False,False,2.778483202414983,-0.028069919368145513,,
SYRMA,2026-08-10,False,True,0.719548799872527,1.0904105471445824,-2.598723006222292,
SYRMA,2026-08-11,True,True,0.8378914484391986,-0.6288880174213918,-5.341882936561437,
SYRMA,2026-08-14,False,False,4.137735909223816,0.1479555542237554,,
SYRMA,2026-08-17,False,False,4.3549798115746885,0.22257023921237185,,
SYRMA,2026-08-18,False,False,3.86570663094441,-0.6851625419791785,,
SYRMA,2026-08-19,False,False,3.2433422103861353,0.468227424749168,,
SYRMA,2026-08-24,False,False,6.490526850523803,-0.3694598046156683,,
SYRMA,2026-08-25,False,False,6.468589083419141,-0.61412487205732,,
SYRMA,2026-08-26,False,False,4.85701746939331,-0.39503657204069675,,
SYRMA,2026-08-27,False,False,3.820517878961782,0.33967391304348116,,
SYRMA,2026-08-28,False,False,3.2403553936535268,-0.6155872313064581,,
SYRMA,2026-09-07,False,True,1.1113694307511857,0.4296760264560273,14.305550282743273,
SYRMA,2026-09-08,False,True,2.1770704573547572,-0.4797667975066977,4.577418343786399,
SYRMA,2026-09-09,False,False,1.7132087345843372,-0.36447577317255675,,
SYRMA,2026-09-10,False,False,4.008728179551113,0.33779710349883807,,
SYRMA,2026-09-11,False,False,6.376327747142341,-0.381121756584224,,
SYRMA,2026-09-17,False,False,4.628410159924723,1.5475767153087405,,
TARIL,2026-06-24,False,False,8.16143688750186,0.08686485816329359,,
TARIL,2026-06-30,False,False,12.55758147522792,-0.1353013225415256,,
TARIL,2026-07-01,False,False,3.8355819123016,-0.4561858884091219,,
TARIL,2026-07-02,False,False,5.253374761173313,-0.3087217579633039,,
TARIL,2026-07-10,False,False,6.868171886380181,0.3508294839517978,,
TARIL,2026-07-13,False,False,5.42462627698892,-0.043089311650224005,,
TATACAP,2026-06-19,False,True,2.050877141539531,-0.24687064074152554,3.7536315259500075,
TATACAP,2026-06-22,False,False,5.658486086593406,-0.11055663625759715,,
TATACAP,2026-06-23,False,False,5.076986428579167,0.664818253873789,,
TATACAP,2026-06-24,False,False,8.341537535191112,0.5420124034306362,,
TATACAP,2026-06-25,False,False,3.007755514938615,1.478243798114498,,
TATACAP,2026-06-29,False,False,5.936953623611951,0.3479955338307805,,
TATACAP,2026-06-30,False,False,4.344787411030349,-0.40821879171821784,,
TATACAP,2026-07-01,False,False,5.483359742559779,0.2214805553522936,,
TATACAP,2026-07-02,False,False,4.961455492233124,0.22038231211258807,,
TATACAP,2026-07-03,False,False,6.572641718510219,0.23778865768935287,,
TATACAP,2026-07-06,False,False,8.618909266736052,-0.34018772701098765,,
TATACAP,2026-07-07,False,False,6.584434001246997,-0.4797550946096574,,
TATACAP,2026-07-09,False,False,7.822717561395165,0.1292581401466375,,
TATACAP,2026-07-10,False,False,4.539010641387753,0.2928836242590549,,
TATACAP,2026-07-13,False,False,6.132996322982898,-0.33769865946806643,,
TATACAP,2026-07-15,False,False,2.6371030398633533,0.04198569530702301,,
TATACOMM,2026-06-10,False,False,4.852878189015386,0.0407356837130779,,
TATACOMM,2026-06-11,False,False,5.898334320543586,0.2941303008445084,,
TATACOMM,2026-06-12,False,False,3.571893928800929,0.28004073319756184,,
TATACOMM,2026-06-15,False,False,4.345410274325046,-0.2602028360172204,,
TATACOMM,2026-06-16,False,False,4.989882407506241,-0.010290318274264187,,
TATACOMM,2026-06-17,False,False,6.658742532169115,-0.005227208366287428,,
TATACOMM,2026-06-18,False,False,6.536193813514379,-0.1251903627680684,,
TATATECH,2026-06-10,False,False,6.331983805668018,-0.0876457079032722,,
TATATECH,2026-06-11,False,False,5.133095892503858,-0.11993914948867923,,
TATATECH,2026-06-12,False,False,6.346332033545687,-0.013491981907898243,,
TATATECH,2026-06-15,False,False,3.70779861796644,-0.006579072620671589,,
TATATECH,2026-06-16,False,False,2.0687852244875238,-0.48343430978303736,,
TATATECH,2026-06-17,False,False,1.9103634636927103,-0.3094530870583867,,
TATATECH,2026-06-18,False,False,3.660048060469534,-0.13138878361284023,,
TATATECH,2026-06-19,False,False,6.1529134388683016,0.3311722421543095,,
TATATECH,2026-06-22,False,False,5.175195130809862,0.23414502847680652,,
TATATECH,2026-06-23,False,False,4.804470975460817,0.4475884202418623,,
TATATECH,2026-06-24,False,False,5.368793054591592,-0.10754789647374752,,
TATATECH,2026-08-07,False,True,0.844178082191771,-0.3907491556986664,-2.0102713241116676,
TATATECH,2026-08-10,False,True,2.598607888631066,-0.3410615833745023,-6.032339688719035,
TATATECH,2026-08-11,False,False,1.6561564237980164,-0.9588809163459944,,
TATATECH,2026-08-12,False,False,3.598660877265192,0.08104569583609056,,
TATATECH,2026-08-13,False,False,5.3476470588235125,0.5262861180622247,,
TATATECH,2026-08-14,False,False,4.219621424334052,-0.33060444594796845,,
TATATECH,2026-08-17,False,False,5.137370807308694,-0.0234783661579141,,
TATATECH,2026-08-18,False,False,6.894471404006008,0.11353596737750937,,
TATATECH,2026-08-20,False,False,9.208486696613916,-0.20690222801899028,,
TATATECH,2026-08-21,False,False,9.683362717030274,-0.16508414380158598,,
TATATECH,2026-08-28,False,False,9.567239225829693,0.08761103967851458,,
TATATECH,2026-08-31,False,False,5.8087431693989,0.43907494557158255,,
TCS,2026-07-23,False,False,4.215118158740627,0.09090909090909705,,
TCS,2026-07-24,False,False,1.6305093824388273,-0.09733436064957024,,
TCS,2026-07-27,False,True,0.5969205231921126,0.21086140546671128,0.8010682377989742,1.315272609336593
TCS,2026-07-28,True,True,-1.6247357293868947,-0.04226542688081647,-2.001869701170167,4.875192074186319
TCS,2026-07-29,True,True,0.30497518275014457,-0.6888271499521426,1.819851314392329,0.43272915513568044
TCS,2026-07-30,False,True,0.6422936893203612,-0.14138557867097168,-0.569865229623423,-4.135151348890753
TCS,2026-07-31,False,False,6.9650649359711325,-0.1788430994092316,,
TCS,2026-08-03,False,False,4.8801634929305004,-0.016723919032957113,,
TCS,2026-08-04,False,False,2.437901380075713,0.44316983291443623,,
TCS,2026-08-05,False,False,2.7190569697439937,0.11483610597764482,,
TCS,2026-08-06,False,False,4.018704821174546,-0.4542451088702215,,
TCS,2026-08-07,False,False,3.375449334078695,0.814634150301341,,
TCS,2026-08-10,False,False,2.229083092117401,-0.08147303080570101,,
TCS,2026-08-11,False,False,2.551016312319465,-0.28139895366027234,,
TECHM,2026-07-22,False,False,3.884313409978679,0.13462244714856908,,
TECHM,2026-07-23,False,False,4.278195547998909,-0.051387296266891536,,
TECHM,2026-07-24,False,False,3.4142502524687313,-0.4504489154855462,,
TECHM,2026-07-27,False,False,2.6358618256715483,0.24093640285123286,,
TECHM,2026-07-28,True,True,-0.08171333350572851,0.4950495049504955,-1.890274622654553,2.3619684998560153
TECHM,2026-07-29,True,True,0.1831028436661164,-0.536792787337903,-3.772092441405228,-0.18881954300542514
TECHM,2026-07-30,False,True,1.1651624548736361,-0.7879627242491916,-5.309080682306478,-3.6497131794702375
TECHM,2026-07-31,False,False,3.54508096908166,0.5096119037857783,,
TECHM,2026-08-03,False,False,2.3323442695233343,0.10274208571672272,,
TECHM,2026-08-04,False,False,2.7417217418481465,0.11529973820700867,,
TECHM,2026-08-05,False,False,2.4127243349026273,0.06045583790337261,,
TECHM,2026-08-06,False,False,2.0489449406301485,-0.09623334592998578,,
TECHM,2026-08-07,False,False,1.8588426375667488,0.30741263326929946,,
TECHM,2026-08-10,False,False,2.2397581580908765,-0.030149541283119863,,
TECHM,2026-08-11,False,False,2.598692604102415,-0.3678673118779563,,
TECHM,2026-08-12,False,False,2.586269162556154,-0.20534531883893425,,
TECHM,2026-08-13,False,False,3.1669492065652394,0.43401036004511173,,
TEJASNET,2026-06-10,False,False,19.44812904648927,0.21761062585721191,,
TEJASNET,2026-06-11,False,False,11.74656236529621,1.252012217075138,,
TEJASNET,2026-06-12,False,False,8.099324858569368,0.28275631026966064,,
TEJASNET,2026-06-15,False,False,6.390394928066567,-0.8338892934600106,,
TEJASNET,2026-06-16,False,False,8.693687674925489,-0.6232432787336317,,
TEJASNET,2026-06-17,False,False,4.552892328050651,1.162015129698446,,
TEJASNET,2026-06-18,False,False,4.492440825440447,-0.3948607152199801,,
TEJASNET,2026-06-19,False,True,4.8020115576673295,-0.06645475636686271,-11.767480019887145,
TEJASNET,2026-06-22,False,False,2.373605735559181,-1.0474496914416043,,
TEJASNET,2026-06-23,False,False,5.834830543078784,-1.5358616887185428,,
TEJASNET,2026-06-24,False,False,3.246299427440391,-0.2384358700066591,,
TEJASNET,2026-06-25,False,False,3.2709757580173138,0.39200195312500963,,
TEJASNET,2026-06-29,False,False,6.847017389257326,-0.7771596703422534,,
TEJASNET,2026-06-30,False,False,5.653638170091724,-0.4383136699726009,,
TEJASNET,2026-07-01,False,False,4.200976994402428,0.6066979692799901,,
TEJASNET,2026-07-02,False,False,6.767791058435435,-0.7360156722781563,,
TEJASNET,2026-09-09,False,False,6.6747316117483635,-0.6518753378067621,,
THERMAX,2026-06-15,False,False,8.012949673931647,-0.6830721747733803,,
THERMAX,2026-06-16,False,False,5.8506944444444375,-0.06519521340418999,,
THERMAX,2026-06-17,False,False,6.000350154689804,0.48937774711206306,,
THERMAX,2026-06-22,False,False,4.4746970019136745,-0.3686107682340789,,
THERMAX,2026-06-23,True,True,0.8734545671073679,-0.42114070645506985,4.307672064228862,
THERMAX,2026-06-24,False,False,3.81536194126908,0.2602288004984299,,
THERMAX,2026-06-25,False,False,4.922255130103648,-0.04862886225188712,,
TIINDIA,2026-06-12,False,False,6.510464227022572,0.21568946589052285,,
TIINDIA,2026-06-15,True,True,-0.0921043269277888,-0.1876759461995614,-4.205093722838704,1.9114769137187348
TIINDIA,2026-06-16,True,True,-0.5980606717146286,0.33190932837241505,-11.473960119705339,0.26885726659593434
TIINDIA,2026-06-17,False,False,1.9963267837497467,0.591678002214957,,
TIINDIA,2026-06-18,False,False,1.768731440387139,-0.3077796610093886,,
TIINDIA,2026-06-19,False,False,2.2312186873169937,0.17841363937238786,,
TIINDIA,2026-06-22,True,True,0.8837069975119016,-0.3081183987666658,-12.412699402192795,-1.1042334474134607
TIINDIA,2026-06-23,False,False,1.2438147490200002,0.7180484378513263,,
TITAGARH,2026-06-10,False,False,4.637815943660506,0.33333188011532844,,
TITAGARH,2026-06-12,False,False,5.306285407514322,-0.005968691697766371,,
TITAGARH,2026-06-15,True,True,0.8505332139223221,-1.0187333607609816,-3.4627460321256853,
TITAGARH,2026-06-16,False,False,4.130211721562094,-0.45165308790532377,,
TITAGARH,2026-06-17,False,True,1.129386645832886,0.3591483958508723,-5.855255049969377,
TITAGARH,2026-06-18,True,True,-1.845371043502586,-0.010586445822668988,-9.87843629175944,
TITAGARH,2026-06-19,False,False,3.7536561230387733,0.2718537092717188,,
TITAGARH,2026-06-22,False,False,6.308076368314164,-0.005445293351713509,,
TITAGARH,2026-06-23,False,False,5.281581000807956,0.9585065964639039,,
TITAGARH,2026-06-24,False,False,6.872744068774317,0.2745442638949491,,
TITAN,2026-06-24,False,False,3.8939765123609638,0.2473191240375705,,
TITAN,2026-06-30,False,False,4.197114785697531,-0.18638894289461083,,
TITAN,2026-07-01,True,True,-0.2656756092170198,-0.17842009787405466,3.1427949935460164,-1.34206813725527
TITAN,2026-07-02,False,False,2.303279024077498,-0.32211120876833865,,
TITAN,2026-07-03,False,False,0.8223068871676675,0.04679361979167407,,
TITAN,2026-07-06,False,False,1.290971409481556,0.026842201707033553,,
TITAN,2026-07-07,True,True,-0.5610674194273746,0.34801331910792044,2.1094055921758947,1.3279919688110153
TITAN,2026-07-08,False,False,1.7434094771791253,0.16334531198953783,,
TITAN,2026-07-09,True,True,0.3125520707883078,0.09227502840964963,-1.1407897108369314,-2.1495073294119704
TITAN,2026-07-10,False,False,2.564521623130478,0.2514155736533352,,
TITAN,2026-07-13,False,False,3.7912986068241006,-0.21140932958049197,,
TITAN,2026-07-14,False,False,2.533220050380125,-0.08494853790558254,,
TITAN,2026-07-15,False,False,2.2812561920495744,0.25508452409506166,,
TITAN,2026-07-16,False,False,1.717180725319123,0.23194179195646925,,
TITAN,2026-07-17,False,False,1.8405137240414815,-0.16860796989840443,,
TITAN,2026-07-20,False,False,1.3991980198832632,0.18574873128300862,,
TITAN,2026-07-21,False,False,1.4341796018138897,-0.056034519958669815,,
TITAN,2026-07-22,False,True,0.21591277978878498,-0.04248990864669233,2.853382201734278,-0.3214885704905912
TITAN,2026-07-23,False,False,1.0143578892487293,0.14461207856653058,,
TITAN,2026-07-24,False,False,1.9168838049276937,-0.08563109763555232,,
TITAN,2026-07-27,False,False,1.2896850809031024,-0.08934976928623994,,
TITAN,2026-07-28,False,True,0.4386699946239636,0.0,4.759307569969939,1.6102468765770928
TITAN,2026-07-29,False,False,0.8986158706744352,0.05373091790452644,,
TITAN,2026-07-30,False,False,1.0460336152068317,0.0475434152823917,,
TITAN,2026-07-31,False,False,0.7669220064951299,0.002060937187553513,,
TITAN,2026-08-03,False,False,0.5720430107526653,0.028680058096375305,,
TITAN,2026-08-04,False,False,2.7964773187891367,0.13929744315273052,,
TITAN,2026-08-05,False,False,2.5426516231186636,-0.022444101933083438,,
TITAN,2026-08-06,False,False,0.8226324237559979,0.7744061138966751,,
TITAN,2026-08-07,False,False,0.7576780418985463,0.3296031044004222,,
TITAN,2026-08-10,True,True,0.22565214590974936,0.2897565931431423,1.4388577063483954,1.1923399983101657
TITAN,2026-08-11,True,True,0.22996877509855462,-0.23697981526842327,-1.9000540726818338,-0.3848469870717741
TITAN,2026-08-12,False,False,1.8340136637954085,0.027454987753472437,,
TITAN,2026-08-13,False,False,3.0994262983887966,-0.0793383153508187,,
TITAN,2026-08-14,False,False,2.460789882634673,0.05724018459500879,,
TITAN,2026-08-17,False,False,2.448661654633555,0.12046957774318745,,
TITAN,2026-08-18,False,False,2.442603550295841,-0.3870600341183805,,
TITAN,2026-08-19,False,False,2.8096379659145354,0.08716993251609573,,
TITAN,2026-08-20,False,False,2.120330318521413,0.15556807057419686,,
TITAN,2026-08-21,False,False,2.9094511591043926,-0.2904201107389426,,
TITAN,2026-08-24,False,False,2.653172182638164,-0.03161498447999955,,
TITAN,2026-08-25,False,False,2.3658835573606707,0.00393619968870329,,
TITAN,2026-08-26,False,False,0.6570312499999842,-0.011719283771538525,,
TITAN,2026-08-27,False,False,1.664725316494664,-0.2156059548511835,,
TITAN,2026-08-28,False,False,1.3539509292059382,-0.13592233009708243,,
TMCV,2026-06-24,False,False,4.466617398877837,0.0853465248248142,,
TMCV,2026-06-25,False,True,2.2982822640482903,0.04773402163174012,-3.2961292615017124,
TMCV,2026-06-29,False,False,1.8581052111251495,-0.2324500166491772,,
TMCV,2026-06-30,False,False,3.497870813685755,-0.845071855285362,,
TMCV,2026-07-01,False,False,2.864705882352925,-0.05878894767783471,,
TMCV,2026-07-02,False,True,1.3684756064027637,0.3120679806908333,-7.271960389838128,
TMCV,2026-07-03,False,False,2.0415862261520035,-0.23804540830146825,,
TMCV,2026-07-06,False,False,5.2834672290582585,0.04691818267854586,,
TMCV,2026-07-07,False,False,4.9758007555659844,0.07018078942606643,,
TMCV,2026-07-10,False,False,5.854308064654634,0.0,,
TMCV,2026-07-13,False,False,7.424398978931457,0.32401443016725207,,
TMCV,2026-08-06,False,False,2.573652490477518,-0.47221479335113337,,
TMCV,2026-08-07,False,False,2.156593406593399,-0.07686529017769672,,
TMCV,2026-08-10,False,False,1.9772954033348666,0.23089341241753214,,
TMCV,2026-08-11,False,False,3.7064898126988544,0.19000918563059077,,
TMCV,2026-08-12,False,False,2.483190940393598,0.30963041366418587,,
TMCV,2026-08-13,True,True,-2.5652422400395447,0.6646959141283215,-3.735374541985992,
TMCV,2026-08-14,False,False,0.718046844780762,0.09307387942736334,,
TMCV,2026-08-17,False,False,3.4133477401785184,0.1907979379252911,,
TMCV,2026-08-18,False,False,4.541494702017856,-0.3516985863690425,,
TMCV,2026-08-19,False,False,3.5996794344321126,0.05302226935313126,,
TMCV,2026-08-20,False,False,1.7236913965013256,-0.031209715892510648,,
TMCV,2026-08-21,False,False,3.1539164086130445,-0.14707683350722034,,
TMCV,2026-08-24,False,False,3.7652608879829907,-0.16904126634309513,,
TMCV,2026-08-25,False,False,2.1650477224703257,-0.15605492935396592,,
TMCV,2026-08-26,False,False,3.425946778888922,-0.21052631578947212,,
TMCV,2026-08-27,False,False,4.018459671016217,-0.4541185676688597,,
TMCV,2026-08-28,False,False,3.73232784608859,-0.19007262861338026,,
TMPV,2026-06-12,False,False,6.6701369694663,0.4573369993240872,,
TMPV,2026-06-15,False,True,0.33817822234845085,0.3729487703814094,-15.495096614659865,-1.6701630524616817
TMPV,2026-06-16,False,False,3.9409080446443534,-0.17721828026109332,,
TORNTPHARM,2026-06-29,False,False,3.1052505290402266,-0.3527474029904498,,
TORNTPHARM,2026-06-30,False,False,2.8196143632357895,0.6207561667064043,,
TORNTPHARM,2026-07-01,False,False,2.6469022842396495,-0.0387429703476494,,
TORNTPHARM,2026-07-02,False,False,2.193568197849216,0.2299232165789089,,
TORNTPHARM,2026-07-03,False,True,1.27510948357612,-0.06369967593411463,4.0885538815279565,0.0731272871458799
TORNTPHARM,2026-07-06,False,True,0.6936863016329786,-0.10672116513151808,4.422483027055835,0.9961649974568054
TORNTPHARM,2026-07-07,True,True,0.03163119756133259,0.03506285578449564,0.9785144445324967,-0.01718665988692525
TORNTPHARM,2026-07-08,False,True,0.5329710743429139,-0.07990638508835746,-0.5056682267759682,-1.0461211922347058
TORNTPHARM,2026-07-09,False,False,1.683708884763968,0.3694278047937205,,
TORNTPHARM,2026-07-10,False,False,3.7630435967593856,-0.27676077217058115,,
TORNTPHARM,2026-07-13,False,False,1.4741352923171025,-0.5600555408640351,,
TORNTPHARM,2026-07-14,False,True,0.409141135107971,-0.18449465482500704,2.49976349276142,-0.4574953505146695
TORNTPHARM,2026-07-15,False,False,2.0956222112960443,-0.22456117612681403,,
TORNTPHARM,2026-07-16,False,False,1.33753555391527,-0.37322014394770564,,
TORNTPHARM,2026-07-20,False,False,5.169316948784708,0.6648873900775509,,
TORNTPHARM,2026-07-21,False,False,2.891309751814597,-0.4089795979099864,,
TORNTPHARM,2026-07-22,False,False,1.4172983410372986,-0.24149238544141083,,
TORNTPHARM,2026-07-23,False,False,2.4007072907726634,0.012024077898020735,,
TORNTPHARM,2026-07-24,False,False,1.703850373901039,0.243351728370933,,
TORNTPHARM,2026-07-27,False,False,2.4191725019724775,-0.14207014401932394,,
TORNTPHARM,2026-07-31,False,True,3.9997636000841608,-1.4221397653123136,-4.0634182636095755,2.8626680518839542
TRENT,2026-06-25,False,False,1.1941564256118697,0.25624300947233447,,
TRENT,2026-06-29,False,False,1.4039698887517549,1.2534300358609585,,
TRENT,2026-06-30,False,False,2.521330891651319,-0.7064682032936198,,
TRENT,2026-07-01,False,False,1.8188461829718339,0.015297068624531285,,
TRENT,2026-07-02,False,True,1.7099523520709647,-0.2772908447152722,-13.632320017421184,1.365154901819432
TRENT,2026-07-03,False,True,0.48797873999559815,0.09874472854951577,-14.014784090555409,-0.613524873394089
TRENT,2026-07-06,False,False,2.1678877104957195,0.18573850125449543,,
TRITURBINE,2026-06-12,False,False,21.457413017879823,-0.13025447886563235,,
TRITURBINE,2026-06-17,False,False,6.39225881321448,0.618593345897045,,
TVSMOTOR,2026-06-25,False,True,0.8121712561800276,0.4063119319376529,2.5214848718940974,0.13568244978943156
TVSMOTOR,2026-07-02,False,False,1.2419711944231526,0.19332872916082433,,
TVSMOTOR,2026-07-03,True,True,0.4005470548506862,-0.09336800227741637,3.8172581373060455,-0.6891582202373958
TVSMOTOR,2026-07-06,False,True,1.5752035713825219,0.02200838575239228,2.673118414784792,0.9131625347845285
TVSMOTOR,2026-07-07,False,True,0.775060394800553,-0.0482768004339329,0.9669341278621735,-2.387979822588937
TVSMOTOR,2026-07-08,False,False,3.4345293222356688,-0.4478341232585503,,
TVSMOTOR,2026-07-09,False,False,2.639800608254461,0.32298737378657627,,
TVSMOTOR,2026-07-10,False,False,3.8365232696014218,0.10685249305648625,,
TVSMOTOR,2026-07-13,False,False,5.3590797547759195,-0.04719356204997416,,
TVSMOTOR,2026-07-15,False,False,4.6586206896551685,0.160257761559901,,
TVSMOTOR,2026-07-21,False,False,5.8204577616352005,-0.3806705255390175,,
TVSMOTOR,2026-07-22,True,True,-2.3873850240291317,0.22996142045343948,4.294798971024161,2.0514252270471767
TVSMOTOR,2026-07-23,False,False,1.1145956188870931,0.41788514062301996,,
TVSMOTOR,2026-07-24,False,False,2.6618722931825767,-0.09756723786804589,,
TVSMOTOR,2026-07-27,False,False,3.2963551512085854,-0.20129048192398802,,
TVSMOTOR,2026-07-28,False,False,2.852191171196705,-0.09517559284566435,,
TVSMOTOR,2026-07-29,True,True,-0.7550122937939663,0.009870232355391195,10.78710272409591,1.4570298299706241
TVSMOTOR,2026-07-30,True,True,-0.7392408123791272,0.36642718857746726,8.519829136143041,2.508264122319881
TVSMOTOR,2026-07-31,True,True,0.04470776745268967,-0.12489229851537775,5.073122071852176,2.2736518875166922
TVSMOTOR,2026-08-03,True,True,0.19651234761399738,-0.38119955247708504,2.4979195424611245,0.9748943145544198
TVSMOTOR,2026-08-04,False,False,0.6812193667913524,0.1554601484210716,,
TVSMOTOR,2026-08-05,False,True,0.15344382284341318,0.2843817540666649,1.1152622989179184,-0.10790619663351153
TVSMOTOR,2026-08-06,False,False,1.6038030937185699,0.15454101562499822,,
TVSMOTOR,2026-08-07,False,False,1.5761387542890581,0.2319386003343693,,
TVSMOTOR,2026-08-10,False,False,0.6648348212414668,0.4332662825792699,,
TVSMOTOR,2026-08-11,False,False,1.573611618087023,-0.036114271906073636,,
TVSMOTOR,2026-08-12,False,False,2.097048808172519,-0.0725964151061742,,
TVSMOTOR,2026-08-13,False,False,3.330923189713797,0.18875067129957568,,
TVSMOTOR,2026-08-14,False,False,4.408009286128833,-0.34010907982565675,,
TVSMOTOR,2026-08-17,False,False,3.155539278766506,0.4377073547479071,,
TVSMOTOR,2026-08-18,False,False,2.4855912350379317,0.14376551089685385,,
TVSMOTOR,2026-08-19,False,False,2.5393296853625014,0.1941747572815622,,
TVSMOTOR,2026-08-20,False,False,2.684487888845144,0.28850542250211664,,
TVSMOTOR,2026-08-21,False,False,3.2218269451457227,0.17933882868639284,,
TVSMOTOR,2026-08-24,False,False,3.6428733304331606,-0.27120251669471296,,
TVSMOTOR,2026-08-25,False,False,2.972733133297556,-0.3844724401635635,,
TVSMOTOR,2026-08-26,False,True,0.47276594515550663,0.2013506967516232,-7.825694324336119,0.42834738026436003
ULTRACEMCO,2026-07-21,False,True,0.6425650867823762,-0.1166861143523934,1.0695211551607908,0.16578220471676897
ULTRACEMCO,2026-07-22,False,False,1.344116424116426,-0.35631421942327046,,
ULTRACEMCO,2026-07-28,False,False,2.7712341426531006,-0.18448637316561545,,
ULTRACEMCO,2026-08-05,False,True,1.6947377171834699,-0.033241918058668496,-4.2170024017277985,-0.35036777989774226
UNIONBANK,2026-07-01,False,False,3.8445433229572057,0.0291003033375814,,
UNIONBANK,2026-08-06,False,True,1.3301976727109865,0.36342951020242875,3.020254038253345,1.7359890047528248
UNIONBANK,2026-08-07,False,True,1.6811703265878108,0.14435363794886857,1.410754446943363,0.15129963410687175
UNIONBANK,2026-08-10,False,False,1.499067078579519,-0.2288818359375,,
UNIONBANK,2026-08-11,False,False,3.171786368848295,0.06082587496265557,,
UNIONBANK,2026-08-12,False,True,0.9292828336021408,0.6092558918738389,0.10247839303763051,0.17747724689369804
UNIONBANK,2026-08-13,False,True,1.174134670702487,-0.4540549458243892,0.24504017807338574,-0.6407219041659418
UNIONBANK,2026-08-14,False,False,1.5004820434821209,-0.1496359483771359,,
UNIONBANK,2026-08-17,False,False,2.630220894854185,-0.04851554603270136,,
UNIONBANK,2026-08-18,False,False,1.8443532762606019,-0.4826325363991524,,
UNIONBANK,2026-08-19,False,False,3.102167968568703,-0.2094968747187287,,
UNIONBANK,2026-08-20,False,False,2.4733283866698486,-0.4898036309305076,,
UNIONBANK,2026-08-21,False,False,3.9019776745220724,-0.3513752829730321,,
UNIONBANK,2026-08-24,False,False,3.828752953200576,-0.043349677448800694,,
UNIONBANK,2026-08-25,False,False,4.417439616186902,0.18022204329097846,,
UNIONBANK,2026-08-26,True,True,0.011961429706586202,0.26176640719295374,-7.018588124109515,-1.3224369368783795
UNIONBANK,2026-08-27,False,False,2.9790383499631146,-0.09581005423253686,,
UNIONBANK,2026-08-28,False,False,4.2003513963395855,0.22151584106191446,,
UNIONBANK,2026-08-31,False,False,4.459391944160607,0.5378919956315453,,
UNIONBANK,2026-09-01,False,False,4.5724170470494485,-0.14046988495480806,,
UNIONBANK,2026-09-02,False,False,5.733632964059665,-0.1311147168329696,,
UNITDSPR,2026-06-29,False,False,3.6100091976464466,0.0,,
UNITDSPR,2026-06-30,False,False,4.7863365230750965,0.2320953634482148,,
UNITDSPR,2026-07-01,False,False,3.840083237315528,-0.3172765198262262,,
UNITDSPR,2026-07-02,False,False,3.016557074098958,0.2872099818795881,,
UNITDSPR,2026-07-03,False,False,1.938640772479272,0.16011289460515776,,
UNITDSPR,2026-07-06,False,True,0.8098551103149054,-0.04300850249048249,4.353141452983489,2.062951859715012
UNITDSPR,2026-07-07,False,False,1.0998946629213524,-0.11223173494232519,,
UNITDSPR,2026-07-08,False,False,2.477006088140432,-0.24001302221230425,,
UNITDSPR,2026-07-09,False,False,2.782469836763668,-0.27602975063150126,,
UNITDSPR,2026-07-10,False,False,4.790520984081037,-0.1300801246285066,,
UNITDSPR,2026-07-14,False,False,4.919578987882112,0.16691210654027344,,
UNITDSPR,2026-07-16,False,False,4.6617800899316775,0.23905583160310773,,
UNITDSPR,2026-07-20,False,False,5.662120662222092,0.13881964505337852,,
UNITDSPR,2026-07-24,False,True,0.6332071528519556,0.3710999166311568,6.476116968097956,2.4347349249539185
UNITDSPR,2026-07-27,False,True,0.4389206211613983,0.10139245472799985,3.872529245663592,-0.4975124378109319
UNITDSPR,2026-07-28,False,False,1.7588709782830891,-0.07402258317210642,,
UNITDSPR,2026-07-29,True,True,0.04342083795141338,0.33692923437711464,0.2988217448736119,-0.8199971328579081
UNITDSPR,2026-07-30,False,False,1.6041098531646814,0.2704469383863817,,
UNITDSPR,2026-07-31,False,False,1.6977743286614722,-0.4457586907981037,,
UNITDSPR,2026-08-03,False,False,2.013477481655568,-0.07260085827089924,,
UNITDSPR,2026-08-04,False,True,1.2112745132546232,0.13780271358319052,0.35713874358547226,-1.0672851611622014
UNITDSPR,2026-08-05,False,False,2.0826771653543075,-0.013118434475822838,,
UNITDSPR,2026-08-06,False,False,2.0759809015742814,0.026253489983707468,,
UNITDSPR,2026-08-07,False,False,2.1899615771990844,-0.006566540948271804,,
UNITDSPR,2026-08-10,False,False,2.049196457855018,0.15767850026662256,,
UNITDSPR,2026-08-11,False,False,2.2907472566686016,0.35631965780682506,,
UNITDSPR,2026-08-12,False,False,2.055175125798203,-0.006554916675727274,,
UNITDSPR,2026-08-13,False,False,2.3975954557719836,-0.2493797549781851,,
UNITDSPR,2026-08-14,False,False,2.7016463825624726,0.0924657840722043,,
UNITDSPR,2026-08-17,False,False,1.6021558928468016,0.24867802426786767,,
UNITDSPR,2026-08-18,False,False,1.120289780592243,-0.00650280342199272,,
UNITDSPR,2026-08-19,False,False,1.9870351643853201,-0.039265417927847324,,
UNITDSPR,2026-08-20,False,False,1.7937626802597029,0.1701968802352516,,
UNITDSPR,2026-08-21,False,False,1.2709692789439009,-0.058477319754346446,,
UNOMINDA,2026-07-15,False,False,1.8728113862656937,0.6137069267963202,,
UNOMINDA,2026-07-16,False,False,1.654481314713463,-0.04284490145672892,,
UNOMINDA,2026-07-17,False,False,3.1130021335767477,-0.32935072519580944,,
UNOMINDA,2026-08-04,False,True,1.4566675137456686,-0.27241611041911584,2.2601039982717896,0.285712775749869
UNOMINDA,2026-08-05,True,True,-0.4840333443788092,-0.18276113056218124,0.790362462943972,0.5503854094607741
UNOMINDA,2026-08-06,False,False,2.981786906387418,-0.15260014868833105,,
UNOMINDA,2026-08-07,False,True,0.689089415357258,0.6787668181481799,-0.6532283807877626,0.5380023846436988
UNOMINDA,2026-08-10,False,False,0.4145162770176736,-0.2083550575908255,,
UNOMINDA,2026-08-11,False,False,1.5560008938647618,-0.1709363769910599,,
UNOMINDA,2026-08-12,False,False,2.8123531772860755,0.0,,
UNOMINDA,2026-08-13,False,False,4.050362764933446,0.8443908323281013,,
UNOMINDA,2026-08-14,False,False,5.557121174908741,0.05665785640622811,,
UNOMINDA,2026-08-17,False,False,4.316557254272979,0.12006723296034139,,
UNOMINDA,2026-08-18,False,False,2.2724172389529507,0.4566967581200787,,
UNOMINDA,2026-08-19,False,False,3.3743938795788075,-0.24500889406596782,,
UNOMINDA,2026-08-20,False,False,2.6425109495499477,0.0,,
UNOMINDA,2026-08-21,False,False,3.8929471859046494,-0.4675879050363041,,
UNOMINDA,2026-08-24,False,False,4.199936108540214,-0.18334386832403737,,
UNOMINDA,2026-08-25,False,False,4.473065657316178,-0.08045052292839916,,
UNOMINDA,2026-08-26,False,False,2.7741167129813338,0.15904572564613417,,
UNOMINDA,2026-08-27,False,False,3.20842372785346,-0.28622177742830823,,
UNOMINDA,2026-08-28,False,False,1.7881614925887135,0.33927147506569444,,
UNOMINDA,2026-08-31,False,False,1.884297520661149,0.31583103039873883,,
URBANCO,2026-08-13,False,False,7.476325988538046,0.11958227670658683,,
URBANCO,2026-08-14,False,False,9.093606772020713,-0.48967598003958335,,
URBANCO,2026-08-17,False,False,6.377644993774978,-0.22896122935887053,,
URBANCO,2026-08-18,False,False,5.1771631820964,0.041506438828831094,,
URBANCO,2026-08-19,False,False,3.44074832455199,-0.027668425472426872,,
URBANCO,2026-08-20,True,True,0.256707284601565,-0.07391520288795306,10.37498103560781,
URBANCO,2026-08-21,True,True,-2.3069740530702543,1.6590155929815609,10.19223904978277,
URBANCO,2026-08-24,True,True,-2.3323611539626143,1.4855475100652216,-1.6044768527965547,
URBANCO,2026-08-25,False,False,2.2563953670650116,0.24265411164112738,,
URBANCO,2026-08-26,False,True,1.5429492960165714,0.30581292224935996,-8.644556744178388,
URBANCO,2026-08-27,False,False,2.969271818081265,0.04126573930882671,,
URBANCO,2026-08-28,False,False,4.402562891343176,-0.8000510012845297,,
URBANCO,2026-08-31,False,False,3.285728450725145,1.063193643987903,,
URBANCO,2026-09-01,False,False,4.710269767691244,1.283212294070779,,
URBANCO,2026-09-02,False,False,4.5727801422095204,-0.658129127386553,,
URBANCO,2026-09-03,False,True,0.9749262364371791,-0.31023399615470737,-9.697808682751784,
URBANCO,2026-09-04,False,False,1.5140032779604073,0.11851394891870815,,
URBANCO,2026-09-07,False,False,2.5513661944473576,0.38417993272199524,,
URBANCO,2026-09-08,False,False,5.4464783211885415,0.36634195811580117,,
URBANCO,2026-09-09,False,False,8.446152425175413,-0.15226618262719205,,
URBANCO,2026-09-10,False,False,7.744664714798466,-0.0989684838545335,,
URBANCO,2026-09-11,False,False,13.876478524119085,-0.5025077229038222,,
VBL,2026-06-10,False,False,2.5533316843735054,0.4329796197505287,,
VBL,2026-06-15,False,False,2.0986939143285532,0.25479601458899825,,
VBL,2026-06-16,False,False,1.5654609258089813,-0.17637415799017786,,
VBL,2026-06-17,True,True,0.1773527648557316,0.16537364180797542,-11.32036115391497,0.29910021376540197
WELCORP,2026-06-15,False,False,2.1827573922336807,-0.8127208480565362,,
WELCORP,2026-06-16,False,False,2.982552430146801,-0.5285731724330334,,
WELCORP,2026-06-17,False,False,3.877663723073854,-0.40398036237148105,,
WELCORP,2026-06-18,False,False,1.9285714285714128,0.5862132460421776,,
WELCORP,2026-06-19,False,False,2.661290322580623,0.1435750179468842,,
WELCORP,2026-06-23,False,False,0.3041941104024781,0.8632738866010792,,
WELCORP,2026-06-25,False,False,1.4802487387166607,-0.11915287244234074,,
WELCORP,2026-06-29,True,True,0.7623513911085178,-0.22618566333961754,5.236065345484819,
WELCORP,2026-06-30,False,False,2.516722408026739,0.6598471014217511,,
WELCORP,2026-07-01,True,True,0.6848672423158897,-0.6915512342496433,0.7160900798262926,
WELCORP,2026-07-06,False,True,4.910462509271385,-2.0073081536640114,3.5692249870894033,
WELCORP,2026-07-07,False,False,2.8781507233970327,-0.13056534379470852,,
WELCORP,2026-07-08,False,False,1.249998409724773,1.1189223125511516,,
WELCORP,2026-07-09,True,True,-0.010800508259212194,0.5879314215745834,6.961998717400397,
WELCORP,2026-07-10,False,True,0.5434765715534251,0.06802990718837165,3.479641097279207,
WELCORP,2026-07-13,False,False,1.1437561402623642,0.28412449573425036,,
WELCORP,2026-07-14,True,True,-0.375387266084215,0.28510471166969253,4.1473130880063325,
WELCORP,2026-07-15,False,False,1.8095665912890135,-0.4759071980963703,,
WELCORP,2026-07-16,False,False,2.1047828479272113,-0.9419445742927968,,
WELCORP,2026-07-17,False,False,3.459829086762811,-0.7099909042193153,,
WELCORP,2026-07-20,False,False,5.832761018374555,0.6488583745273724,,
WELCORP,2026-07-21,False,False,4.568757281265934,-0.012252632690068488,,
WELCORP,2026-07-22,False,False,4.63925438949242,-0.049010586630693354,,
WELCORP,2026-07-23,False,False,5.714801800140279,0.11778714542305391,,
WELCORP,2026-07-24,False,False,6.287368310660302,-0.3844930959302273,,
WELCORP,2026-07-27,False,False,4.986723670847004,0.17864241092355737,,
WELCORP,2026-07-28,False,False,4.864202117429972,0.7612282699665185,,
WELCORP,2026-07-29,False,False,2.0132692386381823,0.8192756377070731,,
WELCORP,2026-07-30,False,False,1.7933731618268611,-0.07144267619177969,,
WELCORP,2026-07-31,False,False,2.5510204081632626,0.4279929761557,,
WELCORP,2026-08-03,False,False,1.3345195729537185,0.7228613064972578,,
WELCORP,2026-08-04,False,True,0.09309388046401246,0.3890415417575843,10.782399542112952,
WELCORP,2026-08-05,True,True,-0.9878765697144631,0.4826254960059506,9.409932019623014,
WELCORP,2026-08-06,True,True,-0.005805850746920527,0.0442608718088211,6.03458392229721,
WELCORP,2026-08-07,False,False,1.9010006056319861,-0.37973309684776746,,
WELCORP,2026-08-10,False,False,3.052834268816418,-0.08789142850360587,,
WELCORP,2026-08-11,False,False,1.1835983209335321,0.005397375333471288,,
WELCORP,2026-08-12,False,False,0.6022229409064606,0.16085790884718953,,
WELCORP,2026-08-13,False,True,0.4142230083852949,-0.07462816706089725,1.8452837566538705,
WELCORP,2026-08-14,False,False,0.3403917416622493,-0.1374484890830141,,
WELCORP,2026-08-17,False,False,2.3901128425577456,0.04838580860573316,,
WELCORP,2026-08-18,True,True,-0.18961686827462243,-0.07850936978788248,21.329003838599746,
WELCORP,2026-08-19,True,True,-0.7110275958063461,-0.7198231623334106,18.88975573693894,
WELCORP,2026-08-20,True,True,-0.10420841683367321,0.10030090270811698,28.069335663228735,
WELCORP,2026-08-25,False,False,1.8967661690270976,0.9082076440053655,,
WELCORP,2026-08-26,False,False,8.641767792825616,-2.2362136343899275,,
WELCORP,2026-08-27,False,False,1.152487438852523,-0.12390550390305455,,
WELCORP,2026-08-28,False,False,3.0494972264310194,-1.4469880076630082,,
WELCORP,2026-08-31,False,False,5.367627707227296,-0.042881646655235084,,
WELCORP,2026-09-01,False,True,2.0406897322587714,-0.22797927461140066,7.5517784542828315,
WELCORP,2026-09-02,False,True,2.20675355450235,-0.40905847794293626,7.304251648311855,
WELCORP,2026-09-03,True,True,-1.4653686835642277,0.8122349611547897,6.600481479322151,
WELCORP,2026-09-04,False,False,1.959284595852706,0.33092244853081265,,
WELCORP,2026-09-07,False,False,3.6529676549910794,0.2937803500676406,,
WELCORP,2026-09-08,False,False,4.0419397889069675,-0.273923520688657,,
WELCORP,2026-09-09,False,False,2.648091603053415,0.04582064875140457,,
WELCORP,2026-09-10,False,True,1.8164647319656613,0.6247581845238104,-1.0887231385579454,
WELCORP,2026-09-11,False,False,4.4611861779152,-0.9977089826015306,,
WELCORP,2026-09-16,False,False,18.968078600308825,-2.1707469635218524,,
WELCORP,2026-09-17,False,False,14.40640940235296,0.053171731211665296,,
WELSPUNLIV,2026-08-25,False,False,1.1901698006130612,0.8487840761293164,,
WELSPUNLIV,2026-08-26,False,False,3.2806324110671747,-0.3937007874015741,,
WELSPUNLIV,2026-08-27,False,False,3.2262279165504504,0.06325324338747329,,
WELSPUNLIV,2026-08-28,False,False,1.1170746961862488,1.7054996020351432,,
WELSPUNLIV,2026-08-31,False,False,2.4562995182038305,1.198832289675722,,
WELSPUNLIV,2026-09-01,True,True,-0.5248916823502148,-0.2294297824773972,4.784157247517928,
WELSPUNLIV,2026-09-02,False,False,3.2516672403072766,-0.5224177115872086,,
WELSPUNLIV,2026-09-03,False,True,2.7383183871620087,-0.2782571291954361,6.001014116568215,
WELSPUNLIV,2026-09-04,True,True,1.1580970402355062,-0.6750407182991469,5.269615510119441,
WELSPUNLIV,2026-09-07,True,True,-1.2360043714910285,0.930782554931997,1.7444152321576034,
WELSPUNLIV,2026-09-08,False,False,3.194523374287228,0.19050956548571918,,
WELSPUNLIV,2026-09-09,False,False,3.489705227335671,-1.1312260151992382,,
WELSPUNLIV,2026-09-10,False,False,3.5686992741738033,-0.12388950065749249,,
WELSPUNLIV,2026-09-11,False,False,6.099703579759552,-0.7037111995955581,,
WELSPUNLIV,2026-09-15,False,False,5.281535200373444,-0.6696210508658429,,
WELSPUNLIV,2026-09-16,False,False,8.204568479426877,-1.6568651386335786,,
WIPRO,2026-08-07,False,False,2.503566131801138,0.3423188739118288,,
WOCKPHARMA,2026-06-11,False,False,30.51745725935515,0.8761466290900577,,
WOCKPHARMA,2026-06-12,False,False,26.043881034474126,-0.046577880832132657,,
WOCKPHARMA,2026-06-15,False,False,28.201143702836262,-0.7266846538705574,,
WOCKPHARMA,2026-06-16,False,False,13.461022983666293,0.6364085118349072,,
WOCKPHARMA,2026-06-17,False,False,12.066867433962214,1.4017236364051167,,
WOCKPHARMA,2026-06-18,False,False,6.655457190573499,0.6276071992216137,,
WOCKPHARMA,2026-06-19,False,False,7.17303822937625,-1.6133809749494854,,
WOCKPHARMA,2026-06-22,False,False,7.470365699873893,-0.46691678884116516,,
WOCKPHARMA,2026-06-23,False,False,4.898824558616743,0.054185989455057815,,
WOCKPHARMA,2026-06-24,False,False,3.8304093567251396,1.0737882648229613,,
WOCKPHARMA,2026-06-25,False,False,6.700718544673467,0.0701625938124062,,
WOCKPHARMA,2026-08-07,False,False,3.953899496134783,0.2005012531328232,,
YESBANK,2026-06-15,False,False,2.6153340010691917,-0.12869489482703056,,
YESBANK,2026-06-16,False,True,1.8151095662669814,0.0,-2.902155570920617,-0.9121077175361703
YESBANK,2026-06-17,False,True,1.7463796055785963,-0.24742047811291412,-4.844904529310822,2.549725878607978
YESBANK,2026-06-18,False,True,0.6185559293415466,0.5535760560707592,-6.437954004812296,-0.6147533361300805
YESBANK,2026-06-19,False,False,1.963403564197308,-0.15717451602434984,,
YESBANK,2026-06-22,False,False,2.204734912026063,0.0,,
YESBANK,2026-06-23,False,False,3.9265959603687506,0.08029087870808915,,
YESBANK,2026-06-24,False,False,4.0100395374767395,-0.2003174635196614,,
YESBANK,2026-06-25,False,False,3.4700468960948916,0.5622542134212871,,
YESBANK,2026-06-29,False,False,2.6908488313917234,0.11904277138352626,,
YESBANK,2026-07-01,False,False,7.017355100586031,-0.20610529240495667,,
YESBANK,2026-07-03,False,False,6.796786667931931,-0.0412040737256647,,
ZEEL,2026-06-10,False,False,7.981293505488507,0.720220459203591,,
ZEEL,2026-06-11,False,False,10.193654790487505,2.729453392209824,,
ZEEL,2026-06-12,False,False,3.9318759639406453,-0.48296051600649204,,
ZEEL,2026-06-15,False,False,7.253685358127537,-0.35386933389729425,,
ZEEL,2026-06-16,False,False,8.070464484464267,-0.9271923031124452,,
ZEEL,2026-06-17,False,False,5.401339537345318,0.26018384883312873,,
ZEEL,2026-06-18,False,False,6.922651613434039,-0.5417104212251056,,
ZEEL,2026-06-19,False,False,5.354198316483383,-0.4363682071194863,,
ZEEL,2026-06-22,False,False,3.0367756540965685,0.09583604419014513,,
ZEEL,2026-06-23,False,False,1.1613009024292076,-0.4678090101092547,,
ZEEL,2026-06-24,False,False,4.161262740600868,-0.2707402258460778,,
ZEEL,2026-06-25,False,False,3.616819860485565,-0.008712661990040171,,
ZEEL,2026-07-31,False,True,1.472778894985094,0.08887963045276503,-19.872930846117455,
ZENSARTECH,2026-07-27,False,False,10.283185840707954,0.5238694997548476,,
ZENSARTECH,2026-07-28,False,False,6.857853095307065,0.4113581323021087,,
ZENSARTECH,2026-07-29,False,True,3.9798574230760497,-0.3749531136967965,-13.518979002212506,
ZENSARTECH,2026-07-30,False,False,4.613814059348664,0.3967832944615113,,
ZENTEC,2026-06-10,False,False,6.96318819457169,-0.8120519824291517,,
ZENTEC,2026-06-11,False,False,7.5217080282412585,0.7202866994932222,,
ZENTEC,2026-06-12,False,False,7.223508469819495,-0.573998377708218,,
ZENTEC,2026-06-15,False,False,6.017402994954657,-1.008251698965723,,
ZENTEC,2026-06-16,False,False,6.308922558922547,-0.5302818866871339,,
ZENTEC,2026-06-17,False,True,2.673298198835994,-0.9555020986015461,-8.014306420896167,
ZENTEC,2026-06-18,True,True,-0.22582419498949902,-0.07320899380277579,-8.596187455661198,
ZENTEC,2026-06-19,False,True,1.1734668798300874,0.21877633315314782,-8.11951460117778,
ZENTEC,2026-06-22,False,False,2.47987060769268,-0.37336147396884733,,
ZENTEC,2026-06-23,False,False,4.276416205270861,-1.3951421409810538,,
ZENTEC,2026-06-24,False,False,5.932718035879581,0.08339287012910646,,
ZENTEC,2026-08-21,False,False,8.84570487163403,-1.7647989995941193,,
ZENTEC,2026-08-24,False,False,7.467481341674875,-0.3129564027128495,,
ZENTEC,2026-08-26,False,False,9.653434290672802,-0.5468858816293887,,
ZYDUSLIFE,2026-06-10,False,False,1.2076870468372025,-0.027080219144859363,,
ZYDUSLIFE,2026-06-11,False,False,2.2160807513410985,-0.027244966387163227,,
ZYDUSLIFE,2026-06-12,False,False,1.086769039207014,0.03594432611080389,,
ZYDUSLIFE,2026-06-15,False,False,2.114061700613057,0.8141259432477899,,
ZYDUSLIFE,2026-06-16,False,False,3.8670096051929503,-0.16585725118769545,,
ZYDUSLIFE,2026-07-03,False,True,2.2948092314095003,0.1173854731040258,-2.243329107949388,0.9573311995626721
ZYDUSLIFE,2026-07-06,True,True,0.4912094957246316,0.12263703959383143,-3.518549739790122,-0.06220538803988207
ZYDUSLIFE,2026-07-07,False,True,0.26498778926811184,0.05199095198764603,-5.049807143225649,-0.9553369290186353
ZYDUSLIFE,2026-07-09,False,False,3.468763093493221,-0.21737240701412697,,
ZYDUSLIFE,2026-07-15,False,False,4.543709187644551,-0.21085068061011958,,
ZYDUSLIFE,2026-07-16,False,False,2.823644769063205,-0.06057560985504029,,
ZYDUSLIFE,2026-07-17,False,False,3.812506496791346,0.1313140099695298,,
ZYDUSLIFE,2026-07-20,False,False,2.993102164558903,0.04338771168059807,,
ZYDUSLIFE,2026-07-21,False,False,3.7127674626168172,-0.05237674255237357,,
ZYDUSLIFE,2026-08-11,False,True,1.5911341230914644,0.20509423111652048,-3.2480894882202516,4.241533281138898
