ticker,i,vol_zscore,body_atr_daily,dist_to_trigger_pct,consolidation_days,immediate_fade,swing_pnl,day1_pnl
360ONE,897,1.8147977543789222,0.7145418224086608,1.8429003179510905,4,False,-8.965167085087755,2.4556226678687842
360ONE,898,1.3319992159672276,0.7296191529468868,2.976329291044788,4,False,-1.216575755408722,2.806281094527363
360ONE,914,-1.0110504891062453,0.4660850409943441,-2.7761594573063486,2,False,4.3610074626865725,-1.857898009950243
360ONE,1082,5.7295144008360355,0.2006345663940492,-2.3962944351237137,7,True,-7.236948033939628,-2.7059604178890417
360ONE,1141,0.8558554078097529,0.781281820826871,2.097810379267262,3,False,2.281225102884199,1.5842401973427789
360ONE,1155,-0.7155597911111358,0.16284474292771156,-0.45301221975987405,5,True,1.6741003759434214,-0.7645137461173457
360ONE,1211,-0.21614067767055553,0.9692574932494679,1.4060936063975848,8,False,4.086849648204782,1.4672141704815012
AARTIIND,24,28.299429315480566,2.4629148262304743,6.998172824291338,4,False,21.16193759485916,
AARTIIND,25,1.4600103749562707,1.1359427858447455,3.401118304372397,4,False,12.163359501529891,
AARTIIND,26,-0.1040531176681274,0.17331378696151453,-1.7116333277572449,4,False,7.190396297990587,
AARTIIND,692,3.406429540796627,1.3082341113449116,1.8613827414651007,5,False,0.33881963543456184,
AARTIIND,839,2.0660057669588667,0.08438854504767382,0.04349792455109469,4,False,1.500925834737532,
AARTIIND,852,0.7793964712844845,0.0611340143368959,-0.20019963133066643,6,True,-20.15166727543659,
ABB,415,6.659289017394014,1.8714139329314017,4.230288147087857,8,False,12.728027930123108,4.449019271458798
ABB,416,1.4110423243620909,0.7500392520836056,1.0265062009928494,7,False,7.103552575750016,1.2872964009893906
ABB,615,2.348103432425089,1.1891689025036662,5.14238313690607,2,False,9.14554234452012,5.045477714660063
ABB,616,0.16833135209194602,0.14726400494963998,-1.5555286925464262,2,False,2.81710355903968,-2.1580208190697725
ABB,619,-0.44142575800609896,0.05766827676492766,-2.111378166814004,4,False,1.5482148710513455,-1.8165528900176309
ABB,763,0.43504143064720996,0.7789672822406462,0.1578376606739873,7,True,2.4588501937294227,-0.6549914173956117
ABB,913,0.07722927073912711,0.0811490027806913,-1.890373156091807,5,False,5.187100368672826,-1.8033193611992515
ABB,915,-0.0476224921005997,0.4156965760097069,0.7576298585368235,7,False,4.7654290530817045,1.614589081560447
ABB,1001,-0.1094059466058692,0.10848772929130572,-0.4513035644561736,14,False,-4.874413311904924,-0.002147900345628173
ABB,1002,0.9376610248265903,0.27727481244619295,-0.12638171745156246,14,True,-4.7195392911522855,0.2925106648655973
ABB,1092,0.11440346687065973,0.8253315233822436,0.05851768646627509,6,False,1.6727986924323979,-1.5288586360670653
ABB,1094,0.10664385585721499,0.14989752440828755,0.6207922123394383,5,False,7.49925335413737,0.48766070636916403
ABB,1095,-0.11152666583459388,0.5011233937283085,-0.7389814663896543,4,False,6.375730982804839,-0.8252204051677703
ABB,1185,-0.5196065349647698,0.20751989536646734,-0.5798139163569971,7,True,-6.628972589492566,-0.5523800901749754
ABB,1203,10.996774500031538,1.9494986410693387,4.942960575389899,6,False,5.866814483291938,4.942960575389899
ABCAPITAL,583,2.3113572154923507,0.022985771793041454,-0.21256832531418857,3,True,2.893320761739626,0.3003275988582965
ABCAPITAL,587,0.9801977831774522,1.3545997532427567,0.25209117720887964,5,True,-1.0527718644666617,0.39090603387281764
ABCAPITAL,601,6.391678959445662,1.9663684827055532,0.30897066178396937,6,False,4.341352212580918,1.2266816889717314
ABCAPITAL,604,0.4301790226843992,0.9978488284237469,0.6832140695966604,6,False,-2.4564309073001223,1.702923483172647
ABCAPITAL,605,-0.08728130132831331,0.42849238087544655,-1.4464119412251453,5,True,-3.186059690166687,-0.8928865605745906
ABCAPITAL,640,40.881236886366835,1.8427598039216593,9.676404043022192,2,False,18.295590774093572,9.10360843395499
ABCAPITAL,641,0.3236743565571642,0.5864570690250736,-0.6434833420952857,2,False,5.511564964184279,-0.25423007213321025
ABCAPITAL,642,-0.10819733124910158,0.07837084308530236,-1.098953964006688,3,True,4.3380789011660426,-1.1711313522394629
ABCAPITAL,684,0.9543431792058453,0.03431967210883623,-1.537761222996159,7,False,1.5107927842541002,-0.9136145433719989
ABCAPITAL,688,-0.12070972368844983,0.41299182923772076,-0.22624820984170624,11,False,-1.5074350360699595,0.1368213744652902
ABCAPITAL,689,-0.7736468793995787,0.0011338347230612235,-0.9926305320386408,11,False,-4.718409458339979,-0.976129323730579
ABCAPITAL,752,3.03525163751346,0.13329402481643743,-1.8071569858824965,10,False,-2.934659971849274,-1.2564113506451369
ABCAPITAL,1140,-0.08442789244419412,0.054691338727672456,-0.27990968809419314,4,False,1.7510493092621093,0.41641734014368215
ABCAPITAL,1186,2.3057988549025086,1.2255016166570638,3.3797248896752397,7,False,5.832665697358141,4.025925744764436
ABFRL,87,4.188481917563834,1.200995365542325,0.7515528664256754,4,False,3.3376346290333814,
ABFRL,89,0.7530808111449606,0.9247952134581884,1.0158418415086246,4,False,3.5438089524008287,
ABFRL,90,2.764263844100207,0.42115492535120513,-1.5092307060252774,3,False,1.5259240986177591,
ABFRL,596,0.37123806045250185,0.7068032347973129,1.284183628187363,2,False,4.155854625875288,
ABFRL,597,0.027098136491161395,0.1325533467449605,-0.5588807190881617,2,False,1.6504648083099482,
ABFRL,757,3.629270178425041,1.3701648157519752,1.4610221870806628,9,False,-4.900541524123636,
ABFRL,990,-0.44019909009847635,0.10221614509394528,-1.2912555758962885,9,False,5.271952975268168,
ABFRL,993,-0.46775039743342034,0.8745914657775288,-0.12554086980002266,9,False,-1.3111974714280383,
ABFRL,994,2.353446981462942,0.800036794920826,2.217238213960915,9,False,-2.338019123021984,
ABREL,738,0.9116205686062241,1.3758508491618,2.014472988592342,3,False,13.230049947670807,
ACC,44,-1.3099616642056604,0.10586599050071827,-0.8209244911959623,3,False,4.4179073967614,
ACC,45,-1.6296108676010719,0.2553769952994442,-0.3121808177654728,4,False,3.717756320065657,
ACC,47,1.4037254508509263,1.0163318847614096,2.805023401118034,4,False,-5.639088142334647,
ACC,48,-0.1412147784766848,0.24466775879991165,-0.17107943176900564,4,False,-11.373962158697603,
ACC,49,-0.5862985154234086,0.37814148582432083,-0.4331953418509782,4,False,-11.718590111392102,
ACC,292,-0.20326762167369614,0.1507267810261099,-0.3504845743148466,1,False,0.5214526739377723,
ACC,472,16.67559843537856,2.2974065006050672,3.43939049087576,14,False,10.337173832120495,
ACC,473,0.5922067568114561,0.6127292298906178,0.946455059793383,14,False,5.955710860686669,
ACC,474,0.8968934642464836,0.35430797432364114,0.2255785696485324,14,False,4.223240114716464,
ACC,475,1.5007629979565063,0.027693153642028887,-0.807979314981988,14,False,0.365179278638772,
ACC,476,0.29789111474004665,1.6620487803083557,1.6973052213871131,14,False,-0.25812386852744895,
ACC,561,3.299682202178233,3.133041815201372,6.995292085840665,7,False,6.199487683818861,
ACC,562,0.32341996103376813,1.3135824583585454,-3.435399382476567,7,False,-1.5093274542982593,
ACC,673,2.3646239629666397,1.0021139934174328,1.698624427586215,8,False,4.2795768092164455,
ACE,995,7.476093532656502,0.9852024076325208,1.5813809891668917,4,False,-4.708602026835685,
ACUTAAS,835,1.0774948513672205,0.7665535557997677,3.9285880994400557,1,False,14.382474240868204,
ACUTAAS,837,-0.4570700294937542,0.27708116491413476,-0.09288609436541861,2,False,7.180025717980243,
ACUTAAS,838,-0.44482826346783944,0.4623708769011594,0.5769201983404582,2,False,-11.921433463539532,
ACUTAAS,839,-0.29360193835597276,0.9500958974807276,3.5119272394894985,2,False,-13.702177932535331,
ACUTAAS,840,-0.6487826031533084,0.21295480455339102,0.026094684233823884,1,True,-15.461250113500679,
ADANIENSOL,208,2.048620520507144,0.9509988917300453,4.073707670684645,1,False,13.216158159388058,5.182333575252707
ADANIENSOL,209,0.6460934221842242,0.7073558108357757,-4.44791936461969,1,False,7.1067740736024065,-2.5354030349055923
ADANIENSOL,349,-0.5969332754705514,0.3639975354427318,-0.3149027207879129,6,True,-27.881286221935476,-0.10365588394836145
ADANIENSOL,481,3.377744144944899,1.1335948532450697,-1.713259065640793,3,False,2.9136670637397444,-3.212289678534952
ADANIENSOL,557,3.6192944634425444,0.7087098353170037,-0.40652972756003436,4,False,2.7779137219726024,-0.6055574431558131
ADANIENSOL,560,0.0998435222632819,1.6577963095432509,-5.832655853416258,3,False,8.536795440037782,-5.905598521907907
ADANIENSOL,561,4.092455529428039,3.5570363426100156,11.352425120431132,3,False,8.7133939355724,16.753692836128952
ADANIENSOL,562,2.691090951879367,0.46351643411304194,6.833962116309111,2,False,-6.172754379027834,6.833962116309111
ADANIENSOL,616,12.432208357636503,2.0468547596425894,6.759586196313649,1,False,-13.954215927147063,7.290590710915756
ADANIENSOL,673,2.6750937465510276,0.05768204125163693,-1.5912438547321273,5,True,-0.1596086744005465,0.0315625778058104
ADANIENSOL,719,0.3562640768022814,0.4260408385282945,-1.5057705158235013,6,False,-6.724527681468484,-3.0679387643189004
ADANIENSOL,720,7.7795302746201935,2.800843685412054,8.560542419554974,6,False,-8.248800915374533,6.415215825360088
ADANIENSOL,787,5.210634489948445,1.3897378141474062,4.492662377415946,4,True,-32.30743701816191,-2.3130043762628616
ADANIENSOL,876,-0.882620333749032,0.4687272115348122,-0.6100253678850143,2,False,9.115827008501132,0.14628950853801115
ADANIENSOL,877,-1.2114686731938182,0.3995075526038506,1.086032064163911,3,False,8.407590579450886,1.8436464015201715
ADANIENSOL,1002,21.1256623557722,0.5585218134952991,3.166204957959917,8,False,10.281926586225199,3.671949026384791
ADANIENSOL,1135,7.364246022890786,1.1863587430261975,2.3931205743215944,0,False,10.463981570008318,2.383571230317738
ADANIENSOL,1137,5.7332455053044775,1.6674161223445396,6.18795647697572,1,False,12.121418308085152,2.7122452254854768
ADANIENSOL,1138,0.5213798645111721,1.1365638432052048,0.7801413563495618,1,False,4.836036112374065,2.4693813642899354
ADANIENSOL,1139,-0.48930639946600235,0.4961206244608315,-1.8468387132300146,1,False,14.659381599975486,-0.9249373755302215
ADANIENSOL,1140,-0.046718780370825025,0.8287733687047666,0.8971914994551522,2,False,12.904832311107395,1.8833920985281694
ADANIENT,32,3.6224306186147555,1.2254657872353818,1.8565646927096502,7,False,-2.975333344605824,3.5022549616509746
ADANIENT,48,1.0813071517674573,1.2549105152103737,2.919606560020549,5,False,10.099977411984984,2.2966012192143115
ADANIENT,49,0.410302503570426,0.4718535883766307,-0.6864426759549014,4,False,4.933443021668338,-1.0373089345316777
ADANIENT,50,1.4495493800188661,0.2323096684809709,-1.7427675139095378,4,False,3.2530142188302413,-0.9519396594651175
ADANIENT,51,1.7521611251782416,0.42390556275650865,-0.42744311471543117,4,False,-3.9076930146253575,0.07182397869807122
ADANIENT,52,0.5267752551530472,0.5586619430066112,1.2413969019760218,4,True,-2.8729599358904734,1.8142755933548305
ADANIENT,82,0.6421843907953666,0.2057968159428805,0.24675242887977067,3,False,0.3383528608933206,0.24675242887977067
ADANIENT,191,-0.08217242365277615,0.22294984058014675,-1.1498401036128203,4,False,-2.168271246898512,-0.3776989210764081
ADANIENT,413,0.45644053189270883,0.1810949349349985,-1.733617120880282,5,False,1.5831349637646541,-1.7771226173658339
ADANIENT,420,2.6975148101742112,0.7397628682807937,0.4463959153400143,7,True,17.727744677236924,1.678788154851385
ADANIENT,560,0.6272606786661676,0.2183060470697557,0.2470551857365555,1,False,13.484878685345647,0.2470551857365555
ADANIENT,561,5.162857184060138,3.7811673863193347,13.473100687554517,1,False,9.025205289784232,18.099291595970058
ADANIENT,562,1.7106082240569667,1.5404786493621998,-4.343410284369787,1,False,-0.7661732598151505,-3.8110525938197415
ADANIENT,673,2.7248625722690343,2.2238926476926166,6.1558365284796634,6,False,14.239824499549503,6.741881145453843
ADANIENT,674,0.02922518573718086,0.20320719436524856,-1.1124661141773462,6,False,-0.3412153076002733,-1.8997788509010904
ADANIENT,880,-0.05011776689462672,0.26049772810730604,0.1296773724276834,8,False,2.3672140852911916,0.4347936637087324
ADANIENT,897,-1.6775930966969699,0.20740792030827973,-0.7372736192053697,9,False,-0.7982283383880406,-0.07896463623568994
ADANIENT,898,-1.309172750394014,0.1732448734271548,-1.280643038705187,9,True,-0.6186157176653051,-0.6953105194090203
ADANIENT,906,8.12473080325566,1.698887236513742,-1.6153789897606519,9,True,-2.8254016941274496,-1.6754795523814536
ADANIENT,915,0.5226945967374083,0.3103164829395881,0.6129692926430508,10,False,-0.2061127715564215,1.254846518558006
ADANIENT,945,3.7059987992868453,0.8690366993855309,1.5243012723080929,5,False,-0.4016008826215889,1.6662485007157724
ADANIENT,1003,12.329700571862798,0.5193241919287661,3.0124194450226405,8,False,3.1511802082185625,3.461364220733909
ADANIENT,1004,2.0539780126687157,1.5333026363233404,1.4508689588120127,7,False,-2.889584647526211,1.9562944353938239
ADANIENT,1139,1.3878845401311792,1.4019557141316026,0.9246288803718583,2,False,14.359119236772312,3.6741020955252335
ADANIENT,1140,-0.863947372534022,0.5086125794118446,-1.1703915649289298,2,False,11.181005686885182,0.009447897151582119
ADANIENT,1142,-0.1925507534373423,0.2697422507001563,-0.14188256899511087,3,False,8.595639650302234,-0.14188256899511087
ADANIENT,1143,-0.7363845354902236,0.14078414100536835,-0.9594839349569062,3,False,7.160621106243337,-0.9550483665656029
ADANIGREEN,216,2.5561678773644148,0.5919384742269803,0.8695439594790466,4,True,0.9310789898753447,2.331102881650393
ADANIGREEN,345,2.7990202264841906,0.7850443722762768,1.716518978667314,1,False,-30.209734714816662,1.716518978667314
ADANIGREEN,391,3.0329813818166733,0.10651875638846373,4.263129931659715,1,True,-5.491121176142721,7.367678971040492
ADANIGREEN,392,0.8072024345646847,1.4027384404694694,-4.988116662453768,1,True,-11.615507649661517,-8.354871628349036
ADANIGREEN,428,-1.0613348585749651,0.0,4.473648512729045,2,False,0.9341387348332786,8.298433502780767
ADANIGREEN,429,8.08150717152294,0.9280232730776852,-0.9553756147599013,2,False,-3.632118912261295,-1.1415378063078352
ADANIGREEN,472,4.854341847516847,3.1367105678128797,6.140869069176191,10,False,-5.77504395531534,8.672324651253538
ADANIGREEN,556,79.25259863828875,2.8012201430031496,9.703865415934153,12,False,17.096991872653366,13.54370638740825
ADANIGREEN,557,1.2280917342772284,1.2046159505973355,-5.6854081574045034,12,False,1.7433306624294431,-5.839320232323364
ADANIGREEN,560,0.6884674516306443,0.7719036188430458,-0.5992372911071908,12,False,41.54491268806888,-0.40021462939860974
ADANIGREEN,561,3.243401184369238,3.609904539336276,13.326946349334424,13,False,34.555262167703525,23.915893505445762
ADANIGREEN,671,-0.7746692029469059,0.5231243516185659,-0.521592127028625,5,False,-11.936181187562077,0.5297178302374528
ADANIGREEN,674,-0.2529200438733864,0.4388421968238958,-0.1008493533342869,8,False,-14.65289498313538,0.783210117825428
ADANIGREEN,675,0.39770692048970147,0.22266670519222362,-1.4930478444105777,8,True,-15.966601063436025,-1.2122558066517075
ADANIGREEN,721,1.7859257548054392,0.8271395828328048,-0.5863741059043859,2,True,-0.7928353578730785,-2.311261583876034
ADANIGREEN,733,-0.16489050909932,0.2565883126749675,0.2683295905397509,5,False,-3.633832120754199,0.2891701705575622
ADANIGREEN,734,0.11487450942196425,0.0615348085840877,-1.4797160801180875,5,False,-0.2051622725611546,-1.4797160801180875
ADANIGREEN,756,1.5113148686542626,0.6230272271294532,0.8078893284776845,5,False,-5.178357395435606,2.065504186442668
ADANIGREEN,757,0.40973515961263424,0.03367722202669893,0.05666118635494488,5,False,-13.154835608492355,0.37192560629195626
ADANIGREEN,758,-0.6047064457102067,0.49897918138135183,0.8492231720941934,5,False,-14.712500062618483,1.2607906258768287
ADANIGREEN,896,-0.004883375635845931,0.03805047008710998,-2.489618702754981,3,False,-3.1691014361231784,-1.7123372061542907
ADANIGREEN,906,5.916281290839739,1.2390070001763034,-1.532452879613888,6,True,4.014436309211522,-1.5018646412724768
ADANIGREEN,915,3.3456239299174624,1.1529699511134694,1.148465503666296,6,False,1.0195646374969947,2.323455088471449
ADANIGREEN,916,-0.931998216360035,0.4356486259060096,-1.5653440116490724,6,False,0.40529536008979683,-1.3711928164057752
ADANIGREEN,1003,16.82152587369997,0.2172727836276876,2.0672873385419344,10,False,4.107256472422183,2.9882447470714
ADANIGREEN,1029,62.441780830548204,2.452274299009955,3.754887752981828,2,False,-1.1502935183501206,3.754887752981828
ADANIGREEN,1030,0.47759612216977115,0.7525681017555003,-0.9233330651600036,2,True,-10.447761194029848,-0.4975124378109319
ADANIGREEN,1031,-0.10816983237213772,0.13740575476877165,-1.5169030976292963,3,True,-12.79926279155662,-1.5169030976292963
ADANIGREEN,1136,2.7421502455186104,1.3697961071579456,9.586839311378759,2,False,15.5150493380793,9.836949922572447
ADANIGREEN,1138,0.014558117903622759,0.9429109146205003,3.048685540421725,3,False,22.54566396755491,-0.21267707265198998
ADANIGREEN,1139,-0.4408765849491208,0.781618127880097,-0.7079105806865327,3,False,18.06743814111471,1.2633911572910161
ADANIGREEN,1140,-1.24610897912426,0.2507852485404168,-0.5700790640967068,4,False,17.087895971726972,-0.07113782894767606
ADANIPORTS,32,7.166967872921488,2.400691816836936,5.775076194502504,5,False,-10.45296697817264,6.829187911581758
ADANIPORTS,33,0.5132900103222322,0.5254101396320761,-1.3675689435083793,4,False,-16.26799774958644,-0.8260656077231698
ADANIPORTS,221,-0.5711391129909562,0.6568709922937885,0.31950563315779057,9,False,7.3177622010249355,1.3843137698559937
ADANIPORTS,296,5.004282089586746,1.203315878375026,1.9986360250495272,11,False,0.8765150083873019,2.3650447417687293
ADANIPORTS,298,-0.25455142171552625,0.4186300727518635,-1.2153439241086361,12,False,-1.9110869396600338,-1.1601261174703503
ADANIPORTS,556,13.297825478025981,1.6179297390594058,0.6681582674828102,10,False,5.589206673644176,2.1462734635999015
ADANIPORTS,560,1.1627264038585925,0.6383372944084763,2.326615903053564,11,False,19.807094048015106,2.9496681783186984
ADANIPORTS,561,8.671798155727041,4.266374010991302,14.117813444357541,11,False,15.390675842102898,17.711102480663143
ADANIPORTS,562,1.9788563719013854,0.809570840250928,-1.1143672750558387,10,False,-1.2115092088827661,-0.040950092082814304
ADANIPORTS,639,-0.37516410032710173,0.4851431021922045,0.7621108310155389,9,False,-3.2950323487209054,2.365928439894094
ADANIPORTS,640,2.8457251659126697,0.15850681097828573,1.1155566055420563,9,False,-4.184519859315672,0.8059017801124835
ADANIPORTS,671,1.617613745458517,1.082882806942967,0.8675299194534247,9,False,5.079138828334107,1.5118281346832907
ADANIPORTS,673,4.478553120979214,1.458953850207405,2.671509851564413,10,False,12.67297312982516,2.077541226398605
ADANIPORTS,894,1.6103481693503683,0.2603429028426209,-0.5960257435491667,10,False,3.3939234860403067,-0.6617079618409516
ADANIPORTS,895,-0.2786263907758906,0.5593252859367699,0.07065576437850218,10,False,2.521891759168926,0.07065576437850218
ADANIPORTS,896,2.617544808969955,0.6223276266444547,1.4273049494786472,10,False,1.7252849943675264,1.4273049494786472
ADANIPORTS,1095,0.6451092900921791,0.8011623848066769,1.5028969928537306,5,False,-1.0348419793113073,1.5093692241460177
ADANIPORTS,1140,0.4065334097142086,0.533994623285125,-0.09439434599141094,6,False,9.771923371355173,0.7713028048853099
ADANIPORTS,1141,2.0955982651886176,0.4873604045209771,1.7880924636306972,6,False,9.09807238303122,2.392328785117326
ADANIPORTS,1142,0.7854910629242456,0.2907036624345704,0.6281086554353665,6,False,6.237032056136549,0.5641528227837922
ADANIPORTS,1143,-0.8509019371988987,0.12382881317090998,-0.5038145090787705,6,False,4.709268077473738,-0.497512437810943
ADANIPOWER,94,1.1271913562272269,1.3313963518193956,-2.9559000057252427,2,True,-9.539405787461131,-3.3309100299376615
ADANIPOWER,110,4.571380090069677,0.3642449020833913,-2.5477580286150547,2,False,7.092768563396623,-1.6753084936413698
ADANIPOWER,215,3.022141386744401,1.1807600332242099,1.82397275749826,2,False,11.592076068772794,2.4311310527757035
ADANIPOWER,216,3.8253438730197575,0.4614982025776485,2.1724048418271025,2,False,9.047887843820668,4.144307969198735
ADANIPOWER,411,-0.08315944712303873,0.33786189386787246,-0.4277616717139554,1,False,9.778216539806017,0.26968390974380085
ADANIPOWER,412,-0.06313823142062797,1.0701153741980907,3.579326576617703,1,False,14.197533064861734,5.951720995971033
ADANIPOWER,413,2.3320219358068184,0.6774352006977515,4.414545785071544,1,False,15.167984458786954,4.19328501884122
ADANIPOWER,476,1.6468861078598107,1.4407937012574321,2.4450167514505683,4,False,14.177648194988413,3.4008672223347913
ADANIPOWER,477,0.02630029049027432,0.2863679774743503,-1.3282030811665013,4,False,10.012550416694953,-1.255967315105555
ADANIPOWER,542,1.1969151963568436,0.28189964195801664,-0.3457512309871791,4,False,12.85716501078078,-0.37104958970622937
ADANIPOWER,543,1.1442948569015663,0.5534567221355187,-3.9510628739464093,4,False,11.665017006307243,-3.9010101731446034
ADANIPOWER,640,1.5268529300363327,0.5959714832008369,4.4736228630016805,5,False,5.16602915590183,4.748808242839697
ADANIPOWER,641,1.811393081035532,1.2079180770199824,4.473804933562353,5,False,0.03512663578961739,6.553641990474679
ADANIPOWER,642,0.9460642340122976,0.5045907744185945,3.391752263678449,5,False,-4.000269337833052,1.4592009694805563
ADANIPOWER,667,0.6334408779736471,1.4275797794078826,-0.9626955177818197,3,False,7.2371879081756685,-0.6552001900785309
ADANIPOWER,668,0.15693238889961578,0.4051898013754594,0.08917677179656192,4,False,6.394128234582985,1.0669921211424072
ADANIPOWER,669,-0.5437487212887328,0.23738149008802084,-1.6418296464974502,4,False,4.456105601803295,-1.6955954927355021
ADANIPOWER,671,0.8387496451925732,1.7232227116137666,3.7832317499418844,6,False,15.343535953148525,4.981235136158557
ADANIPOWER,894,1.0641929495875861,0.7211314363695778,-0.07362790587533974,5,False,-2.9855395127508233,0.0738068298190564
ADANIPOWER,945,4.487634199580431,0.22270766369796619,0.17966756762866076,3,False,2.3740690253745145,1.0625710747738326
ADANIPOWER,1122,2.3967100457580655,0.740366050515061,-0.3940636851771262,0,False,9.46566987884121,0.8602253106137381
ADANIPOWER,1123,0.16387603030970313,0.0728444030940814,-0.1123376000541465,0,False,8.688812427278947,0.1444390948483587
AEGISLOG,878,-0.910321060509615,0.042473514848646046,-0.7842975340052405,5,False,12.545041158360792,
AEGISLOG,1140,3.5870644352787244,1.2457761517255652,3.9427293272912056,2,False,0.6455187674248464,
AEGISLOG,1240,4.325814663130062,1.154375767560943,-0.021208511365200522,0,False,5.337190220480448,
AFFLE,1157,42.764960681298845,1.574989229075602,6.313014471236578,2,False,-2.6854473365074294,
ALKEM,705,0.14092607762479606,0.5411075990988284,0.735151062405226,6,True,1.8618676027071457,0.735151062405226
ALKEM,709,5.80423437152308,1.0248277075564989,0.15173146939910787,8,True,-0.975598152850754,1.2920775799671658
ALKEM,983,-0.5230727241594739,0.244879422873776,-0.552536854896013,10,False,-0.0756585734919657,0.3278538184652957
AMBER,757,69.84261283388877,3.0486178765972807,6.600047055036784,3,False,10.211260880768602,6.07394796878995
AMBER,758,2.5216329067775742,1.1040095227142126,-9.414087114571979,3,True,-0.9597411749825646,-8.41770637298238
AMBER,819,16.263431424482487,2.784328297616828,10.657453981795895,5,False,29.121190029742895,9.40715824151772
AMBER,820,4.35034729851698,1.4355353480901536,3.1372362078334604,4,False,14.667427117010723,3.1372362078334604
AMBER,821,1.2200734968642206,1.8844334849544102,4.398858527039695,4,False,6.955848365638695,3.235138500102419
AMBER,878,-0.7388015023754102,0.7405752484503101,2.5959593818099647,4,False,-8.027108599096922,3.1656144521569507
AMBER,879,2.125127900765065,0.991566577070654,4.528084216598183,4,False,-11.292812714056522,4.693921695868508
AMBER,931,7.835006281749404,0.9564486433349972,-0.37744910440257184,4,False,1.596091938497568,0.32792297937163095
AMBER,1098,0.9755493147695362,1.3430590030596292,5.212442028101205,3,False,17.699701925448895,8.959366396582102
AMBER,1099,7.915259084672298,0.7817793403324115,5.784334749213804,3,False,7.8477666167006355,4.8054370373344035
AMBER,1100,-0.10536211232175106,0.9327293021257759,1.6960350967605509,3,False,3.4072664565618194,1.0881845751323116
AMBER,1101,0.029542476795747143,0.4982027350377513,0.19106382458424775,3,False,1.3236752468417379,-0.2529713352780627
AMBER,1140,-0.21591444583252672,0.580622008416549,2.1073715496339407,2,False,10.336900596130771,3.2295800559744237
AMBER,1141,0.15119339307826482,0.39821455903334446,2.008231268904659,2,False,7.257731277168977,2.4644220756681934
AMBER,1142,0.17992538876269437,0.6703176395356828,2.27179998239464,2,False,4.237947547552179,2.27179998239464
AMBER,1143,-0.3300269138674524,0.07118097075758972,-0.6469062258304792,2,True,0.9839759600496212,-0.852322684357365
AMBER,1184,0.7950725925196054,0.36613705698452326,-0.10875736635994615,5,False,-2.4475580381537854,3.0577153930392287
AMBUJACEM,47,0.8606318214046662,1.308769438454249,3.113558647553205,7,False,-6.735912728297,3.389486426702626
AMBUJACEM,48,-0.7337805893834718,0.031611073891186815,-0.28942220841415844,7,False,-14.127517720092964,-1.1333480063369872
AMBUJACEM,152,1.6324846349077877,1.0319291188589224,2.526467355502038,2,False,11.871921080540027,2.8607781242065755
AMBUJACEM,153,14.919171640231786,1.9104384923904616,5.476158099120765,2,False,7.277040127301748,6.588895743881107
AMBUJACEM,154,1.2452421400469689,0.3716758643108713,-3.150016117926091,2,True,-1.601601223521254,-3.0692243230313165
AMBUJACEM,155,0.7566246421412604,0.7738322704221057,-1.1401533390808294,3,False,-1.796187529482407,-1.1937101523626703
AMBUJACEM,156,-0.1379743606163803,0.4491672298030315,-3.3693153575341306,4,False,-4.752028068650116,-2.478524524358261
AMBUJACEM,412,10.49423062721072,0.570192849643905,-0.5226028460763588,6,False,6.351747910180028,-0.14626969164789339
AMBUJACEM,416,1.406824315236027,0.9563921826351689,-0.497512437810943,8,False,5.302971303791337,0.5582498516086831
AMBUJACEM,476,0.8560124555195079,0.7588791993881935,0.8861323925405173,2,False,-4.735597594948404,1.1040290067792613
AMBUJACEM,479,4.082258380439925,0.7594099925658087,0.5624906118134376,4,False,-7.864533632700333,1.1242909341653284
AMBUJACEM,560,3.739000570503196,1.3712389436976855,6.348883463979371,11,False,13.251312380331592,6.449733315404971
AMBUJACEM,561,4.33548802165561,2.694881299081019,6.455950774303254,11,False,8.118510696632608,7.700257270340027
AMBUJACEM,562,0.7778296614277082,1.0328764060132438,-2.900297712311739,11,False,0.8104559965508296,-2.3964864660085516
AMBUJACEM,639,0.48435026078875915,0.11956541243892274,0.22819452171880528,5,False,3.929301983926603,0.3088286283332353
AMBUJACEM,688,0.1515605935532555,0.5116400067505351,-2.2841933060890773,4,True,2.2008813427661256,1.3185715757782157
AMBUJACEM,689,1.5822356777354858,0.4287554030995472,-0.972761286037449,5,True,1.6301383130562508,-0.1319364007136059
AMBUJACEM,880,5.172684263999657,0.6516556249673537,-0.09946603325723391,5,False,9.851753336607816,0.36654702893530455
AMBUJACEM,881,0.800427604469447,0.16718883620777625,-0.05485381737948547,5,False,8.88497550930072,2.0044843480855112
AMBUJACEM,882,4.356036829144611,0.6387841462290043,-0.7739105634721355,5,False,7.8420159737710105,-0.4975124378109208
AMBUJACEM,884,0.054650057820977094,0.832031092717455,0.2690923348191987,7,False,4.508548754906205,0.6570230102105556
AMBUJACEM,885,-1.0017343628791457,0.4266908075064731,-1.7657015422818945,7,False,-0.04133010794828973,-1.8295626135571008
AMBUJACEM,947,0.05411527697787673,0.14834673470865678,-0.411697442069503,8,False,5.252092276864939,-0.11134495697450175
AMBUJACEM,948,0.6637233064177611,1.0005463401359886,0.5858804898565939,8,False,3.8106528831785003,0.9667593630521054
AMBUJACEM,1074,-0.4222888811005782,0.599174096095318,-0.16200728141678722,12,False,-6.015618447249116,0.42070255766972764
AMBUJACEM,1075,-0.09714842992243755,0.28591484519045596,0.3367979168587887,12,True,-6.21473177676819,0.4685311307540019
AMBUJACEM,1217,1.4529605597256454,0.35815706216195187,-0.38558613009194165,12,True,-6.160980875816346,0.17404540850305406
ANANDRATHI,1066,0.2802410407394287,0.47411083941964033,-0.8150412616501845,2,False,-0.09162911554138065,
ANANDRATHI,1113,2.4603371556141074,0.3601753223987567,1.121311891621657,7,False,8.714506490962016,
ANANTRAJ,916,0.09686188247852555,0.029673695909863185,0.13749642503624315,3,False,4.842255808594387,
ANANTRAJ,1000,0.9619000957288737,0.16160198142829063,-1.955450493548394,5,False,5.498999112724867,
ANANTRAJ,1003,1.276710254354926,2.3818007494617714,4.478427468999779,6,False,20.009877834985513,
ANANTRAJ,1004,1.2262067664074408,1.3485239200786165,4.079784522050867,5,False,12.988621180521708,
ANANTRAJ,1006,0.8065851216500023,0.46023664801483943,-2.1734707348239235,4,False,6.278533649108375,
ANANTRAJ,1141,-0.2675411819011765,0.067719883990163,-0.4291783293466356,3,False,8.678628066465599,
ANANTRAJ,1142,-1.7031016959541043,0.13640255493756606,-0.3907926770922776,3,False,8.000516266908143,
ANANTRAJ,1144,0.18316485361844484,0.2467513076105507,-1.3794180515414145,4,True,6.720736282760109,
ANANTRAJ,1154,0.501388998519412,1.3172104801856481,5.29049218902542,8,False,-5.803174687132884,
ANANTRAJ,1155,-0.1036597341539495,0.22947308445554365,-1.1730676099742654,8,True,-8.595309462963108,
ANANTRAJ,1171,8.612648823391446,0.7893900758876174,1.5095025655929684,6,False,11.063993589992748,
ANANTRAJ,1172,2.5486292755578677,0.3654619892559903,0.09158142754297494,6,False,6.825370819738663,
ANANTRAJ,1199,0.46135848095661636,0.5214374786129201,1.8583455398156978,4,False,8.578201656481866,
ANGELONE,137,14.351937633825546,2.3763934822594823,10.873708113788826,2,False,16.45146564505213,14.294316710363342
ANGELONE,138,0.6825325138373297,0.29511427755926306,-2.116398555778154,2,False,2.296870433041631,-2.3931649910095887
ANGELONE,486,0.47787997562741863,0.8596764704788002,-0.4694810669414684,1,False,4.822520123812679,-0.2200129863686895
ANGELONE,487,0.03248718842584426,0.0956696548530664,-2.0168874284620664,1,False,3.3092122015466297,-2.2185529621943423
ANGELONE,640,0.23824129335974348,0.9324151052450361,0.3680894070381857,2,True,-10.851441825872731,0.8111717720246769
ANGELONE,732,10.442019026385926,2.79397236098081,12.753741314431565,0,False,2.529435906959998,11.208908742892664
ANGELONE,733,0.8731426932635357,0.3181793177128525,-1.9519475758254745,0,False,-12.97912733080473,-1.703187699664399
ANGELONE,896,0.7149816886693243,0.9079935700086652,-0.9678870974200948,1,False,0.00904347226933222,-0.6985275641992028
ANGELONE,897,0.03121432613703205,0.4350118936311775,-0.6276015249605083,2,True,0.47622477171689326,-0.13087969145567646
ANGELONE,911,-0.6256908962444278,0.07165470008095198,-0.5934206450334933,5,False,11.914322986910332,-0.2977082459189928
ANGELONE,912,1.51110898190887,0.5111412808811091,1.2625709627059,6,False,11.270827951139516,1.7671632857374497
ANGELONE,913,-0.8583636994432207,0.07087990106504648,-0.9218160013829468,6,False,18.785056886397623,-0.5592303899210171
ANGELONE,914,13.98993727352796,1.9762959577686652,6.973767461576497,7,False,17.62684168677966,6.9508503547521805
ANGELONE,1019,0.22143965477733574,0.5370887713274344,-0.08070355717878508,4,False,5.305101681339219,-0.29319521489062916
ANGELONE,1020,2.501549344314026,0.5822873289899266,0.388045191781039,4,False,4.205272874319843,-0.19828511672168592
ANGELONE,1021,0.03966135018501138,0.37889153164756323,-1.8266785265541707,4,False,1.3389415607274247,-1.3429842869030928
ANGELONE,1082,11.94976200869193,1.793439965267288,8.155904732994879,2,False,-5.63375548126629,8.658918414478588
ANGELONE,1133,-1.1514794915869764,0.4661472439298407,0.15376426254507525,4,False,8.933751556475666,-0.27363568387387405
ANGELONE,1135,5.352695546914194,1.1116088894425837,7.374416272342921,5,False,19.467184146054016,8.329321136254219
ANGELONE,1136,5.783387787810971,0.9952525514652552,4.2371739048137735,5,False,10.140749695990326,4.122506513667723
ANGELONE,1137,0.423930932779891,0.04307916097421494,-1.6213870250361584,5,False,4.250036578599392,-4.418796841256567
ANTHEM,21,0.052294504084513034,0.6994828964260607,0.0378309157997192,1,False,-2.3414728780253857,
APARINDS,636,14.25099509108042,2.043974068615522,8.797669494590487,7,False,9.238236582962234,
APARINDS,686,-0.18414786772111408,0.3561726296886332,-2.3228246043197953,3,False,2.3516880288887876,
APARINDS,719,8.063557827213929,0.9679897822651929,-0.37776612800924925,7,False,-9.040359203132587,
APARINDS,720,1.700404787944686,0.5296422741554423,-3.7703607379545367,7,True,-11.18250944163196,
APARINDS,736,8.130153964512749,1.2359371838842963,3.348798492872729,1,False,7.273638243533531,
APARINDS,737,0.1001973006179835,0.12166979945539286,-0.47371163509480896,1,False,2.824591067189086,
APARINDS,801,-0.4193774544718568,0.1571266262080217,-0.5136549440929117,3,False,1.9380744288193918,
APARINDS,803,-0.43532278422963244,0.6276103912266541,0.6115529397556774,5,False,-1.1259977328074267,
APARINDS,913,0.6898812827329607,1.0521984580927601,5.559491973516795,8,False,21.079137238767885,
APARINDS,914,1.8771623207676018,2.074406295289628,11.516371989463469,8,False,13.054093023696712,
APARINDS,1042,-0.09087322497480066,0.31336316146155785,-0.31562617022412587,3,True,-6.023645214786266,
APARINDS,1094,17.879510643356475,0.7655742236740449,18.420094648707686,0,False,23.552966872952318,
APARINDS,1216,0.15552870240683492,0.9027174948891477,2.415759006753637,2,False,7.014613473913633,
APARINDS,1217,-0.8822853990228304,0.10671201992283265,-0.07654037504782885,2,False,14.810562571756613,
APARINDS,1218,0.34298226344924615,0.6158283333979534,0.7900197504937756,2,False,12.50281257031427,
APARINDS,1219,-0.3192826014971148,0.7557004932035907,1.4235027363794117,2,False,9.772295668019314,
APARINDS,1220,-0.4583407983588584,0.31583526141991125,-1.969636692250032,2,False,7.280310040096016,
APLAPOLLO,528,0.21364288455133523,0.09189234350505042,-0.6938623431918867,4,False,-9.601731586643814,-0.5581522929822613
APLAPOLLO,529,1.723941458207651,0.9974293080639007,0.981697801958048,5,False,-8.490937002716448,0.7000817073505861
APLAPOLLO,879,-0.13572803395769864,0.36072716064685173,0.18574121579604252,1,False,1.8640116474917257,0.18574121579604252
APLAPOLLO,881,-0.4402824809695146,0.43584893514571466,0.563390164589106,2,False,4.086648426632422,1.8338592029918388
APLAPOLLO,1142,0.04849410577846258,0.6176877799816868,0.9989796101140591,5,False,-6.478691199192033,1.6896763546092153
APLAPOLLO,1143,0.7219163703798358,0.3237376763560424,0.71925088174567,5,False,-11.62224988504713,1.710521988734337
APLAPOLLO,1215,18.87383099927784,2.5393857662345756,1.2495176111058992,13,False,5.343304442149854,2.0526312052975504
APLAPOLLO,1216,-0.1998259394476237,0.7585187122648482,-2.428612809293662,13,False,2.653230273555618,-1.1581520385813393
APLAPOLLO,1218,-0.10763251154777856,0.46437725050965667,-1.9394301264113123,14,False,1.841825781310602,-1.8940538246410843
APOLLOHOSP,52,8.29243178566185,1.729525218469091,6.928189583760513,7,False,20.670522240871158,6.908192799574309
APOLLOHOSP,53,0.3198980690184564,0.10388678883084093,-1.4775412203765104,7,False,3.0969174751196427,-1.8032547532375043
APOLLOHOSP,126,0.9073420493706686,0.17375241521034387,0.2292722050749374,5,False,-4.568541365128342,0.6158597810780542
APOLLOHOSP,127,0.07848097488045172,0.19817863611255374,-0.21650008456673975,5,False,-4.976590171991213,-0.9834684357882262
APOLLOHOSP,215,-1.8715575633388828,0.015686918810810517,-0.8190169275265724,9,False,1.3735163808901607,-1.6574502046281414
APOLLOHOSP,216,6.986317565569443,0.252159572949577,-1.461655900734693,10,False,0.8076573424619315,-0.9237922735495285
APOLLOHOSP,289,2.673576620810696,1.018443052144602,1.0064149136513434,7,True,-2.2701540606314907,1.3403774118128986
APOLLOHOSP,307,6.131331477902594,1.3947641539128532,3.5017138263639724,7,False,-0.19872763330139875,3.5006432516613506
APOLLOHOSP,308,0.863887138339004,0.1924427646208816,-1.3941219762453883,6,False,0.2941056215405746,-1.979858621232733
APOLLOHOSP,366,0.9532288364766689,1.07900195576691,2.349349890859176,8,False,-4.83448949316333,2.283220634614924
APOLLOHOSP,789,18.79610954164054,0.6561674726362307,3.4467818802337513,14,False,-4.4390175331031845,2.961926527094305
APOLLOHOSP,790,0.6379284016833957,0.1898663053092635,-1.328483663212976,14,True,-5.248674814562193,-1.6130069123980961
APOLLOHOSP,978,21.963098834444875,2.3779316734656017,3.073119412225167,8,False,3.0203189412449705,3.3569219437437514
APOLLOHOSP,980,-0.00896481835461871,0.16940920726917247,-0.9659381697023961,9,False,-0.9279577049544407,-0.8646569303745077
APOLLOTYRE,180,-0.3628907587895108,0.05603057929219146,-0.5656620534243761,6,False,-13.855377857963324,
APOLLOTYRE,309,3.3598604418555786,1.6227355265024932,2.484942193043649,9,False,6.352294350485699,
APOLLOTYRE,310,0.2501378426144857,0.08580592373683493,-0.13309443341116278,8,False,3.7487701291264663,
APOLLOTYRE,312,-0.30689636230038536,0.2268953591148213,-1.2797646985199695,7,False,-1.0294477946842018,
APOLLOTYRE,544,17.845322465275558,1.9217655663233986,3.5007432341218836,11,False,8.041356038512815,
APOLLOTYRE,545,1.2516226307885123,0.5531661176705152,0.7930061458804705,10,False,3.3137314139529694,
APOLLOTYRE,658,4.516841018690109,0.8441087131984396,0.40795155843251774,11,False,-4.8378262580211935,
APOLLOTYRE,695,4.24991910133741,1.2763132094728868,1.9066403681788469,8,False,6.3518746335506915,
APOLLOTYRE,696,1.0926545199016893,0.5055430651903507,-1.1182093371911894,8,False,3.4940507470445414,
ARE&M,648,5.865302323051104,2.7198260654405795,4.580523127024461,5,False,25.351842858958683,
ARE&M,880,0.44460008006933505,0.11145821854540976,-1.0846682607779656,3,True,-5.740321019034333,
ARE&M,1142,202.09792649724093,3.564908035963306,13.430442767891426,4,False,5.422027411807417,
ARE&M,1143,1.3247126016473758,0.16181266375108583,-1.6497611732496753,4,False,-11.271562942104262,
ASAHIINDIA,948,0.6618355960672677,0.7228038206480729,-0.670925684920487,4,False,4.411833595600001,
ASAHIINDIA,949,0.05102365506295165,0.1787016249695307,-1.3129157554345183,5,False,0.6487765692950065,
ASHOKLEY,92,-0.7519102102818954,0.4562637896437071,-0.3131119706794472,2,False,-1.1244672731112182,0.12945365240066842
ASHOKLEY,93,0.13244806183631694,0.8511507676816978,1.5495539696090077,2,False,-0.4609664457089768,1.7688857005969227
ASHOKLEY,149,0.2876298820996215,0.19153357343322938,0.7278876246164856,3,False,5.057637004942839,0.8504226446936158
ASHOKLEY,151,0.7864441045781837,0.3581438947583574,0.3386453705087389,4,False,0.4979106313409254,0.9358992119998577
ASHOKLEY,152,1.7565306513050425,0.5943483516599746,0.5535630240736111,4,False,-6.142215235929904,1.0985783156248985
ASHOKLEY,153,-0.5363952411772992,0.1781994004032728,0.00039003275764670775,4,True,-5.323264905937231,0.268480574024621
ASHOKLEY,180,2.32720140861486,0.2190948241038352,1.6354902201554555,5,False,-1.3207680065082217,3.2820127775387675
ASHOKLEY,181,0.6427101449077022,0.578796885709026,0.06945549073422708,4,False,-5.387587841733799,0.8136002210739068
ASHOKLEY,206,1.3317093399704076,0.8541542228335357,0.12394229985681626,3,False,1.2287624294279764,-0.8082503429904464
ASHOKLEY,340,-0.2621056327984766,0.1561128652298032,-0.4647570242567012,11,False,-3.2168816690118174,-0.3992261999482438
ASHOKLEY,412,1.9308942419769655,1.0799975985141492,1.983064455753003,5,False,7.153846411459663,1.983064455753003
ASHOKLEY,579,2.27404963725181,0.7884574228201946,1.1064877515385874,5,False,-7.430062800750347,1.949270043226492
ASHOKLEY,656,10.321020152034814,1.59874967087566,1.5891860321775475,12,False,5.790032805663903,2.7972719740434693
ASHOKLEY,658,2.9311087889414855,1.2770788244767133,1.9635830933018017,11,False,12.390180006094864,3.6572489168601896
ASHOKLEY,659,1.5470622334874509,1.1101678603701621,3.1393898479369575,10,False,7.928822783504463,4.368761085179007
ASHOKLEY,799,2.280133168638567,1.3089368250614526,1.4282058023742383,3,False,1.3979784081473712,1.467063947786218
ASHOKLEY,802,0.24619800234977895,0.6879243169347384,-2.2865510297194303,5,False,-0.7675618297957931,-2.1093359449782634
ASHOKLEY,862,-0.5753296195930414,0.25234878155430956,-0.3611297005899017,6,False,-0.035588664793773095,-0.5239069312279132
ASHOKLEY,896,0.3555839574365365,0.7033727420880176,1.0952276929194316,6,False,6.496697592301026,1.3075963310873684
ASHOKLEY,897,-0.16385449567840327,0.4003380600555075,0.7088548760791902,6,False,4.618203010969113,0.6816447279761162
ASHOKLEY,898,-0.33528915007342913,0.10479489725865775,-0.6892957546673628,6,False,4.600258395642731,-0.09611562453861744
ASHOKLEY,899,5.232759096267321,1.0184633049077003,1.8604485448295405,7,False,3.5604804550767977,1.626419087999853
ASHOKLEY,980,13.512190594254614,1.950548063375607,5.729413021052765,8,False,10.16690201101975,5.729413021052765
ASHOKLEY,981,0.852824315841395,0.41867216751948105,-0.1378681018786132,8,False,2.8666832488120964,0.626386115753963
ASHOKLEY,982,-0.09159917963649343,0.34072178534332254,-0.8327862283187382,7,False,2.2889969090618134,-0.7955424272369283
ASHOKLEY,1192,0.596817464119885,0.8288093827606082,-0.4238914071844513,8,False,-6.4541605399448425,0.6067094156986252
ASHOKLEY,1194,-0.7125906576843917,0.3236612076240423,-1.3379521076273937,9,True,-9.310156713134921,-1.1878729408669186
ASHOKLEY,1215,2.451708913456858,1.1007485288237409,4.188121329301198,5,False,5.650513622838904,4.456722508456545
ASHOKLEY,1217,0.478839545172645,0.6294602698393654,0.5477273937582128,4,False,1.7122649531057688,0.5420498516747418
ASIANPAINT,56,2.616908361688265,0.2621572057994315,-0.4593596435002789,9,True,0.20907433213535054,-0.4593596435002789
ASIANPAINT,70,2.1289287908121857,1.2435183255169013,2.0959707235756575,5,False,4.740768418921881,2.156615862985256
ASIANPAINT,71,-0.4361252129097491,0.0664206354298171,-0.8647498335705883,5,False,1.8056724630757248,-1.0415722118447768
ASIANPAINT,151,0.47217536528908854,0.01233009799013071,-0.8118962847688871,7,False,2.1024404414538678,-0.40319728372355534
ASIANPAINT,164,3.1160138014912864,0.7334320647121872,1.800098896993907,15,False,-2.5177148893446355,1.8408493053640784
ASIANPAINT,217,2.0908237808643606,0.10336035903237321,-0.4755210080437666,6,False,0.7747933875123181,-0.10668127670854233
ASIANPAINT,219,0.5746750997966313,0.39629185301393427,-0.1891818690551661,7,False,2.758413529688397,0.3671599479970755
ASIANPAINT,269,1.9472862711979537,1.4104903339358519,1.5110135705401762,13,True,-10.706470437988614,1.306324127132208
ASIANPAINT,720,4.267298731249035,1.3234055371985565,1.1970581513490952,9,False,3.39853089105131,1.3135309433823794
ASIANPAINT,721,-0.113528949481768,0.18780305838961214,-0.4541495988023003,8,False,1.222423994556765,-1.3968247850482785
ASIANPAINT,723,0.37676191202909426,0.37164469467336725,-1.6311722392833516,7,True,0.21797818560933546,-1.3672341454853965
ASIANPAINT,885,-0.1076456674099025,0.07451945480652332,-0.8976306891484209,11,False,-0.5271584837145182,-0.8404679855756214
ASIANPAINT,947,0.4284119357244159,0.27617612428198995,-0.5143027157234026,8,False,-0.6948443304195195,-1.7528881007776942
ASIANPAINT,948,1.8378772805140953,1.7906323276390947,0.30679528788351007,9,False,-1.5174169840899476,0.700659301150508
ASIANPAINT,949,0.9801734314879152,0.04505637412427696,-0.4606636634215566,9,False,-3.687320694623575,-0.4606636634215566
ASIANPAINT,1140,-1.4557364745348542,0.310607925315538,1.4365338192148025,6,False,5.936730652235811,1.9346910549413288
ASIANPAINT,1141,-0.9264343633004241,0.07564619989967711,0.08900463995460406,6,False,6.634999050245494,-0.538527478026174
ASIANPAINT,1142,-1.1393072418428536,0.5574684984747261,0.21013633903692597,6,False,5.737144351345758,0.4541545281741888
ASIANPAINT,1143,-1.0407308338144683,0.6707840167803262,0.7312078025845103,6,False,4.057156805463924,0.7111960404563522
ASIANPAINT,1144,-0.2298311874141405,0.39188038361089705,0.2831175939406183,6,False,2.5027746615727375,-1.435845117374679
ASTERDM,648,10.76864761848696,0.9569976481347102,4.029850746268671,3,False,-20.49751243781094,
ASTRAL,607,1.6555442244048546,1.6247336714776093,-0.7330806382875754,6,False,6.308391257492785,-0.4488647256831957
ASTRAL,1223,65.05636421095265,2.3131948837602203,5.2964355412731035,9,False,-1.106014271429634,5.2964355412731035
ATGL,290,-0.20328821522923976,0.9600271365855418,1.0122702255487948,4,False,2.934185156038649,
ATGL,291,0.22798621606382527,0.39861707685111303,0.11440053675046968,4,False,2.0521249561949118,
ATGL,294,0.24801166865289492,0.6393968899565006,0.5388325139522143,6,False,-3.582479957590079,
ATGL,345,2.6341443013287558,0.7492154908038476,2.374285706688384,2,False,-22.142361415796476,
ATGL,557,2.929584591181299,1.226221424863552,13.131378907418734,1,False,35.57078679516459,
ATGL,560,-0.1765133939695127,1.1178310246346357,-4.130662477088243,1,False,30.276248729113497,
ATGL,561,3.3909416663090197,3.3640961484098044,9.185320346509652,1,False,24.266166117653952,
ATGL,673,2.280902131520508,0.7112772191014866,-0.11520267514882887,5,True,5.955881333917001,
ATGL,674,-0.13307130708033987,0.5298721412343924,-3.4844761189217865,5,False,3.1344758381741444,
ATGL,914,1.1272694586402783,0.7895157692561503,-0.9046015870735502,5,False,-1.144483899655635,
ATGL,1003,6.4602994447292525,4.951435600095252,12.95756766874463,2,False,-9.1348075626276,
ATGL,1004,0.539476666767686,2.293252242027621,-7.975791896671125,1,False,-21.207574722817657,
ATGL,1119,7.013949757244309,0.5626400786498232,6.646157011572029,0,True,-8.808407175960298,
ATGL,1140,-0.15323235650756123,0.2538503343156032,0.19830299904022297,3,False,6.142130324262385,
ATGL,1141,0.8495658680153783,0.7184734143250616,4.436362864625876,3,False,2.3902048629159456,
ATHERENERG,165,-0.2967843763756952,0.7200311631696181,0.40711446204881874,2,False,-15.96931924306234,0.4403728636592996
ATHERENERG,191,-0.53876298036224,0.6007094488630401,0.6180778271551501,1,False,-2.299089510663943,0.6111503762524562
ATHERENERG,192,-0.5870496628288403,0.05019111188794768,-0.695427145074512,1,False,-4.319281507414896,-0.2927748090821414
ATHERENERG,194,-0.24262981601748437,0.09209234853860579,-1.9565113772606835,3,False,-8.940802880692377,-3.3749841716647633
ATUL,901,1.0079140085651679,0.6423625765188964,1.2305640710010612,2,False,6.6909702084344325,
ATUL,903,-0.14086509633615257,0.881219766733208,2.325306839698693,3,False,5.829235326258897,
AUBANK,92,0.2292389597519606,1.0402204741483014,3.436716166944609,4,False,11.241457315135017,4.472038972316805
AUBANK,147,0.6023397149967306,0.9939811624183589,1.771009416419922,3,False,11.888432981552866,1.771009416419922
AUBANK,148,-0.42419851552890014,0.435360765680214,0.9448841969898814,3,False,5.129388034392002,3.2820394153264765
AUBANK,233,4.220990162967283,1.2610249110083211,1.0743257045032095,4,False,0.621829047779654,1.0743257045032095
AUBANK,234,0.05609190599755894,0.548112163104046,-0.034710170079821356,4,False,-2.2098770621215458,-0.4975124378109319
AUBANK,235,-0.6391740278104201,0.2500584886490494,-0.5051634298658958,4,True,-0.8189288390841654,-0.43628581763002217
AUBANK,296,2.811625530752949,1.2683253453698418,2.8312379066419036,7,False,2.3111203600763686,2.343129547277689
AUBANK,404,-0.272344920654327,0.21566732659864338,-0.4831566844073265,5,False,-0.5262327088143559,-0.3467419702882113
AUBANK,645,-1.1407045012445935,0.10018458553619528,-1.6947471502793188,4,False,0.2876838087304545,-1.422648783356406
AUBANK,657,4.444052617995154,0.6347796594357976,-1.432277709738372,6,False,-6.785947932238057,-0.4820655131272833
AUBANK,660,-0.6991125683743403,0.1561623057338687,-1.1107789250971445,9,True,-2.7052755351229085,-0.650829059632485
AUBANK,741,14.795030901929023,2.7176822841681876,5.524117373632875,6,False,15.29969059995906,4.949534197885552
AUBANK,745,0.5491572725798101,0.04824149293081858,0.3447646150970485,7,False,7.425569426897094,0.21627872117178093
AUBANK,836,1.4956409695002588,0.7108150811789385,1.3244530607638083,4,False,0.014649200340577373,1.257279952832313
AUBANK,894,1.0166843290288727,0.5195367502879108,-0.10730660423372562,3,False,8.147710352106575,-0.11597572797775735
AUBANK,895,0.28177766757114675,0.3060664543240307,0.06091114742563519,3,False,7.148595113889922,0.06091114742563519
AUBANK,896,0.20690571398398752,0.20506813736749155,0.02259274202573991,3,False,13.477174914976331,1.0883863106010416
AUBANK,897,10.880936483208727,1.3414054901466461,4.937848969221648,3,False,11.980268780374326,4.971506524698177
AUBANK,899,7.074240199490922,1.8263096858535592,3.177143066441279,3,False,6.999087241771296,2.099552878381772
AUBANK,1013,-0.6879611125207785,0.8406233281980423,-0.07841513629204266,10,False,5.048954056428956,0.2555501531500193
AUBANK,1140,-0.6002217947890175,0.3753200073947309,-1.0170969652686934,2,False,4.713444126799482,0.566872889591985
AUBANK,1143,-0.4764865739524937,0.146263137557021,-0.835462408288834,5,False,-0.6416409262525957,-0.835462408288834
AUROPHARMA,78,0.8421785584247289,1.28914853784524,-0.06610644874402993,7,False,-0.23309683553386362,0.8941307448770308
AUROPHARMA,79,-0.8540382561544765,0.0942169001656445,-0.055224493817240816,7,False,-0.8154184971963518,0.22120968922969553
AUROPHARMA,82,-0.7620837813624011,0.13852176921843473,-0.9821894714721058,9,False,-8.68926511855781,-0.06061729488807677
AUROPHARMA,140,0.12447074542070434,0.2262424222433537,-0.7483289350868949,7,False,-2.0024114214666544,-1.1066382169096833
AUROPHARMA,141,0.889886201299164,1.3174325778555533,1.4939481396500476,8,False,-5.184120105690604,2.450971761705101
AUROPHARMA,142,-0.3880961094566313,0.4456716573101233,-1.3770957936920958,8,True,-8.997825181542208,-1.7000632198125198
AUROPHARMA,545,0.491662830611288,0.48461964376161415,-0.17728307353358508,6,False,5.765355202522127,1.2138828473453822
AUROPHARMA,546,3.13931446046523,0.6145752590162019,1.7404224760315001,6,False,4.611830989418619,1.4652212918943919
AUROPHARMA,547,0.8446153041963278,0.09517428208623077,-0.9424447290035776,5,False,1.8636467647471733,-0.8666044183616717
AUROPHARMA,639,2.2277171654158336,0.00942577385597653,0.7787965413720732,3,False,2.9784010956418694,0.8874254000070136
AUROPHARMA,641,1.7181881766946552,0.9384595091472432,0.03888694240030688,4,False,-0.5194961069524884,-0.009481423396495714
AUROPHARMA,705,-0.0623104025696998,0.760466589456273,-0.14527247658372433,6,False,3.0360756395827915,0.04957880602225462
AUROPHARMA,824,1.4450439555020407,0.9776076144305412,1.5766453637340305,14,False,-8.695189279981797,1.6032840643550372
AUROPHARMA,825,-0.38587918000821564,0.559116447254546,0.42267497875065896,13,False,-11.558286389709238,0.40412284962101364
AUROPHARMA,899,0.32308772402220615,0.8541187291015309,2.0731478188555474,1,False,-0.374710291731295,2.0731478188555474
AUROPHARMA,1002,0.1047739017771627,1.0474067465560961,0.43665789176354775,7,True,0.5612161077918287,0.5345211827767926
AUROPHARMA,1003,-0.5173430299661361,0.40472369972484945,-1.6226331969239394,7,True,-0.07558947065686716,-1.5435212993392011
AUROPHARMA,1016,6.081438144157656,0.8385687614312605,0.15534845888407478,8,False,1.8545640845953448,0.6472266663268167
AUROPHARMA,1032,1.691106704749619,0.6043994621324179,-0.25646756359003486,4,True,-0.5836021448178408,-0.25646756359003486
AUROPHARMA,1077,2.8320300397605696,0.03872644730408776,-0.7706080736170628,10,True,-9.90318772947274,-0.7224170331550983
AUROPHARMA,1111,0.16598708242976787,0.0880711276204921,-0.19500270448291612,2,True,5.585468255604686,0.1811034252014565
AUROPHARMA,1187,0.6649214386841468,1.0881074393441117,1.0302525211056013,4,False,6.713289936814948,1.4319566185041044
AUROPHARMA,1189,0.47138297892478326,0.5127693039879981,-0.2216381699649439,5,False,3.9678757858334857,-0.2216381699649439
AUROPHARMA,1190,5.097900224776057,0.20188368763412468,-1.6101600623082524,5,False,3.0311700284519905,-1.3876305374087905
AWL,317,3.067772369298021,1.0249737076058072,9.446023457760111,2,False,-6.1411337151326855,
AWL,318,1.7605225954798274,1.7080753172143197,-5.465515435831813,2,True,-14.790689575151617,
AWL,446,1.481142439408501,0.7529729066306966,-0.8685825855762053,1,False,8.650661560760952,
AWL,450,3.096530870436882,2.1515816704386133,1.829869714187038,2,False,-7.452922013592678,
AWL,451,1.8218648492952627,0.5763389331585758,3.5520832888456644,2,False,-9.615632834168608,
AWL,504,7.613537204050544,1.989522510363355,2.390803508689454,1,False,-7.350700058951054,
AWL,505,1.5501645150926802,0.5262950805996033,0.7661716424154141,1,False,-15.257348665187143,
AWL,610,4.697011026331201,3.2835903026459676,6.5819854657202415,5,False,5.274577432067029,
AWL,611,2.9680231147221456,0.9759897656720693,-0.7052659982645482,4,False,-2.8867100841887927,
AWL,612,0.015673400422976356,1.8881893244801078,-9.126050475321534,5,False,-8.440256388113465,
AWL,848,0.7347845598368649,0.9664343236656109,-3.706712830053338,7,False,-10.861630178003168,
AXISBANK,90,1.2602554611089323,0.19900806975080207,-0.8909134510219685,5,False,2.039226119848103,-0.4771609689707468
AXISBANK,103,1.7388398187590477,1.4215091699550768,1.986751749324589,6,False,3.166286157684284,2.546865089906447
AXISBANK,104,-0.10576943165213167,0.6333876608186345,-2.072646778074705,6,False,0.8343129159943619,-0.6960036103867528
AXISBANK,106,-0.15490358650958588,0.1806291442366371,-0.8525599033520015,8,False,-1.2012687558297874,0.1745430754372279
AXISBANK,107,-0.41429390445449904,0.6635459968409155,0.7808859541824198,9,False,-2.5905880214084354,0.5427563702744775
AXISBANK,108,-0.7259296804347917,0.12572438300680422,-1.28153579153798,9,False,-9.831662426279596,-1.6025483620362047
AXISBANK,147,-0.12761935304828256,0.6406985162679136,0.6328301671603809,6,False,2.9129992573929675,1.3409189432016744
AXISBANK,148,0.20418954064559997,0.18296204061514573,0.5735070167611767,6,False,1.5996364405414187,-0.4654458933178063
AXISBANK,149,-0.5787416343021675,0.3192891158451178,-0.8015333154801962,6,False,0.33853337842140174,-1.5742420931624368
AXISBANK,421,-0.5998266025727412,0.9375959879039015,0.6799363641860179,14,False,2.388057002314836,0.6799363641860179
AXISBANK,557,0.770181347783061,1.8061452052779414,0.9450379122628583,7,False,5.182225181657518,1.187836051500879
AXISBANK,558,5.8362582306388395,0.6148957816883829,0.5082719921782886,6,False,2.487096666555577,0.6158698200640078
AXISBANK,559,0.8221562422158339,1.4470537205665113,1.6887989936121839,6,False,0.18369842405328018,3.147871954088499
AXISBANK,560,0.6228092367707828,0.24395515481900334,0.9918823902074436,6,False,-1.8209224392016332,1.9967833356324904
AXISBANK,561,0.7461287548044482,0.2043533165670785,-0.19345688106191528,6,False,-2.4937336712418823,0.04009849652866215
AXISBANK,624,2.3893764587981483,1.0018386271620185,0.7654118708881219,12,True,-5.674619750098464,0.8549811258844686
AXISBANK,655,5.616243084691089,1.0671844676604016,2.279552157540765,9,False,5.206362767195327,2.5518136096016386
AXISBANK,656,-0.405093499952128,0.012096902977725027,-0.8177861519963581,9,False,-0.17283629899240704,-0.8177861519963581
AXISBANK,657,-0.04363488780291214,1.1222496118295706,1.063005365423586,10,False,-1.8357178852991485,1.1414691758073747
AXISBANK,658,0.16812158349283277,0.22170040117166806,-0.33509220101702875,10,False,-0.3906583918893425,-1.1813783317091486
AXISBANK,752,-1.8225110523357408,0.4466119338045675,0.44076689567333904,16,False,3.463652163843922,0.7793553830749644
AXISBANK,753,0.5680865008811078,0.1570009773593841,-0.6507192089844405,15,False,2.2521086291345194,-0.666842093095088
AXISBANK,754,0.49005720221637084,0.42433759453839104,-0.5095451660779515,15,False,1.7081287533940115,0.13209590772713664
AXISBANK,755,0.8707450636637682,0.2828179732757039,-1.1102575010299987,15,False,0.9109881515553697,-1.0068041342473522
AXISBANK,878,-0.8899507570607269,0.20557907875442652,-0.3506931001228786,15,False,1.3637215553894189,0.047122786827413776
AXISBANK,880,0.8845488144139559,0.7742431623313288,0.5596251193385582,15,False,9.124790820956274,1.6731410520673728
AXISBANK,881,2.112515911151885,0.7394385718705335,1.5655232965787302,15,False,7.435487349371628,2.6849297542831607
AXISBANK,882,3.57041316699253,0.3937169031417221,0.7271978275276592,14,False,0.2094012496140829,0.40751032585299996
AXISBANK,1003,2.780879896755227,0.17870127961348156,-0.3659418029985928,7,False,2.6952704417507967,-0.3571725687935734
AXISBANK,1139,-0.1999842058981004,0.8643046301165102,-0.8637073787436944,2,False,-5.2141050650861605,0.11769685101734595
AXISBANK,1140,-0.7890126476062651,0.2819817243743391,-1.3273688773520531,3,False,-5.898852501477359,-0.8542061312825422
AXISBANK,1180,0.0601197598003688,0.8142011420724846,0.7504507197588106,6,False,2.845236304479859,1.916694987176859
AXISBANK,1181,-0.21402758726071883,0.12643588866881622,0.22028604332955393,6,False,1.4068413911304978,-0.131290547629892
BAJAJ-AUTO,94,0.1695276021986257,0.07903824514509128,-0.5263370286458735,8,False,0.5906158662077887,-0.5263370286458735
BAJAJ-AUTO,219,-0.7817362824411253,0.6153120619513852,0.2040876262715985,7,False,2.758256686358229,0.630420111683816
BAJAJ-AUTO,293,2.042915838183665,0.23697542293580803,0.23295163265362184,14,False,-3.306478817870062,0.39099619818354636
BAJAJ-AUTO,352,26.159350342101035,1.1201634311555786,4.737010136483355,17,False,3.6076315967788153,4.823476201878307
BAJAJ-AUTO,509,21.119187533873106,2.6274577606368608,5.083884816346451,14,False,3.179040982817516,4.950750569917006
BAJAJ-AUTO,914,1.1375035239077267,0.6309045825950093,0.8881007346723147,10,False,6.549490177608264,1.096240052427322
BAJAJ-AUTO,915,4.267822844559003,1.5804673892345777,3.6723387184150136,9,False,4.931493210814697,3.6606256533694204
BAJAJ-AUTO,1139,0.7710236244106147,0.13490100817869724,-0.35610193878843344,2,False,0.9468948022046009,-0.2954974392073706
BAJAJFINSV,222,0.33884279722450794,0.6191750227019931,-0.8904992940769185,5,False,6.2290830393441965,-1.0560668988657262
BAJAJFINSV,223,0.19129901406903888,0.8972525508122494,0.12014389203116593,6,False,4.816950017445065,0.9798996671277038
BAJAJFINSV,224,0.4581642076769987,0.2085839199619575,-0.5216863104588687,6,False,3.836351649129721,-0.9448195314985197
BAJAJFINSV,226,13.314282293426938,0.8314577103752369,2.9674827439270857,8,False,13.24682116465381,3.2532630371026716
BAJAJFINSV,294,8.865475513895111,1.7213074083157562,2.9499666635756316,11,False,-5.502940800478551,3.664619086627696
BAJAJFINSV,644,-0.386118596357206,0.024896802434700185,-0.04482349394492324,10,False,-4.406013277538845,0.2983862236172863
BAJAJFINSV,737,1.0982541736315599,1.1313458794897395,1.9976866465236665,8,False,6.1986989898176414,1.9976866465236665
BAJAJFINSV,738,3.226661808771785,0.9102908171079475,1.329843672632114,8,False,3.490251610081274,1.8603664143736376
BAJAJFINSV,740,3.026343536402053,1.0515909747846464,0.6867692898081756,7,False,5.555797314759081,1.5068720473640607
BAJAJFINSV,998,0.7612986767246883,1.3647153557153235,1.0906008027294245,12,False,-1.2551503165769917,0.9206190094027233
BAJAJHFL,55,6.350101278029856,1.551469199161558,3.371249708835178,5,False,-10.588699564727778,
BAJAJHFL,143,7.188147566788938,0.9965981793591439,1.776383246108737,7,False,-4.339611216541406,
BAJAJHFL,146,0.12310631639116242,0.04047171832250397,-1.0557449813986541,6,False,-7.362347674680292,
BAJAJHLDNG,881,-1.0078087501693465,0.07690142150068723,-0.13210782246956265,3,False,-3.990941177887797,0.9480442822208612
BAJFINANCE,93,0.34996273395731814,0.23981930406512136,-0.631714618042567,6,False,-9.116587589808656,0.052082272384867956
BAJFINANCE,362,-1.0959817794257027,0.1165856709119407,-1.2996366034640605,2,False,-6.444383812173715,-1.3080707533929092
BAJFINANCE,570,0.41648528707665095,0.29609706576702444,0.2782703522036245,8,False,1.8371038039423526,0.9840040879157019
BAJFINANCE,584,-0.20759391139832487,0.37900903702586525,-1.17458013080044,6,True,-12.912015946062262,-0.6891336044113072
BAJFINANCE,637,0.24856927149974006,0.5157378792908919,0.6164317955309917,8,False,4.4768913822715195,0.7503908782446667
BAJFINANCE,638,4.91404101724386,1.3160535445238504,2.2727191564227978,7,False,2.4795112379464745,2.498568986647842
BAJFINANCE,684,1.4640789244514265,0.9468144846199753,2.0344107783183185,9,False,3.2453863019606066,2.8658485238713283
BAJFINANCE,741,1.1688332801838754,1.0267067107312393,0.08841332974003357,4,False,5.625822903390798,1.1149945743366585
BAJFINANCE,742,1.2368581184648373,1.2335895284987264,2.6054542152241122,4,False,4.790628246784734,2.8805832517396768
BAJFINANCE,813,0.12405114143125136,0.5252923778416878,-0.25031447134528095,7,False,2.6160173188706004,-0.25031447134528095
BAJFINANCE,826,3.0601013966125974,2.4348110664452984,2.4187550967838645,8,False,3.1679246748853807,2.426377412492231
BAJFINANCE,827,0.6986660522869218,0.10535099696148069,-0.8021834855416632,7,False,-0.3622520284680131,0.4399268797332434
BAJFINANCE,828,0.9797118127662048,0.8634659973300921,-2.4961860618780918,7,False,-1.2922043428689745,-2.421891195066317
BAJFINANCE,930,3.909854262207861,2.1339178686139295,-0.12450467541492705,14,False,0.9252431397181571,1.7778323109090222
BAJFINANCE,931,2.739450104224838,0.26701839527424026,1.3324278688116697,14,False,-1.2252732769793107,2.3080458316391494
BAJFINANCE,996,-0.10693964057225744,0.8580557610911472,1.4199247874253862,8,False,5.118589038481947,1.4251624114134387
BAJFINANCE,997,-0.2809808746693628,0.11826793363863036,-0.435944798173693,8,False,5.233639381059407,-0.2307109817308639
BAJFINANCE,998,0.6343112323915487,1.5408114738821472,2.29108325589229,8,False,4.559686896503901,1.8577544706069204
BAJFINANCE,1101,0.08833278207875492,1.258246480084635,0.6203774232015791,7,False,-4.818017645986905,0.20746470078756296
BAJFINANCE,1185,1.7296596724702724,0.3273951695515549,-0.7142972313350704,6,False,2.2948322097197105,-0.27557375231412884
BALKRISIND,1214,1.89700788615084,1.6910766241503608,5.359333469638128,4,False,0.13289923789123748,
BALKRISIND,1217,-0.5671326420263038,0.3504134743213156,-1.6144535167541552,4,False,-8.418378555591598,
BALRAMCHIN,133,4.290564843992966,1.4545246229508053,4.962203291661971,2,False,8.785080248867283,
BALRAMCHIN,398,2.692715128285832,0.17717149846582383,-1.2889248243032059,5,False,0.8335086179591888,
BANDHANBNK,26,6.7445664808588095,0.7153268552706123,1.545691873349253,1,False,-1.6104805201091588,2.658659955647491
BANDHANBNK,27,4.392653776647486,2.0550801235265106,5.456584109442719,1,False,-4.943028760557078,5.601027122452273
BANDHANBNK,28,2.6581637105051663,1.6399481196160988,4.045835241258677,1,False,-13.420502754335429,0.7962869758388669
BANDHANBNK,94,-0.1154374359158618,1.0754895481341877,2.945048261887595,3,False,13.290233062982736,1.8790793141447493
BANDHANBNK,95,-0.3498944734129704,0.47740144383919486,-0.5813251834768773,3,False,8.671603984252908,-0.0952071661951881
BANDHANBNK,96,-0.47086913672143044,0.3087219157912917,-0.14942169648214376,4,False,7.458708618505772,0.3809849471190452
BANDHANBNK,97,-0.5202486687069803,0.7202733070860415,-3.28194418852239,4,True,6.185121764505674,-4.34657985791207
BANDHANBNK,176,0.6563476850528098,0.026446788754709533,-0.8603424082946454,9,False,-4.836953569903879,-0.45396575483003243
BANDHANBNK,245,5.331358818181182,1.6279669557286238,1.5454173087836365,2,False,4.584056574943496,2.6613010154735717
BANDHANBNK,246,1.6442616818372737,0.20143403842667756,-0.447260701045471,2,False,-0.11223549039837133,-0.16248722716383224
BANDHANBNK,258,3.2841483586552807,0.9963806298442336,-0.1794588127886354,3,False,-15.027824328118855,-2.573274928311098
BANDHANBNK,259,2.091638216478987,1.5794575763278271,1.8616967912177929,3,False,-13.091089175619352,3.008081104878091
BANDHANBNK,317,-1.11866494670828,0.6046326648992324,0.7442682640288245,4,False,0.804351863811692,1.1047820872630787
BANDHANBNK,408,-0.5089395736942828,0.14957996999753884,-1.2611870436720074,6,False,1.9058235250454691,-1.2162690401336773
BANDHANBNK,411,-0.6303351309946877,0.3622597950891467,0.4098736849242002,9,False,8.443545915448759,0.47626499104844733
BANDHANBNK,492,1.779470748287197,0.8424390924922912,0.6693610837072761,13,False,1.1997581389428191,1.3482719042381408
BANDHANBNK,493,0.7872884770431362,0.6912602191298455,-1.9788885712731408,13,False,-0.4766467296990373,-2.020613620176792
BANDHANBNK,560,0.501364669363517,0.7473721396729592,1.1867784595202657,6,False,9.608213176807801,1.5322745351104894
BANDHANBNK,561,0.5796545202450754,0.7148683509241222,1.2395932783059171,6,False,7.5313220805704795,1.6844641017358386
BANDHANBNK,684,-0.45279115455069296,0.7614746674981888,-0.21829472446044385,12,False,5.6858527138700765,-0.21829472446044385
BANDHANBNK,685,0.04800311128459692,0.2446525220187484,-0.2359264021459584,12,True,4.724099152305095,-0.2359264021459584
BANDHANBNK,718,12.00692643518046,1.8885095647325134,7.307757055243247,2,False,-5.571914264773358,7.096939900687338
BANDHANBNK,719,0.028849088628648045,0.16190645155968295,-0.6015358333509746,2,True,-7.838080383328361,-0.9497964721845165
BANDHANBNK,752,-0.7466667815381378,0.3894329324526883,-1.9165881137902852,3,False,1.8341688354446273,-1.3097761842610134
BANDHANBNK,1025,1.939589336132496,0.8582121462933628,0.21618712655213645,7,False,2.737531636520263,0.3273383757135262
BANDHANBNK,1026,0.26362050280713034,0.3419085060732148,-2.132473709941407,7,False,1.102908759948873,-1.556782378823418
BANDHANBNK,1028,-0.010632032782901441,0.6750703645862751,0.5849698357509148,9,True,-12.439180576413778,0.7625184973341526
BANDHANBNK,1092,-0.3591356889623447,0.6328605496190888,-0.34286167202763895,5,False,-0.11731619481902822,-4.434823786283237
BANDHANBNK,1095,-0.4526288278495847,0.5143291906316948,0.6798779977224223,6,False,3.7065523342891815,0.5902941551037211
BANKBARODA,24,0.5936709356482242,0.5421661079012211,0.2752088417867782,1,False,4.733205758906678,-0.20031264333627563
BANKBARODA,26,0.4179682502155393,0.5288614964142789,-3.5447010265424295,2,False,3.2528721419167184,-2.255506886112435
BANKBARODA,94,-0.7194715558836314,0.48140342364479904,-0.0718317227989207,3,False,4.8234762018783295,-0.923193152822932
BANKBARODA,215,0.37836800995507563,1.2801788065907014,2.544661365511147,5,False,5.493224107821693,1.8426212570522127
BANKBARODA,216,-0.048985976955551874,0.1269641153459765,-1.1309952897370468,5,True,1.9911810445984335,-0.9047504276998297
BANKBARODA,287,1.8606475724296274,0.8204447290127355,1.5212878734697677,4,False,8.364650441492195,1.5212878734697677
BANKBARODA,505,1.606122365251773,0.9849474897407133,0.8955239063471954,13,False,3.805967112678821,1.6915392519823103
BANKBARODA,507,5.879061117858332,1.8099498993371146,1.4225389939071187,14,False,5.651522234390005,2.1759789630238835
BANKBARODA,565,-0.7071233728120511,0.44805073169719206,-0.7281626208660352,10,False,1.9704473364325237,-0.2899286808383361
BANKBARODA,658,4.358960371889469,1.095285490133344,2.263420492598067,6,False,-2.186763880525655,2.2452609093232434
BANKBARODA,680,13.556063005240215,2.1282344387878016,8.073392669530577,3,False,2.1410868706404296,6.271861802454937
BANKBARODA,881,1.4529332985051784,1.031284753870484,2.5732422711714165,3,False,5.54803284497789,3.2266880963652156
BANKBARODA,884,14.40671391338713,1.884659510226264,1.7400831029930064,5,False,4.294818592639138,1.7400831029930064
BANKBARODA,885,-0.0679436322503103,0.39848138154882917,-1.9857613744652114,5,False,1.5525813944488265,-2.247384556122256
BANKBARODA,958,2.793912954162541,1.1487502978319601,0.024537518301781525,6,True,-2.9190149056975256,0.41406667672383435
BANKBARODA,1006,1.607690134042761,0.028014357008352118,-0.6225331472720863,8,False,3.979685906415553,-0.6225331472720863
BANKBARODA,1108,0.20376414590993824,0.31751217988054725,0.3673127233877027,3,False,3.922690933449169,0.23919301151946737
BANKBARODA,1111,2.456475955840969,1.1252155681477143,2.017955629154211,3,False,-11.974335493339328,2.190890220458397
BANKBARODA,1181,-1.4544348084296734,0.3299925814012414,-0.5155383205094233,10,False,1.5747052037492715,0.22325891577521517
BANKBARODA,1184,-0.5038319665753574,0.10939342344750859,-0.3214018403557284,13,False,0.7528685045458561,-0.691229795436521
BANKINDIA,639,5.272434128102836,1.120511647794271,1.6679387734310103,4,False,4.880022533962336,1.5235665481046823
BANKINDIA,641,4.496378409881762,0.7724651465376925,1.1028793457592112,5,False,-5.54221897505478,2.424936122354815
BANKINDIA,642,2.6759576948760904,0.04112935644030765,0.31891615307544363,5,False,5.897856969160609,0.31891615307544363
BANKINDIA,655,5.869528916534516,1.0838841855568055,2.117403496860848,2,False,-4.267062674177103,2.9664008310092083
BANKINDIA,656,0.8092988584354274,0.23220514737915648,-1.6746617652293794,2,False,-18.51455605805001,-0.824500579624099
BANKINDIA,657,2.1343134774236194,0.7384821869300516,0.3080452977426207,3,True,-19.702005903367414,1.081388590648813
BANKINDIA,658,0.20900448611976388,0.3299010668130835,-1.1982283628067192,3,True,-20.627336487540603,-1.007130205176332
BANKINDIA,722,0.8446441653751181,0.6200302321438149,-1.061799717461187,9,True,-7.85674608789787,-3.1308490899166874
BANKINDIA,846,-0.3059336456542041,0.11130578084514008,-0.47961409334441596,3,False,-11.091066057503529,0.2093219918132272
BANKINDIA,1076,1.0007906404181155,0.20409998212523442,-1.588361056185228,10,True,-0.1447869432186999,-1.588361056185228
BATAINDIA,27,3.066559890524872,1.766719326442812,2.5319400363670086,6,False,9.86430918540031,
BATAINDIA,28,0.4407381616992531,0.021296441353818973,0.06040008544430098,6,False,6.154155492482327,
BATAINDIA,29,0.015096943776758508,0.27358081225152525,-0.980246202752233,6,False,2.7835352442314276,
BDL,286,-0.873816126141829,0.04260986978390192,-0.27489768492990896,4,False,-4.923871796066493,-0.0833501586759211
BDL,287,1.2335162966312057,0.7894080358628166,1.9508679924204353,4,False,-3.570790173197802,2.0328208148441718
BDL,288,0.36051935114663974,0.11425252674003272,-2.189264267195512,4,False,-8.502498258386403,-1.750296012091701
BDL,371,0.44016444427346635,0.988293968775884,1.7043339676748204,3,False,-4.2773474873229915,1.5890017157691672
BDL,462,82.89225918054503,2.910584981332284,7.890358662124464,2,False,7.2640037467558205,8.01300330256225
BDL,617,3.328211875035045,1.0351104418091408,0.7523792167667853,1,False,-13.27416674614803,0.872560981240067
BDL,669,2.5519407935747207,0.6959323205876793,2.7084079679532636,5,False,42.028009694358644,2.97638987109341
BDL,670,9.521723988371392,2.500181724489062,11.080046453610915,5,False,35.61873395614985,21.34333137387032
BDL,671,1.1854924075152873,0.005061199501216633,7.639933820933709,4,False,20.658158275053484,8.937519943432237
BDL,838,2.1297367543600387,0.6494785210338482,2.5697414440014166,3,False,-7.372789066373231,3.0327231620108197
BDL,878,2.3505512722237465,1.0931433831739126,2.3913288945877964,1,False,16.20732289759148,3.4169515546337514
BDL,879,0.846894614501461,0.5771834046234732,1.450960333910789,1,False,10.615718279736885,3.3221488565089885
BDL,880,1.293438283950311,0.35774008877056956,2.6049954046305723,1,False,11.476114198867137,3.8586988831014635
BDL,881,1.221167455241171,0.7720850425605937,2.6741222149264887,1,False,6.0911809776971415,3.455701767863273
BDL,1004,-0.8186864375814841,0.050037933184714285,-1.4900574469417172,5,True,-9.896411081502565,-1.653461048843885
BDL,1040,17.728333778446007,0.2696544342421528,3.2650284799875307,11,False,-3.2170338020508282,3.6681528425997145
BDL,1076,2.7243969355232673,0.056832486030795444,-1.1702594561000423,5,True,0.5916970203714289,-1.9070776189881178
BDL,1090,2.9125398755552943,1.8926824274891707,1.119103504374852,7,False,-14.583343866212918,1.9950381151591756
BDL,1091,1.3636384523904908,1.0025044542567019,-3.326910280594797,6,True,-16.24233948178023,-3.686897154974089
BDL,1185,4.010199806346356,1.47585480063112,3.4494465156475584,3,False,-1.8683984447086854,4.300597781107718
BDL,1186,1.2741538717935421,0.5073953290144865,1.5159119802580667,3,False,-7.78627867503483,2.0210739966993296
BDL,1223,3.9988385285888235,1.3176212538582655,2.1385609267097427,8,False,-5.324125640454436,2.591518199000342
BDL,1224,5.332553522850487,0.4403408484124198,0.8368811974920787,8,False,-9.47762095647171,1.9332443380686515
BDL,1225,0.24330406752993491,0.8577673724544078,-3.2867811568560446,8,True,-12.979131075937167,-3.2867811568560446
BEL,48,0.8176809570205901,0.953751455197564,0.389077986449915,5,False,-6.4080944535019775,0.4345433615640104
BEL,51,-0.10477953273728616,0.2390897193895648,-1.1166397018812058,5,True,-8.081813831234431,-0.6080741312966209
BEL,132,0.28886037367795514,0.9712759154880563,-4.29481431122084,5,True,-5.023369940257194,-3.632494687077037
BEL,151,12.894860304226617,1.770150932870777,4.239646337184388,5,False,13.402585995780502,6.1745364392311375
BEL,152,0.8748398264904723,0.1278571167737392,0.2135170648732032,4,False,6.633699726432085,1.1545872136717428
BEL,187,2.0707992782478426,1.2539764309656403,1.9465543228233795,5,False,-6.4419777285258935,2.8164723726272767
BEL,220,19.431326628960083,0.6282147843167961,2.628328953102277,4,False,8.37583811058591,2.2854956889718725
BEL,223,0.7631708622488717,1.7411097780733027,2.51655594879987,6,False,8.43023608692517,2.9553107495765563
BEL,225,-0.29546224492834755,0.045814103805356006,-0.515935937283174,7,False,4.696801414763208,-0.25805753551716437
BEL,402,-0.7554838771220681,0.04268431178029258,-0.694349175252007,5,False,1.3232536644598225,-0.5959308065314639
BEL,616,8.310841659107458,1.459328827577377,4.223780613137285,6,False,6.4067448997439325,4.401458978822426
BEL,640,5.7230200022442554,0.9391624350567275,3.360985904788638,6,False,6.705014947113752,3.6883722156513477
BEL,641,0.35262343386074557,0.02617874481987717,-1.0114457704780588,5,False,1.9604426333510006,-0.11764392641916421
BEL,788,2.202767678345378,1.5185059294993435,1.899326473152696,9,False,3.9754577409812697,1.6123791559589762
BEL,801,1.4592987368548165,0.8603860617633851,0.6652119433086856,8,False,-0.497512437810943,0.8781020427135466
BEL,802,0.2813091186311741,0.23581248716369888,-1.208363805206314,8,False,-3.5509291769553086,-1.2245154842157935
BEL,805,-0.38914351230287336,0.3520017913778539,-0.016978862761540814,9,False,-6.311966740612385,1.2324064770707466
BEL,806,1.1809809806725124,0.35524833297137737,-0.4656951522115538,8,False,-6.081101381332732,-0.09982064099962606
BEL,876,3.78765333539124,0.29609939524265,-1.6909644748504982,5,False,1.7946211901570308,-1.3645222260892154
BEL,897,-0.6351293495715693,0.26295200984851613,0.6263376423943479,6,False,6.379766567749745,0.9785844231103846
BEL,1001,2.1698560066658614,0.77783797452234,1.6983085276438104,7,False,0.9951527987802411,2.3891236999149523
BEL,1078,0.6147351573604908,0.006149693809431442,-1.1987392621264692,8,True,7.679470158739399,-0.8778387280478306
BEL,1142,0.03779421395826631,0.3825751967251841,0.7544335216695508,5,True,-5.951639568670575,0.5911362226068917
BELRISE,144,20.87710623865266,0.9470491407198147,1.4564670595160756,4,False,4.333170344502624,
BELRISE,146,0.2427247763606985,0.7893918210056023,-0.7795898352255581,4,False,-8.2796094805495,
BELRISE,147,-0.34092054905296254,0.3932664550833579,-0.8175413436732448,4,False,-12.18677804010282,
BELRISE,206,-0.29545823611134486,0.1463046828966146,-1.9672229841154132,3,False,1.787583520037228,
BELRISE,292,0.7585712088530098,0.25849327720389237,-1.0050551283202092,5,False,6.9723368111302975,
BEML,64,4.118158968445228,0.3992245560006352,-2.0923883997708947,4,False,4.119087058131843,
BEML,66,0.4920903682230556,0.9364200249493929,-2.2448754805948323,4,True,-22.298264181359826,
BEML,666,15.489609665886977,1.9970028182118262,-0.6744731090170819,6,False,8.451767769893426,
BEML,667,1.6766793374075157,0.7164398137414267,1.777288918505926,6,False,7.430839348175744,
BEML,670,0.9816121211966983,1.5944618758226345,-0.08558281633160858,5,False,13.473208679166525,
BEML,671,-0.36837299213697616,0.1170107198806661,2.1557242052211434,4,False,-8.125872264919554,
BEML,672,1.3509666475131628,1.5574876673450853,6.938199150405477,4,False,-11.872742632238953,
BEML,673,-0.3916029134919445,0.08930255230518969,-3.2742292311147225,3,False,-14.334312387381997,
BEML,690,0.08590512561114108,0.13399784228766629,-2.388063750259106,3,True,4.891173202995458,
BEML,775,2.1350330716982238,0.8262886434386649,0.2558266125885389,4,False,4.0436044985317166,
BEML,788,3.4206375561166884,0.527405998523181,0.6834551891372609,8,False,-7.4753082883187165,
BEML,789,2.1716791620038256,0.6733584631960604,-1.1496626841056568,8,True,-1.908383631174726,
BEML,802,4.043485199536848,0.38761811436060484,1.1359913601634686,5,False,3.298981284055902,
BEML,806,0.10219440142270424,0.051672091125267335,-1.8929344440794305,6,False,-0.01020479533652141,
BEML,885,3.474079967377609,0.11178808729069323,-1.8826221472080573,3,False,-3.505442197035491,
BEML,898,0.1371361032011802,0.15806938493038647,-1.031075112670432,4,True,3.824070223731524,
BEML,998,12.7046804547096,2.5126373309462924,6.0112765251532085,12,False,-2.7830250729511063,
BEML,1004,0.2948741776041903,0.28015945127697195,-3.6584415728961317,12,False,-2.9683795786169753,
BHARATFORG,47,6.500639102304325,1.2670237231771306,0.5703522602943822,4,False,-13.811831115629957,0.5703522602943822
BHARATFORG,48,2.051892710250313,0.7595108565894649,1.096413775660432,4,False,-15.376218717514977,0.6055088566545797
BHARATFORG,144,-1.5735563127245722,0.09812844114040846,0.08210517538183026,5,False,2.8246564033044708,0.3931184521593911
BHARATFORG,554,0.6494525486699896,0.19440174996389387,-0.8598832295400705,7,False,4.770455158687215,-0.7104030662160143
BHARATFORG,555,1.2136077120358373,0.8169955254135521,0.271007098933973,8,False,3.9517857865146055,0.8013187155348156
BHARATFORG,650,-0.5816649747070474,0.047013954005870946,-0.7819029000793565,9,False,2.2125439613470688,-1.3004894644930043
BHARATFORG,652,-0.9317654360685045,0.04270959277526775,0.1426649221909715,11,False,1.5976226939953264,0.7662182529642791
BHARATFORG,910,5.778375674821552,0.8007545367491498,0.08637572160645757,5,False,6.552152263063982,3.4695309459912282
BHARATFORG,1000,0.012680317818221945,0.7168219432795945,1.3641430887397776,7,False,-4.429465575349045,1.861661403792536
BHARATFORG,1001,0.14823145241671218,0.025757867812307354,-0.23011526738103694,6,False,-4.893797256297261,0.5091558742896574
BHARATFORG,1095,0.015290595264154924,1.0642190148831125,-0.30953544619470863,7,False,5.041544444907875,0.12907753424316049
BHARATFORG,1141,-0.4750990640121644,0.12187405524720425,-0.14777677995266858,2,False,7.228954012955047,-0.14777677995266858
BHARATFORG,1142,-1.4039722713384346,0.07329964356711867,-0.47076445728345684,2,False,6.612102092444383,-0.28352859359116467
BHARTIARTL,93,0.8025045280588732,1.4208623998401482,0.8420786017216297,8,False,-0.3386917716673321,0.67635452163195
BHARTIARTL,236,4.686026254183982,0.08923497921262019,0.2382453927545436,11,True,1.317358588330353,0.7357561198190421
BHARTIARTL,288,2.830271882417062,0.6773079634158109,0.6854243440306274,8,False,2.5214484851285413,0.9195508525484231
BHARTIARTL,413,1.24128800452014,0.7099251738104886,-1.9676228627191983,12,False,-0.7580358438340817,-1.4341654867459197
BHARTIARTL,507,1.851163668582434,1.8741963751530972,1.572452785049916,11,False,3.903241673846325,2.1440469479672153
BHARTIARTL,509,8.802134638610132,1.4784953750067802,1.1832051172021574,12,False,2.501829407808076,0.4536354790786179
BHARTIARTL,813,1.0501017432262978,1.6054150813262984,1.2392195450728005,8,False,-4.377325201100268,1.2392195450728005
BHARTIARTL,1196,-0.3158440208659019,0.06619133219795764,-0.8527447369182095,11,False,-2.0883528301685716,-1.6147055749403671
BHEL,21,2.7461719270586067,0.8351515596168297,2.6068306473809866,2,False,15.350990050084711,3.3420719313788316
BHEL,22,0.6963008621183027,0.6053979546386972,0.591648099748765,2,False,9.849497830387577,0.047070798692616656
BHEL,23,0.27794332684966166,0.5555043003387063,0.036215053652965956,2,False,7.660926744242169,0.5699425451168638
BHEL,95,1.4583523270212735,0.5413314877683609,-0.4193498558082709,7,False,-9.955333945701705,0.12780014505584525
BHEL,149,0.16937407234030935,0.693961175992758,2.1449543554423967,9,False,-5.782439072451706,1.9627181428866658
BHEL,150,0.5134179866269872,0.4126811191537091,-0.5851013203912347,9,False,-7.767496613629977,-0.4975124378109319
BHEL,151,0.5489695445183973,0.12521899020999083,-1.9709852587628474,10,False,-9.164976280762938,-1.2775855062266417
BHEL,547,6.8565354878496825,1.50828459320209,2.545034844706806,6,False,14.377154249865299,3.671903359483819
BHEL,638,0.06112986193361689,0.49704928777848123,-1.3748878645817642,1,False,3.7497856993526923,-0.6969162205006874
BHEL,806,-0.6080204981423155,0.18551733817282554,-1.4580356369385483,5,False,-5.2217254573724725,-1.203205026919807
BHEL,880,7.121538528024203,0.6754653601216282,1.416457055287057,3,False,4.636708683084456,2.397367880742629
BHEL,881,3.3039424136052946,0.43986436182348926,1.3046785310363296,3,False,1.8355568764355956,2.3105555346640383
BHEL,882,0.9910955496790226,0.751276987678116,-3.611192967806942,3,False,-1.3188061164556841,-3.1373771069891143
BHEL,912,4.055555352955684,0.4989981070581553,0.8478051815038024,9,False,3.9361000539474,1.402005936060613
BHEL,914,0.30691091037535906,0.6269417775040234,0.5171493513759007,10,False,9.080415642624452,1.384527265497404
BHEL,915,5.722446769820896,0.2672000555087566,0.5791922827755425,9,False,7.111708917215043,1.6398233982710009
BHEL,1001,-0.4039212919208045,0.24188699939373567,0.13065494181281334,6,False,4.703024644842224,0.4212323993638467
BHEL,1003,0.6935236471186044,0.5799479444385051,0.0381746651735515,7,False,3.349302918194752,0.0044299368758382585
BHEL,1030,16.245740927347182,1.1811911031000788,5.38713476684789,6,False,10.251341381839318,5.38713476684789
BHEL,1031,0.3318911360650283,0.6832202121955427,0.6857298578768045,5,False,3.6666009399852983,0.49990355110067775
BHEL,1032,-0.2598000669377612,0.00818845820295986,-1.072512063039066,4,False,2.0638920002891803,-1.6139200966701184
BHEL,1137,4.879918608932379,0.9706872249264892,2.9951158481455575,2,False,14.907175794854567,3.66391073666672
BHEL,1138,0.010905820142690516,0.524950901130688,0.8162006533447119,2,False,9.50939599710523,-1.2057151962606816
BHEL,1139,3.7919709685435583,0.7775133046661551,0.055316533060301154,2,False,7.527224343907624,1.1853154597968762
BHEL,1140,-0.6123158349570406,0.13260559928506582,-0.6673119046406106,2,False,10.583602425691518,-0.03226355689555094
BHEL,1141,0.7708371003231269,1.2642151808020679,3.474019837431852,2,False,8.951188388187026,4.056195929856821
BHEL,1142,0.283973591300793,0.4956747727708792,0.9330615342936,2,False,11.061726333874011,1.4874431014456402
BHEL,1143,2.5774079758995776,0.588675349231079,1.9540489467711586,2,False,9.139638485229295,2.38612548535575
BHEL,1203,11.817758947355715,0.7095862657762776,2.177788861467289,6,True,-4.217123369829057,4.430676804655986
BIOCON,53,2.106172900362934,0.8472232243525278,1.4107202190160928,10,False,5.103619386527525,1.973575871079869
BIOCON,54,1.5496720233132115,0.5562207060911433,1.0870059678622868,10,False,2.8058057332685404,1.355568687328379
BIOCON,160,1.6944530897363113,0.1415196554980318,-0.35157869506633466,12,False,-15.117746229788542,-1.3466035706882207
BIOCON,162,0.2734920733696629,0.41562870493345017,-1.7385511663253639,11,True,-17.290256829910135,-1.777331900592316
BIOCON,482,6.922794058540338,1.2906039039983472,2.8342986212578802,5,False,-2.1163527770037827,3.417842642406921
BIOCON,654,4.5810511930933,0.5704609298527427,1.7511291075060997,8,False,7.653814504259415,2.5943683467039236
BIOCON,656,5.344533441364669,1.404224454635237,3.347666378778791,9,False,3.7524263777774403,4.730584366304091
BIOCON,717,4.261085277219842,0.20390322203353659,0.7602838187926286,8,False,-5.720095981721118,1.389177774828676
BIOCON,734,-0.4293767287847499,0.696802999819664,0.6651003105959896,2,False,7.5840519533214135,1.3456513706929352
BIOCON,800,1.5113231179400493,1.3707449471124002,-0.7508051392193238,3,False,5.637846424288351,-0.37086179269995023
BIOCON,801,1.755568099575853,0.39362088933942674,0.39827073090250575,4,False,5.073169309751568,0.7761831262063534
BIOCON,802,0.5803856768392653,0.3409928889743359,0.5942543413574697,4,False,3.745164760507369,-0.11056000649960485
BIOCON,804,3.789171469050187,0.030409391772985954,1.4071695673721019,5,False,2.5823974863418586,1.164020953581435
BIOCON,937,2.790817720991735,0.23715086731696586,-2.2711242877860194,13,False,0.4585794947627342,-2.451255221637294
BIOCON,1109,-0.5737527955271478,0.4112186970515217,-0.1268989620358374,8,False,-2.209983194620291,0.1925927239461389
BIOCON,1154,3.5147049102328474,0.7702856953591981,2.1047398131087025,9,False,12.030844154939736,3.0168666827868895
BIOCON,1156,1.2857585077245508,0.13278324412302678,-2.017222735126678,10,False,7.564692535155859,-2.0043391045795778
BIOCON,1158,1.7110900924289822,0.8045772909601049,1.0211350923739815,12,False,7.961708291519876,1.1717381806599647
BIOCON,1159,1.3273161229921733,1.1835818849051647,2.1943895463356844,12,False,5.253369073775005,2.182149147298862
BIOCON,1160,0.20598849411452444,0.12104206882370172,-0.7934746256818115,12,False,3.26712514677876,-1.0302443759785063
BIOCON,1201,21.823626571286752,0.7260685871337706,0.7815555212861591,8,False,-2.74452865953958,0.9428825761176984
BIOCON,1203,-0.17539074697150667,0.17127722064052012,-1.3481496438994323,8,False,-2.2659467334831707,-0.5198990656426705
BLS,566,2.951874374186938,0.9049167032752996,5.437725691846751,4,False,9.876685813050457,
BLS,726,0.9987695141340456,1.1723129964679198,0.5201235722822162,4,True,6.94004877217842,
BLS,785,-0.6272101645386398,0.2947166447238164,0.9168651026740138,4,False,-5.224497907710479,
BLS,787,1.8242779809612888,1.1179162249934531,0.5861494346624418,5,False,-4.990469076894466,
BLS,788,0.9785000470964398,0.008703905737547674,0.27038622254325073,5,False,-6.7846543419663785,
BLS,809,0.9457961811965335,1.0871775498691063,2.7315179264387535,4,False,9.752651301395886,
BLS,810,2.156793248814612,0.3802368749493101,0.917632702373572,3,False,5.59424826820758,
BLS,1136,0.7414650629018054,0.8236398066949138,7.083810638121002,3,False,0.045297296831336986,
BLUEDART,768,-0.49108252259950996,0.06319340506730074,-2.2390038669025447,3,False,-12.704351809680992,
BLUEDART,1030,2.460050766984735,0.4360500658744544,0.23621546144372285,6,False,-13.06821797708223,
BLUESTARCO,947,2.0627091564999063,1.402194780543848,0.7972629079240123,11,False,8.920640341260144,1.0987841540958554
BLUESTARCO,948,4.157388590095331,0.9011530510212747,1.8811255705395658,11,False,9.202693640551441,2.3800579802858435
BLUESTARCO,949,4.347371557938954,1.399935891113837,4.037138305528276,11,False,6.295991598654016,3.624894822143565
BLUESTARCO,950,0.4072496977346198,0.11116638751438596,-0.8743750237522829,10,True,1.338351988415809,-1.1543274588096564
BOSCHLTD,751,-0.21697193705305085,0.08600111517193368,-0.3142152786243635,11,False,3.5857759046076687,-0.294327661575422
BOSCHLTD,1137,6.9220881026239995,0.4446977347529428,0.7908117813138382,2,False,-1.7310143497388908,1.3938571604786176
BOSCHLTD,1173,-0.4582097615078427,0.452205368881408,-0.995680359729656,4,False,-0.838364173860584,-1.00879004188541
BPCL,33,-0.6394901395060938,0.8993882704381556,-0.43293102099929426,6,False,-7.321895793600419,-0.13154012616374278
BPCL,147,0.7988309048634099,1.3399441937651024,0.25223391840021314,5,False,3.304784328149113,0.25223391840021314
BPCL,148,2.090282039768059,0.6072435662045337,0.8822586287313472,5,False,2.368155964966867,1.0945273631840946
BPCL,150,0.4346775847282971,0.7359316239953755,0.4922997038287136,6,False,1.57328858509318,0.2448506429933106
BPCL,153,-1.7625332486070189,0.36881832936985676,-0.22774885098348907,8,True,0.18331387153740497,-0.5874257930508109
BPCL,228,0.7066712444044732,0.5603691487863742,-0.29875395344227673,9,False,5.77108323915696,0.007031201531759734
BPCL,230,-0.3951897161112555,0.4264953771620723,0.4039143119654254,8,False,3.934502415256147,0.809558183322201
BPCL,231,0.6500999147960425,0.04657214734083857,-0.5123601291648239,7,False,2.678724901682017,-0.5123601291648239
BPCL,309,4.335112050756391,2.0060425173880603,3.924820342730806,17,False,6.440975200625232,4.153561693448471
BPCL,385,36.23562614875667,2.1072267292914124,4.725323687611893,7,False,-1.5271518092236813,4.755170287052124
BPCL,386,1.3100056108843214,0.052048181958098835,-0.8783174428398266,7,False,-4.855597901923748,0.09484994686825843
BPCL,387,0.6144257695367297,0.6086615556912389,0.8200248308582125,8,False,-6.860965331493974,0.9742104576282218
BPCL,445,1.6555317415397781,0.5368574416306862,-0.3923594980225986,11,True,1.6187195575540603,-0.891841979008523
BPCL,458,1.7280245130204208,1.263214493112589,1.2309096375979545,11,False,1.4011400471185542,1.2309096375979545
BPCL,459,1.4928046135904893,0.8287084531519197,1.0961677254894164,11,False,-2.5153246888117597,1.019057079227359
BPCL,540,0.1256785881361813,0.053284088327310075,0.0017301070865283208,7,False,1.5826789397958008,0.16814711015913364
BPCL,542,-0.12172886204175509,0.4750451497338818,0.2001233063120944,8,False,5.110958627798334,0.35059114159521343
BPCL,543,0.07778949773578264,0.8246419158579118,0.48632469693612457,8,False,5.809835903343719,1.200625186329285
BPCL,544,2.371798618855191,1.1168191448061924,2.311943156658769,8,False,4.535530351777295,2.551610312964936
BPCL,545,-0.06375122713333317,0.19781136003019203,-1.6133578490537426,8,False,0.6952845901072147,-2.0622605455572596
BPCL,659,4.500395566857196,0.8189909334244911,1.1116121925800027,7,False,2.601238079427226,1.9639633087475517
BPCL,716,1.5569577758858473,1.2634034677536587,1.6530484294220216,7,False,5.315238652932508,2.214070511041122
BPCL,717,-0.0069687815932755635,0.0839047555736606,0.004332282426400269,7,False,-2.1551213187102514,1.4034215645306825
BPCL,718,-0.6909500821117125,0.4441524569074301,2.0700988552979416,7,False,-2.823460666348754,2.2664437575408813
BPCL,719,5.170363103315795,0.8803531484937566,2.2179263490390566,7,False,3.0986091988282283,3.333454375264333
BPCL,1028,-0.44081980089403217,0.44814043910215257,-1.3230806965219277,7,False,6.396688404547479,-0.9609901304295398
BPCL,1030,2.2248526087786673,0.9458481816250175,1.954413064624072,8,False,4.7199497620689534,2.0684542901538316
BPCL,1032,2.7835555909020564,0.6495723504806189,1.3653132834048565,8,False,-1.794586034900758,2.0690524979912306
BPCL,1033,0.3889754613078485,0.38163993264125834,0.43153978605789955,7,True,0.7546823114426227,2.330027804145729
BPCL,1034,0.09340541156872031,1.4254662318220723,-2.0940224147717235,6,False,-0.4443003107407195,-4.209401382352651
BPCL,1112,1.6020388358285957,0.13852786732798106,-0.9088938006390657,10,False,-14.857239925312859,-5.38264748608378
BPCL,1183,1.497314644162327,0.22177022380891695,-0.12054574576798593,3,False,-3.1833689619679695,0.2092929197736737
BPCL,1184,-0.7060431875953505,0.31109144945856226,-1.4940982745213605,3,False,-3.5339733258589634,-1.8989559246023302
BRIGADE,1140,4.154923207200251,0.6394795395385007,-2.3410118474610497,3,False,2.171914885837256,
BRIGADE,1141,3.335967579572078,1.3113785300440735,-3.4774856079265004,4,False,-0.896145514164215,
BRITANNIA,182,1.4970849306187763,0.11384515293347432,0.14793053308570503,6,False,-4.648608221083661,0.7680647075532621
BRITANNIA,292,43.47223352610123,2.3027719804419005,7.960963292657164,17,False,11.771582917014257,7.980524981965509
BRITANNIA,293,0.5815514719363839,0.387016269987085,-0.8454126110200688,17,False,1.7668245326173393,-1.385670747545087
BRITANNIA,409,2.9318360108005512,1.784640511181976,2.2925537189924405,17,False,1.0660087783224803,2.555391045663291
BRITANNIA,410,-0.22570226453234193,0.6847918860916864,-1.6702262986042493,17,False,-1.4391702808523088,-2.1290601889394134
BRITANNIA,660,-0.4677144239837146,0.6862878428805138,-0.33548420736557727,10,False,-0.904491089937709,-0.34215781956855595
BRITANNIA,839,1.3237658033406476,0.6077461121149064,0.6587168877146166,13,False,-3.5410203274454766,0.7001539300860893
BRITANNIA,840,4.415822774108561,0.6871170344408246,0.8319794917347689,12,False,-3.7769277663415313,0.9274282920509247
BRITANNIA,884,-0.31368918178857147,1.110995641954773,-0.32437515780991966,13,False,5.652329544832191,-1.2612971139225326
BRITANNIA,989,2.401860579401888,0.7712582827548877,2.095577606611476,6,False,-0.0779185794901549,1.8102537829533416
BSE,131,-0.5215718302002449,0.5629686113341046,2.302409686540341,4,False,24.653120205119116,5.512240806810498
BSE,132,48.61847964004879,2.659866104674256,17.432654439894655,4,False,20.65152507168242,19.923026196100622
BSE,133,3.529008400503709,0.11865097708256082,1.0360930847758798,3,False,3.7410255282513294,1.5898429494936694
BSE,134,1.3350542283519122,2.0617133282293634,5.138539172362777,2,False,-5.561099774593425,8.07191830093219
BSE,135,0.03458722678603934,1.041693409812368,-6.105311592327367,1,True,-13.040769764234273,-4.731322866564924
BSE,600,5.519330746981548,1.5759595217115479,5.311977909232146,6,False,8.167093081566046,6.010974038151984
BSE,602,0.6146203578068223,0.8317730923897382,1.1875985384624421,7,False,-9.958227795685692,1.1066007001345746
BSE,637,2.815264049864201,1.1605489205130912,5.434121291225336,3,False,15.974962322961828,6.486923372051057
BSE,639,2.7934206265887136,1.2411572385214147,4.918980932739236,2,False,10.776852866257913,5.253885601759389
BSE,640,0.32362049896588335,0.31067233608842365,0.6841700303890752,1,False,16.884377585503117,0.08693459884294708
BSE,641,-0.21396937079754946,0.97701035105007,2.515759199642109,0,False,14.649468994390368,3.3326723099808886
BSE,642,-0.26277051589311823,0.04898039842317197,-0.14510526388241685,0,True,10.553140466288347,-0.8430050775581677
BSE,721,0.4813004043404251,0.3174749962244626,0.8589726365830996,3,True,4.613645070469552,-1.745255129007084
BSE,727,0.11962823406282713,0.20690927662072703,-0.8528807398036742,4,False,3.4339570259365404,-2.741929398992504
BSE,732,-0.4213976603454445,0.03745702951351078,-0.6756634490361568,6,False,7.281567165257918,-0.4047298417301448
BSE,733,0.11572180638521151,0.17213319159412582,-1.1194052038954072,7,False,5.7433388470377045,-0.5706782627405538
BSE,836,1.01500545869596,0.695876718094342,2.6824887174131895,3,False,-0.08470343960176319,2.3801631619771557
BSE,838,-0.7217068002996175,0.39295405894833785,-1.3405996323704206,3,False,-5.5263450537437535,-0.9916540856882206
BSE,863,0.36919800178389817,0.6354946309432017,-4.242783185479104,1,True,-22.937545988407525,-6.035591609158731
BSE,886,-0.4812182714706081,0.25734970301159493,-1.7272725824829416,1,False,7.1183516197524055,-1.67333584954249
BSE,887,-0.4239951337618561,0.6209537283965605,0.9185951422267413,2,False,6.328727629005915,-0.488591426694196
BSE,888,-0.4794546240176086,0.1525307786080199,-1.5337051212748531,2,False,4.37250143569341,-1.4881629134856134
BSE,1017,1.0214048654843166,0.6654271671488976,1.502751426783977,1,False,8.452606464177205,1.0771633704871775
BSE,1018,1.4842696715379355,1.2548630995727454,2.227451951858983,1,False,3.0779751721166093,3.25963543279455
BSE,1019,1.2195226418442062,0.6281124607040625,-2.7497224922046315,1,False,-0.3306838592714967,-2.284982274257441
BSE,1081,1.7041768527753596,0.14658501911100996,0.6396588486140997,3,False,2.7789605960154784,0.5970166605588245
BSE,1083,0.20238709176383288,0.5112426843542343,-2.7481516142861317,4,True,3.3597419305400056,-3.04938932106833
BSE,1094,1.9031294062050361,0.09932190571508898,-1.4005122007515025,6,False,2.883576494260609,-1.1902764547973455
BSE,1123,1.0176706770651023,0.8067861822666208,2.122873622164345,5,False,8.648077197286863,2.4216575826386144
BSE,1124,0.3463327761026576,0.13319317875325173,0.023376328299784532,5,True,5.632912539859447,-1.4992153327322955
BSE,1136,7.0511569704322925,0.7130371345784312,4.9286931229270525,6,False,17.13101160862356,4.47761194029852
BSE,1137,0.9651386261302262,0.8526483103920879,1.0158272776936927,6,False,9.515995802203214,2.6470185771747534
BSE,1138,0.5768636050348838,0.23259544075634545,-0.6337881783483934,5,False,6.9461728240106435,-3.0625232310185213
BSOFT,54,6.151846472585661,1.897462567604872,5.32231904514433,3,False,10.931532114975418,
BSOFT,140,0.9546719752501097,0.16383289521395417,-1.0161982019755045,3,False,3.6625370798103907,
BSOFT,141,0.9175244317423931,0.6517484359855592,0.58141627144217,4,False,2.5821479635485645,
BSOFT,142,-0.06508883939914134,0.9506309969013886,-4.0103381796043225,4,False,0.8828889036759602,
BSOFT,314,-0.3539756516715177,0.3923449896674301,-1.5582710450655735,7,False,-12.853153482890534,
BSOFT,688,1.8763849523961518,0.14021120293199452,-1.2777576175783345,6,False,3.6854426980092114,
BSOFT,1027,-0.06681056677897726,0.2749684589018082,-0.9330232760418777,1,False,1.731305456176302,
CAMS,672,1.1546194040759012,0.5406734955369926,-0.13018565565910967,10,False,2.073792217308079,0.06544364457767848
CAMS,731,1.2040815928240092,0.7065738951410345,1.898167370670567,1,False,-4.801440225060638,3.0567848486312776
CAMS,772,6.0943949666418185,1.2889897566148867,1.5678417047031878,6,False,-1.8740648566830775,2.7669433571379187
CAMS,773,1.5036682916819366,0.23584166337371112,-1.6799893516284303,5,True,-5.513167360752236,-2.1187342310848845
CAMS,800,5.853896012667946,0.4501362941281664,-1.35480081449042,6,False,4.363508860352394,-0.9297163246962947
CAMS,802,2.4967135249413808,0.06990774380101483,-2.1728261147897276,8,False,-1.724221354691302,-1.2478301892432486
CAMS,803,2.0263393039979265,0.7013525776124768,-0.4292091554146005,9,False,-4.318529909161661,-0.083797866225932
CAMS,880,-1.2864728100226543,0.13783108072630626,-1.6481042625866804,4,False,0.16033075799746221,-1.710016693375327
CAMS,894,0.870834849308256,0.32896758397514186,0.7284839343622451,6,False,3.480511111509732,0.87332705456169
CAMS,895,0.17351635478453137,0.11869187774016092,-1.235225875412893,6,False,-8.220621505867198,-0.3067240782656966
CAMS,896,0.9780573618463057,0.5531753761472566,0.9918175135059881,6,False,-8.926114960555509,1.4512402632804067
CAMS,1001,3.641174752988362,0.4340014943168355,0.635974921838045,12,False,-4.658576526398084,1.1249333566067499
CAMS,1002,0.8030733542674549,0.07314406827376262,-0.10533278859790052,11,True,-5.771286495394978,-0.10533278859790052
CANBK,22,3.317108928058703,0.7002681575130599,0.08098154394000634,2,False,8.20894998269952,-0.2661170519236533
CANBK,23,0.9831212466390202,0.7232804626327546,-0.8618907381829688,2,False,4.856001254045594,-0.5535714603424169
CANBK,24,0.23329970025559538,0.764379615023261,1.2539905593638379,3,False,4.006369077897265,1.198396380065092
CANBK,93,-0.938965773091045,0.007330468198411081,-0.7203674469775545,1,False,7.324515611375948,-0.7872196992028568
CANBK,215,1.0201886210127666,1.1065997822600608,1.753779013412582,3,False,4.661703847287368,1.0736985919480801
CANBK,216,0.26667077038551046,0.19677573399657958,-0.794801580314497,3,True,2.0638082622692178,0.3486423567189867
CANBK,285,1.4775246409213314,0.8765830988510472,2.6561347462769724,3,False,8.638518229454473,3.7455774287313837
CANBK,286,-0.950462229331331,0.09603740935083065,-0.6444371545815786,3,False,13.662031373301641,-0.27713236841105937
CANBK,287,1.1099967952116607,1.24311610061657,3.6036159078410623,4,False,12.808369248565521,4.059296835135728
CANBK,288,0.09649550992233087,0.41304749259612616,0.05527864721759368,4,False,6.913351694951575,0.05527864721759368
CANBK,379,0.04793078434680598,1.0121822041697899,0.3237547719835643,4,True,-9.48317443109289,0.388169572772723
CANBK,404,0.57210707509362,0.04587015567928204,-0.09682846737566475,8,False,1.15530018333303,-0.16361019055748383
CANBK,408,1.0843054734475341,0.8333426130129957,0.09722368249680535,11,False,4.888147938718057,0.4111093895303286
CANBK,460,0.674527659548397,1.1167143928345722,0.8320034284433842,6,False,4.186021676301377,1.4061217214164756
CANBK,461,0.18560796725863585,0.20928103816523655,-1.295413806374912,5,True,1.896225487769998,-1.059001508766122
CANBK,505,11.032168376846416,2.214622876997212,4.267600949653727,8,False,7.830570952260119,4.861434808485265
CANBK,806,3.802275310629896,0.8648722956974694,2.551753264775103,7,False,-5.963541714298826,3.203147556520425
CANBK,888,0.7061166419715701,1.4903180263289488,1.7999404100559113,5,False,2.145097761320458,1.832305855124794
CANBK,896,0.5606819041763567,0.33901590847616986,0.37008379718459494,7,False,-3.4348220196611767,1.1854275936827419
CANBK,897,0.07772224741379317,0.7104969740021226,1.9746006651926384,7,False,-4.844309804354651,3.1179528770989062
CANBK,898,5.16513247502496,0.17546573360210754,0.6726402398121056,7,True,4.7931525697607835,1.1626996165545522
CANBK,1003,3.041673036848211,0.8694187542861203,-0.446784607511197,7,False,3.0531325416550015,-0.5482338182911994
CANBK,1111,1.6895370928065954,0.11416571198768785,-0.9463965842269828,2,True,-16.033873536283995,-0.9463965842269828
CANBK,1218,0.04497270522524776,0.9347646125213254,0.7261851921518847,5,False,-1.9965557469496242,0.17551717411372625
CARTRADE,847,0.20676733717675483,0.9907121922396853,-0.4580667960886631,0,False,-17.099567452848973,
CARTRADE,1172,10.76459711519473,1.1412782380355098,4.471217320519982,1,False,10.228136867706162,
CARTRADE,1175,0.6922412717266279,1.398484782852514,3.842206698088324,1,False,31.18995542962175,
CARTRADE,1176,0.9043890462810478,1.1466418697472451,4.649832455809921,1,False,25.09088702371558,
CARTRADE,1177,6.53599479520477,2.186800647593689,10.171810430402207,1,False,17.51989386148527,
CASTROLIND,645,9.258908461394158,1.6674832427790485,3.4140750391847607,4,False,-6.445900771631308,
CASTROLIND,646,0.1902703612610373,0.3797966655836247,-3.2834092404256054,4,False,-12.277240667135835,
CASTROLIND,809,-0.5558334519680227,0.02240374088375602,-0.9067306211437587,2,True,-12.186941527415929,
CCL,908,1.5596715278661828,2.917613883200867,8.673475838459543,6,False,7.0699634336379935,
CDSL,65,1.2013362483564973,0.47602269173879175,-2.8767140881598263,7,False,1.1800543837653388,-2.8767140881598263
CDSL,135,0.38717662292277216,0.804176177540565,-3.407836573442591,0,True,-5.832591699464052,-1.6942224135016448
CDSL,149,0.3482905247749903,0.03337487834540716,-0.6705334491624804,2,True,-8.64248312244551,-0.7782641143446067
CDSL,504,2.8437265728268923,1.9520873177301548,2.5906968471707925,3,False,6.966978446284289,5.118859829522382
CDSL,505,5.563146971605437,1.7133278693652367,7.015667797802982,3,False,1.310574519630725,8.477525337862213
CDSL,538,4.853472419739304,1.2437511580608953,1.677578731888807,3,False,11.98044522453523,2.372347077659964
CDSL,539,1.5560447578936505,0.646606090987203,1.706960020880488,2,False,8.611584364458702,3.2138552167949808
CDSL,540,0.8368067652720224,0.05000770251575162,-0.5824767020807142,2,False,4.8092837076930905,0.5808396441438379
CDSL,542,-0.15591218061634393,0.33928126299157263,1.644774803109006,4,False,7.288893051492318,2.18668901034913
CDSL,605,1.0860657990509113,0.3215521991187426,-0.42532798349603773,5,False,-4.564525207455105,0.15709403925554533
CDSL,618,1.4828099131905466,0.027777749529304698,-1.757657358198672,2,False,-14.916006730036301,-1.2931217012692509
CDSL,619,2.347251683742475,0.11798582933098435,-1.9672023135280159,3,False,-15.849326043967016,-1.7768276562024066
CDSL,698,112.63473294855879,2.7405527964791037,11.009116745709324,1,False,6.538066066322634,12.532019069899093
CDSL,699,0.6672671425191418,0.20498206455082266,0.7672486986660232,1,False,-3.9755904269172193,1.0979041496870678
CDSL,728,0.23082201523690093,0.17064143886822963,-1.3047005769623365,5,False,6.9147891163575,-0.6834949661089329
CDSL,731,3.867091330522288,1.849224844263893,3.9854030461177636,6,False,16.995936653715148,6.478609864952745
CDSL,732,0.995498429165556,0.18813071253617336,1.7724288353308415,6,False,11.002597255543067,2.687133323425561
CDSL,771,4.901789265075979,1.5400455536058715,3.725599647184885,5,False,-6.80262056056351,5.019457169597574
CDSL,772,0.29104071891375255,0.2029301248986572,-2.2534386889083935,5,False,-5.022870241478361,-2.2842444126118577
CDSL,788,1.047619928598528,0.28219371114245284,-0.34540517704074736,4,False,2.5382656408443616,0.13626136831765834
CDSL,789,0.5146736346744502,0.3453919762012474,-1.056830680641807,4,True,-0.009268909238724365,-0.4357096505052227
CDSL,801,1.2899038043767979,0.3884435968285495,1.1212795578678714,4,False,7.415183853717444,1.4619100218716596
CDSL,802,0.0021029213827073855,0.42635193463690546,-2.432678603455296,4,False,4.914247564578167,-1.9595694272793396
CDSL,897,4.772323546397386,1.1060570578585815,4.040526904052433,7,False,8.34768159883894,5.2904742037594765
CDSL,898,1.178975310986316,0.20217578655622714,-0.6791157833692663,7,False,-6.157429493454769,0.03215859864178494
CDSL,899,1.830325464279254,0.770105353217236,1.455714922106388,7,False,-0.3111363023453828,1.5377186016317657
CDSL,900,0.849729653796703,0.10971456885535666,-0.5629620211407116,6,False,2.4476389196855575,-0.37389235135351084
CDSL,915,7.348262629195328,1.2977433552073574,3.8440675612091857,8,False,11.989133622967652,4.669627218977435
CDSL,916,1.791656513673169,0.5913646624216611,0.5980584067901029,7,False,5.347828718992154,1.4925339277046756
CDSL,917,1.5380806665326454,0.287353105824781,-1.8124652225292026,6,False,2.9796554575979073,-1.8599086031651946
CDSL,1140,0.5240238574570341,0.3588783797636568,1.843726275279467,4,False,5.9028730428738685,2.9003151676206596
CDSL,1141,-0.27283645650083027,0.3071608602268971,0.6653160843802519,4,False,-7.319905735514354,0.8272248226324219
CDSL,1142,-0.28334892369178155,0.5158329576046209,0.900253548101615,4,True,-11.15099029722092,0.9581957907357497
CDSL,1183,1.3112391544186721,0.6859424348777915,0.5698156388391329,4,False,4.901428613081449,0.6399336090001428
CDSL,1184,12.14654735214895,1.6281069539185113,3.83938302414224,4,False,10.10634804448105,3.9547259386270017
CEMPRO,726,18.872304626560727,1.053079916683531,-1.4650768684079218,3,False,2.184021020112281,
CEMPRO,727,0.5825800541099121,0.06381600901148729,-0.7819641450060644,4,False,-2.7375248727396495,
CENTRALBK,655,4.6303013066545855,0.8319020760882256,-0.04177121756435698,4,False,3.6041121844855084,
CENTRALBK,656,1.0048212839630943,0.0548693666816808,-1.2456514420379206,4,False,-1.844164928558567,
CENTRALBK,657,2.653055206819123,0.532258034150968,1.2846171355791025,5,True,-3.244966917830383,
CGCL,932,0.9618512144367846,0.2345184317085279,-2.384594604027379,0,True,-8.471234553794925,
CGCL,958,1.0070501531865483,0.6974146074469182,0.4940189313833665,3,False,3.9228483262150338,
CGCL,1232,7.156483351983584,1.4579208087096875,2.8983152070930718,1,False,9.059773092264912,
CGCL,1234,2.2496235256439885,1.1849161535946064,-1.592285858433995,1,False,3.641274497606317,
CGPOWER,554,3.9868626270131142,1.8569651231108888,-2.416121839478169,5,False,-2.553920941980292,-0.9427150126022021
CGPOWER,733,2.3802044965486284,0.8601450772831839,0.9504186368802792,6,False,-8.787102338522889,1.1700153596243101
CGPOWER,807,0.6757002494740245,0.5307988155449692,-0.7168956764643464,8,False,-3.439806112286792,-0.12326997913940652
CGPOWER,878,0.794222474863645,0.7915056672858104,2.325579512201603,4,False,-11.69732355060934,3.2049057040379747
CGPOWER,879,-0.5295644242004319,0.48710873792247394,-2.237409487506181,4,True,-11.997237079144607,-1.5877442495542904
CGPOWER,912,-0.8886128898673045,0.2258252607602747,-0.16838508778223016,3,False,6.613090272794708,0.11481056257176547
CGPOWER,913,-0.0278035309191924,0.6764140775017973,1.8636623706227873,3,False,5.412999853600531,2.923165545354367
CGPOWER,914,-0.2919250833166747,0.06571681053015833,-0.1367543036528418,3,False,2.5578728628408154,0.7172793082313333
CGPOWER,915,-0.28581644367773207,0.4541776957571968,1.610716535654766,3,False,-0.555875230017433,2.4204490742767204
CGPOWER,988,3.705011521246265,1.0903795363588995,0.4720453064698704,12,False,7.0346421870033815,2.7439916776504703
CGPOWER,989,1.7284600820729497,0.42219204289692797,1.9838303597455864,12,False,9.34253522768882,2.815680481901861
CGPOWER,990,0.7439039437188247,0.9399398068254072,1.3453815994310947,12,False,5.360007903390729,2.489478718569482
CGPOWER,991,0.3217398115776578,0.8059858687408985,-1.763483117168263,12,False,3.0123716264897515,-0.3300562150539643
CGPOWER,1098,-0.8027400054611968,0.451395567731748,1.6147039338717084,3,False,4.588004915212229,2.291797257356909
CGPOWER,1141,1.4591043078970154,0.12659085426651773,0.2852437033582289,4,False,15.893862393760383,0.8291873963515828
CGPOWER,1235,0.6104030136279646,1.3872873863441426,1.2714206744057543,12,False,-1.381978993919275,-0.2819223651706615
CHAMBLFERT,249,0.5427505905820956,0.18319074309645997,-0.7101245907215836,9,True,3.286985614240967,
CHAMBLFERT,735,3.0783418919978316,0.16018839489296255,-3.168226790384032,7,False,-5.838929823013284,
CHAMBLFERT,803,1.328109025243555,1.094489126310881,1.5721708915624522,2,False,5.327165382978971,
CHAMBLFERT,804,3.9446043160407886,0.5290043538858331,1.0916764921810262,2,False,2.9312807203196956,
CHAMBLFERT,806,-0.09084341880571362,0.4622544405454012,-0.7760488531202259,3,False,-7.0802529861846875,
CHAMBLFERT,807,0.3172264699452219,0.44676706610327854,0.6194535543709634,4,False,-7.762422734135521,
CHAMBLFERT,808,-0.7152182879647994,0.32697203890351834,-1.288798345737019,3,False,-10.802476447103471,
CHAMBLFERT,991,6.55406792465388,0.34856458033110366,-0.5237061590862124,8,True,-6.9750449422928735,
CHENNPETRO,876,-0.11383012616634468,0.6194932651057699,0.5874923986561198,3,False,11.666845243116208,
CHENNPETRO,878,-0.6198658245769945,0.4493717520175065,-1.2125561653313355,4,False,9.056451458212189,
CHENNPETRO,948,0.4664888416321071,0.6794822821048312,-1.5234544499211133,0,False,8.377606939042437,
CHENNPETRO,1028,2.5613530857857323,1.6882167142416649,1.084938225382892,4,False,6.09602589462328,
CHENNPETRO,1030,1.597524639971073,1.8176811848022556,3.0118781160153762,2,False,25.220546335690642,
CHENNPETRO,1031,3.5924433656135712,2.142386056857205,9.246366328217404,2,False,20.005359840720736,
CHENNPETRO,1096,-0.5111034792819169,0.15612648554182207,-0.4975124378109319,3,False,2.528496874906505,
CHENNPETRO,1098,-0.8181908204478405,0.21310878158190225,-0.10730925048637596,5,False,4.266251770237184,
CHENNPETRO,1173,3.6353313061567647,0.8618323766152858,3.395689572063265,2,False,-4.599270127256727,
CHENNPETRO,1203,9.630566576769214,1.2541264596807955,0.09947217597641167,1,False,1.4951148814837278,
CHOLAFIN,93,1.0771211033554335,0.7925810871893922,2.3940609511641675,4,False,2.779033183498947,1.9748668762360477
CHOLAFIN,137,-0.14408619283962512,0.4176425432753738,0.3880353782506729,7,False,3.442144567980021,0.1161012616054391
CHOLAFIN,221,-0.3406031172205628,0.683150827960484,1.0840054056824755,8,False,8.466869792326248,1.5791493421488223
CHOLAFIN,224,0.2852054619933855,0.265650919949562,-1.0887555823689388,10,True,5.82593922935144,-0.4975124378109319
CHOLAFIN,356,0.18205986282775966,1.1866500529908386,-0.40755640394603,6,False,-3.4274563065360475,-0.27905002511240395
CHOLAFIN,357,-0.49839892951836706,0.22002211882300185,-0.35080693786674333,6,False,-2.6852946056974525,-0.8100538598075135
CHOLAFIN,398,27.463413995997772,2.1722317248911915,5.762251195265322,8,False,9.94799111868858,6.566713418797776
CHOLAFIN,568,0.4157185099033145,1.150886898115803,2.630084691484069,6,False,8.338249427171384,3.126987596967279
CHOLAFIN,569,0.09650852674054047,0.31245398800787433,0.4555185782229465,6,False,4.77240421270273,1.218743942624556
CHOLAFIN,570,-0.025298225064200076,0.17984508687286024,-0.39377699887689355,6,True,3.512110657618095,-0.3379254489381367
CHOLAFIN,639,-0.920549577723235,0.6777014033050288,0.9329570851124291,3,False,-0.48047685188914446,0.9329570851124291
CHOLAFIN,640,-0.6445747123501091,0.3553819874887789,-0.02571695652127115,3,False,-3.5245057644562428,-0.20942006041675398
CHOLAFIN,642,-0.5411896967386123,0.42704372976952276,-1.170777446438398,4,False,-3.2731713442697097,-1.4309976748160258
CHOLAFIN,643,-0.7271937515930569,0.7593494348211866,-0.1407718343191422,5,False,-2.1377083260134433,1.3641058909144022
CHOLAFIN,659,15.60703570852599,2.5966354062877337,6.787953634094479,5,False,3.452879107529916,7.706848013718881
CHOLAFIN,660,0.744705723900202,0.08189412770870304,-0.5051166257974304,5,False,-3.5210303152443667,-0.10248414531207617
CHOLAFIN,683,0.0035366493171358803,0.9962459268657197,1.5786191519025383,4,False,9.213938621555972,2.666123282221089
CHOLAFIN,684,-0.710141050183336,0.26457627801167355,-0.952826967399778,4,False,6.321071397916489,-0.5715470267708911
CHOLAFIN,685,-0.7509694265487677,0.3762514374710438,0.1616603269275485,5,False,5.770185017616414,0.2353113169809795
CHOLAFIN,742,0.3199395963769591,0.6036835232917629,0.0003716821868726683,5,False,3.182777724661845,0.5890840709868561
CHOLAFIN,743,0.3226986266272796,0.1140340210065837,-0.09790405402704261,5,False,2.139901269152067,-2.5621557540277062
CHOLAFIN,850,1.5586124546417433,0.8387369079373074,3.548209341782327,3,False,1.5364852783974925,3.926798007900145
CHOLAFIN,894,0.9743249090664713,0.693946986594301,1.076651173049159,3,False,7.522287574375852,1.7050165837479314
CHOLAFIN,895,0.12878753812434698,0.6967927131676771,1.5757201588046277,3,False,4.594194879190194,1.140907243390421
CHOLAFIN,897,2.3110411322935795,0.8154404820316314,1.3278306892553715,4,False,-3.6170747477727194,0.6624036523561472
CHOLAFIN,913,-0.5861730648484299,0.7229502334140737,-0.30394150453020297,3,False,3.4051580815720683,-1.0532542442517445
CHOLAFIN,1074,-0.3615590391277824,1.150736236552572,2.589799228801737,13,False,-4.967203092262984,2.6416398470743285
CHOLAFIN,1110,-0.49242044127445866,0.18933648595320804,0.27404619635882366,8,True,-16.83741113010836,0.29690858825131006
CHOLAFIN,1111,16.495019257522166,0.13037313732045056,-1.0015389424002596,8,True,-17.594725542127854,-1.4602570528121972
CHOLAFIN,1182,0.07872724440579705,0.5435847416651309,0.48316257738127977,1,False,7.210343978070144,0.48316257738127977
CHOLAFIN,1185,-0.5941402251786804,0.18770526082015948,-0.4151803386105657,3,False,5.436177529260466,-0.32696891346678525
CHOLAFIN,1186,-0.20692188553600002,0.4906721955601683,0.36082561506127764,3,False,4.687527102491962,0.42505324761015206
CHOLAFIN,1187,-0.017401727440106755,0.12644628240573594,-0.40518421979125474,3,False,6.7849840629358615,-0.5725330773096449
CIPLA,61,1.122252456284763,0.34302883386064265,-1.6239929323380586,11,True,-8.882410449536525,-1.6239929323380586
CIPLA,133,6.029626178795876,2.159512546598204,4.618405154463789,6,False,2.999958767539934,4.723634752500971
CIPLA,222,1.4670309598875697,0.7064043801379082,0.12475814828427634,12,False,2.4761330368139767,0.48180007749363263
CIPLA,418,0.11882127750328599,0.28592004879833105,-0.09329153954529268,17,False,2.103333081622938,0.36411648987553225
CIPLA,432,0.5162671490023256,0.26126237762993204,-0.13198243889446237,12,False,2.505055410431467,0.009005153809837907
CIPLA,544,-0.6586375149075039,0.7694450368022849,1.2359803768613453,12,False,3.724052416743917,1.3175565093165087
CIPLA,672,-0.08515856240403435,0.7401931821395472,2.0039054964640535,9,False,5.578821326812444,1.9832577522151063
CIPLA,673,-0.20503529729725958,0.16895960684059635,-0.8736105550320672,9,False,2.128503181392327,-0.8736105550320672
CIPLA,717,5.345543860300533,2.1989926259117927,2.298653941381401,12,False,2.3311297045373935,3.1430237834372488
CIPLA,983,0.5607321005983406,1.7924590351175287,0.6398032343927884,10,False,-0.5101539063625204,0.4628843779948877
CIPLA,1024,-0.8293696031867588,0.5763219212638395,0.5053648325426652,6,True,-7.81973261632789,0.5899464426501355
CIPLA,1148,-0.39473908863070195,0.4771629006144181,0.1717130180350468,9,False,3.761230453896003,0.08045795511331111
CIPLA,1152,-0.6971276522957718,0.5338621233862331,-0.10842531357790897,12,False,2.0914359107965907,0.1908752847334716
COALINDIA,91,0.09891684429248328,0.7242232215858688,1.556365560569839,7,False,4.115815456379179,1.5247655089214662
COALINDIA,125,1.423981123144032,1.1775072012396257,0.2713050212579615,5,False,8.255159892518304,1.128828369297663
COALINDIA,126,9.728409585317857,2.044748022688432,8.1968834088892,5,False,9.719128547663747,11.007193809197435
COALINDIA,127,2.46465134115591,0.09038037906892397,1.2711841601313223,5,False,-0.25632021855386267,1.2711841601313223
COALINDIA,188,0.21080051435178448,0.2473785669851346,-0.04362683159788716,5,False,-10.659580376677747,0.8641520761522914
COALINDIA,189,1.0378008156365708,0.4461601354403258,-1.5964339856671783,5,False,-11.81142192825223,-1.846189229358386
COALINDIA,500,4.2814568987409825,2.1224939186765455,3.927151618832214,7,False,14.915412400589268,4.577221837499801
COALINDIA,501,1.4119682485786669,1.3159937793528116,2.0604985651089924,7,False,9.514689400490518,2.300308094318382
COALINDIA,502,0.3352277903287934,0.032546328451131666,-0.536392226873228,7,False,12.839483368092196,-0.4586267156204471
COALINDIA,503,7.550556904721805,3.1554371607155605,5.755170221087935,8,False,13.937691752634418,5.98675324156599
COALINDIA,504,0.9697443260932785,1.1971578754063572,2.1643397583567703,8,False,5.7134686518216515,2.8524348231544927
COALINDIA,671,2.461041995255564,1.3846999201000207,1.403870967354548,8,False,5.888660879928187,2.1995614330652113
COALINDIA,672,1.8153610652759464,0.4723862749712775,1.073901278571321,8,False,3.2194729767752284,1.4163843905395268
COALINDIA,878,-0.1471956455472999,0.5451005988124101,1.0987158412472553,9,False,3.5377495340148446,1.5712009706651875
COALINDIA,1149,4.903711520837875,0.9012242900082961,0.5793543106975996,6,False,-1.2082418627573421,1.1931696718820772
COALINDIA,1150,0.9541910188119644,0.7929523974985601,0.7622785161082168,6,False,-3.3740312713494425,1.7176238340738115
COALINDIA,1151,0.6325834523104535,0.23646811912968482,-1.3681847901086064,6,True,-6.46930545572304,-1.3374564280657086
COALINDIA,1242,0.5254725966816619,1.2362047837956063,0.08301549429052812,15,False,-4.816641669950261,0.5474378399716873
COCHINSHIP,634,0.24962169715188193,0.17798508978560795,-2.297031360055357,3,True,5.604493966210766,-2.062545928758819
COCHINSHIP,635,-0.3544821727309201,0.0960707973044915,-2.702330978766787,4,True,4.397285668085216,-2.22794882490166
COCHINSHIP,879,1.2647937382390932,0.3384729746476866,-2.1469453290373086,1,False,-2.6798936371319027,-1.8366236037730355
COCHINSHIP,881,0.41518195714386796,0.46798295793973244,-1.1564407912676433,2,True,-3.502648223708915,-0.16138585356304525
COCHINSHIP,894,3.752491756789162,0.30772343784897865,-2.683195845454911,2,False,11.469771442048259,-2.656210473058418
COCHINSHIP,897,10.597523903864982,0.3099756415024118,-0.28295509166598176,5,True,10.793741830876801,0.23333631130484367
COCHINSHIP,1001,2.006339810712654,1.0575084179842629,1.516164455649438,6,False,-4.138242883162436,2.992860844187062
COCHINSHIP,1002,1.6692896684641025,0.16553387164586195,-1.345751955360519,6,False,-8.126484546613554,-1.423334722568681
COCHINSHIP,1004,-0.09779257809374699,0.42750534612266394,-1.3745691945395322,6,False,-8.473098425398772,-1.3181515104887853
COCHINSHIP,1141,-0.2617427179132394,0.09172929840274652,-0.769085985278295,3,False,10.266137378741158,-0.6432324625960217
COCHINSHIP,1142,1.8998817510471278,0.9139892977385544,2.747272051274474,4,False,9.565935200659514,3.2014125270412697
COCHINSHIP,1143,-0.6369857399102904,0.3538494461235834,-2.057091134701605,4,False,5.537933218385627,-2.3423802038509134
COCHINSHIP,1219,1.2419110991682754,0.8113823473534628,0.8160030858127998,6,False,2.627072306928935,0.8160030858127998
COCHINSHIP,1223,-0.02454299740999945,0.20304538136229253,-1.665521440438844,9,False,0.9445509831726095,-1.528494231261024
COFORGE,80,3.748120778926704,0.900028089287182,0.5461301374865224,4,False,4.376095117125622,0.7491626968178844
COFORGE,228,0.08003390173162725,0.20771235607755517,-0.2108075045040292,4,False,-2.3682088787037703,1.7078881991606565
COFORGE,229,-0.646977959807288,0.2515599107834128,1.8251793562368723,4,False,-4.721880781085219,1.9719590621215755
COFORGE,230,-1.2774866401382003,0.11937443987870926,-1.0220079224374623,4,False,-7.195507793782319,-1.6280669160261385
COFORGE,280,2.2469592357925867,0.5348297237818175,-0.01656103477012394,7,False,-0.7740576598940563,-0.3906370662690395
COFORGE,348,16.703087153448212,0.4970678571462622,0.5565957782426301,6,False,-1.1532600199771093,1.1449312461538907
COFORGE,349,1.6058009033838756,1.677128313052311,2.0520959083260237,6,False,-5.595550224520762,2.0520959083260237
COFORGE,350,0.8102026144099058,0.24886960758282067,-2.592542844646395,6,False,-7.300718813090834,-2.3447426621503675
COFORGE,412,0.7049124526022315,0.6925176156379933,0.8155378572106242,8,False,1.2853393797319645,0.9215459382114988
COFORGE,548,4.102457634406618,1.7192459224000434,2.956362059863671,6,False,9.842918538639477,2.686598494292425
COFORGE,549,6.9199925393142925,2.704200751018163,5.942347939575621,6,False,7.464278988964934,5.643167724046383
COFORGE,551,0.39574957615803075,0.2702196679017706,-1.213951591107365,7,False,1.3506851072718096,-0.8410187645617406
COFORGE,684,3.135251483109812,0.5910225059291412,1.7142778166269634,3,False,3.3492502730884333,2.2555231642981344
COFORGE,778,11.584543475521485,2.3925617603619576,-0.8543270074315212,10,False,2.709919382262238,-1.153428637957199
COFORGE,779,0.5453899751110723,0.6422477475907475,0.15749877852366811,10,False,1.854529983895925,-0.01877954491614764
COFORGE,783,-0.4388674720586524,0.04763214683368727,-1.0928198950838297,10,True,0.01986315259303595,-0.9957305898059987
COFORGE,885,-0.4345160500882094,0.21687511553086863,-1.177519273180161,4,True,-19.47305992665651,-1.6558365408490205
COFORGE,1001,-0.18273082918261707,0.10803229268905536,-0.44195239190901736,8,False,-14.520869379901146,0.34144289886157697
COFORGE,1002,1.0648290121772341,0.4143062362079773,-0.11977828141729319,8,True,-15.776529945716911,0.18131309674231932
COFORGE,1141,-0.013480573031542289,0.2720651820528354,1.4729104316834052,5,False,5.715116848988,1.225645452454871
COFORGE,1156,0.4712278904548007,1.6172368438243705,3.7097008506369322,4,False,7.037570509700508,4.293409868052289
COFORGE,1157,-0.06293336327093633,0.011297963192755249,-0.4106142379894484,4,True,2.2543758644912426,-0.5409615377216848
COHANCE,1141,0.3376217866451657,1.3885724627094282,2.2111889928663198,5,False,13.085281700424268,
COLPAL,848,0.45821229995297147,0.6643407186487379,0.8454266310493175,4,True,-13.87989779576766,0.8923894921154751
COLPAL,896,-0.2577884700961025,0.10127913378521454,0.027823339306598527,6,False,3.4639103593540055,0.2029352650124494
COLPAL,898,2.0188512647061363,1.644748568100437,1.7097415925094062,7,False,-0.24121249428032954,1.7173905249785903
COLPAL,899,1.4864832749427634,0.4341257719577201,0.03829282081504459,7,False,-1.1970306708694922,-0.4379754921649881
COLPAL,915,1.0506161106721434,0.4192404789251246,0.6134721569549084,3,False,-9.007593610892894,0.9987655706430454
COLPAL,916,-0.2749986766285215,0.1671266838534061,0.0003688009175828455,3,False,-9.606895101955004,0.24008939734243562
COLPAL,990,-0.7209194271018767,1.0152767356383035,1.1068280054093993,6,False,3.238970550114373,0.9518417460023354
COLPAL,992,4.468206800313177,0.4230154685665914,1.177422073812684,7,False,-6.638935639588761,0.9885776350780695
COLPAL,1147,0.11504559187803663,0.353348698982162,0.25510724004689234,5,False,0.32897703333680806,0.6568087636065867
COLPAL,1148,-0.5855570353777809,0.6570469980389603,-2.178886447687922,5,False,-0.7213974381243382,-2.5581111178914484
CONCOR,142,42.452769675678645,2.855131357352497,8.930038668771335,11,False,12.333113538503238,7.398257393767027
CONCOR,254,42.89767950789385,2.3338935265035263,0.4355825919682976,2,False,-3.4557642105983666,1.5967708928254831
CONCOR,256,0.19196878236697615,0.7686752919104188,-2.3144353590205613,2,False,-7.641911340193397,-2.2755028806542676
CONCOR,258,-0.43980794708259174,0.21510629107734955,-0.7037320632507615,4,True,-8.469308327009696,-2.9464078570876073
CONCOR,288,0.9970433818444402,1.0643264162562356,1.0436235011278994,3,False,-3.85476217882309,1.4784703995487147
CONCOR,916,0.7472682242971782,0.3956533542800064,1.2580125828950628,8,False,4.206489553007264,2.5526318722813635
CONCOR,1205,-0.29186716498257276,0.7132288480590351,-0.07699355320190948,9,True,2.225841264710282,-0.07699355320190948
COROMANDEL,878,0.3265450605270857,0.23643864577161647,3.0870323739348837,4,False,6.75755146353143,
COROMANDEL,881,-0.5815723855693649,0.09595362498792759,-1.912521825729696,6,False,1.2014863758389893,
COROMANDEL,945,4.064387630862963,1.4737029477465071,0.004109665386908823,2,False,-6.541671806257964,
COROMANDEL,1046,8.186876869393126,0.4594906606473994,-0.01955289056898568,8,False,2.835167010879025,
CPPLUS,264,3.487140671194591,1.0002801816807403,1.2659233147140014,6,False,-8.203387694412957,
CREDITACC,830,5.58193817394344,2.604531354606333,4.808605446252634,1,False,8.892584281445902,
CREDITACC,845,1.077800308244733,1.4112142867760844,3.9961435415177604,1,False,-6.031915147046996,
CREDITACC,847,-0.2847905153678088,0.9399419462758983,-0.60766443031679,1,True,-19.676564259610775,
CREDITACC,1087,1.1586369040047493,1.3511050263150888,1.4263561651710832,8,True,-11.152249971376593,
CROMPTON,492,3.982890148155365,0.34284995223978365,-0.6422589487192876,6,False,-1.848447153006405,0.2262004847613408
CROMPTON,878,0.0536948327461321,0.16339560887292226,-0.20680727459559956,5,False,-7.501997032817586,-0.0822265895138119
CROMPTON,880,-1.7848252456406273,0.4791099286623247,-0.8935508398275616,6,False,-8.473002177662714,-0.852582499669885
CROMPTON,916,-0.10364074652610845,0.41511071243012326,-1.0747022748097912,2,False,-0.2300291909330454,-0.6101337971693765
CUB,782,-0.09380724989875658,0.7334447642258503,0.0851725143582227,3,False,-3.7786213360631593,
CUB,783,-0.4959819696961159,0.4306866000202161,-2.427379692681342,3,False,-3.89854000622899,
CUB,1149,5.293987507467198,0.5079829728518969,-0.2623232676579046,7,False,-9.52509881935022,
CUMMINSIND,361,23.734682913190053,0.8371028601557463,6.114695144946736,8,False,7.2979663286187435,6.192012908430833
CUMMINSIND,733,-0.39804488716892267,0.3682344074292323,-0.35309725358235733,5,False,-2.5726493057723787,0.047616290198471134
CUMMINSIND,814,0.15927039996582076,0.5220607816933682,0.14623011920293916,7,True,-13.68067940245169,0.4899279764158493
CUMMINSIND,881,1.4874955039283255,1.0731456442205138,-0.2936138977244762,4,False,-5.678168137284878,0.4812005546040332
CUMMINSIND,1100,-1.065286804327206,0.4027268242992504,-2.2076195144897004,5,False,5.919323411941324,-1.7414336135517794
CYIENT,734,3.8190539370969434,0.5886514664555977,2.969428703191679,3,False,6.433808717385658,
CYIENT,915,-0.3579575074182264,0.0064614269175706915,-1.2696086832384101,4,False,0.8725846299834306,
DABUR,310,22.49755258416413,2.7909403776412427,4.840860515692058,13,False,2.436825442155799,5.256270854152212
DABUR,662,4.622883532639919,2.1476513027048245,3.284694040398617,8,False,2.7298474554793506,3.284694040398617
DABUR,1034,0.2737571966688399,0.5963170693521175,0.22012256478165515,11,False,-0.6506055689792567,-0.10520763911177067
DABUR,1039,-0.780032995991512,0.018636325793040164,-1.0093392973120063,15,True,-3.6822019696046593,-1.0472545406283396
DABUR,1156,10.135488538151163,0.21054583887537667,2.270525603181439,11,True,-10.961524075404705,1.7043339676748204
DATAPATTNS,536,1.6742250938032113,2.012225610945796,5.808290043298392,2,False,19.04512565968217,
DATAPATTNS,537,0.8310188873477414,0.62324225610938,-3.3650756633499035,2,False,0.9410073886519932,
DATAPATTNS,559,7.779716139944157,0.2340306279149073,3.440653011880257,2,False,14.637540268008632,
DATAPATTNS,813,40.25418313659183,1.6829743811620288,5.137974423264735,3,False,19.207119501270363,
DATAPATTNS,816,-0.2572123638970851,0.5038705389512735,1.8418877399834832,4,False,16.252590296785428,
DATAPATTNS,817,1.312421152941059,1.5620596930984407,7.862726958401378,4,False,13.235347495189465,
DATAPATTNS,818,-0.08499368127482751,0.25165487657713576,0.5536820800229547,3,False,3.5544575252093313,
DATAPATTNS,936,-0.23045852347619952,0.18322037224037285,-2.872632067287173,8,False,-4.735340885015981,
DATAPATTNS,958,17.969760943587254,0.6166946084453948,5.599208984890058,4,False,1.8546807427087364,
DATAPATTNS,959,0.6378118129805029,1.033319031675227,1.339253843179411,4,False,-9.589838659286087,
DATAPATTNS,960,-0.10025213421607805,0.22305828577633638,-1.5850267143847852,4,False,-17.48310044827942,
DATAPATTNS,963,0.1253210707809819,0.4927836752980338,-3.270471206046799,5,False,-18.88316681907768,
DATAPATTNS,1018,-0.47083054247533646,0.27503158804516853,0.36818747173223976,2,False,14.611604536135015,
DATAPATTNS,1160,37.64582138051509,1.7855576352808251,1.3811708296825875,5,False,-7.231182891651744,
DATAPATTNS,1161,-0.00029462369251305183,0.28185638904632737,-1.8402895560078236,5,False,-9.275846933262965,
DEEPAKFERT,763,3.105868308639864,0.7523814488618928,0.6261972844396224,6,False,1.3828852096530397,
DEEPAKFERT,779,0.7218754655631338,0.7457234042131907,-1.243342371037215,5,False,8.097076449487584,
DEEPAKFERT,780,0.2585783856350012,0.2873700280555382,-1.2941613505321414,5,False,7.2599967733046,
DEEPAKFERT,781,0.19786740775209125,0.3998590979654396,-4.049356023309992,5,False,8.131422208184125,
DEEPAKFERT,782,1.0934485190383851,1.3255709414316106,3.984465565934747,4,False,7.997994208330739,
DEEPAKFERT,1140,21.8573805469746,2.0019740189387667,10.278822449003888,2,False,21.76477802691743,
DEEPAKFERT,1142,-0.11925792170936927,0.4880812478287192,-0.8721593984782561,3,False,7.833305087039499,
DEEPAKNTR,82,5.872102286861148,0.858665979611622,1.8204295441718976,12,False,3.8152674845892243,
DEEPAKNTR,83,0.6535171684933346,0.11077767346646565,-0.3299837223713076,12,False,0.5217528051814524,
DEEPAKNTR,138,-0.49792001939093794,0.2639451726727866,-0.626663237409919,5,False,0.15263458994763113,
DEEPAKNTR,229,0.29904117024785415,0.08844427747023957,-0.2610755457827185,4,False,6.722832816816826,
DEEPAKNTR,230,-0.3469472955887693,0.7282204591610978,1.1262836997445236,4,False,5.203713675028987,
DEEPAKNTR,231,-0.1267759577774289,0.4200989397251696,-1.8041107593346317,4,False,3.211219097850404,
DEEPAKNTR,233,0.8395427033840539,0.5496925566723744,-0.2571335569156896,6,False,1.792297419260458,
DEEPAKNTR,496,22.663158633464,2.3331795310262513,3.640559904186902,9,False,5.717955746628833,
DEEPAKNTR,497,0.776319719494116,0.7224904788639783,1.0375788526288288,8,False,-0.6728786796532549,
DEEPAKNTR,500,-0.4809950268087184,0.0722742774649999,-0.07420189341140748,8,False,-5.165068177374,
DEEPAKNTR,501,0.08141875868165614,0.6970847114755955,0.20540595577793752,7,False,-5.9077831581917595,
DEEPAKNTR,692,5.161236832697541,1.4462609504080972,2.5836389874922983,3,False,3.0069281609365284,
DELHIVERY,630,1.212217016949686,0.25677394804211046,-1.946451735262944,4,False,-12.345492180086993,-2.5491101195055488
DELHIVERY,632,-1.0351981530092007,0.18626977097687453,-0.4595262681718837,6,True,-14.616279981120073,0.30022803909137696
DELHIVERY,633,-0.6142710329265139,0.9426135977568336,-3.7024049396596204,6,True,-15.855861569110207,-3.0739946451794897
DELHIVERY,715,-0.28559520961110696,0.5425353168677051,2.7394894706625372,5,False,12.133823796042154,3.0737489540231033
DELHIVERY,716,-0.6041428370148344,0.08201610087718941,-0.3280022375346303,5,False,8.0458057945473,1.0280793646757713
DELHIVERY,719,0.49921283051438475,0.3476271429658653,-0.28493722137564736,5,False,4.228246510105604,0.8924154903379833
DELHIVERY,720,-0.6201887826022858,0.346009625775885,-1.3564081535269445,4,False,3.294605865471101,-0.9836809438151128
DELHIVERY,721,-0.7957307772376273,0.3711829136978927,-0.5135624857170229,5,False,-0.1443231968006331,-0.5135624857170229
DELHIVERY,911,3.2714498075321217,0.2967884847567258,2.628707318386825,5,False,1.24057606621788,4.985039631852484
DELHIVERY,912,1.0875132457319123,0.4608418361013138,-2.0879644428349,5,True,-3.523786735269352,-2.0879644428349
DELHIVERY,955,0.7235916868987711,0.6300836681607728,0.5403105127086416,6,False,0.0053509021592512696,1.2250548960506702
DELHIVERY,1004,8.534487729365853,1.345850885208493,3.8604148175988895,3,False,8.991184789543416,3.8926215110062223
DIVISLAB,401,43.38936040166046,3.9268076578749014,8.462526517535341,9,False,11.11997655999717,8.38992282742983
DIVISLAB,430,-0.09802374382254768,0.6621990638196168,-0.39169240209935285,7,False,3.8238309857508757,-0.39169240209935285
DIVISLAB,431,0.2055350244086102,0.8047723246673365,1.2661423624005241,7,False,3.1983847613859417,1.5831393931308613
DIVISLAB,555,0.8117663770361119,0.9593113800312449,-0.29093158566694255,9,False,-1.661507505641191,-0.15321317288985448
DIVISLAB,577,0.2997165972231903,0.4656027629906321,0.08547894105870313,9,False,2.3729958834878495,0.315374874415264
DIVISLAB,580,2.2840400813599664,1.2171429367820095,1.4663524482849022,9,False,-8.263589722739406,1.9699075472838334
DIVISLAB,642,1.333001913388149,0.3239946072175862,-0.2785334953820495,3,False,7.256260235490575,-0.2771969460267032
DIVISLAB,643,-0.5932581837777202,0.17554337251768898,-0.7028278878115413,3,False,6.4024164722966015,-0.6538145158324404
DIVISLAB,644,-0.5099199222757923,0.5740681887964582,-0.1819654370851742,4,False,5.612268931669617,0.08099039685296461
DIVISLAB,900,9.27879208971733,1.09513962661294,2.7594436226279218,9,False,3.8175410229735363,3.164496533697725
DIVISLAB,1017,3.643451812191453,2.221249795248005,2.7888082523163993,9,False,5.654416390326,2.64592474405001
DIVISLAB,1018,0.39162399426493033,0.5806397546363848,0.24407352404325344,9,False,1.7578263121579951,0.45813957488776147
DIVISLAB,1077,-0.08911804428488394,0.2816186060454332,-0.7589679231470137,10,False,-10.163895238522091,-0.721617139527575
DIVISLAB,1111,1.2673580046044335,0.19006853619493344,-0.0962927298988725,3,True,-5.867683912941479,-0.867869091268203
DIXON,20,-0.18386298076397384,0.4438447413894928,-2.051690610140655,4,False,1.5255559006681407,-4.0197243869149695
DIXON,22,0.20874936698856064,0.8066558607590603,0.5247563353822482,6,False,14.522678996174655,-0.17600932903935051
DIXON,23,2.644157452790428,1.540103516100393,3.800551455818457,6,False,12.574511114887454,5.843525595804366
DIXON,24,0.645554864728236,0.4528458685815945,-1.3138429345618707,6,False,6.693067268885189,-1.3910041628591552
DIXON,71,5.325449829336818,0.44613114987615315,1.9135240010713428,2,False,-1.5035275083115862,1.401141055671351
DIXON,149,4.882910638745785,1.3261130735685944,2.59217792594042,5,False,-3.3229053664772357,2.42187595032175
DIXON,216,8.70500834910542,0.8829366989216694,2.7529889205719416,5,False,4.378239599763378,3.42166866828455
DIXON,427,3.2430549379818223,2.27012178878,5.6678503253736245,9,False,14.913439664252692,6.840097976883586
DIXON,428,0.6437735441802833,0.09456653727000995,-0.4230360111813325,9,False,17.91069271330774,1.2291606149699819
DIXON,429,6.239311126621783,1.7707511817764972,5.803811466965492,9,False,16.77617961629072,5.6638111212093945
DIXON,480,4.34167455754669,0.7384642017768089,2.414349656400283,4,False,9.750021405652909,2.0527284494473275
DIXON,482,0.9702272938579449,0.877351373616473,0.38970692817184016,5,False,2.4203127141484204,0.18829952830208274
DIXON,483,-0.031090693011003014,0.2973149383175801,-0.975324440614167,4,True,1.0955395137258073,-0.9773467686945758
DIXON,516,3.235739609679869,1.1448590746626055,0.9900110137025075,11,False,5.125831327042185,1.747622903246615
DIXON,517,1.177184994338082,0.6823036923927012,-2.026711418808824,10,False,3.6535895901527393,-1.4324919897054644
DIXON,732,1.6528635756880494,0.5133527194033708,2.356553280651852,0,False,6.2858397245753705,3.3180503164020436
DIXON,895,0.3589538375426547,0.4183551532936677,1.2618896576037653,1,False,5.006428456901468,0.9830410236135068
DIXON,896,-0.6836662057483421,0.18139812073671727,-0.44553595067430285,1,False,-1.3096450493208067,0.04824067712370095
DIXON,897,-0.26042536287321133,0.6655107750925182,2.0644233272963497,1,False,-1.975304100807318,2.9614235070190453
DIXON,898,2.1889044202219377,1.1007222939265782,3.7196961992562727,1,False,-5.517110328833419,5.423995854944197
DIXON,899,0.8270843645330826,0.5169784867489282,-1.804266047939529,1,False,-2.8331127817059154,-1.804266047939529
DIXON,953,-0.4152467403206925,0.35845726502841724,-0.23078378848671033,6,False,5.141893290758381,-0.23078378848671033
DIXON,1141,1.2583063348878516,0.08441577741111451,1.187906758665469,2,False,-3.151151172688671,1.4837516176214205
DIXON,1166,0.6173323443326405,0.9916643319414385,2.6732534510546024,6,False,4.731623572279453,3.794408240487712
DLF,143,1.4070290771504836,0.5181326333511952,0.6085219923619656,7,False,6.341008980861873,1.4178142730913557
DLF,144,1.8750814005402414,0.4887220305584959,1.966079625662509,7,False,4.988975296689135,1.9261311096681055
DLF,147,-1.3792407030383074,0.02730960097787675,-0.6001779602035073,9,False,-6.5800765224222735,-0.16387298687434715
DLF,148,1.3535259723914335,0.4098036450721509,0.4710103096088547,10,False,-3.237399113058048,-0.34458697473284117
DLF,213,-1.150998050749829,0.0463589062050291,0.2980306026442836,5,False,8.621824419709823,-0.8363643354126316
DLF,214,-0.18386279698572133,0.8853156437773404,0.8278244933622725,5,False,7.3817060218972275,-0.0897171427784671
DLF,215,-0.7069527958620105,0.3564076957638006,-0.7836035564265598,5,False,5.467489131486336,-0.726381840380208
DLF,216,1.4822565777513657,0.042653778181697743,-1.3915005240900058,6,False,4.625187660880026,-0.9516042365643185
DLF,285,2.22716299363704,0.8181890470740446,1.1241642053440914,7,False,4.894892533142214,1.7438314885135142
DLF,287,-0.7622252733589352,0.045880994037183855,-0.6006489714709073,8,False,2.57084468424873,-0.21388106863616807
DLF,288,0.29940061498259907,0.24954395174613345,-0.4847457292118329,9,False,1.5967343878633855,-0.9061484360665228
DLF,395,11.429581612780314,1.8225750045826214,2.3080088740218496,9,False,13.24954525179698,2.5885658976460446
DLF,396,7.954144062259093,1.9740486360366734,5.12834807132021,8,False,9.885699067032272,5.646860268959286
DLF,397,0.3304601055951534,0.20314538515193742,-1.083257819854111,7,False,3.444024277175317,-0.9124141754145221
DLF,398,-0.014890253606999398,0.05140530873048602,-1.5748537620973613,7,False,2.6134548918462785,-1.2964345651229614
DLF,399,0.009296940313997028,0.5093862916937473,-0.557685689523113,8,False,2.017732421905283,0.05608588516172741
DLF,400,-0.1811597016647749,0.03323478000743579,-0.6051947340410813,9,False,3.37921089182045,-0.2821332394100873
DLF,471,3.0618318970446112,1.6994695356121625,-0.14563962252222007,5,False,-7.329758321756885,-0.4975124378109319
DLF,472,1.256085637036004,0.5256459270968498,-0.1489268651422737,5,False,-6.68494476789493,0.11252117940889761
DLF,473,-0.3424421928837204,0.1430774929133576,-0.31495434580137704,5,True,-7.694048600629322,-2.0924708225268485
DLF,498,1.2359328286209768,0.49888444689055056,0.33006876506611604,6,False,2.1488303165026146,0.11836604348303137
DLF,500,1.8434821178438887,1.1917266979958046,0.43922879364142187,7,False,0.4676194416840973,0.6757790263160368
DLF,536,2.084821873446104,0.6363322537926943,0.07699023271348082,11,False,3.7329298415563317,0.7994777866675795
DLF,538,0.5112910226024251,1.0726714805854356,1.037075695353007,10,False,5.48823512419232,1.3423063358741327
DLF,636,7.192052430225073,1.5477845198503446,4.027821202696558,6,False,-1.9785307201588331,4.027821202696558
DLF,716,-0.4826250655544459,0.19882334776512156,-0.05451913786517215,9,False,-2.252437834461385,0.24648308605021985
DLF,717,-0.6897344024562106,0.2535553413779605,-0.0817233887008495,9,True,-3.441740065366461,0.013792658508982036
DLF,754,3.0269068990653287,1.1144346462444539,2.7382976619809707,9,False,-4.58039252252499,2.885121747339503
DLF,755,1.2149602437169629,0.26555026722077407,-0.7140575685229855,8,False,-4.205847801254869,-0.9306026992350502
DLF,911,-0.20769847467397087,0.765932596468775,0.9042282030879756,9,False,4.974272165452653,1.1817325823624936
DLF,912,-0.05424831367233878,0.20089057241765,0.05454323149403084,9,False,10.934894512679039,0.4877973601464358
DLF,913,0.3205174651045046,0.7615815633713279,1.490612749736786,9,False,9.209206539501347,5.941529493437536
DLF,914,7.815767229207866,0.6353116347091932,1.4548367768734138,9,False,6.87428890729036,2.9493904746817456
DLF,1139,-0.6649679668090454,0.5310312859797296,0.15158373447234919,4,False,-1.7624058175782276,0.19319220299518491
DLF,1141,-0.4892964436489599,0.6028682240048491,-0.05333959844258107,5,False,-5.547891263866267,-0.11091328248394872
DLF,1178,4.845528161862219,0.7371749578469698,1.577175971599143,5,False,7.239179727659062,2.164038576497118
DLF,1179,0.6183057583909368,0.614393353563101,0.9461799782504832,5,False,4.058143102471412,1.5477184849427283
DLF,1181,2.284989608509242,0.9325796427236188,0.593680466626445,6,False,1.8497276468986579,0.3267685242426932
DMART,215,8.61350520055509,0.09706991686626641,-0.17576692140077732,1,False,1.0385940868443466,-0.18453279651063914
DMART,745,3.5479026387731314,1.632328951744704,2.4476805860687456,5,False,0.3227406644960462,2.1552863649603182
DMART,747,-0.042178274594996165,0.41026325677578435,-0.492872459010929,6,True,-5.413107791032568,-0.492872459010929
DMART,879,-0.5766554585558242,0.20874486727986472,-0.30888224247892504,4,False,2.6271384457540625,-0.16515862777952695
DMART,880,-0.2434522533675823,0.0232888919318258,-0.8173180789980417,4,False,1.8991106017546722,-0.6185539426244002
DMART,1099,-0.1204284017350366,0.6767145082483029,0.8301939138810388,7,False,-5.24904525747637,1.1274807126539832
DMART,1132,3.086647728989373,1.5091902894510267,5.849336075692535,7,False,12.793437660700246,4.791110508323904
DMART,1133,0.5408648006056924,0.991236763078036,1.068655528598672,6,False,7.233697640326375,3.0981861292972646
DMART,1134,0.7912325451433481,0.7210315180136067,3.0715870625081854,6,False,4.819911056502102,1.5859772061770139
DMART,1187,-0.13167319657638937,0.7965317374640984,0.4306889484340326,6,False,-10.168153210506636,0.48098991953917647
DRREDDY,84,1.2550586885165458,0.7686799943610175,0.6631085059874975,8,False,-5.76392165035039,0.648740339011944
DRREDDY,181,0.2440982017975986,0.6043918873487658,-0.03530321782748702,1,False,0.9627102313246372,0.9765071025040317
DRREDDY,287,5.142131442034299,0.617047695376901,0.5962295090661707,12,False,0.11956039175453625,0.9959139655269178
DRREDDY,599,4.426328736484375,2.164078811762942,2.381848550795973,7,False,5.933594691516375,1.851639823033957
DRREDDY,698,0.4424024074358022,1.1355458219858126,1.9369271219287887,11,False,6.985733064775634,2.3771671949608386
DRREDDY,699,-0.44118050011847887,0.585444938833864,-1.5250856128721568,10,False,4.143613292450343,-1.6599246756869745
DRREDDY,816,2.173094784704076,0.8573435796079679,-0.39989590359633675,10,False,8.506630958424077,-0.43113510111794096
DRREDDY,817,8.291226915355569,1.7027480115744393,2.9668189564229897,10,False,7.926406311290934,2.997891106528261
DRREDDY,818,2.5161802602886953,0.5646504943732049,0.4217691019631431,10,False,3.84476585423541,1.7932103090001261
DRREDDY,822,-0.040247283991826505,0.8240343737014324,1.0109822583039163,13,False,-4.808530509818598,1.0218888141063642
DRREDDY,912,0.7959774515775311,0.3196367719669008,-0.32410762899711676,6,False,3.0779751721166093,0.18786142549700457
DRREDDY,995,0.4127596780163155,1.3004047911319534,-0.312231659716633,15,False,-5.530928027808956,-0.07291497390691237
DRREDDY,996,-0.33899009242047423,0.3847470870736411,0.1475031101036306,15,False,-4.421410137973836,0.13214916794987985
DRREDDY,998,-0.7468760388580485,0.5414120549399909,-0.06489663263581358,16,False,-5.23355946537809,-0.6568967205116572
DRREDDY,1051,-0.1719194593168388,0.18393030707883665,-0.6788025007758547,10,False,1.1577095190927977,-0.6472725391828194
DRREDDY,1052,0.18039764951060622,0.717612088002651,0.004383983099809363,11,False,0.6552946652430336,0.6631350018708959
DRREDDY,1053,1.2415979185111505,0.139953388741182,-0.3107047682591957,11,True,-1.4705086413764334,-0.3184868375045058
DRREDDY,1098,2.3343323953778174,0.5167592947618355,0.2570664648786414,8,False,2.7644775726104465,0.5321740561190058
DRREDDY,1190,6.941363785274222,0.41629133151633607,0.42961649360497844,7,False,-11.579304419073,0.37851826706527536
EICHERMOT,86,9.805507173527026,1.350414188979277,3.881181597005945,8,False,6.166049781594163,3.7359875572448686
EICHERMOT,88,0.3541045358046731,1.2048702729751515,1.1404784095472964,9,False,-3.3075838452807815,0.026641078676070684
EICHERMOT,89,0.249961259960585,0.9188352799323722,0.4707609744735164,9,False,-6.883148730473964,0.7507266534710011
EICHERMOT,149,1.426572143048786,0.22970317757256295,0.5001993641355673,5,False,4.769617539054982,0.008260226795475667
EICHERMOT,176,0.7988009071989994,1.0317408293983283,2.4666672624287456,5,False,0.2406927743154652,2.175172693803251
EICHERMOT,177,0.2898477233977001,0.032185744769211384,-1.182925814007385,5,False,-2.900132629926766,-3.8952639036822556
EICHERMOT,287,0.4037689767662334,0.324238272772977,0.19508704358128792,4,False,3.969972422065382,1.0159527688052394
EICHERMOT,402,2.3683865551015373,1.002465629206401,1.6554761590497513,3,False,6.182913804388246,2.349935536941694
EICHERMOT,403,-0.8036357714055727,0.08439540025998883,-0.5729510921893111,3,False,3.3422361357312136,-0.5837312646236437
EICHERMOT,404,-0.6869585217907583,0.4953532761384357,-0.20548612719667458,4,False,2.62607987547665,-0.19325770741023263
EICHERMOT,405,-0.28179968858828136,0.37491768066077824,-0.14539572860984284,4,True,0.20368255295366566,0.43437331863789286
EICHERMOT,548,6.848298297230092,1.8957264068576418,4.194674216079486,10,False,13.185097577588255,4.187905339374565
EICHERMOT,785,-2.131106905831988,0.2559121095379226,-0.3798631488859505,5,False,-0.8192828993328405,0.6025442553791782
EICHERMOT,799,0.23133945301142442,0.026036833828561177,-0.7296900185501443,11,True,-3.981251718009682,-0.5977244715326013
EICHERMOT,826,38.58153107070714,3.3844673057264765,6.594242752541901,9,False,2.7406182167780235,6.933616965496059
EICHERMOT,827,0.22769371534784452,0.11464790423322321,-0.8568788328526145,9,True,-2.806795204325463,-0.8568788328526145
EICHERMOT,879,0.7209736517362382,0.7891063879826647,1.2400445878375965,10,False,5.012336021051178,1.6233681504140174
EICHERMOT,880,0.45711791241324073,0.4539352200344277,0.3917557130058036,10,False,4.611991614165145,0.7616497271181855
EICHERMOT,881,-0.16023027516053553,0.7777259026446298,1.3000108266307153,10,False,3.257206536082391,1.9685924555995493
EICHERMOT,882,-0.08416820372612409,0.2302021564580282,-0.9488846092119974,10,False,0.8338075020790425,-0.9005576526504133
EICHERMOT,945,-1.106706033354335,0.46198182812308336,-0.36548790765323913,12,False,-0.9375942050032893,-0.36548790765323913
EICHERMOT,1046,2.845051269678247,0.7555513986229118,0.24133323666193363,8,True,-1.6506640979695453,0.24133323666193363
EICHERMOT,1101,0.6988875086975689,0.8260744843892306,1.2617884313219419,7,False,-2.849621208499442,0.7136004793457662
EICHERMOT,1102,0.37434003239736013,0.8233789635043584,0.7138004755339766,6,False,-9.26392135707006,0.8823852624428197
EICHERMOT,1152,2.5938687812005905,1.0755813383507546,-0.047460068080640294,6,False,1.1117657327398112,-0.10201187047219618
EICHERMOT,1154,-0.957261828308957,0.29668371726269743,-1.0120520754734796,7,True,0.38939141131790755,-0.3350262364438139
EICHERMOT,1155,1.0430437510294734,0.16689825741880066,-1.365736253795946,8,True,-0.20137408197108408,-1.7426396157739332
EICHERMOT,1181,5.106636763979261,1.3839226540197285,3.155444478606362,4,False,-4.299293524897085,3.554563845400116
ENGINERSIN,653,8.265029665639592,1.2874002491036185,4.026327384490425,4,False,-6.2072114926943645,
ENGINERSIN,654,0.2601145917372058,0.14623280732376953,-0.8715794126401222,4,False,5.612294659454942,
ENGINERSIN,655,1.2456751092195797,0.35084431613930944,0.0752852402630122,5,False,3.9621012094341213,
ENGINERSIN,656,-0.35726090752800316,0.2135245453368335,-2.6644984660084803,5,True,1.033297489978935,
ENGINERSIN,1100,2.295312313403297,2.5909178100162844,7.3773964071014,2,False,6.443967731098987,
ENGINERSIN,1182,0.6065067613345096,0.2557879013570513,-2.366537788898504,3,False,-7.849026807755932,
ENGINERSIN,1183,0.9376837923733448,0.623918149083727,-0.6512412468034912,4,False,-12.111901647857115,
ENGINERSIN,1184,0.8477221046014356,0.16426797372639965,-1.1395139328983839,5,True,-12.497983195626505,
ENRIN,103,1.141293317330902,0.3785626607614768,0.10931355635253048,11,False,-11.701482906683925,
ENRIN,163,1.4030533363704574,0.14400829960870845,-1.2149362731180946,7,False,4.794868008801112,
ENRIN,204,4.895990648513653,0.9014789532779766,2.1854048586827046,3,False,-0.5105331439578809,
ENRIN,205,3.0072445425356857,0.18889516639476928,0.6697810591280495,3,False,-4.1186342756024175,
ESCORTS,42,2.436806037613109,0.6709502890631752,-1.1619283930268787,8,False,3.3158238491655556,
ESCORTS,43,2.674569560515713,0.30600429578562005,-3.154255449080934,9,False,2.7920849154730254,
ESCORTS,239,1.894436096637775,2.6253837128137394,5.257956238766059,1,False,11.016277043290579,
ESCORTS,240,0.004693300971677373,0.43526299222203757,-2.1065588452578887,1,True,-1.1217560432524976,
ESCORTS,304,11.040767400701844,2.627983665154754,5.927446166705286,9,False,10.379579877702838,
ESCORTS,305,0.5495246577244078,0.3283603591674043,-0.2585599944038286,9,False,3.170152754859612,
ESCORTS,758,0.8865598884336963,0.7263735461437584,1.7626754402207512,8,False,-9.249348427749847,
ESCORTS,761,-0.432284493002741,0.19748713320584596,-1.9396409674356518,6,True,-15.185041953259137,
ETERNAL,51,4.575392825676305,1.8344639147612716,5.7213930348258835,2,False,-4.263403087508399,2.957435046987311
ETERNAL,52,1.7098186381616622,1.5995648410003247,2.77222534479602,2,False,-10.370822561996984,3.3171751200436583
ETERNAL,53,1.0415106674496215,0.4643216580841749,-3.970653067619878,2,True,-10.063885505016213,-4.976041998311187
ETERNAL,238,0.20449245053511117,0.9717729118484671,3.876220599537472,2,False,0.42769957965431704,5.3902085678308564
ETERNAL,239,-0.5324977870795967,0.41079548881187383,1.3159267902770777,2,False,-6.174355735074155,2.1832274739552515
ETERNAL,274,-0.265685586065608,0.42027648562631453,1.2007551931603189,3,False,-5.437895240268087,0.5832043981527368
ETERNAL,275,8.344336486992619,1.4961677972330416,4.6167521387036725,3,False,-7.868069197250039,2.8869258365757933
ETERNAL,633,-0.2590320791840148,0.21568737050579698,1.2633276343223754,5,False,11.619469194750698,1.7408459016559963
ETERNAL,634,-0.2258361620569356,0.49857967648936125,1.3645206413791744,5,False,8.812661837013769,0.8990101518631333
ETERNAL,635,0.7997335585710722,1.1791890984122144,3.8831073197419963,5,False,6.386311169010117,4.452018074656494
ETERNAL,636,0.05255758903411648,0.5131352003203177,-2.7730918442510966,4,False,1.3175376668800975,-2.58345678234424
ETERNAL,694,0.45362443073490466,0.06659251549332845,-0.26576669990213686,7,False,4.807969244025623,-0.12277833067428912
ETERNAL,748,2.581819263202054,0.343782504038151,0.036264210768344185,1,False,6.9384903522656804,1.711199927468221
ETERNAL,749,0.9160030134188455,0.7257794775328328,0.35081922412252275,1,False,2.6837393847812585,0.8810278612212175
ETERNAL,794,0.25080532478313416,0.333509248811576,-0.5746145490547527,3,True,0.3506444010918708,-0.1523737616690446
ETERNAL,798,3.8622448138075125,0.005554026292102036,-1.284890207591416,6,False,8.12033581951772,-1.107913733201138
ETERNAL,895,0.48997717281237324,0.14714957317492977,0.06291142512742098,2,False,-0.19412498675246415,0.0671228179228045
ETERNAL,926,-0.06477709613763757,0.9116516102847442,2.936927282375934,5,False,6.395439205497211,2.936927282375934
ETERNAL,927,-0.525925644470635,0.570530362424189,0.12958194316488036,5,False,1.399080774671968,0.14488034346000767
ETERNAL,1096,2.5475471186949026,1.003825199374271,0.796449222993556,2,True,-20.129263443756017,0.8628103852057922
ETERNAL,1139,-0.9268773818991504,0.04198333509306682,-0.7646408856681997,6,False,-3.412385883612268,-1.063197267555549
ETERNAL,1140,-0.6914101765025119,0.3248034093341058,-0.4936045765534858,7,False,-6.310640728523509,-0.48970267240162624
ETERNAL,1141,-1.7737110742415547,0.5058130850185728,0.09267433211626042,7,False,-8.262526842505968,-0.8524014485418729
ETERNAL,1142,0.5267550892899953,0.6597145892551519,0.685489983884513,6,True,-5.8880231022346186,-0.27163285084917943
ETERNAL,1182,0.07711716754741774,0.902871632990827,0.18478570688225116,7,True,6.022274231520974,0.26060175313906697
ETERNAL,1183,-1.1300943606213545,0.10832154513014794,-0.9670409856346929,7,True,5.061712446281841,-1.2111935378831817
EXIDEIND,644,76.24342503767447,4.519136665828476,15.84306578998207,3,False,41.22932811382538,
EXIDEIND,645,1.8787706815278276,0.3284586027101239,-0.3418355151191488,3,False,3.303558841122789,
EXIDEIND,647,0.08157113688101884,1.1201961797489395,-0.4224853392040484,2,False,14.99620928637273,
EXIDEIND,648,0.7942974939986477,0.57814150917591,0.9962563838299188,2,False,13.637766502475234,
EXIDEIND,649,1.6291672099568002,2.854325814912751,7.993020714272725,2,False,5.409455556824572,
EXIDEIND,768,1.9218224839494387,1.2631259748941497,0.2164492184083988,3,False,-10.222961026886024,
EXIDEIND,769,0.23538022613374818,0.8612429536579785,-2.654820564975968,3,False,-13.431883142638036,
EXIDEIND,897,1.3978419839437213,0.5645554526182119,-0.3937304620354798,12,False,-2.676965601324366,
EXIDEIND,898,-0.43807767104342027,0.5057130694500177,-1.6719225643426538,12,False,-1.1815098041528582,
EXIDEIND,1169,10.497465732494382,2.271872786942241,6.57311104707019,2,False,4.058513439194145,
EXIDEIND,1172,0.20963471828943897,1.1923028162809077,1.6800070767207576,2,False,-5.127863529304677,
FACT,690,2.1655739450494096,1.887514812849702,6.479944449722841,2,False,33.941401091571464,
FACT,897,0.12131842735813603,0.3621621535141675,0.44241334046382086,4,False,5.952323075177879,
FACT,899,-0.26572135229178384,0.19463588158816747,-3.829706581919956,5,False,3.7423110199276355,
FACT,1136,1.1830306035267844,0.04891586516840313,-1.1742401008137393,0,False,9.091411201605126,
FACT,1137,9.191856934758114,0.6967338125697142,1.6815049036162044,1,False,6.618244091117131,
FEDERALBNK,29,-0.5203280317058918,0.10552211207240289,-1.2417790385993,8,False,10.551959828514889,-0.4402665367232661
FEDERALBNK,92,-0.08106101521078307,0.19495797280090124,0.07314357681067474,2,False,5.209095204362657,2.4076648849726157
FEDERALBNK,93,0.5440045905193442,0.07694193751812187,1.1454579003085996,1,False,3.7126015018392744,1.1454579003085996
FEDERALBNK,278,0.781052328110456,0.5634865111279543,0.624094952194576,7,False,4.429550561513906,0.5840412564288355
FEDERALBNK,458,0.5025260003441933,0.2327418203555796,-0.4975124378109319,10,False,-0.049646119746027395,-0.7214512918450211
FEDERALBNK,459,0.41289654075928256,0.9635516802986613,0.46708124834460296,10,False,-0.6459219175767306,0.8751846735931768
FEDERALBNK,611,5.366054905929947,1.6562406558973652,4.249743740330891,7,False,-1.636855852228447,5.0409531033545285
FEDERALBNK,623,0.12424306769110226,0.4844190570075854,-1.071203317227476,6,False,-4.258342448285712,-0.9118463606745619
FEDERALBNK,624,2.241802448245842,0.42336972181583515,-0.46586213162649326,6,True,-3.567398971352187,-0.022786819996745145
FEDERALBNK,658,3.496664540183318,0.32880994269634384,0.5537955168340103,9,False,0.677476030257429,4.820834565361398
FEDERALBNK,659,7.001327089880525,0.38081904850992265,1.5269877322764414,8,False,-1.222703363066624,1.8291513862415565
FEDERALBNK,786,0.2714306944342429,0.020820772656539935,-1.160351288186734,6,False,2.995670820331564,-1.2184073634705195
FEDERALBNK,881,1.3224338201725494,1.6444458172843333,3.4601859748417896,8,False,2.9582101862372756,3.956880693375542
FEDERALBNK,884,6.703462143518408,1.1100200658562906,-0.35630324053025353,9,True,1.8929630413864418,-0.6538506422770984
FEDERALBNK,1015,0.9686343735140648,0.6137625972909334,0.841332784877058,9,False,6.022511603396485,1.2842957401088428
FEDERALBNK,1016,2.1044267547420317,1.0655753427321601,1.380075708871198,9,False,4.157348037434927,1.1698283335701554
FEDERALBNK,1017,-1.1078896210578322,0.3852861703124564,-0.31086480790264437,9,False,8.676949929438283,-0.40658023046252767
FEDERALBNK,1018,2.224626425941839,1.2976591149966064,0.8421907770172377,8,False,7.498095986345055,0.8043184657416713
FEDERALBNK,1019,1.053228648178259,0.6567992282387827,0.40663308348480864,7,False,5.831499099842574,0.24817649621478033
FEDERALBNK,1020,-0.6985176865998886,0.3276095773354953,-0.34549390498678223,6,False,4.606597489890696,-0.26718260549105644
FEDERALBNK,1084,0.7656127135651499,1.11376880578866,-0.03287501463662412,7,False,0.8606459061934357,-0.64047360369619
FEDERALBNK,1087,-0.15402243461692836,0.27367693843183566,0.19483748324613526,8,False,2.3606278306838036,0.5498865022013133
FEDERALBNK,1138,-0.049789129743775196,0.8292293973481589,0.5016553440005955,5,True,1.2079534516679091,-1.9101086531455258
FEDERALBNK,1140,0.23940999154392667,0.8436588176912495,-2.5028551168952196,6,False,-0.15762349652249652,-1.6021514969983386
FINCABLES,1222,6.217150154368576,0.7708143404969606,4.016467180481831,3,False,7.33185648612289,
FIRSTCRY,200,2.282399957410069,1.7333917316141678,1.1486218945928162,3,False,-11.906486527099547,
FIRSTCRY,201,0.46769546847265253,0.47969113358557725,0.6916621517981891,3,True,-5.15714408616218,
FIRSTCRY,216,1.0534504871845158,0.13223117472321913,-4.434574814552539,0,True,-7.992598901837688,
FIRSTCRY,264,9.005945414050826,2.604460079446465,1.7993868414164504,6,False,-7.908482735826238,
FIRSTCRY,265,1.256084262535081,0.2439737423432222,-0.7659045671260856,6,True,-11.660432845452595,
FIVESTAR,511,0.15334369782498503,0.5532410208314147,-0.24459316606765258,6,False,5.2729630224712665,
FIVESTAR,512,-0.13117790059726633,1.2896687416166728,-1.4990573532980833,6,False,4.220304789772578,
FIVESTAR,513,0.20293840374061384,0.47185703172849663,0.5906612480087059,7,False,3.684746812852402,
FIVESTAR,514,-1.0516119015612486,0.0808044728808809,-2.7285429464423028,7,False,0.2503836365854051,
FIVESTAR,516,-0.7731491303953045,1.1740568475752575,-0.2515687361733687,8,False,-14.932878851420494,
FIVESTAR,725,4.751288907436022,1.6740750561173323,2.8797898638838637,11,False,-5.003258989941539,
FIVESTAR,726,0.7134945201417507,0.9562224778182689,-1.5756230439763375,11,True,-7.199871315121853,
FLUOROCHEM,746,3.213368366736574,1.9235802349461695,6.819339108957756,3,False,20.492525964105646,
FLUOROCHEM,747,1.0849623293549369,1.196394073953904,3.0475419492832945,2,False,11.338773226322463,
FLUOROCHEM,749,-0.5291528107962775,0.8210257033391105,0.03943151500103159,2,False,5.96817000026042,
FLUOROCHEM,750,-0.28796333072581476,1.3051649743373883,5.583472986082194,2,False,-0.096945530973791,
FLUOROCHEM,751,-0.6399253694140957,0.9233253995403066,0.20788527500683607,2,False,-8.77398349576235,
FLUOROCHEM,752,-0.644900655044048,0.5164991796936911,0.28620503521719076,1,True,-7.728769687377701,
FORCEMOT,958,1.792168123919834,0.8165469494539809,2.687458065019066,3,False,-6.48325245624145,3.4168831277301415
FORCEMOT,959,0.029171220274616425,0.41342535148567455,-2.07258008134098,3,False,-9.144312358414663,-0.9957481209683983
FORCEMOT,962,1.3162040352046964,1.2023598481932718,-3.4557662713919024,5,True,-3.1742807181068255,-3.344234259712908
FORCEMOT,998,3.087739886083851,0.9299730063031107,2.323524136405841,4,False,5.627171905858974,2.9653472723387475
FORCEMOT,1024,0.13202401095352975,0.7210641262734212,0.2241047017166542,1,False,4.791358522701827,1.277396799784869
FORCEMOT,1025,0.3892361387352706,1.0157861004485964,4.701437135037523,1,False,-4.929694511850535,4.927478420813536
FORCEMOT,1026,0.8196463233592485,1.1800465589967213,4.676029012985294,1,False,-9.924947954886875,4.709623437990462
FORTIS,881,-0.24232134151846696,0.5099766259687118,-1.8687569650973845,3,False,1.7904198067455468,-1.5126911631106466
FORTIS,883,-0.04233463139300299,1.2707520851079284,1.0212614424647937,5,False,1.7505809220835111,0.9009640660837981
FORTIS,884,1.0981354054139714,0.9886690922107746,2.50414110820516,5,False,-1.8919269499771407,2.71697458865805
FORTIS,1141,-1.1302031933200527,0.5728925061314954,0.08713631919849973,5,False,3.055342000274064,0.51437726621133
FORTIS,1143,2.324427509357323,0.7999987066851122,1.4730517455799674,6,False,5.591313652806429,1.7276807876595912
FORTIS,1144,2.3232305998789653,0.1489909626755792,-1.012241165315797,6,False,2.2798458078665984,-1.3982811658968308
FSL,86,-0.10181705724687777,0.5634635357509329,-1.3103143317708232,4,False,-18.588873812754404,
FSL,772,3.4447882334494655,1.1868527801124842,3.8541802064275155,0,False,-3.352345028923731,
FSL,774,0.8210885460676551,0.05356122046167125,-0.9951658945576036,1,True,2.7226328485623785,
FSL,803,2.0239942134904263,0.2935479323290401,-1.1043171257297368,2,False,-3.639418850620557,
FSL,805,0.6154437159194125,0.13414609177411355,-1.8028981988276405,4,False,-4.493596275649847,
FSL,826,8.686585401116933,0.7637536390800317,1.313021309981588,7,False,-7.046262864691877,
FSL,827,0.5318562426387959,0.4911067214994612,-1.1013823951700807,6,False,-9.074892384317756,
FSL,1156,9.992701798193412,2.8864978113095168,9.245607994871152,0,False,6.991066613323249,
GAIL,91,-0.07794342549697458,0.7559476255614502,1.38592311604675,6,False,5.152802357444797,1.4569952350207194
GAIL,94,-0.3790417442298472,0.3810943303192182,0.15892547556812797,5,False,2.231893966447074,-0.22112085649228508
GAIL,127,1.3665103551835673,0.7595053860901065,2.2021704795379016,4,False,-7.793075198783395,2.2021704795379016
GAIL,129,1.3831211295639425,0.9231995184715545,0.5286055662441891,3,True,-5.068409492572179,0.5286055662441891
GAIL,373,0.618692978438999,0.12280330438190794,-0.3060650728958003,7,False,0.7468698737416624,-0.3060650728958003
GAIL,378,0.9112905914742462,1.2205378716514648,1.789368927133772,10,False,-3.3911105994368196,2.396085723814978
GAIL,460,-0.024491458793400037,0.5407913568395513,-1.122756565510441,9,False,3.968487840432955,-0.8547938229855667
GAIL,881,2.442915023897924,0.42657400811615565,1.718889288658354,1,False,4.922858533343111,2.6840074204058206
GAIL,896,1.6681614409319123,0.32912132418091067,-0.4762182425263273,7,False,-0.04510418360665902,1.3919453865775866
GAIL,897,4.074096094875789,0.6716891019542779,2.9932533849243326,6,False,-3.0654861336917194,3.409820944007036
GAIL,1141,-1.480941971136006,0.1985493762036925,0.655216593493968,5,False,1.8269556269332465,1.3392577429949482
GALLANTT,1136,2.6229123593578088,0.8181015051340615,1.1760615636300598,4,False,19.13310329913194,
GESHIP,684,4.7021569328230886,1.3172781771082138,2.8607008553771296,2,False,8.262257958949682,
GESHIP,685,0.11120625893393515,0.29021951502328824,-1.3075903215021722,2,False,0.9315541192522092,
GESHIP,1241,-0.6254661705272062,0.2153734087804444,-0.8842844898418689,6,False,2.073853714145235,
GESHIP,1243,0.6261725069390399,0.15873521109963987,-0.6536110948315299,8,False,1.1130848025060702,
GICRE,720,0.4231004507453687,0.5847884776311036,-1.5847836654346859,3,True,-6.838023233080781,
GICRE,721,-0.10279333291167271,0.9386848163774256,-6.840793259377797,4,True,-7.813208074065026,
GICRE,734,3.191331922567767,0.21055986175189567,-0.340302883703103,2,False,-6.870607220205094,
GILLETTE,799,23.842340748185947,2.1379474510347567,1.1313361233893815,2,True,-5.071749529848669,
GLAND,405,38.09662842274777,3.062382661901764,7.70820847419702,2,False,5.230149906383863,
GLAND,461,3.0616964479151356,0.6925415040027169,-0.5891564512230274,6,False,4.176332246206238,
GLAXO,860,3.205437595757867,1.5230319235408296,4.238059592699495,1,False,8.400424206793167,
GLENMARK,562,0.27619062502326397,1.173573982620741,0.060793290405847245,12,False,2.858523813968672,0.44540087417497265
GLENMARK,563,0.3023571611656472,0.5473678411076601,-0.14518076114390377,12,False,0.7234873001256137,0.23144351502562
GLENMARK,676,2.2672973740154725,1.1080181378338891,2.661432824483634,6,False,8.382053767263065,2.661432824483634
GLENMARK,677,-0.10325890683681302,0.5529912446737189,-0.16342078073789956,5,False,3.5960937733778175,-0.7639267620827672
GLENMARK,826,-0.9042017124917409,0.6927953012404814,0.5916397457235156,13,False,-7.287073885626027,0.692886376341062
GLENMARK,829,-0.6274568135315063,0.4476522688484549,-0.7272430758187287,12,True,-15.336581050322007,0.21889675248127904
GLENMARK,914,-0.9179624288283259,0.08717672446797825,-0.7444492446444295,7,True,8.707810424015161,-1.1560133804648376
GLENMARK,926,0.061703320582907215,0.9204139289296698,1.2881364946183194,13,False,7.19295069274184,2.8099949728346285
GLENMARK,927,2.8058786321010265,0.1346367309361928,0.26407066166671544,12,False,4.952776803379133,0.26407066166671544
GLENMARK,929,1.300843051870378,1.5848742486821037,3.201274310914348,11,False,12.786851084889705,3.149175588028452
GLENMARK,930,-0.567432052406867,0.13892712292454384,-0.45369558800052445,10,False,7.120888240263001,-0.45369558800052445
GLENMARK,931,-0.7361823986480304,0.20928294573696568,-0.4290246656248886,10,False,9.196840129544803,-0.005633273171667952
GLENMARK,932,-1.0913181985421858,0.22605207204740538,-0.20720464345076461,10,False,8.329173071160145,-0.4789864845944014
GLENMARK,1049,-0.2842895398761214,0.37393548656883285,0.1256966594650466,8,False,0.800410744734581,0.4089740934295927
GLENMARK,1200,1.2949417913866892,0.2472824214850728,-0.6184324551215648,9,True,-3.6975227381004228,-0.2859103149210118
GMDCLTD,646,7.969209324461708,0.5438227687294452,1.7610888540731118,5,False,7.9163907110980425,
GMDCLTD,705,0.3468840661567994,0.8766653317590504,-5.721284401743398,3,False,-8.595490910083825,
GMDCLTD,960,151.06602545944375,3.4733297750007024,5.014984456951677,4,False,-4.996782088367513,
GMDCLTD,962,1.070105207759846,1.3261726660323083,2.7361485728950807,5,False,-7.256766424905647,
GMDCLTD,963,-0.0026623505451303544,0.2125295783530791,-2.644896479890202,5,True,-11.649022453338286,
GMDCLTD,979,0.4382913270672596,0.40173550863859847,-1.1372875909235525,4,False,6.947143889317653,
GMDCLTD,991,1.528230898952977,0.98988586213508,1.2199499109666778,6,False,12.075164534646499,
GMDCLTD,992,0.2146638399283016,0.4907820333328714,-2.5840792261979773,6,False,34.26790297185691,
GMDCLTD,993,10.322716158465774,2.3341615649877814,6.6247708824299645,7,False,31.427080264794462,
GMDCLTD,994,0.8102294665507769,1.0930825811533913,4.168482715367361,7,False,21.219151700538585,
GMDCLTD,1069,10.44329976496763,1.4665468112239233,5.049224967648347,1,False,10.480040218249464,
GMDCLTD,1070,1.2063172685173955,0.2944501045376011,-2.816253971353355,1,False,0.7961032461618833,
GMDCLTD,1074,0.06543487379354511,0.6423485806663757,-0.5777628496207221,2,False,-15.070985263229042,
GMDCLTD,1075,-0.7919751034748966,0.46644584669171113,-3.460406915586278,3,True,-11.493491842390357,
GMRAIRPORT,80,9.293406384856242,1.7049641994213278,3.540925889219082,4,False,11.689525311323944,3.7652804074859603
GMRAIRPORT,654,10.296415782015714,1.6922399748301824,5.059349236583444,7,False,-0.9605768836870143,6.21702801604993
GMRAIRPORT,670,6.206917892887327,0.481036345946509,0.4785632818629315,2,False,4.440285986847936,0.9378956090728252
GMRAIRPORT,684,2.3383400329959905,0.7501268158272612,1.568474692534183,6,False,9.262886480555776,3.020254038253345
GMRAIRPORT,687,0.6113351664388738,0.2410495573548567,0.23890500001024773,7,False,5.553961357841963,1.4982953406885713
GMRAIRPORT,688,1.3516912253886564,0.6375466124572428,2.9648091430134915,7,False,3.7330497310532396,3.764619832243321
GMRAIRPORT,718,2.092613418892957,0.21498075595698027,-0.2720355298055477,6,True,-6.85978762715439,-0.007352400558779948
GMRAIRPORT,807,0.344628809882429,0.7500452297121833,0.5759175302127106,9,False,-8.338235320692078,0.5759175302127106
GMRAIRPORT,946,0.35538682387712023,1.0207355672054084,1.6880930904769942,6,False,6.749493056978473,3.528599775688046
GMRAIRPORT,1138,2.1677967449678133,0.43999075916641245,2.307118522107743,5,False,1.9771624013393385,2.3896095189934297
GODFRYPHLP,728,0.3554038139514218,0.07431956669194495,-1.282666211567196,1,False,16.353869444340297,-1.2715634869851833
GODFRYPHLP,732,10.216474653711412,2.823142862412145,12.606117253774872,3,False,31.766098244398556,16.07548775887253
GODFRYPHLP,733,3.3308108079367913,1.5429807622822929,6.869290197452527,3,False,12.068732809620265,3.111388849989649
GODFRYPHLP,854,0.8278946441783064,0.49387953145115787,0.6139158782668241,3,False,8.159579619036816,-1.9181296867263553
GODFRYPHLP,858,3.4792856947267237,1.1565371576521457,4.936004436321428,3,False,19.685987444050788,2.321129004435063
GODFRYPHLP,859,2.0522417425567285,2.300790624025329,16.726142714207825,3,False,-13.933125589703577,13.465500549637778
GODFRYPHLP,860,1.504593607841784,0.002474930067625392,-5.023694566237912,3,True,-24.543470662996512,-5.062558524096072
GODFRYPHLP,877,2.531354982223635,0.6639644469835592,3.7034443613459533,1,False,12.69365954356454,8.492709127957653
GODFRYPHLP,946,2.604495062252176,0.7249648882020324,-5.593057726876682,1,False,-3.347657456172215,-5.030394302861396
GODFRYPHLP,972,7.11804233130317,0.9823079895244101,2.2411382303903604,1,False,14.557289319058064,2.6915397203920666
GODFRYPHLP,973,3.3910620885791753,1.985044390402293,9.30018744330281,1,False,11.40976062214325,11.973659193590148
GODFRYPHLP,974,1.1395193581078196,2.0268218116436367,-8.40348040344815,1,True,1.3575953954849451,-7.423248348782252
GODFRYPHLP,1106,1.9233056497613168,0.030521421229577628,1.3007515005962977,2,True,-19.054128083617407,-0.4533547639755775
GODFRYPHLP,1142,8.530533268953151,0.07912941013569542,2.3442261121311203,2,False,5.478021389003307,2.4508514337513
GODFRYPHLP,1216,1.4228946367053035,1.0371752012738518,2.439474633637939,4,False,-7.638331947122556,2.439474633637939
GODREJCP,80,-0.6082581081402345,0.055536456204029826,-0.6517400083025704,8,False,-5.535613073871137,-1.016744003358938
GODREJCP,152,4.510229627773737,0.7301128009768113,2.042068625282689,6,False,-5.010926649254676,2.1992208238225563
GODREJCP,177,-0.3309605102866674,0.11408754722707848,-0.215120682351444,3,True,-10.104692212585565,-1.8193255883688697
GODREJCP,211,3.2990973967184347,0.42630660754166205,1.3597861366362984,5,False,2.6324938595920333,1.3597861366362984
GODREJCP,212,6.4975779511533425,1.7105948184238813,4.802458394459719,5,False,0.7947247337916963,5.534921911936919
GODREJCP,213,2.0211794537060244,1.0596290988261903,-3.662934729080003,5,False,-4.029042607542821,-3.1222229298396353
GODREJCP,661,-0.14221876532399078,0.2936548165082389,-0.8820420277843688,6,False,5.5281362113734245,0.8225822611296119
GODREJCP,662,36.879904206153974,1.3467315358239969,3.604025195748628,7,False,1.8215987453235938,3.341559916950687
GODREJCP,663,0.40535338816860966,0.7923968100358079,-0.4753971750045882,7,False,-6.102822836051214,-1.0871568085498273
GODREJCP,681,3.3649172951080946,0.7695810166149777,-0.18662860724274477,5,False,4.683944976623322,1.2530817672147032
GODREJCP,682,8.297545361242095,1.302645015496863,4.574364072875903,4,False,-0.1750217318541747,4.589019081236478
GODREJCP,880,2.3749780825708835,0.20824373887049297,0.15550925741101285,4,False,11.900894774632476,0.520305085200512
GODREJCP,882,2.8313929958388275,0.5843524863300059,0.32830149840392675,5,False,10.318064885102295,0.33717912016359985
GODREJCP,884,3.641537694950429,0.33777695877444225,0.0005087932932745787,6,False,8.54538845647761,-7.906568800263369
GODREJCP,885,-0.39069330462525953,2.813019614310571,0.3028336577979962,6,False,7.49296782054405,-0.4369499310512448
GODREJCP,952,0.19298750153493904,0.9298464340815277,-0.0672398762201265,5,False,-5.293099535068835,-0.48969121027313545
GODREJCP,953,-0.06228893816576219,0.7945403092577966,0.41834888180976026,5,True,-5.573538269189338,0.12340792139149404
GODREJCP,970,0.9752074483912601,0.13578685534258822,-1.531570800528459,6,True,-1.9047672223099332,-1.2672241259981898
GODREJCP,1144,0.5186702797886612,0.3809147107328096,-0.04885849074937054,6,False,-8.448827292110872,-0.5330512094938178
GODREJCP,1145,1.4063436367801287,0.6292594670826364,0.27242630341164364,6,False,-9.076829840005352,0.2240258574302212
GODREJCP,1193,2.1534136591920863,1.0551038048753596,2.5684925774833944,6,False,0.797445841218547,2.7398890713894675
GODREJCP,1194,-1.2171010020045225,0.0810952739797118,-0.9390439845224252,6,False,-2.5396225099872383,0.7259210491401324
GODREJCP,1195,4.863456829959228,0.20755083650867934,-0.3072959656938212,7,False,-2.7439089330883015,-0.3072959656938212
GODREJIND,863,11.500078306553315,2.250917549026108,8.927116230621479,1,False,12.392760229121148,
GODREJPROP,143,0.34806399817166067,0.040806760840068096,-1.1498584603433337,2,False,-4.384276620503968,-0.6613545222764583
GODREJPROP,144,-0.894907975609986,0.07603119949839521,-1.6453703288114574,3,False,-3.9591729800588227,-0.7053900704416805
GODREJPROP,145,-1.2778141058926442,0.2921269449703419,-0.4018384288929311,4,False,-5.855337231267777,0.7582280903176697
GODREJPROP,147,-1.131412251531057,0.3380077611412335,-0.07528975809010241,5,False,-6.526712171246862,0.42665157382599794
GODREJPROP,148,-0.3079861516991651,0.33677781943358315,-1.4497594477553166,5,False,-7.9748475283146885,-1.0249107817801306
GODREJPROP,540,5.7324166634344165,0.8451449558191231,-0.03730981955869517,4,False,8.569617612935598,-0.05187314854767644
GODREJPROP,541,7.8756485973733685,1.3764082471330799,2.8334551985477407,4,False,7.406326778787586,4.827422353113153
GODREJPROP,542,0.6178480311078502,0.08981515599336035,0.5390319603170601,3,False,2.7582236446618724,0.5114643617537551
GODREJPROP,644,8.35172974173885,0.40742534941536585,2.414373368000966,3,False,0.20276158657508425,5.395485838080982
GODREJPROP,645,2.8833725859382042,0.41407045594523473,-0.03548379942780455,3,False,-5.018002440550761,0.3803419751170045
GODREJPROP,688,0.35171833384278883,0.596574571303509,0.2817135793005354,4,False,2.9453044208855195,0.7515627705099837
GODREJPROP,690,-0.2741478672529473,0.6726774435860874,0.5128486675599175,4,False,1.2401211770133092,0.7764259655155259
GODREJPROP,757,6.822770270064894,2.106586169865646,5.716637617112941,7,False,10.190552388153273,5.716637617112941
GODREJPROP,758,0.24179699291970605,0.11348404622481088,-0.5565060434680857,7,False,-10.031681158201023,-0.6977889821255578
GODREJPROP,759,0.8202228387347547,1.3241966111235979,2.114064616160971,8,False,-5.350884994616257,2.2705783757249964
GODREJPROP,760,0.9250854342327653,0.26302623141435566,-2.134696121189017,8,False,-7.226836173655194,-3.3085499339854274
GODREJPROP,814,0.1362777669036458,0.47409966958689714,-0.06554734246839722,5,False,-10.846110584114887,-0.06554734246839722
GODREJPROP,1021,2.510838258841391,1.0322857953001354,2.2996926244361005,4,False,-0.604207346861263,2.3321620336545834
GODREJPROP,1022,1.9119700831687396,0.5119429376229038,0.5092840005273436,4,False,-3.6932105255656933,0.6755837282986343
GODREJPROP,1023,-0.17778220288238616,0.8723958884584834,0.7242958717070591,4,False,-3.582790604041397,1.5153933876608683
GODREJPROP,1024,-1.814585793393145,0.27877302391661574,-0.6491270248669467,4,False,-4.435155625605091,-0.8007416119229616
GODREJPROP,1105,-0.5152915804125549,0.5191127745925382,1.1170549187184076,6,False,-13.3014148219482,0.8434914376902691
GODREJPROP,1141,-0.5981807123154022,0.03887941687146825,-0.883220821391173,5,False,2.3839898808399873,-0.9059111790429619
GODREJPROP,1184,-0.17870879940138554,0.52106304672041,0.19993356299632392,6,False,8.469667804734637,-0.4753699006361356
GRANULES,989,0.5033503854802491,1.2626562924652331,0.06507979518819429,5,False,2.1020773964196326,
GRANULES,1244,8.256502334757753,0.5001877557560733,-0.11854814353310372,8,False,-3.831285302681986,
GRAPHITE,604,0.21570501395609742,0.041549194713025754,-1.9408649148150992,4,True,-4.779181530430288,
GRAPHITE,616,0.34126615724099063,0.49336684822233606,-3.417435766046484,5,True,1.537586829645221,
GRAPHITE,758,-0.04962799216832686,0.6435957935371114,-0.5473905078749564,4,True,-1.9606599991052742,
GRAPHITE,806,3.3052600948184674,1.4319870517954718,3.945325842887648,3,False,-4.632771692686754,
GRAPHITE,1029,11.015727058329638,2.033704207417781,5.80319109225691,2,False,-9.63395706241661,
GRAPHITE,1030,0.5751161833769862,0.5577337194369325,-0.9258653589520383,2,True,-13.550592278795314,
GRASIM,91,0.13556894899675748,0.5830390782074205,1.2563094226819338,5,False,5.653254377728434,0.9975032400686645
GRASIM,92,-0.05813641590274397,0.25747824869206093,-0.395044786389287,4,False,3.4771920962320513,0.2008908941325327
GRASIM,149,0.29987291925981807,0.30945641357343057,0.34543180688018094,7,False,4.40982284412208,0.2098536145273
GRASIM,613,1.261797928103148,0.3954505627335371,-0.8029429930836884,9,False,-2.7554316794268674,-0.4522634666594194
GRASIM,615,5.717117568953278,0.5221289896323423,-1.4289510515883563,10,False,-1.612544941527716,0.03985473174183962
GRASIM,884,1.6560896087126789,0.62439120913688,0.10648472726901836,9,False,1.3756375385508335,-0.036868587248473084
GRASIM,982,0.3865249896915292,0.6351589921950886,-0.5148751953584552,13,False,-2.803283248958588,0.009483473740368176
GRASIM,983,0.8430542083367148,0.02119785737269871,-0.5803327102554601,14,True,-3.313233212932898,-0.5837782896909061
GRASIM,1220,7.126349262272969,0.7335868001173373,0.4203932998868787,8,True,0.1381883786181648,-0.18857521442984249
GRAVITA,896,-0.20543417064330696,0.47157530283370236,0.9991137141870388,4,False,-3.0616910913540463,
GROWW,28,1.809862839867658,0.13838400825103117,1.1030504254339935,0,False,-0.9904590555441461,
GROWW,96,-0.34285208411431467,0.5733545385767551,0.7689668541669858,7,False,8.134876267108027,
GROWW,98,4.498952531803956,1.1935013476930876,6.046544485412131,8,False,22.116693344285054,
GROWW,99,2.3280729772673943,0.6072244865086416,2.050190619490122,8,False,13.957685441696066,
GROWW,100,2.17902944086813,0.6272093169727416,1.7131826397769112,8,False,9.453259534244385,
GROWW,143,2.3264345864916254,0.607956636872254,2.641021924155673,4,False,-4.418206563671834,
GROWW,164,14.980081896967594,1.4504403069379541,2.365291237780509,6,False,-9.223145518580223,
GRSE,806,0.6264226886803015,0.07610336487540297,1.586890328351065,2,False,-10.956712095503073,
GRSE,808,-0.44666527281558893,0.06466526204263909,-2.4214031096609134,2,True,-10.2074131941168,
GRSE,880,3.679351154052918,0.14649315944153157,4.5159600888117435,2,False,2.973116920746044,
GRSE,1008,0.3104470528579691,0.15666685429956514,-2.05134103598853,5,False,-6.3955619603522145,
GRSE,1039,0.8510227143494035,0.136846653853935,0.13531202489709404,0,False,-7.26658771181381,
GRSE,1041,1.3397906810964562,1.6572955204734805,0.6313819053879621,0,False,-14.172771619490366,
GRSE,1042,0.2784968414933378,0.49920926426381335,-1.0559311018094042,0,False,0.07462329839647008,
GRSE,1093,3.6061409898623635,1.657613185392338,3.8727978415767472,2,True,-6.908294728910558,
GRSE,1143,0.22964504418915996,0.7760246314852703,2.177488174425113,5,False,15.767242966231887,
GRSE,1144,-0.7968134310480063,0.3623692829849717,-2.6968470090294128,5,False,12.07114025489211,
GRSE,1184,14.702456964485632,1.4755967249443893,2.962075946572318,5,False,-4.300499024203297,
GRSE,1185,1.249015853453695,0.06825140781051887,-0.8379601523905933,5,False,-6.5694455412531605,
GRSE,1187,2.1774305683584543,0.00399808272350993,-0.5739762530908576,7,True,-9.054696719444234,
GVT&D,772,-0.4452483369169938,0.7124860833481449,1.2346195035226382,4,False,-8.810652092114458,2.461770275498365
GVT&D,773,0.2939747758405429,0.5783971556921623,2.389222027905702,4,False,-7.856825806698375,3.8589729738932377
GVT&D,810,0.125035552412612,0.34719186103880373,-0.5562850572030653,5,False,3.5730451192452106,-0.8603605284280946
GVT&D,1063,7.60966926564353,0.09634311924643979,-0.01984728229996735,2,False,-11.84202245341568,-0.01984728229996735
GVT&D,1091,0.5381420614239726,0.36801149521803833,3.590478401479058,1,False,11.967269146548908,3.6953756022223283
GVT&D,1092,1.6743649028774248,0.3002217839079554,-1.5464463008156404,1,False,7.01046735115054,-1.5857083120987436
GVT&D,1238,7.600133822649625,0.6698388376257021,4.127961207402087,4,False,-3.873450548535129,4.654081432450008
GVT&D,1239,-0.01993255713766413,0.5899704957568783,-2.988707619839448,3,False,-8.967576056707893,-3.5699864956461047
HAL,180,3.340149011359355,0.6529835436370668,1.1061117929170639,2,False,3.2832493611440805,1.3260502189667456
HAL,227,-0.2129322199992245,1.0539906824792091,0.36423988841554067,3,False,11.75591483415175,1.3346802742626451
HAL,366,7.810715310105243,2.024518504751529,6.300296928460725,3,False,14.190866786173562,6.403992870168884
HAL,367,3.620990865552019,0.32844449887107524,-3.097062614166246,3,False,-1.4429696535771197,-2.92082025297864
HAL,549,0.43332409274529804,0.43028610049397503,-0.33960104337541486,7,False,5.5995797628184185,-0.06620787928821592
HAL,638,-1.4953381855429224,0.3151542773315883,-0.4346639470118374,6,False,13.591866905542084,1.510556023966303
HAL,639,0.9278844159534576,0.09855955960480421,1.238206505774575,5,False,17.40103521768961,2.3284177022213415
HAL,640,1.923608090120613,0.8594961587872089,2.0590036716612303,4,False,13.687909909002439,1.9725862257072624
HAL,641,-0.2980272927309519,0.41568602033098684,-0.3503673366392013,3,False,9.572115737492105,0.22293530039187992
HAL,806,1.7158699829124922,0.658709729565085,-1.015273518956361,8,False,-7.411234360376328,-0.6069761204976154
HAL,880,1.9317204780786166,0.29025817684365374,0.6208562178711574,6,False,11.686892856727283,2.2176022176022325
HAL,881,2.408811023846943,1.146439025888247,4.098939513661937,6,False,8.873112776287616,5.878540376453079
HAL,882,1.1033333106585421,1.1857964425233423,-3.9805792784065486,6,False,3.3600682329693488,-3.4409482170676187
HAL,885,0.03598287655813948,0.13284642134199576,-1.38394161310883,8,False,1.9623164205662125,3.869737905962478
HAL,999,1.0289644271276346,0.05352375110760621,0.44933637732391674,6,False,1.3375249574496095,0.443045872610659
HAL,1001,0.15390264770138423,0.5001045335870992,0.43077071428205826,5,False,-0.4708181550965418,0.3239735276147737
HAL,1091,0.4353439551151638,0.5027687981913056,-1.3040711345324918,11,False,-13.434596623213624,-0.896502638891572
HAL,1140,-0.2900140165237279,0.6221189154406079,1.9211701431576467,2,False,9.621993266932849,3.0175008969422823
HAL,1141,1.390447816695511,0.6100486027058524,2.350104788264029,1,False,6.949927402121903,2.73948503592365
HAVELLS,56,11.55269047327268,0.18551168262386553,-2.4415948037229462,5,False,-2.97276579390231,-3.6809937808081394
HAVELLS,67,-0.2576677243697545,0.717905500623904,-0.43753039159256657,9,False,-1.2137909328578722,0.843301224374593
HAVELLS,68,-0.522446234301674,0.24851977115847543,-0.5711434952176964,9,False,-2.2645722179710837,-0.5676339935277719
HAVELLS,149,17.157089525090033,1.8665658738513593,5.15875018608154,7,False,10.04217583614122,5.15875018608154
HAVELLS,151,0.14433494810871125,0.06977846181791691,-1.7364264182831546,8,False,1.4611534898513634,-0.45424493412165035
HAVELLS,213,-0.21169443765151344,0.7093282064569508,1.3308498199108731,5,False,1.5961857379767963,1.5713060673196777
HAVELLS,217,-0.4436650277832576,0.18815911818939463,-0.8726964050862485,8,False,3.916040573004098,-0.3764828098082318
HAVELLS,615,1.9789168510114317,0.28704411286968534,0.16350242963565353,7,False,2.7656112697715285,0.09705427169950376
HAVELLS,734,0.2652840787972087,0.708424839996642,0.4438792366012967,6,False,2.381573269233983,0.6243100871752949
HAVELLS,813,0.5117685438316097,0.17864479349924567,-1.2920737404435112,10,True,-7.564321484335512,-1.2920737404435112
HAVELLS,894,4.114099796930559,0.8554428426259878,1.313849000035816,4,False,-0.910066441263957,1.5910358112593004
HAVELLS,895,0.3708293158055771,0.7471311527367277,1.792006586608319,4,False,-3.0456253872164774,1.7730818875397514
HAVELLS,896,1.0757798096240765,0.49996010974148103,0.2674205846536104,4,False,-3.1227640649190924,0.3592125473493635
HAVELLS,897,-0.39811836536835876,0.14850676868673074,-0.47334965131271556,3,False,-3.693822776182265,0.13086752510160782
HAVELLS,898,-0.43786006359229146,0.1592428833824284,-0.3538583163556708,2,True,-4.334436568489098,-1.8323558872357149
HAVELLS,990,0.17186094990537487,0.17963072059047944,-0.44719205312721,6,False,0.3327201647813416,-0.4975124378109319
HAVELLS,1210,-0.6702155436235906,0.08074257042926164,-0.6660907311716757,9,False,1.2846177480387633,-0.6660907311716757
HBLENGINE,732,1.695946091785744,0.4222470273123357,0.8153657319834196,3,False,-6.0407799867848055,
HBLENGINE,887,-0.2849668052674272,0.6790989747862024,-1.2264044606457802,0,False,-7.692945630991743,
HBLENGINE,897,0.6380402271076616,0.24342714469786741,-1.8735932437705105,2,True,5.108386949271115,
HBLENGINE,912,47.70056206467455,2.2817621025778854,10.611232677771266,3,False,18.05593692555545,
HBLENGINE,913,0.4022055760838995,0.38581928811204275,-0.4543967061804155,3,False,5.262742992246383,
HBLENGINE,915,-0.23337490228858362,0.6366240802427653,-0.11481056257175437,4,False,0.31891615307544363,
HBLENGINE,975,131.30385025113785,1.0301737468679686,9.872013077763953,3,False,22.63512825349274,
HBLENGINE,976,1.0769307221855697,0.04226023262773402,-0.4975124378109319,3,False,22.393813045614607,
HBLENGINE,1138,3.5149671583648816,1.179489258608976,0.3095512643174425,3,False,8.907133149437652,
HBLENGINE,1139,3.370368753543503,0.5908801484077265,3.616014495217179,3,False,7.637249186563988,
HBLENGINE,1186,1.0254701939287874,0.05231086611914416,-1.9258078624333153,6,False,-9.766481441796259,
HCLTECH,77,2.2148904377025755,1.3284758311637141,1.3614802923259006,10,False,6.425344329095184,2.455006635728596
HCLTECH,78,0.35556381457920255,0.1795553126412268,0.1453981970259699,10,False,3.617883422880497,0.7268750156802506
HCLTECH,80,6.696703216773818,0.1086275682609931,2.291823677484084,10,False,6.483920778184116,2.518208527364618
HCLTECH,83,-0.7698020814279428,0.33081141037900746,-0.2736492545756475,11,False,3.721117022649567,-0.2736492545756475
HCLTECH,240,2.1612146620620685,0.8999324542446621,0.5950158732472399,12,True,-4.488078082139135,0.8873873664924314
HCLTECH,344,0.3979873790319137,0.3081911410500695,0.3928651183083831,14,False,4.445482512340293,0.7783980846746585
HCLTECH,345,0.18070231412503593,0.6078631995633315,0.46094649444292646,14,False,2.8841910736689735,1.1752542499791074
HCLTECH,346,1.3546682022291054,0.17970714787021003,-0.3903170716916038,14,False,1.6373338176195684,-1.5336688874316717
HCLTECH,687,0.31721947438894876,0.9285290190460479,-0.7217725519420792,13,False,5.046885929985145,-0.10074454357890117
HCLTECH,1200,1.281071681101188,1.493563691825066,1.9827385249058915,6,False,6.14155408438295,0.21232486330413636
HDFCAMC,148,9.718929490965406,0.6846010133938362,2.2330387964137888,5,False,-10.054462954402565,3.1056052777314713
HDFCAMC,404,1.9052954597400151,0.08073461967434331,-0.47552706104919684,8,False,1.332661156436199,-0.46728170613915543
HDFCAMC,675,17.88451978712978,0.8647477532754801,0.659323960404401,7,False,5.032468227484643,0.8146834951217041
HDFCAMC,773,6.693157485612866,2.11247531053945,4.335787584178252,10,False,-2.7839529547246666,4.25258308960168
HDFCAMC,879,0.7282225823423376,0.21941920334206141,-0.9294709460446859,3,False,3.1978447171737034,-1.2390856084358526
HDFCAMC,880,6.261373842619062,0.30777060892405866,-1.6959954120912002,4,False,1.6373644053276015,-1.315779354633484
HDFCAMC,881,-0.6372120552824806,0.7070079776827949,0.14850136437352113,5,False,3.0195121593798557,0.8702193499854793
HDFCAMC,883,0.5493209613381469,0.3483581031721371,-2.1474728373530816,6,True,1.377172110462177,-2.1474728373530816
HDFCAMC,896,1.2371466884185545,0.6124218872813649,1.3551407750190592,8,False,8.830625410645276,1.7636370749657848
HDFCAMC,897,2.5157075004266054,1.4569727525339975,4.343197532398269,8,False,5.204191390116386,4.209844986839295
HDFCAMC,898,-0.5316693295320171,0.3700174195863715,-0.22093840843241397,8,False,1.0911244654701058,-0.23421612257719104
HDFCAMC,899,0.8517565754984665,0.33926638445249907,0.1637306975350583,8,False,3.3029756443633262,-0.0010303464898275827
HDFCAMC,1099,-0.7789950057380604,0.8329692966095796,1.0887260880574567,4,False,-8.586625357858802,1.634218730037773
HDFCAMC,1140,1.452982004605308,0.7474348247622187,0.9233021813946918,1,False,5.799536104489333,2.3441168006003155
HDFCAMC,1141,3.1996431251104895,0.39112527143353465,-1.0845714975579512,1,False,6.041859410936357,-1.6753406667883497
HDFCAMC,1142,0.9824968193430156,1.411631914066973,2.0122412647073595,2,False,0.3609919861824018,1.9903273542004607
HDFCAMC,1192,0.941150924494882,1.101915717895459,-0.10459407430397638,4,False,1.8745377744504355,-0.06093845216330607
HDFCAMC,1193,-1.2409062313015802,0.17569069981570457,-0.2372169248234135,4,False,-9.30755175649316,0.3918099709659728
HDFCAMC,1194,-0.9223097066159943,0.3310807650272322,0.5836796471235584,4,False,-9.99481266507052,1.3487811845689812
HDFCAMC,1195,-1.0218686207975676,0.6808540584089956,-1.7340795179308865,4,False,-9.56445710184326,-1.323069813592903
HDFCAMC,1231,0.9040150786708083,1.5904001406148123,2.1140020702876017,5,False,-9.017109116125333,2.1140020702876017
HDFCBANK,148,13.336829844759448,1.505719181724595,8.54340331286798,7,False,-8.578656211348413,9.19198434931574
HDFCBANK,228,0.7894201363554283,0.077570864608052,0.2703393123951958,12,False,3.4691442381354465,1.767124547957244
HDFCBANK,229,1.59039992151865,0.16372095707662898,0.2152126426767209,11,False,2.161247751979234,0.5506176980267341
HDFCBANK,401,-2.8881731824748798,0.6634881712736519,0.3301877455369917,6,False,2.8847413934591115,0.5326478813666657
HDFCBANK,402,-0.4224126189538967,0.16598222735034482,-0.2470174820174864,6,False,1.8365169061463904,1.3767821093492394
HDFCBANK,455,0.5117185016566899,0.11106618594392212,0.7759582756222905,15,False,-0.7433233471756506,1.4334231048555468
HDFCBANK,456,0.597511017317031,0.2835598388824565,0.14301151578719473,15,False,-2.2676891493723206,0.3555433230113758
HDFCBANK,558,6.523258074356481,0.5307625690132226,-0.7648864552397883,14,False,2.45636974526362,-0.8221831078731312
HDFCBANK,640,-0.2287489243167785,0.6448624140808674,-0.06879867351005098,16,False,3.1347486326934737,-0.612291587648861
HDFCBANK,642,3.323103816529865,0.9412865013699009,1.6280514088098608,16,False,1.7544560840627943,2.3864713392433012
HDFCBANK,643,0.34288221869546054,0.41860932464443257,0.7739114120980162,15,False,-1.141353650964938,1.1250903113110944
HDFCBANK,853,0.4536836703724999,0.553350188259432,-1.4219923822852532,8,False,-3.1969910977914795,-2.3009566900702216
HDFCBANK,882,3.3425344851789993,0.5641898141127997,0.44269488994412853,9,False,2.838721443845804,0.6384600665048756
HDFCBANK,1184,1.0083378592809351,0.7435072783453562,0.09126121617299976,4,False,3.955858168469173,-1.1990251026122611
HDFCLIFE,165,0.9767319574668129,0.3717044294812448,-0.06854846396592285,3,False,-5.430598137028508,-0.9178992267296904
HDFCLIFE,183,0.290141763865566,0.5923392072963171,0.6340879173071023,3,False,-0.6716048001367714,1.3217548736451201
HDFCLIFE,189,-1.0218519572152112,0.6115664712408516,-2.233211474605734,4,True,-8.924566949951561,-2.3548724832483825
HDFCLIFE,239,4.33685373389174,1.7470259932170131,1.3497246278933783,3,False,2.47761542786058,1.5983963680066937
HDFCLIFE,240,1.786635315888041,1.2644200258021985,2.3595498629843448,3,False,1.4911392911401977,2.5071860206268504
HDFCLIFE,241,0.7330535658096579,0.2485446845563712,-1.3299250082039138,3,True,-3.1460913574884675,-1.3719659434368925
HDFCLIFE,307,6.707494866918071,1.8632433518270448,3.020159202714945,12,False,4.396644662227978,3.460995204807782
HDFCLIFE,308,1.9334299676283513,1.0054057792892601,1.7664685153632842,11,False,-0.21125746922601163,1.4368528122827184
HDFCLIFE,309,0.2893659393117928,0.11315567686614009,-1.1721055738257768,10,False,-0.3963275847984504,-1.5937262838350508
HDFCLIFE,312,-0.6975473542387872,0.5373603736391492,0.08138266626922519,11,True,-3.039612127232705,-0.17030996668742082
HDFCLIFE,338,0.39792762662635733,0.2995437114460245,-0.6193721090985704,6,True,-4.470139705181165,-0.06694754944052139
HDFCLIFE,402,1.492248848475876,1.0220174744316675,1.224936527058662,10,False,4.593710983071397,3.251914236585529
HDFCLIFE,625,-0.588135094723485,0.694568683206063,-0.2649905657800766,7,False,1.3305790810753004,0.22410109003732082
HDFCLIFE,626,-0.47492404396007426,0.28375735240075806,-1.0236088162952406,7,False,-0.5054912613360774,-1.4380989681535228
HDFCLIFE,688,7.085290728283487,1.8532981231297698,2.215017513040607,10,False,4.6003174238608,3.1880880175604087
HDFCLIFE,689,-0.014578829941078106,0.05379413125608697,-0.5058346014052528,10,True,3.243807546828825,-0.7552559337145603
HDFCLIFE,690,-0.27860715349182474,0.29485854890755137,-0.5967132761098837,11,True,2.6605154699289812,-0.4479120186614449
HDFCLIFE,878,0.09325975896784569,1.418696000578633,3.359713786358376,13,False,6.625915019349349,3.429705711380593
HDFCLIFE,879,3.359643972823808,0.5795012564264684,0.7651262925606694,13,False,5.3001976706697596,1.2806463167889248
HDFCLIFE,980,4.604151105800349,1.157449681612197,-0.4660541742756208,9,False,-4.228465565194883,-0.3653892670106518
HEG,806,6.495647812103724,2.918378913302004,11.98843979654336,4,False,-0.9210934990289243,
HEG,807,1.6663603176599902,0.01630081680055669,-2.24507917672665,4,False,-0.08779427115994665,
HEG,1072,7.0069502898510425,0.9288990143578039,2.3573636522914665,6,False,-9.644620311391627,
HEG,1112,-0.09383609998391171,0.18432567096556912,-2.514057662547764,1,True,-19.46483469369258,
HEROMOTOCO,96,11.425989217186876,1.9331251177642574,3.386911595866837,9,False,2.2560256858735306,3.44431687715272
HEROMOTOCO,164,0.6588458842172492,0.30036343413840905,-0.9421786264323884,2,True,1.9245228539893633,-1.284528839925425
HEROMOTOCO,169,2.542693708643415,1.7431632348555919,-0.05497209656067925,6,False,0.9899523676192068,-0.3805424289212156
HEROMOTOCO,297,0.9921984640174735,1.0994039667988997,0.1802079675078394,7,False,2.8024364525559786,0.6824975938973576
HEROMOTOCO,300,2.600466084640074,0.6355892964191754,-0.541216798684574,9,False,1.380032240542528,-0.5484993768240409
HEROMOTOCO,510,1.935014960654136,0.7729279093349039,-0.12394032596443338,11,False,-0.5664523769726926,-0.12553739019212085
HEROMOTOCO,528,1.0879545552383776,0.848857915916717,0.4205974832798054,7,False,3.7515400498159712,1.0909183986851145
HEROMOTOCO,531,1.4028457142182884,1.7236529932373126,1.9467000499282294,7,False,-3.068151154777443,1.7640835387011888
HEROMOTOCO,665,0.4567687632426002,0.6561508550122513,-1.3991419913081837,6,False,1.9577083156444575,-0.7805345479025005
HEROMOTOCO,742,0.8571399518419199,0.32513527989770497,0.5880383387971477,7,False,7.494427018811356,1.0172046617222152
HEROMOTOCO,743,-0.04635037224147408,0.3320207175186182,-0.18905223541694216,7,False,5.373778678572272,-0.9226313255134899
HEROMOTOCO,897,2.4581105384714816,1.026186891375908,2.1200109543670465,11,False,2.7326788781422806,1.702875346690269
HEROMOTOCO,899,0.4573818110942984,0.6582485992524858,-0.29509161123814076,12,False,2.819661328608092,-0.2925588799486234
HEROMOTOCO,900,2.154594742079262,0.12076000532442484,-0.4899620849817321,12,False,2.255405181248027,-0.35156147592051434
HEROMOTOCO,912,1.758910774670895,0.5440176520370701,1.0972166957748053,7,False,7.600514740959552,1.2564381492960353
HEROMOTOCO,914,5.682110484212288,1.8064015768834163,4.763688389922982,8,False,1.2247322963746088,4.884802480547168
HEROMOTOCO,971,11.135344575510157,2.133225622373188,1.8420253458656832,10,False,4.64409657171605,1.844272782595846
HEROMOTOCO,972,0.5134833931523534,0.10751478415673583,-0.5674964805095217,9,False,1.923354552785539,-0.5062577736318241
HEROMOTOCO,974,4.234363017195285,2.0881932086037662,1.2225828255318483,9,False,3.568161491190791,1.2073757589874612
HEROMOTOCO,975,0.1905055032348536,0.5402170249643944,-2.0959737287604696,8,False,1.4989714825770495,-2.027859458737491
HEROMOTOCO,1044,0.9200915621939976,0.3810669466975151,0.8983645955131125,10,False,2.2774238332549324,0.402239625837697
HEROMOTOCO,1208,5.681962959060606,1.7169291401686366,0.6856934705992801,12,False,3.628152996021261,-0.7271447317976798
HEROMOTOCO,1212,-0.08070283506079946,0.3232163595765276,-1.439261359742261,14,False,4.511783179502915,-1.0621823286159349
HEXT,56,3.16373167377723,1.113312065470431,0.17488585067257922,4,False,4.044356611709832,
HEXT,57,-0.5393090293768606,0.006092088796587741,-1.148347846557296,4,False,2.6440095855236434,
HFCL,69,2.1018291882327174,0.9386862319921526,3.0720887570186983,3,False,-11.987144741262535,
HFCL,570,3.454975503855125,1.1778384988764516,1.8498534201459194,0,False,6.935827703240571,
HFCL,571,0.6993939916269326,0.8398804013466773,-0.6201260760164473,0,False,0.5447175191674702,
HFCL,572,0.4324119581117832,2.2407722406385844,-9.647857621374955,1,False,-0.6187072869266674,
HFCL,575,0.7690041903256339,0.8016479721109928,2.243278281357064,2,False,2.600766793721343,
HFCL,658,6.618852741023495,0.5298106004533801,1.0101010101010166,6,False,-6.3269541703179,
HFCL,659,1.0443735208023566,0.4290362091257278,-0.6892364495024839,5,True,-1.1206026771428124,
HFCL,672,3.4858383618470064,0.6162203972338793,-0.6422798983732214,2,False,-19.461858328820213,
HFCL,675,8.640548379616652,0.6145683061726198,1.2205190371955998,4,False,-20.350289847413105,
HFCL,676,1.7447843542374002,0.38698952170372947,-3.744149612400205,4,False,-23.681231153485427,
HFCL,687,2.0399641320101987,0.6253681418242185,2.469013127196029,4,False,8.328581327430506,
HFCL,688,0.5690277312244144,0.04901881902175335,-0.7274893306366326,4,False,15.309312700379895,
HFCL,689,2.812872482942425,0.9329347557397212,2.6799456775886465,5,False,13.483324523314465,
HFCL,690,2.8155789060073686,0.031075283567248934,2.719982209457572,5,False,7.823308481195701,
HFCL,691,1.045105242383533,0.3589137588490833,-2.0170474917683756,5,True,0.5515065064997327,
HFCL,718,3.38701195382406,0.903081819235652,2.935802725284642,2,False,9.342518615759875,
HFCL,719,2.413533430262424,0.9764496171493575,2.3964130178069754,2,False,4.743453645121276,
HFCL,720,0.31417441571035515,0.2653563348386673,-1.3480890962994097,2,True,1.1156428599214285,
HFCL,721,1.354481500753309,0.031470383081803804,-2.7837643673997103,3,True,-0.22982222569145616,
HFCL,802,0.1443535830964685,0.1410661801929941,-1.209562696213684,3,False,-13.121680021389171,
HFCL,914,1.0835362400293005,1.0139982049591982,3.740556753483326,7,False,2.370091463739854,
HFCL,915,0.708502713402339,0.6377550181748155,-2.7411861747983712,6,True,0.5473318006232741,
HFCL,916,0.5693526257844709,0.1758999812934795,-2.0571812128188927,6,True,-0.29028942209852193,
HFCL,1136,0.7885189446356365,0.09846937489345774,1.2261722782353157,2,False,28.589692830397983,
HFCL,1137,10.862364080230183,1.1838000607626602,3.6831536302281753,2,False,24.365080300878716,
HINDALCO,21,-0.5711219609980429,1.2767666333565977,0.35544932441806676,6,False,2.701108115426787,0.5788462851413545
HINDALCO,22,0.5179939128150056,0.47894645867239416,-2.2897149990412813,6,False,1.264660480779689,-3.260911774890196
HINDALCO,85,6.973333953187743,1.4282922521784414,1.0105785303228476,10,False,4.823303089676512,1.0105785303228476
HINDALCO,86,-0.18708593429601367,0.18388093623138047,-0.3516028987766817,10,False,2.868915856453902,-0.15357508563036415
HINDALCO,225,-1.9402529034476845,0.46617340276736857,0.8178968489929161,8,False,8.111272900671707,0.9090656394687313
HINDALCO,292,1.8486093398815724,0.5230832799375408,1.0130043260729416,7,False,3.230830856073541,-0.4975124378109319
HINDALCO,295,0.5275451818176192,0.4191334638154265,0.7693016399484165,6,False,4.926752301678805,-0.9351377133969829
HINDALCO,403,1.4006662049535006,0.6240716118703705,0.9029394028159166,5,False,5.010134165714164,1.2089169763247698
HINDALCO,404,-0.6108133096673153,0.15795867723238902,0.05894886064095051,5,False,3.4440984502582594,0.7197497482104298
HINDALCO,405,0.67968182203478,0.1414528591042561,-0.4860253483233379,5,False,2.5243284493202456,-0.7502915224146256
HINDALCO,635,-0.4877352115340799,0.5278469382868408,-0.13286749942453824,10,False,7.315000915885528,-0.5157402334981076
HINDALCO,636,0.1369906726493988,0.8494434724217417,0.9480879711685208,10,False,6.360045679040649,1.950971049086836
HINDALCO,637,-0.8535866826886286,0.4434145618839874,-1.091685172344592,10,False,4.397792780471543,-0.4975124378109319
HINDALCO,639,-0.15371955341139024,0.09674171303753287,-0.15510533666063253,12,False,3.356850307039494,0.26633362763861523
HINDALCO,737,2.452304795736639,0.8639584919583313,1.680800781403624,3,False,-2.1330258802408686,1.6879497665781118
HINDALCO,862,0.6133094969078825,0.6639416409324496,1.1573013603199955,8,False,4.094788431800267,1.2206473073739676
HINDALCO,863,0.6828249065663466,0.8058738923488993,0.9466754103996777,8,False,1.5336177123890016,-0.8373241160454792
HINDALCO,911,0.8745388639850968,0.6123698391365158,-0.2143509968124846,9,False,-3.40559940086248,-1.278100464829146
HINDALCO,914,2.042312195989872,0.6187000535497175,0.5822968589893618,11,False,-3.0829802078639945,0.30094084411722566
HINDALCO,917,2.0376833395318217,0.2980430613066638,-0.6324550502895376,13,False,-1.2921602539774701,0.019746224045857907
HINDALCO,944,2.4263619148784934,1.1382801518869086,1.50884739207644,10,False,-0.8502835362715566,2.155591415473679
HINDALCO,945,0.06647414986651876,0.16625040560518062,0.12706677089839857,10,False,-2.9527651189847903,0.5075631941303671
HINDALCO,978,2.7300426101366995,1.795843710109679,-0.07670596074802472,11,False,1.8704109602645902,-0.005383124174684895
HINDALCO,980,0.3499606356515837,0.8926397731638649,0.801053537578067,12,False,1.0409987356868822,0.779877848329491
HINDALCO,1216,2.837971740359786,1.2187139419728672,2.0128001034133813,7,False,5.97329460689211,2.862906770941831
HINDALCO,1217,0.2763690303472209,0.5450706223423932,1.4535167300751217,7,False,3.3655229329760505,1.843722563652328
HINDALCO,1219,2.751249159017791,1.8448097092204956,0.9893040149766108,6,False,2.7906444787556772,1.5039743809687423
HINDALCO,1220,0.6141609798174616,0.46724289223482723,-1.0186822480357183,5,False,1.2773077655826803,-1.0797232518726663
HINDALCO,1222,1.5581303030503926,0.6300144247404865,0.4102295539844869,5,False,-5.995169210599027,-0.16699670507110964
HINDCOPPER,113,1.3911759905703909,0.28457112997707695,-1.5015368384492023,4,False,-26.844549853676135,
HINDCOPPER,636,0.5034446720653479,0.8982718840337318,-0.14410277034059282,1,False,9.503987622723752,
HINDCOPPER,637,0.4222165233328898,0.07087009479687247,-0.758673822488598,1,False,7.894475515168042,
HINDCOPPER,639,3.994282719981069,1.812781980324774,5.693675311118529,2,False,22.237626098960984,
HINDCOPPER,881,1.755190711194894,0.4404910492464097,-0.6272244976193053,4,True,-11.958290564898167,
HINDCOPPER,998,25.910075724960457,3.132027288082219,8.765297031458609,7,False,15.181311705989554,
HINDCOPPER,999,0.33414444842262453,0.04725517990018273,-1.1704944482228696,7,False,4.495234075370713,
HINDCOPPER,1000,0.5288981116419829,0.870272924106025,0.35540339223956163,8,False,2.823981564642808,
HINDCOPPER,1054,12.588662015692519,1.8593344079193819,5.227798709299214,3,False,9.989299144350117,
HINDCOPPER,1055,1.5793305985221269,0.6818906346806738,0.5434799111820432,3,True,3.3690211423774485,
HINDCOPPER,1056,0.18980592364260715,0.633218688100359,-3.2910314736477875,3,True,1.710694599986362,
HINDCOPPER,1142,-0.6869223509867551,0.21338794115936877,0.03815322095455098,7,False,-0.13747556680661077,
HINDCOPPER,1155,9.96785864726328,0.5454607734066678,-0.47126258483535244,10,False,-4.47096240489272,
HINDCOPPER,1158,2.139078350186163,0.9305935749066571,-3.8710536006557494,10,False,-7.01458461119061,
HINDCOPPER,1159,2.6211683830246146,0.6856644132657108,0.006467756075045905,9,False,-9.048370241974524,
HINDCOPPER,1160,0.7251932238918882,0.24386139385400082,0.5721413278658938,8,False,-12.711446834836215,
HINDCOPPER,1218,1.9889592314540805,0.21422482672705068,0.6734372814208411,5,False,0.9961380989009561,
HINDCOPPER,1222,3.6133899621440544,0.9052009728924746,-1.2726201948534022,4,False,3.224822340122313,
HINDPETRO,152,0.32593158503220937,0.6649602488692734,0.1274415849282562,2,False,-8.098279529827746,0.8030627491408149
HINDPETRO,231,2.8012326151349893,0.6592336874543139,-0.13192407008807416,8,False,1.8382235640127087,0.6195770765334396
HINDPETRO,387,-0.01329772752351251,0.02342359405670189,-0.21541168483566464,6,False,-9.323374356730508,-0.1751115772677725
HINDPETRO,543,16.7984178119303,1.7367537055063023,4.627799070348071,7,False,17.75086433700359,6.092178697867645
HINDPETRO,544,3.1389639726055596,1.8957497531549148,6.337186780759008,7,False,11.343374833742326,6.56796919112439
HINDPETRO,545,-0.17239351721319485,0.1355568406603718,-1.6327109403993512,7,False,3.1877612531798327,-1.945300413497053
HINDPETRO,657,0.38443444882434324,0.640026675257706,0.4260154626614332,8,False,5.9572367188431175,1.3693992902720886
HINDPETRO,659,5.002953706183134,1.3414664057131602,2.966877530327916,8,False,4.887252687777566,4.22139729460056
HINDPETRO,811,2.1319224323535897,0.4799288909245482,0.4207460161169685,7,False,1.05740670540162,0.3962576294509468
HINDPETRO,880,6.645829291648349,1.548662485865812,3.2482969475388312,3,False,12.822511799424019,7.312275830151571
HINDPETRO,881,0.5744474289284616,0.6581890291601364,-0.02790554947597057,3,False,7.099151402354242,-0.8151978516878655
HINDPETRO,945,2.0203776250246626,1.44167480588021,2.937649137550258,4,False,0.9680007902293619,3.172131254036703
HINDPETRO,946,-0.8811893407521841,0.16086176974344982,-1.0059853045424116,3,False,0.4742398454609109,-0.7009002051825863
HINDPETRO,948,-0.9008051338430311,0.6242538365044104,-1.9905042097502879,4,False,-0.18320090478913809,-1.7323131294146976
HINDPETRO,1005,2.0475797723260785,1.3795354358531837,1.1594672111619797,9,False,5.319811280162701,1.5647755638920513
HINDPETRO,1154,6.291690811992038,1.4652805534990283,2.3747274470511837,9,False,3.3235866791004876,2.426012693359092
HINDPETRO,1167,0.20782749450270324,0.024461228761181602,2.383492258989661,5,False,1.9900466526979077,2.345418876797467
HINDPETRO,1181,0.8094371549985706,0.36810945685442137,0.9094173812464801,2,False,3.7358358121940993,1.9520502023436803
HINDUNILVR,164,5.611872562018124,0.19641115813805393,1.0805680436749787,10,False,4.872463395927351,1.1955336725019805
HINDUNILVR,165,0.03517111983491273,0.15696211308555813,-1.1674915353786397,10,True,2.8612471496683556,-1.8242122719734466
HINDUNILVR,177,1.1996041020916046,0.885389143464835,0.13174803819069325,7,False,1.6415485668659358,-1.869654902638751
HINDUNILVR,179,2.539024952722169,0.5718807674989757,0.5377089864264883,7,False,-4.910724295821057,-0.19494188484163733
HINDUNILVR,311,4.279532871952762,1.0018787835194816,1.1759757362204581,8,False,2.042869903253619,1.0120159847323063
HINDUNILVR,848,1.1205439977246856,0.548963623751342,0.5882266291826754,7,True,-10.024307572915959,0.5460796060038797
HINDUNILVR,892,0.6772762522049226,1.0509144195953783,1.3922689801139088,16,False,3.4934598518318483,3.3165690218593724
HINDUNILVR,893,1.86694584170468,0.535461694917484,0.009689694711512153,15,False,1.3854775429894328,1.440426504490122
HINDUNILVR,955,9.669803816314133,0.47974655867764004,2.761192932068579,7,False,4.151946023931852,1.9618083715524648
HINDUNILVR,1144,0.577198670589204,1.243863995830875,2.032663138172386,9,False,0.11627082863705507,2.019414000832165
HINDUNILVR,1145,2.7470305110661,0.9617784699263162,0.9125753834846817,9,False,-4.203774628537616,-0.48473014324713626
HINDZINC,646,1.19729728093883,0.09838762168795062,-2.131502342949776,4,False,14.647352966421723,-1.9607843137254832
HINDZINC,779,1.7075926003655761,0.7470589326020365,0.3394243734598179,6,False,2.320179367473396,0.15343841539965375
HINDZINC,782,0.5777656749972409,1.1152283101942668,-0.2890783941743691,5,False,-11.725527591012375,0.5899464426501577
HINDZINC,783,0.1916564265162377,0.271745407563472,0.6792433277964083,4,False,-12.103287558514342,1.1463446184086346
HINDZINC,998,6.550501441343358,1.3244812516806252,2.3887051710968388,13,False,6.701438075710131,3.063258130758628
HINDZINC,999,0.5265030737135513,0.5783329494353059,-1.3975052382805164,12,True,3.3810179993979395,-0.904649546819658
HINDZINC,1053,1.8952494340184347,0.3786430569558523,-0.4086657340239275,5,False,1.220262808646222,-0.3000672842203622
HINDZINC,1141,1.5184917326438951,0.16457599215635962,-0.7404282028246167,4,True,1.3117739145009466,-0.32161144418674237
HINDZINC,1217,6.8177268358177985,1.8892722430531546,5.315622632763728,11,False,10.528915705162145,6.603507286263732
HINDZINC,1218,0.47438775700691344,0.9770222968496451,-1.9106638902396833,11,False,4.157574699601407,-1.4119045540883612
HINDZINC,1230,1.8379239109750263,0.47860733974944686,-1.2171267654981,9,False,2.4626988102904646,-1.8713179789716206
HINDZINC,1232,2.8919133404457025,1.1650331706928725,1.4951273506305096,8,False,-7.285458669095535,1.9811375374651385
HSCL,215,3.0496881188879748,2.049102164669134,7.392030319694087,1,False,1.975328651560071,
HSCL,1140,-0.27527278681480055,0.7176878118296334,2.08345881318186,7,False,5.434546903126658,
HSCL,1141,0.6520569849178217,0.28827177276085164,-1.0138537723756502,7,False,2.570175999258373,
HSCL,1204,0.8257649628117437,0.4860439906390448,0.5259787971543917,2,False,2.0307216525089267,
HSCL,1205,0.956592245109835,0.924945939802938,2.8972029595558224,2,False,3.1845457458134163,
HUDCO,513,48.019514544401744,3.510557891377532,7.794369513328592,5,False,15.33243704334739,
HUDCO,514,0.6616444325477099,0.8488462314492068,-4.001925104389981,5,False,5.47723813870602,
HUDCO,803,2.586657105662639,0.9251837374515817,-1.3122934689382193,5,False,0.13528614622955182,
HUDCO,804,0.78253350605389,0.1762435323925734,-2.3480512927469444,6,False,-2.799405287111467,
HUDCO,808,-0.15218379050763406,0.3591274827604161,-0.3084049164194358,6,False,-6.561011013774742,
HUDCO,881,0.35812174311145306,0.6376682805744789,1.62131982838023,5,False,11.209518385066453,
HUDCO,1042,4.6339941082641545,0.41642064941047563,0.6078386000696101,7,True,-12.235715397671608,
HYUNDAI,24,-0.386004250089206,0.028376702727675344,-0.6823573825339491,6,False,-6.4931764210898635,-1.5909463670657598
HYUNDAI,76,1.7753956456482187,1.1768046908251328,2.0949281254202035,5,True,-8.820761059567017,1.5194298776388449
HYUNDAI,131,-0.4473181203732404,1.6397136817211877,0.664767331434013,5,False,2.0481651238997367,-0.10063641904437537
HYUNDAI,393,47.01263982021332,0.37862052378630034,-0.7142459715854366,3,True,4.760918310351259,0.30234680722047713
ICICIAMC,72,2.912403592062451,0.7027646324292353,1.440121364212188,1,False,9.512021230571044,
ICICIAMC,73,0.8135250055872698,0.7997708254053626,2.8597470661957614,1,False,6.6362857112339135,
ICICIAMC,105,1.415882106536919,0.738297256017017,0.4621100648222187,4,False,-2.6467216582519604,
ICICIAMC,119,-0.05698638119269734,1.3263784816718198,1.0244620439776142,2,False,-6.985778278540722,
ICICIAMC,120,3.7258825026114635,0.008030224142610677,-1.2463010562239307,2,True,-7.680120449669159,
ICICIBANK,34,0.45791622702789925,0.5192482318984121,-0.6901680886209793,5,False,11.832343791484412,-0.7831751037803203
ICICIBANK,37,0.9328167980086585,0.05339904721607994,-0.5695334357546766,8,False,1.2637690195049345,4.76014030054861
ICICIBANK,38,27.4518783813319,1.9301918499788622,9.357247066108476,8,False,-0.7313745109211789,7.668231750388466
ICICIBANK,87,0.46562137174388657,0.2906592626208298,0.3922912313027105,8,False,5.3154592572386195,0.4117792239845208
ICICIBANK,91,-0.24014113335411685,0.5958085876947073,0.5504711684750418,7,False,2.16275131055359,0.4264496190843792
ICICIBANK,93,0.3239908322408654,0.30114359763869875,0.6077978412062368,6,False,-1.1997823468694269,0.27192962383042474
ICICIBANK,148,0.7262708500447372,0.23991377660138405,0.40350362672385565,9,False,-0.9278532464642941,0.43040146627748577
ICICIBANK,149,-1.1410119443834197,0.26246236473890816,-1.5591554272174735,9,False,-0.8491768182359194,-2.8198564771377277
ICICIBANK,215,1.5027202944427533,0.9369045178288306,1.0787645928772127,6,True,1.40715564093723,0.5336322461537257
ICICIBANK,287,1.758158423667873,0.8753215580338252,-1.3982057795682734,7,False,-1.9578073432549248,-1.2916150055327202
ICICIBANK,560,3.492991271274228,1.819825655977436,3.59965009062162,14,False,8.036500733105756,4.780718257452254
ICICIBANK,561,1.7351611302500254,0.69367416288429,1.3628182230573938,14,False,1.1027688508902678,1.417826671438771
ICICIBANK,612,-0.8879091584661961,0.8807768804067622,0.27587746385817624,6,False,4.4214166836972435,0.016485873085159142
ICICIBANK,657,3.649548550945629,2.299847933880909,2.5521350960061806,15,False,-1.7836724530460035,2.5344495055824368
ICICIBANK,658,2.0902989691248486,0.42099233183782375,-1.6135898192219722,14,False,-2.9734179578584596,-2.2464669244885105
ICICIBANK,695,0.18249432690219464,0.9869784279364954,1.3898674276068057,7,False,4.940359967335239,1.7326479530847205
ICICIBANK,696,0.015835430290540596,0.5687440276943206,0.492562065295421,6,False,3.157516631446833,1.3464993099129074
ICICIBANK,697,-0.3267309926843061,0.3020782266389893,-0.737547998712762,5,False,1.6018203412524246,-0.15982771696431142
ICICIBANK,880,25.217493783629468,1.2111928592592023,0.9188511349942807,6,False,1.9182001575330787,1.8843822174289926
ICICIBANK,881,-0.39888009184741247,0.09602213986986723,0.17739504214011603,5,False,3.758446549452521,0.24008939734243562
ICICIBANK,1078,0.7671120591591837,0.3243563289284076,-0.1426203134366033,16,False,-5.862670302556383,-0.6923595032959473
ICICIBANK,1140,0.2392670658943176,0.27452203059508257,-1.1501097617338751,1,False,1.8049050557135127,-0.864139142166831
ICICIBANK,1143,-0.49399863279149386,0.2508398946402642,-1.2764164437214398,4,False,-9.71326506866852,-0.41744051952607997
ICICIBANK,1144,0.06648816010746515,0.598216045130575,0.36998961796284036,5,True,-10.676206755431428,-0.2372635860162564
ICICIBANK,1179,3.2321177250536848,1.099990216361397,0.34056364425956165,5,False,7.532782063195698,1.3310171957974237
ICICIBANK,1180,-0.14132957235786642,0.3899358916510479,0.08472631800673369,5,False,6.511704374904359,1.1148291241420472
ICICIBANK,1181,-0.3999876794625912,0.9510373829273315,-1.733619534226627,5,False,5.616377873017786,-1.4153382432229633
ICICIGI,146,0.22205274414164283,0.05915269739592369,-1.0968971437107289,9,False,3.992333012958138,-1.6330031124435762
ICICIGI,432,30.654908038904903,0.6270116787569899,4.711927027088647,8,False,7.727691212965726,4.188789297991757
ICICIGI,593,-0.07503652177568694,0.8961997473907211,0.24066329409020426,3,False,7.2516786778758835,0.4462780946217437
ICICIGI,595,-0.5037852055502202,0.9064279057048348,-0.06690912945258587,4,False,5.395124985715571,-0.06690912945258587
ICICIGI,813,-0.285520528382038,0.31433601036162867,-0.0768322647049402,6,True,-8.671830719818619,0.21789539249954526
ICICIGI,899,-0.20178768353696008,0.5319271832600558,0.7077666847458586,11,False,0.3381464460168848,0.17208707472060603
ICICIGI,916,-0.7228192978322243,0.6737367203795058,-0.248758803224558,12,False,6.181854089757333,0.2275828925518697
ICICIGI,1020,55.056894102501026,2.5931622254432303,3.6210724125827154,15,False,3.6159384095950653,3.1184284761758274
ICICIGI,1105,3.8409524531016697,0.3081438406960255,-0.0025538373835787276,9,False,-5.32975895761576,0.053580754082172
ICICIGI,1168,-0.7970531758733702,0.03769752812519956,-0.524248918075132,8,True,-4.256664173940273,-0.4868204566896628
ICICIPRULI,509,2.461444738965176,1.4930769424710646,2.0230593570587097,8,False,-5.410045067027259,2.014488083833199
ICICIPRULI,510,1.785708936922918,0.4589231041522278,0.23436200627080517,8,False,-12.689974782920777,-0.04008710311982355
ICICIPRULI,897,-0.2444851049606301,0.04638727151143594,-0.39011676130553674,6,False,-0.26620332723058526,-0.3735990037359693
ICICIPRULI,1038,6.508015695944648,0.45337785408687836,0.5028297509537705,15,False,-2.9428019583059517,0.20907208924763054
ICICIPRULI,1202,6.435957440903496,1.1793845875536269,-0.9407890567895039,2,False,-1.4689631301431083,0.040079335255027715
ICICIPRULI,1215,0.83457156347178,0.5925266159047862,0.49327285793694386,2,False,-1.6422166173383101,0.38746243211018605
IDBI,21,1.0211444441331827,0.2144906139262724,-1.3751479090550522,1,False,27.477278281131824,
IDBI,22,1.0596441467583904,0.9365220059869035,-0.06582970276740596,2,False,25.403352860840968,
IDBI,23,1.23680505919373,2.144729431907922,1.95178112093779,2,True,18.586551293014118,
IDBI,502,0.3811044227180171,0.5975306108644147,-2.1035196311479765,0,False,-2.1733395454198168,
IDBI,504,0.1278780483398635,0.16829032092348103,-3.295597470601641,1,False,-3.636826844673968,
IDBI,711,4.190544629565763,1.4000904486302428,-0.6376165099276188,6,False,5.074107493956448,
IDBI,1028,10.77958465431051,2.1361899998755707,3.852543932623309,13,False,6.33248579976986,
IDBI,1183,40.658427515566366,3.695306392043579,12.712112513701634,8,False,9.331748196991807,
IDEA,58,1.845095459647197,0.542882536572832,0.41535793481641825,3,False,16.846963701669072,0.41535793481641825
IDEA,59,2.2957672565687055,1.1051892305568065,3.0403504126502945,3,False,13.211720868854538,1.2714189874196924
IDEA,61,1.8529866524255663,1.0331737199138158,-5.155077300602196,3,False,8.394200831882003,-5.155077300602196
IDEA,63,3.305977746963102,2.1002000381202133,2.7122499158247937,3,False,15.95249762317794,-0.497512437810943
IDEA,152,2.1268797186081727,0.4820918932874161,-0.05131122463468696,3,True,-18.791685582814267,0.394889988541558
IDEA,495,2.5220342020785504,0.2555059067465931,1.1889660405846936,0,False,12.432184489538534,1.1889660405846936
IDEA,496,0.970894665257674,0.2483175538465808,-4.777195356560493,0,False,6.991919915570044,-4.777195356560493
IDEA,499,2.9540350577637424,1.8333494022466355,5.853714468284932,0,False,12.734201870724693,6.912255650966559
IDEA,539,10.086334297923223,1.2500721536096697,4.396055712014824,3,False,10.920810652411795,7.250630650986367
IDEA,540,1.1585686964553294,0.8069583427572103,0.971157544013268,3,False,-1.9661824196351207,2.8069967720862232
IDEA,541,0.811295885500443,0.33441835210277326,-1.21594467169871,3,False,-4.808092138182396,-0.13830317234464484
IDEA,611,-0.6155773879561524,0.1156075096074174,-2.9392890593211596,2,True,7.133046781476859,-2.6340655262187096
IDEA,616,3.9217001136506426,0.8805383246709325,5.1969000405187815,4,False,-25.67284461081941,6.395729737476263
IDEA,674,-2.613974613452003,1.1745355803407957,6.559401382769936,5,False,12.910621129293709,7.265088726829516
IDEA,835,-1.153671815587247,1.2315626698046078,3.7668873098826605,3,False,17.74461065848314,5.89907588694718
IDEA,838,1.8277272339241963,0.17467620775451306,6.924830769216639,4,False,1.8690360847525511,6.924830769216639
IDEA,945,0.516649719949663,0.45256488832305924,-0.09137698991291687,4,False,4.3760806604455915,0.17937782358445897
IDEA,947,-0.24152959667844393,0.07227722264593563,-1.8154311745039897,4,True,1.6111474860143193,-1.8154311745039897
IDEA,949,-0.191635589676031,0.07175138634401307,-1.9376817870479623,6,False,0.9426569114260985,-2.0686028680921953
IDEA,998,-3.080419447133829,0.6942175409850545,1.4898823321308763,2,False,11.29438509879337,2.6823242483150933
IDEA,999,0.9672883363840493,1.1258340348419755,5.188351036464001,2,False,8.548166008976764,6.351356801701757
IDEA,1149,10.409575276117158,0.7590900228607018,1.5435622836090124,11,False,7.3606374054208334,2.564104510624987
IDEA,1150,1.4080956465213113,0.6883204691427682,0.8749390837381688,11,False,3.12968020135016,0.8749390837381688
IDEA,1152,-2.356396269389509,1.277982170388107,-0.7804553764713895,11,False,14.875858479846539,-0.7804553764713895
IDFCFIRSTB,219,2.1838554865909217,0.9114765902396033,0.22247663425434272,8,False,5.406395755892079,-1.2175015098762065
IDFCFIRSTB,272,0.1980137298951815,0.2198471241337401,-0.22188649190814091,6,False,1.2481395818184637,-0.31376180720906754
IDFCFIRSTB,408,-0.14179053484380882,0.5808467687579019,0.007148079251328987,8,False,12.287250607597189,0.9323600967165557
IDFCFIRSTB,643,-0.09046026187186207,1.111606103511484,0.811729027349406,5,False,-4.72279212449509,0.811729027349406
IDFCFIRSTB,688,4.272030260761106,0.0782475919232237,0.16071904802414938,6,False,-4.666302548286416,1.0749278950484165
IDFCFIRSTB,689,0.8185058171302982,0.4282849182347309,-0.09235697215642658,6,True,-6.789404807455968,0.45580844491055483
IDFCFIRSTB,690,-0.1646562464972165,0.39382866299156727,-1.1253243062033458,6,True,-7.285007530127441,-1.2674739704796156
IDFCFIRSTB,850,0.20954692103869815,0.08328950256532856,-0.4353823633941434,7,False,-10.377859526748667,-0.4353823633941434
IDFCFIRSTB,891,-0.3511670645639352,0.4262589782288857,1.185368320123148,8,False,8.880879216317638,1.789897272429375
IDFCFIRSTB,892,-0.5470941738269262,0.4773029142633212,1.0991256887847634,8,False,6.399963781827234,0.5882019755294232
IDFCFIRSTB,893,1.2649613764253038,0.0,-1.2498934842135712,8,False,8.280278395672557,0.08244683098823646
IDFCFIRSTB,894,1.0719884732140947,1.1914132956452752,3.526079539051663,9,False,7.192370252394897,4.100883472472305
IDFCFIRSTB,895,-0.1253170045077731,0.08203866692742688,0.03840854089174339,9,False,3.4176886764685666,1.214456724287838
IDFCFIRSTB,896,0.23118157245645055,0.20014298656794652,-0.0008088542110429309,9,False,0.9195707149331822,-0.0738475981148734
IDFCFIRSTB,990,0.16156208986831566,0.04140890346074196,-0.16749054376381523,9,False,-5.681658375701937,-0.16749054376381523
IDFCFIRSTB,992,1.333640403334967,0.793250348899303,-0.10352263262338735,10,True,-5.211791020205525,-0.10352263262338735
IDFCFIRSTB,1145,4.226081067068081,1.17515857892852,1.6284761166611261,8,False,-1.929314834621143,0.7751897697326982
IEX,70,2.4472509595725214,1.7256112909581323,5.053138186768447,4,False,-10.051029113592557,6.173940029596037
IEX,141,0.7001948720458789,0.5608813752952732,0.037562249587019814,3,False,2.284875936658426,0.5512326431543757
IEX,400,-0.2588053472130142,0.6348554800441092,1.2885962191524492,8,False,1.223652759740368,1.580866562738814
IEX,501,2.2856121975803108,0.9209767108277437,-0.35319254641664743,7,False,2.460869174781477,0.151894043277645
IEX,504,1.7839918787889364,0.9190135721591702,-0.42738659919768773,6,False,-6.7383268851640254,0.30889190743854655
IEX,647,1.855521695500896,0.4743122826418276,-0.5957016866223963,2,False,0.2225753492508753,-2.4286442447251755
IEX,671,9.800951206669197,0.3783496146146747,-0.061509698305217686,4,False,5.06465648333061,0.6236442524515606
IEX,722,1.6494424400727523,1.347943927824036,0.02483939358295384,3,False,-3.237290654031,-1.219585879128915
IEX,811,1.0203100164711598,0.7585268235776143,0.7199363878728438,7,False,-4.0916247787859295,1.048115225189039
IEX,953,12.028532423996243,1.1788162879369315,2.185372748046044,5,False,-34.98187712095386,2.2050242614090054
IEX,1051,3.2802892867510103,1.7952152983092615,0.537326098651314,3,False,-3.403298557743206,0.3728545447605258
IEX,1052,0.4388132438153959,0.5396771476362262,0.03450987777378067,3,False,-4.336185029668693,0.20961389449223322
IEX,1054,0.2078518568778291,0.7877293750298779,-2.2161537523304853,4,True,-10.525098741967032,-2.7647867773312407
IEX,1077,3.597728135380941,1.6919109430903931,0.37799412502776963,1,False,-17.774091824625316,-1.4508283921499943
IEX,1155,-0.22542172062755741,1.0261950095276773,2.4344364934424823,3,False,-1.7759320215650298,2.694711016401108
IFCI,1080,15.72608287065796,2.3351980670534562,3.0261541926619895,4,False,10.76726125144063,
IFCI,1081,1.5470073848731383,0.10213398349028106,-1.6570963911515135,4,False,3.4587128717906035,
IFCI,1083,1.7732194608621066,1.291082660599466,1.288857261041021,5,False,7.866710515370334,
IFCI,1084,0.12835598111599106,0.4580549903783848,-1.7928352959305838,5,False,2.061527398279872,
IFCI,1225,1.5315735882863935,0.6546249411677647,-0.8367212591964379,3,False,23.523799541835857,
IFCI,1226,2.6151265715458196,0.8369163964666585,1.5367127547873949,4,False,22.702673207625157,
IFCI,1227,2.5646805910434085,0.06598228294484719,-0.6434851927465624,4,False,19.597606134055635,
IGL,149,0.02257161517188292,0.444655154150088,-1.421768698351722,5,False,-4.675629230720246,
IGL,237,4.539019225922843,1.713786930594191,6.579962680956286,4,False,8.460319868627675,
IGL,238,2.06830802624078,1.6096640831791988,3.4946130023034483,4,False,-0.7861026485773359,
IGL,239,-0.2249653092786042,0.5734673534809014,-0.3610972643049104,4,True,-5.317462040900367,
IGL,401,0.8147047400873919,1.0565984002172406,1.8169882543241256,5,False,3.363496819213574,
IGL,403,-0.9547864689706259,0.7022685669488709,0.5566681776922211,5,False,2.061181408949686,
IGL,404,-0.7411982942159656,0.2252456316256282,0.14998969707258336,5,False,2.4870563299415505,
IGL,602,-0.36247600712194405,0.795199183731186,-0.20065284549282136,12,False,-7.182319099856372,
IGL,643,0.8992754489341132,0.9516853642288774,0.8496973774020367,3,False,-1.64316878220504,
IGL,684,-0.33740535043850595,0.21801580322172368,-1.957716657801123,5,False,1.5989210744952187,
IGL,687,-0.9575286315253971,0.3153631402960599,0.00554011999347459,8,True,3.4242748007695445,
IGL,822,-0.11991990426343467,1.1476524673728974,-0.41194064682371634,12,False,4.087010441726169,
IGL,823,-0.5002830798602346,0.5101223214340135,0.8613817318057215,12,False,3.300113232146229,
IGL,825,-0.08717546233566109,0.9765884516860662,1.4082090781917245,13,False,-5.309462173617896,
IGL,826,1.8934519843214965,0.8306081930748307,1.6560729002016883,12,False,-11.726091763405188,
IIFL,690,0.7910129963994559,0.614272320702769,-3.937227689209255,7,False,-1.5842654875983353,
IIFL,1198,2.2680999850739174,1.2134293463663137,0.6481080589681554,8,False,4.787109131397327,
IIFL,1199,0.0220678315865741,0.3951007178719462,0.29183648907273874,8,False,2.9048249832813067,
INDHOTEL,94,-0.01209489466827323,0.1991081151743306,0.12081232019727217,4,False,2.9983953134593344,-1.115837195819136
INDHOTEL,95,-0.6985315279427547,0.37570700854005995,-0.8035333794721433,4,False,-0.2856562066662627,-0.9212320838590471
INDHOTEL,213,2.2661818020575324,0.8165770799892397,2.052763954812331,5,False,4.812072807492873,2.219992474601784
INDHOTEL,215,-0.27734178778340574,0.4490367164566634,-0.31512622296168136,6,False,1.6100746565511415,-0.7001651619701788
INDHOTEL,217,0.15038385874169452,0.12339192189826938,-1.181653692404372,7,False,0.8908931372428874,-0.7590938719886475
INDHOTEL,497,5.320192031879998,2.3484729682125627,1.5000847018150854,7,False,5.117693964768266,2.852124391889088
INDHOTEL,498,0.861629658965407,0.13559077000463776,0.049201617196659164,6,False,2.568855129130365,0.2869046418296328
INDHOTEL,880,1.8540265183601337,0.2865578144033628,-0.4975124378109319,6,False,1.5958132617049259,0.11178347600182548
INDHOTEL,881,0.20884150199709142,0.4799066143395337,0.7285505873085185,7,True,0.6209006533730577,1.6794984913367506
INDHOTEL,882,0.7259746686917474,0.8167283504048113,-2.6649529456649668,7,True,-1.7838801514307057,-2.259658026279454
INDHOTEL,895,-0.13312373413952744,0.09845211835561794,-0.02258855970560525,7,True,-14.66211565294957,0.327669249749718
INDHOTEL,982,12.71924824451002,1.9787249299212335,2.239689891111918,9,False,-1.9231402621511573,2.645203352496095
INDHOTEL,1141,0.6363076138635652,0.06899060894229248,-0.5965008733154753,4,False,2.4948661413916495,-0.4061456471058156
INDHOTEL,1143,0.2207197207154215,0.02363346444362885,-1.0153264364511805,6,True,-4.782593896386089,-1.097874369962859
INDHOTEL,1155,0.8683397583590057,0.06341088696739328,-0.48264275246523436,10,False,-2.6913266254675716,-0.28184753258649886
INDIACEM,91,0.9434429534285346,0.8804927145605131,0.36528756970768406,5,False,2.2313330044481994,
INDIACEM,562,-0.4514171645683537,0.4509625886691592,-3.368880942011998,14,False,-1.397210239186275,
INDIAMART,468,19.78885147361813,0.9130323800005882,4.547372718221343,2,False,3.9899620655655887,
INDIANB,593,-0.8753790331448572,0.5279450214373239,-0.8219190068837978,5,False,17.221651653375925,2.9143210311567636
INDIANB,594,0.44711873284958487,1.0573821469237004,-1.580982619454796,6,False,15.854065717419852,-0.8402405291251802
INDIANB,671,3.163220299752599,1.7946407206129482,3.807109410175258,6,False,9.43829537455121,4.14100597612117
INDIANB,673,0.9511011509358441,0.28442944507304796,-1.1923121964262706,7,False,4.022984317367917,-1.1837364899639713
INDIANB,799,10.072093967062546,1.1205825463133994,-4.080593055121861,2,False,-2.688116571391297,-3.5456749587807312
INDIANB,976,1.862843837914423,1.3976017988093183,2.2483215743535956,6,False,1.7173584801247532,2.6351642625823013
INDIANB,1074,0.4312390788524893,0.9380990634333165,1.553845041859736,6,False,5.7213930348258835,1.8603664143736376
INDIANB,1076,-0.5380324781811343,0.024676820194666507,-1.2540082414276066,7,False,2.7863820191524002,-1.2540082414276066
INDIANB,1184,-1.210894669637059,0.20807693843553401,-0.7864166548944618,10,True,-12.489924483581227,-0.8600620248635726
INDIANB,1217,1.5105107622492515,0.10209911968180901,-0.48586257341012296,4,False,3.592585681777982,-0.2528083873993836
INDIANB,1218,4.211821244061142,1.0306442933231095,1.0448077039973747,4,False,1.7929467082243633,1.21169463105959
INDIGO,42,21.46062590386369,1.7969667431124101,3.1196417919058916,0,False,9.332327703694165,2.7783139128927603
INDIGO,43,-0.12137410292613415,0.11776851973434849,-0.9700959774201712,0,False,4.7986560064942285,-1.6153581121281846
INDIGO,44,-0.3932206315724647,0.14556929065533455,-1.6820658611703232,1,False,4.071479338003869,-1.8061619340936863
INDIGO,94,0.24137894872775145,0.6795208287668356,0.909161160803551,12,False,-7.114546624516304,-0.19876515031226338
INDIGO,111,0.6500622756144718,0.2170617434679895,-0.6999683493110309,5,False,-16.71691118221895,-0.3633008408034266
INDIGO,112,-0.3016586225903121,0.7855879323517407,0.3394681548910983,5,False,-22.98240559298028,0.19254955646823557
INDIGO,113,-0.15905890472443315,0.16845025738286099,-1.6517061181058779,4,False,-23.935340919271287,-2.907031296373841
INDIGO,147,-0.18390031181806119,0.24330602654409855,-1.5516489046875637,5,True,-7.876461692927672,-1.4826855819910167
INDIGO,218,-1.151537066598719,0.4716831247165158,-0.4409769335142366,7,False,3.2338308457711573,0.18091361374945603
INDIGO,219,-1.0773922253677357,0.2439836042687496,0.11071266685938053,7,False,2.3614322752435246,0.9599887884521152
INDIGO,220,-1.010084320602475,0.0027566866245861163,0.12229491726076791,7,False,1.503654909808505,-0.6448219469169403
INDIGO,223,-0.2390107901337199,1.1172427704327155,0.44033676600820915,9,False,6.966759772275211,0.5888493645596293
INDIGO,306,8.366190335608392,1.3908967836181303,2.9864031968390936,10,False,7.327027016900356,3.8920604443921647
INDIGO,307,2.111135190889354,0.2573844533494157,-0.5289677634389478,9,False,3.4476701812610866,0.1368611618280946
INDIGO,527,0.7590355017035146,0.6409184015867714,-0.7809934556737064,6,False,-2.6150687272972872,-0.950320295345497
INDIGO,602,9.239084434803038,0.6316886678880634,0.17057260818922337,8,False,0.5780636129866679,0.7675921607241731
INDIGO,736,3.3739322968194854,1.8934590305443146,4.387864581602008,7,False,7.698702426758186,4.555175126594202
INDIGO,739,0.5235455489673295,0.6942417575930813,1.6762484966204472,6,False,2.5246187004430043,-1.0174183307274154
INDIGO,804,-1.1784694958364754,0.23561706308173894,-0.28833107191313934,5,True,1.0673947379579607,0.6331976481230406
INDIGO,805,-0.5903252087633332,0.4041618710607104,-1.1192390051034673,5,False,0.3105019523414354,-0.7040093879418285
INDIGO,848,-0.61323342959894,1.1078968548308037,2.6677175482860527,4,False,2.874549740976673,2.451757287960099
INDIGO,915,-1.6614662813324192,0.19229304029254085,-1.1108474067041851,8,False,-2.5686290718997418,-1.1552919696674713
INDIGO,945,5.429366289645087,0.8600529096135591,1.1370967601697979,8,False,1.9196224400541917,1.554443789441473
INDIGO,946,1.6780886764507918,0.9163120853899247,1.767197213215188,8,False,0.0899498400868115,1.5288067236334912
INDIGO,1217,0.0009091770259261079,0.427133431604252,-1.0290232389351783,7,False,-3.769053058523908,-1.019859259605449
INDUSINDBK,223,6.383478604531458,1.413000469941927,5.118173430576278,7,False,8.632831659388817,5.334376074441716
INDUSINDBK,227,-0.35684888405945947,0.64494612978036,0.5181293378152318,9,False,9.489666128114994,2.0210820497987614
INDUSINDBK,403,1.6411305274470713,0.5010400210756853,0.38189274229458725,6,False,1.8326916861129527,0.8863265547542687
INDUSINDBK,404,0.7153707867869327,0.5088901845660639,0.39536405071873837,6,False,2.6406718230986614,0.05397041350390097
INDUSINDBK,639,-1.2640371821716625,0.29458311676116955,-1.9030749471522057,5,False,-6.211987399909191,-1.8680995042762993
INDUSINDBK,850,4.282701763889129,0.8180668528956807,1.7569520365798397,3,False,0.5033903358035108,2.267121530670213
INDUSINDBK,851,-0.09221509849321406,0.29052193960151157,0.19169987322205095,3,False,-1.1772972196985032,0.2766744115950903
INDUSINDBK,853,-0.5168811303766618,0.6038340398465836,-0.46061299766394503,4,True,-9.232917221488357,-0.7465639535787383
INDUSINDBK,1028,1.9099791601253981,1.4115003972039162,3.0791637666589544,14,False,6.475391898788141,3.62694300518136
INDUSINDBK,1029,-0.18530041847865722,0.18991159344485994,0.1849037642736917,14,False,2.49891052391924,0.1290681967802243
INDUSINDBK,1145,0.012640907915612504,0.7161523560898935,-0.009107305209143934,8,False,3.444209890694516,-0.9744214764855763
INDUSINDBK,1181,3.1780756435324173,0.27544690420194745,0.06004591343191645,7,False,1.5879666545538962,0.03860010293361693
INDUSTOWER,431,3.348190056813395,1.7181611676353676,-0.17890055356022394,1,False,2.9435017460544888,0.6176291570665349
INDUSTOWER,499,0.5072172603180544,1.0296626316655906,0.1639982625609937,4,False,1.9004733140478347,0.7979526762396549
INDUSTOWER,526,0.7999272066746171,0.23253528784670674,-1.456447892571544,5,False,-14.906819529963899,-2.087328507855968
INDUSTOWER,579,0.6221668834388424,0.6101137282233196,-0.6200524471239754,4,False,6.095138567380931,-1.0857029866638057
INDUSTOWER,580,0.18266334572928508,0.04421079596908404,-2.522768798508679,5,False,4.372728336020137,-2.1370053318126248
INDUSTOWER,582,0.23129802533410035,1.0192475305402953,2.877059953506511,7,False,9.29350868972174,3.613764777401407
INDUSTOWER,583,1.556877581632601,0.4790736129125441,0.5663180060112349,7,False,4.097344829790717,0.7474003783712657
INDUSTOWER,615,20.16086227023468,0.9785805867406143,4.758890847448782,3,False,7.951835100463334,6.431386718766663
INDUSTOWER,696,-0.19965438700919866,0.1522355620866353,1.4897562179283508,2,False,13.079853832378795,3.9495261124544934
INDUSTOWER,697,-0.2098364059710889,0.08954558691437298,1.1464819413903093,2,False,9.64947544284136,1.604649432974381
INDUSTOWER,698,-0.3895726083742419,0.8556423054531616,0.756613568687925,2,False,5.204233254217705,1.2608523200691835
INDUSTOWER,699,-0.6879987527094734,0.5227525985457147,-2.3297864149918635,1,False,3.5360298516409427,-1.00647656856383
INDUSTOWER,806,6.3628862796640355,1.0168789570682697,0.20534110416581264,6,False,-9.166084317203794,1.431898678353405
INDUSTOWER,837,2.230364585373517,0.3640720641603639,2.3921505086937023,5,False,-0.9609520090046453,1.9287109375
INDUSTOWER,888,1.5506756344639019,0.04024325532736607,-1.1010599423581513,6,False,9.159189029970772,-6.724994120393268
INDUSTOWER,890,0.18641099883635107,0.4973699786314063,0.2190119772021326,6,False,7.5870630263044525,0.3677298850939037
INDUSTOWER,891,-0.1605942876174556,0.04557322008867057,-0.8719825326283459,6,False,6.430212886236664,-0.751621517956258
INDUSTOWER,939,6.849532386393122,1.4831691121737955,0.22136302557478338,7,False,2.886165610423297,0.12220909354918597
INDUSTOWER,941,0.9926410312792622,0.652006073375896,1.383345106816658,8,False,-0.33873986230739117,1.5909742229958335
INDUSTOWER,942,-0.3965370069888484,0.04063895630699314,-0.8316522250776726,8,False,-3.337711555129863,-1.4283330179472364
INDUSTOWER,1027,1.648428045542564,0.9442601628087955,0.6764812727169556,11,True,5.202880837860957,0.6895304242710232
INDUSTOWER,1028,-0.11427663949968372,0.5182088737211724,-1.9005907608223405,11,False,3.1067173833291717,-2.685794829217414
INDUSTOWER,1091,3.3188999595153232,0.26859344101110255,-0.36296418080188353,4,False,2.294473395234875,-4.848088581283571
INDUSTOWER,1162,-1.4238512272299049,0.10028733396336995,-1.3790730375479066,3,False,0.48709814896057413,-2.1118061724540893
INDUSTOWER,1166,-0.9875607683501396,0.3243054608360797,-0.6220576228118224,7,False,-6.758876142853875,-0.04461080401787498
INFY,33,1.120491654345844,1.2530684819174946,-0.02052704937083316,7,False,-2.79037511191057,1.1984272866537804
INFY,34,0.2775057630407295,0.1923367671026063,0.7829128075056868,6,True,-3.752497965201085,1.183909491677948
INFY,131,-0.033831865838397465,0.4713222611831143,0.240462995353119,8,False,4.516304652950542,1.9762299613045986
INFY,132,-1.307308153992065,0.4053717264710434,-0.8071648336093973,8,False,2.7131201588531884,-1.4536389802751848
INFY,134,0.9847929374720753,1.267620836680017,1.9809450469228551,9,False,0.3843757542919768,1.8541916025476501
INFY,137,3.8857286185761257,1.3425867169093781,-2.6188332434955774,11,False,-4.719149603647321,-2.2827813439399214
INFY,223,-0.10598220141740584,0.44406594101936936,-0.03449945457359993,12,True,1.0610795530092032,0.037233605824793514
INFY,233,0.9237517228960577,0.34153879729860637,1.3974727898128814,10,False,-7.358113889152951,1.9361805250221797
INFY,234,-0.25410952994728364,0.2320291075556501,0.2965996790973868,9,False,-7.377724719433687,0.3183120848191834
INFY,282,-0.602369804333155,0.18495374751036497,0.0815288887918264,6,False,1.0233099110426247,0.1014991929982223
INFY,286,-1.2587658595848688,0.02096476300682362,-0.043116451427294145,9,False,1.260801067960582,0.6318896907162141
INFY,287,-0.3069513807967144,0.06026697336779893,-0.20328114614113213,9,False,0.5388339598746406,0.09095014552864544
INFY,458,-0.3842730482812644,0.556611355028404,-0.4014068714285002,12,True,0.9144452762885225,-0.7525486365996703
INFY,554,-0.7208867991645856,0.8211851095029056,-1.1590630756913245,9,False,-0.4531798367347739,-1.4114050735538952
INFY,588,7.880998957002653,1.3517155875732858,2.9033581329946045,8,False,8.046131751491181,4.957912842220713
INFY,684,1.082828347317183,1.6469296175212365,3.1339652703651355,13,False,3.0734390000599188,2.5757986222079143
INFY,810,0.3647625635719923,0.22803509716665676,-0.5664010614670922,13,False,-3.9369042050718006,-0.23726306555929
INFY,811,-0.02655340665002034,0.46716616475630707,-0.06469236366384301,13,False,-0.8898324867451457,-0.011543032437733025
INFY,937,0.2186970028133405,0.5837441291110665,-0.1871012302317676,9,False,-0.13841350091162719,-1.3374556393433878
INFY,998,2.1201790208175333,0.3485139165470864,-1.1004038171380848,10,False,-0.12800347203898443,-1.1004038171380848
INFY,1083,8.485612726943735,0.7832583470787287,2.2558555909172773,9,False,-7.063236198624379,1.9653874375174185
INFY,1212,2.175073349268177,0.24963501495392293,2.8029255231164285,8,False,4.973567566726045,3.9060397609627318
INFY,1213,0.41703966240766904,0.37294666046471603,-1.3007119331690409,8,False,0.8269088221409149,-4.393872251959374
INOXWIND,674,1.73841812403232,0.5869566267233308,2.3002422965379354,2,False,-9.851790269542482,2.982247696036855
INOXWIND,705,-0.060811678904370274,0.7687381872432606,-3.525060971462235,1,False,4.204586821987633,-1.7048935160563383
INOXWIND,708,0.9824978541008991,1.3852662639662576,1.18148523604944,1,False,0.42741142184512526,2.5070068766963605
INOXWIND,718,0.7916757628784541,0.1702427210196865,-1.7370499059817135,2,False,18.03892903598292,-1.5729142242658645
INOXWIND,720,3.207642819385389,0.663079466714007,0.9651061143393758,4,False,14.673095241225088,1.3884998903161971
INOXWIND,914,0.6827947643841463,0.4754815485057143,0.7236565253897487,3,False,4.935549870167111,1.7639077340569909
INOXWIND,915,1.7563033698758834,0.022564459484009435,0.014190344600306659,3,False,6.026608926591148,0.5036322652630432
INOXWIND,916,6.4693631187032405,0.6097831423528622,1.1094733760837805,3,False,3.8440781207911945,1.8666637527783525
INOXWIND,1141,1.1576723299055989,0.14976734837225836,0.6845310582043407,3,False,10.351930327571512,1.0961338363142392
INOXWIND,1142,2.5410240014149754,0.47070678851348247,1.0193264890428821,3,False,7.891525704144087,1.122511150413641
INOXWIND,1144,-0.27028099556619695,0.5357615627715682,-0.4477581574549139,4,False,-5.124379627740194,-0.4278610001748895
INOXWIND,1145,0.05364275438251694,1.0055699845552288,2.613471932210154,4,False,-6.425070575603275,2.063899484786691
INTELLECT,475,39.98645136437635,3.1619324601219856,5.124657546779399,6,False,4.972501440494814,
INTELLECT,480,0.11143986363002985,0.8020658623924053,-0.7556793033705156,5,False,0.6642428342521711,
IOB,655,9.705559147663507,1.2088028231811883,0.17632619191996213,4,False,-7.086086367641542,
IOB,656,1.330158409075073,0.15872688080293773,-1.5301505517827718,4,False,-1.0138314947968574,
IOB,657,0.8870887152244682,0.5145024728507305,-0.061104687569535354,5,True,-2.7523246591313444,
IOB,658,0.2875417278030989,0.3618762878860212,-1.9374905819414812,5,True,-1.7214916630896249,
IOB,672,0.37723395396159526,0.2402687489508438,-2.5385913303502927,2,False,8.614436972645944,
IOB,673,2.062510238667346,0.3498236635256264,-1.2211668928086672,3,False,7.824513794663068,
IOB,675,12.494618645672888,2.2315516484998326,6.354887345085269,4,False,4.4990258938373495,
IOB,718,1.5320490129903592,0.18271398533137587,-5.123265883823258,1,True,-13.708018175470205,
IOC,150,-0.2163881463989248,1.0923581478796107,1.5569886144970901,8,False,4.981166255379432,0.14703745430739712
IOC,540,2.8385123803146564,0.6000426655011378,1.6958252305759425,7,False,5.922002888781908,3.2472048360348893
IOC,542,1.631533681672322,0.9234889519872742,1.816498900844632,8,False,11.278231013657525,2.844948384691537
IOC,543,1.8841785241120328,1.682289043258816,3.0172550696842215,8,False,7.126058214640452,4.35385413814402
IOC,544,1.0016270232607924,0.7767469221501251,-1.3084205803627125,8,False,3.223092383120685,-0.6883173507197249
IOC,640,0.24677589732099625,0.7828063307660238,1.0984738302939556,1,False,-1.2229607414949828,1.0984738302939556
IOC,657,3.633662533605958,0.7262683080978048,0.4401145835471576,8,False,-11.01033914103936,2.002832066459481
IOC,702,1.130911245746781,0.01825814987032294,-0.28069598383950733,4,False,3.633776304021996,0.14708016159297177
IOC,716,6.608814519370209,2.0478895441654785,0.09678741306580196,8,False,-5.47264156596643,0.940119223020508
IOC,717,-0.18430215822928872,0.3762968778078991,-1.0635012147659495,8,False,-4.689212100338114,-0.25094036045488766
IOC,718,0.6608589620112405,0.499483122863124,0.31999695005133777,9,False,-4.218012614032041,0.10310722383353177
IOC,719,2.243198444836299,0.5911454370443311,0.18701211662901507,9,True,-4.774420516989741,0.4882045917851352
IOC,879,-0.11239410110407891,0.22193086545117147,0.5216335619475876,7,False,3.3689982705824573,0.5605226134627772
IOC,1096,3.4167787895737316,0.358860597191513,0.6882727184956083,5,False,3.861808255242316,1.3871394912166268
IOC,1097,1.8704584455338458,0.39749340070985206,-2.007666580462242,4,False,1.4097605167541438,-1.5881788444757738
IRB,643,6.950628525814833,1.2111249401280242,2.397650046382571,4,False,3.616674395342434,
IRB,644,4.424842922331651,0.6376991917940059,2.5798817795104068,4,False,2.140249242613157,
IRB,672,9.5632215137412,1.1915047806925925,1.932764596739256,5,False,6.723877941071432,
IRB,673,0.5951418415507773,0.015763103939080838,-0.9656000467326287,5,False,2.7791110281855547,
IRB,684,0.2640301825709089,1.116332217392621,-0.10756743986973794,2,False,-15.601616065117463,
IRB,825,9.671398097721244,0.9936501563129635,0.09086565304732286,3,False,-16.249129667227102,
IRB,826,1.5764300320075577,0.04862458584897989,0.1022022202907591,2,False,-17.006296032579726,
IRB,827,1.418375968154977,0.20201426251586116,-0.7279555701747653,2,False,-17.99480831401963,
IRCON,470,4.007976789915645,1.3372922350029457,3.099629710001195,3,False,7.139498734098915,
IRCON,471,0.16697766021242627,0.3855243270751681,-2.955007868105819,3,False,1.227965793124297,
IRCON,473,0.08771976390761953,1.4006985735856183,-0.3946080284495834,4,False,4.750298419450671,
IRCON,544,0.7284131367283844,0.17592579689037213,-0.6260349522311692,1,False,7.6952978070257805,
IRCON,547,1.5699186047027753,0.7361495801919129,0.1662608763513429,4,False,5.950560161428053,
IRCON,548,-1.0608097915412964,0.3296800743657338,-1.524921776451038,4,False,4.3593066599408425,
IRCON,654,10.88620320917301,1.1653426122563035,0.29169280804466347,7,False,4.175428371264167,
IRCON,656,1.6686129309162918,0.6145521808788609,1.4440007490020834,8,False,-8.486025158759036,
IRCON,657,1.4522293910599071,0.2980699739519224,0.20985242564934836,7,False,2.7249208330679897,
IRCON,669,8.318671357201968,1.4907140364970273,1.8400558458246064,1,False,12.885068363899999,
IRCON,670,1.2029755033755394,0.43395978775524824,0.8619166420329671,1,False,-10.391117259336024,
IRCON,671,2.8069608536648287,1.0743208247786757,6.860070702700161,1,False,-12.483537173902315,
IRCON,806,-0.6038245364445116,0.13193608678200225,-1.3516702608795672,5,False,1.0140331523561974,
IRCON,914,1.0597954780079593,0.42144673389174697,1.6081227352202188,5,False,26.143299861554283,
IRCON,915,2.908725703868151,1.2956549300004883,4.411279647768107,5,False,21.868439311148258,
IRCON,916,0.6731123718389683,0.8331866881332451,2.0624592029771627,4,False,14.01413602855377,
IRCON,1069,2.0553816004918857,1.3473274109611415,0.24856089068874265,1,False,-9.815002197896083,
IRCTC,82,2.8005093482040664,0.7388994553384338,-0.9448978653299411,5,True,3.5518725027624543,
IRCTC,148,2.422108786825009,1.15924978544101,3.2277083254931727,8,False,-7.21035361000898,
IRCTC,230,0.46712730006279707,0.2813256140300262,-0.2021106321420163,8,False,2.378731343283591,
IRCTC,231,0.4438826456118438,0.517653964350694,-0.48983546673405653,8,False,1.130399121311343,
IRCTC,235,0.6736313597536433,0.9685978641954442,0.049451240018250076,11,False,8.504659143010752,
IRCTC,236,1.3451257763389157,0.599138673385931,1.3314703959871776,11,False,7.503334223596481,
IRCTC,640,5.071472214559482,1.1266668521100949,2.657479363947135,3,False,8.164661163512843,
IRCTC,641,1.8504412109204789,0.38386658621440334,-0.26651916261504205,3,False,3.960100433125957,
IRCTC,670,11.039007835539454,1.6740082596407735,1.1768949966393771,5,False,-5.146080784306328,
IRCTC,671,1.314289503675938,0.2068916501940227,0.9090953259272005,5,False,-17.498870394123124,
IRCTC,672,0.4496588205374698,0.1550566588085432,-0.16947685958510483,5,True,-19.138163932876473,
IRCTC,704,3.015807533372662,0.5488740777876365,0.23585284463960576,3,False,-5.1325556197487465,
IRCTC,888,-0.6431525518469083,0.9480372265333608,-0.08472494135310926,8,False,2.114561505924928,
IRCTC,894,0.4952782121900173,0.41044673995580466,1.479627067364997,9,False,-2.0913243705058537,
IRCTC,895,-0.2703388799385603,0.016350206477556358,0.054980391053027766,9,False,-4.240038739244023,
IRCTC,896,-0.19954270892036857,0.4951330488103711,-0.055853316438359,9,False,-0.8287528146433187,
IRCTC,897,-1.3584871183481115,0.04695417919529113,0.005973946558168741,9,False,-1.3689257249270836,
IRCTC,899,1.6061902579568328,0.32203985935917395,0.17889614672796927,9,False,0.27461456311321797,
IREDA,85,8.78060444457307,1.5584437791689092,6.375118461433904,1,False,7.460273129460604,9.721008188285163
IREDA,86,0.46552138385317615,0.8084782109813259,-4.26009124980914,1,False,-0.36019185967852696,-3.7657405210856476
IREDA,249,1.463599124424449,0.042257894900197386,0.3475774598930448,3,False,-10.520455966102693,0.13857375064605382
IREDA,267,2.5263336974498847,0.6029551790434327,-0.8284445159211007,7,False,3.102466566832285,0.03912882698515752
IREDA,341,0.0942252451859584,0.26049290341268966,-1.5773741642018502,5,False,-7.657833496609234,-1.4278522482545353
IREDA,445,2.896730306422095,1.4963958155195645,0.4894554771186055,10,True,-6.25689204209634,0.4769690895983558
IREDA,446,0.436023095619543,0.4855179477785074,-1.8184508167363056,9,True,-4.620812070073654,-1.6703047618323308
IREDA,516,3.321728203950306,1.6903145687173706,1.8216636751768878,6,False,-10.510252548737753,2.418817884615887
IREDA,517,-0.018924776444781265,0.7257224869727554,-2.5401438970467205,6,False,-9.75340804013024,-2.526668581992386
IREDA,583,5.461376363496457,0.20515253505830597,1.2548627187034533,5,False,9.875963567891333,1.661669210248773
IREDA,584,2.0528686007099983,0.6700938108069594,1.26884288640976,5,False,6.933382916704645,1.63430532657034
IRFC,411,2.7670868420973385,1.1207704556965425,-0.9698331655630166,10,False,5.642669034733849,-0.18262995068158983
IRFC,471,0.9254955586988097,0.5210926377852072,-0.7801964231424208,8,False,7.982813022887703,-0.6388490388309576
IRFC,654,1.0428503412340246,0.22254028134956402,-0.6297835860901158,4,False,-3.506728996460673,-0.13375921131185686
IRFC,655,8.89832103265535,1.197518385613966,3.462950413562327,5,False,-4.490708368365814,5.7213930348258835
IRFC,656,0.6174342054716504,0.10159349682823703,0.6915071788756721,4,False,5.760505647861325,1.1921505355250162
IRFC,669,9.923899136645106,1.5631190646616335,4.772089707227112,3,False,17.140154026281195,9.576726957114756
IRFC,670,1.9505254270484707,0.3752182219775523,4.725636887843598,3,False,10.269763760810147,5.630206737573129
IRFC,671,0.3139249925834468,0.7184973740434635,-3.9691685000905363,3,False,3.3021687979018166,-3.2310972609479904
IRFC,672,2.1050056947119278,1.1790848003858934,1.0191303137407681,3,False,2.3461896219592493,2.264944297695326
IRFC,810,3.803104805857191,1.515999684255984,1.9506424318003202,4,False,-6.0058538194712074,1.9444541957115424
IRFC,811,0.26622282749507764,0.4069323444282021,-2.4517209468893575,4,True,-7.864741679999543,-3.189040246430208
IRFC,895,0.9148462930408735,0.11242627151903194,-0.8497658737436575,3,False,-3.8745043286346648,-0.45156887758643904
IRFC,896,0.2322095332557644,0.3203536497998276,-0.17090678228607326,4,False,-5.2371712914583535,0.37597804601754437
IRFC,914,10.60470891234255,1.5699805669473703,4.643699107581933,4,False,10.532315865335606,5.693079940491552
IRFC,915,1.1874902423022309,0.29941446297640584,0.40370410208603325,3,False,4.285309605508392,0.7656048411493144
IRFC,1068,8.358456087266454,3.2775271811905125,6.824486009613939,2,False,-3.359169555908137,7.911595908125513
IRFC,1069,0.8147918327100243,2.123308096339348,-6.589349180965442,2,False,-14.145003925138155,-6.589349180965442
IRFC,1141,5.51958226732749,0.3042509046804335,-0.4595407647181693,2,False,0.4709245882840607,-0.17470251035849316
IRFC,1145,3.2807586569755705,0.2754574416103476,-2.1002882575007153,4,False,-7.877729035554837,-2.109601596173727
ITC,107,2.163608644799143,0.4445063109863744,0.9593653985581874,10,False,-6.085828816198147,0.9593653985581874
ITC,108,0.3508031689571656,0.4858274673226786,-0.007040343669872939,9,False,-11.074721471345716,1.1871619843447645
ITC,109,2.7819007597269665,0.6029693722853975,-0.8782614104255848,8,False,-9.487425067134014,-1.0051732653523993
ITC,135,-0.7388067820203857,0.2096286378223567,-1.1623861514021505,3,False,3.7826125049907677,-0.26896271610103994
ITC,178,13.539886127583054,1.6843462295833662,2.4191896309130767,5,False,0.6357302184464064,2.9207857507220547
ITC,179,0.37583183996194647,0.39098540729203923,-0.2302676266048187,5,False,-3.7400225853541746,-0.2302676266048187
ITC,210,2.7286479431383532,1.0181727785466121,1.9114910792242146,10,False,4.1110232458593465,2.2955347974474627
ITC,354,1.0788034235487614,0.9977512323524084,-0.3277915162579692,13,False,8.13027405343114,-0.14391448382169436
ITC,355,11.493985399706798,0.9854515387901015,1.2963356156407313,12,False,7.588821433025683,1.3523972536946705
ITC,356,1.936622354468293,1.7615038273866754,3.012426412948521,11,False,5.461213941065246,3.9103137360495976
ITC,559,2.7275885123533694,2.019394003025939,0.6889001769857961,15,False,3.6997230841557593,1.8529366166749384
ITC,560,0.5056465280313377,0.15984129172747102,0.18650720738937476,15,False,2.216496030324855,0.3961243262565972
ITC,562,1.9311147496123748,1.4283402701047492,0.6870423796351499,16,False,0.8717900300245329,1.0130648086164484
ITC,707,0.7645331827864785,1.1540460293634167,0.22359741540818323,11,False,2.7584103269025606,0.22359741540818323
ITC,899,1.8942364061164483,0.9375805212654106,0.5225488984116122,17,True,-0.5206970971497027,1.1253146663955382
ITC,1028,-0.5101758321148854,0.7357046943709042,-0.4501853478127371,16,False,-3.952707784571019,-0.4856824708619145
ITC,1151,1.4644017036129755,1.913293410763957,1.1496659407705723,12,False,-1.4730328590759068,1.1496659407705723
ITCHOTELS,34,15.969372735528243,1.7338228092960128,4.300880771426319,2,False,10.326410947318676,
ITCHOTELS,39,-0.21295064161517646,0.06004240180666322,-3.903299106648006,2,False,-2.506921524087269,
ITI,657,0.9549639856806582,0.6924527468658043,-2.772680930156801,3,True,1.3003398981818348,
ITI,668,75.84907078421095,1.7370987451882507,-0.24299357156065682,1,False,-6.6378698968685645,
ITI,672,0.8651478031678228,0.6588765443200555,-1.8692109026533954,1,True,-5.706903689599063,
ITI,790,7.032052278134618,2.061187773855951,9.40597943149335,1,False,3.368232752302047,
ITI,791,3.049518363499077,1.6019969264999927,2.7512300025160252,1,True,-9.192213132140948,
ITI,1015,131.4584424346438,1.2677403273590577,6.489307071987227,4,False,-1.7067663312749781,
ITI,1142,-0.3157831919579582,0.37876761851127305,-2.648654541105111,1,False,-4.017261574949393,
JAINREC,143,6.87028269700762,2.5831599009035044,10.418779886972906,3,False,-10.457419271210666,
JBMA,895,174.03057751095923,1.52102453304936,8.87369384172969,2,False,0.952047357850816,
JBMA,897,-0.32085780029099337,0.1562896787293413,-0.5889100851496631,3,False,-3.176315771375371,
JBMA,914,0.5290091767607759,0.7044356379914302,-0.3858703965489818,7,False,-0.37889436604668925,
JBMA,998,672.2984369465213,2.7485300361877876,10.585034640830337,6,False,5.070908034118182,
JBMA,999,1.1779948399223543,0.8066870313875337,0.03883587966699853,6,False,-9.167315259069643,
JBMA,1074,0.5632579072612807,1.6834880544889488,0.6805661941501118,1,False,0.49933041885097396,
JBMA,1137,1.465265432805487,0.7047808971117372,-0.26670154448887873,0,False,3.648772115354215,
JBMA,1139,0.5305172553023841,0.46758508183175085,-1.8179284327277445,0,False,-2.792510682910476,
JINDALSAW,722,-0.22480795366250894,0.4008472547510163,-1.128375912250068,4,False,4.587445908621635,
JINDALSAW,934,-0.11577832962002534,0.4509229658771284,-4.7757334153194275,4,True,-9.777958929362175,
JINDALSAW,1085,1.1510626771402122,1.1864675272626313,1.3471406698378763,7,False,6.767145643247763,
JINDALSAW,1086,0.3126667312420149,1.7660391502431665,1.4197261761272228,7,False,1.9121325079890505,
JINDALSAW,1136,0.21348693553016335,0.10958766889745064,0.5937101888817908,2,False,10.248781816556086,
JINDALSAW,1137,0.39960242280440056,0.13863837660794598,0.30068919717931575,2,False,8.694201551700065,
JINDALSTEL,24,0.747890821013629,0.9186823018677305,1.6650554058728062,2,False,5.11544988209518,1.677209120947487
JINDALSTEL,25,-0.03650552812437222,0.1853386131747393,-0.201303551741272,2,False,2.511972737321755,0.0001199371185478526
JINDALSTEL,88,10.664250641706104,1.4352126796994829,3.5671893295190937,5,False,-3.9378595759672286,2.9555736159366797
JINDALSTEL,109,0.25758825688085346,0.36958251127966074,-0.813023807215385,8,False,3.043208828782551,-0.4390846705988438
JINDALSTEL,113,3.647483984230924,1.3723102018521112,1.0146152243673434,8,False,-0.16530008310110533,-0.11947527835368676
JINDALSTEL,126,2.284277245408936,1.0657918306049645,3.644535356536882,8,False,19.197631706521577,5.009662391916492
JINDALSTEL,127,0.36911171073855764,0.2366537218910995,-2.070629472094332,7,False,12.384454244635034,-1.6305963596026096
JINDALSTEL,132,0.636043668120458,0.7326421814865823,0.5992246357125142,4,False,9.846267757163108,0.21214173479005005
JINDALSTEL,228,1.1754353459398752,0.6613364881942705,0.4209753126092064,9,False,7.649047366116757,1.459260514422045
JINDALSTEL,229,1.9033697547090902,0.564075622138487,2.141006784801247,9,False,6.15786663083413,2.39042255739772
JINDALSTEL,447,3.3624574582433264,1.1702644815405274,4.323711709088074,10,False,8.055393174952208,4.323711709088074
JINDALSTEL,448,2.634646488026866,1.2704254564529567,1.7283023844677947,10,False,1.8823909866429789,1.7882239880535833
JINDALSTEL,601,3.8534428730668773,1.2084122817385698,0.4082319223130293,9,False,1.7733164855784578,1.1716481848317084
JINDALSTEL,604,0.5819092391096773,0.3371963266860924,-1.0299780073349751,8,True,-4.250167460042443,-0.5038498397385016
JINDALSTEL,636,1.1926400994238209,0.1950819843743128,-1.41599550095306,8,False,2.2520504678898545,-0.9685301304130145
JINDALSTEL,750,3.7505300066502953,0.9353373658937968,1.9168874413197035,11,False,3.58565545133096,2.4697586369070823
JINDALSTEL,751,1.7120481505409995,0.815647200054293,1.1804856963640864,11,False,-1.8124392253782706,1.661318653281918
JINDALSTEL,752,0.12336097550468263,0.27703089760335886,0.21342786530196278,11,False,-5.570143801324335,0.29989563810102204
JINDALSTEL,753,0.41718864153912943,0.3276937993638694,-0.1418076443331362,10,False,-5.1928157117178575,-0.8247562162376765
JINDALSTEL,810,16.036409837330304,1.0855007392976206,2.863364779303712,3,False,-3.7301118985471615,2.416960692531722
JINDALSTEL,870,-0.20306648887072656,1.0084620737650334,-0.020967970259755386,9,False,3.71850176113917,1.1395552308621992
JINDALSTEL,871,0.06915014577131481,0.41657054353431916,1.568049882944389,9,False,2.7229921819474256,1.279317697228155
JINDALSTEL,872,-0.35692663771940786,0.10338692895414339,-1.692622517085085,9,True,0.04326195111401532,-1.6872160934458091
JINDALSTEL,873,0.09806341500957086,0.12430770882974047,-2.6219102058081534,10,True,-0.5028893469658735,-3.9987337753157215
JINDALSTEL,913,6.701357910248911,1.0128414553394656,2.401252027590517,9,False,3.3240792444793277,2.0538333971169997
JINDALSTEL,914,0.16950300681333683,0.8578634777037186,1.419218412460732,9,False,-0.5132259140154249,1.2202172730099603
JINDALSTEL,915,0.2209362524503198,0.4725660833855491,0.5214191402754587,9,False,-1.4089255457326422,-0.5743167025117457
JINDALSTEL,961,-0.26573764389184634,0.10186857681991135,-0.7920245639423174,7,False,3.382762874887124,-0.46651282115097725
JINDALSTEL,963,0.2562750966925058,0.39923090286541646,-0.09375668705645657,9,False,1.8432377729966198,0.17200327509632185
JINDALSTEL,1074,0.1723544702196039,0.4937903173148206,0.46031978687173236,4,False,0.4975078971381386,0.8043892686102394
JINDALSTEL,1088,4.07731063534119,0.6081790871684751,-1.9176614069653986,5,False,3.2280695147121286,-1.60412026982788
JINDALSTEL,1142,0.8303660165542425,0.9628460712624181,1.1349813557263833,6,False,-1.8911047005866988,1.5251891334892242
JIOFIN,71,3.3740555593789057,1.6583736213558038,3.8715149239782365,10,False,0.2306576998387877,4.89951905526127
JIOFIN,72,0.9891320224329723,0.3032802209776592,-0.07280546383616748,10,False,-5.614202927025181,0.7159325324596733
JIOFIN,252,2.1568514722693184,0.07819087513364077,-0.2554121937428544,7,True,0.38543679181173296,-1.7364888816305935
JIOFIN,257,1.3421645804198918,0.6944766501865405,-1.478522878564914,8,False,0.6656839454794783,-1.1982341812066366
JIOFIN,315,0.42625965543097893,0.371723838542133,0.30152926475031094,9,True,-11.219206376852176,0.7518946774931701
JIOFIN,404,1.1580722642740304,0.3837047684162851,0.6616644208657041,9,False,7.251129515685006,0.9358804828045075
JIOFIN,405,1.4039144760703863,0.4148305273863523,1.0273047617538111,8,False,5.810807814045127,2.474240537784822
JIOFIN,406,1.805173373330176,0.4364315012446351,-1.1474864055478595,7,False,3.5708612776590876,-1.5005617075910638
JIOFIN,407,0.9581986648917371,0.613498138491389,-0.27462783737560725,8,False,4.63681349113807,0.29850746268658135
JIOFIN,408,2.5979292681339032,0.746110265304292,2.194533186548142,7,False,4.078951833902367,2.1391030679133616
JIOFIN,657,-0.9182461624940335,0.817411645932049,-0.32460036047663454,5,True,-8.325669601847064,0.406342332366294
JIOFIN,658,-1.2581059034916402,0.5943099127142397,-2.0172007790874913,5,False,-8.32254081742515,-1.5093345088156962
JIOFIN,723,1.9098342846481347,1.43269173762794,0.5057413288553914,7,False,-4.710398483525569,1.8930578498425499
JIOFIN,724,1.0007694529369242,0.4567627522873558,1.8017368606361162,7,False,-6.326918934319615,2.1888157080149684
JMFINANCIL,743,1.7688107192105436,1.8628914767035798,4.095581744119747,1,False,26.18284465205525,
JMFINANCIL,744,1.1641863149915568,0.9644903069287805,1.3380501733201156,1,False,19.336530216787583,
JMFINANCIL,978,10.079566063992452,2.645696699837946,11.061637226552845,7,False,9.464609036094629,
JMFINANCIL,980,-0.33921224795795674,0.2609784235908244,-2.429956764287111,6,False,-0.12044974040160694,
JMFINANCIL,983,-0.20090066353921937,0.5159132706899243,-1.5200477799134027,5,False,-6.591191367766869,
JPPOWER,540,4.477373511210742,1.0121652672026087,-0.016831444538434326,1,False,33.63135151506529,
JPPOWER,541,7.20968989464791,1.3436837514781872,8.505091772235374,1,False,27.931769722814526,
JPPOWER,542,4.288613726294317,0.802011467447517,6.825176401616639,1,False,13.286376785968624,
JPPOWER,543,1.9969953319649005,1.866580508390595,3.1339652610024915,1,False,-4.8552815204906175,
JPPOWER,768,3.9267257000898494,1.729055634353541,5.9158186280233505,2,False,-8.250956702268208,
JPPOWER,769,1.7473797477976543,0.21293678031192315,-0.14838122378005858,2,False,-20.572569730502867,
JPPOWER,806,1.4974879479907206,0.8806568234955741,2.8998816060261445,2,False,2.282178953441205,
JPPOWER,1044,2.7513616034697517,0.5537069938384931,3.7703021741818388,9,False,-12.293947536882598,
JPPOWER,1137,3.1903055831116474,0.3993506402505855,0.7612484543958242,0,False,12.98927020496774,
JPPOWER,1138,0.2601277406458654,0.32110078587765534,-1.4713425851764383,0,False,7.980531829797455,
JPPOWER,1139,1.4580528091166491,0.23983685727870918,-2.428497601628521,1,False,9.66854631755325,
JPPOWER,1215,1.6621220009652906,0.26144923264192343,-1.2867951082274787,0,True,-10.021544738220921,
JSL,611,0.35997514421995025,0.7566765768836141,-1.7043109958813085,5,False,3.1228832364001757,
JSL,613,-0.44937707368554203,0.22803747886434564,-0.5671181192700381,7,False,2.433582525213196,
JSL,617,-0.5235946676837542,0.9342962274632736,0.7576794924460284,11,False,3.747322168068301,
JSWCEMENT,187,7.209193889463373,1.7726725648363808,3.9154491628721866,4,False,-1.687356581706867,
JSWENERGY,553,2.3374345128425214,1.0486031381679988,1.0368280723023204,5,False,2.5953328766510575,1.5442487556186935
JSWENERGY,554,0.25042042833282474,0.4523854155552874,-1.9091433096897314,5,False,0.7361884622445469,-1.304159684639361
JSWENERGY,587,0.5715754714206843,0.7710790610048406,1.7677595442005645,2,False,6.150099268865117,2.381709771041751
JSWENERGY,640,1.7875843002377148,1.0899873671710292,0.3072462949823551,4,False,16.08778242901925,1.1952461970893058
JSWENERGY,641,16.99771898784497,1.542130710029332,6.529960801139345,4,False,14.986760488533402,6.649075066655685
JSWENERGY,738,0.879916787096359,0.5734477178291866,0.6141671759736012,7,False,2.734601172478146,0.7376908560645212
JSWENERGY,749,0.8487260154399778,0.19943655557106862,-1.762232704618527,8,False,3.6078674978473613,-0.6762918792346806
JSWENERGY,751,-0.32568054188439083,0.2842090065657456,-0.04865678640046944,10,False,1.7857870783485108,0.9596385730598511
JSWENERGY,752,-0.6378675095015576,0.17763861374232293,-1.0106763918815487,10,False,0.36845173468322834,-1.0106763918815487
JSWENERGY,791,2.0801025609640114,1.0710133034993843,1.900971695178999,3,False,-6.9485969578326205,1.9974639834373198
JSWENERGY,792,1.5233274162522774,0.35841968042129807,-0.702711541191936,3,False,-12.074798176823853,-0.7159470651666555
JSWENERGY,877,-0.9543515342711535,0.3946292106501737,0.27177257111936637,5,False,9.265645963095492,4.7354712762610385
JSWENERGY,878,0.8736893423363894,0.7978492716069608,6.981345743559708,5,False,7.824825473469521,7.965405428454475
JSWENERGY,945,-0.2665821181461475,0.2335667637467512,-0.1055845291007107,4,False,1.4047854633368217,0.04736152441597863
JSWENERGY,971,1.4911335337301141,1.5652812062688508,-0.3492800813495234,13,True,-4.92602618454514,-0.1269258919554872
JSWENERGY,1074,2.050532443952771,0.4613525448300834,1.0057566828293174,10,False,-12.958812246047469,0.8870764297709055
JSWENERGY,1075,0.7397536782174038,0.5528822087923468,-0.04306778674011413,10,True,-13.705206242289147,0.024609683307419417
JSWENERGY,1120,18.35889683304054,1.9958262874094623,1.8708900520545635,11,False,-4.123827717124251,2.4998464467784753
JSWENERGY,1143,0.7101236937821417,0.16123414541777725,-0.06505745125240381,1,False,-4.68408824867489,0.4778194607348629
JSWENERGY,1144,-0.14337773642619453,0.03465942705434449,-1.211333696034722,1,False,-6.397898778290312,-1.94324425000435
JSWENERGY,1145,-0.3578024019969719,0.9425757291876125,-0.3464052673207707,2,False,-7.919754290799763,0.00915122863078821
JSWENERGY,1146,-0.4210550651166636,0.06278646671498202,-0.7450245943825928,2,False,-8.939665750085556,-0.8157485196636061
JSWENERGY,1170,2.1536980704973883,0.5808026854780683,-2.760795475042521,3,False,-6.837964435079202,-2.1316474940205277
JSWINFRA,92,14.77460643138949,1.2844381698640002,0.407058260005444,4,False,13.049476516564917,
JSWINFRA,93,2.0507229984745408,0.46574006480676394,0.23690067375097268,4,False,10.140988625386992,
JSWINFRA,135,-0.5190719747578868,0.37071116353256833,-0.7729234275974717,8,False,1.233647500998103,
JSWINFRA,150,7.272690963718823,1.2363504532229406,1.8648936017324536,10,False,10.883309251898531,
JSWINFRA,151,0.5022854021607736,0.24434223383491205,0.17065529106397026,10,False,6.798137157057282,
JSWINFRA,197,-0.7526944660333781,0.5412361353085219,-2.524990896429935,7,False,-11.04607550350426,
JSWINFRA,234,-0.11109823422753932,0.16659005918834885,-1.414249010204105,5,False,2.6455958008571256,
JSWINFRA,409,14.735479380872144,1.395289943854734,3.6540563194421782,6,False,7.029310447066739,
JSWINFRA,410,0.15250128578229727,0.7702683194550232,-2.472785889407769,6,False,1.9756005352303818,
JSWINFRA,411,1.2163366654604852,0.932794369896339,1.0480045261333615,7,True,1.1754677373739808,
JSWSTEEL,95,0.5824397931045397,0.8964054462571278,-0.15488919619084385,6,False,-5.765294676411692,0.40899884878871084
JSWSTEEL,136,2.9655013415374873,0.9230997850903903,1.291458840409776,4,False,11.463488562250056,1.971570410507839
JSWSTEEL,137,-0.3017963451099151,0.34055803323577477,-2.170369626553015,4,False,8.25445772556279,-2.52217322690349
JSWSTEEL,139,1.4288653034994914,0.062436093022400906,0.14223778137887333,6,False,7.1794901924667975,0.15645098204934982
JSWSTEEL,221,0.9366919151495137,0.2627840035970139,-1.0672991948153743,13,False,0.17282010997645703,-1.1427034236710987
JSWSTEEL,288,-0.1880434639243162,0.9052543572048883,-0.009473046781094396,3,False,2.2340712251334827,-0.2061435137635348
JSWSTEEL,289,-0.6748290096721198,0.04544544869291794,-1.0830320309775043,3,False,1.4542254221084905,-1.8781844924261715
JSWSTEEL,291,0.16558648105797666,1.0575020472561696,0.620894039172537,5,False,3.094296849540523,1.129911417949403
JSWSTEEL,292,-0.1116112214807437,0.27024072944463823,0.35764606021069234,5,False,1.6297852356218057,1.2057388438180938
JSWSTEEL,398,0.19172045107602328,0.10910618831718465,-0.04522840343734735,8,False,2.056149404855101,-0.21918380127334824
JSWSTEEL,437,1.228640056455507,1.22889169140425,1.758345028366426,6,False,5.026623601631508,2.125263802702526
JSWSTEEL,636,3.6308160593834073,1.4604049554729968,3.1827290998279523,7,False,4.454836815057606,3.08213950504459
JSWSTEEL,637,-0.1983392575792864,0.3537876684751515,-0.17963264242752963,7,True,-0.4975124378109319,-0.33857600474915817
JSWSTEEL,667,4.624946056524182,0.7652697549866889,-0.0846162075155199,7,False,0.8457779754800665,-1.7857500203958931
JSWSTEEL,668,3.4547834440164142,1.1946609329638425,0.4268781113934361,7,False,-1.0249627926149474,0.5954421192996051
JSWSTEEL,732,-0.7240049828484189,0.2731658020843418,0.11934934491961702,5,False,2.431238716709583,0.26417514432555134
JSWSTEEL,733,-0.2566321934696056,0.2914229874018792,0.162397337689546,5,False,1.599294826238573,0.6360426239336636
JSWSTEEL,945,0.144886428179094,1.2828332756787384,0.8536807123651791,13,False,-1.629835226602605,1.3389635669149191
JSWSTEEL,1138,0.604472540564067,0.18483962841390655,-1.87859207097123,4,False,2.935000323060044,-2.032047554435601
JSWSTEEL,1140,3.5005438889305736,0.9389346356539255,2.032277662714277,6,False,0.25502259636083213,2.8248410521872103
JSWSTEEL,1214,1.4370293381656012,0.9420626268221625,1.4475342719137307,16,False,1.218705247240237,1.4475342719137307
JSWSTEEL,1227,2.4074297938636,1.1242094083466727,0.6400922218177341,12,False,1.7018565708045275,0.5642519111758393
JUBLFOOD,31,0.6784435396342664,1.4315776621562142,2.8359035223988194,6,False,-15.897787800241158,3.2517249854812524
JUBLFOOD,93,0.15476463366478596,0.8102970208984077,0.4603683671047243,5,False,-18.253491480582017,1.3015556554356156
JUBLFOOD,94,-0.7000106553414043,0.2871824384976605,-0.6610232946533179,5,True,-19.193839718604423,-1.1312862439395333
JUBLFOOD,95,1.359223162855979,0.27637506171599685,-1.0887424076873709,6,True,-19.80678151593486,0.13145398167193623
JUBLFOOD,159,1.4752051232208345,1.619342987800147,1.455692981458534,9,False,-20.0721921681554,1.3277538982536585
JUBLFOOD,211,1.4685149836944689,0.45129063379589485,-0.3808689684239308,4,False,-0.8654065317447834,-0.6231377500843571
JUBLFOOD,213,-0.7523337895308874,0.2305370625848744,0.5684261812616942,5,False,-0.37417829717611983,0.8150944625313183
JUBLFOOD,214,-1.1888950740189523,0.14876651930709775,-0.3589317065497033,5,False,-4.680986326653603,-0.9132652046267342
JUBLFOOD,215,-1.4350708793401334,0.4993629698281433,0.03537409297016403,5,False,-3.7979235689339697,-0.643620563810765
JUBLFOOD,481,0.8662652626223962,0.6515851886201329,-1.7317283212841872,5,True,-7.146957520091835,-1.4638323369630002
JUBLFOOD,502,0.07774245451889411,0.1975643178703624,-0.3500762981179184,2,False,0.5622009861762312,-1.584875059277746
JUBLFOOD,887,1.7268419280289915,0.8436340854565891,0.030037674065241937,4,False,3.341907869640215,-0.9078301852986526
JUBLFOOD,888,-1.1548358376430186,0.6875705465567319,0.5182632666308251,4,False,2.7819884366422576,0.0611606568875267
JUBLFOOD,943,1.8494382022999605,1.025514306494891,0.9466062380466544,10,False,-1.7504928034349998,1.2297664238476225
JUBLFOOD,1146,-0.3363889969777353,0.10556218664317511,-0.8595932327001066,4,True,-7.19605011510912,-0.7891869284617936
JUBLFOOD,1196,4.753945245265694,1.180921769166564,0.6081935835549057,5,False,-4.4227688136596495,-0.9508559557873331
JUBLFOOD,1215,5.836755063793789,2.3998885849191227,5.590810112224021,5,False,8.960729583890759,5.590810112224021
JUBLFOOD,1217,6.278478343040074,1.0354683599480823,2.037647155269995,5,False,5.088257224860526,0.9857126485146361
JUBLINGREA,934,95.6451702139723,3.024993893300351,5.604114619810652,3,False,4.905454661039865,
JUBLINGREA,947,-0.5683762554568125,0.2400219917771331,-0.9138140465376532,2,False,2.711210705819145,
JWL,882,-0.0202864106642746,0.31809416263828794,-1.4821537537908824,2,False,2.9088360070451458,
JWL,915,3.1316440071115497,0.7061191432111098,-4.5370426562238215,4,False,-5.37280923913973,
JWL,1141,-0.043560216963470955,0.22860887175527697,-1.3795586225686884,3,False,2.2450995893321,
JYOTICNC,290,3.402998094713058,0.8726617382582518,2.5890001347547376,3,False,-1.057039414072447,
JYOTICNC,291,-0.6206756945526671,0.6549897111862364,-5.025045670087058,3,False,-7.960194802103238,
JYOTICNC,595,5.016907919393377,1.2827973388301688,2.039833799825286,3,False,8.5318337500349,
JYOTICNC,597,0.10800034108403767,0.021492926504580814,-2.488218145567289,3,False,6.417236402555804,
KALYANKJIL,609,0.1728359300195506,1.5112363647419917,5.381692625240619,0,False,10.171163039024144,4.655205596194656
KALYANKJIL,637,1.1453087179788346,0.3534832479987535,1.8353180968289529,4,False,-4.377630458465731,4.2514728289250625
KALYANKJIL,638,0.5251327633293356,0.5830794670087001,-3.466722447787385,4,False,-4.3960181341654465,-2.5487568519517723
KALYANKJIL,692,7.377142631935812,0.8648094577254255,0.8380914220842195,5,False,6.024683694050714,0.7267911004262828
KALYANKJIL,696,-0.06883195292796343,0.9024490172906148,1.931460085945047,6,False,13.19892596801171,2.958696884964218
KALYANKJIL,823,0.758496825025004,0.9281413446899034,-0.8339942569130177,9,False,-14.254569795028061,-1.6428523787978988
KALYANKJIL,824,0.05418426217884759,0.5846175022958948,-0.259686633250078,9,False,-14.825100878942642,0.029564784081870243
KALYANKJIL,825,0.8395720790909896,0.3605305564676152,0.5102722814214422,8,True,-15.48029241064308,0.8929741566606308
KALYANKJIL,893,-0.6201205543612234,0.15309245634855903,-1.3132638888593395,4,False,-1.6491615451733832,-1.3132638888593395
KALYANKJIL,947,2.1842144886067283,0.8871120480482769,1.3279810869868625,4,False,3.906173462273621,1.3279810869868625
KALYANKJIL,1027,-0.15716121832831753,0.11272472195458161,-0.8998833156799502,7,False,-1.9401475562383697,-0.8802544453148431
KALYANKJIL,1029,-0.21191085527074846,0.1470353579297279,-1.056941629104835,9,False,-4.230297917909098,-1.0183692377450204
KALYANKJIL,1076,23.219604805598873,1.1907631513370884,2.1405906659636154,9,False,-22.220163261153168,2.4446073125288903
KALYANKJIL,1135,1.1228891881256584,0.6897883996780748,1.3564991708603813,4,False,-6.105047292220278,0.8560335701597754
KALYANKJIL,1136,-0.3430608512796414,0.15447608585627634,-0.6200360116988879,4,False,-7.927062673701169,-0.4195398005386597
KAYNES,380,2.6250669156491475,1.0931485751254737,1.4959367412834101,0,False,8.427059631390744,1.7311954738598923
KAYNES,383,-0.7552451605071608,0.1875840787315177,0.1047767165826663,1,False,11.727450289941043,0.9521926789891832
KAYNES,384,-0.1441357634988683,0.3160144420755364,1.5520651783622164,1,False,10.531366288100607,2.674642543417294
KAYNES,463,2.1257088693053845,0.4657333665515066,-3.1367550945327283,3,False,-4.853407615097705,-2.6855159352705327
KAYNES,466,0.9939656527933461,0.00058139619554835,-1.2115073543160326,6,False,-8.154407698861753,-1.2936258020680547
KAYNES,482,4.919561560173295,1.583533142597824,2.595404375343735,4,False,4.595621201693256,3.0661926501829972
KAYNES,575,-0.09458812555176734,0.3659512432116292,2.4814557548403116,1,True,2.4926532025455472,3.7756005249824476
KAYNES,587,2.574312934998028,0.15071733209158583,-0.24082092153213663,1,False,15.19680721487302,1.9312453022230835
KAYNES,588,3.6605952004712887,1.0183341020173655,6.609597301290804,1,False,13.52457635904889,6.186706140229603
KAYNES,589,2.0644024370251883,0.5434804314786661,1.1106480732424595,1,False,4.81546754669584,1.0910346610657484
KAYNES,591,-0.53147724560158,0.5937016081678999,0.09841279570661499,1,False,7.019658722131994,0.6926337229620216
KAYNES,592,-0.11712865400138804,0.2146336515874261,0.5365548147222343,1,True,5.685036029225032,2.064963224279759
KAYNES,834,-0.04822364838245467,0.24836705941623655,0.5488294083826339,5,False,11.615504924277985,1.8805344347445185
KAYNES,835,1.9406204543431267,0.7500397741267515,2.759737691794184,5,False,9.037019433277237,3.4395483873334465
KAYNES,906,42.53593318969046,2.83865047214971,4.085145792716749,5,False,8.833712202287414,4.4112493670656505
KAYNES,907,0.37897446790536665,0.2168152717144578,-2.212141463645134,5,False,3.0127517095661416,-1.588391889770946
KAYNES,908,0.9406144479251162,1.1504122901403298,1.4136954646053912,6,False,3.6900765471615804,2.090743746948287
KAYNES,911,-0.24826589056765339,0.025316886414987833,-0.03590295942964561,4,False,3.4005231574088413,0.015386982612719535
KEC,642,70.32408480293554,0.05661555789074436,3.2307278669105877,3,False,-1.898957538622803,
KEC,658,4.090205819577555,0.6164165125823892,-0.010120068740504529,1,False,1.5856068346211893,
KEC,1154,6.197405170966375,0.4633359616578562,-1.586527663550863,2,False,-18.307102966521505,
KEC,1155,1.3519427124491858,1.0433189283097692,1.9153749945789666,3,True,-18.860418844109084,
KEI,733,60.56415257377287,0.9492215617717128,6.854552777730527,2,False,-1.1657832913539279,7.000917767207304
KEI,772,1.3343539619202984,0.7682981587246814,1.0262870262106816,2,True,-17.052541543276178,-1.1425632861759127
KEI,804,-0.534179328935846,0.276914169709874,-1.4950276500256154,10,False,3.126110645058411,-2.3262884861043664
KEI,806,1.0475804303124672,0.5048414660383356,-0.5751077354831713,12,False,2.551461065500904,-1.0519701041078688
KEI,906,1.6307628620003551,1.2723822411664873,2.097792884904237,7,False,7.692319925067026,3.0392213829963266
KEI,907,1.6861811507829252,0.3827690138446608,-1.6096020718774473,7,False,4.308180459929467,-1.421684148914859
KEI,908,6.788881327168168,0.7698752320976371,-0.10645811679557138,8,False,2.643015144194516,0.03601594088658011
KEI,909,0.38174431596847075,0.29858855680422686,-3.723354156827141,8,False,-0.06660952580757051,-7.017086033980135
KEI,1140,-1.0767210996254692,0.10281671286164254,-0.10649731367177173,3,False,5.124411882026414,0.7950097780935028
KEI,1141,-0.48179534882619557,0.04087302517470519,-0.33882521994016424,3,False,8.472718405547708,0.5725660993255666
KEI,1142,0.5787404832431877,0.8090352771429603,2.582524206566239,3,False,7.224843076638554,2.582524206566239
KEI,1143,-0.40641354946839053,0.21987995004591787,-0.2030678925092566,3,False,3.4304782377370557,0.8213626988806011
KEI,1217,0.28645010966238205,0.5566520484202899,0.7124089173009773,2,False,6.057733113019315,-0.22663452248736782
KEI,1219,-0.4757962277766573,0.1970054509971173,-0.4797409629828886,3,False,4.371871665071692,-0.21316884056230556
KEI,1220,-0.39441520824084975,0.29149884106643265,0.046928347912245094,3,False,3.815617241559144,0.015113630638774467
KEI,1222,-0.3528329545774336,0.7178659216004281,0.6039911145380383,4,False,2.684608935641619,0.39418091409060274
KEI,1223,-0.37089911224737687,0.31187699969610033,0.10773383689823834,4,False,1.5603248962002825,-0.2208284265153071
KFINTECH,255,0.12180442803870654,0.3235170883497452,1.1338299476669977,3,False,6.705208378052219,1.515431050494187
KFINTECH,548,-0.20272091565660727,0.4460110547242221,1.1993581721692959,1,True,-1.759057495724492,1.8256951327347615
KFINTECH,563,17.507337010703043,0.5245973478005853,1.5129192051349882,1,False,-0.13948852230981634,2.9174590497988095
KFINTECH,564,0.7840935050445716,1.1573002279202764,4.224170776920011,1,False,-5.583732969657618,5.456664177803661
KFINTECH,565,1.9293584202646175,0.9819361238964484,5.186006135091015,1,False,-10.914558988749656,6.463566938967724
KFINTECH,566,0.26378147808943825,0.1855229699625205,-1.1429358546312773,1,False,-20.013830461591652,-1.6500509037822408
KFINTECH,594,1.8501358153996794,0.15332972941338435,-1.7608691282225752,4,False,4.3655494143049145,-0.9215185322217212
KFINTECH,596,0.3289956995136347,0.5319716981023334,2.1361258038266273,6,False,12.069442101328477,2.796657090213839
KFINTECH,597,0.5019047655119817,0.6899567713609739,2.229596775638276,6,False,10.263499327564872,3.5972401367647455
KFINTECH,599,-0.9562992978674265,0.05487112833823086,-0.9124361534674996,7,False,-0.38008227939764216,-0.8106595269130157
KFINTECH,810,-0.7443360570213946,0.14323749890909793,-1.297178847781666,3,False,-13.21622046573464,-0.9682031767978216
KFINTECH,811,-1.3897510532915542,0.549695014994746,0.25164849899379504,4,True,-16.109196312525288,0.35723353922656464
KFINTECH,866,1.4679206089519985,0.8955538961167597,0.20305133684668242,4,False,5.557373275536559,0.08073315563119632
KFINTECH,867,1.154016492854529,0.8647605211167112,1.1522104641150666,4,True,3.7087414970166988,1.38710783168976
KFINTECH,877,24.907440022064236,2.4810965432595333,1.562082062804282,1,False,4.103140212913936,1.4283421601669177
KFINTECH,878,0.4632606323406679,0.8111571832876517,1.424210720998742,1,True,1.3460919450904107,1.4502503129681932
KOTAKBANK,176,0.15367742390586578,0.3945674005790237,0.33667213483099534,10,False,6.110540512335594,0.6992475017890021
KOTAKBANK,177,3.572024391106033,0.003540654560584533,-0.39504511322709934,10,False,4.965976838343078,-2.271939369207576
KOTAKBANK,181,0.05199327525609454,0.5465319815930492,0.09264425750064031,12,False,3.4740810849955617,0.9034495444553814
KOTAKBANK,182,3.452324469591498,0.21046700028020515,0.42644180305484447,12,False,2.461236209001294,0.8160231210021296
KOTAKBANK,219,-0.5427118409452837,0.4315375473421796,0.10163439560479937,5,False,2.6885843932416664,0.7903661720980226
KOTAKBANK,220,-0.0978550354542309,1.214499959482101,2.5959601108459296,5,False,2.532030878146818,2.003946746713381
KOTAKBANK,231,1.4406977914665404,0.7411614336701913,0.7102029074102401,11,True,1.773623862244178,0.1971897083136831
KOTAKBANK,400,9.368312674709427,0.02195090757229362,3.920437804882426,8,False,5.21487231336788,3.6671809328653993
KOTAKBANK,469,3.446661201095935,1.791643723025543,1.6795928666881066,15,False,-6.428688560400497,1.419795249032263
KOTAKBANK,470,-0.7214718166454971,0.5786503122325742,-0.10201806019681792,15,False,-9.165445064819922,-1.1262508586570408
KOTAKBANK,561,1.3727753528389364,0.01776613023503864,-0.36127857749577164,17,False,1.022853784682054,-0.16510148603975372
KOTAKBANK,565,-0.5318581338359869,0.03813869377819145,-0.4408258621161676,16,False,0.08826806667268094,-0.2275653789000187
KOTAKBANK,639,-1.2385497054862815,0.13944238942073764,-1.2256154064733016,16,False,0.7187587968000564,-1.0491089115559071
KOTAKBANK,646,-0.27991490978822225,1.1705172347736565,-0.043149677387122054,16,True,0.879258097373059,-0.8615455927338034
KOTAKBANK,684,-0.984679968047002,0.5596675535077116,0.3522518283951559,15,True,3.4651930962687594,0.146248105328195
KOTAKBANK,685,-0.9871847025883308,0.1061958137523158,-1.2330398790184827,15,False,0.12202722011054323,-1.1792892322943227
KOTAKBANK,838,11.078166533418463,0.6606307780894558,4.70933172589536,5,False,5.186398447083929,4.733865587516184
KOTAKBANK,1011,1.477060584873024,2.2731560153530923,-0.40097048184358774,10,False,3.5911023739622294,-0.40097048184358774
KOTAKBANK,1012,0.2680562080140004,1.0670551097486185,0.871129941745008,10,False,2.9889211627934342,1.5194284418170279
KOTAKBANK,1013,0.41333869803511464,0.8702270457976748,1.296177082681993,10,False,1.2300941257297193,1.107363489602542
KOTAKBANK,1180,0.7215135737402476,0.5898457243960961,0.34846869637239486,10,False,-5.1255367044249045,1.517918342058855
KPIL,705,1.8668669810180638,0.5662258056397862,2.0470307539849575,2,False,3.3894517585039807,
KPIL,706,1.1853391413289713,0.06699856464177388,0.11317471630820641,2,True,-2.9402610542875296,
KPITTECH,355,1.4945373871710146,1.1848705348299544,-4.330229597838542,5,False,3.476923351941874,-4.330229597838542
KPITTECH,356,3.8818770454107256,1.4692687011776013,0.5882014829575066,5,False,2.5935805193584516,0.26887385920209006
KPITTECH,388,-0.40440447059105994,0.6361870719468956,-2.454206685670801,1,False,2.848881357006894,-1.9427999666472018
KPITTECH,391,-0.11938621735170947,0.11446825063922146,-2.5756376588923047,4,False,1.7180480389477504,-1.9763893418263234
KPITTECH,538,4.315650591005189,0.37052870576460434,-1.9828004936381927,10,False,2.3965891555068675,-1.4635560063758768
KPITTECH,540,0.42191764984918656,0.22597428376804143,-3.1621185451970346,10,False,0.8704782988146809,-2.3770088819619506
KPITTECH,543,-0.12999849347118822,0.32593963685913246,-1.045985773098912,10,False,6.519781948107406,-0.11242060441535306
KPITTECH,544,-0.43081631769793416,0.9202791073173641,1.2448658049644123,11,False,4.405547216388861,1.3859319167630835
KPITTECH,601,-0.33278428584097686,0.6146134071430631,0.5802945880115429,9,False,6.820722919897637,1.3966237375921953
KPITTECH,602,-0.6103458199794268,0.07460813207390418,-0.6626245363079653,9,False,-0.846423834860599,0.3062349127289421
KPITTECH,603,-0.11011768405772177,1.0515836763508302,2.6874224792166945,10,False,-3.136814315859082,3.9166459752991267
KPITTECH,604,-1.1593113385127727,0.6532594908563728,-2.266114600403013,10,False,-7.152661096409629,-1.3832912588393143
KPITTECH,605,-0.5093606913218593,0.6645346346854997,0.44174408195014614,11,False,-7.8031641891941455,1.263593536741081
KPITTECH,606,-0.7334776899195549,0.04603815473256177,-0.10146966585216077,10,False,-8.727713876054777,-0.10146966585216077
KPITTECH,674,3.9384474977547836,0.7806813056113866,-0.3883654111307422,8,True,-4.985189580385629,0.6035425790182458
KPITTECH,693,3.14358892334495,0.2541835654777973,1.316780213625246,4,False,18.968701353036654,1.552731206344049
KPITTECH,909,-0.4957632607331966,0.18563889809377204,-1.5644426529454525,7,False,2.448130411341709,-4.448230918904894
KPITTECH,996,3.4672973748125555,1.6584193379362686,2.199246890299422,13,False,2.8655070136811123,2.199246890299422
KPITTECH,1152,1.1007810387837584,0.05685721740171813,-0.322426506095963,7,False,-1.8722908466576094,-0.3353929025219138
KPITTECH,1153,-0.9257010012161807,0.1513029528528663,-1.0928788173886428,7,False,0.4691510671293919,0.37312473588413386
KPITTECH,1167,-0.5751215848838647,0.10056454382573538,-1.525729679146759,5,False,-4.603859420096201,-1.5517540597779433
KPITTECH,1168,0.27080760434023804,1.0261285034009526,1.0542946192116265,6,False,-5.610111733778789,0.8997560882704647
LATENTVIEW,998,157.03421542368366,2.1669451358930734,-3.7206949486970453,6,False,-10.815569582625518,
LAURUSLABS,233,0.3862509300914694,1.2218004964223281,0.39782083754467124,6,False,6.572884703194393,0.8962585574850745
LAURUSLABS,234,-0.2854753176969528,0.08653808462241021,-0.4244495587159003,6,False,5.457652960706638,-0.2417756366812296
LAURUSLABS,415,-0.6673974035871004,0.3538122270210065,-1.729932116413102,6,False,1.7054358571672479,-1.729932116413102
LAURUSLABS,417,-0.24078373038438328,1.2419460097256876,1.063913081826473,7,False,2.456944170374098,1.063913081826473
LAURUSLABS,418,-0.3969630392978334,0.36093615545430946,0.011293098960774017,6,True,-0.707026510200659,0.5350691460056733
LAURUSLABS,429,5.870909499861164,1.6298761422539483,-0.8676303189916523,4,False,6.29785547509929,-0.8676303189916523
LAURUSLABS,480,-0.14788042791953174,0.12524448309114197,1.2313901404289895,3,False,6.26328453034195,1.657172119523409
LAURUSLABS,481,-0.4931346933880224,0.5127115039556058,0.9275533350949772,2,False,-1.367689362321789,1.331113759466307
LAURUSLABS,482,-1.044151823952616,0.8273883068176324,1.4612419071665217,2,False,-1.4460952746060962,1.7445903985050304
LAURUSLABS,483,-0.36444542421478937,0.21467844507989772,-1.1359651853286357,2,True,-3.7259209753856215,-1.2323341628344031
LAURUSLABS,644,0.749155799552857,1.2301555635858117,1.4885911054290268,5,False,-1.1997756547061922,2.684635972145033
LAURUSLABS,646,0.3015545955786484,0.35776741145275304,-2.283834940718066,4,False,-6.600781530226518,-6.430658049871485
LAURUSLABS,781,0.20916556361356964,1.5246439917090426,0.503030616833744,3,False,-0.15038449255523334,0.25799839295579385
LAURUSLABS,785,-0.757015298847434,0.381604199324554,0.27490844821689286,6,False,2.842970944068557,0.7162970597276441
LAURUSLABS,852,-0.549480986916222,0.07235523393476233,-0.42714654521900375,3,False,-17.56468190461686,-0.5444198516301957
LAURUSLABS,853,-0.4467975772260431,0.20460060862498874,-0.5982586156541903,3,True,-18.042189706766976,-1.2414543781046006
LAURUSLABS,878,0.04171079978883212,0.6399568107115813,2.8189524120654896,5,False,-2.5501553417393463,3.310913283595074
LAURUSLABS,897,-0.7095387444688523,0.4992371284073912,-0.27169659349697284,10,False,-7.295580751132336,0.14880414336599923
LAURUSLABS,898,0.3417939234069048,0.3551971476100792,0.5360811766024653,9,False,-6.5216534062969895,1.3228412654508581
LAURUSLABS,1136,-0.48091321322322406,0.14324739529192532,0.5287104245449203,2,False,3.7931446110045064,0.39405133815542115
LAURUSLABS,1138,-0.3769658519654492,0.20126401898493726,0.058187031055534355,3,False,1.8118358161982595,-1.5588137968033378
LEMONTREE,1144,124.00740825103975,1.5563241965352046,3.1330972316130135,10,False,-5.0951598845747625,
LENSKART,29,27.157412529357835,2.2663982902033197,10.86912363898942,2,False,7.905976302414408,
LENSKART,30,2.3306626888901714,0.027964229470910103,-2.715858459828646,2,True,-6.902581339528413,
LGEINDIA,80,0.6770636913449687,0.42785452967026494,0.027890247973805238,7,False,0.6700526052916711,
LGEINDIA,166,29.380662615252366,0.9863792182184186,1.7754213926101992,6,True,-4.666611078684779,
LICHSGFIN,107,0.10110839074140103,0.8793398772646944,1.2204274414984173,12,False,1.1075671162735556,1.621699243425323
LICHSGFIN,148,4.623638517678701,0.9937309251094867,2.6194362077248012,8,False,-2.775276973357743,3.1788814409795085
LICHSGFIN,151,0.6079748668281915,0.3970084784441311,0.7568265548002717,10,False,-0.33112188579320634,0.8592201397242816
LICHSGFIN,558,4.676705730303286,1.0911603381842423,1.718482500100893,8,False,7.424165265495475,2.225886606591554
LICHSGFIN,559,0.6600865133609196,0.07997424559001315,-0.759358630525242,8,False,4.477614399063645,1.1138638789856437
LICHSGFIN,560,0.40147825539843585,0.47321361153390007,0.40255735101208945,9,False,2.6082336245277338,0.33332585720133867
LICHSGFIN,563,0.9271610557270631,0.9289378560328672,1.0809653274347575,9,False,4.471759724215807,0.9445513926699789
LICHSGFIN,687,2.0347523596417036,1.095704681012961,3.4652355105377897,5,False,8.302958403612394,4.419761656832133
LICHSGFIN,688,-0.2972053388469148,0.09632113836675658,-0.5320835201715113,5,False,3.554216726808268,-0.42837027308976205
LICHSGFIN,689,-0.7534632084689581,0.42523504582567084,0.276855997431924,6,False,5.512379642550003,0.9895392988141349
LICHSGFIN,690,-0.11187318123829802,0.4388961400339727,1.418856871732932,6,False,4.262945893222092,1.574607910327197
LICHSGFIN,751,1.2235958360238177,0.48970166872487003,0.02800283405333115,10,True,-15.986433364795205,0.5327790798656196
LICHSGFIN,914,4.961634272252558,0.1453701712489373,0.41027295709892275,8,True,-3.4056226123871824,1.8643280443870536
LICHSGFIN,1137,-0.9338413893374387,0.16067073700780873,-0.1599002549985573,4,False,6.001570735214146,-0.02860344835668993
LICHSGFIN,1238,0.8462826999019093,0.9359958460370554,1.4434590224619015,7,False,0.3722645122914203,1.4434590224619015
LICHSGFIN,1239,1.406632240037291,0.5867722011046508,0.5942453309493612,7,False,-1.8935339708873289,0.7911270249955749
LICI,380,0.7655240648310631,0.4913543484337423,-1.6209294009470576,11,True,4.900716359551227,-1.227002815832856
LICI,382,0.003535755849838885,0.17062462122461147,-2.6465942426098454,13,False,3.0126545100272573,-1.8585975808502408
LICI,384,1.3716040214858491,2.162592923762838,2.3494829144691476,14,False,6.192926640047269,2.4918326820831727
LICI,386,0.41970690253914905,1.316323888890461,2.0047471158690433,15,False,8.260400172907945,2.264548067437988
LICI,494,1.771786709402288,1.3566265511834648,1.7640206701696748,7,False,-7.76424443839111,2.4896982122203815
LICI,495,1.8624027513168233,0.6984585908567584,1.586274597335291,7,False,2.76052259375843,1.6392163888752975
LICI,513,0.1074334879589102,0.254336642545595,-2.5543443164960156,2,True,-4.781807604523413,-2.1392894650281824
LICI,627,-0.027196264439265525,0.04658525618304465,-1.3349356042568483,5,False,-9.257826622734877,-0.7131378697056823
LICI,632,-0.103393158646669,0.05399858039980604,-1.8508175612829691,6,True,-11.239344145238716,-2.582194975547869
LICI,920,27.168776111076408,2.668833533677959,6.448773402965902,7,False,0.25790671955321365,6.460581104800012
LICI,964,0.026025421946387725,0.39749134112911044,-0.8567895397986081,3,True,-5.509741122499856,-0.8273404791485972
LICI,1007,11.44449796485033,1.0432058759429506,2.078182690628849,5,False,5.176133941887295,2.2680926908170695
LICI,1008,2.7944912913181956,0.8811604572591697,0.013747210819814448,4,False,0.27505631101718553,1.3657477220711423
LINDEINDIA,138,-0.11339948395839122,0.5977652189402635,-0.04320082600749453,1,False,3.8265623881121424,
LINDEINDIA,631,1.0081490928214143,1.2468114631483576,2.2766111353142104,5,False,5.075630169706424,
LINDEINDIA,632,0.2354217111549857,0.4253410734067915,-3.276985599489579,5,False,-0.4874173795653358,
LINDEINDIA,702,4.163907699649242,1.1107341646232538,-1.3870711409792458,2,False,-13.65224553928267,
LINDEINDIA,704,0.2254133098397199,0.4363766508475626,-0.9253444168393465,4,False,-14.215311018261234,
LODHA,540,6.323955701798071,1.2253518595157755,2.8720665591271732,10,False,7.850823454667499,3.6282564044603616
LODHA,542,-0.16470906423310347,0.18101709010255138,-1.3052168968592404,11,False,-2.536825119419439,-1.471342195184111
LODHA,670,1.4475255119735821,0.4633875875515003,1.3580403984880807,2,False,12.389403963738177,2.47545621220433
LODHA,671,3.940286489132992,1.043521315721943,4.510656835983706,2,False,9.713893922479189,7.488488003053995
LODHA,672,1.8464432629818728,0.31562074935302337,-0.43027822960907125,2,False,2.950475184652235,0.0404159490803524
LODHA,755,4.72796683147356,1.7750809155951006,5.14444147653399,3,False,-7.01701228948024,6.888250932964279
LODHA,756,0.14085529036390104,0.11537558765048724,0.5504375700178255,3,False,-13.743336591642851,0.8362460332424826
LODHA,894,1.2520273049172883,0.013528115733208388,-1.099295998516392,5,False,3.0933010446762443,-1.1311808265400014
LODHA,895,-0.784701814589449,0.07467064104715183,-1.9881902514180316,6,False,-2.1309085447862364,-0.8860410925476514
LODHA,896,-0.5802446193455414,0.7404979613243703,1.9459104509517156,7,False,-2.7123551320158312,2.4661211416599382
LODHA,897,-0.5724151583198782,0.22967153333424234,-0.08672049431264206,7,False,-6.104032678493998,1.3053958930024923
LODHA,898,0.7465905519971484,0.5961656557604713,1.4704074609524609,7,False,1.8120068379106735,2.4729326923979666
LODHA,899,0.5890074005332399,1.0073891343789958,-4.100471208579403,7,False,1.318491431646418,-1.536270198023082
LODHA,900,3.0962448872905712,0.8134581377994152,-5.918503590284763,7,False,2.5085360487816066,-5.226464600538982
LODHA,1031,0.3103194970655541,1.224347618877098,1.231894529489086,13,False,-4.907099496596501,1.7974378519265422
LODHA,1144,-0.168530200317856,0.19122123757233792,-0.9118741920147277,4,False,2.212629839774838,-1.667801925323431
LT,149,-0.15025265572149643,0.09589035887215841,-0.1603685632329821,9,False,-6.511651761770687,-0.32622229421297444
LT,150,1.905312630439707,0.48992622985740225,-0.07684888143968394,9,False,-8.622201966539256,-0.2332497720577309
LT,214,6.5930689568478265,1.5261275093719047,4.020980230289206,6,False,3.8607076196341517,3.8668705037191664
LT,220,0.5749418981790585,0.7617170893931373,1.0020417544511773,9,False,3.1943703582009375,0.5518793325894222
LT,288,0.7963010988608243,0.26907391697194094,-0.018999250968232406,11,False,2.986968328587958,0.38569719479915054
LT,346,1.7113531283599297,1.0174628614252346,1.687430378976873,8,False,-3.6560432096175433,1.3890798466110965
LT,398,0.9155032004154147,0.3391676004534204,0.019240812512055783,11,False,3.9839433701657656,0.48761286798055803
LT,399,0.1739730675522894,0.5120345381958342,0.2862131902531928,11,True,2.661262365768735,0.7334370351180786
LT,441,0.8992747950659198,0.5146351776172966,0.26411940630000075,6,False,5.039714639007586,0.34898112395238545
LT,621,2.615820464668887,1.5929025839253794,2.9155390142937554,6,False,3.952203051246772,3.949367877379406
LT,622,-1.3668967120406348,0.31548686820757493,-0.8755788108352647,6,False,0.8093813710529751,-1.235962023213888
LT,680,1.6239907057434795,0.4610384540348182,3.5505513324519455,7,False,-4.669134512039519,2.3508804454044796
LT,718,0.3445740247097772,0.8393415957126359,1.1354094142072446,15,False,-4.283109193615253,1.1327342194855206
LT,720,-0.6294855423586965,0.4522385247575132,0.02687484841932264,16,True,-5.439862610530999,-0.1042219731382521
LT,756,4.1174670193207445,1.3553961646387362,0.4543654785581497,10,False,-5.8698684488409985,0.6158830344212607
LT,799,6.4658218092705235,1.070844123479152,1.8360610365136587,9,False,2.759994649824926,1.8876140796901808
LT,881,-0.014605427296911996,0.4095185851644927,0.27575862096897996,5,False,-12.041819776839379,0.9424656745217641
LT,1140,0.20347114014218629,0.22059058767388506,0.5957328641545745,5,False,-0.7196162046908205,1.8715944089078507
LT,1141,0.5323578881312827,0.06062257293111288,-0.11444229419421692,5,False,-3.637271731013536,0.22984492740973916
LT,1181,3.638627683602686,0.4331125539841057,1.053503078510576,5,False,-3.2578329978524945,1.9065663458111226
LTF,140,14.882613229640791,3.1220188564296465,14.987974037099283,3,False,8.530194687649306,18.34865810254398
LTF,522,3.046527360584341,1.3324631928913873,0.7847360844329465,4,False,-2.952106938234289,-0.7173287062595568
LTF,541,1.4735554781414415,1.1007873731100182,0.10661414606654152,4,False,2.6297042618936617,0.8884128985374495
LTF,688,10.156197511551554,0.12178384324275426,1.9190583153318785,7,False,10.165543559031342,3.153425165223789
LTF,689,1.6687890002087074,0.6014403165084701,0.9963035316572944,7,False,5.566604900547123,0.507626446053866
LTF,755,1.6348251622868342,0.10176953142947825,-1.2574941840285736,15,False,-6.527459382071987,-0.7970646299264139
LTF,984,0.7601822913051783,0.03807537449617281,-0.853674825762818,4,False,1.1274695411018332,-0.853674825762818
LTF,1140,-0.4619628781582634,0.24799804736721495,-0.06720435511977652,4,False,6.792698727366719,1.35171619881147
LTF,1141,-0.43018277413630485,0.4239378230621429,-1.7518438636674682,4,False,5.217073938539696,-1.7553510174892595
LTF,1143,-0.5734196613350043,0.280181378101531,0.28012077428085647,5,False,3.7881084882519733,1.1407087011770622
LTM,78,0.06254252008422694,0.4605410740756953,-0.5435672796426316,3,False,5.134773916655377,0.48923878565436674
LTM,222,0.3502435462080948,0.4005518369481927,2.0204850575826327,0,False,6.713342437620584,2.0204850575826327
LTM,223,-0.21226047582523816,0.5405991107752249,1.0630746561475224,0,False,3.7213059736352028,1.1868906588135664
LTM,354,0.7814912375991119,1.5930578064426517,0.4395026779926203,7,False,3.218820313448223,1.5834106971577944
LTM,355,-0.13222713674432696,1.0700413411103002,-2.5070470214217155,7,False,2.0945370062094515,-2.771236310287506
LTM,358,0.2796243986779568,0.663595590054159,1.1043960223130034,10,False,6.107394064161964,0.3602676273803507
LTM,547,2.029563896512888,0.8786332674818254,0.8778032051251383,5,False,3.0773961876570333,1.2524739118386252
LTM,685,0.7163430672898065,0.4657901174099159,-0.03802256011938843,11,False,1.5117524501794488,-0.03802256011938843
LTM,687,0.5341120097904124,0.3147209752470968,-0.5473365620157544,11,False,0.1531875711214825,-0.8912489628129738
LTM,797,-0.1400384907098829,0.5240344369190798,-0.010178602648491797,10,False,1.916670558822009,0.0026717626495642577
LTM,798,-0.14657540739244873,0.23032583795731165,-0.5403940496949367,10,False,0.8168721758997188,-0.41015152692985835
LTM,908,3.0585623227218424,1.154811528866293,4.2591897847718,10,False,7.046949768654076,4.862748822166996
LTM,909,0.8040595644949912,0.30429718243349074,-1.6470790511976863,10,False,1.1818544408757958,-0.6394608763745979
LTM,912,-1.2636430349131287,0.05185837350958834,-0.7825184874952651,13,False,2.28768845222449,-0.7923462823119731
LTTS,47,-0.12528562866489099,0.23318524507732638,0.3511907612902876,3,False,12.15012486567888,
LTTS,132,-0.5542324477318783,0.11858460060160214,-0.475353597445316,6,False,1.4643760140014672,
LTTS,134,-1.4796235446583434,0.2664919485596295,-0.6893436289231114,6,False,0.6615148360989531,
LTTS,225,-1.2145876407453375,0.20037425214805535,-0.7182735494150383,8,False,1.3219877650068934,
LTTS,229,0.29693756417045336,0.5899868977366931,0.43213664021817255,10,False,9.847333663210023,
LTTS,364,0.9156825470868662,0.16055886628062715,-1.3305857350589423,6,False,2.792379996781924,
LTTS,366,2.5137648422649015,1.1780214214827314,1.4121299249687302,8,False,-1.1223609778793109,
LTTS,412,0.6420141435840275,0.4033078157934743,0.19919076264451885,2,False,4.267938749255196,
LTTS,479,-0.1822512919378422,0.9683191408875315,-0.3659689952453027,9,False,2.980808202911134,
LTTS,480,0.7219546563776748,0.17784920091709952,-0.7036338942465248,8,False,2.348136896968578,
LTTS,482,1.1677816009840833,0.20124711225851766,-0.802544612561007,8,False,0.7794048890000349,
LTTS,687,-0.6903366447338858,0.3655752079756884,-0.733167515957367,8,False,2.418690635989118,
LTTS,715,-0.40588556093856065,0.31607223503464804,0.08227723856399916,10,False,-4.817351033620798,
LTTS,718,-1.4472935356886758,0.22002908133355883,-1.05875973859193,11,False,2.2839948500803953,
LTTS,837,0.4271881907010453,1.0274828601151207,0.19326242826431805,3,False,2.5592157318023556,
LTTS,839,-0.34936725479945446,0.043199321751226274,-1.2281548520006291,4,False,0.9830354415442999,
LTTS,841,-0.4321959440770337,0.4543078975280312,-0.5941318657305961,6,True,0.2753984809733101,
LUPIN,84,-0.12167255585956605,0.5385574185738554,-0.18354573321859302,1,False,-0.007931732309296446,0.15171499722932413
LUPIN,85,1.0101738268499068,0.41253638476474563,0.5067623370531127,1,True,-4.498751986250693,0.5331906206021753
LUPIN,234,0.11972991053145003,0.49305309687948523,0.0792013715296358,10,False,3.3972029202875342,0.36381884330698444
LUPIN,237,-0.4273061628949173,0.9360926183850518,2.0453061220878643,9,False,-3.43948687434672,2.518390113773372
LUPIN,273,0.7902755405296189,0.7540696023878893,1.6316501340499556,10,True,-3.701531426532023,2.0013459184658133
LUPIN,288,0.6470506769777902,0.8969309851167726,0.15040899872285074,2,False,2.6780213840235323,0.6559297374932216
LUPIN,666,0.44491162198255546,1.561829513264789,-0.40314281668493157,9,False,-7.70805132606085,-1.4854594838492607
LUPIN,672,2.966770585010794,0.5058285450822091,0.5455671482472946,11,False,-5.915062565375406,-0.38031280581777294
LUPIN,702,5.534951470400266,2.441019747860382,5.773251496482845,8,False,9.107032811771965,6.0588326541386905
LUPIN,703,-0.1305248448001689,0.14229570027239183,-0.31731826594952883,8,False,2.191363499424215,-0.31731826594952883
LUPIN,705,-0.46723741465228225,0.7652745488914192,1.146696150949511,8,False,6.558649162028418,2.2474798671535234
LUPIN,822,-0.000514678250992896,0.617648965397435,0.8102489855453143,11,False,8.425999705888199,0.8102489855453143
LUPIN,823,5.00731878034993,1.5167022035685873,2.7636659266780716,11,False,6.531689081680536,2.7147550896100547
LUPIN,824,2.6834156514312326,0.8021661366435083,0.6540011129270606,11,False,2.380212631154488,0.5813658492294316
LUPIN,880,1.251709231704768,0.4300282174508801,0.19900266154346813,4,False,-8.35347305511135,0.8765695332859424
LUPIN,888,5.946082495076901,0.06417508866957045,-2.3291061706980143,5,False,-3.6620132286459883,-2.5970871090973624
LUPIN,1190,4.645223673796307,1.25946582956874,0.09659630150395948,18,False,2.867707392058505,0.10074480805783992
LUPIN,1191,0.9397837085772188,0.20123416258097745,-0.8050618533132714,17,False,1.5323137045044843,-0.43600255471046845
M&M,23,1.6234329911311907,1.4930852143538433,0.21062274829473093,6,False,6.311508152667322,0.7735047390783345
M&M,24,0.7807729980164881,0.45418141253982297,0.7178337451206884,6,False,5.160119977728694,0.7178337451206884
M&M,94,0.997425655251879,0.6863188158624173,0.8303863660729771,10,False,-5.280203755398105,0.1326747295670172
M&M,147,-0.5389047044163628,0.6660583079448394,1.1608608608824067,3,False,4.936574741796873,0.11443398016071082
M&M,148,0.13001531436014452,0.6670683590743148,0.006299090086803183,3,False,2.849228770441048,0.4021483900569667
M&M,149,-0.986138000739018,0.019429028737261683,-0.4320517278477487,3,False,2.049563714211544,-0.17615127627040872
M&M,152,0.24236161426502922,1.1857079619355697,0.13313998248927206,5,False,6.39291803891342,-0.1529894883526728
M&M,289,0.07647675856771201,0.3613871895643014,0.40577196716393704,7,False,-3.5977554058135297,0.9109948782575428
M&M,290,2.4471384581178786,0.9601222499662329,1.9751119442825926,7,False,-7.110096725107262,2.912746454609838
M&M,291,0.961779695161084,0.22686469250413174,-0.823446343686407,7,False,-9.491925637042964,-0.823446343686407
M&M,343,0.2757195664054597,0.11946921253402967,-0.41128011681886845,9,False,3.3828596280091716,-0.047614227281056465
M&M,413,2.142011502728852,0.3627511435404035,0.19485877454032963,14,False,3.3246747885698813,0.19485877454032963
M&M,418,-0.4453898843442209,0.31598237355763364,-0.2492287108061042,15,False,2.1935820351879354,0.11519450795263175
M&M,603,-1.2783189717136965,0.4222069832946843,0.3622486010602666,8,True,2.5348822333857157,0.5829930739246425
M&M,604,-2.61197158710016,0.2657547105740347,-1.0151554366893745,8,False,1.5184222717697704,-0.5550283265752132
M&M,610,6.881923011044114,1.6764563591380626,0.2436475628776913,9,False,8.495761806602697,1.5470592244258397
M&M,611,1.3875487420226198,0.8864497970689962,2.326064992493193,9,False,6.495922508358909,2.353938398902833
M&M,614,0.18073654905830966,0.19161145612951275,-0.7643252076588669,10,False,0.8845790127981257,-0.1613322561927033
M&M,615,-0.2843999318291687,0.7603090604902576,0.5898182763296678,11,False,-5.247006935084819,1.432301126587321
M&M,756,12.845274600457067,2.2337114828871645,2.95123602381675,8,False,10.070262374793293,3.3664077927334057
M&M,757,0.10420319545472605,1.2290864920027094,2.521179535704099,8,False,6.084444292998703,1.5194298776388449
M&M,758,-0.021401691666854086,0.7607522076333205,0.06886458284791619,7,False,-0.13620282210081713,-0.8848557996404827
M&M,759,0.12231041648759013,0.618507988856146,-0.7383569118250444,6,False,-4.798993175705135,-1.3501034438187731
M&M,798,1.2859469860472754,0.6499629092304535,-0.38676059472281255,5,False,1.8763109742926165,1.66471933995751
M&M,799,2.464366035098162,0.2715428795104325,-1.078901310121494,5,False,0.19593878676635867,-0.8223124624957334
M&M,826,0.7145226496915502,1.3942868626812854,3.5042526059390955,13,False,-6.960282833115006,3.6299592064965136
M&M,903,-1.2202624109662366,0.4724680661782682,-1.6935662044193278,4,False,4.425240560250532,-1.7205973923886453
M&M,992,9.540284104592454,0.4934388805926662,1.025928972808754,12,False,7.258982104006817,1.8819579559188782
M&M,993,0.12965788954150517,0.5437716850475675,-0.18078484119892213,11,False,-4.799943942260521,3.7684801673849133
M&M,994,-0.5146444983917946,0.060510581100618355,2.7981006806419684,10,False,-4.69142483596543,2.956622485338767
M&M,1034,0.01502412341243822,0.9900561260972386,-0.0778078149281658,11,False,1.7391096806985251,-0.0778078149281658
M&M,1036,0.47635657939415427,0.64354749658139,0.3347998484246384,12,False,-0.5376559911577039,0.653269424796421
M&M,1037,-0.6469377596814958,0.09063874496980459,-0.6219223428448273,12,False,-3.39867826751451,-0.7833947799741559
M&M,1154,0.7312242984474149,0.600584738819455,1.1530098942795108,7,True,-8.603073167300002,0.7658903142768736
M&M,1207,2.66488649116019,1.0314703269756136,-0.19466785685996468,11,False,8.220044725348563,-0.6396587408352028
M&MFIN,293,30.365360140930374,1.630849816640555,0.6467204319651199,4,False,-2.6715548903854525,
M&MFIN,296,-0.29685274498076814,0.2229306576711676,-0.9010799635169486,6,False,-3.5915483807970383,
M&MFIN,312,0.6479830348329595,0.7549951773724792,1.4833255259617761,7,False,4.961307399813708,
M&MFIN,402,-0.4393459570605712,0.6226060286638833,0.7649630346960201,3,False,3.445293205391131,
M&MFIN,504,1.956607497605119,0.012328215430251012,-1.2179556922771284,5,False,1.3527045643893398,
M&MFIN,511,8.422687813457078,0.9044708870502898,0.1659413815863875,10,False,-7.164455907358813,
M&MFIN,599,8.237129454825755,0.7777122893069304,0.7567226983362207,13,False,0.6870388337805622,
M&MFIN,604,0.740305513718496,0.3995114046244486,-0.3632331242837239,11,True,-5.516272214267892,
M&MFIN,1155,-0.42575178391468804,0.8839237671386158,1.7069906244259192,5,False,-11.490023551116856,
M&MFIN,1193,0.8361811225327235,0.7717157495007401,-0.0035939655568362205,3,False,4.726072563610262,
M&MFIN,1194,-0.26644504837221816,0.6154774458036485,-1.6534913375470528,3,False,3.6965880700605913,
MAHABANK,673,2.602803218864781,0.3872175559775882,0.08437566110328643,4,False,5.466815604226882,0.1571047368473355
MAHABANK,675,4.655237273009004,0.7976772747877199,-0.07289950059043981,4,False,2.616358962993348,0.49326188100038415
MAHABANK,1042,0.9446994838748802,0.2928770363841816,-0.6947080179560805,7,False,-6.281968361522239,-0.6618410431428079
MAHABANK,1072,3.074043332911394,1.0877138552487788,1.381430584953569,8,False,7.49209497198271,2.0349797779976697
MAHABANK,1137,-0.7888789794277928,0.08076722635613841,-1.510118975023278,2,False,6.23912369674926,-0.8491113337903977
MAHABANK,1140,-1.0757618340508988,0.010527434897467295,-0.5810660638812193,5,False,5.198297027078169,0.25450207129749103
MAHABANK,1232,11.62243326599024,1.4213427448674385,2.495943921673116,6,False,3.3580608148531255,2.663576746979923
MANAPPURAM,443,-0.33422948991399676,0.540142015434957,0.5786401476507663,4,False,3.6415262513928015,0.16473627873039298
MANAPPURAM,446,0.6774485204252616,1.3874006497876674,2.2800560508589474,6,False,5.588638712495775,4.730856175713782
MANAPPURAM,447,-0.15128268882808765,0.2773954121319474,0.6102699432293246,6,False,2.271940496325553,0.6102699432293246
MANAPPURAM,549,3.155010778836788,1.638653243363983,3.4671112550580974,6,True,4.401858890966315,3.1447838056653854
MANAPPURAM,641,4.018866018564453,1.4766288031020305,4.201066902881068,5,False,4.791740532364797,5.516667479540405
MANAPPURAM,642,2.534003505384383,0.41458693881044467,-1.4141105369738893,5,False,0.26632449159220695,-0.44658686779031065
MANAPPURAM,692,-1.578133854765939,0.29822155740543016,-0.7291514188693227,5,False,8.59823896038543,-0.7291514188693227
MANAPPURAM,736,-0.725472047624422,0.2602561792489273,-2.4433802095965573,2,False,-4.144316238513735,-2.0306180721756384
MANAPPURAM,809,0.019173650731766044,0.4160389495977387,-0.8816715916711182,4,False,9.68846921427129,-0.4625904931820468
MANAPPURAM,810,0.09761787625427537,0.7755571666811776,1.0858218359961036,5,False,10.297948519964372,0.8900574670816397
MANAPPURAM,811,-0.43047059075919525,0.41122898888737336,0.3841895501486059,5,False,7.861709927925897,0.6046150471384903
MANAPPURAM,812,0.351890928626962,0.12871111341004815,-0.46410314660174645,5,False,4.5307898116011325,-1.2938040309574017
MANAPPURAM,990,2.874534225050077,0.6470551206213022,1.360153657139196,7,False,5.364062284354598,1.8110440203827016
MANAPPURAM,991,2.4201519134023117,0.7177558278557757,1.3320992039411284,7,False,2.7746763748376813,1.8598705539616622
MANAPPURAM,994,0.2935494731482515,0.5566777566160435,-0.7014827055336181,9,True,-3.8799891189990388,-0.39553249112896927
MANAPPURAM,1099,-0.2695144247013328,0.31888206961810633,-0.15818331810856234,3,False,-12.987835962327033,-0.4651939699042651
MANAPPURAM,1145,5.978564203984341,1.307593681609397,3.775922142070942,7,False,7.32832848132603,3.3890352229482
MANKIND,186,3.1817856953369503,0.5971266861952487,3.114178782517718,4,False,-2.1177240681458542,3.114178782517718
MANKIND,218,-0.1229275997514361,0.7020422759224745,2.275691391535517,5,False,2.4529749993433825,2.873227352021246
MANKIND,312,1.5104135464831732,0.9368453994067052,3.0356723288933463,0,False,11.402931337909926,3.398399541446695
MANKIND,313,-0.7381523688673423,0.15967725853892117,0.1305856327095789,0,False,7.391459189950478,1.0133713212678641
MANKIND,314,-0.9536652590144407,0.27442708468243815,0.42017098394206975,0,False,5.939100867594171,0.32861889018265256
MANKIND,477,-0.20055049269942596,0.7712764788056503,1.2078411898699182,7,False,-1.9911708229392366,1.392095874487853
MANKIND,481,-0.5683147597202003,0.6051134054870043,-1.0533108953475256,10,False,-2.0621164164814854,-0.8325138658886955
MANKIND,482,0.14134982146462807,0.5331802836750641,-3.2036470367825975,11,True,-2.950067041291249,-3.960607763767676
MANKIND,534,0.8862800591508386,1.711442044880102,1.9642216232248488,5,False,3.937640560617184,1.6978661280354634
MANKIND,536,3.0505592976069598,0.4969768021344407,0.6699412851832287,5,False,0.20140028043427183,-1.6220032232154957
MANKIND,537,1.112802522734033,2.342008123402326,0.18986471674489191,5,False,-2.321852189992901,0.3199090432824736
MANKIND,577,-0.08023354485118549,0.13537070413084945,-0.558511514927662,4,False,0.5775288195161155,-1.2637702985097365
MANKIND,692,9.419916179388862,2.166007362542002,4.7740489778302475,4,False,-3.7284730540427136,3.9192075491480294
MANKIND,726,-0.2001880598663683,0.888025802728331,0.8014072266504746,8,False,4.612467141930998,0.9367111289681151
MAPMYINDIA,1122,0.9378105474768166,1.9939141876880933,5.579390254268324,4,False,6.568443026699544,
MARICO,1147,1.5835190274008208,0.03512966128560321,-0.08934786302060571,10,False,2.959122790000568,-0.08934786302060571
MARICO,1148,-1.418403149080284,0.22066273840365422,-0.5101510095360307,10,True,2.043465463250582,-0.7629841708841067
MARUTI,20,0.38263551583552224,0.15488503725876254,-0.8201460787329307,5,True,0.09699087804801998,-1.265690879651138
MARUTI,87,2.3623335907316814,0.16851895395015026,-0.18157882059266495,6,False,6.3006464531739415,-0.25026031945699634
MARUTI,89,2.1296441292171915,0.5475107277215835,0.446793920462385,6,False,3.5498748274030767,0.446793920462385
MARUTI,90,0.4218854231329457,0.13458996953109323,-0.4150102581226056,6,False,4.113297838538776,0.13921938374972243
MARUTI,91,1.9678010438348235,0.9331625428051664,1.7668717310322934,5,False,3.5190100649267864,1.4462502602270888
MARUTI,162,0.9829779184475218,0.4043207167215739,-1.8615876811177157,6,False,-11.850745687451269,-2.5535554917576975
MARUTI,203,2.466435631227611,2.115259559323765,2.5526572743757914,11,False,7.004538735450483,3.0362207653322315
MARUTI,204,0.3183101890143682,0.24952165453814665,0.04559414200080436,10,False,3.237808496913197,1.0121696487128462
MARUTI,205,-0.5579197271770784,0.022502604276331658,0.19924216818174578,9,False,2.349394916804548,-0.1980562028949251
MARUTI,208,0.4388455686867808,0.14365150390115639,-1.3817406418811573,9,False,0.4728613065141385,-1.7397386320546548
MARUTI,289,5.671358905274199,1.856226328597208,4.058334413044551,6,False,-3.006742716820987,5.784320098064266
MARUTI,290,2.3209580757959687,0.5523976400955738,-0.7303868354539,6,False,-7.542952481745124,0.38863533887991686
MARUTI,354,-0.049561569325235054,0.2593930573584469,-0.42699311757670166,18,False,-2.950657787953026,0.039794278690918894
MARUTI,416,1.2816103861692951,1.111638363850686,0.8623668091914727,14,False,4.381810821571808,1.9596174091031093
MARUTI,417,0.0066308512309635565,0.22246475211233863,0.47946737164201725,13,False,2.5236566458428866,0.5541938726483453
MARUTI,499,1.497546090734988,1.8083701498525069,2.134632352395993,8,False,4.137530028694103,2.8241801425065605
MARUTI,500,0.3480760543155923,0.20998855031954383,-0.8372273087332904,8,False,0.8029678975881138,-0.9563686184105968
MARUTI,603,0.13968229578941807,1.4971974518281663,0.28759369543782665,10,False,1.9808137795616965,0.42769671890563465
MARUTI,604,-0.501004193747997,0.3331221610727638,0.2260688205872441,10,True,1.0715432468761499,0.36629205734060033
MARUTI,760,4.505133096337131,2.3987711952380577,3.9092206196826407,16,False,-3.3658519537132947,3.9030110915263094
MARUTI,761,0.6977114734392993,0.4863330900757892,0.1301716707269751,15,True,-9.661294670299226,-0.9979570146619654
MARUTI,827,0.691654534168714,0.3275925489212471,0.13259998185013444,10,False,0.2429364339990414,0.0885506155384741
MARUTI,905,0.6055166045592604,0.4890096222830365,0.14834549362721106,12,False,1.5692329427911211,0.8345695457802504
MAXHEALTH,153,-0.3615169864230508,0.6585245698921108,-1.1910970892229367,0,False,9.092609928115824,-0.9910250632936046
MAXHEALTH,290,0.35124826182670565,1.2424510922635683,2.2589726576506486,4,False,-4.80032544642357,2.617541548223845
MAXHEALTH,291,0.1300059463776926,0.005408495978045113,-0.9733965405648415,4,False,-6.370320981285815,-0.47588014200397044
MAXHEALTH,414,0.29519579171204147,0.08790064457487075,-1.1103173499997343,1,False,3.8336513888834967,-2.0243264062808186
MAXHEALTH,417,-0.13316656896749957,0.5917025372527869,-2.0125696407846227,4,False,2.3381049697020373,-1.5007255689626575
MAXHEALTH,503,0.21935376726815325,0.9192948996395318,0.1586412191183273,5,False,3.348038507639206,-0.8961909009314706
MAXHEALTH,672,0.24892950821264778,0.009974056968624988,-1.988208324791585,5,False,1.7765309503259274,-1.6199158982871498
MAXHEALTH,687,2.6792703163524916,1.6603272104669227,2.058341200726077,6,False,7.603841824465274,6.747983530455004
MAXHEALTH,688,0.5901871814201891,0.5611836079180939,0.8910789151024723,6,False,3.5832458238121534,1.5882112189044006
MAXHEALTH,689,0.30237358879624165,0.853328630474572,0.9273741476156339,5,False,0.7642196511848054,0.9382484585349848
MAXHEALTH,750,5.732582601429203,0.8827749689415209,-0.43758891902720976,8,False,5.108186111003299,-0.306842464382151
MAXHEALTH,752,-0.2653791749404312,0.2549852243732691,0.028958387335342728,9,False,14.743202175647996,0.4587283481831683
MAXHEALTH,753,2.058137204422614,1.0070713731212024,2.449490063791715,9,False,13.414456853691338,2.449490063791715
MAXHEALTH,755,0.23715246725861633,0.9405938160900837,0.3019677035434709,10,False,-5.65596015969918,-0.09013275485416639
MAXHEALTH,756,9.128897083116737,2.299793085781425,6.37004678030022,9,False,-7.733606682708805,5.787376987528581
MAXHEALTH,784,-0.3688304307264242,0.7364793136599903,1.3550839980216667,4,False,3.2475237014066405,2.092141893136934
MAXHEALTH,786,4.6055479928929675,0.26436824778386553,0.6285621245904593,5,False,4.831940241627231,-0.012134449702705385
MAXHEALTH,788,-0.01876903236028098,1.0631717102730445,2.33594166444564,6,False,-7.154702677090741,3.3404406538734888
MAXHEALTH,807,1.6447785072892587,0.5688162392008174,2.2907975972119354,4,False,4.160542290597169,2.444669700058766
MAXHEALTH,811,2.545786887563518,0.5806988160727558,-0.2552424368143402,3,False,6.488677710778257,-0.2728577715814029
MAXHEALTH,879,3.8152579824009742,0.8757141234156643,3.55023420625431,3,False,-2.079230159352319,2.6568198180978664
MAXHEALTH,880,3.78504709332548,0.9878053406181921,2.245939821653864,3,False,-5.85772257395254,2.630374456521678
MAXHEALTH,1104,-2.6712812078953196,0.10851617955815392,-0.5898881378591403,3,False,2.5277917387677373,-0.5898881378591403
MAXHEALTH,1107,-0.5290823342360196,0.49768187464867675,-0.497512437810943,5,False,1.5146712897766923,0.42626058596431093
MAZDOCK,562,5.222418241762522,1.5075213895708002,1.3525866647614793,5,False,9.656443105103119,1.5850396942012068
MAZDOCK,643,0.2875654278637251,0.4411948837842462,-0.6606687890147289,3,False,8.288213782513921,-0.4798791504480704
MAZDOCK,668,0.9051682160240235,0.26064686965923006,-0.09622468611161228,4,False,27.99172859979937,0.23954302561268737
MAZDOCK,669,9.982125296575596,2.3423021948087,10.825665705563114,4,False,25.664606261621216,15.535456005955094
MAZDOCK,670,0.7866841299744322,0.2772228495446731,3.708376430526328,4,False,11.317072475845546,3.8739730125321836
MAZDOCK,672,1.563505380124551,1.383386312793072,4.446200348445273,4,False,12.185063085556113,4.254065452179234
MAZDOCK,673,0.23671201264907785,0.37435737693960175,-1.457486605993552,3,False,4.134877286145655,0.029776305504913836
MAZDOCK,774,2.489664470379416,1.0584140063408591,-2.0906316751838405,2,False,-9.926452570706235,-0.28120268224094414
MAZDOCK,775,0.4471178911335993,0.261046954697487,-0.2516953364220753,3,False,-12.582096983530244,0.14374956581220122
MAZDOCK,800,1.9759374393024691,1.125079342719505,0.039655300078988986,3,False,18.876339494493322,0.7413328434388244
MAZDOCK,801,1.340599641826752,0.11250782409200764,-0.02101039939190752,3,False,17.440574903261496,-0.2542841348811331
MAZDOCK,802,1.1507864514510187,0.43915344770290193,-1.6904980499949707,3,False,13.654615833407213,-2.106699317250149
MAZDOCK,804,1.1687304668651723,0.6215495896097472,-0.5419069440612878,4,False,12.275884228739464,0.834260818279553
MAZDOCK,805,1.4701723966479963,0.5675139994286663,2.1328728662157292,5,False,11.142499908449356,2.55662163028183
MAZDOCK,871,1.7468880881433517,0.8013656227892612,1.161685188303463,3,True,13.58083978553295,1.442906199104721
MAZDOCK,895,-0.10632460558781617,0.14834292078126388,-2.0459941941855075,6,False,9.420391768619375,-1.4352758762275153
MAZDOCK,998,0.1536258284592555,0.32046047188157073,-0.9883561874148294,1,False,1.4523253491645516,-0.947728024142791
MAZDOCK,1000,0.4102783649957221,0.641431818882201,0.7871266400683252,3,False,-2.8549323310246955,1.1738640295781089
MAZDOCK,1003,-0.11531483523458803,0.649702910525675,-2.25769166235652,5,False,-8.050506543191627,-2.237984992529096
MAZDOCK,1140,-0.5765664665959364,0.04458718950883195,-0.3187151097539531,3,False,7.653138649404356,-0.10883084577113511
MAZDOCK,1141,1.0996052867301398,0.4637933701926432,0.4507866055080578,3,False,6.336397011491313,0.9114996020902266
MAZDOCK,1223,-0.10927920322930763,0.14635946608776057,-0.835748969235417,8,False,0.3173237171688159,-0.26305995514646074
MAZDOCK,1224,-0.600620688304813,0.40649687985995375,-1.7968497810373574,9,False,-0.2567510052658539,-1.7968497810373574
MCX,597,2.6070389461989945,1.266593794948059,5.083738693912432,9,False,12.458738054896013,5.779080565475869
MCX,646,9.178356152260452,0.9492862928996475,3.794983403270069,5,False,10.62522828877075,3.265901296270002
MCX,711,0.20156407663399034,0.8464321424013723,0.27280235882698456,10,False,3.850756614495987,-0.7834541930355932
MCX,716,-0.16971065338859645,0.7984361199329075,0.2295708622232162,8,False,11.071125587197717,0.2583175971553331
MCX,717,-0.7737181533100931,0.27150442322252977,-1.9889815675235845,8,False,9.761689584734423,-1.1603860010654499
MCX,718,0.20695808930005755,0.1671325268229541,-1.4704971739248007,8,False,8.701313515691966,-0.9429745532022027
MCX,719,0.11168101072017586,0.14069779881604227,-2.5101167700766536,8,False,7.56332676668805,-2.4892376188123233
MCX,720,1.4247766470600665,0.5199489521660285,-1.3073523669665743,9,False,6.667987315958923,-0.4261916467758198
MCX,721,-0.5116391088040638,0.319992995429573,0.2739034130142093,10,True,6.129351258277538,-2.279555145544876
MCX,808,9.457128630002346,1.636760595833667,5.646632365201842,3,False,-3.1722683084021597,6.481724827516122
MCX,894,-0.015424436808364842,0.13257784024830696,1.1424482451171558,2,False,7.675071850061288,1.4776825938961125
MCX,895,-0.517780446721134,0.12195539603298104,-0.302656990632999,2,False,5.259708098939231,-0.302656990632999
MCX,896,0.4443644207517277,0.18160305455732453,-0.4184671359866554,2,False,-0.38332993385994385,0.13491431099525997
MCX,897,1.7358470238662733,1.0557247044629217,2.9862076962104522,2,False,-1.7194099339177815,3.991456324973619
MCX,898,0.16581919381342403,0.10073729618025357,-0.17184766884207336,2,False,-5.298950128351776,0.20391701998285772
MCX,899,-0.2726992732425272,0.6022266907109604,0.3032077553504431,2,False,1.3899115573173582,0.6627194625103305
MCX,900,-0.87991008607332,0.29241556140367914,-0.3053434438522462,2,False,3.2897835347794,0.1830791591236558
MCX,1139,3.019467598889338,1.0692447228131121,1.5889265942975017,3,False,9.034714030347391,4.501850282782938
MCX,1140,1.4953088271592097,0.05677540590731367,2.1796434174030654,3,False,6.379934115412467,3.2512162331772343
MCX,1223,-0.31525151129448553,0.1116707439634019,-1.0936116608559532,1,False,1.2375153370363323,-1.0936116608559532
MCX,1226,0.10412770507430355,0.9446356199597494,0.03888185791109944,3,False,2.8689291736283318,0.6970323964499814
MCX,1228,0.34581117756668855,1.0511588624357038,1.3835645760766013,4,False,5.988960023870238,2.003025863390029
MEESHO,79,22.670284764860057,1.5469786512270274,6.2237208927640175,4,False,23.980102637016554,
MEESHO,132,-0.22710491391027157,0.9869700686570004,1.530912581256616,3,False,-2.9337124691668937,
MFSL,340,1.4273660008698719,1.3346698994802373,0.9175858193570585,4,False,8.536845526802782,1.2058485007227615
MFSL,341,2.897181111327212,1.084316813748821,1.8688592668667958,4,False,5.670363003691503,2.047456589747587
MFSL,605,0.6135518480749313,1.0065066257639872,2.1169269571770455,4,False,-0.5795328143382572,1.7119439169909212
MFSL,622,-0.040515116235828624,0.8751408785324586,1.0834919453140746,6,False,2.6190409648894297,1.4269722060161527
MFSL,637,0.31352601893179793,0.9934373312244673,0.07388678320958686,8,False,2.127976396636888,0.9408379474841189
MFSL,638,-0.37943114994440347,0.6653124849334322,-2.329682419729806,8,True,1.027674985899374,-1.8180388744785891
MFSL,702,0.14717106121551268,0.10066796776900383,-0.7401060324319197,11,False,2.7552034620258237,-0.28957852444229104
MFSL,706,1.4111651387096054,0.669525759123131,0.8632053408172968,14,False,6.330374987091414,1.0673106347080408
MFSL,879,-0.2736360489205305,0.45836630468940154,0.5741380651150818,3,False,7.192396023253367,0.6189771815061196
MFSL,880,0.05926723313402608,0.46105728988932393,-0.22181953751182482,3,False,5.874001020886399,0.23328475107340374
MFSL,881,-0.7829597132436783,0.31622685469790063,0.5845044066409288,3,False,5.855557049857718,1.4231815083612043
MFSL,1038,9.289587712882298,2.787758230071418,4.156443654330366,7,False,0.8841328575226903,4.156443654330366
MFSL,1101,4.090584585171493,1.526059267320569,2.0632133450395163,5,False,-1.634359377989858,2.502197655845495
MFSL,1155,1.1709087107470106,1.050418972064008,2.5289980041892424,6,False,0.5233338437564905,3.213566976711202
MFSL,1167,-0.7589313739477292,0.542809172362548,0.8397781084566791,4,False,-5.846667494352964,0.7696975455459887
MFSL,1168,1.1115145134266182,0.0,-1.0594170263271252,4,True,-6.437615663096629,-1.3231654457618092
MFSL,1231,-0.01678598788144925,0.1262615200283661,-0.34106198566912216,13,False,-10.76691858856268,0.0719656801488
MGL,847,0.6923887219514865,1.3169086062377886,2.538091884560578,6,False,-0.2337046040800428,
MOTHERSON,91,0.2996552087926228,0.13072685979807008,-1.074583200926793,4,False,24.413572094773194,-0.6623832214967429
MOTHERSON,92,3.0295046650142727,1.3004818945329855,1.8518214850366421,4,False,22.261088735738845,2.8644700977003223
MOTHERSON,753,6.162551188768215,1.3833182575717575,3.1189212869694227,6,False,7.573808104556123,4.300838763898596
MOTHERSON,898,-0.30335230611634123,0.15211013798998188,-0.14438009157566878,4,False,2.1951269643200044,0.3485385442560496
MOTHERSON,995,1.0113821100280977,0.542148506559656,0.6025135369595258,3,False,4.692619756900163,0.9125264752712692
MOTHERSON,997,1.4060194361292129,1.3306221037921315,1.9267708108354542,4,False,6.989516868723578,2.968528487009503
MOTHERSON,998,0.9702551395200821,0.6774953894018297,1.8742889863053502,4,False,5.909199097392404,2.526301876657855
MOTHERSON,999,0.6371787638731152,0.45238988828185017,1.1782023536096364,4,False,3.1945870237543694,1.739843681599229
MOTHERSON,1000,-0.8824931600033817,0.3779093631330983,-1.8971913799120554,4,False,0.5612158225464903,-1.4216552630221702
MOTHERSON,1098,4.369505490550867,1.031304016733448,2.6265555472955837,4,False,7.288880216013904,3.57805926661372
MOTHERSON,1099,2.266163001216974,0.10141503213899443,-1.795142287397511,4,False,2.082655329593708,-1.7649584238605298
MOTHERSON,1140,-0.9315784922677595,0.37634306486369923,-1.6901638481493175,2,False,5.4657507207407585,-1.9463038713131264
MOTHERSON,1155,-0.02151172400296911,0.2299816210663444,-0.29361066274756764,7,False,7.545159448114336,-1.3886190820154853
MOTILALOFS,770,2.528262824203676,0.8292883698316701,1.3194840886444181,2,False,15.842928349088714,2.127735797318242
MOTILALOFS,771,1.6687223744229065,0.3357285285945505,1.1354776166009106,2,False,25.954520925361614,2.01619445761978
MOTILALOFS,772,32.65224025662947,2.21355477335632,10.558985386413067,2,False,23.14628195224302,8.47804102001637
MOTILALOFS,773,1.730104394367335,1.236839641999675,1.6257399055421562,2,False,8.771914917441492,1.6204594663641991
MOTILALOFS,897,5.795557325047194,0.9486495310779053,3.8375757823126078,4,False,9.908218387432832,4.436305362923321
MOTILALOFS,898,2.662172436202892,1.0967326601494924,3.8611014687459866,4,False,6.03323265415987,4.585145197217266
MOTILALOFS,899,5.817405595450694,1.175183577299667,4.818373884004634,4,False,3.6325206560306356,5.261364410822611
MOTILALOFS,1019,-0.0340972194076377,0.31978211870735535,-1.5812028964090286,8,False,7.51195003478895,-1.1871336387369924
MOTILALOFS,1229,0.14211492578983054,0.556117855950519,-0.4522622386443187,5,False,4.575401284656477,-0.4522622386443187
MOTILALOFS,1230,-0.3267746115445269,0.0,-1.8849973241362727,5,False,3.0703058413113826,-1.68678519751837
MPHASIS,85,-0.702797619470117,0.46488241340572756,0.6192600904935119,8,False,-10.403324323418616,0.48003507321980887
MPHASIS,86,-0.12126124099847622,0.28269055182270447,-0.39711505582922246,8,True,-14.228863295068573,0.3929841344644691
MPHASIS,131,0.2822706509192475,0.11315188956324497,-1.4342784943732645,8,False,3.5454498740887352,-0.34419581598937876
MPHASIS,132,-0.0906189061654632,0.4126385340803105,-2.4832433395939546,9,False,1.8460679027128446,-2.4832433395939546
MPHASIS,144,-0.9778699409141461,0.24876598049042212,-0.2598270124710145,10,False,-15.642852537664043,0.9787855972363868
MPHASIS,145,-1.933728890022149,0.08198918884463305,0.20529956198569455,10,True,-16.50873257322597,0.6553292579847714
MPHASIS,146,0.3131500488238134,0.6145610446177201,-2.29572990944521,9,False,-16.67426454977945,-2.3492598073893367
MPHASIS,233,1.0196267586491077,0.34126571736526456,0.7537016527896512,6,False,-3.7710698781126206,1.1169600333091445
MPHASIS,234,-0.9336796921485322,0.1975177071426362,-0.16818662730743172,6,False,-11.169138293817927,0.044406062689406056
MPHASIS,237,-0.4165921155303907,0.6054192429501718,0.11147581594104228,8,False,-13.610375411583153,0.17134044185196373
MPHASIS,313,0.02867362595226987,0.0479124138616316,0.028751751783961943,7,True,-11.001843013642166,0.38113028389623604
MPHASIS,465,14.354442679997575,2.7669419633194208,5.343448357440783,11,False,18.644043921732134,6.684698565243741
MPHASIS,466,2.449835758356367,0.5289534191427396,1.6442558731115886,11,False,11.556220707728793,2.2760153619528545
MPHASIS,611,1.3716983828510534,0.9980318776595516,2.3122899693048593,7,False,-9.819710578415252,2.9713816239901547
MPHASIS,675,1.7672071670674647,0.7549169905227874,0.38039626994441633,5,True,-0.5982547434099095,0.8265536735746926
MPHASIS,684,3.4636018776425925,0.3874780479089563,-0.874459632617397,6,False,0.04583663399539972,-4.240864470135442
MPHASIS,913,1.433635133169342,0.9941699941822126,0.3453359733196937,7,False,-2.319771775314583,0.6731050629207092
MPHASIS,914,1.1966738245408004,0.4640603488204761,1.113023414510228,7,False,-2.5280163046095705,1.3326398019582575
MPHASIS,985,5.884776855842139,0.22757298440102056,0.5431699053434214,2,True,2.290276835519389,-0.06676573840751487
MPHASIS,1138,1.4940584576212879,0.9828025275323102,-3.5686320210502775,2,False,-0.1452252305979007,-4.882454052477314
MPHASIS,1141,-0.830135908308462,0.27182282552423565,0.6025295695446964,3,False,-8.774628713944976,0.3223665342322324
MPHASIS,1205,0.8083367948337257,0.1501870091586244,-0.8631098852830643,6,True,3.022843485760607,-0.8672116369225047
MRF,28,5.709254717348491,2.5618669624801362,4.186934989685742,6,False,-3.616729614124481,
MRF,29,0.609348352055231,0.49976171049426676,-2.157035933626028,6,False,-9.469600744095363,
MRF,289,1.324874666527095,0.9498570746707815,0.707458162138952,11,False,6.941145147432426,
MRF,807,2.0187351614442792,1.6326761769111569,2.288478988704279,11,False,2.9082550103257443,
MRF,808,0.1814941733711056,0.11381126807394068,-0.9331462685050362,11,False,-0.5492695049256313,
MRF,809,0.00047534453847253023,0.3896813922322443,-0.5340873168198312,12,False,-1.6755469532067302,
MRF,990,15.338591845074346,2.2678443208937327,2.079601990049773,5,True,3.4394693200663573,
MRF,1194,1.5673698616492209,0.6787431781731073,0.8278395807395089,11,False,3.81924145311745,
MRF,1196,0.8695996182494458,0.9195844295895116,0.936639599776945,12,False,-3.0746181297201414,
MRPL,541,5.566413881537328,0.8066545043429862,-0.13403164462716388,2,False,7.499037280953957,
MRPL,705,70.34292239293963,1.413433501776042,3.0982207282494123,5,False,-4.301366533844108,
MRPL,707,1.0913787205836047,0.9805070040199231,-1.563623069890241,5,False,-11.305126390776355,
MRPL,964,0.29527585771189196,0.7548358798191295,-3.7464438894038055,6,True,-17.428833393932873,
MRPL,1090,0.824840837519673,0.941383400352099,-0.51571337173697,2,False,17.85584273753187,
MRPL,1091,1.0155004885675616,1.412942850516893,3.8149110935862263,3,False,13.97109868700901,
MRPL,1181,0.24137654878460593,0.5863384001125699,-1.0072768523731623,2,True,-14.16723989570926,
MRPL,1203,15.73912910079025,1.284888067406266,1.4515667726395565,0,False,-1.7968985781112834,
MSUMI,459,0.135939155823866,0.15572966622511214,-1.7775074059369511,6,False,-2.990127725507319,
MUTHOOTFIN,47,14.113975340400389,2.0310490310281133,2.428306631486654,6,False,-4.605387999711419,2.403614680937771
MUTHOOTFIN,50,0.1624616182553149,0.11707581710857323,-0.2994666241881605,6,False,-12.35374016181774,0.4897722476932209
MUTHOOTFIN,52,-0.3411881852818278,0.35285053546112033,-0.31417943947504856,6,True,-12.966969727764377,-0.5877260558256214
MUTHOOTFIN,313,3.786318888325352,0.8213728716949278,1.4451977098350222,4,False,-6.7990432780554055,1.641697363440886
MUTHOOTFIN,314,2.825037177348191,0.15248676144003823,-0.16972719042588347,3,False,-6.952694442295437,-2.101472780996605
MUTHOOTFIN,634,4.453888819812778,1.7901719495918365,0.4230869778309776,2,False,3.8324856027404985,0.4230869778309776
MUTHOOTFIN,636,2.1371041111149918,1.3286285946076732,2.2710442530288644,3,False,7.825388040523307,1.9745331268768762
MUTHOOTFIN,639,0.5752891725825321,1.1760878042164409,4.015802040260352,5,False,8.439317453491313,3.773014081247328
MUTHOOTFIN,641,0.5399554108335352,1.2841443375965278,2.3400317762528156,6,False,5.96543786881838,3.269143242776673
MUTHOOTFIN,878,1.3287518066813468,1.1728080353418466,4.177981460629043,3,False,-13.043103373944831,4.561684543325395
MUTHOOTFIN,930,0.7847507137212332,1.900935724195893,5.46970060933325,2,False,10.837609197333787,6.711435785552733
MUTHOOTFIN,931,0.34396613163538076,0.8452452233576059,2.3183637417668823,2,False,5.702254007039698,2.120974076983506
MUTHOOTFIN,932,-0.4534487887206826,0.2489329599507631,-0.2788218383650731,2,False,3.1693925327737293,-0.22024502072641727
MUTHOOTFIN,1138,-0.3616147648359869,0.5812319139019753,1.1698237785114252,2,False,-2.439441417556598,-0.9504398349645782
MUTHOOTFIN,1140,0.5464084504293089,0.3930885355292975,0.0055755789060585315,3,True,-0.3752113867266038,1.0311998070028139
MUTHOOTFIN,1230,3.6646332846668517,1.6801650877229812,4.514900455150883,3,False,-5.3861683321242415,4.514900455150883
MUTHOOTFIN,1231,-0.4670302603170017,0.08995172627752064,-0.7455709920326625,3,False,-14.06631838179776,-0.7765783113103719
NAM-INDIA,1141,1.2736801526631572,1.0657780171203513,3.6960973155749866,5,False,7.8130881103657845,4.707463827870417
NATCOPHARM,611,15.913490567171417,3.9797343091496122,11.652060390825604,11,False,10.15104035141674,
NATCOPHARM,612,0.4441482323367141,0.652660728520404,0.7758496927233516,11,True,-8.364928505515955,
NATCOPHARM,685,1.0064541578369435,0.4570305090742096,-0.7010402532790394,5,False,9.507008194114675,
NATCOPHARM,686,3.193065056365051,1.4424716630977896,2.8674945893054637,6,False,6.223729288823754,
NATCOPHARM,687,-1.0039736738706613,0.14469165577438722,-1.6002875290162866,6,False,1.9100753075517174,
NATCOPHARM,689,0.3181461786499422,0.6480616040055764,1.3101000954803377,8,False,0.033890730195751395,
NATCOPHARM,810,-0.6635690033088307,0.14583038986473829,-0.36395205182141455,5,False,-6.688033067673372,
NATCOPHARM,949,7.1849554561056985,1.563782774826356,2.9496487367559387,3,False,7.6181261598490035,
NATCOPHARM,950,0.5148146547749515,0.7533367938090844,1.7023353637073413,3,False,3.6526680823110835,
NATCOPHARM,1048,7.081628127888786,3.290450913012708,3.9583246283884765,10,False,3.3866282204578324,
NATCOPHARM,1109,0.8365424265112194,1.747229151966288,0.8743808410669462,1,False,10.94740366535083,
NATCOPHARM,1110,0.093119965295677,0.8841159223890832,2.4561416294350824,1,False,8.845242332744196,
NATIONALUM,24,8.519428737142455,1.7872835633816855,8.712807656608156,1,False,25.94334103470233,7.626193887083965
NATIONALUM,126,1.0040535885351627,0.7114667822812752,1.3123550038883547,6,False,-8.581583328549714,4.570118853736904
NATIONALUM,127,0.27290826818236763,0.18070397050746265,-0.03254279069060395,5,False,-5.68961831553112,0.7423987380637209
NATIONALUM,128,1.6199740590684368,1.2234361254955268,-6.654649762955589,5,False,-6.73066852945815,-4.792305971995193
NATIONALUM,141,0.43012549663714755,0.12935486993467926,-1.9979479790562138,2,False,-0.5369999619030064,-1.879491431730218
NATIONALUM,236,1.8564805021272852,0.3505052604169686,-0.3098975384170255,13,False,2.942234014718892,0.3155109074974849
NATIONALUM,639,0.7091555596810114,1.0236059777870863,3.909811674805641,2,False,12.434920062986299,4.424537163644193
NATIONALUM,640,0.45763332684423097,0.5213816434345291,1.9563097430597587,2,False,12.538417898064647,2.324386814425883
NATIONALUM,641,5.380678383962656,1.0373606374441893,4.307498619158734,2,False,9.500488145141329,6.396633069327873
NATIONALUM,642,0.30210969027865664,0.384731948156093,-1.0056068008803432,2,False,3.5672683099352565,-1.2314332178866239
NATIONALUM,670,0.855347526699127,0.6032688787763661,0.09324013561100575,9,False,-18.553846385149686,2.7387600721302308
NATIONALUM,671,1.6773098155537869,0.1263720220695523,1.0508696577103294,9,False,-19.509593333456277,2.5484820793989282
NATIONALUM,752,2.010876715876591,0.9548453712499912,1.6385231970424297,5,False,2.765569150586411,1.8639323877512215
NATIONALUM,753,0.06527442828789735,0.513111772742553,-2.189052488891874,5,False,0.27755733309193786,-2.356639461512333
NATIONALUM,797,1.1248245784935929,0.7112606405323924,-0.40924005488508497,2,False,-7.402784590155664,0.08427836065596495
NATIONALUM,798,-0.1119047323984157,0.6663600723135842,0.7856075128925388,2,True,-11.13915198883686,2.0216364830111244
NATIONALUM,799,-0.13334018059697691,0.750707776281684,-3.6148754810964245,2,False,-15.677871274797727,-3.03587845634542
NATIONALUM,914,2.6494936251114893,0.6404627481261727,2.404403090365914,4,False,6.069076489737024,2.083243723744399
NATIONALUM,916,-0.317144812195011,0.7187570533142459,0.12437238858260535,5,False,1.786418475342244,1.2635918274935376
NATIONALUM,990,20.316706741877127,1.7696579098069298,3.0801929761889335,9,False,9.048183354954475,3.58394876996293
NATIONALUM,991,1.38165795291194,1.115121043074792,2.0497897967806544,9,False,4.523188758062635,2.9760842523178344
NATIONALUM,993,0.008297485125092083,0.985933892142626,0.8526390011154295,10,False,-4.643053767739735,1.2614884936489767
NATIONALUM,994,-0.12386889883557725,0.4547196273649762,-1.637354280898895,10,False,0.15649167144766718,-1.613995463830331
NATIONALUM,1115,4.880636782821296,1.2401480256317738,4.4209182071247355,2,False,-7.7630634751794325,3.3792112015144093
NATIONALUM,1132,0.0359927754215752,0.17111310664688376,0.16701384598860614,4,False,9.595671149855178,-0.7106542920693237
NATIONALUM,1134,-0.4664554286843232,0.34344999484684974,-0.16705987809644274,3,False,8.069737413792065,-0.13034458702795293
NATIONALUM,1172,-0.28765144704600726,0.11137784931594391,-2.0976670674972886,3,True,-16.47650623360757,-1.4666165870463321
NATIONALUM,1220,-0.8026508971274416,0.09714922894608047,-1.104780127524263,6,False,8.534076356312891,0.04515952120738298
NATIONALUM,1221,-0.06010288639178204,0.0821745386199155,-0.42052112829625843,6,False,-4.526891391046939,2.27428435663386
NATIONALUM,1222,6.764817906505602,1.7845406817701104,6.149462739013445,6,False,-6.48737806325006,3.7484629865833785
NAUKRI,151,0.8089930907893428,0.4388141448002007,-0.22727306738291597,7,False,-6.191207359081274,1.0939056141962
NAUKRI,152,-0.979963934280925,0.2107018793972561,-0.47390994021417887,6,False,-13.293911169353855,-0.4975124378109319
NAUKRI,153,-0.26886231570411734,0.23059111102986402,-0.47203477871146093,5,True,-15.86461506100012,-0.5362389772526677
NAUKRI,220,0.21906468815865554,0.870505875947395,-0.9139798321012305,8,False,8.14100291735247,-0.7468921058865985
NAUKRI,221,15.479781933468942,1.0821974549246869,2.439682950920341,9,False,7.574818019045271,4.785219399415741
NAUKRI,222,-0.05025015228545823,0.6818852961446157,-0.8096553458853517,9,True,4.122250964129881,-0.8096553458853517
NAUKRI,299,5.059183781873858,1.7277431035299746,5.116438006372714,6,False,-2.2209955037083673,4.8476743384044285
NAUKRI,544,1.5628581617091784,1.0980022274602803,1.3514580755915384,7,False,6.700425231572815,1.3334662517929363
NAUKRI,545,0.42111635692729493,0.610299657060771,0.1402686264951658,6,False,3.9647544987754024,-0.7166809126175178
NAUKRI,548,1.3222046545113353,1.559306411010671,2.5451582539349538,6,False,3.8865329041909424,2.0782242907633863
NAUKRI,605,-0.04325243773502547,0.5461206369528754,0.9381682322413765,6,False,-3.289001063288688,1.1685754654283453
NAUKRI,639,0.27158474508336816,0.6214295403753998,0.8691026652590583,5,False,9.990193590368035,0.673875017298986
NAUKRI,799,0.6711282308852383,0.6390530255980565,0.6731809221638851,3,False,3.7675782449634543,1.1485810962548415
NAUKRI,804,-0.17739083665272404,0.8099558229928289,0.006229519023692731,6,False,2.1088335469630293,0.5975932245791515
NAUKRI,911,2.2881933695665753,1.2845856402309082,1.0358242353370795,7,False,-2.058223408326443,1.3096340571130627
NAUKRI,915,-0.059959643001058514,0.04740484058030052,-0.5304602813745674,8,False,-0.6820235793301488,-0.5304602813745674
NAUKRI,930,-0.1380058343197866,0.8332616084121695,0.1804571778299513,4,False,0.2402799353890206,0.3665706205113528
NAUKRI,1143,-0.6768905514460235,0.39256798137440296,0.4810486022899685,6,False,-12.40958099205509,0.7727320842595642
NAUKRI,1196,13.813432421489791,3.2198124270315613,9.343339034191377,8,False,16.576632807666726,10.526886665999324
NAUKRI,1197,1.348281028162188,0.17105069436547804,0.5127279114911287,8,False,5.3849118419964315,0.005479545735975755
NAUKRI,1199,-0.5274613639907847,0.2699515986640644,-1.6209802889550318,9,True,1.001804481467583,-2.687257402719323
NAVA,988,-0.2526866946322272,0.5750677044508812,-0.30130692816725535,3,False,-0.5605791054629994,
NAVINFLUOR,226,1.0227297677333846,0.6309127178781149,-1.0479802857684017,11,False,2.240818247717735,
NAVINFLUOR,831,49.6614526563972,1.8685335616716077,8.166746900707622,5,False,10.53396691833659,
NAVINFLUOR,1084,3.5588155800702017,0.35431893746232607,-1.6002337447208137,3,False,1.1042506284304032,
NAVINFLUOR,1098,1.721035661161149,0.4278491262047134,1.4239785161939578,6,False,-3.633385674746903,
NAVINFLUOR,1185,0.7146658717696026,0.6913886725767378,-0.7161264251313249,8,False,1.9999867506674374,
NAVINFLUOR,1218,92.70957873345053,2.5318642781517324,9.796723741923131,10,False,8.565477244470365,
NBCC,644,0.0847921042455089,0.683383884415834,-3.2545072827145693,2,True,-0.6407308206249795,-2.7174301520152544
NBCC,645,0.5987327770106334,0.2280471784998975,-2.831264260849431,3,True,-1.9119072368277146,-2.4776635377911083
NBCC,657,2.8733442527045083,0.6466133486509683,2.1247480871854796,5,False,2.2325190885984503,3.022787694397433
NBCC,670,5.331405990799687,0.7837954723721694,-0.07618766745814964,1,False,-4.78096352484404,2.1708670596212176
NBCC,671,3.489839078003861,0.490517090641768,3.214748127918865,1,False,-5.909778545806255,4.082101621711187
NBCC,686,8.790023324030667,0.9426829776883229,-0.12756855698593528,3,False,7.813498274010833,0.7781629128060352
NBCC,687,0.3553357999528626,0.038948870640774264,-1.6391408395559859,3,False,5.447682310311608,-0.8219142997996642
NBCC,689,0.4408384649031702,0.415445396967869,-1.4430990219336581,4,False,4.4652505108222496,-0.8065287246069475
NBCC,690,-0.4577969804231015,0.28021324311361323,-3.2556957774629858,5,False,3.373728653213237,-2.27106722825946
NBCC,732,0.8700087510389077,0.09947859973433663,-2.5967390936169954,1,False,3.2262476575566357,-2.0587449979598937
NBCC,739,17.687657722447508,0.8442612768232256,0.7169998068099925,2,False,-9.843072850492796,1.3808648501528298
NBCC,847,5.233362392913629,1.491826354711163,0.15460259087587414,0,False,-17.02106644637781,0.32515351484270205
NBCC,892,1.8292219864385697,1.095614913448472,0.7296330744474666,3,False,10.90563060584444,3.033411372517092
NBCC,893,1.750966949223666,0.025016507625281365,1.3798947895847347,3,False,9.003304113972433,2.176375054998547
NBCC,895,4.744179661967119,1.438794685440122,5.25992567466258,4,False,1.3264109079837105,5.699417600268486
NBCC,896,1.6458361432352107,0.5459588197430947,1.4616054709652992,4,False,2.9154719238973836,1.7709349091250548
NBCC,897,-0.504958368825634,0.3187209341798627,-0.4178289435378124,4,False,1.2853658516095878,-0.2983113011644112
NBCC,898,-0.6259111475632443,0.025179950544961183,-0.8340077652210565,4,True,5.648403128502899,-0.2896804197033531
NBCC,1004,3.2068376815165047,1.2833857991928068,2.673343670996875,8,False,-1.8909091585344484,3.1646064274339247
NBCC,1141,1.3639504847403863,0.21374365577277926,1.0775865234862625,4,False,9.322384872706646,1.2948375517225497
NBCC,1142,0.41709381001048007,0.3163313980958878,0.37512937433072935,4,False,7.100858690130574,0.37512937433072935
NCC,437,-0.9210599119274218,0.8435671958405627,-3.4764017554448134,2,False,-8.080130132105811,
NCC,640,2.926636855197367,1.1867300577306112,5.615472322697901,2,False,10.033774944225748,
NCC,669,15.766028317381991,1.4456932612540996,5.663445702982739,2,False,11.26432316985657,
NCC,670,0.23393489587583485,0.15079475009952178,-0.20805507264810563,2,False,13.197650331439426,
NCC,671,0.49813370312504157,0.9032159226683563,2.2536267423182377,2,False,11.057278618713905,
NCC,672,-0.4360233285678002,0.03188306795574237,-1.569992261612152,2,False,6.516180808026828,
NCC,720,0.9506616966792196,1.2296278706114514,1.84991533952088,3,True,-8.677942570936958,
NCC,916,0.6488742057301549,0.6300549197601553,1.4457483115170922,8,False,3.380383099634421,
NESTLEIND,210,-0.3536368934362421,0.5083857114008732,0.42415912357065544,7,False,2.6235581861643986,0.42415912357065544
NESTLEIND,211,-0.5953261846332755,0.025621652066398912,-0.7097826501085369,7,False,3.632267957979618,-0.7097826501085369
NESTLEIND,283,7.017914910695594,0.9209033677700081,0.5928032057716193,7,False,6.381731807301638,0.49037071731261594
NESTLEIND,284,1.8087632423650077,0.8865725230307037,0.5708025771581138,7,False,4.651311733238828,0.5708025771581138
NESTLEIND,285,-0.008154427481014623,0.6081047363629097,0.24960707252041914,7,False,-0.9329382035654477,0.5462322829391963
NESTLEIND,286,-0.3003605716717898,1.2652655435206055,2.0697438024863457,7,False,-1.7301678798880116,1.702788269952471
NESTLEIND,958,13.283905241649068,1.0582412779621242,0.4457011827057267,8,False,-8.974143678381651,0.3640380110124797
NESTLEIND,1021,11.594799955389409,2.1589993655435666,3.693774034800512,10,False,2.580974670651859,2.6622011911108023
NESTLEIND,1022,0.6010605291854253,0.9365620446002518,-0.26548176335577933,9,False,-1.920635796073067,-0.26548176335577933
NESTLEIND,1142,4.0402186753380835,0.9471465020405516,1.3712600886013337,7,False,8.806943783108888,2.033613134493728
NESTLEIND,1144,28.119974189637038,2.3939054705010423,6.083195423380294,8,False,12.925288492180599,6.936533243834164
NESTLEIND,1145,1.8267579830020952,0.13728109909506317,-0.5117643282067319,8,False,4.0356937081025945,-1.0035763578908674
NESTLEIND,1195,-1.3182876051834254,0.5354925859793882,0.1822886886598596,8,False,1.5350945900074686,-0.39554226884030985
NETWEB,434,1.4752171304592248,0.7518015230968172,-3.4261442557017463,1,False,1.815809432486648,
NETWEB,436,1.1841754495383394,0.6428245680333718,-0.7340096956341302,2,False,5.213065109236448,
NETWEB,603,-0.013597454766574067,0.2734419772448363,-1.5293499776459774,5,False,-7.427618611175102,
NETWEB,631,1.8024742509243874,0.7362285701428326,-0.6973645958678998,0,False,8.689928077962383,
NETWEB,632,1.1556203537228757,0.5793305229680675,-2.205190264891743,1,False,3.842944798810022,
NETWEB,637,0.9260225109621386,0.43484292923331563,2.431057252891766,3,True,-18.095470457463414,
NETWEB,665,9.963133045589398,1.113922576144622,2.8413602282056916,2,False,24.16745146981163,
NETWEB,666,2.214891426050559,0.676454473788339,1.205434766478919,2,False,20.6856609795919,
NETWEB,667,0.4243996783427369,0.449255326073923,0.2658664350206674,2,False,13.06431323047461,
NETWEB,695,19.414746444947365,2.560747618353386,13.416371608258526,3,False,22.89140385685031,
NETWEB,696,0.6830850102658818,0.3053890814085467,-3.4219637598509434,2,False,6.841843255492508,
NETWEB,741,0.30010047765936937,0.7726302221159468,-0.03148402895858382,5,False,8.75999748094969,
NETWEB,742,0.19397675543236745,0.36737536956164185,1.8713920915818472,5,False,7.8498719790170535,
NETWEB,743,-0.6115265052761026,0.42245722918844636,-2.8574944051282025,5,True,4.5048425014598825,
NETWEB,745,-0.6037484590417302,0.27787655758728763,-2.036004715378925,7,False,3.518551819217164,
NEULANDLAB,933,0.9168667379547077,1.7526527361771194,2.3561438092556175,4,False,-10.01220313526705,
NEULANDLAB,934,-0.04065594332353095,0.48260746526636683,-3.6414420397469116,4,True,-15.863828909658528,
NEULANDLAB,956,24.68998068415492,3.743828340619594,15.990560020410793,1,False,3.7839647914274854,
NEULANDLAB,957,1.2187688677793185,0.819145101814054,2.953830535689561,1,False,-13.520939439379209,
NEWGEN,1029,2.925606919350277,0.024453554638835168,-2.3846285812317625,1,False,-9.96740196416318,
NEWGEN,1173,0.9041630069656353,0.40093880581715335,-2.676120314473418,0,True,-11.240322173088535,
NEWGEN,1199,80.34924434135564,1.982474363977517,4.598958906085704,3,False,12.385230798655368,
NEWGEN,1200,2.718375670075509,3.0275389439480827,8.226591017170538,3,False,3.140582717887752,
NH,1041,51.54512348768341,2.6156320853670847,7.26334641963291,10,False,2.798047465355724,
NHPC,642,0.38748524007220186,0.22796523311984995,0.6718528001588453,3,True,-0.7101213499835723,0.9907742789279306
NHPC,658,3.962610920689511,0.7282480091103811,1.3997759014970024,6,False,10.991653332586626,2.7173405989789012
NHPC,659,1.5900489673301408,0.1783867169201694,0.8401663788448088,5,False,5.4191299772743395,1.6633545507105163
NHPC,660,1.7917820768815154,0.14275363261875118,-0.44735691171553515,4,False,2.6119465162927513,1.3079793644003246
NHPC,702,2.8755737768612915,0.48503468330430827,0.2475675975421865,1,False,-0.9329551499757338,0.05404242492146327
NHPC,706,2.8113224265869845,0.5646416122760807,0.7336578411198724,4,False,-5.227792299000367,1.3075885956677302
NHPC,878,-0.9167396874334782,0.34886971159038493,0.7588321505255236,5,False,5.784210503871412,2.241319148168497
NHPC,879,0.31717872002654424,0.5259800768054474,-1.1888418567155945,5,False,5.452884196973029,-0.991323202167238
NHPC,915,3.3141231769693897,0.8604836067528318,2.0856337931636215,6,False,1.6304514310600426,2.620472417494235
NHPC,1000,1.3707819223267639,0.974113778103163,1.589070061176412,1,False,-2.045250713686164,1.2336658914229748
NHPC,1140,1.2304097456009113,0.9328069924768979,2.0869688883661697,13,False,5.862331561633094,2.7457536974565766
NHPC,1141,0.5039230394587436,0.12814195529616293,-0.5830267904760378,12,False,4.303528951222435,-0.19210270395477735
NHPC,1142,3.8947578511146728,0.7915889660515524,1.1241485566523712,12,False,3.3267086917626143,1.6445341000999036
NIACL,969,1.2208330857815037,0.026537126519421136,-4.153291086243893,5,False,-5.9044168479364,
NIACL,983,6.0393873370780575,0.21818094324305806,-1.5616806825642149,1,True,-4.719549460127648,
NIACL,1140,0.4125670281460364,0.31879673516512597,-2.395337203278136,2,True,-6.530881197232485,
NIACL,1185,3.587798619184873,2.5668634829388286,6.792297165944161,3,False,-4.0236444703702805,
NIACL,1186,1.1339544791417158,0.7191481896784304,2.156205585844262,2,True,-14.63784646129408,
NLCINDIA,656,9.512580458512153,1.350572890685073,2.236407374871674,1,False,0.4613964362753853,
NLCINDIA,657,0.04781953034367457,0.6517371523902676,-3.1294364606186065,1,True,-5.270335652526992,
NLCINDIA,671,0.5570904781088272,0.5162424750345244,0.2353222010691658,1,True,-5.0532881672122105,
NMDC,33,1.489514640840099,0.4144515131247665,1.1394663599273214,6,True,-5.119563472957777,2.0381985056503016
NMDC,107,4.515521849366623,0.8824483708890278,2.5693501290489085,7,False,-3.12137686759576,2.7397285641496127
NMDC,108,3.5459949866938976,0.6991592185629502,1.3122244084976975,6,False,-6.453181366858329,1.6083603148279835
NMDC,112,0.5587240353414158,0.6058820820273929,-0.6570202988624652,7,False,-2.634951974478128,-0.3060954048653919
NMDC,236,-0.0725103205814664,0.7831522548715512,1.2481452387187009,6,False,4.041204018812494,2.99380941289471
NMDC,237,-0.2876661557126888,0.6509029993215284,-1.5601158989958508,6,False,1.3301741219633234,-1.645130757359503
NMDC,646,6.809896929385759,1.3051728514476106,4.691472823673637,2,False,7.731036049507689,4.5177758295595005
NMDC,648,0.5275524078684042,0.8393738696052547,-1.9425190751862553,3,False,0.9882075347803498,-2.349568578371697
NMDC,761,0.5320444966732495,0.289755598942204,-0.5313457381662334,2,False,-4.587411503279315,2.7760989636058664
NMDC,762,3.9136491874034305,0.26164532507141175,1.622825371028891,3,False,-10.617892330691724,1.5564398668217239
NMDC,787,2.1871305197255966,0.9805822740512208,1.9254597532436746,0,False,-4.9917296000483224,3.2324757170220986
NMDC,788,0.7784843776090631,0.3836914166613503,1.4210090276296494,0,False,-3.2028020984912753,1.8164924063756027
NMDC,789,0.020674049478044125,0.36357111371337175,-1.6867685741517535,0,True,-4.633159929313213,-1.2464557811766253
NMDC,805,-0.7287468319084489,0.47622125283158584,0.8590827251321986,4,False,2.134369745434661,1.2313997724656245
NMDC,878,2.6790384930477518,0.4472351129121172,-0.09078871438880087,3,False,-8.617496680957082,1.7830550819976532
NMDC,879,1.9305143200170802,0.5046898994649139,-1.0727566269888245,3,False,-0.008562008725443437,-4.164684543433417
NMDC,913,3.1237827555797244,1.0351380307076288,1.8286684884252224,4,False,3.500614842068761,1.8286684884252224
NMDC,916,-0.35214298749768513,0.004437594490657056,-1.3261095378396925,6,False,-0.020007268375488163,-0.5677265380086283
NMDC,960,4.052982348542683,1.0187139673871948,0.6151139538896233,4,False,0.0940071896347261,1.2629703189682928
NMDC,961,-0.09752860932661775,0.0064136359476252075,-0.12249712525964629,4,False,-1.8725438583242493,0.0025009144932530702
NMDC,997,-0.4183119736934775,0.22704027890892153,-0.023125532229073542,9,False,1.5976880172156482,0.14817694062749798
NMDC,1137,-0.1140899262621733,0.5333011174395784,-0.33226585390921937,3,False,5.156298121172909,0.3287204816976752
NMDC,1138,-0.31896670897513457,0.026138670715541126,-0.41556957000383754,3,False,3.9859547334558876,-1.9607843137254832
NMDC,1140,-0.5607542162401141,0.06340991674046692,0.38925353495000703,4,False,3.8096528903155624,0.8844630171474632
NMDC,1141,1.1938913631092753,0.16355719242308495,-1.413697169889927,4,False,0.441299040250942,-1.0291287839321317
NSLNISP,230,0.3150620084417773,1.0785380592339777,-0.3544485055194113,6,False,-12.443536340485661,
NTPC,94,0.2145601747182263,0.17216557796360013,0.058574502343189394,10,False,3.9141083580216174,-0.34922484982672364
NTPC,219,-1.0807719697071796,0.3451367694881989,-0.2310217375541157,6,False,1.9009343624062813,0.8682651084660487
NTPC,220,-2.0990838363872566,0.43735902460491466,-0.7294469106041368,6,False,1.3580139035600736,-0.7294469106041368
NTPC,442,0.1748636630996303,0.8835460349545333,0.23114198469582625,15,False,2.066289028270951,0.39306793499598314
NTPC,444,0.44357328014498043,0.5859271489641529,-0.20430765020700292,14,False,0.8085808765694313,-0.3109253544967716
NTPC,671,0.41491315738341955,0.5100218667420935,0.352242810445591,2,False,5.693568570240881,1.161535091174981
NTPC,698,0.4448701534011611,0.034251038009620906,-1.215517781326192,0,False,0.690456852472976,-0.3278036774734483
NTPC,755,10.298586834776465,0.004964007926435032,0.49810796097686794,8,False,3.3782857252784737,1.470014499976302
NTPC,871,3.4232155432075784,0.9235365373707982,1.9617587261522296,4,False,2.9877112671574,1.3431722670998791
NTPC,1074,4.82912730101557,2.9132457914098366,3.9917694053937414,16,False,1.806201539603114,3.4749117135312257
NTPC,1075,1.3458756982098798,0.046870121505783624,-1.174014882100649,15,True,-1.8928057184421365,-1.3713320376913196
NTPCGREEN,95,1.4797044214404425,0.500585474044807,0.010627519175288036,4,False,-5.985388729819596,
NTPCGREEN,98,0.5553943127162784,0.33363371328512365,-3.806783938359226,4,True,-8.380578879292377,
NTPCGREEN,158,0.024823629845797546,0.3436340831202888,-1.7259395325321059,6,True,-10.105560759076294,
NTPCGREEN,320,2.688908681927919,0.0393193314721956,-5.3665736932567825,9,False,-6.311464921142107,
NUVAMA,257,1.1499583208157194,1.436186173664516,4.738181566132016,3,False,5.227844771680501,
NUVAMA,498,-0.2625238187099369,0.1633993563141809,-0.2754104279189318,2,False,6.330381746739411,
NUVAMA,500,-0.7341787673926936,0.6292931279155572,0.37568874763216353,3,False,4.509298911383475,
NUVAMA,501,-0.27595303590616693,0.492732047853097,0.805128018006962,3,False,3.3825516926608623,
NUVOCO,1201,6.459850022595981,1.747519529652654,4.6190488013484465,5,True,-4.019474012748326,
NYKAA,95,-0.9037406397564413,0.3531099551556837,0.27098216816567877,5,False,10.474303836286847,1.5271070250505225
NYKAA,96,3.732731077251161,0.7881293582125017,2.896269929380657,5,False,8.271262380197397,2.5393468322054247
NYKAA,328,0.06901694221821505,0.2775824668473824,-0.39774796447921146,3,True,-11.039724809676754,-1.9607923732095967
NYKAA,388,0.4701972489083417,0.17334113667660841,0.08437566110328643,7,False,4.994037766817283,-0.4975124378109208
NYKAA,393,0.19749580803904765,0.161583293607416,-0.24812840999945962,7,False,2.8513090918120376,0.001255617812012666
NYKAA,835,-0.884648790866036,0.5701852056782926,0.5581600547994503,6,False,4.365308789715594,0.5132369095592448
NYKAA,836,-1.183650008656212,0.15125725461546355,-0.3145820584793513,6,True,3.0280356492476734,0.33398467273659804
NYKAA,931,-0.026184435581311928,1.1809496726420952,2.1273730132390867,6,False,7.025959214725996,2.6541500641588556
NYKAA,935,0.07228711664337209,0.5665959728397137,-0.32816523968147715,5,False,3.2194528320139026,-0.323818756565053
NYKAA,963,23.856027738321956,2.2826866937845542,2.542536915814586,7,False,3.1529525646807555,3.2091813477232556
NYKAA,964,2.386058753577199,0.7571801372674146,1.6129631780922526,6,False,2.275148021085238,0.7997472945793893
NYKAA,967,-0.46029308493451754,0.3046716660164664,-0.6511132787446194,7,False,-6.311815888857531,-1.0969272862896728
NYKAA,1048,0.04491276432483194,0.10038314899562441,-0.7261768887831921,0,False,-7.4287427839203835,-0.7261768887831921
NYKAA,1050,-0.390131477739666,0.43144026817920883,-2.5996495356828353,2,False,-8.474420155487984,-3.4875314993310536
NYKAA,1090,-0.9694573693517679,0.17281750583849453,0.06793362799515368,5,False,3.025038046701445,1.2446588726799268
NYKAA,1091,-0.7826704077463175,0.29843498181397676,-1.0214136320056855,5,False,1.4586169310290442,-0.6294309149388
NYKAA,1092,-0.4081134240103518,0.7445343839324414,0.9284955591132071,6,False,0.7525832418533218,1.7182220454030173
NYKAA,1134,8.084044380648434,1.7921932650784314,5.052918393523709,4,False,16.329984209568682,5.440569681879848
NYKAA,1136,-0.45714220496476543,0.28213412366482205,-0.3009623148403917,3,False,8.134227988785515,-0.3009623148403917
NYKAA,1137,-0.4709768891801464,0.15815014876894573,-1.7777601267380372,3,False,6.989484532878176,-1.1457371124831806
OBEROIRLTY,22,-0.7147952663705873,0.4448405839789866,-1.700512579823077,1,False,-6.655250837417648,-2.1287007585025552
OBEROIRLTY,23,-0.20547594405218003,0.7990481090974797,-7.254510212156773,2,True,-8.084584582681398,-6.667386547612608
OBEROIRLTY,755,1.736972795359379,0.49574740026907066,-0.7669259331855138,12,False,2.3582706131596076,0.21912351339870018
OBEROIRLTY,771,12.414506568146761,1.1828577178226765,1.1633966973339405,7,False,-1.9634626446330627,1.2747965009557882
OBEROIRLTY,772,0.5406290852126607,0.4688285200520915,0.29340602892138357,7,False,-1.1994561975732787,0.24397362475061524
OBEROIRLTY,773,0.2855621312458689,0.04351201430108342,-0.9802750235132773,6,False,-1.3777009989564437,0.6972001058173971
OBEROIRLTY,804,-0.4147374822334873,0.7399334095924905,0.6157633643800065,6,False,5.239042359960311,1.6950229993917043
OBEROIRLTY,916,2.888080996580959,0.80969340242322,2.7975059536112123,3,False,13.08555205935038,3.473104993199594
OBEROIRLTY,1136,0.3057024016576356,0.04927843258438082,3.712355983629956,4,False,5.85532574245724,2.735969648801273
OBEROIRLTY,1137,0.644256004734269,0.5854163757039088,-0.755604814717159,4,False,1.657228472570793,-0.815625616159732
OBEROIRLTY,1138,-0.7469424582170552,0.34045404988546624,-0.3305763282065888,5,False,-0.6525271388818199,-3.3831992715448678
OBEROIRLTY,1140,0.8081995959501075,0.005263532268575305,-0.5732933940796769,6,False,-2.362819761765267,-0.031185606822348166
OFSS,684,1.6153499764087322,0.8059062394589747,2.0182634174838787,6,False,6.102608185745262,0.8507846106096117
OFSS,687,4.912179634648192,0.4325158962715161,1.877887869179684,7,False,21.616417269548727,2.951689613765107
OFSS,688,12.062870361024514,2.5263014454757338,7.55400390325931,6,False,16.10052919857903,7.55400390325931
OFSS,804,0.010746574772425802,1.3694771135203807,1.5261407154876228,6,False,6.193375086181141,2.1857953231058325
OFSS,805,0.10593794997509078,0.43440109568475893,1.3296765977009795,6,False,3.80167129734692,1.6545049368977605
OFSS,899,1.296000960508415,1.1002833485030308,3.1658168281494703,6,False,-4.304501674985461,4.141507465978789
OFSS,900,1.3787016223923088,0.23206065675550697,0.7728543877952854,6,False,-0.020406344936207965,1.3994154013295734
OFSS,901,0.5677714223729218,0.7321468189806173,-2.9233016231914433,6,False,-2.7314950364404234,-1.0503667172697462
OFSS,997,2.5573837291083126,2.7999551052420575,-2.2466422858292034,8,False,-4.124148636454317,-2.0059363434413724
OFSS,1014,1.7709034480220085,0.9461980663456597,0.8095277831112746,3,False,-6.460208321687433,0.13440370205641816
OFSS,1135,-0.3801860945415942,0.8638016658770937,1.3341674521755609,6,False,6.272658232485284,2.7431519829343776
OFSS,1136,-0.3335727138955851,0.48192410677024367,-0.9115311100530543,5,False,4.091194512872542,-0.8011261307884876
OFSS,1188,8.065786181048463,1.6653840717050952,4.951313959171411,3,False,16.80639623043474,5.307217063298131
OIL,191,5.814949270955925,0.5369391830406167,0.13202716613527343,4,False,3.9792207502779453,-2.071365450191609
OIL,193,2.064189873471231,1.0588865919043813,-1.785894265723531,4,True,-16.916082334972458,-1.785894265723531
OIL,689,0.9465748111441109,0.8757411256433865,0.8871697138186585,6,False,4.291184129919734,1.3847942982397443
OIL,1030,2.6443649943810223,1.5372843044191475,1.7851916886157504,16,False,-0.4858091207565085,1.8437225636523502
OIL,1032,-0.6192164281009644,0.391687085904156,-0.5657711445841151,15,False,-4.195009506233149,-0.33823286345043835
OIL,1149,5.7398638404813065,1.1814978165911496,1.8165026795410544,7,False,3.2909132527081164,2.389883527542258
OIL,1159,0.17598329945427163,0.8186088319482853,0.05495393907399837,6,False,-3.53605643589604,3.6656963313196345
OIL,1160,0.6494513063664812,0.456643821579458,0.6892364728992462,6,False,-5.964362454583827,1.9440849313763664
OIL,1208,0.14635507725183086,0.5400434285647091,-0.039984982072849284,14,False,-0.45394187718995616,0.33040135242328184
OIL,1209,-0.4432035857989758,0.9668005508450556,-2.925718479187567,14,False,-1.3824599569431717,-3.950961029991029
OIL,1220,4.402659279900651,0.25396430830779876,-1.8837016444797405,10,False,4.646553977075607,0.5637883637071184
OIL,1221,3.182438569743225,0.4589185856516193,1.2022800233781217,10,False,5.4302467693422285,1.5357812386886716
OIL,1226,0.1855600550502718,0.03937974943462719,-1.2170552197689144,10,False,-0.7339323828140953,-0.12746437379862474
OLAELEC,78,1.576120702920097,0.7643300952671221,3.756351486511722,1,False,-1.0450358188595632,
OLAELEC,79,0.06874114441591478,0.06776093789610345,-3.840981973570168,1,True,-8.543347153255054,
OLAELEC,255,-0.5146853729045524,3.2662403786228635,15.853986514163122,1,False,19.40298341348088,
OLAELEC,256,2.260095304579521,1.9465010397636244,-9.709677042330156,1,False,1.4448101918167922,
OLAELEC,260,2.2505413670893137,1.2467533351638114,-0.06013579506495281,1,False,13.862922180915383,
OLAELEC,261,0.44284453642487204,0.4173582246976937,-4.338149056434981,1,False,22.10381101570036,
OLAELEC,349,1.554016737513863,0.1735538760723259,-2.092605542610093,1,True,-28.445378159794643,
OLAELEC,409,0.5164309485637051,0.1477759536049277,-0.9230137549027018,0,False,33.60827509507634,
OLAELEC,410,4.047342260524154,2.7340250657841056,13.932231908071024,1,False,28.048284988858384,
OLAELEC,411,3.1233955392708777,1.7203546657563575,11.995094493408654,1,False,11.83071437364629,
OLECTRA,379,-0.5674739664024031,0.7132289005947224,0.6017091199388647,0,False,11.656554395068142,
OLECTRA,680,-0.5177137089477181,0.7194319422659182,-3.7066690362697163,6,False,-3.527939328991758,
OLECTRA,754,0.47688391372720423,0.37068211688580655,-1.0392416961689466,3,False,2.4688227147993125,
OLECTRA,772,-1.4150938708528875,0.27695894613708977,-2.9260449825378676,8,False,-9.416197229337065,
ONESOURCE,303,-0.3125556020837972,0.5724364147281442,1.7122509281006115,4,False,14.901382959192787,
ONGC,90,5.293290842119739,1.3500923109527192,3.215763575153985,4,False,8.407765398904111,4.0044206836791885
ONGC,91,0.493418358854012,0.024806256507409072,0.03948897008014818,4,False,4.209111236352969,0.3237798637023337
ONGC,92,0.12410758283675548,0.5331256980704884,0.4700481975993931,3,False,3.528787963573521,1.5624532158010407
ONGC,93,0.8934990248588361,0.5509255296688218,1.5337806337062165,2,False,2.0877747763586196,1.5337806337062165
ONGC,129,11.627192763379124,2.699243859185535,8.277004747721527,3,False,-5.159883301051272,10.043494185039759
ONGC,156,1.2694915121175396,0.03684709804322885,0.04310555605189226,1,False,-12.106615019365407,0.8967156568998158
ONGC,239,0.3248240363613302,0.09323563225352408,-0.319447853459065,9,True,-5.625770293505061,-0.319447853459065
ONGC,289,2.5692513018059504,0.4667681314451307,-0.7202814671105617,9,False,2.3613322221100796,-0.20049461908042687
ONGC,456,-0.20900763086510976,0.9088660133283405,0.6767367488547338,11,False,3.612369145875838,0.4295293717746729
ONGC,458,-0.2803516963869717,0.2770535271251232,-0.7717900227756647,12,False,2.184327304661604,-0.7717900227756647
ONGC,459,-0.1693260200611427,0.8924158513469321,0.10773385936864166,13,False,1.4695380280226322,0.1682621832168163
ONGC,703,4.156508272584966,1.3880468856470418,2.4897047217580015,6,False,14.687468330234022,3.1298164830011466
ONGC,704,3.353803582580686,1.0837163727948038,2.890320784304312,6,False,10.921374327088351,3.4578233909069445
ONGC,830,1.043503111954527,0.6598001956722452,0.9648811907124744,2,True,-6.451288942425714,1.2253634551603554
ONGC,885,2.659198396392283,0.41974747115216954,-1.1474864055478595,6,False,0.05215660294797253,-0.8987321457229913
ONGC,899,1.046797538254781,0.4390936447035142,0.1258639075935708,9,False,-1.6847150601106975,-0.7357490635021446
ONGC,914,0.9727555913497797,0.3698297490345281,-0.42915145929420806,7,False,-4.3860868923788265,-0.6503229403673094
ONGC,1082,3.3803557543328497,0.8193114536041368,0.07901846444395844,8,True,8.283535019872934,-0.45719907613868127
PAGEIND,212,-0.6906685456014846,0.9145081290653777,1.7896111443024054,2,False,3.652954701732658,2.3248344193716353
PAGEIND,213,-1.0027105576062476,0.17318469745498807,0.055116017217637925,2,True,0.8602962267448167,0.055116017217637925
PAGEIND,265,1.5340300372148055,1.561058204279939,2.2263696657217835,6,False,-2.128310422210633,2.2263696657217835
PAGEIND,406,1.8734490722158477,1.174197307912516,0.1955178710405736,10,False,7.840125891214678,0.1955178710405736
PAGEIND,408,-0.2472167197732081,0.525897139933511,0.45439443504768917,9,False,4.718004002403942,0.8405009510356276
PAGEIND,410,0.05513248952698556,0.40632922129468996,-0.10327319363712117,10,True,2.923826533602214,-0.176347417589795
PAGEIND,768,5.429740982736236,1.5037184204380851,0.8699015169094881,10,False,4.16389898474312,0.8699015169094881
PAGEIND,772,1.356419937777841,0.5402316647497005,-0.15713359719837783,10,False,-6.378737076547836,-0.06583136378841559
PAGEIND,773,-0.11911657629743734,0.26815585132180036,-0.29153924928237984,9,False,-5.51265864362811,-0.5978742114097213
PAGEIND,790,9.717904507230468,2.4539384116560976,4.999072427486673,4,False,0.9313730315229751,4.555262815401995
PAGEIND,899,0.14329528917090462,0.4504886847328531,-0.519169307451206,9,False,-0.5841399163719951,-0.44337026371028543
PAGEIND,945,1.8723731513984436,0.7243355034699966,0.22212458133090696,6,False,-5.251171057212655,-1.0752491996572022
PARADEEP,655,4.230685528326698,0.3797760353226323,0.01681574305720801,5,True,-21.996378480516153,
PARADEEP,1027,175.9153384690879,2.0686397524959528,8.468788808479388,2,False,4.553827641930974,
PATANJALI,177,5.262830305502805,1.1855246359322171,5.070700443980414,0,False,-7.622525346628417,3.9782866276075968
PATANJALI,178,1.5314172973155304,0.08203523161282694,-2.45893634105967,0,False,-9.090203196904234,-0.5100290920245776
PATANJALI,563,1.0558082649152154,0.33735180789451674,0.24567761351725892,7,False,1.7038308029025284,0.9104685041856797
PATANJALI,655,1.2104590825438972,1.1731776464554764,1.8991728094192029,8,False,-8.774909410045428,2.944697074912783
PATANJALI,887,4.408526073121312,1.3804263484498587,2.0722909505927367,7,False,2.485196829089187,1.6023327130836762
PATANJALI,957,5.215044944296282,2.626843981082592,5.595403242752539,12,False,3.573899959716864,5.220637580594589
PATANJALI,958,1.4411027374844547,1.2245902373695385,1.4146689847431615,12,False,-3.307361344686477,1.1331540348131997
PATANJALI,959,0.006675438503496876,0.8020421940793574,0.49099651566089086,12,False,-6.599322570489107,0.29433145017081497
PAYTM,131,-0.16865367780698295,0.2948919683400238,-0.35252995650102426,2,True,-2.5577633305863157,0.1129322711595604
PAYTM,132,-0.6316685293498254,0.043807537951441995,-1.9360989609089274,2,True,-6.836298596320911,-1.9360989609089274
PAYTM,284,0.8528706481870126,0.12151564319455269,-0.45337933958848886,8,False,-6.278948304950749,-0.4357304101723858
PAYTM,285,0.653476786514597,0.5899138385447609,-0.3156562196902635,8,False,-9.27001622246686,-0.3156562196902635
PAYTM,305,4.56910686712579,1.6308266413204668,0.3936211012517399,2,False,-11.295082299136183,1.737745709655436
PAYTM,306,2.8356226503141913,0.5491034378818421,0.6357912738643945,2,False,-13.840535942912569,0.5003635119531502
PAYTM,470,0.887479820212149,0.731748289504295,1.2476882602693529,3,False,0.9038589468397751,2.211455809955476
PAYTM,537,1.0569884650775523,0.5081395140687892,-0.02581891231695499,10,False,-37.0379733926241,2.4812927928093975
PAYTM,538,1.0024880111808823,1.3265436773404498,-4.671821574754542,10,False,-38.5581582320298,-4.91143774158358
PAYTM,629,-0.13378861331076172,0.3568045226667372,-2.30551022980523,1,False,1.071927429100561,-1.928844661746465
PAYTM,631,-0.018959008973809425,0.9749534090053433,-3.2614704256495153,2,False,-0.8700429718481617,-2.179921647799632
PAYTM,632,3.6243969301975008,0.9552268735915507,2.200452516772766,3,False,4.2298973740699575,4.110518264817187
PAYTM,828,0.5263121910926866,1.02540837436817,1.2650285739565392,4,False,8.121454562242981,1.6087871679213883
PAYTM,996,-0.3655338348168618,0.07225575407099194,-0.9910367076451987,5,False,-2.725609819021213,-0.9910367076451987
PAYTM,1084,-0.501181131241249,0.21989754197385114,0.07302936095712198,5,False,5.102579042171906,0.7664592285741678
PAYTM,1085,-0.5811780143733386,0.018743938449525783,-0.2848674353546188,5,False,3.9290635894055015,0.0015623103556183793
PAYTM,1086,-1.08382286072785,0.218262872004878,-0.2700024970863857,5,False,2.799207106320223,-0.11976146754899553
PAYTM,1087,-1.0691821388438303,0.04828258024671696,-0.8092605140872733,5,True,2.2697691298069866,-0.9245617406529405
PAYTM,1099,1.405943024161477,1.1150179288028212,1.4900856014274266,8,False,-5.171947209529327,1.286662619748502
PAYTM,1100,-0.3298163998600147,0.1869710793486393,-1.8615794684511244,8,True,-9.475551602968945,-1.8946497784313565
PAYTM,1136,0.6112590892406563,1.3490976846560394,3.322243327396901,6,False,6.953161425819454,3.777184722163507
PAYTM,1137,-0.24841772549313879,0.11818469192070138,-0.13538392289481616,6,False,2.5476422683933686,0.860461958199088
PAYTM,1140,0.21739027602976035,0.7878449704706971,0.6413645956839131,8,False,8.379284051860214,0.3182783530011557
PCBL,1099,5.830825002479706,1.5362641900528393,-0.6687520781707645,0,True,-11.596583171646046,
PCBL,1140,-0.6435533300733632,0.1316068707344601,-0.3677664129791536,3,False,8.532228724220303,
PCBL,1141,-0.8951808344621719,0.030955588281850337,-0.5532632589427489,3,False,7.840526353082988,
PCBL,1142,1.222907346106311,0.2501304414655249,-2.4190405832437922,4,False,6.579057274558342,
PERSISTENT,134,-0.7066582127060705,0.7103278714942239,1.869914176833798,3,False,5.617958031711234,3.5749143907077174
PERSISTENT,135,1.8183534479866514,1.2324779717859868,-4.276122235870295,3,False,2.6450511636625818,-2.658930950996219
PERSISTENT,233,2.1427018564716604,0.03327518028596536,0.09068355430614794,2,False,-8.99917021096146,1.0333946054024157
PERSISTENT,280,0.20056947871985956,0.551444545424206,-0.2815322386897745,6,False,4.6915456739690775,-0.8939366910467483
PERSISTENT,347,14.11899243514174,2.3417046755253854,3.732772113084959,5,False,11.893705723890037,3.243113717433155
PERSISTENT,412,0.39947590047480475,0.9024019161193525,1.7656186752798675,10,False,8.292927382342508,2.1898882343778237
PERSISTENT,413,-1.035430484615781,0.040705402636296246,-0.8917820874589921,10,True,5.162065559616136,-1.5363829668523565
PERSISTENT,684,1.1683393167950606,0.8301421028694796,0.8992632673699319,7,False,0.8285086192042268,1.0237412884127384
PERSISTENT,778,13.435182287741041,2.5111232776091077,0.006121532495573234,10,True,-1.3605177910527178,-0.4363065055068893
PERSISTENT,789,0.43910677426821987,0.09014096744551546,-0.8879231905792095,9,False,2.4806506070990553,-0.5432888049984319
PERSISTENT,906,-0.8721454855691654,0.19354808420501846,0.33666187016441196,5,False,6.565767843849835,0.8262859204977602
PERSISTENT,1001,1.4285284127301972,0.006721026847470408,-0.8468010980202445,11,True,-13.618227494391222,-0.07657482166126828
PERSISTENT,1021,0.19731372970773892,0.7461899203231571,1.2902186996637255,6,False,1.6890332216345172,0.5706185839338573
PERSISTENT,1078,-0.08387563265989331,0.4909104673375921,-1.9879585640768194,3,False,-7.4934840508956935,-2.117231952579479
PERSISTENT,1135,-1.6487564481240635,0.42439803822066535,0.29385975127680375,2,False,-10.513498546988732,2.1335636975588823
PERSISTENT,1136,0.269963261993313,0.5771559436533256,-1.6794321608149199,2,False,-12.179472226071987,-1.767249115162428
PERSISTENT,1170,4.197578651400349,0.2760762888671432,-0.3709288795813004,7,False,-5.478682220391917,0.4672610652571185
PERSISTENT,1171,1.1234068503396262,0.9607865967215601,1.8401738936993706,7,False,-7.095820631590055,2.56598779501509
PERSISTENT,1200,-0.09886379485687952,1.0201863330004195,1.997219698649011,2,False,6.633099889235994,1.948110798324998
PERSISTENT,1206,-0.7546854924730961,0.30303061862204966,-1.216761919903997,5,False,2.746679430387533,-1.6710247506996123
PETRONET,646,10.660414083626522,1.3101270889664898,3.7198525894235335,2,False,4.645620748441459,3.891290362298605
PETRONET,647,0.987651110396417,0.25085367150873333,-1.6406600631047707,2,False,-4.184582655341806,-3.299042717490608
PETRONET,687,0.8510419844222776,0.20219287859359483,0.41075509611450123,2,False,3.433098063587914,0.7709289991200796
PFC,380,0.9430342612029816,0.26010547442543486,-1.3482033126952842,9,True,-10.969908653048622,-2.0228945811527232
PFC,540,5.2606791588700625,1.3015257037527506,1.1114770440358246,6,False,8.822868287375329,1.9748439721841482
PFC,541,-0.24125153245319533,0.1977808171407629,0.2301902739334727,6,False,6.204926415750234,1.0919324122484975
PFC,542,0.06903887359985982,0.3487760896608182,-1.2924746837440493,6,False,4.972562091167521,-0.9328453300478268
PFC,543,-0.28231824876552003,0.15008700574120065,-1.0990790015221075,7,False,4.258602768596509,-0.38471225303067236
PFC,657,0.7770198387573652,0.4609832551765478,0.3477756846833824,5,False,12.20596196288357,1.2896666899687048
PFC,658,33.22493048211379,1.6092891401780252,5.550323527818857,5,False,11.69378333557438,7.128022086919028
PFC,659,2.6030172319220384,1.2880040321293007,4.038972272383834,5,False,9.331536636544357,4.7394577343462085
PFC,660,0.4277437118211393,0.6111288680821575,0.27471707159667513,4,False,2.6122651340016123,-4.723889728076969
PFC,799,0.6969369316944402,0.4130113974211172,-2.103701759898602,5,False,3.6907831826619164,-1.3920983458999503
PFC,881,6.078183851377646,0.9229378795373328,3.0254464048584895,6,False,2.589619034955093,4.11502221877591
PFC,882,0.31009764957377306,0.7158856231446658,-2.6227392511872116,6,False,1.3257722162661523,-1.9840094549815168
PFC,897,-0.12634872977811207,0.7098222022555772,0.8549275431566139,9,False,-4.670418365638385,0.8549275431566139
PFC,898,0.02047202525650974,0.12113581586836043,-0.6675440320452308,9,False,-8.06958471732424,-0.3161412527990404
PFC,930,2.8560087745541556,0.8984444890451538,-0.34269254648733316,7,False,0.4075940567583869,0.7291475349725074
PFC,955,0.9543542129335058,0.08303359718025208,-0.8426476606811173,7,True,-7.078092091561105,-1.0957482284780773
PFC,1076,0.016580481514281677,0.03259661229933674,-1.1934242587988475,7,True,0.5923126419458802,-1.2328139818385875
PFC,1090,7.093673932378213,2.0350955768738754,0.5259851236409485,10,False,8.805835723847277,1.0377379088176264
PFC,1091,1.8180608049517155,0.18085043593704028,0.18888867871715842,9,False,7.389646247697401,-0.536363839754106
PFC,1095,2.530619580521163,1.7997494718899094,2.113197897521224,9,False,4.329837471926412,2.3841220154256826
PFC,1096,1.585729851467921,0.056652110857023284,-0.7128325455416196,8,False,0.6269475598698282,-1.2152509977226722
PFC,1137,0.9240682596134919,0.581245102698874,0.028275733709115514,3,False,3.930795237130247,0.7176453000632632
PFC,1138,0.32046779045326085,0.24280128184128744,-0.014712444536579827,3,False,2.2498442501169835,-2.9689814106917845
PFC,1140,1.3429112012388893,0.37754476471006126,0.8517150738004409,4,False,3.7542462077961636,1.5433317120804757
PFC,1141,4.045899300787377,0.6841997232887409,2.2658251623148384,3,False,2.811810177224894,2.51096143025078
PFOCUS,1058,9.975526283835833,1.6588618146066119,6.341386108105573,3,False,7.24549932118832,
PFOCUS,1094,1.5308185268969252,0.8504663274876282,7.457677237373428,3,False,11.869346906991773,
PFOCUS,1095,2.32753082634729,0.02333817616883083,-1.4511169368752852,3,False,4.128274379557939,
PFOCUS,1096,1.1974879154387268,0.7011917864485754,-0.5421472514762549,4,False,-0.8657610022318241,
PFOCUS,1128,0.5514080787921776,1.4308253824222044,7.7173249590675175,1,False,21.914529020105444,
PFOCUS,1129,-0.39979546404581023,0.492094794018294,2.133562954458501,1,False,11.461921163413713,
PFOCUS,1130,0.007302857020128429,0.571022773901745,-0.13108260539370642,1,False,6.724317175361483,
PFOCUS,1131,0.509616224686842,0.29236405786789127,-0.6633965073523318,1,False,5.414125633167144,
PFOCUS,1132,-0.5203967823462887,0.016383912674137663,-2.3219230386591128,2,False,1.2110558359773593,
PGEL,870,0.5688286664257326,0.04248102575077563,-0.39759550952430667,4,False,7.74880542849492,1.2716543193332486
PGEL,898,0.03758007123419395,0.5844594727543377,-1.165963800787717,4,True,-14.98915678020155,0.11481056257176547
PGEL,957,1.3032550453705405,0.6571713330969299,1.0008309103702873,3,False,-1.2466841119015526,1.8811061032330878
PGEL,958,0.736368594793984,0.41905136663529124,1.2262651801796087,3,False,-8.071145727163975,1.3485191236339178
PGEL,1101,-0.6823666655317283,0.25628660985961194,-0.7044922228725659,3,False,-2.9972167963074225,-2.0817206889274686
PGEL,1145,-0.6298436690577466,0.32846164296134095,-0.6896147757810334,2,False,-14.119616921971978,-1.4842460648163303
PGEL,1183,0.40854622144120833,0.8498654933258131,2.103497447237257,5,False,9.223513313925213,3.6659672956327993
PGEL,1184,-0.10833230745216521,0.47889654389473485,1.9785302912002312,5,False,5.394386227777792,2.1321488309207437
PGEL,1186,-0.29278697729664344,0.16692138572069268,-0.6200977148737685,6,True,5.263888700127284,-0.45373274517430673
PHOENIXLTD,602,2.2104201680613804,1.3566792067613076,2.6692716005232375,1,False,10.760240466885907,2.8529375604526175
PHOENIXLTD,603,1.3216866892816115,0.057498316521970065,-1.5130848291468046,1,False,5.022260626103914,0.27484838365430253
PHOENIXLTD,604,0.3943579171271997,0.453035303568818,0.650593187906634,2,False,1.4761322451387837,0.6068576104140577
PHOENIXLTD,605,-0.18345176287216686,0.34926503932509745,-0.1881247382858664,1,False,-1.8239769283718954,0.0874807937395028
PHOENIXLTD,802,0.2580911977209793,0.13496004515928667,-0.5944547713633175,3,False,9.493278252072113,-0.6649543747383246
PHOENIXLTD,805,-0.2343161589767363,0.29530455612104517,0.5276361338062197,5,False,7.332186499602367,0.5276361338062197
PHOENIXLTD,848,0.5842142443208539,1.4523570962973686,5.506124689895642,1,False,-5.711822568161285,4.64504401071566
PHOENIXLTD,849,2.8643091543356753,0.823626117019488,1.5705771192183526,1,True,-12.295665895400433,1.581729940110388
PHOENIXLTD,881,-0.9082842211219871,0.15082731548317996,-0.8571407861263869,4,False,-4.8042294130370085,-0.3648621062956492
PHOENIXLTD,898,-0.21035290033064458,1.0158484382054636,1.143830625009401,5,False,-7.381521396040935,1.8352376382814173
PHOENIXLTD,932,0.47135805651562834,0.017228576759875443,-1.2801859248915415,8,False,-6.182499161016553,-0.9222181774056426
PHOENIXLTD,933,0.020303207719104162,0.3195391064206951,-1.0373089345316777,9,False,-10.333804155833237,-0.7973993804335722
PHOENIXLTD,984,1.0563756150476107,0.2649982193523018,-0.7490990056040814,3,True,-0.14529277846307975,-1.3151687831386538
PHOENIXLTD,1000,-0.4083655372653309,0.3998272787317733,0.2656511793236005,9,False,-1.2048259476356793,1.0598375845705776
PHOENIXLTD,1138,0.35570336381363626,0.7448146403226987,1.1253122139694538,3,False,2.8685568752591317,-0.795695985161804
PHOENIXLTD,1140,-1.1893011171108316,0.45930627291011755,-0.0995038561593331,4,False,3.095787293725061,-0.0995038561593331
PHOENIXLTD,1141,-1.1218053132508479,0.003302592678902079,-1.1464389963157906,4,False,2.003914407113694,-0.6860915275385793
PIDILITIND,149,-0.6619205591358935,0.12568186942749576,-0.5114022255647388,5,False,-2.4831999820722706,-0.8545787807374472
PIDILITIND,150,-1.0776607910937295,0.5086385086295467,-0.40301050680657813,6,False,-4.5706888925365,-0.14905399015475718
PIDILITIND,151,0.14062181009745683,0.7006426355060362,-2.3347789534120644,6,True,-5.037799284825861,-2.0174736094380363
PIDILITIND,744,3.5687075292037975,0.7014668236199241,-0.5686479044091031,7,False,0.7225880442182753,-0.5686479044091031
PIDILITIND,1111,0.1517513380038942,0.8232862325316159,0.22265990195522445,14,True,-11.465250110668423,0.3548013197004929
PIDILITIND,1145,-1.2465109062301878,0.5612813302721003,-0.15272449726051462,3,False,0.023186840834532596,-0.9267343848786469
PIDILITIND,1155,0.9704024822007239,0.2237601291018833,1.2050563740946485,9,False,3.46584391005178,4.917207481940755
PIDILITIND,1156,6.568775717634333,0.7462814652521612,0.517195329425868,9,False,-0.7631083157363161,0.006437223077160326
PIIND,484,12.767598785201315,1.1934256266183836,-0.8694975489491052,5,False,-7.4233125826098085,-1.3654735360165926
PIIND,611,0.7363405554040645,0.7355378287095331,0.47546337090518254,6,False,0.6628932251829589,1.1245737422651336
PIIND,880,-0.2294654702275213,0.11356989139377857,-0.12479266479472617,7,False,4.230860911871059,-0.12479266479472617
PIIND,881,-1.546138355138031,0.3512033059719956,-0.2547537856069759,7,False,3.0281985929101696,0.4064037545838728
PIIND,893,9.19330621572217,1.4159433831999997,1.8601991717650757,12,False,3.2903601106026414,3.4569501495394617
PIIND,898,-0.45726220828078656,0.04324682442004474,-0.7791232516661917,13,False,-2.079897010902354,-0.30977189524077353
PINELABS,181,0.8039339856403883,0.6319189674023378,1.954305941463086,4,False,-2.724228806329465,
PIRAMALFIN,114,47.56830607151754,1.0625369428418583,5.42225837207031,4,False,1.0506539034784046,
PNB,103,7.984670109096544,1.7160485292084253,0.7263803521910805,10,False,-2.7005231948389663,3.051769183146158
PNB,104,2.2161982512544602,0.9729016050839745,-1.9378434192716898,10,False,-9.379521439452375,-1.3377077996654219
PNB,107,1.2535944510161492,1.1264547356506927,0.44118486995832207,12,False,-12.348640922791166,0.6758659110254195
PNB,108,0.11526692895099458,0.22937330131164768,-1.4231205041742467,12,False,-25.95163716302209,-1.6545181071387138
PNB,151,2.1337019366125016,0.2403940043251623,-1.6789423458489217,5,True,-7.979895178659202,-1.2851390532285567
PNB,287,2.318222394654605,1.3821349331708945,3.0731510566264664,5,False,7.000884532774365,3.5492413386848387
PNB,410,-0.1753561928367551,0.47563905128416595,-0.1995977588157838,10,False,3.772557554266176,-0.1995977588157838
PNB,457,8.007341746378208,2.1212660808945327,5.1225340649724505,11,False,14.888517549513725,5.675324256718439
PNB,458,1.6605971498741647,0.8587342957021734,1.2299613503506057,10,False,7.707988055956383,0.7980929033102102
PNB,459,0.16090157932213559,0.44018447965992663,-0.6658727962605027,9,False,4.9742827047679405,-0.8342331547100734
PNB,460,0.5079712411050963,0.9272938590081626,0.584943942844629,9,False,3.8323003794768384,1.58412956139804
PNB,461,0.38825658055010087,0.2400461974569587,-1.1499902550834329,8,False,1.7045893061269135,-0.9053095179838433
PNB,641,9.620492245979985,1.8964553533162247,5.8878786355501145,5,False,6.906410426796872,7.376505701224456
PNB,805,0.18659447703984722,0.765502789340335,0.17047742240139385,9,False,-5.702258507324965,0.8941307448770086
PNB,806,1.3156822648240047,0.38935636317329764,1.073578585637902,9,False,-6.1387423148624,1.588085959032881
PNB,888,0.02395498646098559,0.8657669504281968,0.5383336513187231,7,False,3.88961453887422,0.6297284174423989
PNB,1003,1.5819418759055413,0.39358113400692857,-0.4184061865278199,8,False,3.044532493338803,-0.4271972601424645
PNB,1108,0.3800594761701349,0.037466674476087244,-0.596701790211307,1,True,-14.766655849217225,-0.611966168776501
PNBHOUSING,670,5.952211373435464,1.0040970471368098,0.20303769799756566,2,False,3.1974070820934397,0.8043892686102394
PNBHOUSING,672,-0.6035038509447799,0.36610354915735477,0.9950233943658349,3,False,4.938719547745274,0.9950233943658349
PNBHOUSING,673,-0.4797918708715237,0.019378459097194187,-0.8249407455757862,3,False,-5.569678947471202,-0.2951007577644438
PNBHOUSING,674,2.7600824584815404,0.7575514834512637,1.491717293125272,4,True,-6.899422726404525,1.9611516998122358
PNBHOUSING,929,3.788193684655329,0.9037226180494479,-1.4499939713476961,7,True,-3.666503419666234,-1.0939285456340264
PNBHOUSING,989,2.134741124205576,1.516426072202107,1.0377386133127553,8,False,2.8505828160747537,0.27294496527254797
PNBHOUSING,991,2.0738387291407068,1.1264383488977732,0.6052398225311117,9,False,-7.030897307686468,0.38912145762310946
PNBHOUSING,1013,-0.28315457966006263,0.2260323786976294,-0.34353183845645674,4,False,-3.869128211663131,-0.7098976834079229
PNBHOUSING,1052,1.1217873113383148,1.3645526040382236,0.9971139881442381,6,False,3.118856932348524,1.3263527119686591
PNBHOUSING,1202,0.28379500869504193,0.3248276650300732,-0.8424084085637662,7,False,1.2269674159531618,-0.8424084085637662
POLICYBZR,257,-0.26754483197004764,0.3155498011878981,-3.7155209817072987,3,False,2.933609168546192,-5.164687204962625
POLICYBZR,261,0.4504283849022151,0.08072315473079447,-0.2910757416238252,3,False,0.24566092845226262,0.3282343469375171
POLICYBZR,262,-0.25336462594655507,0.3463370091232363,-2.8578998877830775,3,False,-1.1893485326912145,-2.4509367484694233
POLICYBZR,311,2.1416932664276485,0.14358895097134314,-2.216597174419832,2,False,7.196546496334499,-2.216597174419832
POLICYBZR,442,-1.0529699589028103,0.22087271909256073,-0.8204242931861838,2,False,2.1187163414633448,-0.8204242931861838
POLICYBZR,443,-0.2831353380218756,0.048530914350909844,-1.4128986785613917,3,False,1.320178308472797,-0.7459776100570359
POLICYBZR,499,1.4971318425639908,0.717316993386356,2.0177249976362166,5,False,5.9350943420067415,2.7802919166912687
POLICYBZR,736,1.2323948760214511,1.0149770885296017,0.3100439829836432,5,False,-0.5263537385535977,0.3100439829836432
POLICYBZR,746,8.880774784711006,0.5424175509321788,-0.574568237617179,7,False,17.9201138025201,-0.3158655515219544
POLICYBZR,747,-0.37132659678238233,0.4980731601771388,1.2420059585593224,8,False,17.18756677460007,1.2420059585593224
POLICYBZR,842,1.138576409048347,0.004828572613990522,-1.8305615709765966,2,False,-3.5980370626495173,-1.8305615709765966
POLICYBZR,844,-0.18607480721325856,0.003833227218540594,-0.633093350081626,4,False,1.0527957857705106,-0.5741463787770185
POLICYBZR,858,0.8674712179781398,0.625941396599517,0.3893190021372783,7,False,3.918905246310067,0.324286139951635
POLICYBZR,859,2.3147077566246708,0.23192750672163243,-0.24729866293530245,7,False,1.2423278004167981,0.608070757324497
POLICYBZR,860,2.3361546651594556,0.35200288255337125,0.8763245824064292,7,False,5.848574827426289,1.1177489551628117
POLICYBZR,861,8.763412239373194,0.2550369554634865,0.4460915847720681,7,True,4.045362309071487,1.6383188446255526
POLICYBZR,927,2.5663346683657635,0.2298214598854183,-1.7034449037723443,7,False,-4.820958746144233,-1.313754066397299
POLICYBZR,977,8.597252021173711,0.7631381922157708,2.589345057829928,4,False,0.7149856546293298,2.2890008084751168
POLICYBZR,1089,2.0060367776278927,0.757740857836445,1.8375066669944484,4,False,6.3039570830065506,1.8375066669944484
POLICYBZR,1092,-0.37392926243936997,0.326148925148455,-0.8755213620546098,5,False,2.5143903286303004,-1.808360159984379
POLICYBZR,1093,0.07006805222539315,1.073235929277602,1.087658728800811,6,False,2.14645330388763,1.946791944073878
POLICYBZR,1094,-1.0480760315461175,0.2142544180085124,0.03903071261284197,6,False,3.0814211780820777,0.23360470658384536
POLICYBZR,1095,-0.724673098012997,0.6646984554683197,-2.7260953554925527,6,False,2.2633627418489066,-3.077053520175088
POLYCAB,228,-0.3474284874410132,0.36532956956573753,0.2574064967283407,9,False,4.74366871484968,1.059917802292909
POLYCAB,229,0.0687981897834996,0.09738934479721452,-0.22916032729651814,9,False,3.1294683408194635,-0.19934573706807956
POLYCAB,230,-0.42700208918504534,0.5326141505060926,0.24678590386020272,9,False,2.1001602249559825,0.23835394073976612
POLYCAB,450,2.217506998153348,1.219876053755972,-0.30303020996692576,13,True,4.1314097333715605,0.3314464226724878
POLYCAB,613,0.31786238617060897,0.10925313934295068,-1.354513100259569,8,False,1.2185409327585717,-1.1155403108680129
POLYCAB,630,2.3344335497668123,1.2105883563828492,-0.6061478527335074,14,False,3.7640285090473347,-0.398843217556033
POLYCAB,633,-0.3739468060647992,0.1254737121932005,-1.5874652002550893,14,False,1.6863035565693352,-1.513242581751617
POLYCAB,636,-0.340432588897424,0.37076421290073414,0.5610619912957304,15,False,4.96246977776138,0.06268405593852222
POLYCAB,637,-0.8681070574046427,0.5591993183812645,0.39932757534206775,14,False,3.683290423122121,1.1330227598058462
POLYCAB,729,4.856416690889336,0.07938276773162406,0.03316749585406953,6,False,-1.4203073175787617,0.23954302561268737
POLYCAB,759,2.185133055369789,1.8837588247942392,2.4034177292705072,10,False,-4.260828181050069,0.666771559920587
POLYCAB,760,0.7165344828230302,0.7085360862437868,-0.7863986625209818,9,False,-12.015281476082274,-0.829701203842681
POLYCAB,797,2.413305477936953,0.8603189846052559,1.8003663599215347,2,False,5.469744991003589,2.6096821628964983
POLYCAB,798,2.5411630350054666,0.2506877458148359,0.3694112706658981,2,False,5.2031224205855375,0.7386408125590771
POLYCAB,799,0.9424144139664086,0.6205562462334933,1.3445719637221076,2,False,-0.31698386751563,1.4848301321625401
POLYCAB,800,-0.6987991707684487,0.230709757454358,-0.06320589249788622,2,False,-3.2385871509087005,-0.0625288856265005
POLYCAB,802,-0.9299870504508485,0.6446138590046626,-2.2259439211721688,2,False,-0.373622353205183,-1.8884310740216792
POLYCAB,895,0.34119926467991696,0.15383625093099,0.3154455769277309,3,False,3.5404768222096594,0.3154455769277309
POLYCAB,1137,-1.5686413770586474,0.22335045043564075,0.11685683612492337,3,False,5.703183636242737,0.7058912946407592
POLYCAB,1138,1.7401339272939211,0.8735996780736307,2.6707571850708822,3,False,4.703468784701981,2.6707571850708822
POLYCAB,1139,-0.5623025153295252,0.06060896800751516,-0.8120682985461758,3,False,-0.14061251889980753,-0.7939208450422175
POONAWALLA,84,1.5091182283396618,0.36151112393355234,1.0336494607699365,3,False,5.490008061280127,
POONAWALLA,274,1.8998267104299684,0.14647298136055037,-1.9887636998110136,4,False,-5.686437874541051,
POONAWALLA,275,0.686249986327944,0.47258621723992533,-0.16482750275502722,5,False,-4.913126193807738,
POONAWALLA,277,4.544621397277716,0.03922171538055385,-2.160878676787359,5,False,-6.236886020645072,
POONAWALLA,558,4.323841391164763,1.7327215521153883,2.032738487617225,4,False,5.036638814320726,
POONAWALLA,560,0.06517014023767634,0.17883598992855781,0.8614153620993825,5,False,1.3424522710970832,
POONAWALLA,563,-0.22871900239484588,0.7458799733525147,-0.46207852188787646,7,False,2.727103679344567,
POONAWALLA,738,-0.24816318799093792,0.1984251417213,-2.878765584280951,6,False,-3.6927678813464593,
POONAWALLA,1001,63.792002612282495,2.859368089664992,9.381936753782405,6,False,15.274753635013226,
POONAWALLA,1099,1.0920829662923273,0.23104835822352313,-1.4441984826940812,0,True,-12.663402400242585,
POONAWALLA,1144,-0.9726265957874415,0.2345632858051074,-1.851367869901277,3,False,1.1571966180224713,
POWERGRID,58,0.08389647980904223,0.20812484055567565,-0.055058673570429484,5,False,1.6410024204757567,-0.39919382437684225
POWERGRID,232,0.1449568662723141,0.05167074487400062,-0.40843594991178955,6,False,2.64255609355204,-0.23027391241585704
POWERGRID,288,1.5765746743965006,0.7820137379732981,1.151452304430367,9,False,6.2338722139632985,1.1062770768273777
POWERGRID,289,-0.2658836211566282,0.5105192159958024,0.3654231587536083,9,False,4.060532704241981,0.8743235068105593
POWERGRID,290,-0.2973674554347097,0.035027170545115775,-0.866843047204835,9,False,-5.364006110051989,0.21942865107233978
POWERGRID,291,0.22682863184952795,0.7684555444639058,1.6200232578736928,10,False,-7.022972404422855,1.6200232578736928
POWERGRID,348,-0.448790339285072,0.6006186426387825,0.4019450768755206,9,False,-2.8585884138628725,0.7392416448829486
POWERGRID,349,0.6769710635071886,0.28651165976518717,0.0357710510294984,9,True,-4.452726944672625,0.5468396686875376
POWERGRID,380,-0.4285013793888894,0.7407607361473652,-1.802177875176203,11,True,-1.8456738013513774,-3.346035515189938
POWERGRID,476,2.078670616298848,0.6815776939693835,1.3694704698460125,4,False,-5.584082544574331,-0.1736498751710558
POWERGRID,654,0.08000923343048576,0.723971903954644,-0.3258972435075669,12,False,3.604094895863974,0.22327347317530055
POWERGRID,655,0.1881929293405119,0.17805442248000183,-0.003159921097128926,12,False,2.9118583170725465,0.3207344624463371
POWERGRID,656,-0.34069690531094154,0.28108529560847034,-1.25771820017061,12,False,1.9858284480874566,-1.2408288631650666
POWERGRID,759,2.849992008545439,1.3986194157785663,3.1168941616702917,16,False,-6.748306272900084,3.2019355623502888
POWERGRID,799,1.4935376886514076,0.10111667679437766,1.0203702469220977,4,False,-1.2638248498354487,0.7993191085261975
POWERGRID,814,0.00798000440332368,0.15993169061270374,-0.28915779088631854,3,False,-9.203608362039517,-1.033268553640898
POWERGRID,880,1.786955341936792,0.2741731757325747,-0.6554186250286587,7,False,7.292847405630232,0.011321375648787324
POWERGRID,881,0.5412570967386502,0.8684839831343876,1.8404426579856192,8,False,7.824896773022494,1.5438348250794265
POWERGRID,883,0.9236603093005189,0.10870803883213419,-1.980358629034129,9,True,7.843508958172718,-2.603830972150256
POWERGRID,1095,0.1464696405202061,0.08343547969516975,1.2162365313972856,5,False,5.098409534052073,1.7758308632584097
POWERGRID,1097,-0.47583322122057164,0.08065829466389327,-0.241940980031341,4,False,2.3989640836911352,-0.327131465957875
POWERGRID,1099,-0.33018261335895877,0.6375462688419464,-0.20934302812490868,5,True,1.8756303660572904,0.9094201552660497
POWERGRID,1100,-1.1045925775704675,0.4758359786443723,-0.783915040804628,5,False,1.254652043537141,-0.783915040804628
POWERINDIA,870,2.268997414932205,1.2481052987943273,6.340696545187496,1,False,2.008023305503759,8.406877865191365
POWERINDIA,871,3.1632056462061207,0.21019567162576197,1.8441626454195337,1,True,-8.124416977611926,1.3257037766992275
POWERINDIA,884,2.0156384850308666,1.0288946876263771,-0.12765478566468813,1,False,1.862779127617742,0.17046248891203764
POWERINDIA,896,2.4578033990408596,0.7560927528868846,1.9180835140206964,1,False,6.517748649137789,1.9180835140206964
POWERINDIA,897,0.15398301177150098,0.3965542825737919,0.27018465723815943,1,False,18.240259377270963,-0.19937764361710464
POWERINDIA,898,0.15663779336881273,0.6706000392073939,1.6004537495992732,1,False,16.7794231476339,2.3218596666736646
POWERINDIA,899,-0.5366285795037571,0.01669871835318139,-0.1169371443999423,1,False,13.91408405041259,-1.8115742999658457
POWERINDIA,1035,0.06367610521916167,1.141108808572985,0.5824118421411173,4,False,7.977964723598463,1.0982685294396388
POWERINDIA,1036,-0.17793028838526956,0.4448626448295581,1.2037097097254312,4,False,6.430928598803609,1.217965761241091
POWERINDIA,1037,-0.18394036191083324,0.7479441299845715,0.9061421431127537,4,False,3.4133277925915806,1.4325126109591357
POWERINDIA,1097,15.961761880942278,1.0353983904155064,6.157019779153039,1,False,14.39873801723095,6.297779395704417
POWERINDIA,1098,-0.039524408471689434,0.6623592123683544,1.4585540387026308,1,False,6.227029458406208,1.6388366632660967
POWERINDIA,1220,13.654138403161499,0.8239039685392063,9.528692415783668,4,False,2.57111389616802,10.075576316888846
POWERINDIA,1221,0.2457076787944673,0.9344747193329845,-4.29823949775715,4,False,-10.751272491622665,-4.29823949775715
PPLPHARMA,260,0.8642027506459318,0.9210555220440931,1.4315272118190947,7,False,13.588950407767397,
PPLPHARMA,261,0.5882402289499736,0.12971705482541968,-1.3508785515701227,7,False,8.036148699781043,
PPLPHARMA,495,19.625222457704837,2.337681113492912,7.872009241759459,4,False,13.197306392103547,
PPLPHARMA,498,0.1018872241374144,0.3534193557632526,-3.8780651492938634,4,False,2.7835074437269736,
PPLPHARMA,500,0.7607275087718061,1.447172476107548,1.2255914176425575,2,False,10.681904830615219,
PPLPHARMA,501,-0.4586835231114172,0.701938613601597,2.113738734780757,2,False,6.314897894307525,
PPLPHARMA,596,2.377836474568768,0.01566121393429086,1.0754551162921233,1,False,-1.1480914700629286,
PREMIERENE,44,6.1325951340287315,1.3731986828449474,3.8126474706762448,3,False,-8.584616596003347,6.6431317563835135
PREMIERENE,45,2.363348306885137,0.1570808329270328,-0.15324427768855786,3,False,2.6890821144803345,-2.176879316497682
PREMIERENE,58,-0.6347278465023967,0.0,-2.8497571757096885,1,False,6.939590205492019,-3.632376374281432
PREMIERENE,59,1.418124945037944,0.5091037862813002,-1.4977374942627963,2,False,11.24533776599488,-1.0387574745939432
PREMIERENE,154,1.1819076597398044,0.8032011704855467,3.0289951170845653,4,False,4.064997199619658,5.830798977643226
PREMIERENE,155,16.104092824880507,0.21314004217875207,0.7186859604454421,4,False,0.03212370028247147,3.9651422532483105
PREMIERENE,156,2.6104808508478192,0.1797311805334401,-2.441923303493987,4,False,-5.454383936110718,-2.5971062120589528
PREMIERENE,170,1.6895755271691308,0.17156876805143143,-0.9925956156716542,3,False,9.302264402075,-0.497512437810943
PREMIERENE,172,18.807813874621036,1.680715055661882,7.7257894347373846,5,False,0.8132368132295342,8.591657099119798
PREMIERENE,173,2.4242078244752334,0.9063357337970172,-4.4337803856543285,4,False,-6.87970270481294,-2.9171302593584914
PREMIERENE,255,0.2170006780462908,0.5059262556895485,-2.2347178259719436,5,False,0.18810688403614328,-2.53583342658652
PREMIERENE,257,0.5254117480594861,0.8890286696439286,-0.36391326642137845,7,True,-6.099657048913687,0.4284924604320617
PREMIERENE,380,0.8333452618312643,0.48942482926118386,0.393556125718586,3,False,16.049109206087884,1.334123882202043
PREMIERENE,381,2.7910601755371003,1.496695685326252,4.136909631020158,3,False,12.2920701169684,1.7897604317717253
PREMIERENE,456,2.043266467240882,0.52585180890585,1.4734589191763625,2,False,-7.155231400548034,1.2645603033724528
PRESTIGE,640,3.6388994518064637,0.5199141169090665,2.5992505614832018,2,False,2.3844688968081673,2.1657782973622863
PRESTIGE,806,-0.2309213645629013,0.7155083698323019,0.3841220579793525,3,False,3.797253050984395,0.9199019149267906
PRESTIGE,1023,-0.8020605707111648,0.06744178983350525,-0.9875304820048059,5,False,-1.9272149581250675,-0.6762234935367983
PRESTIGE,1143,-1.0759490633885986,0.47190600625118884,0.21739169461527652,5,False,4.587031935037067,0.23927106300882794
PRESTIGE,1182,2.469222504830013,0.808404190327775,2.1690488100609473,3,False,9.167946016006967,1.4234870681423928
PRESTIGE,1184,0.7079249080579445,0.3105444612947739,-0.5105419456152283,4,False,5.845536559477882,-2.314464979132902
PRESTIGE,1187,3.656206458005534,0.24303603678803912,-2.0005171663272314,7,False,5.29422183910806,-2.4993545148071505
PVRINOX,93,2.406188593865893,1.117450752486756,3.9630591167734153,4,False,6.846561311245147,
PVRINOX,96,-1.0704534609973047,0.29179536450813737,-0.30103010520388107,6,False,2.557379334183074,
PVRINOX,97,0.0369993357673366,0.19506447688179668,-2.040398942625943,6,True,3.13908844409847,
PVRINOX,134,-1.6637608555855699,0.38649914320996187,-0.2371483185902079,6,False,5.398289807775347,
PVRINOX,308,2.730534591488497,0.6246625354399138,0.12491336636588635,12,False,1.844639176818097,
PVRINOX,312,0.3495406505842109,0.9974551001715635,0.032151152506809666,11,False,-8.98526692955376,
PVRINOX,470,2.7203499642602265,1.453720541081466,1.5550614587581446,7,False,10.754501222305436,
PVRINOX,471,0.7222973455463447,0.550807154447053,-1.9766066718565956,7,False,0.36501896673932777,
PVRINOX,717,0.2950592001327573,0.669414374141699,0.40525525826993203,7,False,-0.8269908734473197,
PWL,202,1.2995367165432836,1.810954362079235,3.613538490683599,3,False,3.9941907090673245,
RADICO,30,9.93368454878428,3.06148707464113,13.316910592667753,6,False,-1.3862737001430814,13.51011930638073
RADICO,1141,5.086297095747893,1.075348340463614,3.6464300229128943,2,False,18.692982810539927,3.7727348730191235
RADICO,1142,2.7706079718964562,1.2696115344580956,3.805310601768319,2,False,13.668266478015912,4.91277574614406
RADICO,1143,1.9838083660359804,0.9926052541395949,2.989856964210569,2,False,2.228242189848717,3.5047893112104544
RADICO,1144,1.0178547512986929,0.8245457984350182,-3.921700526435423,2,True,-1.964179035173308,-3.8980432163107093
RAILTEL,542,4.561360851795035,0.6416149261609319,-2.105015596146942,1,False,10.34805274099213,
RAILTEL,654,0.30112982275348005,0.0364491989230545,-1.1841669943881472,6,False,2.1117779251874413,
RAILTEL,655,3.9271220285161914,0.3124906218516794,-0.5837272587277065,7,False,6.658189905800227,
RAILTEL,670,3.963747787000521,0.994422387214024,4.3462769467352835,6,False,-12.112959639185616,
RAILTEL,671,0.5273275816213965,0.3438700654787801,-2.2674097455955833,6,False,-2.9296994750096728,
RAILTEL,689,1.72652101520793,0.2078096759398871,-2.0733436887958367,2,False,7.156525066972841,
RAILTEL,692,8.233537174004768,1.5230100798631894,5.627084576937014,1,False,15.335456321140772,
RAILTEL,912,0.4925242505977953,1.7659771060903078,5.462578386923411,6,False,13.448806724982765,
RAILTEL,913,0.23544321530743464,0.2755883121311141,0.06909557572380987,6,False,10.959096795752178,
RAILTEL,914,1.6347287799109946,1.1347677303996613,4.03210373418581,6,False,8.887213253035231,
RAILTEL,915,0.19989093555008694,0.6894392575480811,0.6550796050166063,5,False,1.693676394726773,
RAILTEL,998,3.4078207000127185,1.3647516526199335,4.895545650714883,3,False,4.357547695469921,
RAILTEL,1000,0.0035592749866160305,0.22979265462055265,-2.1571119401633254,4,True,-6.379313972675815,
RAILTEL,1013,1.822291850535875,1.1053172081153775,-0.2843629308936557,4,False,-5.738443503110757,
RAILTEL,1139,188.57994013862773,2.3414153606808585,13.886717674249427,2,False,17.782936287397554,
RAILTEL,1140,0.6823487815816915,0.10235665853408435,-1.0772270619151425,2,False,0.3076422948115276,
RAMCOCEM,686,0.8122610669132285,0.9760254863729705,-3.041899195431619,5,False,-4.998255424074838,
RBLBANK,48,0.29185522678453707,1.4100697351681777,1.5593836176476028,8,False,-10.291161811934202,0.904918636310792
RBLBANK,49,-0.1549042711580953,0.03247949638548485,-1.9714554349547275,7,True,-12.90130550782067,-1.4725796524648116
RBLBANK,433,5.9623222139056535,1.8283690324632453,4.976734450723752,1,False,8.518894202128525,4.976734450723752
RBLBANK,435,1.9847376483941102,1.0210627180574223,2.01501996701301,2,False,4.860540931522372,2.7415345820591908
RBLBANK,437,-0.18665353937411186,0.5834402644539561,0.43024434228489117,3,False,-3.7736776225587465,0.43024434228489117
RBLBANK,438,-0.5394286423563915,0.41899241462884107,-0.29867441796871397,3,False,-1.0372044893131038,-0.29867441796871397
RBLBANK,439,-1.01749695289956,0.04719413586675183,-0.8641564958509096,3,False,-0.7231382262859798,-0.8641564958509096
RBLBANK,561,2.8129527428807424,0.3343033933494031,0.5627624596344694,3,False,19.260261074558073,-0.08971535763803162
RBLBANK,562,2.2879726991153073,0.9496451597719587,0.8578875706976907,3,False,16.584547238047143,0.8578875706976907
RBLBANK,563,2.0363496090126834,0.3636668764766795,-0.4392125713291395,3,False,13.66993633668816,0.10493928520241003
RBLBANK,564,7.587043293760848,1.068802610583865,1.2806735172166794,3,False,10.64450076879151,1.696834380556811
RBLBANK,565,0.35723355816329483,0.8111133947269836,-0.42553517870637103,3,False,5.2423280368613545,-0.011693394324707729
RBLBANK,653,0.3640660399000478,0.5011787447967705,-0.42176567480054494,2,False,-5.421508617820647,-0.061930983435709575
RBLBANK,655,3.2360451080837325,0.2321011354963806,-1.2672440788392914,3,True,-5.472636815920396,-0.8542240522036004
RBLBANK,656,0.5917116864009808,0.16453412498187636,-0.8710202825628177,4,False,-6.604362279937681,0.4736102382548957
RBLBANK,691,2.7572379080005796,0.5456154799019082,-0.201248391865394,8,False,-8.568121130513696,0.13253220907549768
RBLBANK,851,0.04387381011522739,0.5265333761657051,0.5025197796848291,4,False,-4.191721855341024,1.1201751215718758
RBLBANK,881,3.9119789557553193,0.9230344012986619,2.5052919169373133,4,False,6.116858163335825,3.605739922255058
RBLBANK,883,1.0061075862418989,0.5612521707416083,0.1855759275890767,5,False,1.5069755252851147,-0.2231595856387214
RBLBANK,993,0.16961273848382005,1.1643344348356497,0.37531416126419526,5,False,0.17529532972762052,0.393493655552124
RBLBANK,1074,0.7882057471345785,0.78866697479054,0.8386189117603138,5,False,2.0489986413951167,0.8857745699572872
RBLBANK,1083,4.17959776677867,1.0976350435992812,-0.4054601117631229,6,False,-5.452691677102928,-5.191890798513798
RBLBANK,1136,-0.21180405340907396,0.10717741371979506,0.4357608371314381,4,False,6.144284267611644,0.17133151048176476
RBLBANK,1213,3.6534302465524586,0.6666088413924263,0.5934295502298514,6,False,3.719928255111382,1.1122985408499764
RBLBANK,1217,0.4759645031741624,0.7181447151649165,0.8740401485339833,8,False,-1.0150806435960558,0.9258001280981532
RECLTD,627,1.4873873188148836,0.0794832233283816,-1.2936944218836843,3,False,-3.2535313112433406,-1.3957691949737727
RECLTD,658,33.25452638352654,2.5106164510969644,8.475246422374184,5,False,14.934776137725558,9.726515004230407
RECLTD,659,2.9137730054178954,2.0887826145599973,7.719008985480547,5,False,7.748172924545149,8.516346569007549
RECLTD,660,0.5957316986793978,0.01043475639193658,-0.5064286517856842,4,False,3.2749714437018573,-5.286684220024728
RECLTD,701,2.159631056694616,0.516319868199337,0.8203375274744129,5,False,8.942621287791951,1.6092615114426279
RECLTD,881,1.8523051016526224,0.6968772518402658,1.2451534971329448,7,False,-2.365457948037697,2.2816349907921474
RECLTD,882,4.379262515615189,0.3913308804173369,-1.498655409370131,7,False,-1.5320254838683711,-2.2773221650272846
RECLTD,897,-0.216097325109779,0.6395683930287733,2.0502904601342964,5,False,-7.368496098099586,2.4653136742419868
RECLTD,1074,5.458125351266599,1.3260477750655943,2.7553463268134015,6,False,-3.952839734748914,3.7676477977293343
RECLTD,1075,0.5192139680845057,0.41916842640352825,-1.2748756218905366,6,False,-2.18179933665007,-0.7566334991708001
RECLTD,1091,0.13929495232876454,0.4813384454057014,-1.3257202723224837,6,False,-7.044253855811156,-2.0487532541428988
RECLTD,1141,15.004835001476458,0.7458980405680948,1.7229675362224306,4,False,0.38229732641617,1.7089971605787069
RECLTD,1142,1.197519228306869,0.7305640847512103,-0.31058297402232204,4,False,-6.118900389552239,-0.2972256303788612
RECLTD,1143,0.44140396977939667,0.7235276458935648,0.8197033994452152,4,False,-9.283343680239009,0.8197033994452152
RECLTD,1182,-1.0558103445102391,0.3961014028661693,-0.006730703806367977,6,False,3.723215609760855,0.25969708950353
REDINGTON,95,0.22931004727733606,0.8260813250500889,-0.2099329939895811,3,True,-6.105311592327367,
REDINGTON,155,5.695959734919595,0.6034090254417378,0.95551679228143,6,False,-14.240789580551183,
REDINGTON,852,11.180127811581954,0.36949761898435046,-1.104761256374287,4,False,4.950406273584096,
REDINGTON,854,3.3525421662696866,0.8156767834389368,3.4176213186779325,5,False,4.524627654669167,
REDINGTON,857,1.4122314019272677,1.396623659262402,-0.5991285390382184,4,True,2.06727696482103,
REDINGTON,1001,1.1724410186859775,0.2474686681373126,0.3542798139958059,9,False,2.9474643890196495,
REDINGTON,1003,1.4243019382059312,0.9401839765046709,-2.120510353252647,9,True,-8.759457486759159,
REDINGTON,1035,0.7594103328557847,0.43590420983290323,-0.9385353651360395,0,False,-4.636375638755286,
REDINGTON,1036,-0.20885560979303908,0.1239021374249253,-3.7774424866427125,1,False,-5.568020817050867,
REDINGTON,1038,-0.17685753264720736,0.5349300538717608,-2.5146802469041662,1,False,-8.929926809041222,
REDINGTON,1039,-0.3912769150931336,0.020394538585422502,-3.1116993031558127,2,False,-8.960940419898655,
REDINGTON,1171,18.887967430276863,0.9985726189803042,1.6468241809690864,9,False,18.52694851271024,
REDINGTON,1174,-0.2657330520767035,0.6062357756955592,0.7503456319198243,11,False,10.900420931013489,
REDINGTON,1213,20.560260563818424,0.23357196230612173,6.764323759034174,4,False,19.43389359474026,
REDINGTON,1215,2.9514882010292265,1.8013155176075226,2.2509332520604275,4,False,7.321591776278336,
REDINGTON,1217,-0.46287706825670466,0.14105465317443028,-3.264555375419098,5,False,-1.4986486540905175,
RELIANCE,93,1.0375366545798081,0.9477731978590505,1.2740013782975623,9,False,-5.488711494291232,1.280036621259284
RELIANCE,94,-0.03124610404442361,0.274843060577983,-0.08964559610603606,9,False,-8.128819979909851,-0.10146601059384253
RELIANCE,140,0.05041341720171747,0.25246042470108354,-0.330696388134899,9,False,4.919300700994067,-1.4768546113182346
RELIANCE,231,-0.07105567491484643,0.2056628217716612,-0.6167128432204683,5,False,1.2424066538459622,-0.026487764148297455
RELIANCE,290,0.12231700166010089,0.16514588567065877,0.07556056341990747,7,False,1.7692598208032706,2.05382887148966
RELIANCE,291,0.4236182826269121,1.2771561802572093,-1.705865096300485,7,False,0.738033473902977,-1.6106784328975166
RELIANCE,680,1.135665504221878,0.956031622923649,0.7094051685027525,5,False,-3.036373814208171,-0.10909293853132995
RELIANCE,837,4.806810354320818,0.7772480276656555,1.6369115665544998,8,False,0.013661014779065006,2.702175397522222
RELIANCE,1150,1.0168525090056304,1.0165340531363312,1.656288104995829,7,False,-4.690989491736175,0.4866756606223932
RELIANCE,1152,0.0015722858736554803,0.877227771760804,1.3097335580924518,8,False,-5.344536884124951,1.0950813088350886
RHIM,884,0.3134036095731885,0.03871039301667495,-4.034960597588356,0,False,-12.471858917005974,
RHIM,1030,0.3105527855613583,0.21114529356518136,0.12194627820174553,3,False,-4.991239564725191,
RHIM,1031,0.3166715770631835,0.03766632374329706,-0.5802575266048882,3,False,-4.603801388797302,
RITES,671,9.496485980860015,0.5581660535263941,5.387012139411773,6,False,-11.034069112750622,
RITES,673,1.1018766693973951,0.5836773400657932,-1.4176147006052964,6,True,-10.697500027726292,
RITES,1192,438.98085511887814,3.1968278952999083,6.9557714410914295,5,False,7.983173478184713,
RITES,1196,2.5878875024963577,0.9833751743190777,-2.918070361717162,5,False,-11.635362113603254,
RKFORGE,837,-0.38387079224718196,0.33444502576753754,-1.9367638491258554,3,True,-19.895019397506953,
RKFORGE,943,1.2006034871235611,1.2887703747275079,0.3121689674626671,3,False,-4.111642989573072,
RKFORGE,1210,2.3211219927951054,1.5092237658065013,4.612253330628735,2,False,13.928591445260174,
RKFORGE,1211,-0.2775588272664573,0.23000626472420094,-1.2646567294156141,2,False,6.641685365468364,
RKFORGE,1212,-0.43398787634931185,0.529343528158735,-0.30347482556017935,3,False,1.0780767634623434,
RPOWER,543,2.0328736079720446,1.32918394415482,1.7136577013178833,1,False,10.558319513543402,
RPOWER,544,0.33398004028581996,0.47634961776114837,-2.406431207091231,1,False,7.37678317449697,
RPOWER,545,1.2742924643248812,0.6095412464725712,-0.025934876980926447,2,False,6.10454643002758,
RPOWER,547,1.824323607504045,1.6515248682599293,2.9336078229541984,2,False,6.1359902233177,
RPOWER,688,2.606860734161069,1.344914991691305,-1.9487249184281796,4,True,-8.416068535012966,
RPOWER,721,4.125706014436021,0.3789884894786478,-0.31571323343021485,1,False,-9.859957636393258,
RPOWER,756,0.30053808075410315,0.020806510533905344,4.476173054771149,1,False,54.21303894770739,
RPOWER,757,-0.8565975750738266,0.0,4.45844899249217,1,False,46.87158364594104,
RPOWER,758,-0.8110823194594825,0.0,4.458044339737155,1,False,39.90335933496036,
RPOWER,759,4.737263011610619,0.0,4.471400893408983,1,False,33.26625402692649,
RPOWER,884,1.7314474464994483,1.5325238756882302,3.2758902034724535,2,False,4.621811654079155,
RPOWER,885,1.3009335152463197,0.08127484323781894,-1.9124536801839453,2,False,0.9174375103391474,
RPOWER,912,0.3730677174945964,0.2150831286282052,-1.4263832579028302,3,False,17.581499808846,
RPOWER,913,-0.18744052874273948,0.26319856335718744,-0.24988044291475164,4,False,16.83663274133671,
RPOWER,914,-0.4437424267051321,0.09110012195602152,-1.1668100022851569,4,False,15.788776524350023,
RPOWER,915,0.08742614014204798,0.3121441688247034,-0.5636976543266559,5,False,14.505087162466879,
RPOWER,916,-0.29267105073978733,0.11365189375667675,0.2042897751878936,6,False,13.823658317900446,
RPOWER,1139,3.5114725904504307,0.9250685746788851,1.1292314897399125,4,False,12.981218740444223,
RPOWER,1140,7.309339233178635,1.1708203657760252,5.133337252943027,4,False,5.78724300416813,
RVNL,395,1.7163350345018793,0.2622748881355952,1.2740406588353181,5,False,29.54514964260948,3.340860113762556
RVNL,470,3.8698307415344853,1.3901328076098831,4.753574717839815,1,False,-7.281777472760275,8.2031986277199
RVNL,471,1.133741496920139,1.0510200512650756,-2.8240094491570833,1,False,-10.34038440889079,-3.0029707577221787
RVNL,641,-0.37648189991227743,0.12559865045919824,-1.537679623812127,2,False,3.031603150394324,-1.0175903623872884
RVNL,670,4.189007550395628,0.7787612324063488,-0.3947601774368259,4,False,27.50361788304605,3.8867582202477324
RVNL,671,12.145733757360272,2.6648553631115757,15.860221888852166,4,False,26.200344105706574,16.283997389542936
RVNL,672,1.193146995964186,0.10410353818420409,-1.7919940854858152,4,False,16.373896614465178,-1.302964173746879
RVNL,673,1.5080451930892393,1.7514877934032758,3.189301394037747,4,False,12.142996962586805,3.67440892241806
RVNL,674,0.06524625929014315,0.21165496245801013,-1.5865695645404743,4,False,7.457900354465119,-0.19204727092059226
RVNL,811,2.2145801952964628,1.0457699569458605,-0.5813645145446911,0,False,-9.951979632744479,-0.6337728621912175
RVNL,847,8.177837290080436,1.5923590288163454,6.620998000541434,4,True,-14.589037312208653,8.568518487427879
RVNL,897,-0.4202578612853403,0.18820639603518874,-0.2848183151128225,6,False,-5.070509099666987,0.23363476538484917
RVNL,898,-0.4655586913879385,0.2026037354439711,-1.4727718248574995,6,True,-1.7363545733666053,-0.8928865605745906
RVNL,915,8.260386398937383,1.6642619669934005,6.691674117245094,6,False,11.653771429888371,8.619207626787539
RVNL,916,0.9860970388932208,0.7910899117628348,2.8390979235558778,5,True,2.4696903999836373,4.8648970715285955
RVNL,917,0.20471040156848502,1.2712046867298907,-5.904518518182201,5,True,-2.526551977844882,-5.6891423980441
RVNL,1001,2.0180251044493964,0.4595877860618407,0.6461874662648803,9,False,-3.9286376889352215,1.2180459312683967
RVNL,1067,4.256208003926608,0.8882530589566595,1.3857704335300092,0,False,15.05809616805136,2.0085896025183514
RVNL,1069,13.062447465637621,3.572539884941893,10.449188167042145,1,False,-5.422810921919363,12.442084913638208
RVNL,1070,0.5265735090156435,2.070812487753907,-6.881068808855906,1,False,-18.86291613548343,-6.298445301027078
RVNL,1142,7.288395248252749,0.24683845676236635,0.9650191915477446,2,False,2.414232064453836,1.4447587655716854
SAGILITY,156,14.39993719084026,1.570076055344557,0.8168881540565609,4,False,3.0306145407211105,1.4625561510253737
SAGILITY,177,22.80116874586969,1.8893549010324613,0.49406150787063563,6,False,-0.713069131059707,1.722752749902301
SAGILITY,178,0.4904676897825365,1.1222960969485551,-4.040500810927172,6,True,-2.48244049269547,-3.8910983243724107
SAGILITY,273,2.8441248603942055,0.5490990219069716,0.27382764030134954,7,False,-2.425855277047495,2.6842561893470673
SAGILITY,291,3.964246464677662,1.2854863459080086,-0.8502239402202405,9,True,-11.69154034112686,-1.444268092470058
SAGILITY,292,1.5506334581193415,0.49039565436401233,-0.7923343420160434,9,False,-12.345679574674362,-0.6817734920233853
SAGILITY,443,1.012727800985537,0.3911224878893846,0.8963752140295655,4,False,-2.0844091056176017,0.8963752140295655
SAIL,33,3.2277686192534003,0.6914991290436845,2.033549953423752,2,True,-2.435362549891651,2.8245077050006673
SAIL,140,9.653066660601667,0.5841287251064411,0.7236766767312552,4,False,3.947618920541407,0.3817452153688228
SAIL,148,0.4923098253445803,0.9691783770755501,0.6853511632145537,6,False,4.565142330652838,1.2058068158898871
SAIL,149,1.2259487225865018,0.34706594459416235,-1.4757700465411472,6,False,-5.0627027650732686,-1.9416056491579736
SAIL,150,4.814355973278315,1.4107997427771237,1.8057858853878894,7,False,-10.862354892205628,2.5889059094537537
SAIL,288,5.05485455676911,1.0096143178135613,2.6741331489525066,3,False,4.601988151891923,2.985078422584353
SAIL,295,1.9168089037650593,0.9078240886944824,2.685620357252372,4,False,-2.4427642546135386,3.0982473500059227
SAIL,500,3.098703804835828,1.929862528478858,4.860313815537709,4,False,-4.987882664501997,5.268530706344099
SAIL,638,-0.2812774092163427,0.09034228679711483,-0.9769491503882843,2,False,12.299884483079193,0.01881787408630764
SAIL,639,0.40571712802219334,0.8374568766610953,2.4504421143529465,3,False,19.846995870837226,2.4504421143529465
SAIL,640,3.785201484256691,1.0917770080319193,4.188694839541807,3,False,16.02750937597237,3.589702462977873
SAIL,641,1.1622168964204052,0.18342337075581625,-2.1157056057268697,3,False,-0.03516289419682739,-1.1249738606871729
SAIL,761,0.8327823974263768,0.12919462529048073,0.17966402186726516,5,False,-9.856832035738083,0.7926893265448598
SAIL,810,0.3838578812225448,0.054605658976057375,-0.26943930110597814,5,False,-11.185454877424196,-0.395269238488305
SAIL,880,-0.10236851650114763,0.2999776934108469,-0.19454176459350325,6,False,-0.19454176459350325,0.4979465927515969
SAIL,881,0.05098237854591827,0.2674814875593388,0.6615884948637296,6,False,-2.1545996098894515,1.1853315137963616
SAIL,913,4.902729828933796,1.2162606859834308,2.4934119302068902,5,False,6.76257883775111,2.7524004156264104
SAIL,914,-0.1713494491068309,0.06475230336812801,-0.7321316181628346,5,False,3.3858297221347256,-0.8130332939112583
SAIL,917,1.251002413871698,0.09219369129736706,-1.4068395337247352,8,False,2.833989646236734,-1.1412835071593297
SAIL,994,2.414430686210077,0.2741860804372694,0.45005001139668543,9,False,4.079854109011127,0.45005001139668543
SAIL,1029,7.840510468182374,1.842139418624979,4.21069484760781,4,False,2.4608741567114345,2.8390092031138625
SAIL,1072,3.3649647409216352,0.4490392529030499,3.14436444695374,4,False,5.85296567724678,3.221552981000131
SAIL,1075,-0.11643604992160929,0.8417006715306122,0.42115965402278466,6,False,1.4796234898615257,1.2532872276961315
SAIL,1076,-0.07093438221819343,1.3187955460216767,-3.661854403087861,6,True,0.2853517150816165,-3.6947497950587938
SAIL,1136,0.18894870189064147,0.0782117341851081,1.1763504080396059,4,False,13.354923795858209,1.1763504080396059
SAIL,1139,-0.18391057798485952,0.731634174954752,-1.1569343325899872,5,False,8.451821924838665,0.09125967794167966
SAIL,1218,-0.2931013654103706,0.09823278060487496,-0.022337643320013978,3,False,1.6237743234484014,-0.10153200381217697
SAIL,1231,3.7605031862881875,0.6639949851313328,1.4984700114292648,6,False,-1.5752397611567548,2.246278581253458
SAIL,1232,0.8635116204415358,1.388208161471574,3.7671051521755095,5,False,-4.698243181553751,3.2346931029104464
SAMMAANCAP,65,0.17068716835954661,0.03257672997223572,-1.7994452646581838,2,False,-15.852716118850008,
SAMMAANCAP,150,-0.19555143433622219,0.17884130230110018,-1.8454887053703906,1,False,-15.49028721098945,
SAMMAANCAP,228,8.033322164812503,2.125839680859793,9.893262719239559,5,False,23.204956956154852,
SAMMAANCAP,230,0.9026525783131614,1.0630660378377825,-0.2850813278020836,5,False,9.316784480768291,
SAMMAANCAP,231,0.44168490894879836,0.7488428352356089,0.2512582271851693,5,False,7.0317368030374805,
SAMMAANCAP,234,-0.18705360699427903,0.35313005019013133,0.15018777882160883,7,False,4.157815978402368,
SAMMAANCAP,308,9.641217093240668,2.49922611121085,0.7052653300231748,7,False,7.0471776631629846,
SAMMAANCAP,309,1.1300170233738256,0.9536518252936946,2.253546865473144,7,False,7.1840147999502335,
SAMMAANCAP,314,-0.06445490563075765,0.5964637456394136,0.04845120684215942,9,False,-10.836767592323271,
SAMMAANCAP,548,2.981908264657216,0.014241888715957128,1.7600651676221046,3,False,8.899637920577197,
SAMMAANCAP,549,0.6820456323686799,0.8739608409875995,1.7949201555855998,3,False,5.315449313179466,
SAMMAANCAP,550,4.518715495876654,0.5254767567394971,1.5919910929093062,3,False,2.0680789002477162,
SAMMAANCAP,616,13.207369295881984,1.8211557389391195,5.734161204815624,2,False,-14.467705453761726,
SAMMAANCAP,690,3.9410657137608327,0.14944559923934292,-1.0804899062236362,5,False,1.0929411587196514,
SAMMAANCAP,692,3.1428530322999007,0.6945001295064994,-1.1065678022551984,6,True,-6.477297253244984,
SAMMAANCAP,735,0.24328281366353227,0.10088864434958335,-0.13568555537740723,2,True,-8.972187637474027,
SAMMAANCAP,898,-0.3467880147799523,0.15834416605740878,-1.6304675503593158,4,False,2.877609634638878,
SAMMAANCAP,900,1.716806222928356,0.826719395471592,1.743435188697262,6,False,-1.900060251258684,
SAMMAANCAP,943,56.37629922045199,3.0062275767975066,5.4627891981941845,2,False,-9.46368460764424,
SAMMAANCAP,960,0.11357592882291646,0.732061977223984,-0.11594755553604452,1,False,-12.810582524988313,
SAMMAANCAP,961,-0.3876619031242468,0.17767249693456638,-0.43936501959050966,1,True,-16.43680331251167,
SAMMAANCAP,962,-0.5278917786922614,0.4517627046022081,-3.0854377471285166,1,True,-17.58068541092157,
SAMMAANCAP,990,3.006987639575291,2.4584194753876987,9.33270146813856,2,False,5.9278254498747796,
SAMMAANCAP,991,-0.21554569877986757,0.009116208617099806,-1.8360152190282975,2,False,1.4217217923671255,
SAMMAANCAP,1166,0.3855101749684386,0.8523456939883622,1.2967950288206964,2,False,13.398952930223151,
SAMMAANCAP,1167,0.23475516790862824,0.7695575595043608,3.117981493629296,2,False,10.116498206528135,
SAMMAANCAP,1168,-0.47239825681981434,0.11202849819769849,-1.3620783807369086,2,False,3.5724637995263153,
SAMMAANCAP,1169,-0.07701482543137572,0.7948517383453635,0.3828379901774426,3,False,1.0083406011512919,
SAMMAANCAP,1170,-0.3131273512592484,0.4596963023342136,0.35860271680683287,3,False,-1.0077781443122547,
SARDAEN,973,2.6295659022119393,1.7498702843136846,4.129465006440425,4,False,4.039968259550486,
SAREGAMA,831,0.8308669644345577,0.09389052420340901,-7.638281233668831,1,False,-21.10874200426438,
SAREGAMA,1161,6.668096557776833,1.3124729977372767,4.280710690754241,8,False,15.317033650208689,
SBICARD,140,0.8670240145367458,0.2771100363277351,-0.10989583295979433,5,False,-3.552187783602234,-0.49172848563053817
SBICARD,142,0.2435900391402658,0.5697127751508396,-0.7218258081880924,6,False,-8.61300293825309,0.30771000488885036
SBICARD,211,4.532664639955133,1.0863982703981083,2.645134555325468,7,False,10.231489000243531,2.324586096521153
SBICARD,480,-0.17879196307873046,0.5393782013604266,-0.7902040368671925,10,False,-7.274354615006895,-0.03596955006697211
SBICARD,570,-0.5562966844843098,0.1826541644865753,-0.643769509936365,5,False,-3.07934837558248,-0.5420237722182031
SBICARD,645,2.023021098280426,1.5354223102388453,0.7414968375468067,8,False,-3.2568163105806236,1.3911444439640874
SBILIFE,86,-0.4767643340055406,0.5217540914441219,-0.13003380768114026,10,False,3.17309052426038,-0.3860239273395072
SBILIFE,87,0.6978705480728657,0.5633466923838503,0.006372244449481812,10,False,2.366021975215027,-0.45244575834317846
SBILIFE,152,1.4126803445492473,1.6677636604904376,2.165689100673718,7,False,3.305809926527692,2.12607552536197
SBILIFE,186,1.769592644994179,0.5989322614609669,1.5920419133949926,5,True,-5.139521904742573,0.5407743889249694
SBILIFE,403,-0.030908639692562,1.045277704100363,0.05721834951122329,13,False,1.9878614977679732,0.05721834951122329
SBILIFE,415,3.2164192023857505,1.320053584329881,0.2928333658171578,15,False,1.1433207874667506,0.6837171792666519
SBILIFE,416,0.050408485631292514,0.07527459613586113,-0.17432057776645138,14,False,1.7010830152585532,0.19140772901908853
SBILIFE,499,-0.34732866893843756,0.9502860702571801,0.05941189040674644,6,False,2.1014369292350787,0.661787725780183
SBILIFE,834,1.5882444824592188,0.7606996679920645,0.06647410219591254,7,False,-2.5565823048573577,0.4168819654852385
SBILIFE,836,3.0808693577700605,0.788516199663772,0.0810480700763394,8,False,-2.8580360814167594,0.47116476968174226
SBILIFE,881,0.3962683567855813,0.5333137383457669,0.5594572352504601,6,False,3.0193076731815705,1.0623170006206717
SBILIFE,896,0.8209166928825443,1.2454630731964966,1.4839489369112169,10,False,6.967693438847555,2.1023718227768384
SBILIFE,897,-0.4401945778163179,0.2627903803719018,0.33424210218260253,10,True,4.437562995298294,0.2911170973691979
SBILIFE,898,-0.3151014406738392,0.22542536496898066,-1.2114232005610681,9,False,3.4320655471886674,-0.8453135891981045
SBILIFE,1108,1.1997772847477173,0.4987928311010328,0.7586293660917232,11,False,-9.04212772937626,0.7586293660917232
SBILIFE,1199,-0.3692171045734117,0.78772763839061,0.2776232128006262,12,False,1.30575146986196,-0.4167692777658827
SBILIFE,1202,-0.11046824215805551,0.6064035968498404,-0.47618155662935147,14,False,2.1153610297921066,-0.23089269621878739
SBIN,93,-0.6713146067057552,0.03008914939970762,-0.01743698484196754,2,False,0.7173687208059443,-0.06642403188515944
SBIN,287,1.7670467016850733,0.44639456320250326,0.5539964444969625,4,False,6.741406402756955,1.4925394350572496
SBIN,404,-0.01374100042330084,0.04642861900701652,-0.34232952924595494,9,False,1.2551874728992773,-0.6800858094846651
SBIN,408,-0.4272941355291504,1.0376982158995265,0.6090741526528776,12,False,4.908454589943401,0.681641927101051
SBIN,507,1.3845755040647552,0.8340460333270346,-0.12913770113984757,13,False,1.1266782967001454,0.2057465649508039
SBIN,510,1.2603378504989649,0.5463211419068001,-0.45630716799553994,15,False,-3.027522040404307,-0.9672585496346198
SBIN,561,3.3731497725817676,1.4019511736481027,1.5476309726535353,8,False,8.225650272129315,2.507596246953181
SBIN,565,-0.8184716399306025,0.08107519344807174,-0.9088777647810353,7,False,4.576019518080088,-0.4652463669025608
SBIN,604,3.7476658962261022,1.251464468692619,1.716835921624038,8,False,11.982670577499444,2.49261406056156
SBIN,782,3.8338662379390533,1.95316896574967,0.2549717270847962,11,False,-5.999678121224217,-0.3108978346124225
SBIN,787,1.6904687548263622,1.0370752084805055,0.8925536148548519,11,False,-0.33712326891659483,0.8925536148548519
SBIN,788,-0.0510935262341581,0.30416039628399055,-0.10016124668976722,11,False,-1.9525361038388755,0.6244295682331202
SBIN,881,3.6341609917683835,1.4956735821695615,2.8209946852904233,9,False,5.013581901675224,3.2292283609115957
SBIN,896,6.139258602512652,1.336126106582557,1.1192286054951817,13,False,-2.4883245253022546,1.822984923514026
SBIN,897,0.5476013879712043,0.6986774085453532,1.4527875239323196,12,False,-0.40434531462536505,2.005580637892024
SBIN,898,1.867211571561708,0.06331164853535486,-0.732879694404176,11,True,-3.3521618666329522,-0.29834759447984194
SBIN,1184,-0.5552669324434446,0.6972168593365653,0.33968948024627466,12,False,-0.30505114658813115,0.2723327270802711
SBIN,1218,2.522358593796818,1.688980327167485,2.331942184810565,8,False,-1.6387234996521949,1.8697956271663152
SBIN,1219,7.389133256932487,0.8007990438714205,0.33464474247792975,8,False,-4.210221431843875,1.3222669723312652
SCI,673,7.684653136136589,1.7977562497428352,6.803002219577459,4,False,-12.597242986864766,
SCI,674,0.20621349162712943,0.04373502773223648,-3.7959374398724433,4,False,-0.5744725562163655,
SCI,689,2.2027386483771116,0.4502254842139361,0.8368676506106176,4,False,0.8963400513314124,
SCI,690,2.5292651867877542,0.7008493270865486,3.173533022141184,4,True,-2.583328438336663,
SCI,805,-0.6259864159248847,0.3803660813508916,-1.1299893462990096,5,False,-12.647697659735503,
SCI,806,-0.9632857736544956,0.15364883915277877,-1.7914125524052027,6,False,-13.72592806872065,
SCI,894,-0.5267790134300145,0.07102082335478979,-1.4397514045350834,2,False,-4.2834873282355135,
SCI,895,-0.2486141465675204,0.14134726422468058,-1.375474174189295,3,False,-8.877557423645943,
SCI,1098,44.83912458061081,1.469995245871121,13.274827578843995,1,False,9.388676316479572,
SCI,1141,33.12165496557964,2.4404889625081867,12.503927987406005,5,False,32.01971542495523,
SCI,1142,6.7900850875001915,0.9026964516619327,3.519814233995855,5,False,7.811279586072617,
SHREECEM,147,0.4383675834589111,0.9233962555945586,0.4322231751841654,4,False,2.6564908439145496,0.3389858172741178
SHREECEM,148,-1.562371463805837,0.2666882097444256,-0.03715235332000244,4,False,3.2313616746497686,-0.21899750365852455
SHREECEM,149,0.5572117186312467,0.6722509408336105,0.8573138287210291,4,False,3.7223215484824212,0.22410109003732082
SHREECEM,290,0.3627097705620627,1.453882754905837,1.9328614701536795,3,False,4.916369870453163,2.199566479167303
SHREECEM,291,-0.4928047447151172,0.24006972012596214,-1.1981791972156652,3,False,2.1475936518067673,-0.9339268569433345
SHREECEM,295,-0.7189358050348803,0.6694665730252467,1.095845599392442,7,False,0.28491403334529597,1.5014210498423441
SHREECEM,600,10.272395523228571,0.142494059286959,2.1359434413720013,5,False,-8.24611911197909,1.7443113720824188
SHREECEM,685,0.7710219934932274,1.2991311160434706,3.2540126747216513,6,False,7.475383499170829,3.2540126747216513
SHREECEM,687,-0.45805093646290923,0.9048215966014114,-0.17526070693888451,6,False,2.777006078442046,-0.30176983932793666
SHREECEM,689,-0.5705922932238149,0.0680693004829056,-1.1525945604313637,5,False,1.7740955918267742,-0.6357078445007214
SHREECEM,884,1.3576684611844854,0.3127580596515534,-0.5916590411653266,12,False,1.899780303123988,1.233682457637264
SHREECEM,947,-0.6455472950770841,0.12582847007576953,-0.7997098904454658,7,False,2.8902800575129506,-0.004453436144080669
SHREECEM,949,-0.837524808208942,0.3483378705146891,-1.3763987632813723,9,False,-0.7643172151858835,-0.9683443978843798
SHREECEM,1075,-0.6025841755725101,1.3256729546644999,1.5222833975536698,10,False,0.9163446469442782,1.6140922991611406
SHREECEM,1076,-0.21042115847624288,0.0,-0.5693813345694632,10,False,-2.7793499098943575,-0.9646602667414017
SHRIRAMFIN,34,4.169621701180494,0.6357921231655235,0.25751595108125525,3,False,10.705031456251968,0.9844548961431832
SHRIRAMFIN,35,0.9245169868137266,0.020158304522100802,-1.8146632367470383,3,False,7.569144550241935,-0.9377012461425749
SHRIRAMFIN,36,1.0978916734636324,0.8574352692318122,0.5955948506256803,4,False,6.354606131505447,1.1455101119796307
SHRIRAMFIN,37,2.674347801661087,0.40998324073190107,0.736318812836867,4,False,4.557210691335012,2.172466929674566
SHRIRAMFIN,152,2.5511141812586677,0.4714365494600895,0.18298804923564393,9,False,-4.655207758100122,0.8302926184416526
SHRIRAMFIN,153,-0.1667257059771009,0.22624366262204434,0.3306517670653264,9,False,-4.757219063436146,0.4413485000694717
SHRIRAMFIN,165,8.368158472091283,0.16650493310414038,-0.09023877134941571,6,False,-5.526035285240272,-1.11672364483979
SHRIRAMFIN,204,0.17752382435781236,0.8249699967668822,1.7995771474642153,13,False,4.7465541351721985,3.7369840358074224
SHRIRAMFIN,205,-0.6378898201344139,0.4044533272807038,-0.7589915916572876,12,False,1.5309656145373163,-1.5077857199922273
SHRIRAMFIN,208,7.957346322177018,1.0972060171649105,0.47084746959227264,12,False,9.546832452361853,-0.71705991392923
SHRIRAMFIN,658,-0.12788922380303352,0.4332843956494301,-0.3701877744758608,8,True,-7.492938803551286,0.3204834664302991
SHRIRAMFIN,686,-1.1446481387883685,0.33704466521254134,0.065785596686041,7,False,10.310350735457163,1.0422957522013165
SHRIRAMFIN,687,0.29202494517122163,0.9413733627783594,3.386757558055642,7,False,8.988820732673153,4.453640341360443
SHRIRAMFIN,688,1.5494101484125087,0.2109418899385339,0.7750089845534935,7,False,6.311432274870943,1.394672177515499
SHRIRAMFIN,689,1.1813670718332752,0.8374306043096811,2.4998754059201156,7,False,4.401542812137005,2.5016882863994283
SHRIRAMFIN,810,0.756118242286504,0.5801977410162451,0.7854828368821343,8,False,-5.053918237183275,0.5139911285217291
SHRIRAMFIN,861,1.9971227674675538,1.0136133852637632,-0.19682281499123766,4,False,4.261976832265191,-0.19682281499123766
SHRIRAMFIN,862,2.5497201002424457,0.1837068709806816,-0.010471372474230023,4,False,3.697910241487934,-1.5655940990624173
SHRIRAMFIN,865,5.379820906829071,1.108398998365724,1.527000166072101,4,False,11.758342723316929,2.0540478517071525
SHRIRAMFIN,866,3.666987396553541,0.3247787460942113,0.8917305997007796,4,False,9.169988689940233,2.199253458535355
SHRIRAMFIN,867,0.1144715809866949,0.18105441177892428,-0.28888014877727075,3,False,7.197883519022841,-0.7221993924028891
SHRIRAMFIN,895,-0.5978460402799333,0.5722258162429785,1.5204214913632663,7,False,-8.716006985720348,2.5477333098519406
SHRIRAMFIN,896,-0.43551238461371533,0.1643215256801782,0.5537932887117458,7,False,-9.372857791179001,0.5537932887117458
SHRIRAMFIN,929,10.828472642147382,1.5269826763565266,2.212816514442717,5,False,3.9503990802749467,3.9578228261676784
SHRIRAMFIN,930,0.833848874550802,0.08770881845437915,0.5250164483773689,5,False,1.273915177093099,1.5331469858252955
SHRIRAMFIN,1010,7.58453777581351,2.2805162679069846,1.1712615928244796,9,False,4.719351862479337,0.5942076451597833
SHRIRAMFIN,1012,1.1230243002324762,1.6206870572090997,2.786071520402822,10,False,6.23038839755552,2.5947205827832276
SHRIRAMFIN,1182,-0.7009930555645786,0.08420820422239943,-0.7487179540923816,6,True,0.38417509159291985,-0.5024368572042803
SIEMENS,71,1.3019932445308315,0.506759672062898,1.0011009602653331,1,False,-4.652930037336878,0.7130549390110374
SIEMENS,359,-0.17665016385083207,0.2580911242930185,0.1610060192173135,11,False,3.737899943797962,0.1915277464806131
SIEMENS,361,0.3542043012493173,0.09266777628290852,-1.4909483387411826,10,True,2.498669170992174,-1.671864664645406
SIEMENS,415,0.08019018238202434,0.5548029562178762,0.3394931058786854,12,False,9.107834380985679,0.6647717306198286
SIEMENS,416,-0.37603765917264415,0.6968217349881025,0.5412443962165003,11,False,7.639682640969858,0.9700337551272087
SIEMENS,476,8.349256535346363,0.4562065470109115,2.558920364143069,3,False,-5.664073367015776,3.1253944793557586
SIEMENS,554,-0.06581606912777442,0.8734011751495926,-0.23287538758549609,7,False,3.4582278903247277,0.3405048879029149
SIEMENS,761,1.2310935285495122,1.329391013608669,0.29091087909491886,5,False,3.2672503542475972,0.28128215427318803
SIEMENS,763,0.8557425309854662,1.3762887904282672,2.0525531935015495,6,True,6.9210246864121805,1.2373987542964038
SIEMENS,801,2.2071136581342516,0.25259033332954495,-0.13965945013917347,3,False,3.8108195023469182,0.5062139239519592
SIEMENS,805,-0.42988446848052975,0.478919982067086,0.5823445368367208,6,False,-10.63380792874754,1.2198412040238304
SIEMENS,806,-0.32329170260908047,0.13320805962424628,-0.4949489466148371,6,False,-13.896133234899965,0.1573634318730699
SIEMENS,915,0.19079863611884854,0.39555404119405313,0.47136267107334984,8,False,7.7149911007644345,0.8150503426961775
SIEMENS,916,-0.41328477598024843,0.22942870822486264,-0.8329248594482586,8,False,5.121448904920922,0.3042860896382171
SIEMENS,917,1.167778138092948,0.11211280034248321,-1.2270151495368808,9,False,6.844853945233043,0.708844711945189
SIEMENS,918,1.3248066433455492,0.8887796427324107,2.0770577791446865,10,False,4.946307719727772,2.567158202510167
SIEMENS,919,0.10198149504751457,0.017395530988539243,-0.5095521588351581,10,False,1.8598399478590544,-0.3259059868019887
SIEMENS,1001,0.3748467750934462,0.08697493542204636,-0.8377370563117603,14,False,-5.144210585357001,-0.8407170727796287
SIEMENS,1048,1.3982913133232913,1.7734561319329099,0.9905105484166121,12,False,-4.44729800838306,0.7227265870667576
SIEMENS,1095,1.1718436208624288,0.48069263343545,0.7734488529957284,6,False,2.620172416713773,1.217519665446254
SIEMENS,1140,13.515143426002242,1.3509535867736153,4.582314160974832,2,False,8.436772426619331,5.281261904906498
SIEMENS,1141,0.6938692032623659,0.2845457943750683,-1.2236852276742982,2,False,6.550812755945201,-0.5252290081625199
SIEMENS,1142,0.5648690492649708,0.9201957408049926,1.9382916412967743,3,False,5.688230495754754,1.776090400267516
SIEMENS,1143,-0.1416574098217047,0.054482281505079264,-0.762393164825137,3,False,2.8576804535047184,-0.30754298520854206
SJVN,543,1.5234289104957,0.7862333152644986,0.5540370591021526,3,False,7.126196344010771,
SJVN,544,0.1576844214855459,0.1314683326349819,-1.0124043560812646,3,False,4.90882815216136,
SJVN,656,1.481227015662099,0.17210763135470966,-0.34943421574091804,4,False,9.68224400647777,
SJVN,657,1.074462410886504,0.1872712247232388,-0.7147579470150323,4,False,7.2874350789946085,
SJVN,671,23.620076137336024,1.9852930456700255,7.679281097483548,3,False,-10.455027680472329,
SJVN,672,0.41656352688724047,0.42485783354422696,-3.7879386802218473,3,True,-11.731022407778102,
SJVN,702,3.2743062530753035,0.7681534818205223,1.971887930046412,0,False,7.571631339907459,
SJVN,703,1.112364499056001,0.2414057142402339,-0.37839102449349626,0,False,5.689861839432919,
SJVN,704,0.5651074779490448,0.05505702741949899,-1.311744123180103,0,False,4.091200927408778,
SJVN,705,1.1026859663416775,0.2252341043519398,-1.9411413371437147,1,False,0.15684372760140786,
SJVN,707,2.1164190913012977,1.1322460072894016,0.13022300671559073,2,False,-3.9634060846146624,
SJVN,708,3.3077703422903566,0.3570923435645273,-1.0621590779416934,2,False,-8.409127446966592,
SJVN,1075,3.16743232820457,1.3909918017745835,3.8384737287478377,5,True,-12.071973613963582,
SOLARINDS,671,0.9938803889665113,1.4209125472495734,3.311899849332489,11,False,-4.799037442859233,4.107464811747419
SOLARINDS,672,1.6219803820188299,1.198375871503517,4.183790916194918,11,False,-8.808420164940111,5.274239393620395
SOLARINDS,673,0.19908410905448082,0.18303646492709696,0.0863149047883871,11,True,-3.6254474392004354,0.43809368446003916
SOLARINDS,674,0.3318533477512956,0.39225153256367873,-2.853539088096091,10,True,-3.9131135481130785,-2.226425039436941
SOLARINDS,690,0.35768997366050764,0.386504471115146,-1.0585056911289192,3,False,8.449834008739687,-0.5959323068140954
SOLARINDS,876,1.4198499590392415,0.7231005925498926,0.388847038041229,3,False,2.5130125221961785,0.6687168144837496
SOLARINDS,1078,0.3017997717775985,0.1698914975372295,-0.9759959542378294,6,True,2.4396402245633553,-0.9539120996335138
SOLARINDS,1090,6.273883108955728,2.470949233645546,3.954700969626357,3,False,3.0358716925881213,4.507492567194071
SOLARINDS,1095,0.654379440458644,0.7289004227491183,-3.8827216232007133,4,False,-4.682990740248916,-3.8189833749402324
SOLARINDS,1141,-0.3617886162443112,0.09954987343091716,-0.4842348173729638,3,False,4.541344518400803,-0.42448552540207407
SONACOMS,574,9.78960061310305,1.7566935217198294,3.669514873621882,6,False,-0.5228120810005565,4.259984038890674
SONACOMS,575,1.4393972459335045,0.717258723478832,0.47254147465178864,6,False,-6.230393038746662,1.6254790178065415
SONACOMS,576,0.137398462380839,0.282625919031293,0.6977399580305743,6,False,-9.387656294987911,0.9321024249616006
SONACOMS,577,-0.5619186217943508,0.01821533597091904,-1.4136712700152931,6,False,-10.567626799053842,-1.3602323993298748
SONACOMS,676,6.598301142576596,0.48756743010654796,-0.006073805798134657,6,False,-2.0870391415488188,3.6644182336904363
SONACOMS,677,-0.23228287695835242,0.7177625531360018,-0.26276716978747006,6,False,-3.995998029023451,-0.19461293229438015
SONACOMS,903,-0.7712952611771117,0.5438144014272039,1.3558322024797897,3,False,3.587809102134054,1.505295185648503
SONACOMS,904,-0.3423941943953648,0.33133151722133913,-1.9801445215501978,3,True,1.404554569247085,-4.213856362514878
SONACOMS,1018,1.134109297665896,1.1794748422302985,1.7945181935233645,2,False,3.858434420250001,1.3708762092410565
SONACOMS,1091,5.56232915631628,1.1216581572445732,5.1444347186898165,3,False,4.995701553424969,5.104770120498658
SONACOMS,1135,0.8089285616992036,1.1930208163125198,1.479901541218065,1,False,5.800917687065765,0.6559781186912694
SONACOMS,1136,2.1507394727210496,0.8890071405721093,1.1820441632383938,1,False,3.545859341692381,3.332591266741125
SONACOMS,1137,1.0195422809093384,0.19559334176481552,2.0015938917955722,1,False,0.7738152050737357,2.0538377579269573
SONATSOFTW,904,3.257108696488958,1.8049823812252572,10.673541997917724,0,False,2.561071659245817,
SONATSOFTW,905,2.6603874402311747,0.46059209597379214,-3.9347726892716373,0,False,-12.166392677647252,
SONATSOFTW,1184,0.2974645640508828,0.4117158290245177,-1.5804441183683737,2,True,-9.113201063013332,
SONATSOFTW,1200,3.0153158764201113,2.055826575551696,6.965169997958776,2,False,7.43899963009147,
SRF,137,2.883489159058049,1.0158731416055162,3.956859635054011,2,False,10.35927790508775,5.049364680800061
SRF,138,0.29357542732618774,0.10249785660520276,-0.14684493905048335,2,False,3.434598819102086,0.17891523056488
SRF,140,-1.1159449729229376,0.6374721852306394,-2.8831472555305604,3,False,-2.290009297365758,-5.210776575939757
SRF,250,4.831267810061588,1.8113961262887128,3.8389305003845964,7,False,6.20868071275229,4.643124884384364
SRF,366,1.4144895154196266,1.2557331162579735,0.4612333804879798,9,False,-0.9919996878400728,-0.23839137645105257
SRF,369,-0.511174811211449,0.023747580524368043,-1.3380668424799569,11,True,-3.2873039450894037,-2.1105215442192793
SRF,614,5.300037919143535,0.0009708163877546728,-0.6652152814009438,12,False,1.4507176488810725,-0.25113917835395405
SRF,690,-1.3907449930937854,0.3357358089176252,-0.16778834013994048,10,False,3.0119944642032825,0.2752784161054622
SRF,692,2.539746201287815,1.2841900986564236,1.9227672154086273,11,False,-2.4549384226408844,1.9227672154086273
SRF,720,1.9395025385109597,1.3111195368912898,2.6700404256265298,6,False,-1.6698177507344147,2.1498814154072177
SRF,831,31.55792655002415,2.2882173437172044,12.169184532771983,5,False,11.78954832758421,6.00888350461215
SRF,929,1.1732570827284177,0.6162348872851116,1.0639742981322975,3,False,1.9683369544591933,1.4901332300030212
SRF,932,-1.0432330868849933,0.5592332286247762,-2.3235374763211136,3,False,1.0947264181080607,-2.4467513018925025
SRF,1060,3.867273923453569,1.4572090632024914,1.8193197977623532,5,False,4.065431531959152,1.8193197977623532
SRF,1154,17.165852104194943,1.356353530925806,3.919729220879109,8,False,4.576963448048743,3.7401281741733072
SRF,1155,-0.04545078031991383,0.6454228819985908,-0.1624733383003285,8,False,-2.161889724868582,-0.014773981513482859
SRF,1156,-0.2901073454357781,0.06378292281210148,-0.4688768807714849,8,False,-3.4969057170308404,-0.6048892229499891
SUMICHEM,1199,-0.21331210928725736,1.4253440403314912,0.3424218448528471,0,False,-0.32171417993115403,
SUMICHEM,1200,-0.2611949448971229,0.887676074841415,2.5685572937758083,0,False,-0.5264422874122432,
SUMICHEM,1201,-0.41611486973611467,0.19926956671917773,-0.3205754648318959,0,False,-4.660135188077508,
SUNPHARMA,24,-0.3467145137182524,0.09773513900686737,-0.6109989333133337,9,False,-2.820970711839421,-1.0888306692108607
SUNPHARMA,82,0.043990192753736244,0.9277484936019267,0.8824851684864798,9,False,7.120345391446281,1.7983640490636166
SUNPHARMA,83,2.1661630036111883,0.7704588943720911,1.7961737617710138,9,False,5.036468375055159,1.5352557254266985
SUNPHARMA,106,4.198031215554353,1.755778368345478,2.319351977129358,7,False,-2.952950206626881,2.118557061558879
SUNPHARMA,218,5.928039195502697,0.7122519860182985,1.4216521693948714,11,False,3.0468854684008395,1.997977032193532
SUNPHARMA,220,0.32102988702749313,0.3379258542460124,-0.7392580444188335,12,False,0.5200549788638487,-1.0540845845635416
SUNPHARMA,270,3.837444304520537,0.25606478734675236,-0.06802075225365023,13,False,4.978506553044482,0.2809412422616564
SUNPHARMA,821,-0.5319978236421901,0.6109616555608813,0.023967814044967284,18,False,-4.21578207892569,0.24940128075332524
SUNPHARMA,822,0.07669593580164649,0.4560182222266533,0.37614160805703456,18,False,-3.6523837791521463,0.41928778104036724
SUNPHARMA,823,10.151120683384505,0.624609793965686,0.45698753894316546,18,False,-5.176688902753101,0.07838880773651802
SUNPHARMA,881,-1.7399742679731538,0.24282501786288255,-0.9415217410334686,1,True,-2.789713175715014,-0.9415217410334686
SUNPHARMA,1152,-0.6342421979776249,0.07232348494697695,-0.03152282663815287,1,False,1.4322300986459036,0.24258870934583676
SUNPHARMA,1154,-0.7823369873967041,0.28243102212075677,-0.0002728793903727933,2,False,3.004804809635986,-0.0002728793903727933
SUPREMEIND,532,6.924561045716506,0.4235652049127534,-2.6261955419836003,3,False,-11.768870663457975,-2.8513519902365836
SUPREMEIND,657,15.043807931456028,2.4358711206356825,10.797694725110428,6,False,22.21812068519764,10.348254339258789
SUPREMEIND,809,1.5989380082096787,1.5399751460729325,2.840465257484892,9,False,4.739244421011257,3.6067468640629485
SUPREMEIND,914,1.4121065027060768,0.5773326381208131,0.0739159990915228,8,False,5.477746853803289,0.5491908381978883
SUPREMEIND,915,2.824508607977953,0.1882794355879899,-0.03869052164144904,8,False,9.580337091401802,0.8735313880800621
SUPREMEIND,916,5.025146305130522,1.0146775133174086,2.6961938250615436,8,False,7.960197698921401,4.156636173968886
SUZLON,283,8.419577339746725,2.297414993690638,11.563395145484701,0,False,-1.1005601174112867,12.166442825085033
SUZLON,284,2.2678235934901574,0.5943577949215322,-4.777195356560493,0,False,-11.7316660696547,-4.2422337162737245
SUZLON,315,0.39414382315816493,0.3192954355597275,-2.411020059329161,3,True,-1.932640872868585,-1.932640872868585
SUZLON,584,3.158374745003835,0.6621705111242091,4.404088118928651,6,False,10.040936238428056,5.9971120394934685
SUZLON,669,1.4272520281944594,0.19411460510048356,0.67863991865309,7,False,3.6190208098131116,0.67863991865309
SUZLON,671,2.095099998634851,0.9979128057852745,1.9321977023268655,8,False,15.70056693277797,2.9735045701724028
SUZLON,672,4.345043004483915,0.8939162273556805,3.5546232772576625,8,False,12.559373127453988,4.455101697316777
SUZLON,673,2.5562369325869976,1.0895319825223497,3.91286645058071,8,True,7.570256823988175,5.418851687508419
SUZLON,674,0.3047850994150141,1.6569486115474799,-5.338727709776803,8,False,3.004647136558236,-6.780794341414797
SUZLON,815,13.467609459588843,1.2471308542235247,0.601634954768171,4,True,-13.181192704284328,0.9487445846972475
SUZLON,878,0.6824775605818976,0.881978622691816,0.935434724168327,3,False,-7.382648964056959,2.927587119620889
SUZLON,879,-0.6726043435361402,0.18962810122312945,0.17155496594345454,3,False,-6.724997543515576,0.15440224415035342
SUZLON,897,8.346043479809696,1.6341518501507635,3.753114802569435,2,False,-7.518784558514547,4.888909111714845
SUZLON,913,1.434237002494845,0.7622886870347547,0.2048550005356642,3,False,7.646645338989155,1.007569757730531
SUZLON,914,0.3785468774439443,0.3162634655649955,0.8533486114274069,3,False,6.042636355325048,1.4793530986241032
SUZLON,915,0.03770521010987513,0.20514962848553747,-1.6089998793398341,3,False,3.690713132653589,-1.3995932095084984
SUZLON,916,-1.6291685738299724,0.12996290260631493,-1.4584285693748256,4,False,3.089896789923796,-0.7857866663484092
SUZLON,1030,0.003626167026424123,0.0069821438656194786,-0.9545678605456187,4,False,-6.726998524897676,-0.497512437810943
SUZLON,1031,0.7157836283559945,0.3588720389767266,-0.5478298597492604,5,False,-8.413437741401653,-0.2627191275583085
SUZLON,1033,5.268109724528535,0.2630983389212175,-0.811658929919179,7,False,-8.103216801989166,1.6849942512932925
SUZLON,1138,-0.3269755495371993,0.5264806354137158,1.199563890848454,3,False,9.707297341795918,-0.6314955104232745
SUZLON,1139,2.122222587917336,0.8185199635212527,-0.03978120906243943,3,False,15.370570010753504,2.4450549639460473
SUZLON,1140,4.90795183043335,1.1880497505967662,5.334137821227869,3,False,13.481290979277905,7.263722207292966
SUZLON,1141,1.1763963174237053,0.12405858889262586,1.2965951817963006,3,False,10.005077973280718,2.3851574531987385
SUZLON,1142,3.9270307459217486,1.1287021601791285,4.228514234405112,3,False,7.457962538634066,5.035876310462339
SWANCORP,689,0.3694241495424662,0.7727570260472474,0.9439747425813438,5,False,-6.049636790313862,
SWANCORP,690,1.5355938205263158,0.7410432179797151,2.8156123902448593,5,False,7.478819626192901,
SWANCORP,704,-1.9242820152292042,0.0,4.472702047614829,5,False,9.08091206965629,
SWANCORP,705,-1.68301667325133,0.0,4.473307421992079,5,False,8.862276361563936,
SWANCORP,706,13.60623347409238,0.8347963945897149,-1.2432354338792084,5,False,3.6826302043339476,
SWANCORP,798,2.5710944174059813,1.6362582512580446,2.5071295461341903,0,False,11.215350861913876,
SWANCORP,799,0.8545954841224676,0.37938335848399923,-0.04554095923833268,0,False,6.575132122805671,
SWANCORP,800,-0.3440367507634861,0.43660501120299505,-1.1387399912526464,0,False,2.059384388409091,
SWANCORP,928,23.272136443213817,1.6026828172900547,-0.98245628728304,3,False,-5.181668151781549,
SWANCORP,929,0.6628671809043047,0.21044514159443797,-1.6986647227742901,4,False,-3.8757495572841028,
SWANCORP,931,-0.08518311347728905,0.517472816614159,-0.9750734507045444,5,True,-5.220060231981138,
SWANCORP,932,-0.35387804722049,0.023298325148239804,-1.130681289136537,6,True,-6.72367280917936,
SWANCORP,933,-0.30996818236533935,0.33284831435022355,-2.930542534536107,7,False,-7.63928842948991,
SWIGGY,135,5.726069817611591,1.8481597875188636,3.943923292106777,5,False,14.603372541763848,3.4424708709870355
SWIGGY,136,1.3507025537895914,0.2148274944788647,-0.7156349459136568,5,False,10.490154091849169,-0.2793982502311443
SWIGGY,137,-0.07423509719395324,0.6000963379542821,0.6992099521396566,6,True,9.439293319088705,1.116041414548885
SWIGGY,405,3.4227075133578624,1.8736305201257046,3.4114840521175305,4,False,5.763495845427968,4.754966056804122
SWIGGY,406,0.11077017020255384,1.095766051785671,-3.7248880216770974,4,False,1.2394888317705854,-4.873498470848093
SWIGGY,419,4.467670774265107,1.2819463653201337,0.8502448385552475,2,False,-4.393379172397482,0.3764213270069483
SWIGGY,420,0.7592288579643035,0.80193992848373,1.2231193779663307,2,False,-4.561353259620016,-0.798539230429407
SYNGENE,603,-0.14099848312400218,1.6863593410830808,1.2717942200362042,9,False,-4.299236693484765,
SYRMA,534,6.502597141889079,3.17522714375956,11.85878791512074,0,False,24.608600930727718,
SYRMA,536,-0.4011583777031752,0.8316525338735788,1.0537101758052003,1,False,8.126884188525851,
SYRMA,537,-0.6173517837909779,0.5866339480995143,-3.9598587012719455,1,False,4.5592272012183965,
SYRMA,538,0.10604333167418109,0.12371314506512361,-5.359991344500958,1,False,4.036426248767966,
SYRMA,540,-0.2660230968192576,1.7136139132750041,1.1730383703615122,1,False,3.3639188304463996,
SYRMA,790,1.8421842532537824,1.2652079856936775,-0.48079129259192,3,False,-11.353345221700229,
SYRMA,791,0.09131946446249445,0.18470146313616817,-2.043611023682901,3,False,-13.169999061297277,
SYRMA,846,0.33856668901955644,0.8181985628516916,1.684591420666992,5,False,2.5276737346467515,
SYRMA,848,-0.3413159638868485,0.2824987606925559,0.2714734973770172,4,False,-2.886038193109375,
SYRMA,849,-0.32045950203322404,0.4343055727241057,-0.08340084710118933,3,False,-5.415120927156114,
SYRMA,888,-0.6152106887431097,0.01627533575240064,-0.12502543634440588,3,False,5.840749879263174,
TARIL,1105,2.624078188235068,1.4868653972591186,-0.13109234218499077,2,False,-7.56271605109694,
TARIL,1140,1.406525920310657,0.4924263767360183,2.6088276824610457,2,False,13.838152774187297,
TARIL,1141,1.4510833334429287,0.3576840885331874,2.2362440552986085,2,False,9.558243632674124,
TARIL,1142,0.061659352099040055,0.019104608118689696,-0.9125563681590676,2,False,5.343820172521996,
TARIL,1144,1.472689850340995,0.5769369423196188,1.2028582681147038,4,False,4.041884302186638,
TARIL,1185,46.87069323638797,2.0623975046137093,6.886322850678628,8,False,-3.651344633925091,
TATACHEM,21,-0.2567856537221563,1.105660911720642,-0.02609293137281199,3,False,3.129231107411834,
TATACHEM,22,-0.30585591484393126,0.8369152166341995,-2.4395925947778285,3,False,2.1502993624774813,
TATACHEM,93,1.4638664016147902,0.47105710721000615,0.6529493117774843,5,False,-7.542205264768165,
TATACHEM,139,-0.06497627972218538,0.5294195577841411,-0.513139740136892,5,False,1.5658002946863814,
TATACHEM,166,53.116791608001044,1.8412546837533348,1.8591538386057316,6,False,-7.764709595907515,
TATACHEM,275,1.0692251985101344,0.8511444867091755,1.24589918047473,5,False,-2.9519759717243743,
TATACHEM,276,1.364287294767384,0.6616551436787105,0.3515440380328583,5,True,-4.454193833533027,
TATACHEM,476,0.1939113946762031,0.04540160724042033,0.012299115857561382,10,False,-5.213243379005251,
TATACHEM,477,-0.04753279149631443,0.4110902854304187,-0.39539422352449227,9,False,-6.7315058737754345,
TATACHEM,624,5.513036578775013,3.081823860337629,8.072536045291967,7,False,-5.422193289027211,
TATACHEM,625,6.510141340420075,2.718155646794156,8.800473394380614,7,True,-9.514240512311979,
TATACHEM,643,2.9118943915133384,0.7603934551852001,-1.3899699578804325,0,False,-6.6489412750229455,
TATACHEM,687,1.929699306315525,0.3217903642015985,-0.2622797933703125,9,False,2.4362153963463973,
TATACHEM,692,3.805349875463764,1.0925374043655092,0.812880286888662,10,True,-7.486273636208763,
TATACHEM,1168,3.092640904454833,0.4604088054274691,-1.7322804040819428,2,True,-8.614408273592655,
TATACOMM,151,0.9414722493386256,1.3843777490991331,2.5926269274744396,5,False,-13.51472451407557,
TATACOMM,152,3.5290069758071123,0.2254650203706864,-0.10512550135296506,5,True,-23.11137402066119,
TATACOMM,569,3.9251167392823976,1.2113015496491666,2.6615620487974834,9,False,-2.66018331889899,
TATACOMM,570,-0.013487842656458509,0.7536454303760155,-1.1180348579048371,8,False,-5.464434726692769,
TATACOMM,611,2.014858665914714,1.1843650471023943,1.1716097753616816,6,False,4.409369284296383,
TATACOMM,720,3.2643331841619556,1.5070170758398331,2.5441746241485097,13,False,-1.1542690503729802,
TATACOMM,879,-0.17739688193156655,0.5763381534321579,1.2336480280817463,2,False,2.8765221586569023,
TATACOMM,880,-0.42671754761432806,0.1060001608663008,-0.8055696748455743,2,False,0.5036735825516558,
TATACOMM,1017,112.45914235630691,2.944907833518959,8.951725632486006,6,False,10.746035629813488,
TATACOMM,1020,0.9142712600286614,0.15011276017652564,-0.12972505501475107,4,False,-5.529082283303288,
TATACONSUM,135,15.986084385165958,0.9507528843084281,2.388398295250571,8,False,5.629924301922529,3.126976799849568
TATACONSUM,309,-0.012585127937260373,0.9485644877237711,0.09987433600835427,19,False,1.811142883825867,0.18077370583371444
TATACONSUM,311,0.7810496273009594,0.8249273163601624,0.2561969306044354,18,False,-1.6372808391188265,0.7280385483957597
TATACONSUM,410,1.113323775203983,1.0067804194204097,0.6754860126240381,12,False,2.9877678795639184,0.1766236567838364
TATACONSUM,411,-0.2928934314725197,0.8664648781093002,0.16672312668966072,11,False,4.803090610241534,0.6981115782901393
TATACONSUM,412,-0.5638016536489683,0.45872286354233827,0.6355149885709066,10,False,3.9358025383262607,1.1756855849229586
TATACONSUM,413,-0.4566287982741186,0.8816870316344411,1.4014861100949627,9,False,2.611130545190732,1.1803758220742866
TATACONSUM,701,5.403910535917224,1.3225650972072918,0.8618549166220291,6,False,3.492615145768596,0.9674436249752283
TATACONSUM,887,9.287247593853202,1.647447060196514,4.1786095308555815,8,False,13.246570220020605,2.9238070155687135
TATACONSUM,889,0.5942046890414154,0.8137154054330376,0.6684758570262073,9,False,7.881892451541428,-5.702827411419986
TATACONSUM,1144,-1.464679190982549,0.6353074082925038,0.6036660433996532,8,False,11.967827969492962,0.7798546003933593
TATACONSUM,1145,8.033318076130314,1.2020944251937977,2.3687429388730585,8,False,10.394260114101495,2.3166313252648063
TATAELXSI,137,6.888317528737975,0.43363478266422395,1.4372581536760798,4,False,15.17447324846961,2.64179786936376
TATAELXSI,177,-0.11322076154180104,0.43404837285351877,1.6308145185283118,1,False,3.69349470192315,-2.73785412605293
TATAELXSI,179,-0.5999652328893151,0.23797396551749334,-1.5113818994801131,2,False,0.7189068263225629,-1.422992165744974
TATAELXSI,181,-0.7614155422065355,0.36919527381082734,-2.3800966096378384,4,False,-3.1955817455844637,-0.9534428662903105
TATAELXSI,224,0.5330191080071441,0.6487493115011249,1.3429307758934472,9,False,6.829222900405685,1.3272234890642887
TATAELXSI,225,-0.008092733047810914,0.6084142278270106,0.2630378747587203,9,False,3.91765816455667,0.4464111664283399
TATAELXSI,738,12.350451967942353,4.458757478121406,12.42779040095494,14,False,-3.409901404109794,11.533015025627535
TATAELXSI,900,0.5562046947709549,1.1113935767323295,3.699167278865012,1,False,6.888293410117696,4.251131416966425
TATAELXSI,1077,80.36471470876238,3.41682111243718,6.207360208168611,5,False,-2.965341070701921,6.207360208168611
TATAELXSI,1142,1.6256688826569892,0.0032791298759339877,-1.5076376172604267,5,False,-0.2594558584221085,-1.7263945760178534
TATAELXSI,1172,12.328319372219843,1.9625422902784058,1.879512276755957,9,False,-8.33474431189407,1.1104131834141606
TATAINVEST,739,3.1615475680941985,1.1015986911366353,-3.4977581431609006,5,False,-9.299606608576038,
TATAINVEST,872,0.14835679773392396,0.7412352240233969,-2.372900610848594,2,False,-4.1137311990200764,
TATAINVEST,1107,1.4581235705163536,0.5923768915576022,-3.2211739670372164,2,True,-14.9233234671296,
TATAINVEST,1245,8.261709629836403,0.8430886293569254,5.206957525035794,2,False,2.8636549878184203,
TATAPOWER,141,2.6322049222913324,0.7443629974946544,0.36153328036796495,8,False,2.854856106000936,0.5710563143562108
TATAPOWER,142,0.781146833112844,0.18684228189996127,-0.3530042305007641,8,False,1.3397728982647683,0.14244258035871482
TATAPOWER,219,-0.4536498129836484,0.502879568775721,-0.14246205961837566,8,False,3.008600735309397,0.7229685814603926
TATAPOWER,220,-1.2206323355997404,0.14160257505769477,0.206309797212878,8,False,0.40425770326759647,-0.29956453175619124
TATAPOWER,232,0.8609570490291358,0.08272646664290947,-1.1353488965429204,13,False,-0.029763106044300436,-0.5825560012936104
TATAPOWER,291,1.0973065429074267,0.7607802737457812,0.1977041011169467,11,False,-4.060482282144806,-0.06300375850006867
TATAPOWER,413,0.931026338168959,0.05895198546025514,-0.3987766722260866,12,False,1.8474977768454526,-0.37409084756586664
TATAPOWER,414,2.3225731419660507,0.584514313711587,-0.08077076244931147,12,False,1.1449312461538907,-0.03174717075998812
TATAPOWER,475,16.60377418716856,3.0646654928197634,3.908582181826903,9,False,8.226113409719215,4.7499512957934975
TATAPOWER,476,0.2548405888619674,0.033557770418593716,-0.7072563013066469,8,False,2.145261522409947,-0.4136161725875831
TATAPOWER,477,0.7189130699879825,1.4571109059765455,1.7932522987891497,8,False,2.2930605983085384,1.9182043736689858
TATAPOWER,721,2.219590542336443,0.7529628095541928,1.5581420144299196,12,False,-8.599855184072746,0.6615248576827382
TATAPOWER,722,0.8625582896798786,0.0038516860596466544,-1.6722761480649884,12,False,-9.756787712302195,-4.737342768489416
TATAPOWER,752,-0.5883429867103637,0.014083275683571294,-1.8807209316304307,7,True,0.5758587041825525,-1.8807209316304307
TATAPOWER,880,0.6263476181431595,0.8329319736693673,0.7502541614521352,5,False,1.2148469013270713,2.210402772487674
TATAPOWER,881,-0.06445237618293542,0.1604772555584509,-0.13274973160929404,5,False,-0.5496168522793554,0.31018152314099545
TATAPOWER,897,0.5946827180249431,0.6432464871668075,0.18172758391317156,11,False,-0.21556935791202658,0.7328088157953383
TATAPOWER,914,6.730432819287345,0.3962153049421609,-0.7344779496821663,11,False,-1.8320296699943173,-0.7344779496821663
TATAPOWER,915,1.0426320152057256,0.6179611757484375,-0.054187529439753135,11,False,-1.5935205672211405,0.43839904265028373
TATAPOWER,916,-0.6281382182565676,0.024521411938902473,-0.9102806465699165,10,False,-1.371613308074715,-0.8617236037192333
TATAPOWER,1120,9.237882146926301,1.6914554216508324,1.9488529065460947,12,False,-1.714355050979155,1.9488529065460947
TATAPOWER,1139,7.357307373463408,1.1820560670676246,1.5354228148536375,5,False,12.357114468769549,2.8865870445710096
TATASTEEL,94,5.2736251152328695,1.9096949447109348,2.711291146631334,5,False,-7.545959691513193,2.025796564606974
TATASTEEL,96,0.5204575695604126,0.414765917587053,-0.21757701873876822,6,False,-1.0411517264460102,-0.1972906771133931
TATASTEEL,112,-0.6878564555938307,0.21080331352365062,-0.5015801664983943,3,False,4.95216962620153,0.12112388768859006
TATASTEEL,113,-0.19611639040042522,0.4544211300399849,0.6595850091919431,4,False,3.965582109124499,-0.09434190972418266
TATASTEEL,126,3.579290531509103,1.369856801102563,4.729412170651859,3,False,9.700471256599673,6.081840677035744
TATASTEEL,127,0.9090917317313602,0.054758311369380114,-0.21422963814876628,3,False,0.19921043926978133,-0.28313437059711566
TATASTEEL,228,2.2384504083006873,0.7513668179007529,2.232770167203002,12,False,14.763546491734147,4.932491154321728
TATASTEEL,229,2.397792076487893,1.34505521885039,4.965367743752913,12,False,9.891719369699459,7.794361525704829
TATASTEEL,230,0.6771492924769913,0.6330497557953139,-1.4533945300402973,12,False,-0.5885541193604849,-1.6809848429039542
TATASTEEL,298,1.539645430750312,0.49748588736831734,-0.4975124378109319,8,False,2.4630421647610534,0.3814002246191661
TATASTEEL,299,0.028308258505389733,0.07687778378176688,-0.03770425680985623,9,True,1.8475120917410104,0.23818345823720666
TATASTEEL,415,0.4356229148159874,0.5300914660444341,-0.45268876181452367,14,False,-6.010489467866886,-0.6319766266674742
TATASTEEL,638,-0.4950542321403395,0.6689328457617417,0.6324638525005755,4,False,4.054669878212058,1.2458775824331303
TATASTEEL,684,0.30087798760413303,1.0183119071952276,0.17442162784866433,9,False,-2.530112345623381,0.9079586920384353
TATASTEEL,685,-0.21282435681807313,0.012063444587923156,-0.14303688272132575,9,False,-3.327781235188476,-0.02672076168328541
TATASTEEL,686,-1.2940088722949667,0.12960620058612105,-0.9182556447047463,9,False,-3.628486231267125,-0.41555326527329406
TATASTEEL,759,0.23824951748295298,0.04639636765877505,-0.3989318656812513,11,False,-4.114101392226166,-0.18945520077628952
TATASTEEL,760,1.0329227721299523,1.0057288835649953,1.2883814531903681,10,False,-4.8154625805436835,2.138516033708049
TATASTEEL,761,0.4136715759258285,0.12584139889944126,-0.10765390696457766,9,False,-7.017051881699521,0.4621294746163018
TATASTEEL,762,0.7947443238337608,0.29331589795272006,-0.7683265643433912,8,True,-11.459798058623926,-0.21491206653586614
TATASTEEL,863,0.9729510576317562,0.7007502448903796,0.5814693189963638,10,False,4.397228295517475,-0.8119206062372153
TATASTEEL,911,2.3578675261104864,1.3446204007397071,2.6714051598161204,9,False,5.163194428650475,2.9219355123889734
TATASTEEL,912,2.311515183898126,0.5786224095851625,-2.1477045984769183,9,False,3.0386136207589898,-1.1196056357383077
TATASTEEL,913,1.999197898998067,0.921773114552309,1.0113768578699611,10,False,2.8779801861785526,1.1349516986046027
TATASTEEL,949,1.9337088487116518,0.026743218911214825,-0.6412357371679223,4,True,-2.0964981095291657,-0.6412357371679223
TATASTEEL,991,18.119102015452537,2.5916419723136883,2.6142400362821228,10,False,5.163547021681447,3.3172829045756913
TATASTEEL,994,0.41040173711408967,0.33095263065176955,-0.7796197505601232,12,False,1.1011106144840355,-0.497512437810943
TATASTEEL,1072,2.2475348046939434,0.023163612036034398,1.6070741266409838,11,False,4.789347728547377,1.9004776812881818
TATASTEEL,1074,-0.40777307342891644,0.2683495303031021,-0.12614864974789253,11,False,3.3526129887564426,-0.12614864974789253
TATASTEEL,1075,0.14592196231914148,0.8522812269710268,0.514558052872327,11,False,2.425048387225459,0.6660977544197255
TATASTEEL,1137,0.35487008423534167,0.10556515332101815,-1.0760138183730894,5,False,2.317873698068018,0.2641838664127816
TATASTEEL,1140,-0.1338864162302546,0.045184609972310566,-0.6308166246741687,8,False,3.354041437735078,-0.14044609488442772
TATASTEEL,1141,-0.9718863589342399,0.155265894416662,-0.7142791693319772,9,False,1.0764372281270917,-0.7142791693319772
TATATECH,179,3.1929391636002054,2.241373410531467,2.7261101954821454,15,False,0.9414402362307284,
TATATECH,180,0.4282322684644392,0.9967891775440827,-3.032259764580425,15,False,0.010338947903898443,
TATATECH,355,0.2910852730071346,0.4017597816196628,0.5357753287437816,4,False,6.763404669264994,
TATATECH,356,1.356583805891781,1.1458877437991988,3.349358984879802,4,False,4.388493854206588,
TATATECH,357,0.7812819198575737,0.056665788404470875,0.24129887493051783,4,False,2.352197542694001,
TATATECH,659,8.473203079235237,1.5840136622166365,2.6463548144693316,7,False,1.6154747498031252,
TCS,80,0.0333074279600832,0.21790116047580288,-0.48667160468599535,15,False,3.4942438061700942,-0.4839580872371463
TCS,82,-0.8224511923339306,0.05643590115216029,-0.45588390495229225,15,False,2.530532224169302,-0.83992990513021
TCS,286,-3.3728024572624586,0.14251919839297836,-0.45658151250150825,12,False,2.628864659631014,0.13532194354586302
TCS,699,0.031198233001707203,1.3283901203950348,-0.040204252176612165,14,False,5.129659664116293,0.34675354681767967
TCS,700,-0.3604120889339007,0.34454406120665715,-0.10713229555439074,14,False,4.034149823748168,-0.042480725507088035
TCS,702,0.17466646882272654,0.30082164654704324,-0.6247950125296442,15,True,3.4036517155281,-0.8954160487329776
TCS,799,2.493848587140212,0.3710745045476587,0.9090997750462959,8,False,4.392305380507011,1.0482343413046324
TCS,800,-0.32837100115357526,0.34448716122449824,0.06804077395401453,8,False,2.627954563353274,0.21172750328830592
TCS,1001,0.35402876875199385,0.44993521132299397,0.22269758597885936,14,False,-6.581381904959316,0.608070757324497
TECHM,34,6.924843596761872,0.8797186715256884,2.9922197831952824,4,False,4.832442048782415,3.320115566056314
TECHM,39,6.3026641724803225,0.15562125020139256,-1.3306415068252142,2,True,0.03897417448122109,-1.4221644340342343
TECHM,139,1.0609970173942969,1.1281487038537963,0.3012722613207508,10,False,-7.732216386015001,1.0707170329870896
TECHM,256,-0.07946582514915428,0.8019883670913488,2.1406542333958667,6,False,-6.3314102163252395,3.350945992859211
TECHM,257,1.364918860279559,0.3308499441937302,1.0622254456247315,5,False,-11.644144124249145,1.580675676149168
TECHM,288,0.4355016325966423,0.6591742096923743,-1.4274872794464488,9,False,-2.801831030305413,-0.9556270214305829
TECHM,313,0.9668840151185117,0.5760979126671768,0.11318461870062357,9,True,-10.573937130234457,0.5846752840948266
TECHM,349,-0.7159394971149149,0.6011303031785712,0.23641121373041418,12,False,-4.7740034773678826,0.6786398974395258
TECHM,350,-0.5063611097157241,0.03143737684726665,-0.4044846799263313,12,False,-0.3300579312476626,-0.9254378528946283
TECHM,366,6.761144825645283,1.9855767326077183,4.616452620617872,3,False,-1.8859192410042636,2.566236314792336
TECHM,368,0.01749188270619221,0.5126547518508316,-0.22283288356790276,3,False,-2.7429784078249253,-0.06586401413417597
TECHM,382,14.74881342618209,0.2784608967799819,-1.125394166056215,5,False,-3.76775195015282,-1.6311954687561303
TECHM,427,1.8005187247593042,1.3610194020849473,1.8730174086116325,12,False,2.823080426373359,1.8315145016516432
TECHM,428,-0.6252166994614853,0.5514207805750531,-2.2851389456520987,12,False,-0.11220416292130331,-2.7555681254185616
TECHM,483,-0.07613650434047792,0.6601929738150761,1.0745737933056665,6,False,-1.069561045943146,0.41610751452192396
TECHM,594,-0.28131015798385506,0.7739507431170239,-2.971760930342038,2,True,-8.207799787075142,-2.52448416697284
TECHM,684,2.9063679808485925,1.2978245564365496,1.9142189118302566,7,False,1.3963620992389458,1.9142189118302566
TECHM,688,-0.5683445995649022,0.25654051296877156,0.07528981968327741,9,False,2.8708737269481865,0.5112021355928809
TECHM,732,-0.5385549105696137,0.16837925433146256,-0.14371037111092777,8,False,2.705479801374655,0.2539223329544926
TECHM,903,-0.4210060516045967,0.585643350625578,0.5311314258521715,4,False,5.761730239743024,0.5311314258521715
TECHM,905,-0.9341013603310505,0.2353734567284304,-1.5973924857082933,5,False,3.6056100714535244,-1.2746729976510496
TECHM,1048,-0.6139861150896676,0.8093355939630011,-0.06369425346163249,11,False,2.6904057093063205,0.10720284658933821
TECHM,1136,0.006041973454966454,0.7107960575336152,-2.5520156025498286,5,True,-0.3766559356976784,-2.511732833806668
TECHM,1172,1.226441840461624,0.19411294980879606,0.06925528606966935,5,False,-9.852339863184067,-1.35084732587063
TECHM,1200,-0.13359864169931038,1.2719566462765364,1.2248901656654487,3,False,5.82694065329743,1.5276565370483164
TECHM,1204,9.45396031364377,0.6739645572626242,1.740531852062488,6,False,5.770303346945371,2.0445407048078623
TECHM,1205,-0.22815733497605484,0.025065991361152496,-1.0373982193723652,6,True,2.653919749635114,-0.9997331952226074
TEJASNET,888,4.4590703692834355,1.7266434053212016,3.2612958557055816,1,False,4.734184808926911,
TEJASNET,1113,2.4385498206057763,2.293461650131444,8.94252452260722,3,False,-9.915078607124595,
TEJASNET,1114,1.231153487930554,0.6648896908809642,-1.1503805617409713,3,True,-16.17615235810884,
TEJASNET,1154,22.528110935519138,1.4653739189878812,6.442386728489513,4,False,13.577608493330118,
TEJASNET,1155,3.9728081193171523,2.368475533441542,8.55927583866809,4,False,5.913474336403524,
TEJASNET,1238,-0.08558418067185032,0.6953992733900709,-2.1189387683652416,4,False,-10.088109843277183,
TEJASNET,1239,1.2561261805544393,1.7958788581113918,5.379294003865676,5,False,-11.067191037003854,
THERMAX,959,14.740201183082899,1.4513627543365182,3.1910079265734304,1,False,-6.02100254000878,
TIINDIA,687,0.10202037424400297,0.39942086010427913,-0.617924247578161,3,False,5.25555300084557,-0.1423525341019194
TIINDIA,756,4.508363958860744,1.8767054626538928,2.491058112796818,11,False,0.9794576258426835,-0.03782563370353653
TIINDIA,773,2.9046584717209596,1.1748223324511369,2.008136695782481,4,False,4.81569867282905,1.7684349912370223
TIINDIA,906,-0.9384041078888476,0.7797741482677493,1.4420874504288639,5,False,3.663125193143424,1.5573746477878458
TIINDIA,996,-0.14900068087209167,0.5732459158033911,1.2265746004646694,4,False,4.950095361439666,1.2265746004646694
TIINDIA,999,0.9093674923525317,1.1004768256760442,2.3746328985822407,5,False,-4.492870077335709,3.1651558160119775
TIINDIA,1000,0.08811039935949315,0.25217565212253173,0.3871114103560558,4,False,-7.344499582806041,0.257369458926493
TIINDIA,1107,0.6333332663484947,1.159705584876203,1.9388023759224993,0,False,7.24113382485847,1.9388023759224993
TIINDIA,1108,0.1735265744716846,0.5056941347848851,-2.5090558912132854,0,False,4.427709017724868,-2.455316012529929
TIINDIA,1169,2.3298917901286096,1.4331551655610173,3.049269780131625,4,False,4.525758305247973,3.8998555609051744
TIMKEN,304,1.2127231645128351,0.6760299810425706,-2.110221823593994,3,False,-4.9653572695919195,
TITAGARH,547,4.186497002709766,0.6580819168302686,0.0037948232045170727,3,False,19.16945611508083,
TITAGARH,548,1.1039188240888498,0.6346872236875069,0.08745018459144216,3,False,15.178268327491097,
TITAGARH,914,15.956574219967692,2.4847456883111314,10.439348281047822,1,False,13.832927943293228,
TITAGARH,915,0.9759383411458188,0.28753748774464927,0.8587498738634292,1,False,2.6886311415855957,
TITAGARH,944,0.3695817887998509,0.193484081453548,-1.193965116424578,5,False,-2.2808460687476106,
TITAGARH,995,2.4043182406992454,0.6455577244033738,1.9938317279104556,4,False,4.0867926157434065,
TITAGARH,997,0.34198148725911753,0.865325553302118,1.0440243946192362,5,False,-4.909677384422362,
TITAGARH,998,1.9264201527833444,0.5796808091878282,1.460438430746147,5,False,-0.7917402236131021,
TITAGARH,1068,3.790303324155817,1.5512819708140992,2.8180933057768254,2,False,-7.941874526226966,
TITAGARH,1069,1.2200539181952317,0.2927923944802655,-0.32179328677388597,2,False,-14.736474845865855,
TITAGARH,1140,-0.23315013034360796,0.46891395952423215,0.7941080595690986,5,False,9.111036547068085,
TITAGARH,1141,-0.3578997551955456,0.14508584448269843,-1.5536486070357403,5,False,6.05184860649608,
TITAGARH,1168,-0.017333062816419886,0.9469303245135424,0.35536747299589333,6,False,10.471449370520936,
TITAGARH,1169,-0.20300885646793532,0.7717905181447667,-3.3690121674092466,5,False,7.894756728925123,
TITAN,85,6.93610393959939,1.2277856310682762,2.5265788030334635,6,False,4.989757096868597,2.0225669040419003
TITAN,87,0.15207991389058742,0.9552375139157684,0.9485174285680964,7,False,-6.084266459215105,0.6749442106045
TITAN,88,0.4430237640169526,0.002506631188500251,-1.2183940193012721,6,False,-11.421903860707495,-2.6045499282847717
TITAN,125,2.2136124904906875,1.5195988373624882,-0.1426346561527181,8,False,5.9922064554077,-0.007352400558768846
TITAN,126,3.310027226724654,0.5541401739807886,0.6280594028157616,8,True,4.911058110825417,1.689593877307649
TITAN,137,5.967073340082927,1.3001821972641274,1.8846953957718071,7,False,-5.391976976034485,3.2793434644523556
TITAN,138,0.5311898187108632,0.41801338558711393,-1.0239674027282986,6,True,-8.972025329044186,-0.6949308182327973
TITAN,219,-0.13415283961165742,0.8439929462277223,0.2279745007785161,5,False,6.42099187589511,0.5163432943938284
TITAN,220,0.01726341586518077,0.6446753513693214,1.5123661631976981,5,False,5.484482996287809,1.287788511489274
TITAN,624,-0.36145032717544623,0.7742193201659937,0.47141083137571815,8,True,-1.4361182338506029,0.5056869554750154
TITAN,689,0.9073263408768826,0.4797704497653613,1.0177306411701226,8,False,-9.680556335738666,1.7259893907022983
TITAN,690,-0.4721419176508678,0.405707894163076,1.0224689846383361,8,True,-9.500590334219982,1.1913558093549215
TITAN,732,0.13366128674915959,0.3728043232857682,-0.8708664920009102,9,False,1.8628071384795053,-0.4374287819301048
TITAN,807,2.529776766139964,0.8373308418614003,1.2098846244134265,7,False,3.2040535618170107,1.5893030023361066
TITAN,808,-0.034730502117248555,0.20631847197607334,-0.3625551056699705,7,False,0.7500787898949035,-0.43721205493764126
TITAN,894,-0.3914956220341056,0.03965422422441993,0.44916135889521147,5,False,2.1093035966687435,-0.2688995674910766
TITAN,896,-0.30655728506841956,0.906760464673711,0.7591379681022747,6,False,6.294457379206375,0.35034807702207793
TITAN,897,-0.9292450705123256,0.2634103678905803,-0.45872207843205004,6,False,4.738989394825399,-0.45872207843205004
TITAN,1136,8.528111588318739,1.0707645982736589,4.984836568627671,4,False,2.4773568893927678,4.575880610931304
TITAN,1183,-1.1516915536747712,0.40113552305816247,0.3385466772949375,9,False,5.462562768856016,0.3270938127044376
TITAN,1185,0.32187344516630717,0.585586656378601,-0.27414170995925247,10,False,3.8842114893221202,-0.6035625796752986
TMCV,177,1.9273683119230802,0.964426329456736,2.1783189504992917,1,False,7.2138443986809575,
TMCV,179,0.3349423155255736,0.13436728842270582,-1.6768645412407746,2,False,3.6957402260509475,
TMPV,86,3.5473027046261776,0.27613604887861365,2.3830392749457863,7,False,3.6381380627535487,2.2184325524684523
TMPV,295,0.5367072860948129,0.7076150915194798,1.60465279237616,6,False,1.1725396249934406,2.5856660843742274
TMPV,296,0.5574566149244288,0.6358491060912672,-1.4868528451492447,6,False,-0.06538873711796622,-4.363894811655989
TMPV,350,3.904466041677011,1.2163362512420581,-0.10707605930291297,7,False,5.4418764923339635,0.27153175856746703
TMPV,351,0.9844038008590289,0.47200012015948817,-1.659159909657204,7,False,3.632780931079438,2.787947057167006
TMPV,352,6.466519899039267,0.6495753051555011,3.776030579348011,8,False,2.4485516004493446,3.776030579348011
TMPV,355,-0.15328480142900316,0.7958421373115235,-2.2805922269115486,10,False,-6.043655133816794,-2.2587125955608522
TMPV,399,23.66502159877823,0.794541971074286,4.485539661429749,4,False,9.55919823777236,5.040473228312137
TMPV,527,17.21652022762587,2.6422657686361677,3.6833891874570535,9,False,0.4117145410704959,3.9087559772791325
TMPV,528,1.3475297241598694,0.1831335333460888,-0.9139634849621325,8,False,-4.067108404167485,-0.34877927254607366
TMPV,909,2.0527337331973037,0.7378862186160972,-0.5048048418524798,4,False,6.088382156569816,-2.7413851613950713
TMPV,910,2.717075017566616,1.6534768534131563,0.06744135956131547,5,False,2.8357115184810544,2.821591121751088
TMPV,911,-0.057070050337609306,0.2914554426586821,0.8739688047762373,5,False,1.8955819476369928,0.8739688047762373
TMPV,994,5.33155476295028,1.5405552267705753,1.3549122608907727,9,False,-5.265908970883892,1.5873487858603763
TMPV,1100,-0.5475159571241645,0.20398413898121914,-0.47163917750595585,6,True,1.30056466993127,-0.3940272920016086
TMPV,1140,0.31419014045212523,0.46582690696906126,2.6872576260064562,1,False,3.074596063873236,3.289783112023281
TMPV,1167,-0.2939594714758232,0.6971643893539681,1.2107977847218843,8,False,6.7289233109396385,1.3463782238172906
TMPV,1168,0.40026479734112136,1.1217532333353564,2.506441524430758,8,False,-4.046419258588063,2.5596038974375013
TORNTPHARM,807,-0.3373388737696771,1.0254679904541364,-1.4793484711933536,6,False,1.6757128157079304,-1.2639278524534725
TORNTPHARM,880,3.1984263824292545,0.20210143584962262,-1.1035145872083318,7,False,-1.1157925431376947,-0.6785504859775471
TORNTPHARM,945,22.576670935576306,0.12700422924373347,0.9036729053896186,8,False,5.831996245064519,3.156448410451551
TORNTPHARM,946,3.3609631878566604,0.10528456680995958,0.4217865711971802,8,False,3.2621935527058277,2.4283394643049183
TORNTPHARM,1154,0.28113087755437255,0.5847534655980716,0.8515516530718692,10,False,4.526208438186985,0.8908943653824108
TORNTPHARM,1179,2.2478144543357295,0.7918969165646776,-0.5584058872304953,5,True,1.2989717566538994,0.4703259657994341
TORNTPOWER,752,0.2824114533233273,0.17629072560126624,-0.22858406009786947,4,False,1.7799529612109843,
TORNTPOWER,754,4.396805150846596,1.2198187350885836,1.2254529674816883,4,False,-1.324956733601712,
TRENT,366,-0.28325866873794914,0.3342258199687396,0.27490818784403626,9,False,-1.350851523494001,0.04686198959593657
TRENT,367,-0.34539520034097365,0.016906184207342547,-1.248678241610135,9,False,-3.901355687939756,-1.292222416137745
TRENT,539,1.8042694324309605,0.5926819955440581,1.003063313628183,5,False,2.636928575224351,1.5706685969689715
TRENT,542,-0.4873804579949085,0.6871472645266163,0.5470363644166198,7,False,15.218029707936577,0.6033160519517855
TRENT,543,8.940819564741153,2.7594650966947225,7.412170942216112,7,False,13.396502184163793,8.564281686645824
TRENT,604,22.43223460242508,3.8722304924648014,8.93936991823887,12,False,18.52120426179047,12.800190176771697
TRENT,605,3.321661406504731,0.7103805111165353,5.176103218032924,11,False,6.267027888476373,4.027693569151691
TRENT,610,-0.5800390281174868,0.14535309737598148,-0.4433621704475921,10,False,-0.4546952323088882,-0.006359797015420554
TRENT,611,-0.6783435320329567,0.37593053066240756,-0.056725008487856776,9,False,-0.550907228882247,0.5243669802734274
TRENT,720,4.97508985205276,1.2675992886054226,1.4758674088703128,11,False,9.059187267341496,2.4317113389076273
TRENT,727,16.195848039061186,2.218077453452708,5.4876363156922014,6,False,12.456152550021304,5.951589564281079
TRENT,728,0.09531499973945087,0.33653808347147024,-0.3648185194852327,5,False,4.4363566174895785,-0.47956125573044295
TRENT,731,-0.2773602043769072,0.29109387103754286,0.27975285296626407,4,False,7.796414774970484,1.3993886734955163
TRENT,732,0.03680832633553127,0.5301338138574194,1.6587785316507064,4,False,6.2160152914034095,1.9642167902090168
TRENT,826,0.19846152274173676,1.0164700445007036,0.6991583415518532,15,False,-14.384396756282857,1.098048601339463
TRENT,886,2.7961404242800674,1.1079876372861122,0.41720933046835995,5,False,-7.357055273186042,1.385950308500905
TRENT,887,0.13585532041667608,0.25639224852016923,0.699537111507853,5,False,-7.682492110444317,-0.23081496915279276
TRENT,888,-1.4309436449320498,0.2285346225875564,-0.9634429625373531,5,False,-5.915878342416281,-0.7418187909976504
TRENT,914,2.4933892546074734,1.00274055819617,1.3098072979389475,5,False,3.0444709639099177,1.609513585776856
TRENT,1141,-0.12318908690532833,0.44548423599845166,1.6000250499891733,3,False,5.568684979663763,2.035460328468308
TRENT,1181,2.784259428799621,1.2253886914167509,1.0548910813659385,6,False,8.080766063500322,1.5564872048866585
TRENT,1183,8.346655133412339,2.061017551082938,4.851867300553603,7,False,12.11728921458677,5.60206270397039
TRENT,1184,1.1603664422345945,0.5728444496716957,1.569198986508069,7,False,5.980532292889484,1.6426694776518813
TRENT,1185,0.18910803106283863,0.25239643416900526,-0.06733098828771711,7,False,3.4239843647715595,0.05735884575011063
TRENT,1186,-0.5738492120307509,0.3152729873122854,-1.6783842250285175,7,False,2.562866001117925,-1.9411439899870597
TRENT,1188,0.9919131643172358,0.904869321130074,-0.33790725889483175,6,False,1.835200542886306,0.36804535368459845
TRENT,1216,4.873424007127525,0.7059851801424426,1.3848772913098495,5,False,-4.412364407470825,1.3718309706590048
TRENT,1217,-0.1993545694959682,0.31146954354215023,0.0782010871390515,5,False,-6.983886380636994,-0.2096556753359513
TRENT,1218,11.483483881635763,0.16358504503995713,-1.549474886360258,5,False,-8.79282043298868,-1.5684893781758968
TRIDENT,584,9.0054885825548,3.5968912387007586,15.28894596944368,6,False,13.85380841006194,
TRIDENT,585,1.791379579035518,0.9037841392032308,0.7196480353603762,5,False,-5.771851272814931,
TRITURBINE,729,5.338768775172076,2.1783364701505223,8.078159342834489,5,False,5.13263126561776,
TRITURBINE,800,5.857274850293915,1.3569766353379686,4.041974418141692,3,False,4.660703536371136,
TRITURBINE,913,0.9142570157613832,0.6765868659591907,-1.3140929939415735,5,False,1.6256033037231221,
TRITURBINE,914,1.7216182873495856,1.2632252432715143,2.7596614210144255,6,False,-1.925655859992148,
TRITURBINE,915,-0.3966019858511431,0.5065871503845469,-2.755278439196851,6,True,-4.90859842677378,
TRITURBINE,1143,30.433591292899234,2.2704296408035116,7.627807835831257,4,False,4.732578772809326,
TTML,251,3.675178015707279,0.42614334498887985,3.520857252200549,1,False,-14.734021028795308,
TTML,605,6.093957381728214,1.5413176484401045,4.5405881982492735,3,False,-11.883622950319594,
TTML,711,15.741721947739311,4.195166129477815,15.668222764879292,2,False,11.995276575166525,
TTML,712,4.096468801207735,0.6907390733455593,4.152324535374996,2,False,-5.249325798417215,
TTML,919,7.063159701032996,2.1294348782192474,9.200665188289992,5,False,9.513970868355258,
TTML,920,0.7151599480304723,0.2538972868266441,-3.9648864965746933,4,False,-10.373906792225673,
TVSMOTOR,177,-0.027968054841167423,0.13454053665861154,-0.803760127037112,5,False,5.540015758048478,-2.123555398792376
TVSMOTOR,180,1.3296135735577146,0.4720960734742307,-0.4975124378109319,6,False,3.4774377598528083,-0.6333488719217795
TVSMOTOR,362,1.4340942562614512,0.9311033428109403,-0.6683973069848026,4,False,-1.1302543997833148,-0.4282338738911595
TVSMOTOR,670,-0.38642751045420004,0.8365184316360939,1.1015461044243224,7,False,3.6031110867721816,1.7749570157748806
TVSMOTOR,848,1.2044567124654582,0.9982375715715941,0.12555945814918257,1,False,-7.296378980035145,-0.07821825898735035
TVSMOTOR,850,-0.09362142075796082,0.16899979490046269,-2.1114700921082696,2,False,-12.615127400802894,-1.7190831556503028
TVSMOTOR,887,0.14420062760276497,0.6345272171776755,0.6354006973338544,8,True,4.280058379093199,-0.41687833119651296
TVSMOTOR,972,0.030812083831412276,0.48492102334035186,0.012067397911907918,6,False,7.940752811812746,-0.09521127516057826
TVSMOTOR,974,-0.5420773499255334,0.906891800680513,-0.11300505511158132,7,False,0.07925268257680251,-0.06328364498582317
ULTRACEMCO,45,-0.05476515625004161,0.7361330388665429,0.41975560373683773,5,False,4.5725848858021445,0.5362424722474834
ULTRACEMCO,47,2.2401007560546957,1.48232510288637,3.0289551850572805,6,False,-6.7583574706535865,2.852728265093729
ULTRACEMCO,86,0.851150501622626,0.7542017348310314,0.3390892309618643,8,False,2.2383363248546173,0.6651577935117281
ULTRACEMCO,148,-1.142859541514011,0.6296273619577823,0.1694008290203053,6,False,-2.7336790400512623,0.5570743090043351
ULTRACEMCO,149,-0.16086553868841977,0.2509445745132207,-0.9730592579395014,6,False,-2.5807714074213117,-1.3580558559045386
ULTRACEMCO,214,0.4884226323591797,0.08484573112462716,-1.054170162201562,6,False,1.3741009503437374,-1.377828770715439
ULTRACEMCO,290,0.5860065332290749,1.6302765538968926,3.20578441300603,11,False,5.1746181770711,3.6515014564572956
ULTRACEMCO,500,3.6351602249322976,2.1957551358239455,2.1513223914815915,12,False,2.0215952608369614,2.14477849984529
ULTRACEMCO,543,-0.4415024801760228,0.32669030809737387,-0.08627383314638859,13,False,0.8472135349265386,-0.04888850544960688
ULTRACEMCO,673,3.430415890473904,1.3962098148180937,1.7080407478937243,6,False,4.703115624765641,1.6525413135328515
ULTRACEMCO,674,1.896193237611276,0.3405236331370615,-0.19265963552447252,6,True,2.138368737208718,0.26438140165343516
ULTRACEMCO,804,4.027910526305776,1.5177539839892111,-0.8503265989343145,7,False,2.855273594601848,-0.6273167949814584
ULTRACEMCO,805,1.047663735265418,0.607234654079394,0.11360522831513897,7,False,2.069452319261078,0.23059739766786436
ULTRACEMCO,807,0.30997173354311836,0.6623234414055413,-0.5158555384993657,6,True,-0.8018141383572264,-0.4641643062442191
ULTRACEMCO,884,-0.06469306273721712,0.7255518713212311,0.47784590042734276,4,True,0.5384811762117359,0.3557125142980233
ULTRACEMCO,944,0.7048250592258076,1.1694546994486714,0.5712304512619726,11,False,4.652650145752979,0.8152741030975186
ULTRACEMCO,945,0.6066441091817456,1.0097970028834036,1.3869414814796421,11,False,3.2381891643069594,1.4035445997112816
ULTRACEMCO,1143,0.07990635194829473,0.16051729267994627,-0.7722891817065203,7,False,-4.1112429484377095,-1.7464976373363195
ULTRACEMCO,1194,-0.9534656668454954,0.693470581636944,-0.07986451160335584,12,True,0.6787204972226402,-0.07986451160335584
UNIONBANK,674,1.566051814291361,0.8013007772509454,1.778688258056138,5,False,10.558319513543402,2.233926412540055
UNIONBANK,675,0.9927002696822795,0.4983712840641296,1.4038089805748388,5,False,1.4988711832457868,0.8967880015477991
UNIONBANK,789,-0.4372605112429231,0.2071803047872077,-1.7817846828844686,4,False,-2.0599043931105676,-1.331877809394666
UNIONBANK,806,0.9140884129302866,0.4282202957079278,0.9419321031637784,9,False,-6.3575379609794425,1.4610783970771202
UNIONBANK,852,-0.5161093122228104,0.39797724223604763,-1.0198982200812168,6,True,-7.048094134227945,-1.3266998341625147
UNIONBANK,853,0.16525376529910218,0.279397040488941,-3.0878677076426886,7,False,-10.30796456163461,-3.0878677076426886
UNIONBANK,878,0.9785600092786186,0.4081319348858685,0.2733035331900391,6,False,2.6527805894759338,0.5414137140708597
UNIONBANK,879,-0.8773707135769965,0.20234720986164723,-1.2514414143076524,6,False,5.475950121230833,-1.0774578043468597
UNIONBANK,880,6.233284469991497,0.7821062017136015,0.852454658303281,7,False,4.79534858078523,2.07072086413842
UNIONBANK,881,2.101879863351223,0.8453766768882722,3.1104631998322807,7,False,2.989117468425184,3.8304462270077666
UNIONBANK,913,0.2203318819924516,0.7612814402422484,1.8268433559837316,6,False,3.3663648991870243,1.728744832291218
UNIONBANK,916,0.0675314035753311,0.5419449512742579,0.8349768688023174,8,False,5.288885844076319,1.8067324955700625
UNIONBANK,917,0.18999934272187138,0.03187924862160942,-1.1118139321417475,8,False,2.159697663303062,-1.2118159940371243
UNIONBANK,1075,1.9743962377519186,1.2668449585918067,2.834012181282719,8,False,13.54430730346703,3.61939490799823
UNIONBANK,1076,1.149896979672886,0.6030463054877497,1.1813134507340894,8,False,9.441136077158152,1.6452765246352419
UNIONBANK,1143,-0.049892615216565274,0.04027911209644244,-1.6252766002013197,5,False,-15.709244047213522,-0.986035251738504
UNIONBANK,1184,0.6738711022422058,0.3695222861925772,0.6280691230877933,9,False,-6.00543062894311,0.6166481833578263
UNIONBANK,1217,0.8323965212517146,0.17192700926598983,-0.593638144316222,4,False,6.033453221269647,-0.028186721505851775
UNITDSPR,95,0.4105376496693392,0.18279189374513452,-1.167418068847348,7,False,-10.410073931210173,-0.9790073097669438
UNITDSPR,137,3.05514874781336,1.0022894423787438,2.392025204774262,6,False,3.3663389804637234,2.7260756421535026
UNITDSPR,138,0.14133762378961928,0.5785386049945941,-2.3375516984458056,6,False,0.18238393638843053,-2.386117136659427
UNITDSPR,290,0.6140096524016204,0.8719400528489877,1.4664986315224393,2,False,-0.4522298163264882,1.8796800978045036
UNITDSPR,611,-0.6191312328689282,1.0251932693480348,0.19098758178732744,6,False,0.4378039552969337,0.4594546998443194
UNITDSPR,681,0.6556340513523792,1.768884997118981,4.622847247289341,5,False,2.85026146412386,4.622847247289341
UNITDSPR,683,-1.2438628848313047,0.3056233683698155,-0.406639369589501,5,True,-3.4472263477832388,-0.33090873125073417
UNITDSPR,684,-1.2075782418606653,0.04234103123334689,-1.1948583254132283,5,True,-4.659070885212202,-1.1198752903249232
UNITDSPR,1099,-0.15686170942134756,0.16694159849894843,-0.6936817709843335,8,False,-0.23127224329169138,-0.9318953314708223
UNITDSPR,1143,0.19977841637963012,0.4177398198873835,1.3581983368726958,1,False,-7.39639369470847,1.1617059836192878
UNITDSPR,1182,8.756566805399936,0.7175133995891395,2.571349957676494,3,False,8.420415840178297,2.3966338910703433
UNITDSPR,1187,0.9622336723916006,0.5809101444435117,0.7611874189276779,6,False,3.846086495566836,0.04089122580763771
UNOMINDA,729,2.24159599213541,1.2581156241134215,2.3454157782516027,5,False,4.739949443404368,3.36239822952602
UNOMINDA,730,0.4125597975887435,0.8110888092688245,2.66741779953259,5,False,-2.193182625784895,3.426474803559443
UNOMINDA,796,-0.014943927860324564,0.6868843944916897,2.512243284709581,4,False,1.0168576176251554,3.86521126921453
UNOMINDA,797,-0.6111757744496226,0.5875303802906519,-2.4365325469743793,4,False,-4.759681191447496,-1.0645890963464466
UNOMINDA,798,-0.18368430562858667,0.09065178916892659,-2.0073976592536513,5,True,-4.5269041906083825,-3.5855006868141803
UNOMINDA,979,1.541571111133548,0.9545684813533897,5.219142487572959,4,False,9.142334154886322,5.219142487572959
UNOMINDA,1036,0.2066153124186455,0.3615988392247647,-1.7489801053524268,4,False,-3.0004386252065363,-1.7489801053524268
UNOMINDA,1143,1.566987442497511,0.310762333448821,0.693712387528711,7,False,3.260110049581555,-0.13839468275369526
UNOMINDA,1197,-0.019890556317728326,0.4396331686788393,-0.7039333854897523,9,False,0.8700145291800521,0.19914907397526882
UNOMINDA,1198,-0.07743439777299324,0.030000885092424805,-0.7443555885297437,10,False,0.48134009167168923,-2.114747051738719
UPL,82,0.006716452162536865,0.11396386360430596,-0.2683948677664305,12,False,0.05237132849322812,-0.628436763550666
UPL,138,-0.01378121814720369,0.2499479797995509,0.9862426798723956,7,False,4.8127560748213005,0.8691011912315583
UPL,139,-0.48642440672178355,0.2580429540048871,-0.08811459167917812,7,False,3.02713213654886,-0.14568750589706303
UPL,140,-1.0787693463389316,0.5955908286416051,0.381195952515867,7,False,1.816203328082433,0.5139486809914828
UPL,141,-1.3509360293007404,0.18735142305356334,-0.160179628089252,7,False,0.6144519874351717,0.8268520857527717
UPL,224,7.461720854306107,0.7521263511805227,2.0430047909256954,9,False,4.309059805890669,2.057076251884049
UPL,225,-0.02076163353362933,0.4827707529155806,-0.048108505211919006,9,False,0.9255986300889418,-0.048108505211919006
UPL,229,-0.5420799294450693,0.23249590698297112,-0.28222974566819437,12,False,2.973972301167449,1.3189629943588521
UPL,230,3.6943413114007413,0.7480902429142445,2.487558928303124,12,False,2.213761767400424,2.3339693755425994
UPL,290,-0.019763029141255963,0.6584993810030814,0.3545823653873459,5,False,1.5433846768832193,1.3990802607087405
UPL,291,0.9543407101200587,1.0440195163742108,-2.5364978386754666,5,False,0.4336209099227162,-2.047144661129119
UPL,413,0.11406412810067508,0.5787869629094915,0.5716882344489749,14,True,-9.158036251645562,0.43803815041649763
UPL,508,7.027594432421311,1.7808635293472048,1.00538118962743,10,False,-2.480041963452162,1.493018988839978
UPL,510,-0.4477843727686684,0.3998030495673415,-1.3430134009828731,10,False,-1.710957408081526,-2.133707889667502
UPL,562,1.4368101044862658,0.5777135209708386,0.13198304646473424,11,False,3.9259547496930836,1.0592118991300747
UPL,565,2.3138841740336056,1.6273019872645178,0.5203792785142491,13,False,1.9303929940813758,1.121094578358095
UPL,566,-0.4561532052093661,0.7751652162685648,-1.4864389133803835,13,False,0.6809522429811476,-0.9425313637932531
UPL,646,1.1444085287792567,0.9898189340081615,0.23791979859819623,6,True,-3.9162978549763694,0.48637786479130973
UPL,666,14.546425026610166,1.9118796579899318,3.4136478944502224,7,False,2.261604862052713,2.968319044691947
UPL,734,0.3155594781721079,0.14923153859177338,-0.6111938593552968,5,False,4.644186178365439,-0.3138822505031946
UPL,735,6.299341136961897,0.5822511157470799,0.6055679626345345,6,False,3.9408384643591976,1.56966992336951
UPL,895,0.33253429897281783,0.01658593622550702,-0.8357517318993701,9,False,1.43420608274063,-0.8357517318993701
UPL,897,4.731823963745081,0.7265726000109839,0.3623301869115414,11,False,-3.8695982068535417,0.7062654113873634
UPL,947,0.6726325392653028,0.441166052893699,0.48328527310308456,15,False,2.4448898343590653,0.48328527310308456
UPL,949,0.7734133502041067,0.833239816604932,0.7021143416148012,15,False,1.9532550875890786,0.680031793694269
UPL,950,0.3333582183730824,0.19122853832346284,-1.4306891145191791,15,True,0.21141466988034985,-1.4668586846980913
UPL,1029,1.4509903330529943,0.8082771807652852,1.053265098059608,14,False,8.512446541205287,1.3058790091766248
UPL,1030,1.2311375520699295,0.03418132665129154,-0.5595480914410644,14,False,6.5881489316146125,-0.7456466384356819
UPL,1032,0.25879732382099735,0.7107923163396833,-0.3338188231162609,16,False,5.477545959115937,-0.6884994232568498
UPL,1034,4.808082077615303,0.21167795665614822,-0.9365337455701117,17,False,4.446547851858673,-2.064477499876416
UPL,1035,0.722213538634906,1.3455595449488909,-0.4242917370595012,17,False,2.937278678883337,-0.1447188339351535
UPL,1106,1.5650063947315231,0.7880117396750224,-0.09924292018009817,6,True,-17.66234603975284,-0.7456189412598957
UPL,1142,-1.4638625628408417,0.265079659063142,-0.6619016073290518,8,True,-0.01927696069046192,-0.6619016073290518
URBANCO,135,-0.4995244113699975,0.5146937970079721,-1.2034283832324855,3,False,6.6964956364928385,
URBANCO,137,0.818035297588161,0.941696156475765,4.4729594295038755,5,False,15.081786138854003,
USHAMART,770,93.22565740519694,3.2273857132234722,13.513515154905376,3,False,15.140512006584483,
USHAMART,772,0.2711431641087918,0.9789460290682324,1.1195792611247146,4,False,-3.295872420460566,
VBL,291,3.721822565649555,1.1733312893661811,3.1649846941541604,1,False,8.523599674683346,3.4445674502157075
VBL,292,1.0179604579432346,0.4233340074484894,0.7083062743997948,1,False,5.0135302700438755,0.9316062883119924
VBL,543,2.1888697847031335,1.5024574302476028,2.1299251488402726,10,False,7.626929205219901,3.9124547015593425
VBL,544,0.14758461426636213,0.012560640733887095,0.533889070347815,10,False,4.091463989323207,1.1467465388069753
VBL,657,0.04706716194506172,0.7819861630261002,0.5956648682871934,2,False,2.4875646678914176,1.194706738416773
VBL,658,1.389766831694623,0.3894442965966726,-1.2550572151954875,2,False,0.27338406245589475,-1.5454037198868287
VBL,659,2.4298917391548778,1.0210385015251593,-0.3924487916744934,3,False,-1.6073292419585439,0.14604623392133753
VBL,685,0.6981472251988151,0.4078056355413909,0.6778884632671289,6,False,2.794269864565746,1.6514306646410626
VBL,750,0.7650853112092468,0.4234785706237658,1.0488996748667434,4,False,-9.390934478113532,1.737588712037219
VBL,959,2.223292509793754,0.766617089622669,1.1954402655795837,6,False,5.7375249372213055,1.5257744981391541
VBL,1029,12.678300240025749,3.319309115370064,4.55675223184846,10,False,-4.718190595273885,4.461784397208035
VBL,1140,1.9754614417158705,0.5921912985493368,2.150534835722029,3,False,11.218104432564303,2.3798032402431835
VBL,1141,1.1261403006694344,0.9315738584043759,1.4189582207050133,3,False,6.859986759552128,-0.14506270007089705
VBL,1142,4.100909455590744,1.3403036998808981,1.189331005163985,3,False,3.580809707581345,1.7231426337164901
VEDL,32,2.972281943140462,0.7244061856573669,2.2441950915652153,2,False,-7.3209783578960685,6.356761086209839
VEDL,33,4.885102349753796,2.19422686886475,8.887592012662049,1,False,-12.584835966360252,10.093416808540434
VEDL,34,0.7519229372191714,0.5524649086336564,-2.4173484875828377,1,True,-15.014595666190921,-4.324030192851525
VEDL,86,2.479148070418011,1.0281229658932916,-0.1163919262584967,3,False,-11.888988793019351,0.8152580085620587
VEDL,109,2.5802714251543653,0.8502843735488752,0.7894067096091417,0,False,-4.386538166786369,1.2985120796962235
VEDL,110,0.5850757298208433,0.5345213255748318,0.21567040154586437,0,False,-7.272736855222506,1.0111400269500193
VEDL,111,-0.04024281161620525,0.08813886766812323,-0.9132203652810533,0,False,3.874156922387728,-0.363412050260814
VEDL,112,0.7878404794044627,0.3760193488409973,-0.006369921000803913,1,False,5.117429157018383,0.3520318129878852
VEDL,113,-0.8313447610353237,0.11146547497540253,-0.35309984573711484,1,False,-1.954803927785631,-0.7469611111689756
VEDL,125,1.6520082642092948,1.2992978168983922,0.9087861473880521,2,False,-5.087890624999991,1.8905472636816079
VEDL,126,1.7756671296586817,0.22020387608829325,1.041722168105852,2,False,-6.680541202931889,4.354996491368568
VEDL,127,12.527861408793422,0.26679918344108483,-0.510072815962781,2,False,0.5201235722822162,-1.1508131321964932
VEDL,236,0.027427718704114347,0.14982814966855632,-1.133863202007146,8,False,1.2187173462267387,-0.4975124378109319
VEDL,238,1.931390857999692,0.6501821354737713,0.2665688284482881,8,False,0.8014233830387685,0.8587271462172419
VEDL,239,2.8552871083709093,0.16133066141648666,-1.4176192425875422,8,False,-1.6241682178956385,-0.29096346250283567
VEDL,240,0.7540575383066621,0.08810454163381147,-0.6467566165248351,9,True,-2.157757147278716,-0.40424051898088065
VEDL,274,2.7542156515472205,0.9522686335756566,1.3923175402331678,3,False,3.004744583851382,1.253616073020214
VEDL,276,0.4532994308008682,0.9779912662115017,0.6717033421899554,4,False,-2.7681795612359616,1.671477003076527
VEDL,277,3.189541044775837,1.2354703118857437,-4.471608704762042,4,False,-0.7312864034757172,-3.8203885086661282
VEDL,430,0.8790300859428856,0.7056255135287792,0.45336043094044154,15,False,1.9985417973326758,1.200482230485811
VEDL,431,0.8418925377147767,0.05915032764588822,-0.11158578222398852,14,False,-6.0179749505528735,0.6434921166459162
VEDL,432,0.4206344592089062,0.07809420015482238,0.21989109064763923,13,True,-6.3869197578659715,-5.502667542890594
VEDL,543,0.45984190296081906,0.7625730173217962,0.0495526463838214,7,False,3.205689953840718,0.5334911317227631
VEDL,546,3.5813313464400918,1.8020175107010505,1.7639064389827874,8,False,0.5813264003744489,1.4527018321357277
VEDL,639,5.1623930605905874,1.5416997951062827,4.025327905924936,6,False,15.404798627600647,3.8263273476368376
VEDL,640,4.690844151393303,1.49755778494797,4.0072794028017,6,False,10.099981344632013,3.972768320420883
VEDL,641,1.1287380194514236,0.24931750633275868,-1.5355493724341973,6,False,5.104548235057704,0.8535647380538913
VEDL,642,1.4658948992158647,0.3932526217895544,0.13245855367036707,6,False,9.194288298765919,0.48781669347055523
VEDL,735,-0.5493568344418774,0.032014805518807844,-0.35657539169927643,1,False,-4.226954553494943,-0.2698387937166369
VEDL,760,2.3216711393856446,1.1800522377410627,2.7271052146674135,8,False,-3.333129845323912,3.5972401367647455
VEDL,761,0.4930591018578537,0.48125724971274975,1.098785376234912,7,False,-6.390013540523231,2.281227310459877
VEDL,808,10.49417132951955,2.0538594452736456,5.165571876573183,4,False,7.881751068317766,4.8614471150292715
VEDL,811,3.2796798370485223,1.117042663787408,1.2345035785278347,5,False,-11.48008137343497,2.1497226618949483
VEDL,913,0.3839633233161925,0.3076268041021483,0.044864137319722275,3,False,-1.2771666955030736,0.4968400188588129
VEDL,945,3.8930758903728444,0.36089746393140315,-1.3484155917366514,4,False,-5.166846091728694,-0.8591488749797205
VEDL,948,0.2450025255691742,0.19155876231546454,-0.824959658811808,7,False,-3.7403230352516803,-1.1312862439395333
VEDL,999,1.444772829590342,0.06157687134562978,-0.6287258440797361,9,False,3.187361238536024,-0.06013886610900521
VEDL,1051,1.3182779416596193,0.14468262712900942,-0.02886845773139024,8,False,1.9019424518956551,-0.48814184651003734
VEDL,1140,2.83824252823867,0.5642118536998445,1.0123003558250465,2,False,3.840725537235423,1.7968763361850826
VIJAYA,864,0.8250722319087771,0.45497301327131934,0.8351949598725872,1,False,-13.068141247242293,
VMM,34,2.5764729496640393,1.1298464896867244,2.5276286361277434,1,True,-15.745834806373205,1.1049982323521723
VMM,71,1.6562264700231617,0.8983430555000418,0.8223192525008249,4,False,5.652358626628562,-0.3196671332358014
VMM,81,0.37185354560771294,0.8887677838727901,0.9514251185260614,5,False,5.969034250709249,1.4254583494920148
VMM,82,0.676368125994607,0.1833529224179185,-1.0595240226701774,5,False,4.042496817592478,-0.5501989302331922
VMM,325,-1.1333374954028292,0.040982949070429514,-0.6243158890115952,5,False,4.228225154790444,-0.28616475271723285
VMM,326,2.0891827115088093,0.21927309292046732,-0.4807822963588504,6,False,3.15027117767237,0.2722017312617897
VOLTAS,137,4.932824483160595,0.14209964671306846,0.031035958709568767,8,False,1.6668374382376117,1.1575791979333339
VOLTAS,221,0.351648752373105,0.7788914596078516,0.7319150005680841,7,True,-6.816875984784598,1.6360551883012997
VOLTAS,362,10.064917824797291,2.1277046314780272,1.5883999823172568,8,False,4.361656659835633,1.8992002033212385
VOLTAS,480,1.540635490883412,1.090971839968897,0.5394207308962562,10,False,4.239245013547421,1.0916328632408323
VOLTAS,481,-0.26961501449784536,0.18671936584303878,0.08990246783953104,10,False,2.881614667653287,0.3866296781488421
VOLTAS,483,4.019686762825026,1.6962162643356467,1.9201622072519964,9,False,1.8541726325085106,1.9141644864979268
VOLTAS,640,5.660626442190556,0.48288839947743584,2.490065438857436,6,False,12.516075915320446,2.8344540925431705
VOLTAS,641,0.05473137987473529,0.6705240902650234,-0.07569150160025018,5,False,7.042161849455697,0.4198591109074501
VOLTAS,732,0.4709767398948533,1.0430157453189444,0.050123180049732596,6,False,7.1041081134398665,0.9120402159701779
VOLTAS,733,0.18395024766510798,0.690499512474823,2.431941223320444,6,False,6.2535001958085035,2.1757286743638193
VOLTAS,734,-0.44028007256800905,0.3963541934222242,-0.2594610834807498,6,False,2.4245737483927554,-0.2564825356512923
VOLTAS,814,-1.7240264894336523,0.2555002367697036,-0.8129405664783929,5,True,-2.370882576050193,-0.7141951693713455
VOLTAS,825,-0.32110881143808084,0.6966820664082246,0.37883202276167705,6,False,-12.535608846212742,0.645312851981128
VOLTAS,826,0.009218711532946693,0.0771635286967884,-0.3427936434375667,6,False,-13.583012848638443,-0.6576518238323059
VOLTAS,875,-0.36042642211074527,0.622973887482908,0.24105164041239302,6,False,-6.236173272466006,0.6918225821073376
VOLTAS,933,0.9861298210003465,0.5220795598619625,-1.0554488765192604,14,False,-0.9574372444538515,-1.0554488765192604
VOLTAS,1101,1.8735975136525438,0.6680575121642452,-0.12031028984975656,3,False,-3.8532810188233624,-0.23737521542612772
VOLTAS,1145,-1.366475496821368,0.39848913785033147,-0.15382110201195287,4,False,2.0970326154530428,-0.5312078281130672
VOLTAS,1186,3.936695812969453,0.6816773806422064,-2.4993751639663553,9,True,-2.1465277178194464,-2.4993751639663553
WAAREEENER,30,-0.2101659902898714,0.17113917930714467,-0.8192959481438833,3,False,-11.303760704913412,1.0645360325530984
WAAREEENER,100,1.1949906976018358,0.35553004548910444,1.906226980357273,2,False,-2.6350974696861096,2.7109628281559717
WAAREEENER,101,2.2172766704355924,0.09304057755863385,-0.8529219914391817,2,False,-0.7209127286629813,-0.292388369261809
WAAREEENER,116,1.5130731994659263,0.8901711028108635,2.311204934438593,4,False,12.604282744340845,5.484101786014306
WAAREEENER,117,5.915205425235306,0.8494825687459434,5.550911393710689,4,False,13.289995729861449,13.786299645325695
WAAREEENER,118,10.284163692461304,1.3352652883993155,12.976076626000799,3,False,7.702335766547597,9.681866244466608
WAAREEENER,159,22.196939959125967,2.3888585276560157,0.5860830668132033,1,False,5.647353414885803,-0.32252323723629406
WAAREEENER,161,0.1394570083765873,0.052359529962512405,-2.276871247605494,1,False,3.255245659583017,-1.329634129283641
WAAREEENER,162,0.33040631890075417,0.43808115538128034,-3.9546330794762996,2,False,2.4862531941261645,-3.337642496180504
WAAREEENER,165,1.2824858872504317,1.1969820977594023,0.9299191391588302,1,False,-0.7836392301416861,2.170890298105621
WAAREEENER,166,-0.1816502591708597,0.8781121829016654,-3.365225311103004,1,False,-2.17271592753574,-3.0245127456014043
WAAREEENER,206,0.7571793272266236,0.8892355291085828,2.1171994169611574,4,False,11.754280253121085,2.0604184393782976
WAAREEENER,207,0.039256701881900294,0.09931722645228713,-1.8164377757094674,4,False,0.37119268011664985,-0.491741738714635
WAAREEENER,345,-0.33665779687011205,0.10867906357644268,-2.2845986460590884,4,False,-0.23516020396626702,-4.046983836885854
WELCORP,701,1.2985365028000406,0.7268067098339661,2.6834426449525273,4,False,11.55892797215472,
WELCORP,702,-0.6730794638503097,0.5871399900524227,0.8991607092496468,4,False,6.370140624612608,
WELCORP,703,-0.6623341987232109,0.48741561678152145,-0.05974491996175724,4,False,4.342224836741071,
WELCORP,704,-0.394271693212884,0.27713311239947797,-1.8208971525339068,4,False,3.280147426083291,
WELCORP,924,38.90223742398767,2.008031654150604,8.616567528219953,8,False,16.7901129709618,
WELCORP,925,0.4326277914130836,1.232805311965565,2.9865565990217835,8,False,5.936734030165591,
WELCORP,926,-0.21173029485662095,0.12256059771416904,-1.0115565810700167,8,False,1.9985276111119665,
WELCORP,1032,-0.2642078428255067,0.5941236811776469,-3.7452356909929763,1,False,-12.564084370738303,
WELSPUNLIV,908,1.5939309674714504,0.3984707320514418,-1.1498728562528648,2,False,5.244665957476591,
WELSPUNLIV,909,0.5735598368060799,1.5743293769055746,-0.9022724368095814,3,False,-10.50847210583733,
WELSPUNLIV,910,-0.058158904556190986,0.1691900600274532,-1.2709888704354744,4,False,-12.925495272451236,
WELSPUNLIV,1225,1.659160621725973,1.2724769346243738,-0.6149067660949026,2,False,5.478228208064317,
WELSPUNLIV,1227,0.07840000196934875,0.8469598161695276,2.6524070397814015,4,False,13.435012724772676,
WELSPUNLIV,1229,-0.657411236780649,0.014517223730959882,-1.0379805876302717,5,False,8.357774078110802,
WHIRLPOOL,1023,-0.28517759471182375,0.5648050371828329,-0.6751954513148362,1,False,-12.771851540289614,
WIPRO,32,18.031213389111322,0.5630427570698205,4.450326872524091,3,False,-4.619486191592015,6.035700700804547
WIPRO,77,0.1172149491317342,0.8478167484253654,1.4558187355427687,7,False,1.947829034027282,2.204846529575377
WIPRO,79,-0.41719867766899704,0.2588012323727495,-0.8614919781061992,8,False,-7.256141790579984,-0.4047294103534993
WIPRO,82,-0.5411996925692888,0.1556639216288557,-0.06544899548992511,11,False,-10.286272824277031,-0.093782867145209
WIPRO,137,0.05562003399944378,0.24060283323473394,-0.9095651359648738,13,False,-3.802173065029446,-0.26676896277292306
WIPRO,309,1.4238407799496455,0.40193499706995944,-0.18995034253410648,14,False,1.790754056352739,-0.8419804827529243
WIPRO,312,1.6298959638750699,0.1201149691124738,0.5353012379289979,14,False,-5.527925542612189,0.5595968031987475
WIPRO,412,4.760431035588439,0.7137538927083908,1.1044030840197783,11,False,3.9274481051969623,2.1548384407368726
WIPRO,413,-0.12112957737247355,0.09265036169056372,-0.4077534739919786,11,True,1.4899728163307424,-0.4077534739919786
WIPRO,500,3.2954443177784216,2.2164783858191033,2.8429296620506195,14,False,-1.8952840313869568,3.245673488028622
WIPRO,554,0.40937263449360134,0.3453150170143794,-0.522228920474499,9,False,0.40458261132232387,-0.522228920474499
WIPRO,690,0.5246617124068799,0.9609698706186679,0.2053638951324377,11,False,4.066073028880246,0.28685527147820356
WIPRO,751,5.958258984811658,1.3026932639922357,1.0813048385264867,10,False,-2.434320609676466,1.5219107414954802
WIPRO,752,-0.5751123354494309,0.08774607985768802,-0.6055650410278779,9,True,-5.098937492261535,-1.1278449382048916
WIPRO,1141,0.9735636655094956,0.4803465429045306,-0.6062428511750539,6,False,-6.44431011494574,-3.092738762310465
WIPRO,1213,5.001146081964015,0.7278137250063679,-0.1921875650415794,7,False,1.0558797533812836,-0.9849484437362221
WOCKPHARMA,549,6.494035280318961,2.6746748660602773,8.966780599937941,4,False,14.132214645804964,
WOCKPHARMA,1052,3.049164220555717,0.04724083708522921,0.36189154283408076,0,False,-2.9884300216822313,
WOCKPHARMA,1065,11.342761315246065,0.5397773859397104,0.14832936501072425,0,False,-1.0794778725399246,
WOCKPHARMA,1215,3.7494809311757797,0.9353177477372845,2.6606552392697047,4,False,-3.7872691476493303,
WOCKPHARMA,1216,0.8407233083152218,0.08860832523424696,-1.1038187154674861,4,False,-7.117973983354098,
WOCKPHARMA,1240,3.0152523404108416,1.149149229935659,4.198004523269372,1,False,-1.5545890346111313,
WOCKPHARMA,1242,-0.2422942467721048,0.2900399115436586,-0.10660763912023752,2,True,-7.333862044409645,
YESBANK,69,2.747143182518011,1.4676281962035622,1.6813755667759223,2,False,-7.397318680257636,3.1339652610024915
YESBANK,70,1.043219546008836,0.5109132216631596,1.2542919442086076,2,True,-4.001121201850011,3.006096326228147
YESBANK,71,0.6494848710930679,1.3047252009607784,-4.9122960994042675,1,True,-4.572695861434973,-6.270690573945615
YESBANK,150,8.236531015332895,3.2443879581187276,10.391437598912145,3,False,2.5063333786184083,14.897213485289518
YESBANK,151,4.378407772451935,0.41857207371643795,1.793665788568033,3,False,-9.662212857410001,2.448283679705998
YESBANK,298,0.872648197351262,0.4449447736741591,0.09653453015356916,4,False,3.363775858203155,0.09653453015356916
YESBANK,299,3.699251358959067,0.5390052096939896,0.38303827046841654,4,False,2.4376640543266825,0.38303827046841654
YESBANK,458,1.255968394973897,0.7262066836088075,-0.786770462751829,2,False,2.395001607205427,-0.20826544693547389
YESBANK,459,1.4744526551694235,1.2478996408176024,1.4982306736726292,3,False,0.9280245709540447,1.783344601016168
YESBANK,500,5.7714524481277945,2.483581001204892,5.156037869321506,12,False,4.873353883990017,6.286741460773104
YESBANK,501,0.647522760700777,1.260468661268098,-4.948941510708171,12,False,-2.8541542966192823,-4.948941510708171
YESBANK,545,2.838899710230838,0.0,-0.2256414838715637,5,False,5.483513728241274,-0.2256414838715637
YESBANK,547,1.5698683664156379,1.7508906579394758,2.678101015237,6,False,4.530543037431345,4.001272446090565
YESBANK,548,2.096330189370678,1.1362603449229376,3.839777428088942,6,False,2.308964087565002,4.094908118536944
YESBANK,550,1.242665923543768,1.1126788505527396,0.4685255851193171,5,True,-2.188090494075434,0.9515492030390593
YESBANK,653,2.0717604648605015,0.15341485951406805,0.6800287813246486,5,False,6.371495475937072,1.6613156261457984
YESBANK,657,4.478832643264874,0.3892447298125824,1.7553755053777431,6,True,-13.827088095599526,2.318595700741577
YESBANK,809,0.16738777323350448,0.5977454441282728,0.7013137731225472,5,True,-9.673134688714025,0.7013137731225472
YESBANK,896,0.5969036265273734,0.45524206003464485,-0.27700325398982706,9,False,10.36232303287643,5.511226133378266
YESBANK,897,5.194456527917316,0.5333925524988187,3.1755826398352616,9,False,9.754263824329357,3.833454940894865
YESBANK,991,1.3927216683866852,1.319594641069444,0.24136551334861256,5,False,2.3102294138010127,0.9309836817184447
YESBANK,992,-0.4228476751617076,0.44448224903135325,-0.9369162477373516,5,False,1.4066141962271184,-0.8392761301771356
YESBANK,996,0.38136395891032643,0.6831835413028962,0.2749466769685016,9,False,5.0545409028308175,0.8060065631049884
YESBANK,1077,1.0598698150675379,1.3159660479055577,0.7891543454922711,7,False,0.6175944114902965,0.7462643619917886
YESBANK,1142,1.0614720987754807,0.21007244444482637,-0.15133234471560453,3,False,0.24430339492191866,2.0741151534829694
YESBANK,1143,7.826464720989268,1.3419493326529304,-3.41833087883906,3,False,-1.3250775080184796,-2.7368099804419788
ZEEL,223,2.9849526527233143,0.5565403951921423,-0.72989745614086,10,False,4.805063029547729,
ZEEL,224,0.3125340382464726,0.03527643890953563,-1.0015339004257107,11,False,4.1857027410618475,
ZEEL,226,1.8909121023142035,0.23404042327214655,-1.7713126087329445,13,False,3.5953508644637644,
ZEEL,274,9.459256284855059,0.5175961555070111,0.11041368432993526,4,False,-5.93305251175612,
ZEEL,437,0.24474553469332805,1.2571741183278475,1.7271335539043253,5,False,-10.07866999069008,
ZEEL,460,9.760843080971242,1.961026963081047,6.2270147864943,1,False,11.302623687703473,
ZEEL,465,1.0066571645304372,1.8562790246547682,2.6386721102654054,1,False,11.975937297811612,
ZEEL,466,1.8779654545465947,1.496937586567659,5.109228624091755,1,False,7.855387511554324,
ZEEL,541,-0.12883617590002755,0.2840621158985568,0.12073464967912173,6,True,-6.970993953722704,
ZEEL,564,1.3276297942415654,0.10497584927039788,1.839007019829575,2,False,-8.018152410708757,
ZEEL,565,-0.15598840612446851,0.5778179454263399,0.2211026070593647,2,False,0.852091846818559,
ZEEL,566,2.7466002335098887,0.2985964910959261,-0.1347471693723068,2,True,-1.3094272054711031,
ZEEL,580,1.170322229054981,0.13769974514796157,-0.4802103469759844,1,False,-18.709942383905553,
ZEEL,805,1.589724518518595,1.51246194569867,3.611864280009902,4,False,-6.166660891704945,
ZEEL,806,0.6508469664655304,0.4576685286193519,1.0057669233083821,4,False,-10.626723594888077,
ZEEL,807,0.09079121232127427,0.35389202790066243,0.2886766289803333,4,False,-12.458870315461368,
ZEEL,808,-0.3472776202187637,0.16975159906398066,-0.4351092357788411,4,True,-15.336211989445726,
ZEEL,895,1.8551732399766612,0.7952299365802086,1.0457192818931205,5,False,6.545718984978222,
ZEEL,911,0.4076444810273622,0.21749822463249696,0.13506167963359683,4,False,8.503871229129212,
ZEEL,912,0.9931640970645667,1.0513897967407257,2.1144291259360903,3,False,5.2487564719533975,
ZEEL,913,0.1385321672280178,0.31225745281091716,-0.2560186284204846,3,False,3.012162381058947,
ZEEL,914,0.1644279141981539,0.5402491742847348,0.484131842722757,3,False,1.1253663914844836,
ZEEL,1143,5.369031501558152,1.5286280701146069,3.226166586949386,3,False,7.456558756239939,
ZEEL,1171,1.5723618205899927,0.3792370930928218,-0.15353586746797987,2,False,8.841919848072921,
ZEEL,1174,0.9052419056159782,2.0377568121390204,4.108709933213639,2,False,11.02802341509257,
ZEEL,1175,4.201828991203299,0.9739279277797462,3.9176180891508983,2,False,-0.664121536666229,
ZEEL,1176,0.792247275313774,0.3421895897743474,-2.781607074920145,1,False,-9.415101349466948,
ZENSARTECH,569,26.259616557034676,2.723330413664631,7.585927482068278,6,False,3.888573925822869,
ZENSARTECH,570,1.0749816396721776,0.7199882405497772,0.5777988611578078,6,False,-7.737336640064862,
ZENSARTECH,574,-0.3694525376778292,0.4095329141033572,-2.679209700595586,5,False,-8.494440994171448,
ZENSARTECH,660,-0.0006237510909027139,0.2508142748906766,-1.6568547441093595,4,True,-3.6122825413000825,
ZENSARTECH,841,81.70727443730395,2.2974522657529417,4.392168729769974,1,False,20.713966233858972,
ZENSARTECH,846,-0.1880666740398162,0.051723706841338535,-1.6015729423041858,2,False,10.720398972911461,
ZENSARTECH,847,-0.4555897518023933,0.0,-1.0604457725055694,2,False,-5.580959888072123,
ZENSARTECH,848,1.1530766713320384,2.041469492814018,9.424468566259625,3,False,-6.122795115332414,
ZENSARTECH,917,34.561862729000914,1.3326838904423877,2.1516730123166017,6,False,2.473710170634713,
ZENSARTECH,1200,0.5179727617939254,1.3502060447253312,2.8928837742940416,2,False,-1.3355931309055546,
ZENSARTECH,1201,-0.48747650780327983,0.6444288147660867,-4.042083904609073,2,False,-6.968634182636468,
ZENTEC,1227,0.35305699268968804,0.8856866625352129,-4.443200804761982,5,False,-12.863627230166541,
ZYDUSLIFE,683,-1.1629535610035655,0.2318160656948171,-0.18358585018437568,2,False,3.4653025524526537,0.5489243312472913
