freshness_score,pullback_depth_pct,immediate_fade,swing_pnl,day1_pnl,d3_from_close,d15_from_close
0.26759349517145264,20.759821637354996,False,-8.965167085087755,2.4556226678687842,-4.162147272007289,-2.5347678852146505
0.26454963716397983,22.802734375,False,-1.216575755408722,2.806281094527363,-7.1573461274770045,-4.071717330885816
0.20369961117799365,17.42913692328231,False,4.3610074626865725,-1.857898009950243,1.164362056488577,6.421474370998714
0.030710572586426073,8.476658476658477,True,-7.236948033939628,-2.7059604178890417,-8.549712492144469,-4.9594977678366625
0.13382369762435922,16.761599651541687,False,2.281225102884199,1.5842401973427789,-5.245668000781567,0.1796460893094487
0.5489566665016299,15.32243924090382,True,1.6741003759434214,-0.7645137461173457,-3.6656236030397804,-3.5493921476866364
0.07476572176069031,8.093589637267113,False,4.086849648204782,1.4672141704815012,-1.1624902637025536,1.653315281545864
0.12576760426369682,8.628653796239036,False,21.16193759485916,,5.810934254136435,-0.6755728735341582
0.7280197288921246,14.181286549707602,False,12.163359501529891,,4.042402891585017,-4.952159930206291
0.8447639984136183,17.9862127400431,False,7.190396297990587,,4.804332972359737,-7.5860454697813555
0.24317550392501805,19.10919540229885,False,0.33881963543456184,,-2.4280684621710513,-1.4947402686403488
0.33787787721189,13.393254612972976,False,1.500925834737532,,-3.090166731534627,0.5518154877740322
0.37706279953512095,15.259844597753498,True,-20.15166727543659,,-6.404937827782298,-19.991490534453405
0.2084750591792395,9.737071771731323,False,12.728027930123108,4.449019271458798,4.4357866004650415,8.13638870259188
0.6023358174229407,14.240668832332265,False,7.103552575750016,1.2872964009893906,2.5975732008263863,7.687857666646325
0.2341943101964612,15.459684365261007,False,9.14554234452012,5.045477714660063,0.4700460829493158,3.53087197580646
0.756335009148571,20.361471473623855,False,2.81710355903968,-2.1580208190697725,0.6778552552866968,6.949123411040459
0.7006261112323446,21.344308224292764,False,1.5482148710513455,-1.8165528900176309,3.7385274910721744,8.037059220403231
0.06978979960663471,10.518020395818116,True,2.4588501937294227,-0.6549914173956117,-6.165864331259996,-6.825024266128265
0.2860458085520989,12.775383206362223,False,5.187100368672826,-1.8033193611992515,3.602484472049694,7.213842058562547
0.2591572746055144,10.39364640883978,False,4.7654290530817045,1.614589081560447,1.1426116838487932,3.977663230240558
0.17514611771372968,8.244010565806906,False,-4.874413311904924,-0.002147900345628173,-0.427048921870099,-4.443161895457514
0.2332349981077825,8.794634622115307,True,-4.7195392911522855,0.2925106648655973,-2.5257506381070605,-4.598969830757915
0.3433598797270532,16.40378548895899,False,1.6727986924323979,-1.5288586360670653,3.1639329568880603,7.322757013534109
0.2302383302903922,17.26875390241727,False,7.49925335413737,0.48766070636916403,2.6020993208079712,6.836023639410782
0.4648793310882068,19.613451204714856,False,6.375730982804839,-0.8252204051677703,1.0512597741094698,7.167680278019106
0.258416733008721,10.544959128065395,True,-6.628972589492566,-0.5523800901749754,-3.8700331125827825,-6.08443708609272
0.07017722071179701,8.057228915662652,False,5.866814483291938,4.942960575389899,-1.7671992174763562,0.8803390935767874
0.14164626936853747,11.225661751635513,True,2.893320761739626,0.3003275988582965,-1.0279857161704986,-3.7978349077509965
0.1240490994718303,13.504462812704066,True,-1.0527718644666617,0.39090603387281764,-0.8030999300656427,-1.3015818686206049
0.01921823024936862,11.730772584349245,False,4.341352212580918,1.2266816889717314,4.019961050535659,3.8813417039654574
0.09340580143033644,13.349515002583473,False,-2.4564309073001223,1.702923483172647,-3.837959473763719,-3.1183400390123794
0.3377318679547839,14.887420452193709,True,-3.186059690166687,-0.8928865605745906,-3.6908232196412705,-1.7651795162486161
0.040806921116853564,14.660494287451431,False,18.295590774093572,9.10360843395499,1.865207631473953,14.299925174633632
0.5119687593916943,18.8753086080761,False,5.511564964184279,-0.25423007213321025,-0.5142032651567208,13.271305831794189
0.5466306293582337,19.77756699792553,True,4.3380789011660426,-1.1711313522394629,-1.2649020019041002,17.07613248533417
0.07418580186467788,16.577770467970467,False,1.5107927842541002,-0.9136145433719989,1.000434405036832,3.579130345067072
0.13654363901835384,18.005282051137648,False,-1.5074350360699595,0.1368213744652902,-0.409902844250265,-1.2840920615301732
0.25897267298214033,18.93348937168032,False,-4.718409458339979,-0.976129323730579,1.2752114823211258,-3.7631329327530327
0.07196475004987055,7.64000828609781,False,-2.934659971849274,-1.2564113506451369,1.3734932256985521,-1.148253733527882
0.06288106683575524,16.11021957527933,False,1.7510493092621093,0.41641734014368215,-0.6109997174660209,7.361066888100387
0.21353744259764398,11.252488325256794,False,5.832665697358141,4.025925744764436,-0.2934109907503091,1.8624792870558071
0.11310767810623602,13.634811245133852,False,3.3376346290333814,,1.9905645426780971,1.082593342915783
0.11558650853011201,13.634811245133852,False,3.5438089524008287,,0.18726175352727914,-2.0258808170688924
0.2648332660911754,14.234870862181351,False,1.5259240986177591,,3.081664227419867,0.5136107045699667
0.1146712510914632,13.139418254764292,False,4.155854625875288,,0.9726783051982713,-4.449503198850946
0.27466089189135684,13.139418254764292,False,1.6504648083099482,,-0.47315743297008384,-3.1269310874672995
0.04404126885799927,10.315230271991693,False,-4.900541524123636,,-0.7111791602412931,1.2191617436955626
0.389091383008507,13.465886231999184,False,5.271952975268168,,3.1204974599665203,10.453671527094022
0.2496274487840594,14.135512488098009,False,-1.3111974714280383,,3.3752346225341068,-1.1871469562426906
0.40599268547502526,15.028901734104046,False,-2.338019123021984,,0.3263570937828142,-4.332656366955501
0.17181874910616862,14.692134874008408,False,13.230049947670807,,-4.878973104778006,10.994103709512505
0.21224532035480065,10.740478154663968,False,4.4179073967614,,5.282194718070654,-0.2738314727476987
0.2439043546935152,11.338988045193501,False,3.717756320065657,,4.866765082756652,-4.503201817806235
0.4914940847466674,12.11921919470502,False,-5.639088142334647,,1.5823794139151692,-9.210403094008601
0.6729443356102552,15.333990164896244,False,-11.373962158697603,,1.3256865499130077,-11.22208140002041
0.7481754790841845,16.080311505264447,False,-11.718590111392102,,0.35041777713544775,-11.334495275095158
0.06704269470610236,9.485300557322846,False,0.5214526739377723,,1.842211113601433,0.8750040023053351
0.037991771348026726,4.4141689373297,False,10.337173832120495,,3.0210135807618554,0.02114573353046989
0.2537374186611735,6.984167577094327,False,5.955710860686669,,4.9622899565181955,-1.1261391112646346
0.41130024269761944,8.505059724159745,False,4.223240114716464,,3.612469754493053,-0.32981316228098967
0.45300060832637906,9.838873431505753,False,0.365179278638772,,1.146799492326811,1.182714683619679
0.4870120729718113,10.722513930644325,False,-0.25812386852744895,,0.5079538072247258,-1.9227934168538074
0.5460441999576642,11.260953013564956,False,6.199487683818861,,-2.1512266088244414,-0.7437751573063256
0.8559988318211793,17.783857729138166,False,-1.5093274542982593,,2.393983374691655,1.9945942051861953
0.10380780146940037,10.66858050466954,False,4.2795768092164455,,-1.7524023554103096,0.741482464779053
0.024541061965039756,16.964285714285715,False,-4.708602026835685,,-2.1427321564519874,-6.19206291030181
0.20952464146319602,23.275572073982264,False,14.382474240868204,,4.776043548151687,-6.391368208151715
0.4356990985534751,23.751526543752995,False,7.180025717980243,,8.552534401151979,-7.418121706787895
0.5598320242169336,24.841501810908596,False,-11.921433463539532,,2.1668776664135914,-8.262855466243579
0.5052951940615591,26.361032443742538,False,-13.702177932535331,,-3.9581649472397062,-11.785891701588458
0.5943688131124404,29.675268062290787,True,-15.461250113500679,,-5.301328761889046,-15.483304478321935
0.49181091000418153,20.90697467957188,False,13.216158159388058,5.182333575252707,0.10713506716790722,23.046919336325146
0.652203026118443,22.992917685180757,False,7.1067740736024065,-2.5354030349055923,4.623747923078292,24.02682907928375
0.43420239993346654,21.5005397625045,True,-27.881286221935476,-0.10365588394836145,-27.653465014871525,-61.53155553201539
0.06455450394576936,12.408063533325919,False,2.9136670637397444,-3.212289678534952,-1.4290890164060488,2.9362329588812797
0.6796994017403089,17.704882854221207,False,2.7779137219726024,-0.6055574431558131,3.197442001791395,14.068746201856207
0.5436297927308946,24.599436423535515,False,8.536795440037782,-5.905598521907907,32.643569213238145,15.259484509923226
0.8148719672685432,25.696594427244584,False,8.7133939355724,16.753692836128952,4.343413364582616,-2.3699808800792033
0.9633481139139355,33.603837717631926,False,-6.172754379027834,6.833962116309111,-2.95027881265002,-12.174701974618019
0.04336933967051146,11.86619610853598,False,-13.954215927147063,7.290590710915756,-9.46308264403367,-14.44118803685015
0.21563671391067524,13.270777479892763,True,-0.1596086744005465,0.0315625778058104,-1.8975332905511788,-7.852170164721583
0.7238476142060816,15.195264729184817,False,-6.724527681468484,-3.0679387643189004,1.849648596692921,-5.298541034308402
0.7046074622141119,16.581112314500235,False,-8.248800915374533,6.415215825360088,-11.790305939689683,-16.43271132227081
0.041746376686387386,15.032895081451993,True,-32.30743701816191,-2.3130043762628616,-16.199017812080008,-21.908393396884442
0.21270182344215766,19.662038771260605,False,9.115827008501132,0.14628950853801115,4.609776111789099,5.326713699934271
0.3537767224260264,20.183487147153727,False,8.407590579450886,1.8436464015201715,0.7801911040006271,3.7965305875437894
0.12869720662295026,11.950351724106087,False,10.281926586225199,3.671949026384791,1.3509633764022588,6.897337777584167
0.03346179487046331,13.474805310841909,False,10.463981570008318,2.383571230317738,9.503400294388143,25.058225932769318
0.31240497981346393,16.760366413450473,False,12.121418308085152,2.7122452254854768,5.5876975393117645,21.737623790036963
0.6307296474498665,22.16907916129156,False,4.836036112374065,2.4693813642899354,7.189653406741003,19.73964012264986
0.742786777794678,23.929246206438208,False,14.659381599975486,-0.9249373755302215,7.5353283661631965,18.439136461608907
0.6923841241316575,25.093301734295544,False,12.904832311107395,1.8833920985281694,3.4925629064995967,10.71487016325332
0.3378801696115219,14.111177414161796,False,-2.975333344605824,3.5022549616509746,-3.4409466549723544,-4.743825841655669
0.06921706761339581,18.24621231413272,False,10.099977411984984,2.2966012192143115,4.264881352683458,3.5372588207176703
0.219095621980594,18.24621231413272,False,4.933443021668338,-1.0373089345316777,5.658729632739279,4.61394604224501
0.3128560927622184,18.879006454811684,False,3.2530142188302413,-0.9519396594651175,2.804970297739673,2.5947474646159874
0.31953228658181754,19.73591835845804,False,-3.9076930146253575,0.07182397869807122,0.07330518624171223,-3.4951898482625587
0.45014457654158546,20.45943872219395,True,-2.8729599358904734,1.8142755933548305,-3.4751820257356902,-4.063907614639195
0.0668843855307494,13.020136959067393,False,0.3383528608933206,0.24675242887977067,-2.3729325430111414,5.137061745966598
0.04493504461763793,15.09131620615256,False,-2.168271246898512,-0.3776989210764081,-1.0976162436726278,-1.0302776893362564
0.29076611789819906,19.084362139917697,False,1.5831349637646541,-1.7771226173658339,0.023443146491186617,37.182591591203405
0.07951050135024432,9.674463437023144,True,17.727744677236924,1.678788154851385,-4.811931515643164,25.57125295073217
0.12606353812520643,14.742872024402404,False,13.484878685345647,0.2470551857365555,14.062498342222241,13.205199369779198
0.598405325321435,17.45664739884393,False,9.025205289784232,18.099291595970058,-4.6361596561745095,-3.9197795519992695
0.9570681175007887,28.59761759629024,False,-0.7661732598151505,-3.8110525938197415,-0.9760884488411947,-2.567660676567396
0.07390696829409138,13.196850393700787,False,14.239824499549503,6.741881145453843,-4.2290319114056345,-4.797331138592775
0.5798627112560171,19.083969465648856,False,-0.3412153076002733,-1.8997788509010904,-3.7267878155798684,-3.639638781933041
0.14283521499151552,13.690372707490416,False,2.3672140852911916,0.4347936637087324,-2.124595824211728,2.2346388918652815
0.21165089500655887,12.398925326632543,False,-0.7982283383880406,-0.07896463623568994,-0.00818566241748142,-0.061407460186846397
0.22430011903362806,12.978210678639451,True,-0.6186157176653051,-0.6953105194090203,-3.729296715267838,0.6706155119096335
0.023387044422484307,13.62647642952629,True,-2.8254016941274496,-1.6754795523814536,-6.931376549455304,3.754834093743642
0.12621060947359602,11.627356464726327,False,-0.2061127715564215,1.254846518558006,-2.1369901235322897,-0.8140919306506844
0.08033601242576083,9.691343430749711,False,-0.4016008826215889,1.6662485007157724,-0.608400308324053,-1.8969863675929455
0.059288645736210316,8.1214109926169,False,3.1511802082185625,3.461364220733909,3.7955645336024135,0.13470294547346384
0.44597660770541026,13.144629701434665,False,-2.889584647526211,1.9562944353938239,-2.019399036176084,-4.27837992013691
0.09294582208208907,16.484040019056696,False,14.359119236772312,3.6741020955252335,4.194459785257165,19.31893136815994
0.2273713571513665,18.805002315886984,False,11.181005686885182,0.009447897151582119,3.9731486286386897,17.221603508958093
0.47982517730818985,20.693083720224376,False,8.595639650302234,-0.14188256899511087,1.9158814887306086,12.707924813537774
0.4984853419874153,21.74107142857143,False,7.160621106243337,-0.9550483665656029,3.1575125251274594,7.875845255847236
0.6822800352552981,27.10003656204601,True,0.9310789898753447,2.331102881650393,-9.678618483767298,0.06100456885280714
0.18466677818071112,17.177914110429448,False,-30.209734714816662,1.716518978667314,-8.79671007771159,-62.95501011546849
0.7417571153630306,55.30106204343236,True,-5.491121176142721,7.367678971040492,-13.115072929705363,-9.355417503959417
0.8283099789752333,57.428859674225095,True,-11.615507649661517,-8.354871628349036,-10.534064110895203,-6.97532851092193
0.04927635968513025,18.021132082206847,False,0.9341387348332786,8.298433502780767,-2.5738281271459496,-3.387945025643968
0.37203886302497247,18.021132082206847,False,-3.632118912261295,-1.1415378063078352,-0.6502437809563055,-2.702562924657115
0.09528633209780213,11.990194881663603,False,-5.77504395531534,8.672324651253538,0.41817256133696024,-12.825701260564825
0.23450746359651106,10.686987770342132,False,17.096991872653366,13.54370638740825,-2.4981048260208305,45.497718254589415
0.8237732235687649,20.978160854683235,False,1.7433306624294431,-5.839320232323364,7.876553007017195,39.401948015879796
0.557943378329727,21.41523861549762,False,41.54491268806888,-0.40021462939860974,44.52947936943828,42.39821589961068
0.9163480539825721,24.239864864864867,False,34.555262167703525,23.915893505445762,14.964779297599184,18.73192254993974
0.04585418780980689,10.743092998304878,False,-11.936181187562077,0.5297178302374528,3.6195471380753297,-0.19630647602597584
0.12811491497505562,13.496612819176654,False,-14.65289498313538,0.783210117825428,-2.442065151009143,-6.246592482334135
0.29635361769076884,14.82811698306824,True,-15.966601063436025,-1.2122558066517075,-2.829747374238789,-5.986006737496763
0.12720301308945015,11.748484308868763,True,-0.7928353578730785,-2.311261583876034,-8.010198979845285,-0.05520264911100803
0.3342927654828176,13.151041666666666,False,-3.633832120754199,0.2891701705575622,-1.231422190196152,-3.8917190774285126
0.4636163305695035,14.04639175257732,False,-0.2051622725611546,-1.4797160801180875,-1.6633236107952087,-5.539215751693782
0.12162079213062962,9.989887542261753,False,-5.178357395435606,2.065504186442668,3.133813236772731,-11.407469305920348
0.23881023915595667,11.859201096484469,False,-13.154835608492355,0.37192560629195626,1.312039539435772,-13.204015243164047
0.36462451233005055,12.849380628662402,False,-14.712500062618483,1.2607906258768287,-4.283889360336368,-15.430682304966659
0.24699763759235346,13.560784959238939,False,-3.1691014361231784,-1.7123372061542907,0.5648498598991525,-0.6968311725670473
0.01987361544984519,12.8964470701936,True,4.014436309211522,-1.5018646412724768,-8.822616871704636,4.77891299529285
0.04968028965605141,14.862982004390881,False,1.0195646374969947,2.323455088471449,-2.313496338668375,-0.12743729282241878
0.270270524681555,16.648782869664632,False,0.40529536008979683,-1.3711928164057752,-2.7761365299864282,2.001977201984717
0.045676085015111,9.583995716848138,False,4.107256472422183,2.9882447470714,6.262739098292713,1.9986512692494296
0.01279670401019731,8.334867522787324,False,-1.1502935183501206,3.754887752981828,-0.6651109631892083,-4.727662838410218
0.26691590492088,12.786028333105886,True,-10.447761194029848,-0.4975124378109319,-4.710108966038417,-9.613189889738416
0.47333522703664654,13.30092609373108,True,-12.79926279155662,-1.5169030976292963,-6.97368421052632,-11.456138209292776
0.0793792086092091,14.279601723582097,False,15.5150493380793,9.836949922572447,5.419310001917044,19.181274735790964
0.7640180634366287,23.530532021558923,False,22.54566396755491,-0.21267707265198998,3.0911733157788612,22.670111426067187
0.8687125366353952,26.324980518128015,False,18.06743814111471,1.2633911572910161,3.855552953967867,24.648768793003505
0.8732425935517025,26.93622261458734,False,17.087895971726972,-0.07113782894767606,5.168550688384976,24.53810858905858
0.2757184549984317,8.161580714257315,False,-10.45296697817264,6.829187911581758,-2.202259307054222,-10.131640849250745
0.5444822104375187,11.721907201931867,False,-16.26799774958644,-0.8260656077231698,-3.849239735600418,-9.030906583114785
0.34684991009546523,11.697404974862128,False,7.3177622010249355,1.3843137698559937,0.7009345794392496,5.547394898927727
0.06673416711482495,11.202528836126294,False,0.8765150083873019,2.3650447417687293,0.47709924317913543,-1.1001333551035497
0.44436845427278127,14.356268100548004,False,-1.9110869396600338,-1.1601261174703503,-0.7993319635620444,-0.7043027158153969
0.03347717322280797,7.342993694802989,False,5.589206673644176,2.1462734635999015,-1.1818102267874608,28.208187220912805
0.17452836101146724,9.63834670739487,False,19.807094048015106,2.9496681783186984,18.323564050130734,17.083021842062006
0.6828950767074949,12.005432809643134,False,15.390675842102898,17.711102480663143,0.9722669882996193,1.115393258359254
0.9455527906887518,23.3622998555845,False,-1.2115092088827661,-0.040950092082814304,1.3704024794681358,-0.09823665091686085
0.10368657356180076,12.556118474781389,False,-3.2950323487209054,2.365928439894094,-0.6577548272069467,-4.026457113964732
0.27053800936570427,14.01483802526235,False,-4.184519859315672,0.8059017801124835,-2.036817654001888,-5.241603411761508
0.046528878939290697,9.273824766782514,False,5.079138828334107,1.5118281346832907,2.208587194943168,1.2955576450288664
0.14172212167956164,11.352591026942212,False,12.67297312982516,2.077541226398605,-2.9687862480159977,-2.695120731080536
0.041100075382235604,14.067656765676567,False,3.3939234860403067,-0.6617079618409516,2.667651590291409,10.100753371804094
0.17645023956595907,15.04201164382873,False,2.521891759168926,0.07065576437850218,0.02432693258767049,5.953444963953669
0.3277100994980424,15.702144880615135,False,1.7252849943675264,1.4273049494786472,-1.6118825182308227,8.154672795060192
0.13919579127175935,15.940143135979179,False,-1.0348419793113073,1.5093692241460177,-0.39543804742936395,-2.500164081369727
0.0569027033161743,14.093110052020746,False,9.771923371355173,0.7713028048853099,4.405342865120465,14.618335286555162
0.25422757092921455,14.620462046204622,False,9.09807238303122,2.392328785117326,2.85842853026812,13.58884817078061
0.4846990966918754,16.859496117492554,False,6.237032056136549,0.5641528227837922,0.9660576417961808,12.323631715098715
0.5634961338920944,18.055115616091225,False,4.709268077473738,-0.497512437810943,1.5522047403094152,6.956406808126636
0.8398179494259166,20.351754077896345,True,-9.539405787461131,-3.3309100299376615,-5.753542721823246,-6.78403507490335
0.17882209576915767,21.22186076124525,False,7.092768563396623,-1.6753084936413698,9.892565216552374,10.787823773281978
0.02880097601254939,15.660942730463312,False,11.592076068772794,2.4311310527757035,-0.49105362512980033,12.890217870592124
0.1453428121509213,16.41529381832394,False,9.047887843820668,4.144307969198735,-2.0495316457320945,12.228864117354288
0.22379660229576342,22.24299212024354,False,9.778216539806017,0.26968390974380085,8.171841817345559,10.24982302584303
0.4550852512550689,22.962967149187598,False,14.197533064861734,5.951720995971033,5.915053980891405,10.25127970917028
0.8060364649294343,25.995112573011113,False,15.167984458786954,4.19328501884122,1.6528981069998672,10.298793710074117
0.06379631514971476,11.150879575490086,False,14.177648194988413,3.4008672223347913,0.5671448484383612,27.11306906493367
0.4318762467823312,14.392015471470978,False,10.012550416694953,-1.255967315105555,1.939973252437177,18.173500029461962
0.23072531221642825,26.44890860774702,False,12.85716501078078,-0.37104958970622937,1.8020280633905816,9.923857096411348
0.39939429526429704,27.225853401830307,False,11.665017006307243,-3.9010101731446034,4.0646105137546185,12.428348944800893
0.05144626602277183,13.525864173626065,False,5.16602915590183,4.748808242839697,6.500122132543118,0.6627570423284102
0.28111772464642326,14.767613664946072,False,0.03512663578961739,6.553641990474679,-1.1005912549245767,-4.248604040596993
0.589141072886459,18.823340773387336,False,-4.000269337833052,1.4592009694805563,-3.9953251536396173,-7.149527345914153
0.027882391393935852,9.944529101304466,False,7.2371879081756685,-0.6552001900785309,1.2578630868380625,15.69938788701668
0.15424366366418243,10.652512380072462,False,6.394128234582985,1.0669921211424072,6.2993339201517395,17.131691044754206
0.3007956497089749,11.855511654671774,False,4.456105601803295,-1.6955954927355021,7.979999513891967,19.78605051043727
0.19627241887833105,12.423311124617262,False,15.343535953148525,4.981235136158557,3.962943612483949,12.175585240943821
0.042516490400723854,14.681441438445852,False,-2.9855395127508233,0.0738068298190564,4.952042600782036,-4.057544657707258
0.10118959679349424,13.67507713891214,False,2.3740690253745145,1.0625710747738326,1.2064653029676409,1.7626401216577214
0.039558872929324876,15.074722461553106,False,9.46566987884121,0.8602253106137381,-1.979750162333871,11.859018928980758
0.39156460169186713,15.677421323714718,False,8.688812427278947,0.1444390948483587,-2.6092626337571034,12.988425875531817
0.35674695851574806,18.796992481203006,False,12.545041158360792,,-1.1247972941720308,1.3321572732588383
0.22868370676680563,15.154642770848675,False,0.6455187674248464,,0.5921348201485044,-3.1721416025975335
0.02442679307675271,18.564527260179435,False,5.337190220480448,,-1.481317854132247,5.359535409522076
0.22046324918645105,11.16403355810594,False,-2.6854473365074294,,-8.726719048187025,-8.464120646469464
0.12163648641818103,7.3588134626354815,True,1.8618676027071457,0.735151062405226,-2.3553037507179853,-0.27515946418602555
0.0463593455147194,8.914145641974661,True,-0.975598152850754,1.2920775799671658,-4.644580565360323,-1.1256216999047108
0.469714575141744,12.654377880184331,False,-0.0756585734919657,0.3278538184652957,0.0,0.4795278495020261
0.035149023126852474,11.352864445605034,False,10.211260880768602,6.07394796878995,-6.542997228577496,3.4466860682861533
0.6502250352798797,18.985344080643603,True,-0.9597411749825646,-8.41770637298238,-1.3614043329309045,16.27338540646841
0.032717945327231795,16.78356737578396,False,29.121190029742895,9.40715824151772,7.747045452328494,-0.1418657888847652
0.502761396566714,19.258264022745315,False,14.667427117010723,3.1372362078334604,1.1813942743686967,-2.980732155852095
0.7466158048487488,24.68828256563735,False,6.955848365638695,3.235138500102419,-6.102804869345036,-13.36921935946329
0.09257768577330694,21.337340345604808,False,-8.027108599096922,3.1656144521569507,2.0380667110647233,-4.836125597560859
0.510169323438471,24.130434782608695,False,-11.292812714056522,4.693921695868508,-5.016211597658138,-5.083810443540038
0.22674853341285117,12.135993011065812,False,1.596091938497568,0.32792297937163095,-1.7023199758963492,1.9810183790298197
0.14762142042211507,19.635416666666668,False,17.699701925448895,8.959366396582102,10.449772985244032,11.868615209988654
0.4764998209327437,23.554391676693324,False,7.8477666167006355,4.8054370373344035,2.9824911790160336,1.9506024898475527
0.8505514480115965,28.280212483399737,False,3.4072664565618194,1.0881845751323116,0.9745322245322319,1.6826923076923128
0.9277386707244588,30.14487129737421,False,1.3236752468417379,-0.2529713352780627,0.43034234697154616,1.130451538313304
0.039481807096133165,16.336295283663706,False,10.336900596130771,3.2295800559744237,6.314527409578363,17.797908479317925
0.24164767266885265,18.67109634551495,False,7.257731277168977,2.4644220756681934,1.8666148162550966,14.388489208633093
0.5670935750954864,20.96086788066641,False,4.237947547552179,2.27179998239464,-1.947603191556202,7.300370672865486
0.6817082852101548,23.428213950578666,True,0.9839759600496212,-0.852322684357365,-2.3244157634233487,2.293089405425719
0.23123214112912363,12.559077446593989,False,-2.4475580381537854,3.0577153930392287,-2.228359801644597,-2.3413470591927665
0.10102554717946344,12.5,False,-6.735912728297,3.389486426702626,-1.9895259553155742,-12.833041046302352
0.3526715141652082,15.011038732964918,False,-14.127517720092964,-1.1333480063369872,-1.947824671648546,-13.878262284873188
0.3212411831016152,11.881488888721108,False,11.871921080540027,2.8607781242065755,9.441234779092467,9.115162129436683
0.5559449901855043,15.097112900493832,False,7.277040127301748,6.588895743881107,0.8883902223784101,1.7073830338877327
0.8678543288614546,21.921515561569688,True,-1.601601223521254,-3.0692243230313165,-1.5014580809470601,1.5987766154821559
0.8647054390630136,22.362756926426606,False,-1.796187529482407,-1.1937101523626703,0.5687907682841109,-0.6636002508194516
0.9184749246646993,22.902193856588276,False,-4.752028068650116,-2.478524524358261,3.8387486079608957,-1.430925089925661
0.06846312681933325,10.923950272038025,False,6.351747910180028,-0.14626969164789339,-2.068098917284067,6.910465043249525
0.10423895805617082,9.249778784694067,False,5.302971303791337,0.5582498516086831,1.9348396545216584,5.991761510776739
0.3850224567221274,9.766781276608498,False,-4.735597594948404,1.1040290067792613,2.4514052059428915,0.17278354059799828
0.41907512329104935,12.208377024695158,False,-7.864533632700333,1.1242909341653284,-1.7181393046521332,-8.37988816033145
0.3572958819606436,7.972971598307292,False,13.251312380331592,6.449733315404971,6.43768182412745,6.490363313207803
0.7618401725763978,14.12357785067731,False,8.118510696632608,7.700257270340027,-2.887728522141042,1.5617350746828018
0.9020372048141042,20.428431138555865,False,0.8104559965508296,-2.3964864660085516,0.5787255759652332,2.624225451270079
0.08131999871519208,11.872001953125,False,3.929301983926603,0.3088286283332353,0.5148853108658535,3.6926809665376092
0.24478566820478478,23.394671265282692,True,2.2008813427661256,1.3185715757782157,0.3461230689193018,3.2355154251316742
0.19241551315516664,23.8224753785108,True,1.6301383130562508,-0.1319364007136059,-2.6653850365629617,0.9376809615290194
0.04796890257455903,11.210851954048014,False,9.851753336607816,0.36654702893530455,3.488826473669815,9.961127308066086
0.13974009403379928,11.992263056092844,False,8.88497550930072,2.0044843480855112,4.525322655961395,9.724629537278751
0.254657827333197,12.835249042145595,False,7.8420159737710105,-0.4975124378109208,3.4194579215028442,11.209305155972938
0.4718503130152496,15.52956848095497,False,4.508548754906205,0.6570230102105556,-1.6120118269673522,5.81245182433614
0.6925272591466269,16.55969004482217,False,-0.04133010794828973,-1.8295626135571008,0.4365258154857221,6.250585295826938
0.22274761140560015,8.848639550318026,False,5.252092276864939,-0.11134495697450175,2.6712623869022067,6.945280102191953
0.2818069689812854,10.096967815324517,False,3.8106528831785003,0.9667593630521054,-0.3702477552734784,4.409291765194823
0.10746503015549577,7.116233466892191,False,-6.015618447249116,0.42070255766972764,-0.6013484731604013,-5.863109830675484
0.20289735694772226,7.6081157256729925,True,-6.21473177676819,0.4685311307540019,-4.297590860913569,-6.529538344502184
0.03644416635430563,6.6928664330081284,True,-6.160980875816346,0.17404540850305406,-3.1797739093223365,-5.797750065835661
0.7742411755271419,19.443903784054406,False,-0.09162911554138065,,2.7170006954766013,0.7293567041925852
0.3310417271567471,9.348172994915872,False,8.714506490962016,,0.7717604007384526,8.504985232782758
0.2679780966933847,21.133335658482153,False,4.842255808594387,,-0.10569731020753093,12.567248330271031
0.44074823571937705,15.347684140236971,False,5.498999112724867,,7.603124950645768,17.609003359471664
0.3052464077816282,16.166590043314052,False,20.009877834985513,,5.730785411111405,7.050275087078028
0.783253377028209,21.071318705184087,False,12.988621180521708,,0.029517741180296042,-2.981102700661642
0.8774276222705117,25.758678854318656,False,6.278533649108375,,3.2565425525298064,-6.461379645175791
0.14681005475188547,20.92612482560849,False,8.678628066465599,,0.8627498851103033,9.970583448223035
0.34329903705474507,21.41951463689406,False,8.000516266908143,,0.9738994472597629,4.898707086663978
0.3139028300304846,22.350674373795762,True,6.720736282760109,,-10.108870149609695,-3.1881849991634903
0.3678963912559543,16.699929212908092,False,-5.803174687132884,,-3.2516007953374504,-8.685894996948528
0.6077360395360047,20.20725453578877,True,-8.595309462963108,,-9.61504044965087,-7.510343257136198
0.06797214596384135,17.8542940506145,False,11.063993589992748,,9.412410447214924,-1.178879853946213
0.29949935160274715,17.8542940506145,False,6.825370819738663,,3.232519954969715,-5.32416221733798
0.28857817615711406,10.833479175685174,False,8.578201656481866,,-2.159249621245507,6.597256298492926
0.34856834063767017,16.510671018099348,False,16.45146564505213,14.294316710363342,0.8029418866368321,5.0307305727872675
0.8774751500661597,27.437490804384097,False,2.296870433041631,-2.3931649910095887,-1.7907133673796816,4.5086908570018736
0.12598949646251845,18.194878197902533,False,4.822520123812679,-0.2200129863686895,-0.7997962114337342,4.196117618111117
0.4703288033471892,19.37588719061544,False,3.3092122015466297,-2.2185529621943423,-0.6569164830713459,2.974424911993845
0.1839345150231389,25.717647721167392,True,-10.851441825872731,0.8111717720246769,-7.131141767153759,-11.17838478264802
0.3147807785350233,14.914177123644953,False,2.529435906959998,11.208908742892664,-4.959397782239217,-9.0678192034085
0.8631261610777036,26.09354053588064,False,-12.97912733080473,-1.703187699664399,-1.592647116004553,-11.246709630981332
0.434545535127319,20.92929416232639,False,0.00904347226933222,-0.6985275641992028,1.4330364767008552,0.9864785684724708
0.5303706166440377,18.50237641740794,True,0.47622477171689326,-0.13087969145567646,-7.62883739737984,1.110797679855402
0.2979130609283159,15.514204154168695,False,11.914322986910332,-0.2977082459189928,12.582410252022136,24.85125961993495
0.2952482224263525,13.770810537310247,False,11.270827951139516,1.7671632857374497,9.950177092238842,22.752772529269905
0.3769622169546328,14.676688868690544,False,18.785056886397623,-0.5592303899210171,8.113380068501197,27.372900446108428
0.35284868199499486,15.508634893084224,False,17.62684168677966,6.9508503547521805,2.3423543582732798,14.868247879537178
0.22374212609903674,13.71662993695458,False,5.305101681339219,-0.29319521489062916,2.2247678498093837,7.001476393277106
0.3966111436744459,14.61779174627712,False,4.205272874319843,-0.19828511672168592,0.6122630734284984,4.986715707536482
0.49416365913795374,16.966364811639025,False,1.3389415607274247,-1.3429842869030928,0.5808180422517628,5.80413423040631
0.03884173890682188,11.371700678157975,False,-5.63375548126629,8.658918414478588,-8.0045050074797,-1.3334835446030424
0.11017264762787599,14.653300271062763,False,8.933751556475666,-0.27363568387387405,14.529560779436679,29.758173157393486
0.2107977830389457,15.87499803112399,False,19.467184146054016,8.329321136254219,4.797846413631435,15.353858862413405
0.6436916187630107,22.4423773669842,False,10.140749695990326,4.122506513667723,5.663599242020423,9.190924604684714
0.8160399044099809,26.590430710174722,False,4.250036578599392,-4.418796841256567,4.135376889224851,11.890104567156268
0.4635230214567743,16.080822103541134,False,-2.3414728780253857,,0.32703055299780903,-2.3784040218022273
0.07282042260652817,15.585121201591257,False,9.238236582962234,,-1.421915204371571,0.4049416595211408
0.21893266228645,21.835339865609,False,2.3516880288887876,,3.112071580279152,6.726405861298357
0.045825952548793236,16.529288932849763,False,-9.040359203132587,,-5.35183831123871,-8.695441507820744
0.24710829335804824,20.415368316633305,True,-11.18250944163196,,-11.009928571927386,-7.702563119345385
0.07939730953888284,17.94842827418195,False,7.273638243533531,,0.6631056045920403,16.195078349766767
0.3454266164768966,17.94842827418195,False,2.824591067189086,,-0.5010011987451768,17.70766430182922
0.04584163396379705,16.455399425111544,False,1.9380744288193918,,2.9208513282117154,1.602694085647527
0.057989441325547744,16.455399425111544,False,-1.1259977328074267,,0.3628266721011686,-1.7269892192236846
0.8317699642115579,26.263399693721283,False,21.079137238767885,,12.825694695055944,14.70227354745579
0.9400595440002342,32.0443158563263,False,13.054093023696712,,-6.346807706837931,1.378919531545142
0.14597203132330153,14.947916666666666,True,-6.023645214786266,,-1.6528925619834656,-5.726092089728452
0.042372774942120356,18.97784131522516,False,23.552966872952318,,-2.756429962086282,10.923250333025925
0.05069632563157497,11.417900493530746,False,7.014613473913633,,7.762586664938764,10.160046653275456
0.29272546809557914,14.858974358974358,False,14.810562571756613,,4.9917017745436,8.917400740457037
0.5257949862200877,16.57035175879397,False,12.50281257031427,,3.8571251395262296,11.000868163214683
0.5839286399288638,18.59524393233636,False,9.772295668019314,,8.231615657507074,7.047080752811019
0.7392178949733108,20.44324648098233,False,7.280310040096016,,4.723978599221801,7.624027237354092
0.14988062169267935,11.834011863845763,False,-9.601731586643814,-0.5581522929822613,-1.200862102072675,-8.97010945510398
0.17182512805808586,13.142169987879168,False,-8.490937002716448,0.7000817073505861,-3.7127752419295446,-9.380546188926154
0.3430579041580149,17.222767403455286,False,1.8640116474917257,0.18574121579604252,-0.08276501089766741,3.6085544751380816
0.3522840542902892,14.725204839939025,False,4.086648426632422,1.8338592029918388,-0.2930450684777375,3.503519776209729
0.09122124555114301,11.593154977102916,False,-6.478691199192033,1.6896763546092153,0.7693380608599698,-7.40370926337286
0.26532160705897,13.408876298394713,False,-11.62224988504713,1.710521988734337,-5.64391452219426,-12.25336830719973
0.032430642746198224,6.551362683438155,False,5.343304442149854,2.0526312052975504,0.18027298480556286,10.481586402266284
0.29141950853836074,8.937691521961185,False,2.653230273555618,-1.1581520385813393,2.604166666666674,11.421877543131508
0.27365095487375424,9.657477601526152,False,1.841825781310602,-1.8940538246410843,3.4807172839010248,12.493573264781489
0.34816922419820745,16.35117873328191,False,20.670522240871158,6.908192799574309,9.991239489261062,4.59952760896678
0.8478428260594428,23.167329116495996,False,3.0969174751196427,-1.8032547532375043,6.330378491847699,4.643061848190744
0.1541082555511351,10.899295482801492,False,-4.568541365128342,0.6158597810780542,-4.050396551169966,-4.786838679609151
0.16961748111194908,12.31558582894649,False,-4.976590171991213,-0.9834684357882262,-3.9763677346342563,-4.770418046529401
0.1413955511411778,9.88088956775849,False,1.3735163808901607,-1.6574502046281414,-0.8949329732886313,9.021803792188399
0.17721659318975436,10.38392739256465,False,0.8076573424619315,-0.9237922735495285,0.05089447094819288,10.082193452294597
0.06683802144094655,7.021558176122472,True,-2.2701540606314907,1.3403774118128986,-4.026711240283554,-3.2439216628804446
0.12040420696236197,8.543146115773617,False,-0.19872763330139875,3.5006432516613506,-1.9906255025999853,-3.575246556664069
0.47587380684630265,12.062900889716532,False,0.2941056215405746,-1.979858621232733,-1.3164411445484525,-4.68321589789733
0.0807062859934469,8.661940629153744,False,-4.83448949316333,2.283220634614924,-3.038887406694024,-7.0189399265193515
0.0302419190761905,4.98017709332824,False,-4.4390175331031845,2.961926527094305,-5.4587000092660265,-4.835791810559098
0.49004711874117013,9.215113929139683,True,-5.248674814562193,-1.6130069123980961,-7.5801036474242744,-3.97297142771047
0.025476260259814802,6.865216237728841,False,3.0203189412449705,3.3569219437437514,0.1920983543574284,-0.05122622782864905
0.3515362625573246,10.674979324384502,False,-0.9279577049544407,-0.8646569303745077,1.3294982422499269,0.03835091083412845
0.25946619125009507,13.675797693261273,False,-13.855377857963324,,-2.444599476494902,-13.36531833870035
0.046482853613844896,11.067195463777214,False,6.352294350485699,,0.8954229880601794,3.773580854597558
0.3689802003044319,14.012738853503185,False,3.7487701291264663,,1.2851081672167641,3.8870379937318678
0.40970113445362644,15.09433962264151,False,-1.0294477946842018,,1.1727455489797922,0.2535618995146649
0.043415893131609415,6.692013661973226,False,8.041356038512815,,1.2551851248558288,7.835736137112703
0.403202330280839,10.763634883996213,False,3.3137314139529694,,2.500893032621909,7.682183949894084
0.09677396553887094,10.42532387874012,False,-4.8378262580211935,,-5.371494524335285,-5.224464531975748
0.09770158002656767,15.384615384615385,False,6.3518746335506915,,4.362065366213286,6.008668696587627
0.4450749219199743,17.65834932821497,False,3.4940507470445414,,5.436991678235148,6.219220126901259
0.3119645867089724,19.897931220050307,False,25.351842858958683,,7.5882030353568775,12.898397132763307
0.2994605399284963,13.855587674811758,True,-5.740321019034333,,-4.3374643060586475,-4.706704892352198
0.03567101889875214,15.012364971277437,False,5.422027411807417,,-2.292203887980826,-7.060199326270222
0.7828077420083774,27.48917748917749,False,-11.271562942104262,,-1.6916689383043693,-9.783201224151528
0.4181285339680251,17.271636082575874,False,4.411833595600001,,-1.8481699851356503,2.8234317683087706
0.6074585860647709,18.25415821936238,False,0.6487765692950065,,-2.5625630468844474,1.5686788413449948
0.1852454710132693,13.269084289373618,False,-1.1244672731112182,0.12945365240066842,1.9237929862631287,-0.8139037324478737
0.2886863114953971,14.033802532667373,False,-0.4609664457089768,1.7688857005969227,0.2879835657671359,-1.979841699668794
0.37763492398206433,23.481121007330607,False,5.057637004942839,0.8504226446936158,4.744518004813747,4.298461411661947
0.634773562505092,20.08803448352081,False,0.4979106313409254,0.9358992119998577,2.698407854352669,0.15872773670015938
0.6160863106795427,19.01408644091858,False,-6.142215235929904,1.0985783156248985,-1.161434333328526,-6.658916957920713
0.7610366638970046,20.323321891394535,True,-5.323264905937231,0.268480574024621,-2.2596740778835223,-5.323634174777703
0.07417072618158399,15.00563926752761,False,-1.3207680065082217,3.2820127775387675,1.1781964718489357,-2.908686936285798
0.22672201582895213,19.51566601682771,False,-5.387587841733799,0.8136002210739068,-0.637389458878157,-5.45325574692801
0.07869788317123609,11.738384200865964,False,1.2287624294279764,-0.8082503429904464,0.8965538287984964,1.1034524851831984
0.12575488867488108,10.964773451456553,False,-3.2168816690118174,-0.3992261999482438,-3.1928841603717895,-2.7649750605680534
0.052480903025234844,6.792714804583322,False,7.153846411459663,1.983064455753003,-0.3425830835593002,4.864683968464534
0.12596087974143028,10.287729241150254,False,-7.430062800750347,1.949270043226492,-3.253564480262827,-8.44312837101695
0.13716070134825095,8.250550331141833,False,5.790032805663903,2.7972719740434693,8.83784113703545,14.243246542440868
0.4489984860525215,11.569148936170212,False,12.390180006094864,3.6572489168601896,4.256430037281622,10.225804739768908
0.6967223102657443,14.414414414414415,False,7.928822783504463,4.368761085179007,-3.6006951975321666,4.643650638838159
0.06810154518097442,12.345409991318812,False,1.3979784081473712,1.467063947786218,-1.4175649308849736,-0.029801763708370288
0.37795510156650747,14.341449526681204,False,-0.7675618297957931,-2.1093359449782634,1.5545344227749336,-5.337248688411611
0.20787451190998024,13.63073108613061,False,-0.035588664793773095,-0.5239069312279132,0.32672092208381187,-12.375821492989857
0.20307110528085165,12.632060438144013,False,6.496697592301026,1.3075963310873684,5.342952405022272,5.616952822970123
0.2968447406381358,12.632060438144013,False,4.618203010969113,0.6816447279761162,3.854812957176179,3.7287214583131334
0.3549148072625475,14.002691456076906,False,4.600258395642731,-0.09611562453861744,1.064353139927432,5.326267888749459
0.2583756067254314,14.85754693868763,False,3.5604804550767977,1.626419087999853,-1.3958670297166687,3.7627918372487468
0.03202532432738832,8.361895670748783,False,10.16690201101975,5.729413021052765,-0.5692167814723814,2.504556154627502
0.38867844071370966,13.43373761846387,False,2.8666832488120964,0.626386115753963,-1.560625637834101,0.5477158870236032
0.40924472940457657,13.919882847236273,False,2.2889969090618134,-0.7955424272369283,-1.570256574634732,0.34559837264047655
0.07870110272298357,14.901355501663744,False,-6.4541605399448425,0.6067094156986252,2.341047080769676,-6.0559397409465365
0.3412021901437017,16.723982636924962,True,-9.310156713134921,-1.1878729408669186,-4.946762750767308,-8.080315355104084
0.1897254298472788,11.807594290377436,False,5.650513622838904,4.456722508456545,1.6900583767778254,-0.7218617837843166
0.30354165528778765,15.739898805552887,False,1.7122649531057688,0.5420498516747418,-1.6949152542372836,1.158193814552444
0.06193795209070171,12.354294478527606,True,0.20907433213535054,-0.4593596435002789,-3.5875814488309676,0.5703364555385226
0.04355134202498252,8.823133521786803,False,4.740768418921881,2.156615862985256,0.5726223105044337,3.0397652192755586
0.21172955867110899,8.823133521786803,False,1.8056724630757248,-1.0415722118447768,0.57167246800085,4.346229261799639
0.39111536048615764,15.796206988052921,False,2.1024404414538678,-0.40319728372355534,-0.8351853456814551,1.4263074484944571
0.05630529763197829,7.82122905027933,False,-2.5177148893446355,1.8408493053640784,-4.521657041089555,-4.241463253103028
0.22428531829946877,12.941457975856686,False,0.7747933875123181,-0.10668127670854233,2.606084175060408,16.947163043888793
0.29122435957871906,13.774228528522627,False,2.758413529688397,0.3671599479970755,0.9502560232395707,16.64624066135334
0.07581854988918471,7.677141462053571,True,-10.706470437988614,1.306324127132208,-7.498634907450619,-12.035624095151842
0.09589953830085939,6.8807339449541285,False,3.39853089105131,1.3135309433823794,0.29016360497191584,3.3117783754463392
0.33416031721454537,8.26339573918657,False,1.222423994556765,-1.3968247850482785,0.07743243803159938,1.7842387257031023
0.39764096776978675,9.173712288035452,True,0.21797818560933546,-1.3672341454853965,-2.8447663663959455,2.353399208843543
0.14139546137376569,9.588957418494267,False,-0.5271584837145182,-0.8404679855756214,0.3738277984776106,5.286993149897645
0.10008757387937708,8.232409028021728,False,-0.6948443304195195,-1.7528881007776942,2.3085018430839765,-0.1814749452679898
0.22432037152080855,9.383331298828125,False,-1.5174169840899476,0.700659301150508,0.9671880395509147,-1.8186327922628975
0.46170217875071135,10.502055603780864,False,-3.687320694623575,-0.4606636634215566,2.2090664967621576,-3.241589857794036
0.09166657804641451,11.01854992233803,False,5.936730652235811,1.9346910549413288,3.8669451279584655,4.436465505654508
0.2789686030558665,12.819455894476505,False,6.634999050245494,-0.538527478026174,4.233088012178321,6.5401733525460415
0.36467048198899776,13.553506270759586,False,5.737144351345758,0.4541545281741888,4.013794737976872,4.14367279449066
0.4072060177959307,14.926997428868674,False,4.057156805463924,0.7111960404563522,0.18276594987221007,-0.4489847667233815
0.5391725369645262,16.197798594145482,False,2.5027746615727375,-1.435845117374679,-2.2998898314992022,2.9092623509562543
0.5558489930090902,19.55999755859374,False,-20.49751243781094,,-0.4112911361190852,-33.11334406571318
0.03494231596727717,10.44776119402985,False,6.308391257492785,-0.4488647256831957,0.8692723572901739,8.187168347264095
0.15075534962043508,10.349645753484348,False,-1.106014271429634,5.2964355412731035,-4.522613065326631,-6.080405077143524
0.04555146219841027,17.040117997202778,False,2.934185156038649,,1.6112189825844503,1.9026549212273203
0.24165269437351353,18.94252215479278,False,2.0521249561949118,,2.1202338874115823,1.9355101854034995
0.4621363766455352,20.010751243112484,False,-3.582479957590079,,-1.3872421984105876,-4.099224517024669
0.04838323497141509,22.47811708786572,False,-22.142361415796476,,1.7896078530844184,-63.87012987012988
0.7705132671670794,18.205803199651847,False,35.57078679516459,,-0.04095117029112583,31.14463561748657
0.8766049448353335,30.657894736842106,False,30.276248729113497,,58.224646717096284,35.88938037459457
0.9453670271634477,34.125,False,24.266166117653952,,31.776508629050994,13.812155080265232
0.1050686139470805,13.002051681768698,True,5.955881333917001,,-2.959938759887726,-3.393722888491957
0.29660299146185315,15.318643138639892,False,3.1344758381741444,,-1.7890154036271588,-3.3261337032677307
0.21595830047322478,14.216838889131658,False,-1.144483899655635,,-2.6775235700839617,-0.2420721006464066
0.41031325820711195,15.121773900399853,False,-9.1348075626276,,-13.967337533521452,-21.005443483829655
0.9441490965877664,25.32301511012446,False,-21.207574722817657,,-10.19434414034227,-14.378589176545042
0.2083789235396447,18.363032657952292,True,-8.808407175960298,,-14.935813635029438,-14.491440311211
0.10827362167491841,24.013333557969723,False,6.142130324262385,,2.8530872698593557,5.932063864673531
0.21432873176062792,18.914444829035403,False,2.3902048629159456,,-0.6004184992160599,-1.959239048148631
0.14479676757875676,14.954212821128193,False,-15.96931924306234,0.4403728636592996,-9.254716871273605,-16.310033201184172
0.09374458444937342,17.96657381615599,False,-2.299089510663943,0.6111503762524562,-0.04131778775737782,-2.899247730442922
0.2773585162766116,19.204389574759944,False,-4.319281507414896,-0.2927748090821414,-2.652737010073425,-3.6492321130412564
0.33272447639805813,20.032583020616716,False,-8.940802880692377,-3.3749841716647633,0.08266973281949586,-7.123666855946431
0.2658934406543615,24.63124504361618,False,6.6909702084344325,,5.1679787980356995,6.648998363083636
0.5271480925589185,27.715241861880134,False,5.829235326258897,,2.1596035796168866,2.655129058501582
0.32591293662752874,25.964464388913232,False,11.241457315135017,4.472038972316805,-2.802588777764936,7.5454262639135905
0.047210966700052946,16.590537366355136,False,11.888432981552866,1.771009416419922,3.7940253763648846,9.941361123515179
0.30345736265232726,18.6046511627907,False,5.129388034392002,3.2820394153264765,4.072747827368484,4.145335219996138
0.0923419661776005,13.993938167988965,False,0.621829047779654,1.0743257045032095,1.343080294694543,-0.4476870397794652
0.4047480639438097,16.434108527131784,False,-2.2098770621215458,-0.4975124378109319,-0.563275372540506,-2.1759221583236843
0.5633932249200221,17.089675397357563,True,-0.8189288390841654,-0.43628581763002217,-2.9074630772742416,-0.31535848495726215
0.06017320632782333,10.205696202531646,False,2.3111203600763686,2.343129547277689,-0.9960257568269237,-0.5057972238336039
0.7925374878282783,20.917816531291848,False,-0.5262327088143559,-0.3467419702882113,-3.9102483317600134,-0.0432851595487449
0.5587884054772542,13.477615181620955,False,0.2876838087304545,-1.422648783356406,0.00790633340748137,2.016607354685651
0.10110430196177621,13.679316466765105,False,-6.785947932238057,-0.4820655131272833,1.1051003461194142,-5.431463868805075
0.2997526881552134,11.14791611493644,True,-2.7052755351229085,-0.650829059632485,-3.1240347928779055,-1.612406885901163
0.03877803859243131,9.032352472698594,False,15.29969059995906,4.949534197885552,-0.1379428183813758,6.185563355722934
0.39669733725529066,13.880918220946914,False,7.425569426897094,0.21627872117178093,2.176694730623008,4.701947168165099
0.06215912742678924,9.805075821929993,False,0.014649200340577373,1.257279952832313,0.5468988497594474,-1.292682882421048
0.0448507266859528,15.662956354418911,False,8.147710352106575,-0.11597572797775735,8.263884650336362,19.618055555555557
0.2600252068353154,15.662956354418911,False,7.148595113889922,0.06091114742563519,5.400534648496813,17.97029772496648
0.4022615749316949,16.11824983598435,False,13.477174914976331,1.0883863106010416,13.451543100519414,19.92158197134557
0.4583221610931686,17.224755232296417,False,11.980268780374326,4.971506524698177,9.212638623510362,12.211357824783686
0.5679994795472407,20.514217981532433,False,6.999087241771296,2.099552878381772,3.4487958202773505,3.7042547038435236
0.11837707758558733,10.213882933325106,False,5.048954056428956,0.2555501531500193,-0.3866586486443002,15.328659851347659
0.1512684689702735,15.675536181083649,False,4.713444126799482,0.566872889591985,1.68688708999718,5.2288298954943135
0.34168409315047854,16.922228204845705,False,-0.6416409262525957,-0.835462408288834,5.873800847181299,0.19545443032695786
0.11384960870593543,9.286716701267482,False,-0.23309683553386362,0.8941307448770308,1.1140510057074282,-0.16710085122839669
0.2434070096103268,9.904159801377585,False,-0.8154184971963518,0.22120968922969553,0.29733432259078096,-0.7606140486373647
0.30374710774843594,11.00439263863075,False,-8.68926511855781,-0.06061729488807677,1.2547363786194365,-7.783524606278003
0.1782198243079181,15.844436442203817,False,-2.0024114214666544,-1.1066382169096833,2.0577617328519926,-1.2635379061371799
0.31326008138455436,17.36209335219236,False,-5.184120105690604,2.450971761705101,-3.910422415910464,-6.579769895395149
0.6175980490700994,19.302486187845304,True,-8.997825181542208,-1.7000632198125198,-5.8528430084889616,-7.7271395008895905
0.2777571704288691,11.928879005677615,False,5.765355202522127,1.2138828473453822,1.6986615213318235,9.66605568383514
0.38844990173054206,12.88942199584286,False,4.611830989418619,1.4652212918943919,-0.32152948604811105,4.720826619227414
0.534716183462484,15.177843047351372,False,1.8636467647471733,-0.8666044183616717,2.8327889640260118,3.782161060790523
0.10594122812335593,11.642730000631172,False,2.9784010956418694,0.8874254000070136,0.9206449207137757,-2.631690609450321
0.1940063674338631,13.013128423939696,False,-0.5194961069524884,-0.009481423396495714,-1.5294707546834707,-0.5581659956635621
0.27960727532456714,11.116967764867395,False,3.0360756395827915,0.04957880602225462,-0.41654523614750305,7.63659547700366
0.06707610204897127,10.262002250071715,False,-8.695189279981797,1.6032840643550372,-1.1277668661015317,-11.052828774822032
0.26888983996296467,12.510721039219543,False,-11.558286389709238,0.40412284962101364,-2.9890967058470386,-11.930533986467761
0.05626765146588006,20.30300946220675,False,-0.374710291731295,2.0731478188555474,0.032074296446005235,-2.3981411006653186
0.05254338224387048,9.14699987437148,True,0.5612161077918287,0.5345211827767926,-1.6830542642482182,0.12401668737576088
0.3135204725794426,10.238518057779363,True,-0.07558947065686716,-1.5435212993392011,-2.52858541748332,1.5725606168782935
0.027810658487704164,7.9086115992970125,False,1.8545640845953448,0.6472266663268167,0.437541236471195,1.6965800148045274
0.16293427127011986,7.700293843233336,True,-0.5836021448178408,-0.25646756359003486,-3.0036188064144542,4.263768811930069
0.1112924566454364,6.464089169675871,True,-9.90318772947274,-0.7224170331550983,-5.059090073245153,-2.242194649083429
0.11108977480589236,11.328472965336651,True,5.585468255604686,0.1811034252014565,-2.0725753886960074,5.79176505858916
0.06511202644103996,7.941760423560557,False,6.713289936814948,1.4319566185041044,0.8669045268816511,1.042888835172917
0.19265657261276795,10.310143909790284,False,3.9678757858334857,-0.2216381699649439,-0.16717950537346038,-1.4017443057007473
0.38670435137072556,11.118210862619808,False,3.0311700284519905,-1.3876305374087905,0.8723747980613927,0.781904722839255
0.4449313240905235,17.623225285672138,False,-6.1411337151326855,,-7.837122437869237,-14.241867068755166
0.8854542442353921,25.107429740568755,True,-14.790689575151617,,-3.5860422860722885,-9.864309497546419
0.3074314632221697,18.014921747275764,False,8.650661560760952,,-0.3023287733585178,-0.3887059122910874
0.337540533057651,23.16172108796989,False,-7.452922013592678,,-0.7224484550360621,-5.976619037116482
0.8536652575766817,24.95733669089456,False,-9.615632834168608,,-5.563269325341724,-10.659770240792044
0.04634063924266145,13.23394189169841,False,-7.350700058951054,,-2.1541285167604785,-13.488909977412543
0.5015088471638026,16.48463865932882,False,-15.257348665187143,,-4.27640275608856,-15.901686098053357
0.135110619380574,11.797598760663876,False,5.274577432067029,,1.043977571112964,-1.2266688671076609
0.7979338570698281,17.656269078464703,False,-2.8867100841887927,,1.346931820131858,-2.1969383450748947
0.7925582073261382,20.927318295739347,False,-8.440256388113465,,5.694292082204178,0.7546652157138123
0.3443574147166974,10.556930179183462,False,-10.861630178003168,,2.1125545687223024,-7.430338664544934
0.22728580735027987,10.572595472797376,False,2.039226119848103,-0.4771609689707468,2.224199362581092,5.810294774919278
0.3452001240003269,11.986754966887418,False,3.166286157684284,2.546865089906447,1.040259621644335,1.1565565018277102
0.575906703718633,14.478764478764477,False,0.8343129159943619,-0.6960036103867528,5.152342454551873,2.9684859218866544
0.489831656254783,13.470117313970922,False,-1.2012687558297874,0.1745430754372279,2.1294235655489713,-0.351707368478571
0.5074676195710417,13.314020526078593,False,-2.5905880214084354,0.5427563702744775,-1.8032583559567938,-3.34535060261687
0.6571785468619178,14.604790748406565,False,-9.831662426279596,-1.6025483620362047,-0.12507035398253707,-8.661122013290711
0.06941960496799109,16.824440777367236,False,2.9129992573929675,1.3409189432016744,-0.10973798971444237,0.05809982752869036
0.16218084455868148,17.885916854656784,False,1.5996364405414187,-0.4654458933178063,1.020278057529822,-2.3211263535972804
0.3566078552889187,18.905155951623172,False,0.33853337842140174,-1.5742420931624368,1.506838104457331,-0.42140057410927634
0.17295639102031962,6.111111111111111,False,2.388057002314836,0.6799363641860179,0.4557144092294463,1.6965849401713085
0.04606622283947065,7.368421052631578,False,5.182225181657518,1.187836051500879,6.173649923561397,4.725743944931504
0.33278760895023685,8.979783732957216,False,2.487096666555577,0.6158698200640078,5.41772875698161,1.9688177253025296
0.4841631904957601,10.44500156018256,False,0.18369842405328018,3.147871954088499,1.4348413737957255,-1.4801045783355726
0.7262186784871507,12.173128944995492,False,-1.8209224392016332,1.9967833356324904,-0.6885216922615567,-2.7851791281017113
0.788344052586172,13.166521205851407,False,-2.4937336712418823,0.04009849652866215,-0.1103801539932503,-2.3047354595166825
0.07205036691062727,7.1338552757526426,True,-5.674619750098464,0.8549811258844686,-2.488888888888885,-6.391113281250005
0.0393189483399871,9.184605067921929,False,5.206362767195327,2.5518136096016386,3.451643692463402,1.2732897591781311
0.39072926435469957,12.19189072868428,False,-0.17283629899240704,-0.8177861519963581,1.7296227473476256,0.6502676518113759
0.39407613087554005,12.761200901952407,False,-1.8357178852991485,1.1414691758073747,-1.5311623894759596,-2.868233771835238
0.5708147824285627,14.458761837883912,False,-0.3906583918893425,-1.1813783317091486,-1.9083969066028605,-0.05575301487700246
0.14691850479700425,6.11291425880887,False,3.463652163843922,0.7793553830749644,0.9463386443824939,-6.315746469772909
0.29644986249655625,7.212317666126418,False,2.2521086291345194,-0.666842093095088,1.0469949411311186,-5.027997110576521
0.27012601862236013,7.705946918206689,False,1.7081287533940115,0.13209590772713664,0.5119188928381257,-4.530610132136481
0.33421894962795906,8.429304411078602,False,0.9109881515553697,-1.0068041342473522,-0.2534724766649954,-5.653013821538632
0.053461993517813666,6.8967170116164915,False,1.3637215553894189,0.047122786827413776,4.3533980924984395,1.6063781720817127
0.22930170429844765,6.832565393614785,False,9.124790820956274,1.6731410520673728,2.4389080961081167,8.517499634125581
0.3974445368136551,8.126076932383581,False,7.435487349371628,2.6849297542831607,0.045543563430250344,8.46655511310448
0.5810136499616203,10.22217803187229,False,0.2094012496140829,0.40751032585299996,-1.4795984181006472,9.33797743617324
0.42024945508721684,8.101200849456124,False,2.6952704417507967,-0.3571725687935734,2.0248260855407763,4.727524431525154
0.12463062118976254,15.331954254450567,False,-5.2141050650861605,0.11769685101734595,0.40632388439718614,-4.3882997551289
0.23869342235140772,15.84607299124057,False,-5.898852501477359,-0.8542061312825422,-0.059022414468834494,-4.632980363565109
0.1154633120303866,8.764466174995334,False,2.845236304479859,1.916694987176859,-0.3981437896967033,-1.2312963681315736
0.38912204841857767,10.040487627093302,False,1.4068413911304978,-0.131290547629892,-0.5992891141976098,-1.9951799937086956
0.15011758362385313,12.310253510193366,False,0.5906158662077887,-0.5263370286458735,-1.450305674532748,3.3135351392712176
0.10589741140644365,9.691922522101683,False,2.758256686358229,0.630420111683816,2.266598923132346,2.5489669339766374
0.11113364489013829,6.1438842056526966,False,-3.306478817870062,0.39099619818354636,-0.8996939491685452,-3.5312044521001673
0.1328853198106002,5.881014737215909,False,3.6076315967788153,4.823476201878307,-3.18663748452086,-1.0782993883755587
0.178191317911519,5.933511733223549,False,3.179040982817516,4.950750569917006,-0.8829510708020627,-1.8126888217522619
0.11644498054200697,9.012670332297395,False,6.549490177608264,1.096240052427322,2.4167403477748373,1.8213969938107866
0.2569335698348515,10.394349617422014,False,4.931493210814697,3.6606256533694204,-1.3275336120212367,-2.3726132640379594
0.1608005372171868,12.455588265150746,False,0.9468948022046009,-0.2954974392073706,-0.6284845413076501,7.501267105930065
0.14791290714127603,13.975944610815958,False,6.2290830393441965,-1.0560668988657262,1.600547927003615,26.698871497594425
0.21965177083054283,15.119486528124563,False,4.816950017445065,0.9798996671277038,4.69116997122867,23.976818981012006
0.37151034660259563,15.913572723138211,False,3.836351649129721,-0.9448195314985197,4.334234087479638,24.787807220364066
0.25413719296503373,16.617180668237467,False,13.24682116465381,3.2532630371026716,13.029366376887609,26.23675386323687
0.04372385923013883,6.860493147502725,False,-5.502940800478551,3.664619086627696,-5.572831582553817,-8.210694707339695
0.33766662635174216,8.962233194878085,False,-4.406013277538845,0.2983862236172863,0.5624130398538929,-4.363145497851962
0.12979657688393426,8.781964325410398,False,6.1986989898176414,1.9976866465236665,4.118732964849214,10.16486949219415
0.3581870504659531,9.760071090047393,False,3.490251610081274,1.8603664143736376,3.7260063308973246,7.545081510871143
0.37795255664183774,12.204610951008647,False,5.555797314759081,1.5068720473640607,6.262634901199626,7.675219897255547
0.26359617985525424,7.609333302351021,False,-1.2551503165769917,0.9206190094027233,-1.1770357914965168,-2.320444334764593
0.1352706123987318,11.420497287709805,False,-10.588699564727778,,-4.478837831394178,-13.504673023576498
0.22956401563500994,12.99576861035824,False,-4.339611216541406,,1.0477662391188636,-9.714946312692563
0.48800449768361115,15.845333482643504,False,-7.362347674680292,,-4.666058688400321,-6.373894767408183
0.07755798527462941,12.069676471987451,False,-3.990941177887797,0.9480442822208612,0.21752084506050373,-3.863937919665472
0.2993773368213474,16.601154814948618,False,-9.116587589808656,0.052082272384867956,1.0045658802451785,-8.538813907426757
0.3245798238641713,12.990540012184828,False,-6.444383812173715,-1.3080707533929092,0.8460892591874991,-5.212490645085321
0.06194282805593227,6.878831974771693,False,1.8371038039423526,0.9840040879157019,-2.9053959916740646,1.8167764467172276
0.1749813907343054,8.264860441932443,True,-12.912015946062262,-0.6891336044113072,-0.8563857560856425,-11.286194456309762
0.20526737752908425,10.902803556965443,False,4.4768913822715195,0.7503908782446667,2.6293069208489284,3.8368082805655623
0.36593232154536903,12.21733467647039,False,2.4795112379464745,2.498568986647842,0.8833322746970795,0.202196717980474
0.04175649349254649,9.086757661019996,False,3.2453863019606066,2.8658485238713283,0.36641122896119427,1.1868305157103132
0.2682745840112096,10.240289053227722,False,5.625822903390798,1.1149945743366585,1.3798319974542173,5.309608784674658
0.45653328724624054,10.95002866898263,False,4.790628246784734,2.8805832517396768,-2.6229681951549844,2.0839920136363377
0.296666208250002,9.965111572095255,False,2.6160173188706004,-0.25031447134528095,-1.5084676631289096,2.318729128251329
0.05049151393065039,8.137210773890201,False,3.1679246748853807,2.426377412492231,-0.4770426379624437,0.7314769422783529
0.4718850697517652,10.020863672926481,False,-0.3622520284680131,0.4399268797332434,-0.6999895682594293,0.4232353260594568
0.43807254243632415,9.618001302083332,False,-1.2922043428689745,-2.421891195066317,-0.9783181458620116,-0.7334001872740803
0.026256979931107795,7.834844160151946,False,0.9252431397181571,1.7778323109090222,0.5708771751121278,1.051056429529118
0.2058734415287369,6.450077914603305,False,-1.2252732769793107,2.3080458316391494,-2.4876424058352775,-2.5240697371844867
0.37817246884281425,10.598643903175155,False,5.118589038481947,1.4251624114134387,4.328732150472314,2.040394622752051
0.5699556198397624,12.442636144620165,False,5.233639381059407,-0.2307109817308639,3.401185261530526,2.009791290904417
0.6745852546009361,13.003383670397394,False,4.559686896503901,1.8577544706069204,0.42362322452031975,0.5631721319773186
0.03957440650187813,10.222672064777328,False,-4.818017645986905,0.20746470078756296,1.5063606441686028,-4.894401418659655
0.1380400322716335,10.732442119183112,False,2.2948322097197105,-0.27557375231412884,3.0307782058671906,6.321479368333738
0.21322177925452152,15.149829812245827,False,0.13289923789123748,,1.1360459937841183,-4.960580196962805
0.6341713093636984,21.65612744719615,False,-8.418378555591598,,0.919411540699433,-6.915573762652305
0.08967740566472908,20.876626018837946,False,8.785080248867283,,-0.37960522834643573,3.642146255812251
0.4347654515348956,14.123886952414862,False,0.8335086179591888,,0.29154073655461854,1.226916355219565
0.12081972329107532,8.926495222052214,False,-1.6104805201091588,2.658659955647491,6.821530024494948,-2.404713315978302
0.3603917246095637,11.467737997731854,False,-4.943028760557078,5.601027122452273,-0.1369598862188015,-11.29203377396426
0.8011767634951086,17.009373427172804,False,-13.420502754335429,0.7962869758388669,-5.104104835032985,-16.787157270729402
0.14063912088485472,19.37127038658813,False,13.290233062982736,1.8790793141447493,0.2376548076869378,8.436600622432211
0.3897651942659949,22.658351585957885,False,8.671603984252908,-0.0952071661951881,2.3773456755185274,8.160517013383274
0.5432188534549809,23.52156997513552,False,7.458708618505772,0.3809849471190452,-0.415006623286851,5.959489031200671
0.7986590155966997,24.42798253440072,True,6.185121764505674,-4.34657985791207,0.08467400508043177,8.789165861822612
0.10595693454050134,13.257908496847756,False,-4.836953569903879,-0.45396575483003243,-7.20245248576874,-4.011120532598989
0.028235907056762752,9.47279119167198,False,4.584056574943496,2.6613010154735717,-6.948432051722319,2.9923942869030107
0.2178217662129321,10.387207442261154,False,-0.11223549039837133,-0.16248722716383224,-6.2762895101997955,-2.8100307168185346
0.08968446240479307,10.820652179401343,False,-15.027824328118855,-2.573274928311098,-3.1360074777535885,-9.44155440977733
0.2682725895561457,10.125746150715628,False,-13.091089175619352,3.008081104878091,-5.643447555656877,-10.601859825207093
0.19958472426470755,15.640093316957376,False,0.804351863811692,1.1047820872630787,0.059639720272119945,-6.163021868787277
0.23337381156071163,17.76523977585354,False,1.9058235250454691,-1.2162690401336773,3.2074626723720634,11.146496660525894
0.16119016019240798,18.972423743897235,False,8.443545915448759,0.47626499104844733,2.2261351805582086,4.8930970006945795
0.10637313002123988,8.805967546475225,False,1.1997581389428191,1.3482719042381408,-0.9905189055913977,-0.27397003013041044
0.26529460826568685,10.316624516487726,False,-0.4766467296990373,-2.020613620176792,0.38314566992709853,1.979569721624852
0.11693767864987217,8.246527996236164,False,9.608213176807801,1.5322745351104894,1.643188559359987,0.2774194997943624
0.41125532685565214,9.98510180863911,False,7.5313220805704795,1.6844641017358386,-0.7951428837623786,-0.39757144188119486
0.10508486817115469,13.698982705875318,False,5.6858527138700765,-0.21829472446044385,-0.0407030423874466,4.736706901063825
0.15417123723203902,14.484332008719264,True,4.724099152305095,-0.2359264021459584,-2.062329288841369,1.9766024728593345
0.019983687033924735,13.909601702954747,False,-5.571914264773358,7.096939900687338,-2.3575586048501296,-10.033349451723762
0.2799487208520523,16.022727272727273,True,-7.838080383328361,-0.9497964721845165,-3.294355622884848,-7.280338394207753
0.1726359669814638,9.2718087104426,False,1.8341688354446273,-1.3097761842610134,2.956940452218526,-8.583395957699391
0.04025378272871118,9.14809682733086,False,2.737531636520263,0.3273383757135262,2.5159054462770447,-9.76008490980471
0.1285990557514291,10.593611401610383,False,1.102908759948873,-1.556782378823418,1.3117621926700407,-8.952941894531252
0.2449023139284599,11.051630357692268,True,-12.439180576413778,0.7625184973341526,-10.85297693231082,-12.94840614202334
0.09838226199164966,11.339945178643744,False,-0.11731619481902822,-4.434823786283237,1.739413221837438,10.798585752424582
0.18090085751390977,11.961418716087218,False,3.7065523342891815,0.5902941551037211,3.006235602148055,16.232368844139433
0.19050852158179227,11.482982576365043,False,4.733205758906678,-0.20031264333627563,-0.4149359578571543,18.435095830533555
0.2040651679496553,11.482982576365043,False,3.2528721419167184,-2.255506886112435,6.318343566733464,18.83353514610706
0.21028799376271418,17.593579623788436,False,4.8234762018783295,-0.923193152822932,-1.7571900948523012,13.471779893840097
0.1038294499461142,15.475074417097757,False,5.493224107821693,1.8426212570522127,-3.970795054620313,6.161569887689455
0.41769244849865905,18.28103595453756,True,1.9911810445984335,-0.9047504276998297,-4.7597226070866805,11.441647597254011
0.31438842546200213,14.718015677304514,False,8.364650441492195,1.5212878734697677,-0.4381591698889964,10.347145408282387
0.06541147338098817,7.124999999999999,False,3.805967112678821,1.6915392519823103,4.487174905221347,4.733723224982644
0.1268963043202342,9.257448573892086,False,5.651522234390005,2.1759789630238835,4.169668086042422,3.18716000469792
0.4451875249828612,11.103383072364648,False,1.9704473364325237,-0.2899286808383361,2.2769559594612465,7.202602332623598
0.10713887232722176,9.25189915942661,False,-2.186763880525655,2.2452609093232434,-5.612784295903639,-4.3516873889875685
0.023206747454511942,12.088493414684745,False,2.1410868706404296,6.271861802454937,-9.446040463871274,-5.48914552634624
0.11991078839635498,12.42250427176019,False,5.54803284497789,3.2266880963652156,2.900162369774817,8.170355164678945
0.12211063532841185,15.582115050597183,False,4.294818592639138,1.7400831029930064,0.2337901787646146,8.870900455524232
0.52147438698891,17.801725453343884,False,1.5525813944488265,-2.247384556122256,3.610029337096976,10.274360413494277
0.0459848965949128,7.673818073280803,True,-2.9190149056975256,0.41406667672383435,-2.28440757972439,-2.942830326469348
0.38300483211011016,9.376106110920594,False,3.979685906415553,-0.6225331472720863,-0.14938460955206123,4.631048867957044
0.12477603246819859,12.924511406835329,False,3.922690933449169,0.23919301151946737,3.542366646659234,-9.60587378880473
0.2548931864542149,14.520464665670277,False,-11.974335493339328,2.190890220458397,-7.751586829349321,-13.715518053858045
0.046582502315727733,7.533503292991401,False,1.5747052037492715,0.22325891577521517,2.51766437759946,-10.21553448160356
0.22641213329739457,9.15044463841261,False,0.7528685045458561,-0.691229795436521,-1.8374601438272964,-11.325089417582268
0.03752423127199887,16.29307391859903,False,4.880022533962336,1.5235665481046823,4.685829292670385,2.5559039323582278
0.13298795738463728,16.29307391859903,False,-5.54221897505478,2.424936122354815,-0.757058554997958,3.47556981809487
0.17709025989837715,16.29307391859903,False,5.897856969160609,0.31891615307544363,-3.7978914619389736,5.561205234287359
0.14100613967858952,13.152682586837686,False,-4.267062674177103,2.9664008310092083,3.1592948501310003,-18.15763348420607
0.3537836379528321,13.637857924672225,False,-18.51455605805001,-0.824500579624099,0.8646409978019687,-18.057870337950444
0.4063396972743054,14.896373645856537,True,-19.702005903367414,1.081388590648813,-3.7584266457582505,-18.535169917136884
0.6582389646623581,14.98079023922011,True,-20.627336487540603,-1.007130205176332,-5.8027077020185835,-16.731148411246288
0.12970023688685264,7.844989883660746,True,-7.85674608789787,-3.1308490899166874,-5.838082415955615,-6.867869388196146
0.3003578837335417,19.027062500595992,False,-11.091066057503529,0.2093219918132272,-6.57197246010206,-10.66259125453155
0.263453354323163,10.254050370531235,True,-0.1447869432186999,-1.588361056185228,-3.0797818112727082,9.458382884391137
0.08564662147009752,9.112586746939783,False,9.86430918540031,,7.151302458953346,1.8026088416849717
0.6037471641389778,12.181884450815177,False,6.154155492482327,,5.097129456442895,1.6803727581153005
0.6661878777678041,12.924499377865843,False,2.7835352442314276,,7.563983082735426,3.80104100712102
0.2207247670969384,14.817900563378004,False,-4.923871796066493,-0.0833501586759211,1.1005529063227604,-0.6333423107999003
0.3001262205721573,15.721199848257298,False,-3.570790173197802,2.0328208148441718,-3.7178456135612326,-5.415999171315288
0.7213745566299392,18.846042859180283,False,-8.502498258386403,-1.750296012091701,-2.3397723254145686,-6.454540949816733
0.0392175472310939,18.778059746611035,False,-4.2773474873229915,1.5890017157691672,-3.659793814432988,-5.881442040512241
0.010787260614320397,14.759426529921813,False,7.2640037467558205,8.01300330256225,-4.092239802950992,-0.5805476255113518
0.13454487170004745,19.730261695351313,False,-13.27416674614803,0.872560981240067,-4.090127205516902,-13.92180122390656
0.38355742475134935,16.485139475932314,False,42.028009694358644,2.97638987109341,27.50531373885494,38.28274870999242
0.47428361633844673,15.696271809242724,False,35.61873395614985,21.34333137387032,20.922880448666238,22.09099499502527
0.9353165234170636,24.626037740717557,False,20.658158275053484,8.937519943432237,20.00079636166592,12.094233052740888
0.13389189829396217,15.944162511511244,False,-7.372789066373231,3.0327231620108197,-2.9001353265469265,-9.693434311524351
0.02495327314047965,23.601748879394073,False,16.20732289759148,3.4169515546337514,13.4933242415745,10.609346876956383
0.25307874617506787,25.8411378284111,False,10.615718279736885,3.3221488565089885,5.501200929104844,12.662391693188656
0.5594425595171559,27.67145135566188,False,11.476114198867137,3.8586988831014635,2.602275543220456,8.21282771999632
0.7692012444228844,31.165333495642887,False,6.0911809776971415,3.455701767863273,-5.736770389395895,2.4675413639823063
0.2139492759766681,14.019828685773964,True,-9.896411081502565,-1.653461048843885,-4.411127905122781,-8.533507803065788
0.03616638829513623,10.0,False,-3.2170338020508282,3.6681528425997145,-4.771346986630354,-6.2771127626179535
0.13879020718391663,15.924021173736316,True,0.5916970203714289,-1.9070776189881178,-1.4262560777957844,-0.7649950617909185
0.029801027377223524,11.11111111111111,False,-14.583343866212918,1.9950381151591756,-15.528665530453821,-17.24841075338376
0.17334995909205048,11.11111111111111,True,-16.24233948178023,-3.686897154974089,-13.88906920805576,-16.730906366716237
0.059368727562617574,14.302674245409866,False,-1.8683984447086854,4.300597781107718,0.7353994034073663,-5.140525289859211
0.24971750202152548,16.217006798505196,False,-7.78627867503483,2.0210739966993296,-2.7226791844206844,-9.163283345276852
0.15207070818279245,8.880597014925373,False,-5.324125640454436,2.591518199000342,1.2722646310432628,-8.564162037668122
0.39496174453415644,11.489670170351577,False,-9.47762095647171,1.9332443380686515,-3.505007153075823,-10.228898426323319
0.5504807715346012,14.001975066292655,True,-12.979131075937167,-3.2867811568560446,-4.565217391304344,-10.021742668704714
0.1079962487071667,17.178330357180684,False,-6.4080944535019775,0.4345433615640104,1.2681173504563548,-6.770828636228076
0.31947577698086915,18.466664632161457,True,-8.081813831234431,-0.6080741312966209,-3.644902317305765,-7.043828312826605
0.4282757610478133,17.01797598381099,True,-5.023369940257194,-3.632494687077037,-5.167248999783736,-0.7612498986267258
0.16689973014358958,10.264900662251655,False,13.402585995780502,6.1745364392311375,3.43503428295282,1.6215010428846544
0.49732786180508737,14.564946541325243,False,6.633699726432085,1.1545872136717428,3.130216948642195,-3.5058468035448764
0.03752416746437417,10.179019520514464,False,-6.4419777285258935,2.8164723726272767,-1.0971168607791126,-8.228362505304688
0.15127892005749588,9.323061761822416,False,8.37583811058591,2.2854956889718725,5.600314470783263,10.768321566165273
0.5701697798400944,14.05291453106518,False,8.43023608692517,2.9553107495765563,-0.6698903769284392,8.336435348078442
0.7320267182301368,17.0122166633943,False,4.696801414763208,-0.25805753551716437,0.8516981244656385,7.8874353909900385
0.3390729085212292,11.325417528243664,False,1.3232536644598225,-0.5959308065314639,0.49554013125734375,6.3429151923624305
0.17371777790155274,12.372448979591837,False,6.4067448997439325,4.401458978822426,0.17047775914467156,-7.501222078107295
0.1656000559774344,17.389297240573317,False,6.705014947113752,3.6883722156513477,1.5837104072398134,7.5113149789663325
0.4472293876025355,19.55984234754404,False,1.9604426333510006,-0.11764392641916421,0.9255092784459684,7.878102459703018
0.041365562666205544,12.6547880552905,False,3.9754577409812697,1.6123791559589762,-0.6957117975990523,2.0374337492560235
0.23203579603135566,12.18391005041564,False,-0.497512437810943,0.8781020427135466,-0.14641685312987152,-1.1550409110293702
0.4644460004650665,12.242250596725409,False,-3.5509291769553086,-1.2245154842157935,2.0768621761293904,-2.3712183156173294
0.25448693609910894,12.990986899745238,False,-6.311966740612385,1.2324064770707466,0.5286747402168057,-6.296056876707324
0.35187171285284174,13.589128697042366,False,-6.081101381332732,-0.09982064099962606,0.5593734907650694,-5.6416792559193185
0.06692112630222974,15.246763690896886,False,1.7946211901570308,-1.3645222260892154,6.0627628895276064,0.49273568990733096
0.1025512881090698,16.432897309609295,False,6.379766567749745,0.9785844231103846,1.9169860863453625,11.935317998339979
0.26831363704994593,10.438873508607474,False,0.9951527987802411,2.3891236999149523,-1.407088340316165,-0.6914133961947178
0.2236765021134273,9.113710783618622,True,7.679470158739399,-0.8778387280478306,-0.4691403147087936,5.641768928516178
0.14339745076046204,12.614878314329184,True,-5.951639568670575,0.5911362226068917,-3.036194012527005,-6.655859058448121
0.02878614253561323,10.696077568518753,False,4.333170344502624,,8.69048965539696,2.835406522976025
0.3208302031010027,14.280149001783387,False,-8.2796094805495,,3.3167941181148963,-7.558948439004354
0.4092307245213649,15.934362918947084,False,-12.18677804010282,,0.6672142083563815,-11.462951060554637
0.07883659795695655,13.633648691777173,False,1.787583520037228,,-2.7879076939251624,12.465984621190396
0.045810224129515756,9.580422854865999,False,6.9723368111302975,,1.137021414479511,-5.23443464407547
0.696536623510681,19.457579876871463,False,4.119087058131843,,7.936215528901558,-9.715656368562776
0.7956561356750842,24.38049035298616,True,-22.298264181359826,,-0.5561036715825307,-20.513900216846682
0.006153728440495556,15.046155371809666,False,8.451767769893426,,0.6392035880295133,2.1923349624427324
0.17988215474036895,15.845882257766272,False,7.430839348175744,,5.554825138048902,-3.090982088564953
0.16099285831886972,21.733743505710894,False,13.473208679166525,,13.331254962788819,-2.927072304913747
0.6407901749887759,23.105183149268864,False,-8.125872264919554,,9.317773788150818,-3.2459628403650465
0.8000987717576065,26.24115752814121,False,-11.872742632238953,,0.8729941804672015,-13.176134046323206
0.9511680242436251,33.14422868255876,False,-14.334312387381997,,-1.5848265530384653,-11.434474047970145
0.614209139572101,29.164581298828125,True,4.891173202995458,,-7.230073928654612,5.542813685563375
0.06914683716247731,14.575799035727652,False,4.0436044985317166,,-3.9798962146220362,3.7781124687944923
0.3185096661543443,13.990049678622796,False,-7.4753082883187165,,-1.281446206771597,2.2145094166300616
0.4512444712780924,16.463331726571596,True,-1.908383631174726,,-7.41530963691861,-0.767545126977609
0.3268299645367777,16.440561048516898,False,3.298981284055902,,-0.3513744436857258,0.3033464069332359
0.17720944549082493,16.440561048516898,False,-0.01020479533652141,,2.6541915444931563,-6.23750592211445
0.5308946953168214,28.024502297090354,False,-3.505442197035491,,-2.0220247136690905,-1.6539578261683618
0.4838515709838833,27.215768879525054,True,3.824070223731524,,-3.8432481432558507,6.873068814049099
0.0394195365201231,8.594721878747002,False,-2.7830250729511063,,-0.38458058943912077,-1.3550788088650179
0.2174662005326946,14.729304302992169,False,-2.9683795786169753,,0.7093390783849296,0.7162661737523113
0.1661303824355124,11.020785380692237,False,-13.811831115629957,0.5703522602943822,-4.001722904819327,-14.853003912573293
0.2907490198500994,10.622488684815472,False,-15.376218717514977,0.6055088566545797,-7.073916535401381,-16.090164159362462
0.07321487967969956,15.464939882298442,False,2.8246564033044708,0.3931184521593911,-0.840456544167878,4.35764885288481
0.11865071857252549,8.744934668180687,False,4.770455158687215,-0.7104030662160143,1.8595491424068245,9.352581703228635
0.15931956048321955,9.45799568265865,False,3.9517857865146055,0.8013187155348156,0.4213124437413063,8.179821254622976
0.10810735396206404,8.540684067843431,False,2.2125439613470688,-1.3004894644930043,1.7155706030965279,17.830046257467313
0.1721782050150639,9.09091279989996,False,1.5976226939953264,0.7662182529642791,8.91240976221981,19.622247869318187
0.17138786697761613,20.68519702640607,False,6.552152263063982,3.4695309459912282,6.914891667308121,6.460196500113358
0.19644268273139814,11.25,False,-4.429465575349045,1.861661403792536,0.7520582937948106,-5.715639167409314
0.3560191533539255,13.01770135379185,False,-4.893797256297261,0.5091558742896574,-0.99321896802953,-4.674438585766428
0.27336063683967055,13.93577133678369,False,5.041544444907875,0.12907753424316049,-0.03771059622486028,19.54745443117536
0.08039581322037388,12.92922139961897,False,7.228954012955047,-0.14777677995266858,2.1554046205171096,7.215211704962687
0.3138217905152839,13.430110152049732,False,6.612102092444383,-0.28352859359116467,2.2950793427505944,6.799247514109119
0.04352090843292972,10.464958280924705,False,-0.3386917716673321,0.67635452163195,-0.21912306140035032,-1.17091038756989
0.18313053549766184,11.443661971830986,True,1.317358588330353,0.7357561198190421,-1.5588989044477475,2.7612722824187363
0.2087780456927979,7.560453014998469,False,2.5214484851285413,0.9195508525484231,2.257987120095173,2.4721591984562252
0.31203346259822434,7.879809633928319,False,-0.7580358438340817,-1.4341654867459197,-0.36699878122790075,1.233864825282427
0.11054688140915064,5.515896509429029,False,3.903241673846325,2.1440469479672153,0.5518207570613498,1.1910575411813173
0.4513481666110084,7.989353654518211,False,2.501829407808076,0.4536354790786179,-1.944134137946807,1.3032047058388008
0.044584049992770686,8.58491271814003,False,-4.377325201100268,1.2392195450728005,-4.7480288738479315,-5.547795381485066
0.2366978989392199,8.49071142607713,False,-2.0883528301685716,-1.6147055749403671,-0.280404210050178,-1.2462352991736814
0.25722070431057054,14.36781573196146,False,15.350990050084711,3.3420719313788316,4.378987019277525,13.933127262736612
0.42335217229288785,17.74824418046912,False,9.849497830387577,0.047070798692616656,2.4748622372122053,7.19257759648706
0.4397386142919968,18.697319176918704,False,7.660926744242169,0.5699425451168638,-3.658533181412238,4.725607539981924
0.0362076580833437,14.165395685151141,False,-9.955333945701705,0.12780014505584525,-2.90424217686146,-9.576141625994028
0.26794211528189615,13.003660572419795,False,-5.782439072451706,1.9627181428866658,0.892060672267414,-4.014273025203341
0.4608198673191329,14.612674909412693,False,-7.767496613629977,-0.4975124378109319,-0.2643198693901394,-7.224666914750822
0.46702475784676023,14.982581986415159,False,-9.164976280762938,-1.2775855062266417,-2.2988492565859886,-7.338634424705537
0.03999599978013269,15.108449819981665,False,14.377154249865299,3.671903359483819,3.919418390853946,30.732598496880726
0.11957407195764744,24.922964828284567,False,3.7497856993526923,-0.6969162205006874,1.8196522217827082,5.196114308998689
0.08124705609655505,14.058316590049069,False,-5.2217254573724725,-1.203205026919807,-0.7161340791917326,-3.8193777085336333
0.14031659490724746,15.364269015206764,False,4.636708683084456,2.397367880742629,-0.6746839803590254,6.62892345084054
0.4019799726575001,17.629989465886673,False,1.8355568764355956,2.3105555346640383,-1.6364795754642114,4.527905859847947
0.44097607233565694,20.181405895691608,False,-1.3188061164556841,-3.1373771069891143,1.3249000427903335,6.362357654289874
0.26220485303459784,12.759351571522298,False,3.9361000539474,1.402005936060613,5.0213948215109605,6.112086486696855
0.3842414029033493,12.787825343330613,False,9.080415642624452,1.384527265497404,-0.5087919396226992,2.5724550279351055
0.4326941039279022,14.361849367465995,False,7.111708917215043,1.6398233982710009,-1.1703646347660857,2.137004479446447
0.17129459898699767,11.908958668440174,False,4.703024644842224,0.4212323993638467,2.253328189765358,2.0143333110190786
0.18200586880540648,13.047901473369055,False,3.349302918194752,0.0044299368758382585,-0.4891021929692374,-0.9739838834708969
0.19161839717246584,6.97467344027039,False,10.251341381839318,5.38713476684789,2.2809871254811043,8.11741389316525
0.6242819948287434,12.512864444118762,False,3.6666009399852983,0.49990355110067775,-2.049042390111888,4.674377234016913
0.6835525738318795,13.865435214187622,False,2.0638920002891803,-1.6139200966701184,-0.41517495860921017,6.774855958650439
0.04615916097414767,11.5332003812242,False,14.907175794854567,3.66391073666672,5.519475872728941,36.02091312729196
0.23660544231326647,14.886121648062167,False,9.50939599710523,-1.2057151962606816,8.622815864339062,31.695417603983643
0.35722199498961144,16.426722940095413,False,7.527224343907624,1.1853154597968762,10.084449608771152,34.11753377406388
0.45917023250916444,18.37201427681047,False,10.583602425691518,-0.03226355689555094,11.326497395833336,38.95726913060899
0.4204912976658548,19.57699102584784,False,8.951188388187026,4.056195929856821,7.550273183924894,30.828426995829417
0.7995033694636031,23.416584208291127,False,11.061726333874011,1.4874431014456402,5.3189828116458004,26.692760275803607
0.8872141244675066,24.741973771014443,False,9.139638485229295,2.38612548535575,3.6759515527480024,20.305252625900593
0.23295585145573938,12.3113236337338,True,-4.217123369829057,4.430676804655986,-5.07579384779916,-6.258612857601154
0.14826622735539324,13.134659742050673,False,5.103619386527525,1.973575871079869,-3.113577855682226,3.64152740414021
0.37470069180886245,15.033741486378204,False,2.8058057332685404,1.355568687328379,-2.816154695908646,-0.9165732586068676
0.4285193996512289,11.200000000000001,False,-15.117746229788542,-1.3466035706882207,1.7041737776838373,-14.818265398842922
0.5015055853245334,13.472782975497521,True,-17.290256829910135,-1.777331900592316,-3.052223643868779,-11.103797670016347
0.056203270662185986,9.751582172846927,False,-2.1163527770037827,3.417842642406921,-6.205375093611265,-4.814202522540723
0.33976425993314796,12.588279526348241,False,7.653814504259415,2.5943683467039236,5.714774669947031,5.576655233464201
0.513641912767128,14.915254237288137,False,3.7524263777774403,4.730584366304091,1.4686684365667224,0.3916489004359036
0.0839827541757372,14.29718104437624,False,-5.720095981721118,1.389177774828676,-1.6689264305249307,-6.431482281419609
0.0409057354998157,14.968151731329959,False,7.5840519533214135,1.3456513706929352,-0.4929577464788726,8.535207829005277
0.05621255908419015,14.297833273457709,False,5.637846424288351,-0.37086179269995023,3.5445910155521565,-0.4820591858430978
0.3407712285943765,14.755946098120212,False,5.073169309751568,0.7761831262063534,4.656353684994441,-2.95552942531907
0.3233538746623638,15.833333333333332,False,3.745164760507369,-0.11056000649960485,2.7201520990340677,-3.7367785814990895
0.46629769183655256,17.73010859551686,False,2.5823974863418586,1.164020953581435,-0.02664342663898367,-12.201949531317169
0.2547349476047835,8.759220932653937,False,0.4585794947627342,-2.451255221637294,-0.3686340041027636,4.735577058292351
0.18786883170606122,7.7575090255367645,False,-2.209983194620291,0.1925927239461389,-0.243125324896043,-2.08573100357885
0.064855080445829,8.951194994820897,False,12.030844154939736,3.0168666827868895,2.588020479651987,13.557542111410669
0.4044462263506036,12.503233062190594,False,7.564692535155859,-2.0043391045795778,9.779183176631246,11.895373482133543
0.5202604599349963,14.732592027167113,False,7.961708291519876,1.1717381806599647,6.8704169605691146,2.4847806427337638
0.7155186931081425,16.871619545930567,False,5.253369073775005,2.182149147298862,2.0713586614125257,-0.3711729616600379
0.8848517608696937,17.430101130279596,False,3.26712514677876,-1.0302443759785063,2.183769426368576,-1.5990482594346767
0.02605553270937394,8.63125959036886,False,-2.74452865953958,0.9428825761176984,-0.022862014344426917,-3.498739588397193
0.10391918458986366,11.16985239515959,False,-2.2659467334831707,-0.5198990656426705,-0.09077022985756189,-0.9303394576693602
0.6070811603837026,13.884707700240185,False,9.876685813050457,,-3.689691574213294,3.0589660998892043
0.13088328450223524,18.737503051757812,True,6.94004877217842,,-7.274084857864571,5.399326774806457
0.2615460557971021,15.536156556850061,False,-5.224497907710479,,2.74157697610502,-2.9874659575563567
0.40125751688155553,17.10719355172397,False,-4.990469076894466,,0.01210950539285438,-5.544121673709479
0.4441997280860771,17.99107854855997,False,-6.7846543419663785,,0.8495842386297081,-7.036016146234292
0.2203336447472874,13.922021148401676,False,9.752651301395886,,6.8344491706865185,8.053691275167797
0.4401518142042623,16.60000271267362,False,5.59424826820758,,2.432078495170442,5.97063986950459
0.05992467979585957,20.917628775254997,False,0.045297296831336986,,-5.089127838004515,-6.572901449198154
0.09488985585018272,15.104283682822157,False,-12.704351809680992,,-1.520534358733372,-9.32909196067091
0.8598990503097239,18.058690744920995,False,-13.06821797708223,,-4.750522856289219,-13.273080370481027
0.08841120478310865,8.97207367795603,False,8.920640341260144,1.0987841540958554,7.9945993786149305,3.4782055198921524
0.29677056652016714,10.675761074708442,False,9.202693640551441,2.3800579802858435,4.020270859714659,-0.3929175166556331
0.5133533341843919,12.287173666288309,False,6.295991598654016,3.624894822143565,-1.7478191602214754,-4.233838024898018
0.7634373688094608,15.561085552652514,True,1.338351988415809,-1.1543274588096564,-1.7162707160525925,-5.105366201002315
0.25992168060262427,9.320303383897317,False,3.5857759046076687,-0.294327661575422,0.060419620634855065,7.108120410662333
0.32295074653483635,21.18457300275482,False,-1.7310143497388908,1.3938571604786176,0.8430785966820675,-2.5020397062822997
0.054810185420692006,10.371895508943508,False,-0.838364173860584,-1.00879004188541,-3.045550847457623,6.898834745762716
0.070188334760941,10.850286259100942,False,-7.321895793600419,-0.13154012616374278,-2.475678315033769,-6.918918918918915
0.06769271658601948,10.710446086338301,False,3.304784328149113,0.25223391840021314,3.0448702142971573,-0.41399247281966867
0.1969683491671627,11.520003255208334,False,2.368155964966867,1.0945273631840946,0.15780525162396586,-3.603369744125917
0.3788064825336549,12.905755966745748,False,1.57328858509318,0.2448506429933106,0.6609689972087995,-6.013473930409496
0.3289798412139826,10.121348547629578,True,0.18331387153740497,-0.5874257930508109,-4.274496161354724,-7.042617657697525
0.046778143342670775,8.457488669229683,False,5.77108323915696,0.007031201531759734,2.7909849545198595,2.3309327980534533
0.09772204782472985,8.457488669229683,False,3.934502415256147,0.809558183322201,-0.05984788062425306,-1.3766291149299392
0.19068896746184544,9.263131616883504,False,2.678724901682017,-0.5123601291648239,0.37296733485427946,-1.5963020143058837
0.3427486483809022,8.413796845067049,False,6.440975200625232,4.153561693448471,-0.6309593239866129,0.16140507497248713
0.03939396192146243,5.817970821370815,False,-1.5271518092236813,4.755170287052124,2.180106591492592,-3.362777998921751
0.4208090359157678,10.970946054438341,False,-4.855597901923748,0.09484994686825843,0.11382865777800344,-4.012523149806658
0.48540526873282863,11.522756164946065,False,-6.860965331493974,0.9742104576282218,-3.1419402154143072,-7.618516435835321
0.11174338947650742,6.314397330643164,True,1.6187195575540603,-0.891841979008523,-1.7022913152158314,3.3650040130333903
0.13073748949733535,6.794586745721709,False,1.4011400471185542,1.2309096375979545,-0.09053824783071818,0.1681605056499169
0.3852788201627436,8.124518654391625,False,-2.5153246888117597,1.019057079227359,-0.6102196722537867,-3.572333645828807
0.08495889823788227,7.609752694904182,False,1.5826789397958008,0.16814711015913364,3.3975871348618902,13.881575372368626
0.14269027933448622,8.867197942694068,False,5.110958627798334,0.35059114159521343,4.7235461550767965,17.037540995627133
0.2336260380586746,10.212645892667902,False,5.809835903343719,1.200625186329285,3.0177039614731838,16.872324697873474
0.47113795786427715,11.293986987497226,False,4.535530351777295,2.551610312964936,0.7548135878042928,14.003119751068095
0.7007590382123464,14.552715281691256,False,0.6952845901072147,-2.0622605455572596,2.3464998791390856,20.323299358076575
0.03963989659040996,9.6629536090781,False,2.601238079427226,1.9639633087475517,-4.782168983466795,3.0646735088101673
0.10992977070930159,8.09710449601116,False,5.315238652932508,2.214070511041122,6.760698673367216,1.9469588294798612
0.2916499172571305,10.316368830707988,False,-2.1551213187102514,1.4034215645306825,6.462895617070474,4.562043964990914
0.2807438446214371,10.928961951138707,False,-2.823460666348754,2.2664437575408813,3.314593787907083,3.4033738407000413
0.5059528306753069,13.438565177783456,False,3.0986091988282283,3.333454375264333,-0.31591213812525165,0.8615737779515742
0.09068707233759246,7.99144951366631,False,6.396688404547479,-0.9609901304295398,4.740934738249836,7.338911037114815
0.14146162096581955,6.7806233028401,False,4.7199497620689534,2.0684542901538316,4.292507226376352,1.9435071506797463
0.313705010202617,9.249750857039917,False,-1.794586034900758,2.0690524979912306,-0.04083689122496015,-3.1173378900047566
0.5305405380394439,11.447899267379904,True,0.7546823114426227,2.330027804145729,-2.091438009182045,-1.4211068875377264
0.6087152692064451,12.501670938338593,False,-0.4443003107407195,-4.209401382352651,1.6850065182127505,-0.8832721544173694
0.13061017160634592,10.37916367419335,False,-14.857239925312859,-5.38264748608378,-6.499737464888755,-29.60560661922638
0.30298285129114166,11.586428478936464,False,-3.1833689619679695,0.2092929197736737,-2.940715755477763,-3.066519775332277
0.36798805936893453,12.347421661042643,False,-3.5339733258589634,-1.8989559246023302,-2.4502055956678315,-2.0708150634694222
0.32371109317493973,20.180626334134942,False,2.171914885837256,,4.966174905559306,4.621107405136438
0.2965713754556577,21.056084894537104,False,-0.896145514164215,,7.014213601613628,2.6743398781313488
0.18588901964510202,12.210792482098165,False,-4.648608221083661,0.7680647075532621,2.4389586724651524,-4.789453689794165
0.038984464756223525,4.097303713825924,False,11.771582917014257,7.980524981965509,-0.9808563787219948,3.529627291326931
0.6250790615883905,11.933174224343675,False,1.7668245326173393,-1.385670747545087,-1.7100339055119984,4.477461833348784
0.12945755633341163,6.23906648974255,False,1.0660087783224803,2.555391045663291,0.7356897681346286,-1.1990559391443223
0.47327810691568395,9.022204209240254,False,-1.4391702808523088,-2.1290601889394134,2.5481916691111106,0.23498072766199307
0.5090979879092425,11.090249107723738,False,-0.904491089937709,-0.34215781956855595,-1.8715113511570958,-0.5709222365119615
0.17920338242690403,6.473265392945544,False,-3.5410203274454766,0.7001539300860893,-1.2643216761450637,-4.172253874291798
0.3947071394826451,7.535236929204189,False,-3.7769277663415313,0.9274282920509247,-1.9492857250664075,-4.570878486476692
0.051983746839319056,10.393443816801677,False,5.652329544832191,-1.2612971139225326,0.3662642567630048,7.769879499970678
0.1609673220303268,10.635067892384246,False,-0.0779185794901549,1.8102537829533416,0.9781357882623798,-2.128883774453394
0.03563438358477593,20.69752751386063,False,24.653120205119116,5.512240806810498,37.2051430110917,28.220212527768762
0.12099134959223028,20.69752751386063,False,20.65152507168242,19.923026196100622,12.18004249917637,7.112184530224308
0.7543903550824018,29.865302039044906,False,3.7410255282513294,1.5898429494936694,10.155133284115125,2.677194219303236
0.8055372099521958,35.18653726574685,False,-5.561099774593425,8.07191830093219,-6.726721778665256,-10.176704975342442
0.9547609695708197,40.30667784586118,True,-13.040769764234273,-4.731322866564924,-4.2317552551923825,-7.386422266821402
0.10101364418254732,15.930214889920261,False,8.167093081566046,6.010974038151984,-0.9665386506042761,-11.76081298546685
0.36180044523042476,21.35482777078255,False,-9.958227795685692,1.1066007001345746,-1.9249935724873324,-11.015012210129182
0.04481863360923391,19.791324841426505,False,15.974962322961828,6.486923372051057,11.883014069376262,15.737132912969676
0.22389353748786062,24.472764914599114,False,10.776852866257913,5.253885601759389,6.653386187675703,15.500571735837031
0.6983006724196247,28.74265830422288,False,16.884377585503117,0.08693459884294708,4.326373684627982,14.192685134587357
0.7397227811712633,30.105147016790568,False,14.649468994390368,3.3326723099808886,-2.0795449011251743,12.20292478539089
0.8695951497669314,32.602430979410805,True,10.553140466288347,-0.8430050775581677,-4.999655988281038,-4.115634566044091
0.06680230097730486,18.89404494000956,True,4.613645070469552,-1.745255129007084,-12.32951517522326,3.7226954982134908
0.36316177237777286,20.488723628941045,False,3.4339570259365404,-2.741929398992504,-3.4257682623266783,4.323713888741509
0.3651693984026013,21.111527346128405,False,7.281567165257918,-0.4047298417301448,1.8926121505622007,5.926317186681107
0.4440392078565425,22.242648803651498,False,5.7433388470377045,-0.5706782627405538,1.4298958730750488,5.464299378728499
0.15943288943808737,13.957806341249675,False,-0.08470343960176319,2.3801631619771557,-3.4155455141855917,-2.6949017223670713
0.2783547162307603,16.710607444157525,False,-5.5263450537437535,-0.9916540856882206,-1.1722816089641652,-4.242621996258034
0.09442240870478996,16.914593037315996,True,-22.937545988407525,-6.035591609158731,-10.33901891623369,-23.71305111554789
0.14733670741139526,33.4706558142668,False,7.1183516197524055,-1.67333584954249,0.9412746659748894,15.321994953176453
0.19642805205433822,33.96107753438593,False,6.328727629005915,-0.488591426694196,-8.353891555942393,16.086198823819696
0.6147775809523984,35.17605558205069,False,4.37250143569341,-1.4881629134856134,-1.470420755729418,18.158279272181787
0.11278560704401416,13.537211291702308,False,8.452606464177205,1.0771633704871775,2.9895198670073286,6.846962215015728
0.3824829817063891,16.12033195020747,False,3.0779751721166093,3.25963543279455,1.340870402741312,0.8319910200424108
0.5873762180484225,19.30139720558882,False,-0.3306838592714967,-2.284982274257441,1.523508070262003,0.29407960741254513
0.059396716933194565,8.207144601004464,False,2.7789605960154784,0.5970166605588245,-3.7182220631400087,2.1257044905323097
0.2465907599885454,10.56129746170037,True,3.3597419305400056,-3.04938932106833,-6.405095078550138,6.280490958486884
0.03418586186426254,12.758620689655173,False,2.883576494260609,-1.1902764547973455,1.2653785848019572,-3.834589950346634
0.0297445797837083,12.435717487177625,False,8.648077197286863,2.4216575826386144,-5.632902693674957,10.344358468311565
0.1529535419024856,14.865771812080537,True,5.632912539859447,-1.4992153327322955,-9.387107295546905,10.281746226439846
0.12562490186336575,12.153537759118478,False,17.13101160862356,4.47761194029852,4.4253380856739355,15.07459500639985
0.46572327739228486,17.61827686912599,False,9.515995802203214,2.6470185771747534,4.092222411261615,13.93443114423214
0.5958615079630742,18.53790250379935,False,6.9461728240106435,-3.0625232310185213,5.043886458089575,13.562111624470452
0.08110520441457943,12.388586697463468,False,10.931532114975418,,5.325759174963474,2.0524155879463324
0.20967015525692642,19.148936170212767,False,3.6625370798103907,,-2.89808323104237,-3.2402939347723314
0.32850990400971936,19.991580117202414,False,2.5821479635485645,,-5.009376797500275,-11.476776797131594
0.43821891931316925,21.31690850085301,False,0.8828889036759602,,-2.5112646153098273,-8.585533488735642
0.811480415946889,21.756760422531908,False,-12.853153482890534,,-1.699804491127621,-11.473673367719528
0.27406601881138576,17.911861213690663,False,3.6854426980092114,,1.1123271988199734,4.603002152510971
0.16211396017501556,13.478374594791537,False,1.731305456176302,,-2.663568136903116,-1.7714005397673316
0.31926402155163786,14.284298477280762,False,2.073792217308079,0.06544364457767848,-2.5859240941834227,3.306044511342865
0.044863291482589704,23.075353929321537,False,-4.801440225060638,3.0567848486312776,-3.496886628496587,-6.574806759144492
0.06362019703138865,15.161036920659859,False,-1.8740648566830775,2.7669433571379187,-3.9666699624763546,-3.3887759192453903
0.2812673225233681,17.515274949083505,True,-5.513167360752236,-2.1187342310848845,-9.299927719954226,-3.898675339685076
0.2541718052892855,14.026408353290275,False,4.363508860352394,-0.9297163246962947,5.200978515595023,5.796845383310667
0.4321406086079003,14.417090087308837,False,-1.724221354691302,-1.2478301892432486,5.140611890944924,0.45856865969042815
0.4507381715007758,15.10257396747904,False,-4.318529909161661,-0.083797866225932,2.780112250472011,-3.9060860326174285
0.4634106641320853,21.414311279920003,False,0.16033075799746221,-1.710016693375327,-3.2656547078912856,1.8387393623936044
0.3552525354595147,15.209461539085062,False,3.480511111509732,0.87332705456169,2.8425450017514065,-10.651194208681492
0.456842918723252,15.938898681717065,False,-8.220621505867198,-0.3067240782656966,5.653576872384103,-5.432066023925463
0.37883565484855103,15.013444054847719,False,-8.926114960555509,1.4512402632804067,1.1272770238434315,-9.36312555297284
0.1489045062933496,9.537635165993724,False,-4.658576526398084,1.1249333566067499,-2.186396717293404,-5.261092221095187
0.2758797473198632,10.766747405860244,True,-5.771286495394978,-0.10533278859790052,-5.31102903601467,-5.671928106839285
0.47198022802606443,11.598841574077094,False,8.20894998269952,-0.2661170519236533,3.901740891197103,14.797696451956522
0.574052830531717,14.338028598839129,False,4.856001254045594,-0.5535714603424169,-1.357081019879891,14.192820495785563
0.7089295128617403,15.032134480279218,False,4.006369077897265,1.198396380065092,-3.9813207609619705,6.177924528064738
0.19752775080623305,16.50616460183191,False,7.324515611375948,-0.7872196992028568,2.2222260278811135,18.922559931635142
0.20430439974688724,19.043134039452404,False,4.661703847287368,1.0736985919480801,-3.4109231690595765,3.75662846518523
0.4813834689443416,21.05263204038968,True,2.0638082622692178,0.3486423567189867,-4.979252637685461,7.5149798092774445
0.2934465879388256,20.28428946355876,False,8.638518229454473,3.7455774287313837,7.838389790048894,15.174086138152699
0.5772195771826922,23.403470346537574,False,13.662031373301641,-0.27713236841105937,6.414050496439505,13.51201770696495
0.7614810616361997,23.978750899430704,False,12.808369248565521,4.059296835135728,2.1815652271956143,8.110486625573433
0.9386464644658162,27.95138698025245,False,6.913351694951575,0.05527864721759368,0.8287351037779445,6.85428409221136
0.08643837248890351,12.995634366427502,True,-9.48317443109289,0.388169572772723,-7.367576579130075,-9.775281263511026
0.09899095399660052,8.60737816234251,False,1.15530018333303,-0.16361019055748383,-1.3034738925600475,0.5347588469388986
0.10864512960806513,9.563337813897874,False,4.888147938718057,0.4111093895303286,1.997027696691589,0.7261901726372422
0.2801279031291044,11.433341496376096,False,4.186021676301377,1.4061217214164756,-0.7341892110481085,2.8618575415721326
0.4812354160670456,13.379855950134981,True,1.896225487769998,-1.059001508766122,-3.6826446129966994,3.098801796790851
0.06765158825737012,7.0596778596293515,False,7.830570952260119,4.861434808485265,1.4029756441189978,3.68106904363803
0.05712968071239314,13.118604095170186,False,-5.963541714298826,3.203147556520425,0.33140073594195574,-6.996224492569391
0.3219931894634588,14.79674962154895,False,2.145097761320458,1.832305855124794,-5.244752163905064,5.244760247603697
0.40916822863757585,13.688411014925034,False,-3.4348220196611767,1.1854275936827419,3.572172906781157,5.040620846173138
0.47095974752980707,14.93788875063134,False,-4.844309804354651,3.1179528770989062,0.39393877742266437,5.8383826053503896
0.6485757911247048,15.870943064194645,True,4.7931525697607835,1.1626996165545522,-4.102925424755499,4.977145166468766
0.1853092594586056,12.022085185530438,False,3.0531325416550015,-0.5482338182911994,4.3733028468538215,8.389943167620096
0.17806421497557923,13.551834191171691,True,-16.033873536283995,-0.9463965842269828,-7.521407250613699,-14.123868172057053
0.11110797675567852,7.590505059203245,False,-1.9965557469496242,0.17551717411372625,-1.063017409965905,-2.703111344788278
0.1345778658698886,26.724990187784854,False,-17.099567452848973,,-2.683045524525063,-16.718080633083797
0.17544661296080477,23.53191258495863,False,10.228136867706162,,5.510531699390286,32.72671743792846
0.12205936861755684,16.007354308817636,False,31.18995542962175,,15.247842596888074,30.109186224278872
0.3400047225885808,18.745193481445312,False,25.09088702371558,,7.208810757543471,28.6066820603075
0.7246419859399538,23.66305439991249,False,17.51989386148527,,-5.156233473897942,11.854454974009387
0.039999071012612464,13.840428203012955,False,-6.445900771631308,,-5.640103486558279,-12.085944824381167
0.2981884884302387,18.34215411982253,False,-12.277240667135835,,-4.173280596779594,-9.299160936170503
0.10849672473865543,17.268658985704555,True,-12.186941527415929,,-5.902681555138967,-11.383427933077217
0.765870175164356,25.784565750495126,False,7.0699634336379935,,-5.772712528512958,5.682115687457645
0.3287664371836994,20.33867295739686,False,1.1800543837653388,-2.8767140881598263,0.24628115061720024,-3.8781103918379634
0.17090884137256213,19.280898928224026,True,-5.832591699464052,-1.6942224135016448,-3.2011140534113136,-2.510302119762642
0.2689628054614914,18.446120887831043,True,-8.64248312244551,-0.7782641143446067,-4.0293113183377365,-8.02576511291635
0.05075474688020016,10.963253271616026,False,6.966978446284289,5.118859829522382,2.8776340122167454,4.265768469857312
0.4308285610928821,14.37463942888556,False,1.310574519630725,8.477525337862213,-4.867357254573868,-5.3310822569939464
0.06542525665464716,11.43859649122807,False,11.98044522453523,2.372347077659964,7.1661555359261,18.05102298382375
0.35609779507072814,14.102910295266927,False,8.611584364458702,3.2138552167949808,6.788743211045456,19.3341085790536
0.6195145304732158,17.110016420361248,False,4.8092837076930905,0.5808396441438379,3.96397914565223,18.459115030329
0.8232433658679292,19.61271543574762,False,7.288893051492318,2.18668901034913,5.552787400352122,19.14635269544991
0.21745031435475598,14.078096297926193,False,-4.564525207455105,0.15709403925554533,-5.739141430075967,-4.156877587578711
0.14801290749348917,16.110304789550074,False,-14.916006730036301,-1.2931217012692509,0.2403457652292884,-13.3937658834276
0.21551207395870775,16.110304789550074,False,-15.849326043967016,-1.7768276562024066,-1.569097022964927,-8.541988507355814
0.014588552164475497,16.579545454545457,False,6.538066066322634,12.532019069899093,-2.831714217457326,-4.027642783275731
0.7494407995517349,23.76630080389749,False,-3.9755904269172193,1.0979041496870678,-4.837979949625715,-4.706726825266616
0.23363313131869756,16.334280659953528,False,6.9147891163575,-0.6834949661089329,8.32814707627425,10.45535194694509
0.24359026073059564,18.626659430158867,False,16.995936653715148,6.478609864952745,2.79576773282435,0.5326147508699863
0.8038778481598304,22.79516358463727,False,11.002597255543067,2.687133323425561,0.7631798083477248,-4.552959881025842
0.14638748523007522,14.9525632140457,False,-6.80262056056351,5.019457169597574,-2.1718513118249017,-3.6408534301424433
0.5832059216040129,16.743035567434212,False,-5.022870241478361,-2.2842444126118577,-0.4538261060116566,-2.833277729081307
0.31009763561340387,15.853658536585366,False,2.5382656408443616,0.13626136831765834,-1.1542879758492663,4.264177417753334
0.14862899571866361,15.780490782202744,True,-0.009268909238724365,-0.4357096505052227,-4.937688820312525,4.0038789225940175
0.2976751392593948,15.001338967053268,False,7.415183853717444,1.4619100218716596,2.914273051645355,20.461704787828605
0.26560608723580886,15.001338967053268,False,4.914247564578167,-1.9595694272793396,4.10761923441656,22.41201008427185
0.3695912236471222,16.855857233358545,False,8.34768159883894,5.2904742037594765,4.637279868506328,1.2626262154486811
0.5519299429236615,17.87832513961502,False,-6.157429493454769,0.03215859864178494,1.394183236972557,1.8131989388085135
0.38198445793496694,19.090427517742587,False,-0.3111363023453828,1.5377186016317657,-1.6018846672819387,-1.7414999498138406
0.603483786394867,21.077250173385693,False,2.4476389196855575,-0.37389235135351084,-1.5503929255282767,3.0276454347587523
0.21902273542852044,13.409240781805936,False,11.989133622967652,4.669627218977435,2.9457693470780866,26.064731576160938
0.541084694763279,16.794425087108014,False,5.347828718992154,1.4925339277046756,0.32395581842386,23.62144607375005
0.6895289812926725,18.66485013623978,False,2.9796554575979073,-1.8599086031651946,0.9457457871795194,23.3742911288521
0.10048170666710554,14.721157461564172,False,5.9028730428738685,2.9003151676206596,2.276459090046856,-5.2246602066648995
0.32371390443845965,17.433428341115015,False,-7.319905735514354,0.8272248226324219,-0.3801778810172407,-7.932445980898917
0.5222608233991133,18.749542980450716,True,-11.15099029722092,0.9581957907357497,-5.16795883745459,-11.943720081513387
0.13395872417020746,7.375505384684936,False,4.901428613081449,0.6399336090001428,6.266947314590299,4.307070612317498
0.20934345065484672,8.578052550231838,False,10.10634804448105,3.9547259386270017,0.051832876127111405,6.0352487060538085
0.022114559978722317,14.243382281288062,False,2.184021020112281,,0.046759560195286376,3.703354884284926
0.2602388807669827,17.27711454314963,False,-2.7375248727396495,,-0.5464948801989555,-1.970973030137002
0.20606658150106144,14.77612168041628,False,3.6041121844855084,,2.203642676280171,-7.218850447409475
0.27143658855371233,14.77612168041628,False,-1.844164928558567,,0.3030256791548336,-0.6060629179983401
0.33140948132994374,14.77612168041628,True,-3.244966917830383,,-4.472134250501448,-4.472134250501448
0.48828184717225276,17.501648491166396,True,-8.471234553794925,,-4.385959901729231,-6.235327226350562
0.08081666477487731,10.880259464495754,False,3.9228483262150338,,0.28111261822469924,3.097781487107021
0.0840413730897754,12.46117207862576,False,9.059773092264912,,0.04290436861471569,5.578306008385403
0.25501565788635044,16.81042939524188,False,3.641274497606317,,-0.5349270579283916,4.911226595314666
0.8678511740735533,23.468625218722313,False,-2.553920941980292,-0.9427150126022021,-4.57310196637164,-0.1412109306369702
0.07313851841527551,14.080193218097465,False,-8.787102338522889,1.1700153596243101,1.9917102382150942,-9.645845066209313
0.07552992572351239,11.665911890421214,False,-3.439806112286792,-0.12326997913940652,3.619943784346402,-2.7425718145851263
0.07550321956235322,16.728685955668603,False,-11.69732355060934,3.2049057040379747,-4.583139444952733,-13.70420097267938
0.5231702453013098,19.384619049015008,True,-11.997237079144607,-1.5877442495542904,-4.231584510384467,-9.983192487509985
0.4028015728858829,18.932374908537007,False,6.613090272794708,0.11481056257176547,6.792913614129037,4.0174730033039285
0.42946433469919576,17.032346836876037,False,5.412999853600531,2.923165545354367,3.514119526606607,2.518575365086373
0.4992956382085362,14.465408805031446,False,2.5578728628408154,0.7172793082313333,1.8873470307549045,2.6983172314338333
0.48172646400140706,15.249266862170089,False,-0.555875230017433,2.4204490742767204,-0.35178579425495515,-2.1322473057376223
0.025991068106749643,6.050025750871811,False,7.0346421870033815,2.7439916776504703,5.617168469780998,12.256954935518372
0.1291131237129362,7.681314755269739,False,9.34253522768882,2.815680481901861,3.206915729019899,7.389849288611106
0.4149892314410385,11.043791084950733,False,5.360007903390729,2.489478718569482,-0.4529218563532944,4.569727124628242
0.7038191752312914,13.025917199596096,False,3.0123716264897515,-0.3300562150539643,1.7796247116061759,5.018408346593128
0.24210695743952784,22.263313609467456,False,4.588004915212229,2.291797257356909,-0.7604838394531743,3.1143623901415785
0.13178267681869046,14.293334960937502,False,15.893862393760383,0.8291873963515828,6.5286379140139905,15.564222725102162
0.040714167553552325,8.211113823784723,False,-1.381978993919275,-0.2819223651706615,-2.2925764192139764,-2.6200873362445365
0.24122801259981402,11.538461538461538,True,3.286985614240967,,-1.3133493514676964,-1.9414668930674561
0.1540685070437788,10.640666256818697,False,-5.838929823013284,,-1.2162374799598696,-2.7580854342591277
0.16745037713425395,14.653634818734368,False,5.327165382978971,,3.6968733251013353,-1.193478370303247
0.27187251894971964,14.653634818734368,False,2.9312807203196956,,3.849087781419702,-3.2488544568516464
0.33165444141880845,15.274793191216768,False,-7.0802529861846875,,-1.1602791157754755,-6.353510478263901
0.5110894232960115,15.762131975682877,False,-7.762422734135521,,-1.5045893957855494,-8.330274109446679
0.6047703242609737,17.001828153564897,False,-10.802476447103471,,-1.5940337279819583,-9.637891082197758
0.15551091615234114,10.395523604496477,True,-6.9750449422928735,,-3.5454167980748186,-6.485302712949759
0.2908289863074774,23.209218775972406,False,11.666845243116208,,0.9383452349117416,6.9893841760141795
0.3530491278934935,25.004327947443183,False,9.056451458212189,,11.197351520146448,7.473626658360444
0.0695645834698471,14.816387629104874,False,8.377606939042437,,5.351790972842196,10.996144776746952
0.04113651317687329,16.539557761069652,False,6.09602589462328,,16.146817055011773,25.759014357521394
0.1199202484968846,16.539557761069652,False,25.220546335690642,,11.056494416490125,15.841802392302263
0.6242373282869937,19.641256973882427,False,20.005359840720736,,-0.3573799037372649,1.005772896987156
0.1702402700469688,14.411898579554178,False,2.528496874906505,,2.7280816986662293,2.465338460541089
0.2926991453397311,16.61220043572985,False,4.266251770237184,,-2.6041667356535347,1.746965825477309
0.26542823738878474,15.013102568913745,False,-4.599270127256727,,0.12607160349988877,-5.1941541680884935
0.035195882815972794,12.43716729184731,False,1.4951148814837278,,1.394255808915501,4.150547870193844
0.08524981941609461,19.310461723016566,False,2.779033183498947,1.9748668762360477,0.3759712514169955,7.402454154791349
0.08738684685128317,16.594257100779608,False,3.442144567980021,0.1161012616054391,0.26394727769711857,3.0423039739963187
0.19102606866269395,9.202318936972862,False,8.466869792326248,1.5791493421488223,0.2924404048257667,12.860059662554768
0.20981040613508462,11.289858610733695,True,5.82593922935144,-0.4975124378109319,-1.3267293041529737,14.958444661608606
0.13506492737716383,15.020016741116738,False,-3.4274563065360475,-0.27905002511240395,0.8258096018145089,-3.0322580645161246
0.3899079431127578,15.64102564102564,False,-2.6852946056974525,-0.8100538598075135,1.9074394051363797,-2.3427060431639557
0.12012986412687299,10.320863275848536,False,9.94799111868858,6.566713418797776,-2.513670525359335,3.957687999374415
0.07291961328048774,8.900913265681442,False,8.338249427171384,3.126987596967279,1.688501878734483,2.355761298456982
0.33524100469468177,11.899348667689733,False,4.77240421270273,1.218743942624556,-0.3738562655986044,-1.0170464638573518
0.4375783466340312,12.959099886602846,True,3.512110657618095,-0.3379254489381367,-1.6222061369788654,-1.349843546995655
0.15428720283254888,13.469105482394497,False,-0.48047685188914446,0.9329570851124291,0.9237346841870941,-1.400369094318421
0.42027611237211837,15.139305729693337,False,-3.5245057644562428,-0.20942006041675398,1.7039068209699249,-3.4996888213875588
0.3933133423337549,16.04815174702937,False,-3.2731713442697097,-1.4309976748160258,1.1493292331339555,-2.1272998446303593
0.46490644750915927,16.65705336584249,False,-2.1377083260134433,1.3641058909144022,-2.122939684444769,-1.9997515786734255
0.09366943364645575,10.962783171521036,False,3.452879107529916,7.706848013718881,0.3649354708893382,-3.1230812213071224
0.6255228261567463,15.979541993099271,False,-3.5210303152443667,-0.10248414531207617,-3.4931665042107096,-3.03122491043486
0.03968666487504964,8.489339018195352,False,9.213938621555972,2.666123282221089,-0.25454087504960254,6.5733362310220755
0.15193590000016358,10.89285895937965,False,6.321071397916489,-0.5715470267708911,1.584637562436897,7.231752570584482
0.26962492955200423,11.354553990678202,False,5.770185017616414,0.2353113169809795,5.599472565034014,2.9633479374294724
0.1275166356396632,11.927785617824428,False,3.182777724661845,0.5890840709868561,3.182394214082551,9.927331084604907
0.29082923029415503,12.81793842034806,False,2.139901269152067,-2.5621557540277062,0.7566650390625096,7.62000325520833
0.11336223380035823,12.72754196349056,False,1.5364852783974925,3.926798007900145,-1.0574234527091497,-1.9427898137231003
0.05289973162524239,14.009492125692248,False,7.522287574375852,1.7050165837479314,6.376978586569315,-1.845801956473403
0.22795796792515294,14.009492125692248,False,4.594194879190194,1.140907243390421,-2.8227557113251867,-6.098396137431528
0.31123964576721075,16.642125034479488,False,-3.6170747477727194,0.6624036523561472,-6.741777390178272,-4.880105893308584
0.23529221968760272,13.373956668958087,False,3.4051580815720683,-1.0532542442517445,2.3675340978414283,-5.254918307465961
0.04688951197587744,11.65473871834638,False,-4.967203092262984,2.6416398470743285,0.3031848008580251,-7.938915633724908
0.09545776832096386,14.054142963598215,True,-16.83741113010836,0.29690858825131006,-2.89541458125534,-17.06469218660943
0.14749656575478542,14.054142963598215,True,-17.594725542127854,-1.4602570528121972,-5.405869304947785,-17.59624620341491
0.2173296461493933,13.185097621037409,False,7.210343978070144,0.48316257738127977,0.7736253160632423,5.2963579330483235
0.4154477575893682,14.621750851894946,False,5.436177529260466,-0.32696891346678525,5.875752838401449,6.93870310062481
0.46478042077272524,15.227979796829324,False,4.687527102491962,0.42505324761015206,4.677676289255772,3.066089694831331
0.5019439550513769,16.221079007234167,False,6.7849840629358615,-0.5725330773096449,2.7869502813332003,4.519381128491529
0.21162511087857178,9.533321956529312,True,-8.882410449536525,-1.6239929323380586,-4.533678756476689,-7.378239606946247
0.2618163445254759,10.549904061268983,False,2.999958767539934,4.723634752500971,1.1351212424453694,-1.5469996742296988
0.043391095070186604,6.581916198494772,False,2.4761330368139767,0.48180007749363263,-2.2109029248121526,5.797251595930963
0.09320235416442434,4.960447210072238,False,2.103333081622938,0.36411648987553225,-0.18632878803820363,2.1986757996713457
0.20083370245139803,5.8919228136476915,False,2.505055410431467,0.009005153809837907,0.8888888888888946,5.751633986928106
0.09083307064081184,7.591836734693877,False,3.724052416743917,1.3175565093165087,-0.03625714519540635,-2.844484192435537
0.1351107254552358,8.900719631932605,False,5.578821326812444,1.9832577522151063,-0.24624059190635483,3.9566822108733968
0.2563262984318343,11.877846068263011,False,2.128503181392327,-0.8736105550320672,-0.6513832107684525,3.7202446701675163
0.03583328876206609,4.350657950200379,False,2.3311297045373935,3.1430237834372488,-1.9492032490079358,0.03174603174602719
0.09240424225577468,7.437179453400998,False,-0.5101539063625204,0.4628843779948877,-0.8161727524785389,-1.142646451799012
0.39351806120713106,10.431089789200062,True,-7.81973261632789,0.5899464426501355,-4.784802642107611,-8.283236882669343
0.15035693992064053,10.906456021054609,False,3.761230453896003,0.08045795511331111,-0.5769796437644858,7.030071446166275
0.1844240709905302,12.340208424632095,False,2.0914359107965907,0.1908752847334716,2.0449474777621823,5.910114188319282
0.07137372907165944,11.622739540460891,False,4.115815456379179,1.5247655089214662,2.5202259668133165,1.4623560349366516
0.03895384832826952,12.507341556115115,False,8.255159892518304,1.128828369297663,6.753168234828566,7.9622528793932945
0.11903459631634587,12.507341556115115,False,9.719128547663747,11.007193809197435,2.1103862727708256,1.406921429540442
0.5565531622634734,19.74144632448514,False,-0.25632021855386267,1.2711841601313223,0.10584649456066852,-1.5083307175216665
0.13866529409227796,16.548407830844454,False,-10.659580376677747,0.8641520761522914,-0.3279484896531626,-10.620586970672253
0.2251755439290728,17.34437930776419,False,-11.81142192825223,-1.846189229358386,0.32994614034740355,-10.380709110782838
0.09445433339554972,4.3203371970495255,False,14.915412400589268,4.577221837499801,10.573041414680628,15.718319801677616
0.450520902809012,8.817030414668247,False,9.514689400490518,2.300308094318382,10.475817254986053,14.176612815422507
0.6566760239897321,11.293471897531544,False,12.839483368092196,-0.4586267156204471,9.05004256414701,13.448009673523353
0.7030374297170419,11.947241757708412,False,13.937691752634418,5.98675324156599,-1.186131386861311,7.73723073249315
0.8458421605189272,17.37943585077343,False,5.7134686518216515,2.8524348231544927,-0.8684906607666742,3.473941007067083
0.16542150222552418,11.091499233590161,False,5.888660879928187,2.1995614330652113,2.109447922605945,-2.914498720239611
0.5055330479460726,11.98622847155991,False,3.2194729767752284,1.4163843905395268,-1.4450866700414178,-2.5911898911087583
0.14784382183589825,10.356777585058543,False,3.5377495340148446,1.5712009706651875,2.564100982691442,-0.9473285189288028
0.04461815627614226,8.034851159106642,False,-1.2082418627573421,1.1931696718820772,2.7730218858739386,-1.7772993132695314
0.17653503450617586,9.791094005926425,False,-3.3740312713494425,1.7176238340738115,-1.5211477153182384,-4.10501811627495
0.4008543151766836,11.982707585813968,True,-6.46930545572304,-1.3374564280657086,-2.3366911859506456,-5.1718815625152015
0.07038526012621324,7.631274727428543,False,-4.816641669950261,0.5474378399716873,-2.7262180974477968,-4.895593063460701
0.05746509009077918,21.93587381098164,True,5.604493966210766,-2.062545928758819,-2.6120404104048034,23.1623604012807
0.15821549060288242,22.705606597113874,True,4.397285668085216,-2.22794882490166,-3.396312704246607,19.43597551181235
0.5448653787152575,19.983728923535043,False,-2.6798936371319027,-1.8366236037730355,0.47914175607548515,-0.5446414625344675
0.4543468219913189,19.75651260795827,True,-3.502648223708915,-0.16138585356304525,-4.0470082273439845,-2.373657374565674
0.14397583453569546,19.437496787623353,False,11.469771442048259,-2.656210473058418,3.091638454230705,0.05545881336923575
0.2916240575659167,19.437496787623353,True,10.793741830876801,0.23333631130484367,-0.6455067173968709,6.038196058126877
0.1943987703113479,13.97733405288721,False,-4.138242883162436,2.992860844187062,1.7138336108998953,-5.569957621165034
0.5003551259584119,17.143156277026886,False,-8.126484546613554,-1.423334722568681,-1.1534025227224243,-6.873229207712228
0.520228747626518,17.835051546391753,False,-8.473098425398772,-1.3181515104887853,0.20801913511956371,-7.197463344784927
0.06297790168574623,20.982556345177994,False,10.266137378741158,-0.6432324625960217,3.924974954033167,18.596888066630623
0.20180362935578278,21.48432585909059,False,9.565935200659514,3.2014125270412697,1.4092627214181253,9.954520968827453
0.5247987071990505,24.37081873208028,False,5.537933218385627,-2.3423802038509134,3.100525837083179,4.608709304595893
0.16626823660059376,9.553973364598438,False,2.627072306928935,0.8160030858127998,-0.9014905318191713,1.0067808988430071
0.19023925360055793,11.036792323011058,False,0.9445509831726095,-1.528494231261024,-1.4532199345761443,-1.3470503535583989
0.03699568408528784,10.488635192977384,False,4.376095117125622,0.7491626968178844,0.06199085791607217,0.7607664249556612
0.08898394899125577,13.12255859375,False,-2.3682088787037703,1.7078881991606565,-0.6786224293976795,-2.1619589459019872
0.2684408126169648,13.776821346398476,False,-4.721880781085219,1.9719590621215755,-2.149558748056135,-6.429706462305473
0.5084281259297938,15.969938613097495,False,-7.195507793782319,-1.6280669160261385,-1.0889855455756492,-6.237245009483616
0.08546318713898696,13.801017684215665,False,-0.7740576598940563,-0.3906370662690395,1.8800034513732244,-0.7576220951825419
0.04245134307322388,9.699997320407775,False,-1.1532600199771093,1.1449312461538907,4.161378912398783,-1.7003914909674123
0.31259246545355857,12.887056238511029,False,-5.595550224520762,2.0520959083260237,-1.4866160656500704,-6.4007028095298235
0.7492366066862362,14.33099763666686,False,-7.300718813090834,-2.3447426621503675,2.1889446048781735,-4.833486168246292
0.20725029931034586,13.686439200117281,False,1.2853393797319645,0.9215459382114988,-1.9010674770653213,4.455726722370645
0.03424901779760321,9.913825988769531,False,9.842918538639477,2.686598494292425,6.834783635759045,6.688811007882789
0.2988697339653693,11.16807507669931,False,7.464278988964934,5.643167724046383,-1.327815249464659,1.4365653385909116
0.6955677924124527,17.275231371743104,False,1.3506851072718096,-0.8410187645617406,-1.555578888033049,2.596152735823276
0.4271235819236242,19.30641521667481,False,3.3492502730884333,2.2555231642981344,-4.638103353062162,1.6074168657118637
0.016745106184191467,11.535266330545484,False,2.709919382262238,-1.153428637957199,1.952280197372147,6.594506852302007
0.26209433894970346,12.2720188834174,False,1.854529983895925,-0.01877954491614764,0.7104734343819752,4.870080554147083
0.42306104239593384,13.852229573675443,True,0.01986315259303595,-0.9957305898059987,-2.572197029155676,7.557089598008626
0.13597177806284286,13.066135647102724,True,-19.47305992665651,-1.6558365408490205,-11.73728538963954,-10.583042609979309
0.15241012270396317,9.168292007127956,False,-14.520869379901146,0.34144289886157697,-4.185501366044376,-4.006922699362258
0.20022423034436548,10.172756761534204,True,-15.776529945716911,0.18131309674231932,-8.583172134060701,-5.601531990785147
0.3996087677744614,21.713130868063374,False,5.715116848988,1.225645452454871,-1.553449825028208,4.180629489444532
0.0774457328091359,14.877516814273072,False,7.037570509700508,4.293409868052289,-5.189679209634646,6.805056446701863
0.3122131070162325,17.299850885871543,True,2.2543758644912426,-0.5409615377216848,-7.315298077214982,10.493023120394952
0.621733510770212,24.250396961277684,False,13.085281700424268,,-7.079757972273104,22.63475282987939
0.04230864992061886,11.204289765478823,True,-13.87989779576766,0.8923894921154751,-6.7308387181109985,-15.174569890199896
0.15874059962455994,9.601095033242082,False,3.4639103593540055,0.2029352650124494,4.594440679099399,1.5989145168741503
0.1601761214998935,11.133754441714771,False,-0.24121249428032954,1.7173905249785903,0.4738924809776002,-1.9181585325484862
0.509365708627066,13.56293313119441,False,-1.1970306708694922,-0.4379754921649881,0.21944142414087597,-1.234850632544493
0.10874308280592523,9.085278747380649,False,-9.007593610892894,0.9987655706430454,-1.1302339627327185,-9.562403087370974
0.1460715319166385,9.085278747380649,False,-9.606895101955004,0.24008939734243562,-8.275858467407337,-9.607228471325834
0.10998270705145738,9.44682628480114,False,3.238970550114373,0.9518417460023354,0.3977336806751497,-3.6790011444882253
0.1282390377399054,11.255055835155222,False,-6.638935639588761,0.9885776350780695,-2.6657547962843364,-7.725397181694471
0.5117290332367908,17.308584686774942,False,0.32897703333680806,0.6568087636065867,-1.7869501200014182,-0.9257171834495259
0.6362634858066201,18.174306178434755,False,-0.7213974381243382,-2.5581111178914484,-2.0924824300852407,2.2092502955686655
0.17782469482569818,11.76003467021738,False,12.333113538503238,7.398257393767027,-5.55957904676675,-5.124670369890927
0.020517985684341995,9.472016260132541,False,-3.4557642105983666,1.5967708928254831,5.271486950170101,-5.49859099556066
0.16021342277731393,14.236340508181552,False,-7.641911340193397,-2.2755028806542676,2.0658944520770994,-5.453698303073484
0.45705662309693396,14.825131114900422,True,-8.469308327009696,-2.9464078570876073,-4.114747040817024,-7.820612420907425
0.2387746467051452,13.367609254498714,False,-3.85476217882309,1.4784703995487147,0.670842082761669,-6.448960571388884
0.15137969231063428,12.084472155568964,False,4.206489553007264,2.5526318722813635,-1.2049019741026457,7.236091841997028
0.06257351765103088,9.750449242216394,True,2.225841264710282,-0.07699355320190948,-3.707414829659317,0.581161101499883
0.19480126671839432,16.431042036085206,False,6.75755146353143,,0.37400305798906963,4.1140212988204805
0.6679340175481414,20.780285376653545,False,1.2014863758389893,,-0.7829833246789986,6.661633878556139
0.023573462108730226,6.9421487603305785,False,-6.541671806257964,,-6.545512472984372,-4.983140926118301
0.10100426837368234,9.754521963824288,False,2.835167010879025,,2.8552781908681046,0.9430661091645032
0.051981064725613625,20.59110893991207,False,-8.203387694412957,,-0.5983472932416634,-9.976114583965213
0.030870643102926164,17.09314227226203,False,8.892584281445902,,-11.082498347940605,3.8966064072740725
0.17046173198320694,30.857141732070854,False,-6.031915147046996,,-4.166660006763411,-9.942006323635233
0.38509127894677586,30.857141732070854,True,-19.676564259610775,,-7.447935096943237,-19.185483186402163
0.07533171689663092,15.074176830037587,True,-11.152249971376593,,-10.863567022728926,-12.401713531011227
0.04426614568862686,9.115891918746199,False,-1.848447153006405,0.2262004847613408,-2.3632204393681744,-1.2139851324363127
0.04795596749390506,12.03394566902998,False,-7.501997032817586,-0.0822265895138119,0.48550421438045,-7.3103080069757524
0.15673527420137434,13.217127507522155,False,-8.473002177662714,-0.852582499669885,-0.7578889220730689,-7.647788213646423
0.09122310551643009,11.39240506329114,False,-0.2300291909330454,-0.6101337971693765,-1.5226998749330867,0.8538494230497129
0.2011301397021267,14.605715561380142,False,-3.7786213360631593,,0.5087067897642683,-3.860505760598132
0.4239503063051459,15.56105356897359,False,-3.89854000622899,,2.304649059792152,-1.5077593580186899
0.381741730393279,16.378181226325758,False,-9.52509881935022,,-1.3785626997739775,-9.287137875238527
0.08269424672431891,10.51383238379035,False,7.2979663286187435,6.192012908430833,1.3558478629632331,1.1150870122707657
0.08101657366445911,13.156837827996412,False,-2.5726493057723787,0.047616290198471134,-0.1984592852775413,-2.2274170004444094
0.1703861672968117,11.062833582607347,True,-13.68067940245169,0.4899279764158493,-8.545786575842861,-13.806719938630351
0.16281289825658626,12.547539382684425,False,-5.678168137284878,0.4812005546040332,-1.6981563139059297,-5.400410595603267
0.276882058942632,12.532940699262305,False,5.919323411941324,-1.7414336135517794,3.703694585194839,9.813890902628675
0.3116980761163089,15.065954821584421,False,6.433808717385658,,-0.6187233611960052,3.3644743472162286
0.24503903941195493,14.416127805249143,False,0.8725846299834306,,0.022995227063127288,1.7173887529848386
0.05579981394610373,4.832748627998459,False,2.436825442155799,5.256270854152212,-0.3287727621213654,-2.2930325654628048
0.16113958370269954,9.070629701295296,False,2.7298474554793506,3.284694040398617,-1.3698673555094243,-0.5372011701000434
0.07608833726632748,7.846911693945939,False,-0.6506055689792567,-0.10520763911177067,-0.7160587956063558,-0.8688156744151465
0.15064009184888008,7.687185129422676,True,-3.6822019696046593,-1.0472545406283396,-0.2585286460235703,-2.700116004196018
0.37421090299527565,10.927293172500658,True,-10.961524075404705,1.7043339676748204,-5.044085603400161,-12.938282658219292
0.9300325599254036,27.614716825134355,False,19.04512565968217,,-3.4191171131821463,-12.71624971609624
0.9589959786912171,33.2952380952381,False,0.9410073886519932,,4.456031896916124,-11.561770204530909
0.08101984494591227,31.785714285714285,False,14.637540268008632,,-0.6781463956528566,13.62916161770762
0.03833982247485351,23.50064356970239,False,19.207119501270363,,4.2742348919547535,17.224682283852633
0.5021337305898081,27.259665621734584,False,16.252590296785428,,9.90301174068402,26.865750323028337
0.698081037837365,29.14758269720102,False,13.235347495189465,,-2.0421575515565227,19.168104125095
0.9013985608589821,35.20500620662817,False,3.5544575252093313,,2.9842521756670237,20.889753986202475
0.24006312981060657,14.393162393162392,False,-4.735340885015981,,-3.8534237256156345,-1.9178001601147576
0.04645891263330336,11.937716262975778,False,1.8546807427087364,,3.695811533901283,-3.54598133658095
0.4172984070419317,16.40663491542125,False,-9.589838659286087,,-1.4674106078146565,-10.78465854838251
0.6885592983176875,18.429487179487182,False,-17.48310044827942,,0.6059883957447054,-16.154120865080156
0.3889234200010456,20.30937117431362,False,-18.88316681907768,,-5.0956706286239495,-16.140568250144185
0.11006171329489384,24.32528409090909,False,14.611604536135015,,-2.524201766304346,10.061610590675052
0.04436996427903977,12.559999999999999,False,-7.231182891651744,,-2.0902948615779127,-8.49502294247798
0.40184692368969077,12.002001953125,False,-9.275846933262965,,-10.738867333933689,-7.574958548291266
0.05115395127988796,14.675420398091566,False,1.3828852096530397,,-5.619598616902932,0.7519790528051962
0.09153912559627847,17.979121397897824,False,8.097076449487584,,9.458014320024443,13.944909033485109
0.13944810102601551,17.979121397897824,False,7.2599967733046,,7.149162240356954,12.79439490829921
0.15177608561554382,18.47993376721284,False,8.131422208184125,,10.826249139767485,12.694837394164104
0.14262103707769658,19.022776828623872,False,7.997994208330739,,1.3231096614452431,3.8597386836124015
0.18836324760221057,20.782658581475268,False,21.76477802691743,,1.3942188733801153,10.41537742500378
0.7593535997272387,29.84615186930668,False,7.833305087039499,,3.2307880512672416,3.856632192770193
0.29335520497100875,12.76631197954855,False,3.8152674845892243,,1.9591725838790763,6.067924140527281
0.41907294434687736,14.387712098379279,False,0.5217528051814524,,2.4725528440685984,3.995378819894402
0.10423471871282217,20.34979650203498,False,0.15263458994763113,,-1.297468963712456,0.7842121968987925
0.24716042332566432,12.204608932893745,False,6.722832816816826,,2.349691310424218,3.532349999761508
0.32659324511242593,12.362935619771557,False,5.203713675028987,,1.9374937162416117,0.8079259262831817
0.4923509882191639,14.022728505760732,False,3.211219097850404,,3.638688617499364,0.20726964319983665
0.41965163438167286,13.304442061869512,False,1.792297419260458,,0.2882083514547773,-3.4361054446836348
0.03795531065912728,8.745291902071562,False,5.717955746628833,,2.5735000881412784,2.004423600530947
0.41150414736003926,11.268536593489301,False,-0.6728786796532549,,1.1022925068940648,-1.6928924383440624
0.5921529562110144,13.201676737287288,False,-5.165068177374,,4.329885683771728,-5.997636488438007
0.6200519347706501,13.373655146097404,False,-5.9077831581917595,,1.6813582050156262,-6.1006579990978915
0.14221978268383526,20.900195694716242,False,3.0069281609365284,,-5.584876691296426,6.037810145979283
0.3533347203155007,16.108247422680414,False,-12.345492180086993,-2.5491101195055488,0.19615535190993239,-10.605470815546047
0.6498917726121688,17.154490950244696,True,-14.616279981120073,0.30022803909137696,-8.764783808516208,-14.222108035257985
0.6844481625248502,17.77188455698014,True,-15.855861569110207,-3.0739946451794897,-8.744453006076991,-12.620727051215763
0.4277560403840036,15.66477712346994,False,12.133823796042154,3.0737489540231033,2.979456235284683,9.143839796928521
0.586462167226243,18.739352640545146,False,8.0458057945473,1.0280793646757713,3.707480917171546,10.187078981983412
0.551373940473329,21.61051766639277,False,4.228246510105604,0.8924154903379833,0.21318265316365714,15.201707783323792
0.658239800467719,22.31270358306189,False,3.294605865471101,-0.9836809438151128,0.8214226876505082,14.851316176441841
0.6589346593951984,23.039688706910415,False,-0.1443231968006331,-0.5135624857170229,-1.35549850711576,12.344682667916862
0.11990989382740418,12.203983069863703,False,1.24057606621788,4.985039631852484,0.9547652342135615,-1.352575988180893
0.432720370786259,16.872016414791357,True,-3.523786735269352,-2.0879644428349,-1.6130837893929773,-1.466441060349688
0.3345222318163938,15.602147912466386,False,0.0053509021592512696,1.2250548960506702,-2.1389843950183396,-0.5320847009735341
0.05807007745717896,8.798463640814733,False,8.991184789543416,3.8926215110062223,-3.9272427613476157,5.849522221376979
0.11123580876008388,7.3555612115042,False,11.11997655999717,8.38992282742983,1.8212383867702409,2.4501089249771235
0.13546639469359345,11.20488940628638,False,3.8238309857508757,-0.39169240209935285,0.6505347835646269,4.232100202793809
0.2490053758623526,11.636933594359029,False,3.1983847613859417,1.5831393931308613,-2.003412132719129,1.8668212195859457
0.2520994489794109,12.289059120891004,False,-1.661507505641191,-0.15321317288985448,0.6348252771402718,-1.3745749927969841
0.29447001440453413,8.972426631908986,False,2.3729958834878495,0.315374874415264,2.2855632671511694,-6.085102678238085
0.27476966473754555,9.778591881879429,False,-8.263589722739406,1.9699075472838334,-0.3784119106699735,-9.589328813197895
0.1793915763016166,10.091250670960816,False,7.256260235490575,-0.2771969460267032,1.894649481150501,6.830112264022836
0.29660875960492544,10.806994672314378,False,6.4024164722966015,-0.6538145158324404,-0.24144724526201644,6.783346627652631
0.3304646407428846,11.469344608879492,False,5.612268931669617,0.08099039685296461,-0.4294006540601969,4.4428319900882585
0.062049759928310216,17.67051590927972,False,3.8175410229735363,3.164496533697725,-1.729547099991957,1.0296838548789378
0.046601999254874,10.246815286624205,False,5.654416390326,2.64592474405001,1.5213530002316844,5.089196076917135
0.4125069214770798,13.384556281213984,False,1.7578263121579951,0.45813957488776147,0.6787675411836558,3.7904209884075613
0.17847500941521213,5.9309309309309315,False,-10.163895238522091,-0.721617139527575,-2.3635679337598803,-8.90477982687241
0.06145115144845388,13.293095833946712,True,-5.867683912941479,-0.867869091268203,-2.440531356194009,-5.776953969725051
0.523289890128976,12.5377896529299,False,14.522678996174655,-0.17600932903935051,4.739914184719374,10.84476924769282
0.7140138798032292,14.025626564518735,False,12.574511114887454,5.843525595804366,-0.2033211711533256,-0.2765946016933918
0.7620542678795352,18.517348931760207,False,6.693067268885189,-1.3910041628591552,0.12346187582075174,6.199849892543563
0.1437810085124222,13.686266649291445,False,-1.5035275083115862,1.401141055671351,-3.190854030721735,-3.3528930952745895
0.10017071333621619,13.377337733773379,False,-3.3229053664772357,2.42187595032175,-3.512841711071657,-5.765627957218788
0.14696263109200855,13.324353058903265,False,4.378239599763378,3.42166866828455,-3.3390096051092777,-2.495865736523062
0.16035252410082945,7.328294446270128,False,14.913439664252692,6.840097976883586,11.335119162426665,29.505956629238895
0.6586666612070218,13.845776546880975,False,17.91069271330774,1.2291606149699819,11.770184858652355,31.757056798276693
0.7620867372525348,14.674735249621785,False,16.77617961629072,5.6638111212093945,5.767861262713381,24.437300085247404
0.18393446424553694,11.861761426978818,False,9.750021405652909,2.0527284494473275,6.1760107805307385,7.162738204034658
0.5887161863594998,17.933921133991202,False,2.4203127141484204,0.18829952830208274,-1.6307256097989775,2.0227230939417584
0.6776213141223237,19.736040609137056,True,1.0955395137258073,-0.9773467686945758,-5.102677684172042,2.0912605294001407
0.07999199753599712,9.406788230076206,False,5.125831327042185,1.747622903246615,0.2289365402987409,4.095276623723243
0.33423788533874366,10.686245334664948,False,3.6535895901527393,-1.4324919897054644,-0.03640810425125096,5.797805801174327
0.10587434922308561,16.312056737588655,False,6.2858397245753705,3.3180503164020436,0.6244140506648455,-2.961670383808135
0.34558711274485787,18.58143594240008,False,5.006428456901468,0.9830410236135068,9.329923944400731,-0.40650406504064707
0.48763472415568276,20.32517012528567,False,-1.3096450493208067,0.04824067712370095,8.379560138354103,4.894602884552635
0.4705665483067759,20.862570884541796,False,-1.975304100807318,2.9614235070190453,4.881133029843188,2.5480526049570074
0.6505197995560821,23.72194664429268,False,-5.517110328833419,5.423995854944197,-2.734632683658167,-3.3223388305847035
0.7803922915200376,27.488708133393747,False,-2.8331127817059154,-1.804266047939529,-1.1561389775395892,-1.047750948395254
0.09951006450280675,15.24125606331376,False,5.141893290758381,-0.23078378848671033,1.1966900063653751,6.715467854869517
0.06287533892040317,13.5057212361474,False,-3.151151172688671,1.4837516176214205,-0.19491450341100336,-4.288119075042085
0.04041568455624828,13.482953572040431,False,4.731623572279453,3.794408240487712,0.2900528919979495,2.004777341750552
0.31467940003856254,17.039448302429236,False,6.341008980861873,1.4178142730913557,3.485721832550426,4.53143674576495
0.1340878246759798,18.094219753515013,False,4.988975296689135,1.9261311096681055,1.162330316967486,-0.8227749369899784
0.39735783334002733,21.072997068517914,False,-6.5800765224222735,-0.16387298687434715,3.6018622893652985,-2.982181295379416
0.48898045045101896,21.618851233605106,False,-3.237399113058048,-0.34458697473284117,0.4819872748980103,-3.6910243176008217
0.07784230919198758,12.733194683344667,False,8.621824419709823,-0.8363643354126316,2.0710982482246454,13.381321717766737
0.1464561424848967,13.72950616466681,False,7.3817060218972275,-0.0897171427784671,0.6933392860905441,11.006790921657327
0.4069821733589465,15.267388570912132,False,5.467489131486336,-0.726381840380208,1.975203674921966,8.60726849890645
0.36005160058290164,15.944093817265864,False,4.625187660880026,-0.9516042365643185,1.6549143180268011,7.123326847158817
0.03404051211903268,8.811448115063438,False,4.894892533142214,1.7438314885135142,1.6036489951719357,4.40677806948746
0.2556702839279482,10.585645698266951,False,2.57084468424873,-0.21388106863616807,-0.1945525291828787,1.3489007022130517
0.29019966161003063,11.434809448824819,False,1.5967343878633855,-0.9061484360665228,-0.6031069268128797,0.5004522616646856
0.04639794912837318,10.860927152317881,False,13.24954525179698,2.5885658976460446,6.1765459058424454,10.799166038820696
0.2679436068194402,12.32412436096363,False,9.885699067032272,5.646860268959286,1.886558297530061,5.43772818568895
0.6535433491843621,17.46382390856435,False,3.444024277175317,-0.9124141754145221,2.4796493000835085,4.811251070148259
0.696566294263324,18.126520681265205,False,2.6134548918462785,-1.2964345651229614,4.255323780591724,5.079332193850283
0.7603085585746328,18.60183721138133,False,2.017732421905283,0.05608588516172741,2.0694707580436678,5.615396962306152
0.8612099810721294,19.071666695779946,False,3.37921089182045,-0.2821332394100873,-0.216683251055505,4.008665860554905
0.030128539324096162,7.574144066086612,False,-7.329758321756885,-0.4975124378109319,-2.1730571361008533,-7.1945968829770335
0.11825317367336663,7.574144066086612,False,-6.68494476789493,0.11252117940889761,-4.266867828575959,-6.5457663073136825
0.15464543735220454,7.618768369926335,True,-7.694048600629322,-2.0924708225268485,-5.860239787274102,-7.402408461972887
0.23599278682026234,10.435205455905475,False,2.1488303165026146,0.11836604348303137,3.587188307101563,1.4195328193641554
0.3048739745283702,11.934195788666996,False,0.4676194416840973,0.6757790263160368,-1.1775788977861468,0.028266493464434994
0.14427334921872162,10.966623320329433,False,3.7329298415563317,0.7994777866675795,2.9833913442514515,10.663660334271153
0.36859995927538647,12.49147738885605,False,5.48823512419232,1.3423063358741327,0.008399568712880168,5.588663286489015
0.07500753441233633,14.502604637479424,False,-1.9785307201588331,4.027821202696558,-6.332716877718825,-5.7737938307408365
0.12688806759943305,11.164382168147117,False,-2.252437834461385,0.24648308605021985,-4.028868192228763,-2.199117636572312
0.19600546082447767,12.112485010042935,True,-3.441740065366461,0.013792658508982036,-8.884889819584707,-3.3627648420485823
0.09955821283130976,8.110103542228291,False,-4.58039252252499,2.885121747339503,1.5775270929257568,-3.7596890330498844
0.37765728642911606,11.90968576790329,False,-4.205847801254869,-0.9306026992350502,-0.32170253075586297,-3.5169029443838595
0.2343055634114888,11.627572421851738,False,4.974272165452653,1.1817325823624936,6.268953243393893,16.451593882281035
0.15269612357801401,13.210195404227273,False,10.934894512679039,0.4877973601464358,8.276295289763947,22.971077743218558
0.239803101661833,14.560285676934475,False,9.209206539501347,5.941529493437536,5.171824322680663,19.107970786530615
0.36391176141826453,16.387006168597768,False,6.87428890729036,2.9493904746817456,3.0524220305242267,15.195753151957536
0.2068114080904059,18.139999350700663,False,-1.7624058175782276,0.19319220299518491,1.479023583558381,-1.911092646447865
0.2279409102039634,19.087374778780976,False,-5.547891263866267,-0.11091328248394872,-3.374207951920105,-5.497484001314435
0.03825450794127852,8.866593559691859,False,7.239179727659062,2.164038576497118,4.272113187159543,5.96467778514056
0.24193275409232204,10.68837483438691,False,4.058143102471412,1.5477184849427283,-0.7627503394371349,0.7468635465121665
0.25387524563602254,12.347140039447732,False,1.8497276468986579,0.3267685242426932,-4.424853454183008,7.031369897713002
0.29767861751375085,16.177652298534223,False,1.0385940868443466,-0.18453279651063914,-1.555112394028757,8.046447617282837
0.0653755485626131,5.499612703330752,False,0.3227406644960462,2.1552863649603182,0.68291213825733,-2.0741708444902196
0.310973754225453,8.974751892936332,True,-5.413107791032568,-0.492872459010929,-2.29138098060071,-4.944605932871394
0.24442464006460735,13.85202775472175,False,2.6271384457540625,-0.16515862777952695,2.945117633623373,8.451763495582988
0.3773025083237827,14.463153851078815,False,1.8991106017546722,-0.6185539426244002,1.3745439769581314,8.46051212577037
0.10153108752969502,8.849221420432967,False,-5.24904525747637,1.1274807126539832,-2.32372198127605,-6.029185242418245
0.055826211235868034,10.502958579881657,False,12.793437660700246,4.791110508323904,4.56322488088492,4.03642851728887
0.573984763655615,15.479180285933547,False,7.233697640326375,3.0981861292972646,0.14670599869377465,3.3169860295191755
0.7305783253421361,17.381709296580308,False,4.819911056502102,1.5859772061770139,-2.9815593974163,-0.1516028967514682
0.13870174302609795,9.128502688615372,False,-10.168153210506636,0.48098991953917647,-0.8172255945234741,-10.553389875063623
0.18037096383784557,8.391860267053266,False,-5.76392165035039,0.648740339011944,-1.411908531762096,-6.3846927158578755
0.18203530651606672,12.413918497827096,False,0.9627102313246372,0.9765071025040317,0.998365904442089,-0.8292840145411096
0.10690958477400005,8.103552518024292,False,0.11956039175453625,0.9959139655269178,-0.19471456839232903,-0.47384392003347875
0.04533780291790089,7.5268002610709805,False,5.933594691516375,1.851639823033957,-0.43618976054383696,3.724788341523677
0.20835852613371084,10.392115556261347,False,6.985733064775634,2.3771671949608386,0.367840177089529,5.756486656796578
0.5327373954502559,12.77258566978193,False,4.143613292450343,-1.6599246756869745,1.9775882616378082,8.047280368249377
0.058785949045323166,7.977869361247929,False,8.506630958424077,-0.43113510111794096,5.17092284063374,7.542727719177411
0.08979288210586485,8.469945355191257,False,7.926406311290934,2.997891106528261,1.9085734229092655,2.172604809787737
0.46717855648306506,10.733468061331589,False,3.84476585423541,1.7932103090001261,0.8558776311573313,-0.6363300467213229
0.6351671612031886,13.169431316606003,False,-4.808530509818598,1.0218888141063642,-1.4718019281390715,-5.7612673770867096
0.17136792480248506,12.2965696477437,False,3.0779751721166093,0.18786142549700457,1.9550970146016144,3.4131450646570194
0.04746305595496601,7.254247670800174,False,-5.530928027808956,-0.07291497390691237,1.9670023529233749,-5.23504182607274
0.13262261934636405,7.076714754341748,False,-4.421410137973836,0.13214916794987985,-0.2606887341695563,-4.562183884958504
0.17011342459696704,6.9565180146357735,False,-5.23355946537809,-0.6568967205116572,-0.40251590752286015,-5.172019299106667
0.07518746520868899,5.901457427060717,False,1.1577095190927977,-0.6472725391828194,1.3887786952668346,1.8490635092101027
0.09183836562708578,6.376105083601036,False,0.6552946652430336,0.6631350018708959,0.0,0.6508821475798676
0.21473025771464982,6.6572865841838205,True,-1.4705086413764334,-0.3184868375045058,-1.1087648718094867,-1.1634186704009952
0.03900265588920325,9.281933623027326,False,2.7644775726104465,0.5321740561190058,-0.04703846224519692,1.4817737682526477
0.3289942884231407,8.407921906525129,False,-11.579304419073,0.37851826706527536,-2.180708080598881,-11.092533328648212
0.12897874241780244,9.361802219465384,False,6.166049781594163,3.7359875572448686,3.6173992845857317,-2.29513555111458
0.43246593954955204,13.652333259443347,False,-3.3075838452807815,0.026641078676070684,1.3280033486961607,-4.849564358457403
0.5975769987188867,15.397852962589607,False,-6.883148730473964,0.7507266534710011,-0.8093216718262464,-7.319452578662045
0.13834995438767772,14.242312338098802,False,4.769617539054982,0.008260226795475667,0.4619709538450367,5.366726399987098
0.1051200659298876,14.686163894362526,False,0.2406927743154652,2.175172693803251,0.04064350227566127,-2.172388882730325
0.2801009458344102,14.907723079936519,False,-2.900132629926766,-3.8952639036822556,1.6802688734467663,-1.7377632661813802
0.05180945251924583,10.706256453081217,False,3.969972422065382,1.0159527688052394,3.7675354050465293,-7.24400877910143
0.07808756398552479,9.825119236883943,False,6.182913804388246,2.349935536941694,2.3824729669568834,5.597480611334404
0.2622690709033232,12.237539096914261,False,3.3422361357312136,-0.5837312646236437,0.5558981471624369,4.735209115631767
0.3229131307030437,12.845728334357714,False,2.62607987547665,-0.19325770741023263,-1.9258199419622257,4.694273073179489
0.42939157718777043,13.483831604636972,True,0.20368255295366566,0.43437331863789286,-3.2465967186776634,3.51714335290505
0.3276257643893903,10.884353741496598,False,13.185097577588255,4.187905339374565,-0.04807571220475371,6.306679523229519
0.04788998428272545,8.872719923197412,False,-0.8192828993328405,0.6025442553791782,-0.7358324167052954,-0.44109530897716853
0.12468791202377758,10.094715852442672,True,-3.981251718009682,-0.5977244715326013,-3.731244289183222,-3.275462421812869
0.04360656712003497,5.678161970677603,False,2.7406182167780235,6.933616965496059,-2.4641640240828155,-3.6152276485607704
0.6699713371666002,12.315195165924015,True,-2.806795204325463,-0.8568788328526145,-2.7783233006166697,-1.9667692004424975
0.17512121037270728,9.603861940179753,False,5.012336021051178,1.6233681504140174,3.860898554759995,5.730155693305949
0.2896745581869814,11.064953441538004,False,4.611991614165145,0.7616497271181855,1.8347252761814925,5.834012632854524
0.42084941513584384,12.216713121636506,False,3.257206536082391,1.9685924555995493,-1.4462997766987895,4.688245188797824
0.5468472378273356,12.84824046920821,False,0.8338075020790425,-0.9005576526504133,-1.5383163118527055,6.982738780207143
0.1959829062543435,7.660327288810261,False,-0.9375942050032893,-0.36548790765323913,1.1042402826855202,-0.5742049469964705
0.14867850052398016,7.425399028452463,True,-1.6506640979695453,0.24133323666193363,-3.5751188262037603,-1.8874423090170178
0.346268030459984,13.67072389493914,False,-2.849621208499442,0.7136004793457662,1.1582525494145735,-4.060178773763057
0.5112209612553541,15.436746987951807,False,-9.26392135707006,0.8823852624428197,-0.6881587104773712,-9.907005579665217
0.14916962437547468,13.361576222177392,False,1.1117657327398112,-0.10201187047219618,-0.020466639377814122,1.1597762314094595
0.21655999760674755,13.361576222177392,True,0.38939141131790755,-0.3350262364438139,-1.4773271322070958,1.4841666096710115
0.24658799229890246,13.361576222177392,True,-0.20137408197108408,-1.7426396157739332,-2.7499147048788863,-2.0539065165472548
0.06453453962521516,9.252788603682301,False,-4.299293524897085,3.554563845400116,-0.3082169322578543,-1.1607318512689369
0.31607397058438014,16.416954238657635,False,-6.2072114926943645,,3.356553406533447,15.178374820788964
0.519479721207689,17.25145732912038,False,5.612294659454942,,1.530395763725112,12.851150480706242
0.6169787104248272,17.722035931562587,False,3.9621012094341213,,-4.538023641265987,15.392474634915088
0.7135760606337562,20.039957600992768,True,1.033297489978935,,-8.374182902140614,9.92647171112171
0.20140006717390135,22.119046165829616,False,6.443967731098987,,-4.019945638795342,-11.764181880568024
0.12475817316848874,16.647098068324674,False,-7.849026807755932,,1.1765162653003758,-5.615379086939765
0.11701321830948366,17.728850899408098,False,-12.111901647857115,,-2.584136431636852,-11.53578619892408
0.5191039846391743,17.28706144597375,True,-12.497983195626505,,-6.059786967971082,-11.489392490968076
0.07478990614233248,8.53512255366128,False,-11.701482906683925,,-0.4777688335444785,-9.438916143608845
0.3988421499591642,23.369565217391305,False,4.794868008801112,,2.1313054363854222,5.222431605255062
0.38793033897920526,17.48364034123446,False,-0.5105331439578809,,2.651038678989459,-2.63828088401562
0.6668736630444934,20.476192016024125,False,-4.1186342756024175,,-0.09662282784128617,-2.9798595776645675
0.0462098520954901,9.997149027076517,False,3.3158238491655556,,-4.619599775211425,14.855997246534347
0.1406181174463761,10.453400503778337,False,2.7920849154730254,,-1.13224639469639,16.589028756736447
0.05537272939841829,10.552129764498432,False,11.016277043290579,,-3.685111536440888,8.124607050271738
0.5926498604158386,13.215250166897647,True,-1.1217560432524976,,-5.128905943048034,9.644883491665945
0.042915936386046724,6.63403016107351,False,10.379579877702838,,-0.48496829523799745,3.57004169306554
0.5705005336419486,12.732215677390121,False,3.170152754859612,,3.43760101024313,0.20792177435704495
0.5870506794932214,14.854096604524008,False,-9.249348427749847,,-0.48972951150766386,-10.82127982615736
0.7554640339254731,17.548072352772635,True,-15.185041953259137,,-4.065392682821168,-13.507395971724812
0.0674597383107917,12.76085848467011,False,-4.263403087508399,2.957435046987311,2.320263432521452,-9.444442449831492
0.5979232712079157,17.847936528942,False,-10.370822561996984,3.3171751200436583,-3.493453522709844,-12.788521278680786
0.818152678074977,21.922842855312762,True,-10.063885505016213,-4.976041998311187,-4.980968146891785,-6.3451774192392785
0.0408775913641549,31.360951095904777,False,0.42769957965431704,5.3902085678308564,8.663965140277075,-3.319836821150679
0.3192011977780239,35.65768707463253,False,-6.174355735074155,2.1832274739552515,-4.357975466242092,-7.392996108949412
0.14009749803517174,14.489486384795281,False,-5.437895240268087,0.5832043981527368,0.0,-4.50038816215983
0.26440332806351896,14.489486384795281,False,-7.868069197250039,2.8869258365757933,-8.339328249118205,-9.273909841293248
0.08756366089752238,17.824602485097046,False,11.619469194750698,1.7408459016559963,5.776600886727712,9.902743092350885
0.234982998850272,17.824602485097046,False,8.812661837013769,0.8990101518631333,4.535022556642554,6.314581052069879
0.3449725237925168,17.824602485097046,False,6.386311169010117,4.452018074656494,1.0405223619802673,3.6144526966691792
0.6059296763923712,21.42662246256675,False,1.3175376668800975,-2.58345678234424,2.03399789208476,7.74589545369706
0.2671280520442938,27.502477284782458,False,4.807969244025623,-0.12277833067428912,-0.8454079585442642,7.524596281810303
0.16673560657463773,14.417942641509915,False,6.9384903522656804,1.711199927468221,2.189516911511036,-1.0119595216191324
0.28265203795464594,14.600357407998436,False,2.6837393847812585,0.8810278612212175,-4.631910594996047,-3.029237861361622
0.04489148141736975,11.6420675467741,True,0.3506444010918708,-0.1523737616690446,-2.4336187192805503,9.25440258791399
0.03619410863268523,13.082142569126209,False,8.12033581951772,-1.107913733201138,4.690647045017204,7.625039890252405
0.4215250147504375,17.506562397197513,False,-0.19412498675246415,0.0671228179228045,-3.64677795830759,-0.25687480827720766
0.08165870531714012,10.846771732453389,False,6.395439205497211,2.936927282375934,-0.34300159463149793,3.359835983479398
0.42139620371918407,15.033431301849959,False,1.399080774671968,0.14488034346000767,-1.8292134328629528,0.0
0.04290302856466272,17.868852459016395,True,-20.129263443756017,0.8628103852057922,-6.122441189369921,-20.760366885995452
0.4019118089970042,16.064585361116563,False,-3.412385883612268,-1.063197267555549,4.1090968682726325,-2.668146738798538
0.3345820329322144,12.602501562578578,False,-6.310640728523509,-0.48970267240162624,1.9774044445891814,-5.845891741144671
0.2064526262924746,13.262262103096988,False,-8.262526842505968,-0.8524014485418729,-1.0366896591306185,-8.347465216983762
0.20028280933789516,13.913039343018397,True,-5.8880231022346186,-0.27163285084917943,-2.8518137646710295,-6.528759096441073
0.12470766175854023,10.761904761904761,True,6.022274231520974,0.26060175313906697,-3.007938727443493,7.907690268390732
0.27776411209309715,11.570401888518559,True,5.061712446281841,-1.2111935378831817,-3.2239712485399474,8.534041540252812
0.042026608873922094,12.62412977143683,False,41.22932811382538,,5.568076452299731,23.02797494605109
0.8462330763815442,24.28943778265564,False,3.303558841122789,,6.495699373336894,22.090602643898016
0.8716870116793707,27.02023334191676,False,14.99620928637273,,12.934823757247017,13.813889449487093
0.9284884533882858,27.952852083494882,False,13.637766502475234,,8.617528676676312,12.516810594050188
0.9625142486653884,31.464649997266275,False,5.409455556824572,,1.3375434052494528,-2.3923445611209737
0.051718381759278016,11.946093998752438,False,-10.222961026886024,,2.118032255145419,-10.416863026690471
0.22196748818552103,13.266477976510277,False,-13.431883142638036,,1.95255286992142,-11.070977155941797
0.31691051572498263,14.471968709256844,False,-2.676965601324366,,-0.37769776309088954,-2.292260467016727
0.4534440150354679,14.915693904020753,False,-1.1815098041528582,,-2.743145261103741,0.49875149904228255
0.19291764945175394,12.213739047631442,False,4.058513439194145,,3.0698988433051744,-2.3595047410837178
0.49706392873914185,16.11117840766326,False,-5.127863529304677,,-1.6492337740384722,-6.695387620192317
0.4480135790876791,28.41975459346065,False,33.941401091571464,,30.87793806508834,27.520765015278847
0.6277016973726223,26.384364820846905,False,5.952323075177879,,-1.7102291061632746,6.176182715190381
0.5276578195327806,27.919880385573077,False,3.7423110199276355,,-1.8677354586716377,14.974922896385735
0.37409770493218336,29.791130043458637,False,9.091411201605126,,4.224747897858294,9.953537005269485
0.4295867919995008,29.791130043458637,False,6.618244091117131,,0.6039853804869599,5.203552721734073
0.08551282096388471,10.069044702368895,False,10.551959828514889,-0.4402665367232661,7.942027216372272,18.202895012454732
0.37162476983567916,18.039627504165736,False,5.209095204362657,2.4076648849726157,3.1622635026048895,5.132197754545298
0.45235950368620015,18.88545176840938,False,3.7126015018392744,1.1454579003085996,1.522842639593902,2.538071065989844
0.05971574415951585,12.194147125205603,False,4.429550561513906,0.5840412564288355,4.697453501239135,9.275479034563293
0.3033681798046646,9.227308904848233,False,-0.049646119746027395,-0.7214512918450211,0.45010564965524136,0.45010564965524136
0.4062682860726994,9.768833338757164,False,-0.6459219175767306,0.8751846735931768,-0.2954164804395587,-1.1078287057728953
0.24621930186241703,11.32315737742567,False,-1.636855852228447,5.0409531033545285,-6.648450000690209,-5.646632194340828
0.05947496389982983,13.826269405537413,False,-4.258342448285712,-0.9118463606745619,0.12886401557654636,-3.2216495478846308
0.09250530069430021,13.826269405537413,True,-3.567398971352187,-0.022786819996745145,-3.497615262321141,-3.1160533522953116
0.3178772495313965,7.706646592206807,False,0.677476030257429,4.820834565361398,0.6765011091243611,0.12299934854544947
0.45002062882541916,9.808681746224597,False,-1.222703363066624,1.8291513862415565,-4.91071428571429,-2.708335149855845
0.22809732785834677,11.50442635456806,False,2.995670820331564,-1.2184073634705195,0.8419410040774844,4.204812706928984
0.08473574383321675,8.31076103201307,False,2.9582101862372756,3.956880693375542,0.9090902714778526,-0.48518740216316747
0.21383398502776585,12.488595544108843,True,1.8929630413864418,-0.6538506422770984,-2.768499428085025,1.1084130079515253
0.09638664578757454,5.696612011476327,False,6.022511603396485,1.2842957401088428,5.137951547677733,15.892599995677138
0.24503073962677913,7.100735601101812,False,4.157348037434927,1.1698283335701554,3.906629809289397,14.116911734078164
0.41736490044850866,9.071232878723038,False,8.676949929438283,-0.40658023046252767,3.8550161601781596,14.205470909445062
0.4490359108568199,10.057566556021875,False,7.498095986345055,0.8043184657416713,0.694768424493164,11.656183143859145
0.6494417870277892,11.451989202923741,False,5.831499099842574,0.24817649621478033,-1.4203479037863342,9.464351633208867
0.6697614139675372,12.476850439001012,False,4.606597489890696,-0.26718260549105644,4.969259884902755,9.675030046052857
0.12538925610367993,12.966951018737946,False,0.8606459061934357,-0.64047360369619,0.8938147625640935,0.9116866934854695
0.14268884408615293,13.541479731754572,False,2.3606278306838036,0.5498865022013133,0.7973068400682237,2.161578781740925
0.05458511460923965,12.292239003368557,True,1.2079534516679091,-1.9101086531455258,-2.5025773071842616,0.30853406198887434
0.1521829037512418,13.47566078505284,False,-0.15762349652249652,-1.6021514969983386,2.6146068817908485,3.5558589759179693
0.7830636786410307,21.91098307823346,False,7.33185648612289,,3.1873696497386472,-6.9411424762329865
0.2688175300265395,20.09416719671768,False,-11.906486527099547,,-0.8262363153225372,-0.6509780028162826
0.5969205311968293,23.426826290967988,True,-5.15714408616218,,-7.2065544315106145,-5.808630141732063
0.35340355795356787,22.852171082427535,True,-7.992598901837688,,-3.787100372380048,-3.723129029542538
0.014354815351952172,12.903227529648944,False,-7.908482735826238,,-2.5430097361800685,-9.536275097968572
0.4029148486013175,14.590485968873255,True,-11.660432845452595,,-4.081634031293168,-10.978613984238939
0.6170207844933926,16.25418060200669,False,5.2729630224712665,,2.395242939297959,-3.9364823911055113
0.6727683197020536,17.071712530674198,False,4.220304789772578,,2.756033881799125,-9.445452601255521
0.6299303973319297,17.471511231087806,False,3.684746812852402,,3.0759173132534956,-15.073316965013028
0.7869041019760838,20.205112956831556,False,0.2503836365854051,,3.9747183124245966,-16.185567879511265
0.7753368438304193,20.604644923018647,False,-14.932878851420494,,-2.155906723059131,-14.718336849244507
0.8105578068811025,17.485724754774466,False,-5.003258989941539,,1.0035024826186234,-3.6328238951283565
0.8828473151787114,22.215491922623073,True,-7.199871315121853,,-4.3584852098094595,-5.714283844192836
0.31044513000756574,12.48308631183061,False,20.492525964105646,,5.900653883335272,12.882990046825714
0.7165485539345116,19.13169942592586,False,11.338773226322463,,8.046025281340373,7.457558272035714
0.7966309989163998,22.60468350806954,False,5.96817000026042,,11.190854766088254,5.926401615317434
0.8926692434133991,23.3119264594653,False,-0.096945530973791,,2.514862264792095,-5.380026207136391
0.9446623751216396,28.760870018186058,False,-8.77398349576235,,-1.3645867735362138,-8.963235523950708
0.9452136517829107,30.222469715589888,True,-7.728769687377701,,-7.065694164924219,-7.992100927321255
0.07237199705993867,16.55847789591494,False,-6.48325245624145,3.4168831277301415,-1.3447565339984813,-8.930701659256046
0.3168611881746107,19.71679319442201,False,-9.144312358414663,-0.9957481209683983,-0.5525466382187205,-7.221401608403088
0.38607130706470794,20.410995463037096,True,-3.1742807181068255,-3.344234259712908,-5.919243041038613,0.29156122785785055
0.5943028753015009,17.90089504475224,False,5.627171905858974,2.9653472723387475,2.256150928717293,0.6272488573373591
0.13422755096661815,18.333333333333332,False,4.791358522701827,1.277396799784869,6.61419435624524,4.557041277223739
0.4884842186335422,19.242761692650333,False,-4.929694511850535,4.927478420813536,0.9312957710705616,-9.198662320619732
0.833614388388268,23.485967503692763,False,-9.924947954886875,4.709623437990462,-1.3679945440686847,-12.725157459782565
0.19231143316171245,12.55845521488379,False,1.7904198067455468,-1.5126911631106466,7.828294489411003,1.335592226176785
0.06247052040820923,12.55845521488379,False,1.7505809220835111,0.9009640660837981,-1.3694570369457093,0.7219465181932172
0.3822241764097474,13.106657828769158,False,-1.8919269499771407,2.71697458865805,-5.5344690671003,-4.288673619089922
0.06866318675957214,13.355933582715396,False,3.055342000274064,0.51437726621133,3.695794532437602,9.430466305981945
0.24900899949300992,14.686248530569088,False,5.591313652806429,1.7276807876595912,1.385556681791611,4.462145483684643
0.38221074024659424,17.361788164928964,False,2.2798458078665984,-1.3982811658968308,3.325751599933069,5.151126647787252
0.10663179423872306,20.527007614356883,False,-18.588873812754404,,-3.7991466590994283,-17.507968906770987
0.04225801040786095,14.637681159420291,False,-3.352345028923731,,-1.3670151867802738,9.89598448528044
0.27755529914628074,14.637681159420291,True,2.7226328485623785,,-7.406864993018491,12.640448981956375
0.08516603238917006,16.56645746165119,False,-3.639418850620557,,1.6362148350877348,-2.563409899412683
0.1771685145338452,14.37892064203955,False,-4.493596275649847,,1.9533319506866986,-2.7400992773394584
0.16786211855726163,11.507021147629311,False,-7.046262864691877,,3.105196451204062,-9.91128164854642
0.3513196312692981,14.181322335615953,False,-9.074892384317756,,-1.1588769835475077,-8.062306817075548
0.048658462608484665,18.132556150404163,False,6.991066613323249,,-11.470869100001869,-2.555972258447581
0.08808884612523969,10.57143046320696,False,5.152802357444797,1.4569952350207194,1.6123373809772357,3.3999342315695458
0.33159311506946526,13.05555502573649,False,2.231893966447074,-0.22112085649228508,-1.414282921640786,1.1038278770660659
0.1458386452692198,16.925065592834297,False,-7.793075198783395,2.2021704795379016,-1.0062883485038365,-7.138363820201943
0.18482756864028838,19.62500142157081,True,-5.068409492572179,0.5286055662441891,-8.753473935079947,-5.567584497258515
0.43645957805715413,12.409806902550894,False,0.7468698737416624,-0.3060650728958003,-1.0561675064860943,0.9121429998310004
0.6591706905810482,13.508444401502247,False,-3.3911105994368196,2.396085723814978,1.8340210399175882,-4.493352947045059
0.29621610666415576,7.2710936832791955,False,3.968487840432955,-0.8547938229855667,-0.09033286077493319,6.142731020071435
0.22635699183395225,15.118703705950498,False,4.922858533343111,2.6840074204058206,0.15445652095229523,3.149827202293287
0.42280873798643087,16.335915370240915,False,-0.04510418360665902,1.3919453865775866,3.4814665573523973,0.4331769264659169
0.4934441577705337,17.111814418836218,False,-3.0654861336917194,3.409820944007036,-1.0649200046373042,-5.882656697883171
0.07521177329335844,14.474859713360114,False,1.8269556269332465,1.3392577429949482,1.1641115811925173,4.763407633676908
0.765567928291883,22.751726893969565,False,19.13310329913194,,1.1623557014913688,28.433051376767793
0.14873885129077263,17.260549614559945,False,8.262257958949682,,0.13819101040433157,5.251332198452707
0.5511419739853326,22.34886179318398,False,0.9315541192522092,,0.042092857707332065,2.268811196371301
0.0501332685872808,9.22832966296396,False,2.073853714145235,,2.052312569854342,3.490383368515948
0.2050612361275671,10.082716910472168,False,1.1130848025060702,,-0.6141962495242126,2.278247787922316
0.17223598180844724,18.288474296646026,True,-6.838023233080781,,-10.245381337339232,-5.337832667854492
0.39104518838116287,19.27272449840199,True,-7.813208074065026,,-8.690379232846123,-1.043820411003138
0.05581457117683612,19.728810800670903,False,-6.870607220205094,,-1.1042319931470979,-6.552603033582893
0.2020467425360091,23.916110222891,True,-5.071749529848669,,-6.460695959316931,-6.133692968982174
0.024002789599803988,13.62611419678233,False,5.230149906383863,,-7.516144089063992,-2.3007146836044545
0.2137668686938455,12.502878194796224,False,4.176332246206238,,1.9405437960935634,20.53929926970499
0.3212487059233219,20.672285987300576,False,8.400424206793167,,-1.1096495812023877,5.765023330906227
0.057103936267606625,9.962596560356921,False,2.858523813968672,0.44540087417497265,1.5623032344621812,6.06323923298977
0.157164795299167,11.831504812461842,False,0.7234873001256137,0.23144351502562,-2.9869872367538686,3.8994995548050193
0.36437785038797155,12.387726793505447,False,8.382053767263065,2.661432824483634,0.012930910220343428,6.5074989809937644
0.5652108889222912,16.256529975995797,False,3.5960937733778175,-0.7639267620827672,-0.35581778679413256,5.155030017569073
0.11445225533143878,10.797975963379509,False,-7.287073885626027,0.692886376341062,0.16470389376268546,-7.832374192592384
0.1638402419893839,12.11228110356578,True,-15.336581050322007,0.21889675248127904,-6.111269125314811,-14.789445536667035
0.06907087738658871,7.900177686108632,True,8.707810424015161,-1.1560133804648376,-0.7463751781703554,9.523154722054251
0.12646987053769113,7.864859839032478,False,7.19295069274184,2.8099949728346285,5.829719454298821,12.507515781510858
0.24190637747051438,9.790347792741265,False,4.952776803379133,0.26407066166671544,5.033021873967969,11.169086894711855
0.26394990962129217,11.295809920545647,False,12.786851084889705,3.149175588028452,1.9434582161066638,9.288234896302638
0.6624978590764642,14.727900319970901,False,7.120888240263001,-0.45369558800052445,2.8424144529043627,7.609106006501309
0.7249702331951131,15.186781482985129,False,9.196840129544803,-0.005633273171667952,2.526264735342054,9.667340068573726
0.7818548060241582,14.954374620590485,False,8.329173071160145,-0.4789864845944014,3.360983513782978,8.585050466584999
0.11033990591680999,6.899945501504632,False,0.800410744734581,0.4089740934295927,1.7798341350790947,0.6738670568897875
0.1294043218989839,8.814725448032624,True,-3.6975227381004228,-0.2859103149210118,-0.625739633200284,-3.098250871911845
0.04168704191745852,20.977801791942888,False,7.9163907110980425,,-5.36585365853659,4.548778999142522
0.37133270858630796,12.884000603915021,False,-8.595490910083825,,0.9799221945720582,-3.0486271372088702
0.01994837470473078,12.501463183732502,False,-4.996782088367513,,5.191823279872088,-7.63841050595524
0.5324055486416395,15.414131656452945,False,-7.256766424905647,,-5.049181661970625,-9.72677595628415
0.7678671842857064,19.914532522869937,True,-11.649022453338286,,-10.580909005298212,-9.248745723523545
0.20805350433140973,20.607537544729034,False,6.947143889317653,,-1.1883793776870433,26.873751953534274
0.3748189951285494,15.113960769075394,False,12.075164534646499,,17.283012855620704,31.868609116769385
0.4163239497528439,16.09850610568147,False,34.26790297185691,,14.78470693941012,32.28251499698913
0.3177326762871265,17.873682925575658,False,31.427080264794462,,2.6227849874140396,15.717092337917492
0.8566136780974931,24.252425999317353,False,21.219151700538585,,-4.599841918782666,11.824167135906594
0.04747288973733915,17.74613784936239,False,10.480040218249464,,1.6553480475381965,-8.488964346349748
0.2579326341533984,22.53474861700224,False,0.7961032461618833,,0.37672666387609244,-9.39304739823148
0.5418239414482292,23.590611681633455,False,-15.070985263229042,,-1.9937099649238732,-14.577445478003948
0.6897632465460024,24.57006175047272,True,-11.493491842390357,,-6.819298970195753,-8.321026296205735
0.22863342811799753,17.80514861655491,False,11.689525311323944,3.7652804074859603,1.0834190262495547,7.869930997935293
0.19026775323477396,10.322949553948797,False,-0.9605768836870143,6.21702801604993,-2.865012092695418,-5.730024185390836
0.10214562833128005,16.017319055576753,False,4.440285986847936,0.9378956090728252,0.7999965122767794,3.005711146763379
0.17467235993407348,21.28133534721013,False,9.262886480555776,3.020254038253345,3.265531963011825,6.146238762895506
0.2356591966504451,24.219672871410868,False,5.553961357841963,1.4982953406885713,3.2687390914359016,5.302388686140569
0.3828854509804466,25.277631681085982,False,3.7330497310532396,3.764619832243321,0.13287498740650605,0.7461195669024034
0.1008639210899891,12.581277480853604,True,-6.85978762715439,-0.007352400558779948,-9.073039469534738,-6.605722008211357
0.0702626806430231,13.08629947521073,False,-8.338235320692078,0.5759175302127106,-1.9025515634683354,-8.863108654442053
0.044698319163396255,8.317081739463479,False,6.749493056978473,3.528599775688046,1.889138167555826,3.3710358326935808
0.04146490295176797,12.839377605853302,False,1.9771624013393385,2.3896095189934297,-1.7839188174607612,1.451322741070249
0.1758863554596269,17.75039548852546,False,16.353869444340297,-1.2715634869851833,2.0463252224575568,49.300828857541056
0.1400531686228287,14.333546725635937,False,31.766098244398556,16.07548775887253,7.482920152367689,30.649408208533167
0.8691685505323287,27.139598192051285,False,12.068732809620265,3.111388849989649,-7.581838874960544,15.736748624833496
0.6470479884674822,25.48964861785283,False,8.159579619036816,-1.9181296867263553,-10.416684985033186,-8.151839332417921
0.32383728646549026,27.71034622426824,False,19.685987444050788,2.321129004435063,9.329946006854218,-14.841238909369581
0.6370543455767925,31.453456663107005,False,-13.933125589703577,13.465500549637778,-15.223073349584404,-25.740268508898122
0.8727412520530583,42.63485322444829,True,-24.543470662996512,-5.062558524096072,-15.43885639948096,-20.552258805615466
0.06636284712052634,36.4618087294603,False,12.69365954356454,8.492709127957653,5.204858058754902,16.343234975964616
0.3174811158950225,17.270903730845923,False,-3.347657456172215,-5.030394302861396,-1.136300308871263,2.3784270697047027
0.0784605284743594,17.190682174813034,False,14.557289319058064,2.6915397203920666,0.7595321282090284,7.286442410849925
0.5371131969187524,17.639022851429647,False,11.40976062214325,11.973659193590148,-9.341747452144267,1.3726980364589414
0.8266566528825794,23.417573593512635,True,1.3575953954849451,-7.423248348782252,-3.6855504811451834,5.725863902189432
0.5198452574977275,24.26882396287258,True,-19.054128083617407,-0.4533547639755775,-14.886870802427188,-20.093512913469237
0.0870262985451895,16.265997459509254,False,5.478021389003307,2.4508514337513,-1.9522514140903557,8.352590957230998
0.09194044556607203,11.3176753776011,False,-7.638331947122556,2.439474633637939,-2.1780951033760987,-9.837815565535191
0.10234189884168668,9.976748932365668,False,-5.535613073871137,-1.016744003358938,-0.5692108667529117,-4.915912031047864
0.28349635185086486,15.71167284138795,False,-5.010926649254676,2.1992208238225563,-3.1171130496040256,-6.911850543168885
0.12055871112531955,9.73974573610773,True,-10.104692212585565,-1.8193255883688697,-9.375004134426101,-9.91089190853488
0.20358228027696845,13.280293757649938,False,2.6324938595920333,1.3597861366362984,2.1628116551516863,1.2556337887691393
0.4254431599388335,15.195404913773825,False,0.7947247337916963,5.534921911936919,-2.3808184460939796,-3.824083635121933
0.7736968787114926,19.789424907581797,False,-4.029042607542821,-3.1222229298396353,0.14616463776397914,-0.38002805818637686
0.09130923486770874,10.891822176551605,False,5.5281362113734245,0.8225822611296119,6.459224766871241,6.467221853939598
0.11652562490751585,10.891822176551605,False,1.8215987453235938,3.341559916950687,-0.105873969819692,-1.7204220077910448
0.6223827411265206,15.551848234953702,False,-6.102822836051214,-1.0871568085498273,-0.8886913697747634,-5.654306072380832
0.06381878654892637,10.49564665215521,False,4.683944976623322,1.2530817672147032,5.891955661620307,4.879680463553071
0.22930360196853758,8.831348870110496,False,-0.1750217318541747,4.589019081236478,-0.26282589512665044,-4.54163489000069
0.14064808081965113,11.333389762447426,False,11.900894774632476,0.520305085200512,1.6502629130844326,11.92949595206725
0.20387351515618532,12.587572413711964,False,10.318064885102295,0.33717912016359985,2.6021175420936515,7.394791400052569
0.2811123302884577,13.992183255213405,False,8.54538845647761,-7.906568800263369,1.5814053395454053,10.829578951028317
0.4205047108146249,14.826086956521738,False,7.49296782054405,-0.4369499310512448,0.24153968756739363,9.372441183011638
0.2896291822923396,8.797863217717326,False,-5.293099535068835,-0.48969121027313545,0.5949565868705431,-5.229375884720677
0.3544895582475532,9.51638065522621,True,-5.573538269189338,0.12340792139149404,-2.1023397909765373,-5.966924588703826
0.15879726086506835,10.54281532217603,True,-1.9047672223099332,-1.2672241259981898,-5.0454026382994455,-0.37900109183773845
0.10647160059490324,13.656251089913503,False,-8.448827292110872,-0.5330512094938178,-3.1243076208632203,-8.404074905521785
0.16986119733606775,14.480903251185243,False,-9.076829840005352,0.2240258574302212,-4.414027175011038,-9.323855508519696
0.0657182597367955,7.702500061797527,False,0.797445841218547,2.7398890713894675,1.8566655130500376,-1.726696660699134
0.30458467798210964,9.35563980216867,False,-2.5396225099872383,0.7259210491401324,-0.15786732320973718,-1.6157511393436685
0.2700575554673603,10.714611944199477,False,-2.7439089330883015,-0.3072959656938212,-1.199341401479459,-2.44412366080069
0.5898179615056861,25.890091128750054,False,12.392760229121148,,-2.7441492556893543,3.1816173221387523
0.04631843106261832,17.63431792122076,False,-4.384276620503968,-0.6613545222764583,2.6550846432627173,-3.272042012062326
0.2915804422000983,18.21539535561392,False,-3.9591729800588227,-0.7053900704416805,3.6666037980520594,-2.3525101553253602
0.2589736879396612,18.837136488694412,False,-5.855337231267777,0.7582280903176697,0.9696220371509634,-5.475501471461774
0.3182954731589914,19.848661790615726,False,-6.526712171246862,0.42665157382599794,-0.6205123569723581,-6.456283333259993
0.32316628778323997,20.462305722725265,False,-7.9748475283146885,-1.0249107817801306,-0.8859833158354369,-6.621077781236062
0.12686839812228595,12.802209778860316,False,8.569617612935598,-0.05187314854767644,2.8321664094369092,7.2872988827578755
0.2640530475578195,11.89487301222571,False,7.406326778787586,4.827422353113153,-0.6332688115623375,3.0878712638457095
0.49284842934320594,14.179637018196981,False,2.7582236446618724,0.5114643617537551,-0.45242665204277,0.90485330408554
0.131580074102692,16.618288316973164,False,0.20276158657508425,5.395485838080982,3.202499390261493,-2.159474015897156
0.29409906272492764,22.100666834022103,False,-5.018002440550761,0.3803419751170045,-1.9301146671057534,-4.984287255615638
0.06799902172569014,17.128886069411376,False,2.9453044208855195,0.7515627705099837,-0.9882026287841295,8.280127069929065
0.11467408192548037,18.50156096381671,False,1.2401211770133092,0.7764259655155259,-2.641712457360945,5.827317352155781
0.05234282074379917,6.895861634738741,False,10.190552388153273,5.716637617112941,3.5491033634024616,-1.4315533670962943
0.5012545181486349,12.700889374317367,False,-10.031681158201023,-0.6977889821255578,-0.34972194376364785,0.788421883159196
0.5178921232121579,13.71998964509762,False,-5.350884994616257,2.2705783757249964,-5.003831836489725,-7.31040296832507
0.7586109258398135,16.764604036290834,False,-7.226836173655194,-3.3085499339854274,-1.6093643532594126,-5.203212835032822
0.32760846788543824,15.35030890156872,False,-10.846110584114887,-0.06554734246839722,0.3767412013375715,-10.787634249212063
0.09162418460001248,9.557181195550259,False,-0.604207346861263,2.3321620336545834,3.999453553666932,-1.704987839465666
0.2740096213371105,11.983920994516264,False,-3.6932105255656933,0.6755837282986343,1.905021848959687,-3.474642378520598
0.3726068606731663,13.935512367491166,False,-3.582790604041397,1.5153933876608683,-0.17453529604579687,-4.276114753122151
0.46469734419620473,15.171963430561602,False,-4.435155625605091,-0.8007416119229616,1.1685218586494406,-3.810765308207975
0.04641580543045429,20.42048780744609,False,-13.3014148219482,0.8434914376902691,-2.9388374691821206,-14.259186793223666
0.19866908564110786,18.253332578077476,False,2.3839898808399873,-0.9059111790429619,3.296324526792427,7.22215574045173
0.06671672866483393,12.246570049183397,False,8.469667804734637,-0.4753699006361356,-1.1324715806521168,17.832286903949644
0.14830890767056826,15.65607613341054,False,2.1020773964196326,,-0.5719294836849298,2.035672789549281
0.21541293676871465,9.918858310706394,False,-3.831285302681986,,-4.278012086343841,-3.7171437640736493
0.5448083435956562,16.977309562398705,True,-4.779181530430288,,-10.14719405405845,-2.8944948506322454
0.4330358615573082,16.18774273020065,True,1.537586829645221,,-1.6490320282338544,1.615726259930983
0.49909895356802525,17.294677565182262,True,-1.9606599991052742,,-1.5715161799534472,-1.421048174047379
0.3939565510212252,20.994333258249164,False,-4.632771692686754,,-6.625018675273198,-8.25250915903627
0.30002558071415975,12.990351735203978,False,-9.63395706241661,,-1.8872355260140639,-10.7842361932337
0.7928676824529373,15.27864393409617,True,-13.550592278795314,,-3.655373075420565,-12.742707231896077
0.17386157194635327,12.144435038937376,False,5.653254377728434,0.9975032400686645,0.9788726475835174,-3.670772428438196
0.3308897098928998,13.95393141704066,False,3.4771920962320513,0.2008908941325327,0.5631032063684094,-3.725164705979156
0.3687009741946941,16.635069369571482,False,4.40982284412208,0.2098536145273,4.050399668481197,0.5639447971679257
0.10106428595825134,8.29695094005798,False,-2.7554316794268674,-0.4522634666594194,0.09806830168777037,-1.9682929567225504
0.1710263704428191,9.246172419976373,False,-1.612544941527716,0.03985473174183962,0.16355159622520876,-0.1862553882686746
0.39200461698483335,11.573629847568977,False,1.3756375385508335,-0.036868587248473084,-0.08400928754325188,2.554708356504798
0.07148279405741466,6.913515050851697,False,-2.803283248958588,0.009483473740368176,-1.8674299914015147,-2.300251477890658
0.1725384715971486,7.501041805482343,True,-3.313233212932898,-0.5837782896909061,-2.9501597056958095,-2.7488529957687247
0.1832414030902239,8.64581111813575,True,0.1381883786181648,-0.18857521442984249,-3.653305724005329,-0.2810235172311826
0.4677713300379883,29.176076775458803,False,-3.0616910913540463,,-1.112628304087615,-4.020634098862075
0.29956763968877564,14.106979007797799,False,-0.9904590555441461,,-0.5417499120091485,-2.070668958225108
0.043324274785861656,12.343898811214258,False,8.134876267108027,,10.659243399949258,30.335555874778763
0.11648999208075192,14.03673860806132,False,22.116693344285054,,7.568649589961662,18.772450150560573
0.5773302506611309,19.78021978021978,False,13.957685441696066,,11.668272984030859,17.888138184166547
0.7316461136680108,21.341496263171074,False,9.453259534244385,,4.7960808937979715,14.383067139539452
0.07408788540832006,9.17910295932447,False,-4.418206563671834,,-3.2796388404850996,-6.877589832497744
0.036782032534532175,10.16263802608102,False,-9.223145518580223,,-5.9631160939701005,-11.320669942160766
0.14954581283537882,21.26436781609195,False,-10.956712095503073,,-1.2159067904890075,-12.347658623381896
0.4306723005709943,24.53245829042924,True,-10.2074131941168,,-2.614804034721252,-7.979219144958572
0.7648725403795306,27.809422607078616,False,2.973116920746044,,-0.2465125651595068,-1.4761794913950688
0.3259132294606992,15.833333333333332,False,-6.3955619603522145,,-6.912282801640702,-4.435202043919617
0.28244831198274756,9.782765615670428,False,-7.26658771181381,,2.538521533798721,-9.106724103767473
0.19198511510798263,11.85506130276624,False,-14.172771619490366,,-2.3368262410839558,-14.711269232888968
0.5209921978568888,13.0629360659869,False,0.07462329839647008,,1.1426196767480468,-18.16072789255615
0.19660036188676394,17.33826316883276,True,-6.908294728910558,,-8.747559984783827,-10.379129853544766
0.3872505658080778,25.645590640974063,False,15.767242966231887,,3.901181741450044,8.466080297059374
0.5907614122032409,28.019505117905393,False,12.07114025489211,,7.939127556473413,4.629282470185481
0.038229060187166646,8.063516487455132,False,-4.300499024203297,,1.497310416360964,-6.780437841936782
0.13267427225445827,10.758377425044092,False,-6.5694455412531605,,-0.8176157313213972,-5.779918805291439
0.06707333634316963,11.624984041912228,True,-9.054696719444234,,-4.747257365312574,-8.529678797113737
0.17075428385752403,18.458390177353344,False,-8.810652092114458,2.461770275498365,-2.121328486924612,-6.508795000905188
0.4971218284383252,20.748360407484174,False,-7.856825806698375,3.8589729738932377,-8.981264222215213,-10.006959357315527
0.3167423168312831,14.570043378412862,False,3.5730451192452106,-0.8603605284280946,-0.8068428382896009,5.2907508047318474
0.03274656064195487,12.549461639433993,False,-11.84202245341568,-0.01984728229996735,-0.7973384589886279,-11.824522017381135
0.2738044788882221,24.000001470726655,False,11.967269146548908,3.6953756022223283,2.771671436605594,8.086448556212321
0.6147913686154776,28.87987156983906,False,7.01046735115054,-1.5857083120987436,5.156107709527724,8.691320252503054
0.03709988649206569,11.519015168168828,False,-3.873450548535129,4.654081432450008,-4.250524259868415,-7.684210526315793
0.2897262421920623,16.023367410807428,False,-8.967576056707893,-3.5699864956461047,-9.11834148633105,-6.163064412582919
0.39304224939785565,17.851147174034697,False,3.2832493611440805,1.3260502189667456,-2.9078118409678777,2.1533194478748907
0.17973440659467746,10.527959657428479,False,11.75591483415175,1.3346802742626451,4.643783390871081,15.630558325548982
0.03828121237610076,11.299652911685307,False,14.190866786173562,6.403992870168884,-1.6188903701019552,6.899533024018911
0.4261721133711583,15.129151291512915,False,-1.4429696535771197,-2.92082025297864,-3.017956343488992,5.840790744783408
0.4263738554214793,16.255710001710526,False,5.5995797628184185,-0.06620787928821592,1.4189092989250973,29.293375548040434
0.16768472702690687,15.005831456935532,False,13.591866905542084,1.510556023966303,7.883981028798459,14.087765289205745
0.19457604702957954,15.005831456935532,False,17.40103521768961,2.3284177022213415,4.043070785176783,15.96514722037583
0.35302437060560443,15.651730544799886,False,13.687909909002439,1.9725862257072624,1.215073351061946,12.919841941857179
0.6117083279938711,18.70535441807338,False,9.572115737492105,0.22293530039187992,-0.6171160444389923,11.007713151332155
0.14384008322180442,13.743672218784377,False,-7.411234360376328,-0.6069761204976154,2.1586494199341777,-6.4615633833618125
0.34210553960613144,20.8406951967743,False,11.686892856727283,2.2176022176022325,6.091867772245418,8.170901260841635
0.5641170228107764,22.834992551993025,False,8.873112776287616,5.878540376453079,0.7542833090757428,2.1938133067228804
0.818159465724646,26.742423068106664,False,3.3600682329693488,-3.4409482170676187,4.112206909706995,7.393242285744539
0.7561494106030358,27.733094926972125,False,1.9623164205662125,3.869737905962478,3.393218192261327,2.933603010396446
0.31418151807599537,9.05263157894737,False,1.3375249574496095,0.443045872610659,1.2846097527943856,0.8842154783276435
0.49674326597725055,10.8359133126935,False,-0.4708181550965418,0.3239735276147737,-1.6665984365654807,-0.8977217469967935
0.14813368692029452,8.700903056078868,False,-13.434596623213624,-0.896502638891572,-2.838515489159965,-10.180393443680725
0.10859478484923599,15.935340077275997,False,9.621993266932849,3.0175008969422823,2.48395451585266,12.806658740581822
0.29045801028125084,17.98443899914545,False,6.949927402121903,2.73948503592365,-0.11458954283136702,9.733240244250286
0.037230390374610955,13.854579103077064,False,-2.97276579390231,-3.6809937808081394,0.8675100669237823,-0.5444646098003658
0.09260513413550203,9.762342762747707,False,-1.2137909328578722,0.843301224374593,-1.321899899832868,-0.7796718425310711
0.15605292399411708,9.305994245079072,False,-2.2645722179710837,-0.5676339935277719,-3.3816391849547545,-1.7031561885376245
0.1939228079450292,12.89306293742419,False,10.04217583614122,5.15875018608154,0.7388810691949077,4.643860488469387
0.6063597235020783,15.20613328675499,False,1.4611534898513634,-0.45424493412165035,0.5283459745622388,3.2540846944421276
0.2886651127549379,11.879170735677084,False,1.5961857379767963,1.5713060673196777,-0.09410616325945531,0.26185107352547643
0.3860243218950019,14.251541271388291,False,3.916040573004098,-0.3764828098082318,2.7471408293209487,4.143087405539703
0.2538301945184323,10.017574692442881,False,2.7656112697715285,0.09705427169950376,2.5978612738345896,3.516191164016913
0.1705298237144134,11.300622558256965,False,2.381573269233983,0.6243100871752949,-0.4399819336831978,1.9291310205854506
0.22234555451165008,10.454288939051919,True,-7.564321484335512,-1.2920737404435112,-3.4587665387967093,-6.354350639885665
0.06445564680227983,11.330209201735508,False,-0.910066441263957,1.5910358112593004,4.803715871067271,-2.1950754642625303
0.19069875148193793,11.923173079162552,False,-3.0456253872164774,1.7730818875397514,3.147650163538218,-4.064686448576893
0.3748912027481333,14.54489544895449,False,-3.1227640649190924,0.3592125473493635,-1.6173329264571268,-3.3811427777883707
0.5394172502867955,15.624243453916678,False,-3.693822776182265,0.13086752510160782,-2.5862054910595678,-3.235789724246474
0.5725886978243326,16.410999266975985,True,-4.334436568489098,-1.8323558872357149,-3.8985945964654656,-3.9947138794103387
0.11401675760493399,8.255371402398072,False,0.3327201647813416,-0.4975124378109319,-0.018956837178973895,-0.6633813290424118
0.1031615617298392,8.00322316836426,False,1.2846177480387633,-0.6660907311716757,1.9637890963610571,4.978177983720866
0.08550226835961516,16.666666666666664,False,-6.0407799867848055,,-1.2794095704948827,-8.339045163041636
0.46022232553366804,23.92937989705649,False,-7.692945630991743,,-7.634816670485456,-6.546831807666154
0.508996702553023,21.84889726005746,True,5.108386949271115,,-3.774115349264695,7.115291819852931
0.09832686718755294,16.88120446003359,False,18.05593692555545,,3.1983151915386365,6.730513771121105
0.5596960602958114,21.656990998068395,False,5.262742992246383,,-0.7969571247070206,5.743236777170391
0.42601856645391023,22.735042735042736,False,0.31891615307544363,,-3.065134099616862,2.7926818925606556
0.03179672114261464,10.946084300248812,False,22.63512825349274,,11.94531921176436,24.431606492223644
0.7117032584004905,20.289020869084176,False,22.393813045614607,,11.683522483516985,23.005782110842677
0.1589075603068073,17.817404486407057,False,8.907133149437652,,4.594718695669919,13.657824395214613
0.3912510872251494,18.775673766407696,False,7.637249186563988,,-1.3360478017325983,7.927215403691745
0.10513509203167007,16.331431361607144,False,-9.766481441796259,,-3.3818780589637276,-7.994634886581576
0.05693157142378777,8.380260171791116,False,6.425344329095184,2.455006635728596,4.995846570280094,11.506226092453309
0.22370973707523006,9.4530622825376,False,3.617883422880497,0.7268750156802506,3.6310026636244164,10.578178804449712
0.3480703381061493,10.61184535366073,False,6.483920778184116,2.518208527364618,2.1103441568628645,5.690800093164006
0.6875887238601632,12.226530301469161,False,3.721117022649567,-0.2736492545756475,2.651133938598238,-7.175483511909631
0.17197627907178617,8.758184559814106,True,-4.488078082139135,0.8873873664924314,-2.1568390684762795,-5.053027638855623
0.09784831767653811,6.688191881918819,False,4.445482512340293,0.7783980846746585,1.618366465429788,3.1590061598800734
0.22188080089218304,8.083052852803686,False,2.8841910736689735,1.1752542499791074,-0.2925160755294476,3.0556635326809634
0.40596093122570887,7.962651381111215,False,1.6373338176195684,-1.5336688874316717,0.5425213312434174,2.797825448487834
0.2509940487223168,14.35506241331484,False,5.046885929985145,-0.10074454357890117,-0.10773580039096231,5.810597781820159
0.0711272597403717,13.55434326479228,False,6.14155408438295,0.21232486330413636,-2.7677635202472572,12.757947515361256
0.22594749568988895,13.273858431462857,False,-10.054462954402565,3.1056052777314713,-2.9002143876061592,-12.019110353635876
0.12896752064545275,12.204145772097034,False,1.332661156436199,-0.46728170613915543,-2.2586092147599657,1.8168277249702491
0.060922462812579445,11.442451058197005,False,5.032468227484643,0.8146834951217041,-4.3661804282659755,1.0497754409435567
0.11842214085150643,10.951837975783244,False,-2.7839529547246666,4.25258308960168,-4.659369738010644,-6.823871946295235
0.14234945915489222,9.638405265708386,False,3.1978447171737034,-1.2390856084358526,3.6418104259576367,4.166037773928299
0.14440203512640767,10.937983058183393,False,1.6373644053276015,-1.315779354633484,1.92262076803007,3.3908687966398565
0.18209778764384904,11.610211094747177,False,3.0195121593798557,0.8702193499854793,-0.6621259908341837,2.8667536267573457
0.2954503161274068,13.019323671497585,True,1.377172110462177,-2.1474728373530816,-2.3284671313994476,10.764242560527704
0.24705898162564338,14.839791308840697,False,8.830625410645276,1.7636370749657848,8.096254148885729,7.375535743391426
0.4116919599369904,16.131341447971106,False,5.204191390116386,4.209844986839295,1.964215917588441,0.8251557150630529
0.7261404467560286,20.685552462681844,False,1.0911244654701058,-0.23421612257719104,-2.818433894444583,1.3149681435903782
0.6587200327732179,21.251155240000468,False,3.3029756443633262,-0.0010303464898275827,-2.8555805529663303,3.134113441029718
0.20555807284382438,13.175360165965605,False,-8.586625357858802,1.634218730037773,-0.12780806567181946,-9.571147862213792
0.055701487572335215,16.01553047504791,False,5.799536104489333,2.3441168006003155,3.9231145367565112,6.415893291929842
0.2537754792426121,17.640026226428304,False,6.041859410936357,-1.6753406667883497,4.950794502498135,7.204569617082912
0.313294594203906,19.02191367638392,False,0.3609919861824018,1.9903273542004607,-0.93109872902436,-1.6186775803113784
0.0393787850646914,12.9506380684415,False,1.8745377744504355,-0.06093845216330607,1.0051661819805213,-7.2765694979646245
0.1335259244137929,13.500939787099858,False,-9.30755175649316,0.3918099709659728,0.862436724354132,-9.09190236286288
0.26023590948391034,14.053645540011617,False,-9.99481266507052,1.3487811845689812,-5.035354705330663,-10.517106104396323
0.34140485790807906,15.222732349358163,False,-9.56445710184326,-1.323069813592903,-1.3088557714602822,-7.968558728701081
0.046656047726853736,6.6016369643373585,False,-9.017109116125333,2.1140020702876017,-4.781319495922909,-12.042249901547441
0.25211387438528776,14.932844451981634,False,-8.578656211348413,9.19198434931574,-8.453044706703395,-17.15656637027827
0.13830989870358085,5.670209302969858,False,3.4691442381354465,1.767124547957244,0.9457616998949314,3.7759819968148145
0.2229647017714672,6.5976089306092,False,2.161247751979234,0.5506176980267341,-0.04183346857927761,2.203325807564682
0.22628571213781928,8.315377089878815,False,2.8847413934591115,0.5326478813666657,-1.501575669863453,-3.516529119916456
0.3988198633129483,9.249490988040696,False,1.8365169061463904,1.3767821093492394,-1.580548953986971,-2.836125225845776
0.2709057861187184,6.006311265413293,False,-0.7433233471756506,1.4334231048555468,-1.651579592260477,-1.5075834046079817
0.45805993125546113,7.595976423171356,False,-2.2676891493723206,0.3555433230113758,-2.604956829641436,-2.4072580089919526
0.3081416529463623,6.44593730006398,False,2.45636974526362,-0.8221831078731312,4.163452675828472,8.205022988028677
0.0741813885452211,5.19066341874721,False,3.1347486326934737,-0.612291587648861,4.6887155537855385,2.067356354505412
0.10342446497949234,4.9744273860597525,False,1.7544560840627943,2.3864713392433012,1.371437128633879,0.12437970963790068
0.4250290737893622,7.107843137254902,False,-1.141353650964938,1.1250903113110944,-0.8518649173139159,-1.9005564398813513
0.12487417177723717,7.129785658769297,False,-3.1969910977914795,-2.3009566900702216,-1.4976165731856894,-1.80060315520848
0.3937298877608334,7.941700669986325,False,2.838721443845804,0.6384600665048756,0.3705838854181742,5.800325413612906
0.08792252810743914,7.805615126883278,False,3.955858168469173,-1.1990251026122611,-3.047556393734352,3.247811289991387
0.20138728395010436,11.973891599803437,False,-5.430598137028508,-0.9178992267296904,-2.172050804219894,-5.365727797048048
0.049201496344229656,11.548817438710017,False,-0.6716048001367714,1.3217548736451201,3.615608486362931,-1.2974656445605137
0.28662186527021805,14.346266139141445,True,-8.924566949951561,-2.3548724832483825,-0.45628006376335906,-6.8442009564503525
0.03810048998167073,7.345595058440453,False,2.47761542786058,1.5983963680066937,1.0602960194508126,1.1128701179093259
0.22138326733884728,9.399552160286474,False,1.4911392911401977,2.5071860206268504,-3.8516929010316003,-0.848392331742942
0.48333928746637134,12.278185383684397,True,-3.1460913574884675,-1.3719659434368925,-3.5619981958351032,-1.8406455548306333
0.06253732262377074,5.054251755340189,False,4.396644662227978,3.460995204807782,2.148281906420424,1.336132141675761
0.4403559463730638,8.456106883835691,False,-0.21125746922601163,1.4368528122827184,0.6818956983427382,-1.9433964973352036
0.6315734608165284,11.008476645259533,False,-0.3963275847984504,-1.5937262838350508,1.7832785336230783,-0.26450303634278916
0.5886248388184497,11.458686712821459,True,-3.039612127232705,-0.17030996668742082,-1.6179100036153415,-3.118456910122014
0.41073426955216163,8.695296844729718,True,-4.470139705181165,-0.06694754944052139,-1.929215786336147,-3.874766821064868
0.17693446061889673,12.433053082958441,False,4.593710983071397,3.251914236585529,-1.3255594841763085,3.328008464704957
0.09851410336624247,8.614022918135577,False,1.3305790810753004,0.22410109003732082,-1.9133409728274597,1.5998089897486967
0.20533332192610132,9.148447390464806,False,-0.5054912613360774,-1.4380989681535228,0.22550124331424115,0.5234759004271172
0.04265240987964579,11.81998738989177,False,4.6003174238608,3.1880880175604087,0.4549304476884952,2.3336100397535864
0.22486570899663877,14.538774560172563,True,3.243807546828825,-0.7552559337145603,-1.378791733369944,3.7687055650069468
0.23852880735273835,15.021601151574595,True,2.6605154699289812,-0.4479120186614449,-3.3682634046631743,3.734200224749884
0.03835913615601537,6.1586595410805005,False,6.625915019349349,3.429705711380593,2.3098392751571106,3.1600331631549627
0.3495412026993567,9.843827365197,False,5.3001976706697596,1.2806463167889248,-0.18536369025800026,4.500635830041055
0.24121368946235455,7.473914079789756,False,-4.228465565194883,-0.3653892670106518,0.5625805571467968,-3.780028370930788
0.607511174215982,23.539086062288696,False,-0.9210934990289243,,2.716407999618875,-11.527558843596598
0.954958254015843,33.58823631991859,False,-0.08779427115994665,,-1.9844283343045555,-11.846719946306184
0.7610572964203767,15.780362813210887,False,-9.644620311391627,,-0.5690451121096118,-12.166380756466143
0.09383788771297608,15.666666666666668,True,-19.46483469369258,,-6.153710756756681,-17.38791934991908
0.12875391933885239,11.153846153846155,False,2.2560256858735306,3.44431687715272,0.2942791475800455,-1.0938385648019633
0.19826062045701684,14.97271545655531,True,1.9245228539893633,-1.284528839925425,-4.282367883729599,2.8939678267411395
0.2033089286872128,12.131665268661834,False,0.9899523676192068,-0.3805424289212156,-3.630017176085454,6.1033391933049685
0.043625364614384626,7.104278131563632,False,2.8024364525559786,0.6824975938973576,0.6728110599078407,5.872812860023036
0.09128965024545185,8.389610178384098,False,1.380032240542528,-0.5484993768240409,-0.27831539526687044,2.491991168291685
0.10736301118004604,6.864324846922333,False,-0.5664523769726926,-0.12553739019212085,-2.9521761371216537,-0.44306118248204074
0.05484593099152383,6.668054326654746,False,3.7515400498159712,1.0909183986851145,3.3169913842534093,-0.9727934198038635
0.09100549444469404,8.269677138188317,False,-3.068151154777443,1.7640835387011888,-3.827487369665461,-4.9190912528308095
0.2158030851017575,15.315930468432548,False,1.9577083156444575,-0.7805345479025005,3.6884386342260322,5.806376368204158
0.056713323349515996,9.550561797752808,False,7.494427018811356,1.0172046617222152,2.7966009561845917,10.977548096778111
0.21149108712959358,11.334946870716516,False,5.373778678572272,-0.9226313255134899,1.7223058531833813,8.497295752900037
0.12375960902506206,12.382751285534754,False,2.7326788781422806,1.702875346690269,0.9573653306101715,3.7426626922708817
0.1741253879334445,14.965034965034965,False,2.819661328608092,-0.2925588799486234,-0.730872955922468,9.757644968912583
0.2714941969214335,15.431691839231219,False,2.255405181248027,-0.35156147592051434,-2.5742836977652006,9.882407502528757
0.3151139409796963,11.538942367795975,False,7.600514740959552,1.2564381492960353,6.932269422715209,3.5682645072193875
0.3836932273617948,10.796527994214513,False,1.2247322963746088,4.884802480547168,-1.9283214414739902,-3.3780369400289056
0.03146666987337582,6.5566458519179305,False,4.64409657171605,1.844272782595846,2.7513899260489527,11.849908762807315
0.19865394530490324,7.9120879120879115,False,1.923354552785539,-0.5062577736318241,1.1656550162019386,11.984261767215653
0.06478788339344205,8.545236276328714,False,3.568161491190791,1.2073757589874612,-0.3325680552374699,12.51528268808524
0.35976906434287426,10.372412510921283,False,1.4989714825770495,-2.027859458737491,3.6719074263379836,15.483286785366634
0.36361486890739636,11.222851347925292,False,2.2774238332549324,0.402239625837697,1.3667805650470877,-0.33336111342612273
0.0403463554306623,8.634852337179739,False,3.628152996021261,-0.7271447317976798,-0.3768990052984478,13.069701589533045
0.19631014144704853,8.162280372996053,False,4.511783179502915,-1.0621823286159349,6.037946368245284,10.883453258149544
0.2971701130515781,18.37306870186711,False,4.044356611709832,,0.6965552393689789,6.889567641348249
0.6096243213005814,19.47169657773192,False,2.6440095855236434,,1.1965070084944518,7.001771163291615
0.5724198596860225,23.76681353536746,False,-11.987144741262535,,-12.93290517348079,-14.61038936911596
0.3621592464586439,13.69594254216215,False,6.935827703240571,,-1.0243219436532613,16.005121951624556
0.7284116503844558,18.853977528119465,False,0.5447175191674702,,1.1721121683802238,9.808755890071197
0.8674969684597345,19.792935812443645,False,-0.6187072869266674,,15.09054264181513,19.651231786420365
0.7177033191945048,21.01796772665606,False,2.600766793721343,,-1.9230786330899807,0.3496450019731423
0.08255980361831977,11.59920991709792,False,-6.3269541703179,,-2.487562189054726,0.049754280356029135
0.22446914527585118,13.728323295804248,True,-1.1206026771428124,,-6.75675685627406,-0.4343599950482613
0.21971669436882352,15.185709221997579,False,-19.461858328820213,,3.0111764889843684,8.372999516372692
0.17429036608330162,15.185709221997579,False,-20.350289847413105,,-4.337582245302308,17.1051380175776
0.3295848110488266,17.095593365624534,False,-23.681231153485427,,-1.4251781472684133,20.69358553852434
0.3946109047562973,24.268741025087945,False,8.328581327430506,,11.311286888143158,12.055209272234269
0.4529723900441809,26.349008758577636,False,15.309312700379895,,13.187200373944341,16.15432300733144
0.4558023993153638,27.515313856461916,False,13.483324523314465,,5.570156731506493,11.309874254379459
0.6713743615063347,31.130510081137935,False,7.823308481195701,,-2.1821394888459245,2.0291461418203705
0.8124273128925701,35.775194981301475,True,0.5515065064997327,,-8.092575673528458,-3.2433245349751005
0.25180129607460017,22.156568480749694,False,9.342518615759875,,3.5048432724282597,8.450150472197326
0.42381349387334566,22.156568480749694,False,4.743453645121276,,-1.5132359046636346,8.75306228429318
0.5748678716778542,22.32866330418571,True,1.1156428599214285,,-7.492191693679173,8.22804212623649
0.5867786321603288,23.362173735621866,True,-0.22982222569145616,,-7.977966793821356,11.617177329460858
0.33040316067770714,14.53596217503555,False,-13.121680021389171,,-2.2599367148064875,-12.057965983635677
0.3124350416815281,17.73033386071594,False,2.370091463739854,,-4.484903234243232,-1.3210506407827172
0.3127384678404195,20.349290829783293,True,0.5473318006232741,,-3.7317686762064484,3.38120304585654
0.1862734828655055,21.01283031124968,True,-0.29028942209852193,,-5.90200765216351,2.438746923816315
0.04993218321695554,14.922276034272192,False,28.589692830397983,,14.40734614189314,54.356793409144835
0.1921507915843578,14.922276034272192,False,24.365080300878716,,10.689614459221497,58.32181880317504
0.5268904298161001,10.439845522944669,False,2.701108115426787,0.5788462851413545,2.3373506937584665,-0.08094584669127158
0.5340036095271754,11.692494831388395,False,1.264660480779689,-3.260911774890196,1.5062968341148286,-3.5864329464500466
0.04808981914537667,10.926514971878316,False,4.823303089676512,1.0105785303228476,-0.04205271676720468,6.550315469174994
0.32102138946749736,12.391325681403126,False,2.868915856453902,-0.15357508563036415,0.21964613269724875,0.07321537756574958
0.4783228996959513,14.842935132730695,False,8.111272900671707,0.9090656394687313,1.382251975777704,13.409126999333143
0.10807283230077486,8.979590371304772,False,3.230830856073541,-0.4975124378109319,3.8452439298413132,4.047001852496024
0.13966176091786614,12.01388747603805,False,4.926752301678805,-0.9351377133969829,-1.7485700334821441,-0.3542829241071299
0.11006032792850359,9.875813128326435,False,5.010134165714164,1.2089169763247698,0.2682514261112212,2.7175165768034137
0.22530833137526007,11.219851935521332,False,3.4440984502582594,0.7197497482104298,-2.131846124362924,1.1354477007686326
0.2598733457597435,12.009237875288683,False,2.5243284493202456,-0.7502915224146256,-1.2123311737650688,-2.8172224993308626
0.08468772664320105,8.566193311956024,False,7.315000915885528,-0.5157402334981076,2.282062984938382,11.875853545042215
0.08558675018625209,9.379827862356391,False,6.360045679040649,1.950971049086836,1.7810705695951556,10.042060885037586
0.21943266752533955,11.051693404634582,False,4.397792780471543,-0.4975124378109319,2.4298372096739573,10.920821431487514
0.29564272881715825,11.93859022313026,False,3.356850307039494,0.26633362763861523,1.6092199801158058,11.871263260333741
0.15722694180094765,12.718917411877973,False,-2.1330258802408686,1.6879497665781118,-1.5944336552930483,-3.7507834638749182
0.12425767316866523,11.259648722676483,False,4.094788431800267,1.2206473073739676,-3.0291133305733076,6.567002662596644
0.27706449537141686,13.443035544877088,False,1.5336177123890016,-0.8373241160454792,-3.305022720431894,6.885471783415453
0.2585918189598592,15.059216590597263,False,-3.40559940086248,-1.278100464829146,1.4418227169111786,-3.198103570933397
0.17397194423608625,7.986243790599924,False,-3.0829802078639945,0.30094084411722566,0.21169191286687372,-3.644057832554637
0.17604251117760752,9.025845281471709,False,-1.2921602539774701,0.019746224045857907,-1.9087173766974774,-0.663904098689172
0.15255972441523474,8.70817802555894,False,-0.8502835362715566,2.155591415473679,0.5357677871175692,-2.3240643441018394
0.39509980823192725,10.822510822510822,False,-2.9527651189847903,0.5075631941303671,0.1434000193603957,-3.0759234133265756
0.017632939156764695,6.658152014272729,False,1.8704109602645902,-0.005383124174684895,0.8850838268424255,6.181297329474478
0.049633081312856535,6.730975442992975,False,1.0409987356868822,0.779877848329491,-0.9591873397629569,4.025764757704575
0.06439911098382514,6.302607656719678,False,5.97329460689211,2.862906770941831,3.8823505476409226,3.0441224341299034
0.23330775094101522,8.323531805300235,False,3.3655229329760505,1.843722563652328,1.3509662334735495,1.2499999999999956
0.2396843977741343,10.431036821270343,False,2.7906444787556772,1.5039743809687423,1.7836943044106102,-2.0951256779332073
0.5086607359609365,11.7497171450154,False,1.2773077655826803,-1.0797232518726663,-0.7400074443141391,-3.6620686715975737
0.3313314348837038,12.505265442251451,False,-5.995169210599027,-0.16699670507110964,-2.6518289833970754,-6.379229280757414
0.1836275326583787,18.719550777842546,False,-26.844549853676135,,-7.4516738864784715,-14.938488576449915
0.03907110609736748,20.344827586206897,False,9.503987622723752,,9.662013622364851,28.862156019734297
0.1437821580357913,20.344827586206897,False,7.894475515168042,,8.421052631578952,32.99999571683112
0.21827578339430584,20.80905370821514,False,22.237626098960984,,1.3232228571090854,22.52702482427893
0.15300422201613506,17.830112956745815,True,-11.958290564898167,,-5.911831327708661,-11.402585879275751
0.05622699304538663,11.514447249499176,False,15.181311705989554,,1.6175679259967435,20.674889104750104
0.7909876342047939,19.72379537963425,False,4.495234075370713,,-0.007126462393602928,18.59603033196475
0.8142375837064662,21.007698992182974,False,2.823981564642808,,-2.2767409146817297,18.224217576563852
0.044493554848765986,15.56042292425969,False,9.989299144350117,,-0.7928896504400207,30.034178018732916
0.5168745730297666,16.168478260869566,True,3.3690211423774485,,-3.34812747147446,31.087805353251753
0.5290798124727181,17.51336898395722,True,1.710694599986362,,-1.774418763970087,46.72626563574622
0.375022917853274,21.330858386691727,False,-0.13747556680661077,,-2.2208504074975544,0.5793625297701777
0.20189282803393876,13.269849729913958,False,-4.47096240489272,,-0.7738240534344243,-5.258523507338286
0.26147811027739565,12.243150684931507,False,-7.01458461119061,,1.0723125951916268,-3.3321494835541032
0.11553360472854582,13.472900462199885,False,-9.048370241974524,,-2.376946693946058,-9.05425239109049
0.4553353466419933,11.958333333333334,False,-12.711446834836215,,-6.0928372435116955,-13.208019623841484
0.4413062483518391,13.083761819906464,False,0.9961380989009561,,-2.317066422056502,-1.7675655642998889
0.25802960823335747,15.03623188405797,False,3.224822340122313,,4.5554156748129015,-4.884060508271171
0.10610141482452923,11.355184703545804,False,-8.098279529827746,0.8030627491408149,-1.2989198229424348,-8.215251468079233
0.1156693370238995,9.251731390087155,False,1.8382235640127087,0.6195770765334396,1.9727501664129843,-1.932066267275534
0.27269209583797455,14.27703470753278,False,-9.323374356730508,-0.1751115772677725,-1.978995931616101,-9.127624641921484
0.06770028841609077,10.243909016509809,False,17.75086433700359,6.092178697867645,7.50044930330882,24.672534277653323
0.5413249510690471,14.647637526952318,False,11.343374833742326,6.56796919112439,1.2520867794568735,15.375624123304267
0.8690216714608543,20.899476826396,False,3.1877612531798327,-1.945300413497053,4.90048291425258,25.940790846257933
0.05431051785281825,10.32934131736527,False,5.9572367188431175,1.3693992902720886,5.626423750008258,4.884804066016835
0.059240670232414555,12.860055466162427,False,4.887252687777566,4.22139729460056,-3.645729519579799,1.8650416556372784
0.2216128578481849,12.661501521898494,False,1.05740670540162,0.3962576294509468,-0.7315288845040291,0.6339931882028305
0.0939600729286573,16.40988726948583,False,12.822511799424019,7.312275830151571,-1.414769053885856,9.273000267258546
0.38173632756653897,20.169356455297848,False,7.099151402354242,-0.8151978516878655,-0.6493523468220408,7.129046351386958
0.1334758186313601,12.772478243775431,False,0.9680007902293619,3.172131254036703,-0.5580893410094045,-1.9134382452128396
0.41757204496652356,15.932317928990997,False,0.4742398454609109,-0.7009002051825863,-0.33100827071324,-1.4496006763818237
0.507663580441055,16.482404399488868,False,-0.18320090478913809,-1.7323131294146976,2.5999327501752934,-0.4695883290096181
0.19849551324535264,10.135382219224223,False,5.319811280162701,1.5647755638920513,-0.48314585245026187,5.738865614909461
0.3373986386827059,18.105670103092784,False,3.3235866791004876,2.426012693359092,-5.360727394708653,0.9268490922625938
0.04800004002382187,11.985160719117193,False,1.9900466526979077,2.345418876797467,-2.3552745397906194,-0.38428617505689155
0.04333724903738567,13.755908781769005,False,3.7358358121940993,1.9520502023436803,-0.012445610289646414,1.0705884167535151
0.17519765696759812,10.548974263153015,False,4.872463395927351,1.1955336725019805,-3.1358050612581345,3.7513593617855
0.3671845625316277,11.331108940972221,True,2.8612471496683556,-1.8242122719734466,-3.053896101200515,6.485891439604297
0.08122516599563687,10.611353711790393,False,1.6415485668659358,-1.869654902638751,3.8579100223385288,-4.117563827209714
0.10707616978481195,11.07732406602954,False,-4.910724295821057,-0.19494188484163733,-1.1715643316517088,-5.4192932554123825
0.17064166138025966,8.024767796131314,False,2.042869903253619,1.0120159847323063,-2.4028162368357253,-0.676146770133379
0.17985011187796204,9.08228730712989,True,-10.024307572915959,0.5460796060038797,-4.588894784993469,-10.550473507423098
0.06672053911824904,6.773044596263363,False,3.4934598518318483,3.3165690218593724,0.706387134308506,1.353193567154265
0.3394625868265637,8.671916012676252,False,1.3854775429894328,1.440426504490122,0.3740294580442116,0.19652797482394568
0.1427994972821198,7.4189451007309,False,4.151946023931852,1.9618083715524648,-0.07937767592010037,1.3533835606430067
0.07074320656945399,10.246734372518262,False,0.11627082863705507,2.019414000832165,0.7184012639906534,-1.878214535026046
0.35131767992469654,13.409254515535496,False,-4.203774628537616,-0.48473014324713626,-1.7097264085263686,-5.0700816945552285
0.9516338091079549,30.245096543255972,False,14.647352966421723,-1.9607843137254832,0.3613287443655189,15.686522332890608
0.04799565904561011,8.317757009345794,False,2.320179367473396,0.15343841539965375,1.9740545716519842,-8.183502112416008
0.041112777074041235,10.655737704918032,False,-11.725527591012375,0.5899464426501577,1.4723212262990337,-11.469605347795541
0.15172660691983145,11.438111109225439,False,-12.103287558514342,1.1463446184086346,-2.962176284422946,-12.696292168876122
0.11128997240722249,7.090463287230921,False,6.701438075710131,3.063258130758628,-0.7560211486580148,6.166969875832118
0.3661805736484393,9.981696025472434,True,3.3810179993979395,-0.904649546819658,-1.1517956890728653,6.465283145628509
0.06931375103981766,10.01984126984127,False,1.220262808646222,-0.3000672842203622,-2.7656585761807073,23.879853914941272
0.0610210436685025,18.51166090534675,True,1.3117739145009466,-0.32161144418674237,-0.6751054852320637,7.189869297204643
0.21757091264104456,8.696806346271055,False,10.528915705162145,6.603507286263732,-0.30153074062497787,4.950161184136204
0.7037804559838484,13.959897709769214,False,4.157574699601407,-1.4119045540883612,-0.5677924721927963,3.4067755230402508
0.3674031777638309,13.872455790143404,False,2.4626988102904646,-1.8713179789716206,1.0099297327711199,-7.135757547340649
0.32684727599731467,14.148489528972966,False,-7.285458669095535,1.9811375374651385,-4.956103398718081,-8.651238979574028
0.8679776821589336,34.437868016711356,False,1.975328651560071,,-2.741228161903131,-5.04385814478886
0.09718471598011422,11.933895879038406,False,5.434546903126658,,-0.2956493365157131,25.374657785612964
0.3558464639808505,14.32641326229126,False,2.570175999258373,,3.6207387682235304,30.438788268939486
0.21758563256055707,14.16212700368273,False,2.0307216525089267,,3.60056808665008,1.4968696384353164
0.40460848894512047,15.372735017734218,False,3.1845457458134163,,1.006624204993134,0.27925228091043586
0.02523318804788638,15.91049833177521,False,15.33243704334739,,0.8158472300052511,4.428898936135206
0.728880668132388,21.882213951660827,False,5.47723813870602,,3.590664141737432,7.660076197148302
0.1000285233465196,17.694740626909304,False,0.13528614622955182,,1.4458727376963632,1.4668287125632506
0.3602041049717577,18.346394017799625,False,-2.799405287111467,,2.4622885310702003,-0.46220684823978786
0.38565091453380873,19.93126079121233,False,-6.561011013774742,,2.0745042987512674,-8.947813612081179
0.3556087205799206,22.417579436622407,False,11.209518385066453,,-4.2704834338412105,9.435223408708836
0.1066117095112411,8.158706544062396,True,-12.235715397671608,,-5.702451039634438,-12.483088534633268
0.45340302236910957,11.643118785975929,False,-6.4931764210898635,-1.5909463670657598,-1.3919068619074992,-5.8507420085845085
0.07646424012828357,12.937836518158786,True,-8.820761059567017,1.5194298776388449,-4.957326836292664,-10.69170563652062
0.07400201822834342,12.153848936075498,False,2.0481651238997367,-0.10063641904437537,-1.1039130152597831,6.054632497887913
0.11022772871761982,9.465020576131687,True,4.760918310351259,0.30234680722047713,-2.9937617248408266,2.5571700193282254
0.11583467203513205,16.87049231734086,False,9.512021230571044,,-0.9258434607396282,0.7751207411313521
0.44909870525862705,19.053435114503817,False,6.6362857112339135,,-2.6849771774848596,-2.8356225077536545
0.20698550159055007,13.165175586271532,False,-2.6467216582519604,,-5.527768762363994,-3.0945315811784613
0.06242919441861428,15.72140546031224,False,-6.985778278540722,,-0.947052494752687,-7.929010618271182
0.28284272305694846,12.71116034339518,True,-7.680120449669159,,-2.023910829505682,-6.515016108012539
0.30168336287378983,8.145279478088714,False,11.832343791484412,-0.7831751037803203,1.5853870349065158,4.47521729356346
0.46790767203196476,9.468968017850203,False,1.2637690195049345,4.76014030054861,9.969710710396008,1.8438035328689262
0.4527854539370847,10.178227284297678,False,-0.7313745109211789,7.668231750388466,-5.108708491906655,-9.22537997955536
0.21711225552528218,9.289333359237128,False,5.3154592572386195,0.4117792239845208,2.639584014814278,3.7264734085409312
0.3457210104807904,12.975193465016007,False,2.16275131055359,0.4264496190843792,1.7206305528253196,-0.0555056684589883
0.5136819384055978,14.299742022146313,False,-1.1997823468694269,0.27192962383042474,-0.5402139249810367,-1.7966601266122928
0.08790454855855355,13.211244326881816,False,-0.9278532464642941,0.43040146627748577,0.26118567784587654,-1.3260063893166696
0.21278555099903257,14.357157259467716,False,-0.8491768182359194,-2.8198564771377277,1.6850903485709834,0.7212236059765065
0.2909120983517461,11.557754164088283,True,1.40715564093723,0.5336322461537257,-2.222219049504548,7.004551580774865
0.2332917873569081,10.283877878950188,False,-1.9578073432549248,-1.2916150055327202,-1.7674694126472157,-0.5675368973870998
0.05890047491832053,4.117648341074711,False,8.036500733105756,4.780718257452254,0.7869236982353423,0.3934587702660197
0.5141445042893588,8.051462788523573,False,1.1027688508902678,1.417826671438771,-0.25655302084721665,-1.105137113042265
0.06025778837022492,8.424579756769676,False,4.4214166836972435,0.016485873085159142,1.815564184131735,3.171255145958085
0.07773025456199026,6.889357006720835,False,-1.7836724530460035,2.5344495055824368,-1.5601409477260408,-4.227905684258193
0.4800468624516616,9.914476808370848,False,-2.9734179578584596,-2.2464669244885105,-0.35639564489976516,-1.3821300483856436
0.14357550928066096,10.598390081949553,False,4.940359967335239,1.7326479530847205,0.13773734140132277,3.5018218583464655
0.347863821038263,12.848254657701078,False,3.157516631446833,1.3464993099129074,-0.5049281128130079,2.6518923504207814
0.5003101910538388,14.049141774361432,False,1.6018203412524246,-0.15982771696431142,-2.401840170648273,2.3567505061580007
0.5047230581913978,9.37511983493015,False,1.9182001575330787,1.8843822174289926,-0.5360696376108587,0.9902500982715612
0.6153573157439922,11.037807591850445,False,3.758446549452521,0.24008939734243562,-1.5830357186994548,3.57471014873767
0.3815323757742697,6.566894384979145,False,-5.862670302556383,-0.6923595032959473,0.13937282229965486,-5.728219593858885
0.11605405394303955,12.483421106415808,False,1.8049050557135127,-0.864139142166831,0.6008438344802247,-5.1257307942538795
0.13162736051569177,13.117275998658648,False,-9.71326506866852,-0.41744051952607997,-0.6046270068649884,-8.545930284365689
0.14465612974121772,13.716946053419152,True,-10.676206755431428,-0.2372635860162564,-4.47998214840405,-11.0054772501614
0.06934485304277922,7.067385055752297,False,7.532782063195698,1.3310171957974237,1.313595203350415,7.167807472593957
0.19940773562797093,8.94974109738372,False,6.511704374904359,1.1148291241420472,-0.29832934474428585,6.421537324762916
0.34118027595859857,9.71510026873084,False,5.616377873017786,-1.4153382432229633,1.1072667605089181,6.560709339234205
0.16600702577366083,10.801809273251616,False,3.992333012958138,-1.6330031124435762,1.7729372801415622,-1.6976622750273562
0.043650529958689455,5.79658729489285,False,7.727691212965726,4.188789297991757,2.880057956623139,5.789502167940963
0.04707761386547958,8.299457994579946,False,7.2516786778758835,0.4462780946217437,-0.3194458560126012,9.664082717036738
0.1564622075666055,9.88681757656458,False,5.395124985715571,-0.06690912945258587,-0.5833641914567478,9.350351264708312
0.06363435538410983,9.415187401107596,True,-8.671830719818619,0.21789539249954526,-5.478106524390092,-8.601607264776224
0.09728793187175186,8.40914945743607,False,0.3381464460168848,0.17208707472060603,-1.5851089802194185,-0.3670225752160916
0.04203567332023559,8.41934066552529,False,6.181854089757333,0.2275828925518697,-0.854246087072208,7.253147810461269
0.018102483527476138,5.793815691446521,False,3.6159384095950653,3.1184284761758274,-0.45538152847761637,-0.004954593566830479
0.07126504094139374,8.728202624198717,False,-5.32975895761576,0.053580754082172,-0.30106151404565296,-5.327341171862576
0.0737212770987329,6.790852302134106,True,-4.256664173940273,-0.4868204566896628,-6.042037384499754,-3.7520855236280126
0.07190831067040171,10.124073967921571,False,-5.410045067027259,2.014488083833199,-5.033615496980037,-9.218483291754199
0.37978759762103315,12.813444140742455,False,-12.689974782920777,-0.04008710311982355,-4.049114564795819,-12.894117875846833
0.2842573357116597,13.270105106314434,False,-0.26620332723058526,-0.3735990037359693,-0.09123383742761781,0.12439873438865323
0.23836588729634178,7.659777887167802,False,-2.9428019583059517,0.20907208924763054,-0.3712831307008613,-3.4283927306305806
0.046899976872687626,9.222747658101303,False,-1.4689631301431083,0.040079335255027715,-5.093788303147184,-1.6376342418891188
0.11330804134775216,9.982142097000173,False,-1.6422166173383101,0.38746243211018605,-2.9386381359966407,-2.1250073905883293
0.6587491815028866,19.294377716447276,False,27.477278281131824,,7.007781218501696,23.581753713474065
0.6863852729689583,20.60737595323992,False,25.403352860840968,,1.8358581054532364,14.902811316583865
0.8089024025417915,24.923080053084938,True,18.586551293014118,,-11.111109413993015,5.205202070887993
0.5601047901812346,16.842105263157894,False,-2.1733395454198168,,0.07133103116438999,-0.07132014757709193
0.6118570576691593,18.72428153658305,False,-3.636826844673968,,-4.446014952321398,-0.3528581586227042
0.043893947346158195,10.105059727093582,False,5.074107493956448,,-6.268979360749405,2.266815657768828
0.15300336166116937,9.530134510353804,False,6.33248579976986,,1.5854401465488666,2.3879452281452718
0.2778290066394817,12.448289736814091,False,9.331748196991807,,-2.999113619043292,-8.897743316976348
0.05221452699009714,14.220176984460679,False,16.846963701669072,0.41535793481641825,1.8181800842285156,35.909089175137595
0.17125682247598523,16.88888549804686,False,13.211720868854538,1.2714189874196924,-5.150209849286691,26.180260005189982
0.09761813755896255,20.42552866834274,False,8.394200831882003,-5.155077300602196,14.285717934978305,21.874998669539146
0.37106810379559346,23.387094417298044,False,15.95249762317794,-0.497512437810943,17.187498253770194,8.593745401594832
0.12886326939637616,13.90133892457348,True,-18.791685582814267,0.394889988541558,-7.142858967489174,-18.749995210340952
0.2458438157705135,15.254240941010345,False,12.432184489538534,1.1889660405846936,0.5555576748318192,21.111106872558572
0.46526613583161924,19.354840363639088,False,6.991919915570044,-4.777195356560493,12.359555377726839,23.595510915499517
0.6286895425731831,20.212762719530243,False,12.734201870724693,6.912255650966559,6.4999961853027255,13.000001907348624
0.057875828691079406,14.979759711145585,False,10.920810652411795,7.250630650986367,5.859374912688509,6.250001396983862
0.31313191211404917,22.50922618304001,False,-1.9661824196351207,2.8069967720862232,0.7272755015980348,-2.909088134765614
0.7901881246663411,24.187727719861872,False,-4.808092138182396,-0.13830317234464484,-0.7272755015980237,-3.6363636363636376
0.06793452257460376,16.564410932314384,True,7.133046781476859,-2.6340655262187096,-3.459114781484396,-13.522010503853132
0.24039401187151127,18.07228874132342,False,-25.67284461081941,6.395729737476263,-22.22222101465736,-25.071223987513015
0.08998087527917512,18.055552060221345,False,12.910621129293709,7.265088726829516,-1.9867561798410094,10.794696156212602
0.055483997047715186,12.619041834288181,False,17.74461065848314,5.89907588694718,13.470311879798725,7.305928914685977
0.7100556697400424,20.64864699904983,False,1.8690360847525511,6.924830769216639,-4.325949392896089,-4.728363513033152
0.08021149286263042,14.421768116098107,False,4.3760806604455915,0.17937782358445897,1.8970171316345708,4.6070416053982655
0.20534837305164044,16.68874433179579,True,1.6111474860143193,-1.8154311745039897,-1.2080493698644834,-1.0738245067679508
0.34992421262818196,17.23684156865624,False,0.9426569114260985,-2.0686028680921953,-2.6702245043630946,-1.6021347026178523
0.4039787820513396,19.473684705855778,False,11.29438509879337,2.6823242483150933,1.43603310320648,10.574418221305226
0.5964591988934167,20.519480036933206,False,8.548166008976764,6.351356801701757,-3.6855058732393475,12.776411768902918
0.19659959942422006,16.61538344163161,False,7.3606374054208334,2.564104510624987,5.728649843468014,36.48241390980505
0.2808130742783559,19.90147369465469,False,3.12968020135016,0.8749390837381688,4.956270464261459,32.36151541351791
0.5630204384872328,22.938388934051567,False,14.875858479846539,-0.7804553764713895,6.749040433250952,33.46006987567787
0.07528862574348008,16.20838957389665,False,5.406395755892079,-1.2175015098762065,2.7298873096748277,28.304604898751016
0.24696506259900494,14.681441438445864,False,1.2481395818184637,-0.31376180720906754,-2.2099461874769855,3.314915768602855
0.3707920256267651,11.91885523227475,False,12.287250607597189,0.9323600967165557,7.9058043778350795,12.36333422118352
0.06858840039119178,10.227267438300236,False,-4.72279212449509,0.811729027349406,-2.3612751736250326,-5.489957572638238
0.1560762126427031,13.26717452658825,False,-4.666302548286416,1.0749278950484165,0.9370868803937116,-4.8192761016383585
0.21088803719631116,15.209577183523578,True,-6.789404807455968,0.45580844491055483,-1.1092470376945274,-6.703238743639595
0.4002746536090948,15.714282081240698,True,-7.285007530127441,-1.2674739704796156,-0.8745697211665182,-6.229788548687543
0.08815925963622914,12.741608314636382,False,-10.377859526748667,-0.4353823633941434,-3.0113849286296235,-9.985954246962404
0.11116507883886056,13.85878855490627,False,8.880879216317638,1.789897272429375,7.605359375525489,7.2501176193184635
0.3468169237766341,15.82156716725795,False,6.399963781827234,0.5882019755294232,6.127601503660651,4.564117819925806
0.5144303478537205,17.359799207987596,False,8.280278395672557,0.08244683098823646,8.650788806733622,9.650796557229668
0.5131009682269743,18.09524342710718,False,7.192370252394897,4.100883472472305,1.5156094620063287,3.54141751495598
0.7893768560606151,21.51406050461759,False,3.4176886764685666,1.214456724287838,-1.6666594762647535,3.377982701709503
0.7796351017818299,22.9775383726841,False,0.9195707149331822,-0.0738475981148734,-2.8487904093212113,1.5047574209100967
0.09287666229792946,6.619680590276424,False,-5.681658375701937,-0.16749054376381523,0.12397240933446074,-5.523419036516741
0.08895180529870741,7.741668943644461,True,-5.211791020205525,-0.10352263262338735,-2.026380917320314,-5.113562081669909
0.262527475785698,15.581396431971864,False,-1.929314834621143,0.7751897697326982,-0.896538043993389,-3.5007815596863057
0.12266227573763638,16.341855156685096,False,-10.051029113592557,6.173940029596037,-11.397119016590818,-14.377645029040542
0.192816601060985,17.401590655752457,False,2.284875936658426,0.5512326431543757,-3.572952911324112,-1.1553260519897024
0.11605978115375724,18.628720514069187,False,1.223652759740368,1.580866562738814,-1.1862718056612431,-0.064117246991513
0.558372159437758,11.638865941075622,False,2.460869174781477,0.151894043277645,2.8240360058789937,-4.344677577713196
0.4642284402083552,14.129666162628373,False,-6.7383268851640254,0.30889190743854655,-5.387319645411537,-6.338028169014088
0.23727034570694697,14.342107270893298,False,0.2225753492508753,-2.4286442447251755,-4.543963699658815,-2.0744214874289124
0.06484905249827354,12.767279407662057,False,5.06465648333061,0.6236442524515606,-1.682765347208548,5.129321211638227
0.18995835818958615,17.987646113897473,False,-3.237290654031,-1.219585879128915,1.3055435681690986,-3.261319955514208
0.33312225670510587,15.358014561843095,False,-4.0916247787859295,1.048115225189039,-0.2995543772789322,-4.777168591657388
0.11328978592472808,16.666665479397036,False,-34.98187712095386,2.2050242614090054,-0.39911608206316673,-34.578765791756574
0.022943495500927995,7.521070328915264,False,-3.403298557743206,0.3728545447605258,0.8384429128331927,-3.9195638170522074
0.1746356835956413,8.622677152733713,False,-4.336185029668693,0.20961389449223322,-2.174495673577359,-4.369187106312388
0.33682630918337986,10.310240083915739,True,-10.525098741967032,-2.7647867773312407,-4.556202641844964,-8.497257275594805
0.2255014910339526,14.443061631468254,False,-17.774091824625316,-1.4508283921499943,-8.243955683854608,-18.08373051073665
0.0482660683082782,10.570180110592755,False,-1.7759320215650298,2.694711016401108,-4.932365738390388,-4.110305732269081
0.02193645395140286,16.098002137061314,False,10.76726125144063,,7.5137300032597,2.5872746350822595
0.47532488435631814,20.771206938865863,False,3.4587128717906035,,7.803017414387914,4.040232191838999
0.4366553796691635,22.43288468822722,False,7.866710515370334,,-3.4778257117771383,6.494152893221927
0.7379905793484747,26.60740068206713,False,2.061527398279872,,-5.420619319831543,4.133826235349591
0.11873740161264476,13.952014959779024,False,23.523799541835857,,3.5854577728528403,29.874574610268255
0.20005541788054393,14.524020247702211,False,22.702673207625157,,-0.5530935900520784,13.827433524587086
0.4108271452990043,16.687042807617082,False,19.597606134055635,,0.9794356620578037,8.912829030481252
0.419108673036931,19.940144599808335,False,-4.675629230720246,,-1.541227893177033,-3.300790133281817
0.13833593579930725,10.06018078989581,False,8.460319868627675,,5.3173196189438166,1.7642689492209707
0.6438551557464463,16.91842900302115,False,-0.7861026485773359,,-0.7900531772425778,-4.136172431298912
0.8501180761860344,21.455499875705282,True,-5.317462040900367,,-4.597830894805332,-4.974326935075601
0.2368734600291991,13.935291762957725,False,3.363496819213574,,2.283533467642629,-0.1549907025128916
0.5938047097660486,16.272372991221722,False,2.061181408949686,,-0.651401975985999,1.4961844485527953
0.7236899296218386,17.234367056431115,False,2.4870563299415505,,-1.66683499273238,2.3335665235093783
0.07024827159898797,10.883977900552486,False,-7.182319099856372,,-3.0626845234224986,-6.995703332161762
0.23985211489086966,15.319830725696296,False,-1.64316878220504,,-2.577048457496467,-2.4718628061700776
0.10523747825996166,11.320754716981133,False,1.5989210744952187,,3.6276569772274003,10.553186294880312
0.17265130137369236,12.71151575065338,True,3.4242748007695445,,-3.4185390234650614,7.237450135197143
0.442628231203764,22.97579486308822,False,4.087010441726169,,4.517560757555228,-1.2030429765136907
0.49160969152593625,20.424339103330205,False,3.300113232146229,,6.183089759272731,-4.787680545820095
0.34469847839925094,14.867130545530358,False,-5.309462173617896,,1.1862785173031298,-8.010337121374489
0.5448831815936883,16.550925925925927,False,-11.726091763405188,,-7.680977325858118,-13.16415663306656
0.602096377857641,31.7034092599261,False,-1.5842654875983353,,-1.2869771057667512,4.058118898384788
0.04147798931819999,11.159939482273478,False,4.787109131397327,,-0.5874815743192929,11.593530744204216
0.27986532375732526,11.516361117993581,False,2.9048249832813067,,-1.6464694083786369,10.123034371505213
0.28346568688478063,17.710326764930254,False,2.9983953134593344,-1.115837195819136,-1.4964341550994797,2.8741107134241384
0.4175646433660128,18.547438407847373,False,-0.2856562066662627,-0.9212320838590471,-1.5424774784398076,0.5220721971751274
0.09131816375985094,12.920168067226893,False,4.812072807492873,2.219992474601784,0.22531248636494805,7.804173419352667
0.33173258394623867,15.580448065173117,False,1.6100746565511415,-0.7001651619701788,-0.7928428430322598,9.96138059068359
0.4203325614552632,16.177957532861477,False,0.8908931372428874,-0.7590938719886475,2.1991422640488256,11.565876115785345
0.036759371375390856,7.724327914710688,False,5.117693964768266,2.852124391889088,1.0080432661843997,-2.364096063316612
0.3301508021334081,9.961780123987683,False,2.568855129130365,0.2869046418296328,0.36826284937607756,-3.480635331177362
0.509991224904632,14.73262982922072,False,1.5958132617049259,0.11178347600182548,-2.000727507671951,2.103792328013454
0.5826341180723387,15.465524692512966,True,0.6209006533730577,1.6794984913367506,-6.1215994878874085,-0.10687132228925922
0.6356475379925333,16.977566445450858,True,-1.7838801514307057,-2.259658026279454,-4.94840391093515,0.9051958373661906
0.30838872851314014,14.335664335664337,True,-14.66211565294957,0.327669249749718,-0.9678716818543598,-14.642834698702467
0.13829154544117622,6.673461996870976,False,-1.9231402621511573,2.645203352496095,-2.6338622113927124,-4.071638086634066
0.049201625207220843,13.52923494199979,False,2.4948661413916495,-0.4061456471058156,2.0528570530926826,3.1099177009527024
0.18047962503097703,14.774871468958153,True,-4.782593896386089,-1.097874369962859,-3.0401801050748634,-3.8059098689821824
0.3082207385823848,13.654704870842677,False,-2.6913266254675716,-0.28184753258649886,-5.186063733074853,-2.2193956251355784
0.9222418712293223,31.377295426221767,False,2.2313330044481994,,-1.9792131492321507,-7.676933921818607
0.9055072156414381,19.565214328161783,False,-1.397210239186275,,6.774962962371833,2.0404096755234136
0.03699752614644659,12.996838169456936,False,3.9899620655655887,,-6.609013011742304,-0.5331656245041283
0.1010372143570047,12.085441259134345,False,17.221651653375925,2.9143210311567636,3.9025533018120617,11.583579408420231
0.19056826665652393,9.333333333333334,False,15.854065717419852,-0.8402405291251802,7.953267448001666,18.153227859483657
0.09362616323783757,11.551039523378812,False,9.43829537455121,4.14100597612117,-0.6172387511835131,-6.389637214644872
0.27483322046422626,13.724138983364764,False,4.022984317367917,-1.1837364899639713,-1.6147213466202293,-5.9380174463365964
0.08624518074242482,18.366833148489846,False,-2.688116571391297,-3.5456749587807312,1.4517150679744795,3.09816778903933
0.07157516913741632,7.76255707762557,False,1.7173584801247532,2.6351642625823013,-0.8531157270029621,-0.5192878338278972
0.07201137641242025,9.472750261496593,False,5.7213930348258835,1.8603664143736376,0.37148259591142097,1.7761768469156891
0.25301491047402735,11.985945250457887,False,2.7863820191524002,-1.2540082414276066,-3.3197882281993607,5.571677307022638
0.15015881788043778,8.505552201199118,True,-12.489924483581227,-0.8600620248635726,-3.3458932721861956,-0.5709717860341801
0.14314222401985824,12.07566824390231,False,3.592585681777982,-0.2528083873993836,3.5304478236607206,4.098360655737698
0.2466340735036312,11.42416383791619,False,1.7929467082243633,1.21169463105959,-0.2619943916347567,0.7404032144022743
0.039290049562339724,10.38084226233937,False,9.332327703694165,2.7783139128927603,-0.49420744029570196,0.19538433686110412
0.40376599234422167,15.51353878370759,False,4.7986560064942285,-1.6153581121281846,-0.38315502542847213,-1.7230325327766027
0.49495970918672333,16.099773242630384,False,4.071479338003869,-1.8061619340936863,-0.7710865784566812,-4.917953062248992
0.14314443176033173,16.264775413711586,False,-7.114546624516304,-0.19876515031226338,-1.522211004255869,-7.951416593914296
0.2962732776396927,16.508540763462843,False,-16.71691118221895,-0.3633008408034266,3.773016119813022,-17.29817794993921
0.25565419118735844,18.299776286353467,False,-22.98240559298028,0.19254955646823557,-7.165675592383303,-23.242971262185776
0.5095352599267815,19.310649580203272,False,-23.935340919271287,-2.907031296373841,-2.0632570624231628,-22.914945739493685
0.30669312138402494,23.01485269376547,True,-7.876461692927672,-1.4826855819910167,-0.9681765146757115,-6.424498448040805
0.05452843719236136,14.105113636363637,False,3.2338308457711573,0.18091361374945603,0.8887009888735031,12.782508551160564
0.17598765535745708,14.830985915492958,False,2.3614322752435246,0.9599887884521152,-1.0891145078126385,16.521540487240905
0.32134842746837133,15.544692737430168,False,1.503654909808505,-0.6448219469169403,1.3796727229327566,14.77111418546948
0.1574019154512008,13.112576775173466,False,6.966759772275211,0.5888493645596293,-2.5383338217928486,10.30394438193114
0.045632103134223626,8.739450040838552,False,7.327027016900356,3.8920604443921647,1.0536917896551756,6.462089796582582
0.23798308992167716,11.691871097507866,False,3.4476701812610866,0.1368611618280946,0.74052213125122,6.203549683381548
0.14842969210175286,10.76884295202008,False,-2.6150687272972872,-0.950320295345497,-1.3787133718839883,-1.8485120296021118
0.20201384562620922,9.619047619047619,False,0.5780636129866679,0.7675921607241731,-1.2219542182903553,0.40679712033924176
0.11439297856557085,8.05901022502121,False,7.698702426758186,4.555175126594202,3.171669291661794,4.92309424212829
0.4791503324462313,12.46859146221643,False,2.5246187004430043,-1.0174183307274154,-1.374534021141216,1.333370441173698
0.20798685691569727,12.954545454545455,True,1.0673947379579607,0.6331976481230406,-0.9230639068435686,0.6962679664908933
0.26529321039815446,13.606428059583262,False,0.3105019523414354,-0.7040093879418285,1.4459243062648897,4.6929973896266075
0.035203217505001834,12.018553359366143,False,2.874549740976673,2.451757287960099,-1.7140059138508135,0.40846981691626816
0.17547254022075065,13.40945300053107,False,-2.5686290718997418,-1.1552919696674713,-1.815730337078647,-1.4741573033707822
0.2061540666036512,9.652644440565544,False,1.9196224400541917,1.554443789441473,2.407152682255842,0.7737276478679611
0.3861368544461629,11.42294857534012,False,0.0899498400868115,1.5288067236334912,-3.5221283359825994,-1.6481218104241635
0.05229021763369872,10.001841959845276,False,-3.769053058523908,-1.019859259605449,-1.2314814814814778,-2.7685185185185146
0.3272749013616443,14.959050440018279,False,8.632831659388817,5.334376074441716,1.4239004691100066,13.959495727667681
0.7040064249790259,19.27002987003457,False,9.489666128114994,2.0210820497987614,6.15942410420256,8.522153712539104
0.09558369938497363,11.152982305335913,False,1.8326916861129527,0.8863265547542687,0.16453734389716423,1.4452795262019258
0.1715374487520935,12.888180281331973,False,2.6406718230986614,0.05397041350390097,-2.663706354329587,2.236465591424741
0.07992645286148443,9.468663622534203,False,-6.211987399909191,-1.8680995042762993,0.13290500034783825,-4.3925051171947
0.1220092355182141,9.790516998375754,False,0.5033903358035108,2.267121530670213,3.0511340712380486,-1.2319175011508698
0.3773964217324876,12.354114165565052,False,-1.1772972196985032,0.2766744115950903,0.6407886487947767,-1.366377748508918
0.6592605961859748,14.36914304079233,True,-9.232917221488357,-0.7465639535787383,-3.6558198558436783,-8.812897575528112
0.07594286999503748,7.953371038090998,False,6.475391898788141,3.62694300518136,-0.6189449461745822,4.982804074515479
0.5201744033967266,11.147830045918498,False,2.49891052391924,0.1290681967802243,-1.3065809193725908,2.718436048695394
0.04313286796874465,13.322166522887285,False,3.444209890694516,-0.9744214764855763,3.453631728686002,4.344333971813974
0.04131913432321338,7.445224323671468,False,1.5879666545538962,0.03860010293361693,0.5947265023971582,9.542433200613054
0.038392087622822806,11.967671289742812,False,2.9435017460544888,0.6176291570665349,-1.7874164711548013,4.5004808978265975
0.07001953572845439,12.825481383093837,False,1.9004733140478347,0.7979526762396549,1.733631925250223,2.421579102462368
0.0846080156509835,10.55033651377642,False,-14.906819529963899,-2.087328507855968,-1.613313135203276,-3.533927731874209
0.204740492911268,13.029555146917335,False,6.095138567380931,-1.0857029866638057,6.7570885071478015,13.415534869663226
0.26562388143412297,14.441483969139595,False,4.372728336020137,-2.1370053318126248,9.893643632876614,11.526096341951453
0.4685910054552319,15.667543394070613,False,9.29350868972174,3.613764777401407,-2.0790021083142096,6.23700632494264
0.7264920284806082,19.676978798683468,False,4.097344829790717,0.7474003783712657,-3.5561531008484137,-0.09002788824536978
0.03895825201448397,12.135405262641536,False,7.951835100463334,6.431386718766663,1.4513788466038235,3.0478981088718715
0.09214220906355541,21.059744574714564,False,13.079853832378795,3.9495261124544934,5.107488486435896,12.145695425121206
0.24155030028594632,21.059744574714564,False,9.64947544284136,1.604649432974381,5.648817718247878,12.376768909636926
0.4192502476119592,24.11642170916524,False,5.204233254217705,1.2608523200691835,3.6956227696772093,11.52316042597259
0.6278971613377284,25.31969309462916,False,3.5360298516409427,-1.00647656856383,3.087547285152037,11.034394854217755
0.1345821175255269,12.60387811634349,False,-9.166084317203794,1.431898678353405,-0.9627286803797319,-9.352221466546151
0.1975055048829659,13.547948549871574,False,-0.9609520090046453,1.9287109375,-2.3961660952475095,-3.274765205184005
0.25606452933719015,13.234077304800687,False,9.159189029970772,-6.724994120393268,2.8016660481319455,13.231626132324914
0.1073986022949503,14.483692335045856,False,7.5870630263044525,0.3677298850939037,2.6440087608051943,3.628763639151056
0.43928438640145356,15.4032225249916,False,6.430212886236664,-0.751621517956258,4.1824068388359725,2.2396081101656584
0.03880791608334756,6.763825189166791,False,2.886165610423297,0.12220909354918597,2.7702232365058865,0.024735618732418807
0.14010791526608996,8.125691814793852,False,-0.33873986230739117,1.5909742229958335,-0.6866583953157424,-1.6985876401194644
0.40079540504908007,10.230269733962698,False,-3.337711555129863,-1.4283330179472364,1.347775235503157,-2.527075812274371
0.22330466117570025,11.431569690939504,True,5.202880837860957,0.6895304242710232,-5.77869607299103,4.495985068133912
0.6266248381381988,12.60026189056436,False,3.1067173833291717,-2.685794829217414,0.44613889554956376,5.104320385806926
0.14313564371777626,11.759533699199922,False,2.294473395234875,-4.848088581283571,0.18006264517831383,6.76345242767582
0.0922138013490329,10.067886601999785,False,0.48709814896057413,-2.1118061724540893,0.313437554603202,-4.074766151181553
0.14892512771189537,11.060538638734045,False,-6.758876142853875,-0.04461080401787498,0.7291743522724881,-6.175232021558474
0.04371977121883738,7.438478747203579,False,-2.79037511191057,1.1984272866537804,-2.1482576500584827,-2.7704167473532437
0.32719464918416497,8.004446914952752,True,-3.752497965201085,1.183909491677948,-5.6169895022145315,-4.500178300432111
0.053197048832489366,7.5,False,4.516304652950542,1.9762299613045986,4.265584505326614,5.156202677852506
0.14946383919845851,9.095871249541887,False,2.7131201588531884,-1.4536389802751848,0.7338859869046033,4.25269858019639
0.11975510171994858,9.743867732755115,False,0.3843757542919768,1.8541916025476501,-1.9093445030007206,-1.5655564791013599
0.33322886921587624,12.137203166226913,False,-4.719149603647321,-2.2827813439399214,0.9597783383180181,-2.156799338216453
0.09825430914921915,7.546862021829289,True,1.0610795530092032,0.037233605824793514,-5.333028814533957,3.992429395078667
0.14998051928986997,10.149679973626592,False,-7.358113889152951,1.9361805250221797,0.1593803812051542,-8.63491607637532
0.30479446941457633,12.046011417077391,False,-7.377724719433687,0.3183120848191834,0.20412128215618885,-7.65162968942652
0.19261263049525376,9.364548494983277,False,1.0233099110426247,0.1014991929982223,-0.21280516564365914,-0.11637960077315324
0.24413506212785216,10.321318125125325,False,1.260801067960582,0.6318896907162141,-0.3030586461064244,5.596737135328156
0.33925026007607956,10.960707285859977,False,0.5388339598746406,0.09095014552864544,0.7436267590145151,4.003143132495435
0.18184508627544507,6.222139673105498,True,0.9144452762885225,-0.7525486365996703,-1.3471404851390978,0.1150394642352115
0.12430610599285277,7.354599564681831,False,-0.4531798367347739,-1.4114050735538952,0.7141608132439137,8.911507635953942
0.03212247630919049,8.264282762966886,False,8.046131751491181,4.957912842220713,1.7020586682297223,7.236084400674314
0.04917476109342267,8.194782508832072,False,3.0734390000599188,2.5757986222079143,-3.155974516468707,3.7297909593623446
0.13664947333378605,7.94399828066105,False,-3.9369042050718006,-0.23726306555929,2.625023790100345,-3.3897024542863585
0.18644614428531778,8.679282545019483,False,-0.8898324867451457,-0.011543032437733025,0.2988640347034277,-0.8256742712835607
0.12576508265048647,6.068024851925908,False,-0.13841350091162719,-1.3374556393433878,-1.036648560699549,-0.07317965877927657
0.09757364608962381,7.576346691743827,False,-0.12800347203898443,-1.1004038171380848,-0.20975034236258017,-3.2511783153960527
0.029233410517766376,6.502479255904571,False,-7.063236198624379,1.9653874375174185,-2.0949238602882225,-11.397804005853708
0.2375606343059726,12.16808007026711,False,4.973567566726045,3.9060397609627318,2.111459408926586,-3.0979514982821366
0.48637308275466795,13.61099184199227,False,0.8269088221409149,-4.393872251959374,1.0735022661369609,-2.172969969392069
0.04776015329879801,20.81447963800905,False,-9.851790269542482,2.982247696036855,-13.090912790009469,-11.87879157788826
0.200539980154942,15.731709177901104,False,4.204586821987633,-1.7048935160563383,8.012078443670646,15.477014942789369
0.17927955864768189,18.17643461080149,False,0.42741142184512526,2.5070068766963605,-6.596798737149745,-0.7452685760098277
0.5542459612514865,20.63140138955662,False,18.03892903598292,-1.5729142242658645,2.540178357586176,26.352168561234457
0.6670375207398347,22.579575096368746,False,14.673095241225088,1.3884998903161971,-7.161526111626326,21.604399969419276
0.35014877029424485,16.03278488409324,False,4.935549870167111,1.7639077340569909,4.091823718166676,3.300398239312563
0.2550471885205378,16.03278488409324,False,6.026608926591148,0.5036322652630432,3.303296040861148,2.324542601227142
0.23113388256911252,16.03278488409324,False,3.8440781207911945,1.8666637527783525,-0.7704368998803668,-0.7381041499285868
0.33991593954606913,20.396686440944052,False,10.351930327571512,1.0961338363142392,4.8742153579709235,8.595384504284098
0.5493140345059186,22.171520466406573,False,7.891525704144087,1.122511150413641,6.802855902871818,1.9713996681252288
0.6295652402309528,24.949996948242188,False,-5.124379627740194,-0.4278610001748895,0.07995422210909098,-2.7986036645189283
0.6950123521275302,25.97888992647518,False,-6.425070575603275,2.063899484786691,-0.44950385585056374,-6.666030397329781
0.005595074063000381,12.531540741234368,False,4.972501440494814,,-4.298742387832332,-0.14473874144788068
0.14113496187219957,17.54954954954955,False,0.6642428342521711,,-0.5780764404124561,1.4307338975729555
0.15794790956300264,16.46971671166545,False,-7.086086367641542,,1.7937173705115494,-7.2496295638233015
0.33087971904113256,16.46971671166545,False,-1.0138314947968574,,0.4494427741690066,0.5243422833274725
0.369898789769812,17.324564363255096,True,-2.7523246591313444,,-3.5662257017099797,-2.6928654385747097
0.5528318962905173,17.221415302401713,True,-1.7214916630896249,,-4.919234286611829,0.22026656276050716
0.24661118195810572,15.208032909947528,False,8.614436972645944,,11.443532835442571,1.5108484058103056
0.10370085470742256,15.208032909947528,False,7.824513794663068,,3.443221207503444,-1.2161198989812272
0.1277146417637414,15.208032909947528,False,4.4990258938373495,,-9.328854964083478,-10.510069571885483
0.08281399837087672,14.84014750944408,True,-13.708018175470205,,-2.430459133144436,-9.048321879561016
0.20230147420236222,10.612729625459655,False,4.981166255379432,0.14703745430739712,2.221343172316792,-0.03966619386209791
0.06872294958224656,8.064516129032258,False,5.922002888781908,3.2472048360348893,9.46870037984029,8.83744726647755
0.3407516345637736,11.627906976744185,False,11.278231013657525,2.844948384691537,3.989895907315355,9.646467729048291
0.5993602166615832,14.925373134328357,False,7.126058214640452,4.35385413814402,-5.766458264316832,7.4002851729009445
0.8705208640161111,18.024930490585405,False,3.223092383120685,-0.6883173507197249,-4.301592150329991,7.539877507836246
0.038120010665702225,13.877207262687124,False,-1.2229607414949828,1.0984738302939556,-3.5591257502055607,-2.296211291661776
0.04305124772279602,7.420091453449326,False,-11.01033914103936,2.002832066459481,-3.3946251768033897,-5.544556182041194
0.21017336033781547,14.119699122579762,False,3.633776304021996,0.14708016159297177,0.8814714791915312,3.7491948942012687
0.03897073279778184,8.612058661450094,False,-5.47264156596643,0.940119223020508,3.449245481595331,-5.473569465926009
0.21276371816442602,9.517906132493314,False,-4.689212100338114,-0.25094036045488766,2.900025504778103,-3.66468485350655
0.21161194411971174,10.205675549802951,False,-4.218012614032041,0.10310722383353177,-0.3658759711416937,-4.5235343919944775
0.33965283728002393,11.579523191806173,True,-4.774420516989741,0.4882045917851352,-3.0937435127209256,-4.952171472928136
0.21078676265591026,13.432369116664656,False,3.3689982705824573,0.5605226134627772,1.4085534949781486,2.8325889738751275
0.36517438963476456,10.89809614759053,False,3.861808255242316,1.3871394912166268,1.3881790874989086,6.087498826964888
0.5130828824426008,13.001680954234438,False,1.4097605167541438,-1.5881788444757738,3.4874433314953768,7.003427218144154
0.05233328121759593,24.349158932314772,False,3.616674395342434,,3.1994071778527644,1.1904807858458266
0.31585377704861917,27.245949314079244,False,2.140249242613157,,-2.7857099260602647,-0.4285757882254493
0.09376604889215803,15.282624605366516,False,6.723877941071432,,-0.6811988959206094,-8.256137686661603
0.40974419642672555,18.41397914242531,False,2.7791110281855547,,-3.308581332433258,-10.249836130297075
0.04356134685647718,23.905946861144624,False,-15.601616065117463,,-12.374759043662076,-15.510733123774001
0.06670008310018771,12.276174228585344,False,-16.249129667227102,,-3.8125636930779416,-12.109504490438072
0.2950223350139807,12.276174228585344,False,-17.006296032579726,,-2.8623751311956824,-11.898820948115741
0.2844055521372686,12.276174228585344,False,-17.99480831401963,,-5.04062484878941,-13.878299711478338
0.21176621843621912,12.124584361370891,False,7.139498734098915,,3.918412738688848,10.842724969054473
0.5880160552402519,16.97320154165886,False,1.227965793124297,,2.532325858664497,11.206889606117754
0.3706306453485975,18.304030513792018,False,4.750298419450671,,0.5165289093355341,6.611563734210213
0.394971487786411,22.361192959916583,False,7.6952978070257805,,2.457163402347984,10.119631278969754
0.35604546197278264,22.361192959916583,False,5.950560161428053,,5.774698221207464,8.520038030931488
0.24517734414095954,22.361192959916583,False,4.3593066599408425,,4.173257260974417,1.6440127751237377
0.1695136183782479,11.5007316638628,False,4.175428371264167,,5.611929270250693,8.262579084860677
0.39029311789984056,13.821138211382115,False,-8.486025158759036,,0.23923079642178546,15.530301624519538
0.4946999129052724,16.271720949769236,False,2.7249208330679897,,-2.1764717850030646,9.431367761948529
0.25174184729292826,19.63281944352813,False,12.885068363899999,,6.752101877811767,-4.016832534494252
0.5556868688236956,19.63281944352813,False,-10.391117259336024,,4.998130212824403,-5.784354868581887
0.6446880484361226,20.49666059859248,False,-12.483537173902315,,-6.143222706805441,-6.1777373240670785
0.07828275431803691,17.779774183637638,False,1.0140331523561974,,3.0645132951859777,-5.988481651200372
0.4665259557089385,16.44622878006021,False,26.143299861554283,,6.0310797075378675,22.84603651712258
0.47152748526456134,19.27777608235677,False,21.868439311148258,,0.4288424066360541,15.692502447804424
0.7479963237799834,24.480245498379517,False,14.01413602855377,,-5.99949897669082,10.483905012784621
0.22824425889108155,19.30319345508249,False,-9.815002197896083,,-0.5931468734596379,-10.03861102760183
0.15610742254025167,11.102254457383777,True,3.5518725027624543,,-3.676896352055592,-0.2779414492255383
0.041513651501921156,11.74235309701795,False,-7.21035361000898,,-5.398103944767985,-10.111686198234004
0.3633382772362759,12.968750000000002,False,2.378731343283591,,-0.4517875531644844,12.836884288035733
0.45127903815870685,14.029946131931267,False,1.130399121311343,,-0.8642698534751192,10.656684388008951
0.3087428649730056,11.284168828697277,False,8.504659143010752,,1.2072911476129544,7.37281515458903
0.5252381984040088,12.102874432677762,False,7.503334223596481,,-0.7427764716122831,5.867934125737051
0.15104647247284494,11.326379652029042,False,8.164661163512843,,-0.08467579161923755,2.3909206342913603
0.4149821590976651,14.77328752310072,False,3.960100433125957,,0.014779813265453079,2.9369660514246165
0.06339650560121249,9.842533882465489,False,-5.146080784306328,,2.5966924825801208,-10.587906366251143
0.4599159293461167,11.772727272727272,False,-17.498870394123124,,-0.5826721989594441,-8.560804702171653
0.6086404595902419,13.25849080943175,True,-19.138163932876473,,-2.1980461811722862,-8.796629558448043
0.08583902245614403,7.743785850860421,False,-5.1325556197487465,,-1.5493450220096627,-5.355776712659011
0.17155756820428,10.765781161572392,False,2.114561505924928,,-3.291566243544697,3.264473496232645
0.09743947301456692,11.327384316802663,False,-2.0913243705058537,,2.670646045601388,-3.518885062023691
0.25518481238306134,13.273403116536961,False,-4.240038739244023,,1.873520964686115,-5.002628058679138
0.279025503964648,14.360313315926893,False,-0.8287528146433187,,2.0210537171234,-0.7733314294553706
0.4134930942772146,14.8880960103795,False,-1.3689257249270836,,0.3098125996602974,-1.3748175406201102
0.3401512928903171,15.859683260702816,False,0.27461456311321797,,-2.6625930427465416,0.09554748561519943
0.09506961615697647,26.658587813659178,False,7.460273129460604,9.721008188285163,-5.695666322230519,1.020120761059462
0.7008759586334513,33.17692126397194,False,-0.36019185967852696,-3.7657405210856476,-4.073440033966779,4.073431279641615
0.17810119357230342,17.16895255868292,False,-10.520455966102693,0.13857375064605382,0.13130185879355327,-10.830389433506227
0.08938762788539643,14.269408877476742,False,3.102466566832285,0.03912882698515752,-3.19264159741689,-9.69516618532259
0.5094327915646513,21.63846349558762,False,-7.657833496609234,-1.4278522482545353,-5.536486003733099,-6.177908058002457
0.27589403038985283,12.103709957890569,True,-6.25689204209634,0.4769690895983558,-5.091068993593339,-6.713487984568767
0.5962809859303384,13.145163053700243,True,-4.620812070073654,-1.6703047618323308,-5.526212385923623,-2.8542646522174087
0.03816877836703587,9.902304353951084,False,-10.510252548737753,2.418817884615887,-0.4159851424512695,-12.111289266746716
0.23471465126647195,12.527103474641155,False,-9.75340804013024,-2.526668581992386,-2.344894844499046,-7.401266974438869
0.22704379536188932,14.576618098634222,False,9.875963567891333,1.661669210248773,-0.44038638467476243,3.9944477480464036
0.44618737601409636,16.86433583579493,False,6.933382916704645,1.63430532657034,5.593566460168442,-1.7517494378476495
0.5205711595060801,19.620255342069996,False,5.642669034733849,-0.18262995068158983,12.718600645357014,6.518280404864907
0.5106778544932411,9.23295434533565,False,7.982813022887703,-0.6388490388309576,-0.7122507432139158,44.8717968224766
0.23968164108400944,11.475409836065573,False,-3.506728996460673,-0.13375921131185686,4.658901830282858,12.479201331114798
0.1482756528718932,11.2786865234375,False,-4.490708368365814,5.7213930348258835,0.5377986892212805,13.540014858130922
0.40867264715631557,14.905658458013955,False,5.760505647861325,1.1921505355250162,-2.423862053713599,9.167184934444105
0.27814558756650465,16.26065617812304,False,17.140154026281195,9.576726957114756,10.355029585798814,2.3727778146958256
0.6427482727975602,19.35483870967742,False,10.269763760810147,5.630206737573129,2.535526959674539,-1.8110894707551228
0.8620037451832265,21.758245111821772,False,3.3021687979018166,-3.2310972609479904,5.066899780547951,1.1614054174827526
0.7022466285399432,22.45509019339955,False,2.3461896219592493,2.264944297695326,-3.351206434316356,-6.096512127178288
0.11674989939199397,14.383345346647555,False,-6.0058538194712074,1.9444541957115424,-3.6201571088042006,-7.804262985977751
0.47997348770234916,16.98295168896009,True,-7.864741679999543,-3.189040246430208,-3.730100304059958,-5.549068405566682
0.16979571548145772,16.047552098106074,False,-3.8745043286346648,-0.45156887758643904,3.7689257366684936,-3.050661938971677
0.2250936381723937,16.047552098106074,False,-5.2371712914583535,0.37597804601754437,1.5141182409353915,-5.0749379222782665
0.048518493975327155,16.94755281884119,False,10.532315865335606,5.693079940491552,-0.38236691217307106,5.627301794539696
0.3309145484069099,18.463841937141463,False,4.285309605508392,0.7656048411493144,-3.293521436985536,3.8659983096596795
0.16449806554024451,11.873398144368013,False,-3.359169555908137,7.911595908125513,-6.749473723632082,-9.53307237500358
0.7663220005201501,18.493201624853032,False,-14.145003925138155,-6.589349180965442,-0.4432113694947559,-8.08864372309145
0.12649971257192424,16.98473524181757,False,0.4709245882840607,-0.17470251035849316,0.9347609606691787,-1.6787433883187486
0.3243170733451921,18.52406724613293,False,-7.877729035554837,-2.109601596173727,0.07614870827505893,-5.90138691444796
0.11968656204067765,8.413461338676061,False,-6.085828816198147,0.9593653985581874,-0.8399745310023854,-6.978247324499276
0.2614796727139359,10.180030076331938,False,-11.074721471345716,1.1871619843447645,-1.36489682301133,-11.06846038532594
0.34745671150546614,10.905612554270053,False,-9.487425067134014,-1.0051732653523993,-1.7712314883794433,-8.685444564643596
0.3105499332318429,13.551888838056408,False,3.7826125049907677,-0.26896271610103994,2.795877590913065,9.144418231713281
0.061962383162907184,6.9641538859543175,False,0.6357302184464064,2.9207857507220547,-1.7413332588294361,-1.7413332588294361
0.24893193678861314,10.778866843390302,False,-3.7400225853541746,-0.2302676266048187,-2.607148605523668,-3.5178554409806884
0.32633805926215875,9.280704583238347,False,4.1110232458593465,2.2955347974474627,0.01713305937809384,3.151766333733752
0.14516026094820944,7.320542045464784,False,8.13027405343114,-0.14391448382169436,8.031792024757788,8.485881569553811
0.38021575754973524,8.16901084040115,False,7.588821433025683,1.3523972536946705,6.087440139525935,6.2119579934867275
0.6215365453480679,10.855889502438758,False,5.461213941065246,3.9103137360495976,-1.4131049055939093,2.377176825541638
0.030529940128788246,4.274470359580023,False,3.6997230841557593,1.8529366166749384,2.9902232538816964,1.2005395544053776
0.18332613889198812,4.945111787145143,False,2.216496030324855,0.3961243262565972,0.891973169817839,0.5285779858265949
0.1676332015782941,5.602886837026974,False,0.8717900300245329,1.0130648086164484,-2.3313592173628717,0.18348701682266988
0.3429999174032581,8.081700100873,False,2.7584103269025606,0.22359741540818323,1.5044125791761065,6.639049537735553
0.09618644522705411,9.098326467826508,True,-0.5206970971497027,1.1253146663955382,-1.3376425804667247,-1.037822863619997
0.18443361328090263,5.767629752870408,False,-3.952707784571019,-0.4856824708619145,-0.4516804764181037,-3.5183615850974626
0.039123583632560056,7.7467070494034544,False,-1.4730328590759068,1.1496659407705723,-1.5177827013339917,-2.5928892354249
0.17808700570191,16.54369056649963,False,10.326410947318676,,-3.95695869140672,0.668712270670313
0.46373049729557814,22.57101835762719,False,-2.506921524087269,,4.799762670237984,1.4530962765417321
0.4118545016530566,22.241770257590982,True,1.3003398981818348,,-1.783662872585634,4.1891732357782985
0.17617594059377045,23.72961003549726,False,-6.6378698968685645,,-2.487637728156744,-6.410453314770703
0.4875054516889099,22.10346764030476,True,-5.706903689599063,,-4.083555756481716,-3.910793770483856
0.29860304264951754,24.105532802479697,False,3.368232752302047,,-3.894943454609212,-5.518662426464516
0.8608729344300331,33.753943217665615,True,-9.192213132140948,,-10.94547622477009,-11.623649794133373
0.10849559431141331,10.262569304435484,False,-1.7067663312749781,,-4.542263273991553,-7.696616335123318
0.4683359744410629,22.013818769365333,False,-4.017261574949393,,2.3206621348921486,-1.4058429571701891
0.7533422554958342,22.17475965185074,False,-10.457419271210666,,-0.6736615198490781,-35.42432409571852
0.45191861487604945,27.210585522051485,False,0.952047357850816,,1.0435408420295111,-10.651313422094278
0.7051152728534317,30.780101089265393,False,-3.176315771375371,,-1.5489089777148912,-2.6027334459786444
0.24135977984096535,15.705710165740744,False,-0.37889436604668925,,0.7635209162558887,0.0070030532114850885
0.0521849161770844,10.709449315632188,False,5.070908034118182,,3.2260326258779948,-4.986322629116602
0.7914991230606307,19.10480381169888,False,-9.167315259069643,,-0.1357312521207965,-9.202577236914655
0.05067354436405526,18.00242528589848,False,0.49933041885097396,,-0.18001068344177806,-19.36693374050297
0.25810551832536693,20.967606718994457,False,3.648772115354215,,3.8350296287111396,3.925944213696786
0.4634128275840691,24.644549763033176,False,-2.792510682910476,,-0.06403512560676505,-0.992627507879551
0.8279203945180238,19.509588967775247,False,4.587445908621635,,-1.8527134649142685,8.102698215510017
0.5517372381415355,19.02723497917681,True,-9.777958929362175,,-5.293760696895178,-5.253099544320872
0.32120276513331264,16.030531556657795,False,6.767145643247763,,-4.860814605307495,5.347960423537579
0.6267925829573506,18.926031864079413,False,1.9121325079890505,,-7.964463674569544,-0.8883844921651063
0.30350890525189717,24.616114901140403,False,10.248781816556086,,2.464511147787607,11.352733191399022
0.44760013578130353,24.616114901140403,False,8.694201551700065,,8.368349631197546,14.141664255650754
0.10970892919579182,15.238093747615231,False,5.11544988209518,1.677209120947487,-2.5812590703910843,6.524861068067134
0.17842828502742214,17.337458645192484,False,2.511972737321755,0.0001199371185478526,-1.2584561010990925,2.1963671219412673
0.08509904288377917,12.68948506026513,False,-3.9378595759672286,2.9555736159366797,-0.5167337930744642,-7.6033450690343845
0.0757302616410403,15.173225156433501,False,3.043208828782551,-0.4390846705988438,-1.8614500495047759,-5.8081984568776335
0.17922600440638897,16.843195015551096,False,-0.16530008310110533,-0.11947527835368676,-5.715577690701801,-1.1680639527732684
0.22544915905460025,17.322389817337733,False,19.197631706521577,5.009662391916492,-0.06754200092112805,17.44906711304395
0.21321331100462346,18.684355997788835,False,12.384454244635034,-1.6305963596026096,-0.6964740644812895,18.995735149660575
0.1733130554160332,20.520857942953047,False,9.846267757163108,0.21214173479005005,-3.27062594959705,13.477979785855076
0.14814828332904342,14.381270903010032,False,7.649047366116757,1.459260514422045,1.8027538634427298,1.5774076078733934
0.3911854347636366,15.567282321899736,False,6.15786663083413,2.39042255739772,-2.930213148483829,0.4498136627448579
0.05862204235141384,8.203305266110268,False,8.055393174952208,4.323711709088074,1.6710140271431584,9.051348999129672
0.40885913396127016,13.44747847044424,False,1.8823909866429789,1.7882239880535833,-4.258192003454909,4.63687396464183
0.040624910747739065,10.559169337715376,False,1.7733164855784578,1.1716481848317084,0.5992299502657783,1.3595345094031819
0.19968418233222518,12.36541897329042,True,-4.250167460042443,-0.5038498397385016,-4.75885777906001,-3.253701866355174
0.13197449105992218,11.53349288061839,False,2.2520504678898545,-0.9685301304130145,3.7207313574671996,10.756090119442119
0.10732117756150732,9.297968097985459,False,3.58565545133096,2.4697586369070823,4.787734476390493,1.637381254379533
0.270025641491097,8.6735712235731,False,-1.8124392253782706,1.661318653281918,-0.6061487875070881,-2.958006083034559
0.49123757551534697,10.297380361776963,False,-5.570143801324335,0.29989563810102204,-3.863482766388826,-5.771254201981857
0.5222879657926559,11.43470087769602,False,-5.1928157117178575,-0.8247562162376765,-4.117784429915705,-5.0581809546426
0.19120480425870154,11.819304710345508,False,-3.7301118985471615,2.416960692531722,-0.35915355650437686,-6.409936805000848
0.13708822091907527,9.961688300880065,False,3.71850176113917,1.1395552308621992,1.5308655868513155,2.315926968372617
0.29947643495750725,10.563618796212333,False,2.7229921819474256,1.279317697228155,-1.066039827275711,-1.4323175088152729
0.43244835474834425,12.896741784137228,True,0.04326195111401532,-1.6872160934458091,-0.6491032878405023,0.06600754473622406
0.3895321419987158,13.372251644709603,True,-0.5028893469658735,-3.9987337753157215,-1.7231830107463764,-0.011043365435281505
0.3633001148342713,13.844493758858667,False,3.3240792444793277,2.0538333971169997,3.164755640332362,0.9011874353256788
0.4745961480468743,13.494738127055921,False,-0.5132259140154249,1.2202172730099603,-1.105030707623933,-1.905402503317588
0.5315426442912632,14.207795539486936,False,-1.4089255457326422,-0.5743167025117457,-1.334553373243308,-1.9203317089210081
0.11528636214639237,9.460009242006189,False,3.382762874887124,-0.46651282115097725,4.2081167572260325,3.223791740071924
0.0895738840038908,7.1660612816007205,False,1.8432377729966198,0.17200327509632185,0.030692427406964207,1.9388122261645657
0.18978923857580454,8.682245272342278,False,0.4975078971381386,0.8043892686102394,-0.5183835418988259,0.037017710420705896
0.14866679260145757,9.646062124231685,False,3.2280695147121286,-1.60412026982788,9.025949812297963,13.84919633408015
0.17786227984836672,12.460980485944377,False,-1.8911047005866988,1.5251891334892242,0.6771634319635789,-2.99212598425197
0.1061682041578564,7.96383975762501,False,0.2306576998387877,4.89951905526127,0.7216494845360799,-3.5051546391752564
0.4809256298613689,13.089429653756987,False,-5.614202927025181,0.7159325324596733,-0.5869244810081775,-5.545434842748021
0.15907206698026344,11.26377713354207,True,0.38543679181173296,-1.7364888816305935,-3.8121089772045424,0.6424899833155528
0.07480750595671064,10.08450360365317,False,0.6656839454794783,-1.1982341812066366,0.11379627211505206,-0.14224751066855834
0.1598953593419974,12.980000181795464,True,-11.219206376852176,0.7518946774931701,-2.4188892839632214,-11.486101683647298
0.22538364603999989,15.194788323092338,False,7.251129515685006,0.9358804828045075,3.41753294577134,2.505368728249069
0.18252934780602248,16.33367410771757,False,5.810807814045127,2.474240537784822,4.73486159367702,6.666122690147969
0.327630817505099,18.10483624858242,False,3.5708612776590876,-1.5005617075910638,5.032873468113719,8.531532022523415
0.3675543339219695,18.75999755859376,False,4.63681349113807,0.29850746268658135,0.9937761483980623,6.760856723525799
0.34950276552112486,19.193121245025917,False,4.078951833902367,2.1391030679133616,-0.09298083920852296,6.027735599141804
0.17928574478422205,11.808844493231323,True,-8.325669601847064,0.406342332366294,-2.8662688416477122,-8.027125319092121
0.21284213884929012,12.32822704071928,False,-8.32254081742515,-1.5093345088156962,0.7695099690431917,-6.43514993291997
0.06905140816571022,9.807008465953798,False,-4.710398483525569,1.8930578498425499,2.1406928701839023,-4.858454289257286
0.31540771162912207,10.915738669995829,False,-6.326918934319615,2.1888157080149684,0.03802513441659716,-7.984790874524716
0.3062198280452676,20.67961136282799,False,26.18284465205525,,4.800474563406554,21.21825205053256
0.8774121349072924,24.98330512750067,False,19.336530216787583,,1.7129713148902548,14.662725552843447
0.030028089299910687,17.36493994480256,False,9.464609036094629,,0.6949204800722919,-1.4379656471302238
0.5372068540295011,21.10526637027138,False,-0.12044974040160694,,1.8356493015731612,2.3670247007128165
0.3825888945870812,21.804905434110964,False,-6.591191367766869,,-1.6075492122699098,-5.149417189521255
0.0320832571947097,19.32367078537244,False,33.63135151506529,,36.53846471267352,33.653847388261916
0.25909828210255487,20.47618684314546,False,27.931769722814526,,20.960704036541156,17.903932095055918
0.684859541420233,27.705625596717315,False,13.286376785968624,,16.129032754253036,6.0483872828448915
0.9003709523708614,39.05109125751427,False,-4.8552815204906175,,0.0,-7.746474947680538
0.491666529249929,19.43242298036651,False,-8.250956702268208,,-3.6601875131491157,-16.719380912360815
0.8508997367850865,26.53508526099641,False,-20.572569730502867,,-6.512237000747501,-20.454539202309764
0.09711534637707567,17.453797219853268,False,2.282178953441205,,-6.203100476818079,-9.304655485984137
0.7329258140367262,16.481928078525037,False,-12.293947536882598,,-9.195932658251781,-15.480584882657523
0.47104642770181,24.338318449318912,False,12.98927020496774,,12.135639383335217,13.38489037170152
0.5777572812985601,23.475254125684184,False,7.980531829797455,,14.011626398324895,11.976740549808751
0.6404041220614393,24.08675888566425,False,9.66854631755325,,11.75786043004383,12.398132263856265
0.11415356428077773,11.951349799672917,True,-10.021544738220921,,-3.518122811086166,-8.84861315116866
0.03706727553184635,19.640062597809077,False,3.1228832364001757,,1.0534692141089153,9.037621828589115
0.34575838842897866,20.17720973978036,False,2.433582525213196,,-0.00777596560117555,-3.7489268882636484
0.5015723478563003,19.40367345780772,False,3.747322168068301,,-3.2767100350368117,0.7776556306625215
0.067955856345532,9.695000919245867,False,-1.687356581706867,,-5.2612576828867885,-5.391696604994212
0.04550830246406688,15.614373409184104,False,2.5953328766510575,1.5442487556186935,-2.080588740031597,7.856034098531595
0.35215105260024976,17.14353718236596,False,0.7361884622445469,-1.304159684639361,0.3386126146208257,5.151768572763493
0.2956046737990916,15.393618319896943,False,6.150099268865117,2.381709771041751,-3.1412535302812294,2.5379615934352673
0.046429252107338115,15.924508183829241,False,16.08778242901925,1.1952461970893058,10.494275562129607,11.52711150735557
0.22087616090445744,16.72191303737913,False,14.986760488533402,6.649075066655685,7.9384237296214355,3.3628708435776034
0.04684940605521172,14.164440134629846,False,2.734601172478146,0.7376908560645212,-2.994127936552071,2.107490481729002
0.21671231124360862,14.54714731410373,False,3.6078674978473613,-0.6762918792346806,4.017253745397165,-4.47560161140056
0.5346814080291039,15.101987688742724,False,1.7857870783485108,0.9596385730598511,-2.277904328018221,-12.242107099637977
0.5467746986753823,14.388857542398423,False,0.36845173468322834,-1.0106763918815487,-3.7260239644471005,-6.356919303389197
0.042203991893640415,11.955391107815393,False,-6.9485969578326205,1.9974639834373198,-0.9807237064592522,-12.289479281154891
0.13292910848105335,15.440392703911106,False,-12.074798176823853,-0.7159470651666555,-4.966335658455057,-11.452565132581094
0.22308434084012269,20.06299140672497,False,9.265645963095492,4.7354712762610385,6.023865565883391,-8.638006158781131
0.34639632788870545,21.117072759060534,False,7.824825473469521,7.965405428454475,0.7884362680683266,-13.455976836262584
0.04701892699601155,11.802610655023797,False,1.4047854633368217,0.04736152441597863,-0.8516769774222444,1.5119663950358797
0.021103079167763102,6.385149679161834,True,-4.92602618454514,-0.1269258919554872,-0.9111125864868064,-4.592787796146203
0.1675308484469931,11.996814839557167,False,-12.958812246047469,0.8870764297709055,0.3818626677293935,-13.8255178590734
0.37322248911778755,13.963653151391497,True,-13.705206242289147,0.024609683307419417,-3.3275317072249067,-13.66802497139531
0.03828583603360142,8.246913580246913,False,-4.123827717124251,2.4998464467784753,-2.4117307147213496,-5.8846229439200926
0.2843843027171987,13.759945022079116,False,-4.68408824867489,0.4778194607348629,3.3790695209608312,-4.622037777396393
0.3512239877722959,15.310568748801423,False,-6.397898778290312,-1.94324425000435,-0.3109873101813987,-6.85082054961449
0.3800321896036641,16.687515164733316,False,-7.919754290799763,0.00915122863078821,2.3637499399774775,-8.518419595013139
0.586955886307323,17.14641117502982,False,-8.939665750085556,-0.8157485196636061,3.4734590580668856,-8.2561515150395
0.3699339148434392,17.030712440325573,False,-6.837964435079202,-2.1316474940205277,-2.4955845543356503,-4.192927101733157
0.10609144612655785,12.554112554112553,False,13.049476516564917,,4.440150396276832,1.97339799411409
0.48254923600436994,14.107976105419093,False,10.140988625386992,,9.880680552835152,-9.776012353709508
0.08585784335440863,10.291827606319917,False,1.233647500998103,,-0.872322353236854,7.712132110863523
0.24398747968436912,12.172603093574931,False,10.883309251898531,,2.7056897731116525,4.4726648884499065
0.5624285756277319,15.408347349634187,False,6.798137157057282,,-0.7391448586381966,2.1452971186279424
0.19470402548914933,14.655775765349057,False,-11.04607550350426,,-1.3963600852272773,-8.741814630681821
0.19385306904556007,11.59695659675532,False,2.6455958008571256,,1.4317361191189981,-6.67158851764299
0.037880228188751294,7.441170466915892,False,7.029310447066739,,1.302507300716793,3.38651699439525
0.25952884149572386,9.861197222959385,False,1.9756005352303818,,2.4370143405986866,4.281244940328155
0.174303610221829,9.76781425140112,True,1.1754677373739808,,-4.005049499395275,-1.261431700727944
0.04842794676230183,9.540889526542324,False,-5.765294676411692,0.40899884878871084,-2.416360283690422,-5.619108872786994
0.042294401242667354,15.89895988112927,False,11.463488562250056,1.971570410507839,2.817114219223038,10.436433009481426
0.18129708312230552,18.320226563341578,False,8.25445772556279,-2.52217322690349,4.961102069363288,12.637610181090686
0.3013645017273212,19.13130729294659,False,7.1794901924667975,0.15645098204934982,3.648488114868087,8.794711673016554
0.04105470630889422,8.884210526315789,False,0.17282010997645703,-1.1427034236710987,-0.8215424386396886,14.101804597751055
0.21358971421915884,10.073204654900255,False,2.2340712251334827,-0.2061435137635348,2.243756824048182,4.982882410367195
0.31279239545273146,10.759170038934798,False,1.4542254221084905,-1.8781844924261715,3.770825392087529,6.1020168452389445
0.2147117038948077,11.376901911989231,False,3.094296849540523,1.129911417949403,-0.09975236295421963,1.980765858790523
0.33465443879685386,12.635842128641247,False,1.6297852356218057,1.2057388438180938,1.2676056338028152,3.176054618727986
0.20546154369944797,9.223777931053322,False,2.056149404855101,-0.21918380127334824,0.15314661829968212,2.1023286579794576
0.17709698766476903,6.985799448416249,False,5.026623601631508,2.125263802702526,1.0483489248218625,4.807692386067908
0.04513370733948578,9.841403954476977,False,4.454836815057606,3.08213950504459,-1.083779124345896,1.2328688398994592
0.4127265843690083,13.086885801758344,True,-0.4975124378109319,-0.33857600474915817,-2.5191952702942833,3.019617605114444
0.07323492020142552,9.190371991247265,False,0.8457779754800665,-1.7857500203958931,1.052398221885742,0.931182113985507
0.18900707854522242,9.284661574255392,False,-1.0249627926149474,0.5954421192996051,-1.6026842381643536,-1.445669656680959
0.048418063516180804,10.8356371909034,False,2.431238716709583,0.26417514432555134,1.1518885614786978,2.309133436160593
0.09949378653300894,10.8356371909034,False,1.599294826238573,0.6360426239336636,0.8713683984272302,1.4345677886528962
0.10910707506658915,7.98985661844791,False,-1.629835226602605,1.3389635669149191,-1.632234024873136,-2.462494101777779
0.06258118588558863,10.511363636363637,False,2.935000323060044,-2.032047554435601,5.3255370706803085,5.177382759902294
0.22061248032242264,11.296163943696996,False,0.25502259636083213,2.8248410521872103,-1.373087485288349,-1.7418557216065111
0.19312565417023567,7.075511600469528,False,1.218705247240237,1.4475342719137307,-2.1052631578947323,0.8270676691729317
0.06224351215278694,7.543067503511236,False,1.7018565708045275,0.5642519111758393,0.7912584777693965,-7.370011215382444
0.31734322757999556,10.5731875858198,False,-15.897787800241158,3.2517249854812524,-4.298786215390171,-16.57312761980697
0.08149442599945567,13.914194463645394,False,-18.253491480582017,1.3015556554356156,-0.5935393137409095,-18.628101958876066
0.26676393605235627,14.904458598726114,True,-19.193839718604423,-1.1312862439395333,-3.35200760418074,-18.1355349425111
0.2731413776844953,15.549936788874842,True,-19.80678151593486,0.13145398167193623,-4.832761107711647,-19.269993749000115
0.15305675411942354,14.897993436497014,False,-20.0721921681554,1.3277538982536585,-8.154686843211433,-20.08407098899223
0.06251456937240878,12.16521069925515,False,-0.8654065317447834,-0.6231377500843571,3.620975951201788,-0.48639007217123886
0.26818143702757213,13.767153607791057,False,-0.37417829717611983,0.8150944625313183,1.2964303735665927,-0.937276751988636
0.3069340823179518,15.215881040955395,False,-4.680986326653603,-0.9132652046267342,1.130041700635509,-4.337623726970818
0.3632300617267385,15.867665104928596,False,-3.7979235689339697,-0.643620563810765,-3.8319421471264548,-3.8319421471264548
0.4001830398236126,11.548074575570903,True,-7.146957520091835,-1.4638323369630002,-4.157331534110442,-5.510658838605121
0.33680481877167046,12.854236205930958,False,0.5622009861762312,-1.584875059277746,0.9154821703861726,-0.009245014211245461
0.03508111388764388,15.309280148310936,False,3.341907869640215,-0.9078301852986526,-1.8971508401767645,3.3108756855278365
0.217112663341012,16.13679778973874,False,2.7819884366422576,0.0611606568875267,-1.5518983413540188,2.252053603439963
0.06593651730944905,7.505691650003148,False,-1.7504928034349998,1.2297664238476225,-1.5708292015471637,-2.6718075445958944
0.21651730082773113,17.355707502845245,True,-7.19605011510912,-0.7891869284617936,-2.1203230349227997,-6.39139689761593
0.04692344632864418,8.634293821430099,False,-4.4227688136596495,-0.9508559557873331,-3.714699189055526,-5.000549376762587
0.0454903582395644,10.67993151625863,False,8.960729583890759,5.590810112224021,0.6382978723404209,8.063828488613689
0.2110251878731626,13.61666619132507,False,5.088257224860526,0.9857126485146361,2.0618556701030855,2.989690721649474
0.024411883836107675,11.180959643738198,False,4.905454661039865,,-9.621318979322657,-0.6615840313477173
0.16591862425126958,17.605462086111974,False,2.711210705819145,,3.251247470873664,3.6584562393584985
0.4355328745987859,27.774808183673542,False,2.9088360070451458,,0.3916752138414692,4.457050096144388
0.5675216502150078,23.658421010846702,False,-5.37280923913973,,-2.7358948604154776,-0.8754878396509236
0.13926600255634777,18.727372314016435,False,2.2450995893321,,0.11878430801823825,1.4044610485879128
0.25704050202005396,30.8536189322404,False,-1.057039414072447,,-7.067810828279497,-3.5540258156702698
0.5812646211913407,35.11245885934797,False,-7.960194802103238,,-3.652351634623674,-3.090445426086119
0.07393717469848803,19.385770529857442,False,8.5318337500349,,5.40686533218897,6.362221211517438
0.284465877917349,23.140115854794637,False,6.417236402555804,,6.192116038832096,9.132695945826619
0.029153361854693083,16.636457268043113,False,10.171163039024144,4.655205596194656,-6.919445046813499,4.544878996028179
0.32882904326059414,15.954655394633802,False,-4.377630458465731,4.2514728289250625,0.24544608240033572,-3.0738649536493634
0.5865091704940982,19.783600479160736,False,-4.3960181341654465,-2.5487568519517723,1.1857286646907772,-0.9626687396741773
0.2846356024408736,24.821031813653523,False,6.024683694050714,0.7267911004262828,0.8057381669943409,11.534216335540837
0.5519815014102428,27.723415642511352,False,13.19892596801171,2.958696884964218,4.125556354749227,11.053962998829148
0.04628222619425024,10.638028033455777,False,-14.254569795028061,-1.6428523787978988,1.507339353079118,-36.2675359081872
0.1673930250109095,10.638028033455777,False,-14.825100878942642,0.029564784081870243,-4.034283531339977,-37.40413621464488
0.23661681652314942,10.638028033455777,True,-15.48029241064308,0.8929741566606308,-8.243433201481698,-39.31336729528977
0.49662097197870875,22.95525171938052,False,-1.6491615451733832,-1.3132638888593395,2.91743640722264,-0.34036758084263763
0.16815395580670142,12.642376007775308,False,3.906173462273621,1.3279810869868625,-0.26468371885054465,4.474045986907038
0.22514156683933925,12.762601962539993,False,-1.9401475562383697,-0.8802544453148431,0.9506869416859187,-1.0497104093955212
0.41704254218618736,13.260952988610516,False,-4.230297917909098,-1.0183692377450204,1.891197252906407,-3.207255103140949
0.0968514243604407,9.51113762291101,False,-22.220163261153168,2.4446073125288903,-3.7157956991868746,-30.55208950619599
0.0612058609538995,17.443984649671943,False,-6.105047292220278,0.8560335701597754,-0.8753212890438955,-7.3616852635196794
0.48338091327236354,19.153697293634313,False,-7.927062673701169,-0.4195398005386597,-0.8069953046986211,-7.352615526065653
0.5362638017414224,33.232700786855524,False,8.427059631390744,1.7311954738598923,4.1791276273830835,9.353998079824443
0.7082312857881764,32.317880794701985,False,11.727450289941043,0.9521926789891832,-0.20669845977056012,14.122466233915997
0.7522684257911645,26.25496473961597,False,10.531366288100607,2.674642543417294,0.21312506084787408,6.615828928725764
0.37525434889318177,20.223752151462996,False,-4.853407615097705,-2.6855159352705327,3.1788270282556264,-1.7722434575058177
0.20434201705234176,17.75559548461704,False,-8.154407698861753,-1.2936258020680547,-1.8156363477271786,-7.028045634269587
0.030410133976558083,12.763225882462196,False,4.595621201693256,3.0661926501829972,-4.085684150770019,1.9496163970773805
0.5170428624744898,20.756646216768917,True,2.4926532025455472,3.7756005249824476,-4.62135661411015,12.044319542099124
0.17310175092247793,24.23712342079689,False,15.19680721487302,1.9312453022230835,10.839399904571678,14.748143583644824
0.44530522629082736,24.352544201256947,False,13.52457635904889,6.186706140229603,6.486263181555385,2.5919705154498596
0.7014863866975647,30.15588604192797,False,4.81546754669584,1.0910346610657484,5.432705578435737,-0.1005112695053767
0.7485670134654858,33.26488706365503,False,7.019658722131994,0.6926337229620216,-0.7416243860563054,6.914441231501955
0.841817931548132,34.09712851538501,True,5.685036029225032,2.064963224279759,-6.78005645453561,5.739805771964246
0.06026888955899784,15.79874213836478,False,11.615504924277985,1.8805344347445185,5.1234825315281896,9.034558406516858
0.2317739859209786,17.743917424428606,False,9.037019433277237,3.4395483873334465,1.0732380010192832,7.265237030545513
0.03361834317630774,9.987347978870156,False,8.833712202287414,4.4112493670656505,4.573184683058029,5.076126702982475
0.5243472903706958,15.033921302578019,False,3.0127517095661416,-1.588391889770946,6.999861935662022,5.343089879884033
0.4805115712486272,16.12419079241421,False,3.6900765471615804,2.090743746948287,2.454920358155044,2.2446485872814614
0.7345614068720081,19.304123711340207,False,3.4005231574088413,0.015386982612719535,-4.17906368249743,3.4376603386351956
0.11003788710823603,15.659519168291098,False,-1.898957538622803,,-1.6109158056593076,-4.969145826567067
0.14629099767440623,19.532691226638963,False,1.5856068346211893,,0.42735206452968466,4.841079138748938
0.14349351089092027,16.33843679366734,False,-18.307102966521505,,-0.9193095317708067,-14.453527559647473
0.22720642792814194,14.952589054985458,True,-18.860418844109084,,-9.919176877975833,-18.417832649567522
0.1860042235077296,12.366071428571429,False,-1.1657832913539279,7.000917767207304,-1.6096794369823697,-6.5024462797303
0.11168039958367149,12.92993065093423,True,-17.052541543276178,-1.1425632861759127,-13.497060464889687,-15.253749797922255
0.3611113952353142,15.776312798363264,False,3.126110645058411,-2.3262884861043664,2.2755998961747848,-3.6522034548234106
0.23752136075197422,16.245632412343323,False,2.551461065500904,-1.0519701041078688,1.5293336588394268,-2.2612142187246276
0.07485149536175317,22.518778967556337,False,7.692319925067026,3.0392213829963266,1.6198871816478944,8.9187189177226
0.4258531869143978,24.953560371517028,False,4.308180459929467,-1.421684148914859,1.208556900231117,10.635906124146866
0.33113230435948304,26.151594195784067,False,2.643015144194516,0.03601594088658011,2.7524034178353363,10.402696074672523
0.5759693178062777,28.101083519790425,False,-0.06660952580757051,-7.017086033980135,5.002910587848941,12.36013424178999
0.04549174177119628,14.048684641414694,False,5.124411882026414,0.7950097780935028,6.134611235321308,11.127545836957697
0.1313737605226828,15.150862068965518,False,8.472718405547708,0.5725660993255666,3.8365601565475416,9.730176115992272
0.3211981198262112,16.12697060076694,False,7.224843076638554,2.582524206566239,1.4547639837649173,5.800429951469521
0.5438780870198685,19.094984957823506,False,3.4304782377370557,0.8213626988806011,-0.8421115607481711,2.387001550402479
0.39366394283772677,13.874773139745916,False,6.057733113019315,-0.22663452248736782,1.4846656748700005,-0.6634391249775828
0.5845446573231042,15.243793534559744,False,4.371871665071692,-0.21316884056230556,2.750000000000008,-0.5357142857142838
0.5008625416544421,15.69550541836916,False,3.815617241559144,0.015113630638774467,2.2827697051315265,1.422311791546571
0.562283392809381,16.613951853804252,False,2.684608935641619,0.39418091409060274,2.0681265206812682,-10.149461244351754
0.7071078404535496,17.526937782412237,False,1.5603248962002825,-0.2208284265153071,0.017274140611500677,-7.980652962515111
0.06553481994521301,16.590493601462523,False,6.705208378052219,1.515431050494187,-1.3583647529190168,20.667859695481727
0.6692572765021059,29.986604963030132,True,-1.759057495724492,1.8256951327347615,-8.603283478220614,-2.9233541806269914
0.3384936468679327,29.18660539093111,False,-0.13948852230981634,2.9174590497988095,16.35014638943233,1.0942281652781993
0.5026390029583142,29.18660539093111,False,-5.583732969657618,5.456664177803661,2.1818745924805594,-12.741505144783638
0.7791194299714093,31.786009235146608,False,-10.914558988749656,6.463566938967724,-5.045160977607932,-18.210839299910997
0.904784803836271,36.0000009426279,False,-20.013830461591652,-1.6500509037822408,-3.684130678805264,-19.089070437304144
0.049515125167048486,13.25000105233028,False,4.3655494143049145,-0.9215185322217212,9.953315875978364,17.907153881272354
0.19935677910821586,14.357447847406915,False,12.069442101328477,2.796657090213839,4.9415452112071545,9.725565973180572
0.5208007075603353,17.17695573720422,False,10.263499327564872,3.5972401367647455,-2.507413891196175,7.8586855522461585
0.6192903589685053,19.166009094094218,False,-0.38008227939764216,-0.8106595269130157,-4.558738516063965,5.380429824082555
0.19514175434176517,11.90233977619532,False,-13.21622046573464,-0.9682031767978216,0.6973693978444162,-12.075684847519774
0.19117618426859825,12.481051035876705,True,-16.109196312525288,0.35723353922656464,-4.102515062266631,-16.319776339322033
0.11666247083203228,13.78771683265423,False,5.557373275536559,0.08073315563119632,-0.7934705995588431,4.083902988033672
0.2820145504385126,12.931034482758621,True,3.7087414970166988,1.38710783168976,-5.908079344848227,2.0683722977843155
0.020293806056766887,9.89247311827957,False,4.103140212913936,1.4283421601669177,-0.9217803529101953,2.5019752436133746
0.3016513699605342,12.278864157003405,True,1.3460919450904107,1.4502503129681932,-3.6816406250000155,-1.6585390925866417
0.04600467084603405,7.758906116224315,False,6.110540512335594,0.6992475017890021,-0.6058824651198669,0.9699525479267557
0.11917326335946643,8.7538666997719,False,4.965976838343078,-2.271939369207576,0.40610787835402284,-0.07038641389359723
0.16402081057326473,9.48437113485442,False,3.4740810849955617,0.9034495444553814,3.3783070200401166,-7.5905628933893965
0.2689799378217499,8.78307201244213,False,2.461236209001294,0.8160231210021296,-0.22803991898455722,-8.959141914613822
0.10492480408511737,8.21608953036675,False,2.6885843932416664,0.7903661720980226,2.2403029190061874,2.5843234361320633
0.17702781081257934,8.882678154460546,False,2.532030878146818,2.003946746713381,-2.4435888201810085,-0.062311647193558084
0.31922615813512273,11.0123469173435,True,1.773623862244178,0.1971897083136831,-2.690229833174307,-0.8410308062196226
0.09822428851189552,7.0418533559626,False,5.21487231336788,3.6671809328653993,2.634717386392893,5.475223907139304
0.0754288294971518,4.966054572760281,False,-6.428688560400497,1.419795249032263,-4.1596398835376025,-7.974344898999897
0.3560581943999506,7.261516307130552,False,-9.165445064819922,-1.1262508586570408,-3.8016472087809228,-9.072682779602669
0.32163649713985404,5.468386617157532,False,1.022853784682054,-0.16510148603975372,0.5469113146784554,4.041674281665664
0.3988082452708136,5.941398137235543,False,0.08826806667268094,-0.2275653789000187,0.5314366389340464,1.1388010723228703
0.09543188357199689,7.566934942440978,False,0.7187587968000564,-1.0491089115559071,-2.3203294064555458,2.9094718501044614
0.04426104503641209,6.068274319222447,True,0.879258097373059,-0.8615455927338034,-1.8264501720045234,-11.043570968598626
0.08293547748624638,7.844264784510896,True,3.4651930962687594,0.146248105328195,-2.1639951386264067,3.1020143655538623
0.1430026984660185,8.881818376643281,False,0.12202722011054323,-1.1792892322943227,-1.1056098917754942,1.3719842115917924
0.027576011331525103,6.975176923309394,False,5.186398447083929,4.733865587516184,-1.3355909401964294,0.4556105108543873
0.03247655322443036,6.316404193490886,False,3.5911023739622294,-0.40097048184358774,3.0824410187129336,5.995247907435286
0.14707735385038123,6.780889603616877,False,2.9889211627934342,1.5194284418170279,0.8236113793879785,2.2899297732495327
0.352115407574214,8.372869497036891,False,1.2300941257297193,1.107363489602542,-0.06523736517553003,0.6896531619039914
0.1113239646435045,6.926727209859202,False,-5.1255367044249045,1.517918342058855,0.2975482874666868,-5.454996445795468
0.21486719677055657,12.8777741118069,False,3.3894517585039807,,-1.1036771152684866,1.3154924691100023
0.48555869739095076,17.469941853649594,True,-2.9402610542875296,,-4.754386761023211,-3.049983959901681
0.5244381869381747,12.52022453920767,False,3.476923351941874,-4.330229597838542,4.53811113856295,9.258012693274576
0.21294939432700952,13.267005851853336,False,2.5935805193584516,0.26887385920209006,-1.0984157986111076,4.577776227678565
0.15802228211558123,14.18994413407821,False,2.848881357006894,-1.9427999666472018,0.9858631340571078,-2.1426998296107724
0.21676458188421704,15.133433931121967,False,1.7180480389477504,-1.9763893418263234,1.1173212065294535,-3.3463081978885145
0.05075580836470543,11.857839162207188,False,2.3965891555068675,-1.4635560063758768,1.9670609183521037,18.746662629572185
0.15561244112759887,13.031003934230883,False,0.8704782988146809,-2.3770088819619506,4.164276193809391,20.280896680489178
0.31782369066055827,14.683350182026974,False,6.519781948107406,-0.11242060441535306,7.6457410852055485,17.874138636255886
0.47196691394388224,16.376739155794326,False,4.405547216388861,1.3859319167630835,4.951986443231027,11.696482683345888
0.052200892101265516,16.253153483072914,False,6.820722919897637,1.3966237375921953,4.942620914899631,0.4153223593635236
0.18875530020837633,16.934874838564497,False,-0.846423834860599,0.3062349127289421,7.316462897124731,-0.1850253217328235
0.23443046975953105,18.265554600854898,False,-3.136814315859082,3.9166459752991267,3.1583047826026833,-5.671811264183358
0.5054681334780473,21.272994134829375,False,-7.152661096409629,-1.3832912588393143,3.199296070192359,-4.999848799653639
0.37804701541845803,21.737460246128318,False,-7.8031641891941455,1.263593536741081,-7.153712706841764,-8.208647058554941
0.581076004104434,22.91981122439715,False,-8.727713876054777,-0.10146966585216077,-5.2348266602951,-8.635006122060984
0.2066347491429897,12.31338324233832,True,-4.985189580385629,0.6035425790182458,-4.878996542803327,-4.614746247491597
0.0956509461438278,19.98452668142791,False,18.968701353036654,1.552731206344049,0.24547753983084064,17.42250504032259
0.10336827441405361,20.699302596275242,False,2.448130411341709,-4.448230918904894,5.725732580099785,5.7414467844557615
0.06103411128554731,6.93503387803906,False,2.8655070136811123,2.199246890299422,-2.848269396342651,-10.500585861709355
0.4413790669792534,15.432745376718254,False,-1.8722908466576094,-0.3353929025219138,-5.972280802543029,-1.5548776783339657
0.3781133335843908,16.0972827241965,False,0.4691510671293919,0.37312473588413386,-5.611647325040458,1.5792896060881967
0.04757566477212284,13.221421475273393,False,-4.603859420096201,-1.5517540597779433,2.028818016972056,-0.006606898570149511
0.13660729404548705,13.183701395105752,False,-5.610111733778789,0.8997560882704647,0.1784074623585985,-4.167199145958955
0.02776170144548741,15.068095760122821,False,-10.815569582625518,,-1.6788993668530705,-7.36905467914204
0.26436348501953133,12.80148423005566,False,6.572884703194393,0.8962585574850745,2.758113574214871,5.985115434280552
0.3924675060342804,11.657793019447311,False,5.457652960706638,-0.2417756366812296,3.742437227617579,6.228217524782997
0.18893652270061007,15.217387875270417,False,1.7054358571672479,-1.729932116413102,4.765631323941366,4.530484758242803
0.04900413023787356,15.217387875270417,False,2.456944170374098,1.063913081826473,-2.6204161576936835,1.3783664673856277
0.2514301879849619,16.12272646575707,True,-0.707026510200659,0.5350691460056733,-7.032769842659348,-0.7182384977771017
0.08028192833093405,17.021271765286443,False,6.29785547509929,-0.8676303189916523,-0.04480104598364454,7.228199847485017
0.3672741960020614,14.898861851057285,False,6.26328453034195,1.657172119523409,4.601075419883172,-0.20392246185612084
0.5185871873291032,16.818759468571766,False,-1.367689362321789,1.331113759466307,-0.387351697266225,-2.2741487547966233
0.6975796944508224,18.744586124291818,False,-1.4460952746060962,1.7445903985050304,-5.718792737023682,-2.865465794744293
0.8124935957543455,20.544795666710804,True,-3.7259209753856215,-1.2323341628344031,-6.238578219262347,-2.6197148385781133
0.3021670892618422,17.71062833567263,False,-1.1997756547061922,2.684635972145033,-4.443727487966209,-2.648934950079729
0.4146051708840932,20.2607371296401,False,-6.600781530226518,-6.430658049871485,-3.558216779872825,-4.417842827631924
0.034889431822312356,12.364047098149621,False,-0.15038449255523334,0.25799839295579385,-0.1930134464587785,-0.6501446825818658
0.147728109754961,13.89253406960311,False,2.842970944068557,0.7162970597276441,-0.6702632388468688,9.29372015636627
0.1113446077544055,21.246167498468726,False,-17.56468190461686,-0.5444198516301957,-4.491202282377504,-17.21105177243969
0.27989652978548163,21.939253287151967,True,-18.042189706766976,-1.2414543781046006,-6.2836188238957424,-17.548919011050568
0.033275388275027434,15.173845101665979,False,-2.5501553417393463,3.310913283595074,2.788322899654405,-0.04124732058573555
0.22977134863870838,18.977930093397447,False,-7.295580751132336,0.14880414336599923,0.8042515203268374,-7.043019802518113
0.29716232894120864,19.74418226138566,False,-6.5216534062969895,1.3228412654508581,-3.9972360449631594,-7.020101142098212
0.052519008715926824,12.609672721911553,False,3.7931446110045064,0.39405133815542115,0.4942582010796892,1.7090859471120767
0.17201265025138301,14.277867906342983,False,1.8118358161982595,-1.5588137968033378,2.731369842658382,5.986252238492962
0.09053380425386985,14.654733157868094,False,-5.0951598845747625,,-3.487420158996113,-7.567037702813062
0.14181658725032026,10.617200354841643,False,7.905976302414408,,-3.3568552057427703,-2.672653340549147
0.7349656907061546,16.02470511919744,True,-6.902581339528413,,-3.42575750309031,-4.3036026359660635
0.15910974147266332,13.591916558018251,False,0.6700526052916711,,-2.0037627198795427,0.3372072708976992
0.2005587494531147,9.224082904155027,True,-4.666611078684779,,-4.964197499951473,-6.329654432423437
0.05570355699895594,16.912414896916353,False,1.1075671162735556,1.621699243425323,-3.629829949191543,-10.047080698048017
0.1462970077428237,14.056224899598394,False,-2.775276973357743,3.1788814409795085,2.1806837046437044,-0.8047782983582885
0.4744721134963996,12.426039823436161,False,-0.33112188579320634,0.8592201397242816,-1.7276469017021734,-1.0797764060202386
0.21175907008061712,8.211054470747282,False,7.424165265495475,2.225886606591554,1.4964890959694666,5.588920295342303
0.38794761233542363,10.728744939271255,False,4.477614399063645,1.1138638789856437,2.526888853459508,4.992891206911643
0.42919812027243,12.326043737574553,False,2.6082336245277338,0.33332585720133867,2.1968327617437833,1.2314058024466945
0.46549291803183457,13.043479300314303,False,4.471759724215807,0.9445513926699789,1.841138918106866,3.3545330575317722
0.1940737447020895,20.81395526264989,False,8.302958403612394,4.419761656832133,4.675698913942816,10.847074774633203
0.4078767189269735,24.2860125028978,False,3.554216726808268,-0.42837027308976205,2.377316406408103,10.621441083084271
0.4498131465740703,24.958679367359675,False,5.512379642550003,0.9895392988141349,1.1002511480014743,6.90220710925864
0.4525908091307197,25.847287499506745,False,4.262945893222092,1.574607910327197,-2.283498183004895,3.017965862042038
0.20064209926301174,10.187628602219423,True,-15.986433364795205,0.5327790798656196,-6.733030973169429,-16.00995295828961
0.26145287485586416,10.049532187340379,True,-3.4056226123871824,1.8643280443870536,-5.856474262931776,-3.8003039500913216
0.06969154886220079,13.496702375780515,False,6.001570735214146,-0.02860344835668993,-0.5260168809280041,4.640242865577138
0.16261866043034615,10.66433743162186,False,0.3722645122914203,1.4434590224619015,1.6245487364620947,-1.0559522718298742
0.4198384588813465,12.680996214052842,False,-1.8935339708873289,0.7911270249955749,-1.2543346581417647,-2.4730831208604753
0.7324642145029157,12.280058651026394,True,4.900716359551227,-1.227002815832856,-0.5042211835172283,17.759157966463878
0.7444834643566793,13.858891288696903,False,3.0126545100272573,-1.8585975808502408,5.084619248413347,12.50919793966152
0.5522014660350854,14.413447782546495,False,6.192926640047269,2.4918326820831727,9.242004479420206,8.664810541442103
0.8414488461061403,17.788925386221184,False,8.260400172907945,2.264548067437988,3.3445056577789956,10.844507294110262
0.03878281959343551,12.019804397431942,False,-7.76424443839111,2.4896982122203815,0.5909922556243119,-1.6606427466332785
0.14451063254058272,14.045276299491444,False,2.76052259375843,1.6392163888752975,-1.8380693771609113,-5.400534520993272
0.2655659037808409,18.423252877217955,True,-4.781807604523413,-2.1392894650281824,-3.0809264356809085,-2.2858518139197814
0.28885098120895014,12.110066165146751,False,-9.257826622734877,-0.7131378697056823,-0.7013583517504696,-8.03008751577915
0.18486346704056206,12.795640846548665,True,-11.239344145238716,-2.582194975547869,-5.865055712255874,-9.565567792495678
0.035842843164262256,7.724266962033625,False,0.25790671955321365,6.460581104800012,-2.943947276343717,-5.815817773659937
0.17390948125620048,14.585061018897633,True,-5.509741122499856,-0.8273404791485972,-2.0851955467289573,-4.693162104700111
0.09851848281940728,8.633765267512876,False,5.176133941887295,2.2680926908170695,2.3604636968568293,3.0348808820857442
0.3170842064777636,10.584609899417446,False,0.27505631101718553,1.3657477220711423,-0.8065404617053407,0.26127318242217257
0.7191499572462356,25.543211900006586,False,3.8265623881121424,,2.7151852025612433,17.576165722130476
0.6235364512669308,18.631857334666446,False,5.075630169706424,,-3.8446798581793007,2.7367146831733136
0.7931642669261281,22.19902209234177,False,-0.4874173795653358,,-2.6394449949868504,1.3566455793467824
0.044411450648076806,20.205128205128204,False,-13.65224553928267,,-0.20511258684384748,-12.437694063258164
0.07139474028832749,16.72410356570513,False,-14.215311018261234,,-4.916913849243853,-13.41409316358072
0.04643626587325107,15.396673311801038,False,7.850823454667499,3.6282564044603616,-1.1996485982982974,4.839755885217589
0.45145254372014165,19.20552536476324,False,-2.536825119419439,-1.471342195184111,-1.4046127401047381,-1.2478959716372362
0.04380648258249065,16.911677378252698,False,12.389403963738177,2.47545621220433,7.491759983450219,18.95067266864554
0.17555341977839906,16.911677378252698,False,9.713893922479189,7.488488003053995,2.8074033423235445,11.759102427000778
0.502374573282058,18.30605495491978,False,2.950475184652235,0.0404159490803524,0.9004277361493118,15.461098249980454
0.1578486195737033,13.395659011523836,False,-7.01701228948024,6.888250932964279,-0.46208054480694205,-13.27506035740187
0.7598778427440964,18.865248226950353,False,-13.743336591642851,0.8362460332424826,-2.7722216848659165,-14.215526562683788
0.13535803869670843,17.517926341508964,False,3.0933010446762443,-1.1311808265400014,5.8510616319289,-0.5238555564322289
0.3549259233965976,17.517926341508964,False,-2.1309085447862364,-0.8860410925476514,10.54122250640448,5.6063465898278375
0.39378425255560773,18.001425507376485,False,-2.7123551320158312,2.4661211416599382,2.0720524394572726,-1.5153838886632687
0.526398233850139,17.737003058103976,False,-6.104032678493998,1.3053958930024923,-0.6319513228140727,0.2360267647566472
0.38968176431137747,19.695501127367006,False,1.8120068379106735,2.4729326923979666,-4.113002944821165,0.3366492611056593
0.5763851661365225,21.448389425848926,False,1.318491431646418,-1.536270198023082,-2.4390207819120713,5.650666597134113
0.34142538745789597,22.045934801384366,False,2.5085360487816066,-5.226464600538982,1.8542696877549725,8.957170071325681
0.084707967094472,9.489287575936984,False,-4.907099496596501,1.7974378519265422,-0.6882033979449753,-6.064288389167006
0.06655112283658007,26.75295579144977,False,2.212629839774838,-1.667801925323431,-0.604653668597166,-1.3505891017063787
0.13585590175265383,12.834384169157694,False,-6.511651761770687,-0.32622229421297444,-0.28866581450259776,-6.361485020665625
0.32038266632854545,13.550135501355012,False,-8.622201966539256,-0.2332497720577309,-3.848232240344629,-8.551925143914229
0.06197005605897336,9.776045995811728,False,3.8607076196341517,3.8668705037191664,-2.3822899840056033,7.146884420038502
0.44887090732265417,14.433021410931993,False,3.1943703582009375,0.5518793325894222,2.1705785008580225,5.903973522333827
0.09688822848171778,8.044918427130616,False,2.986968328587958,0.38569719479915054,3.0752730756422597,3.0752730756422597
0.25017406950206744,7.561545111358747,False,-3.6560432096175433,1.3890798466110965,-1.4559894109861027,-5.2548024556033575
0.20305847605963567,6.87292817679558,False,3.9839433701657656,0.48761286798055803,0.6265801912718416,4.845551332169951
0.2894684173372333,8.057509227517787,True,2.661262365768735,0.7334370351180786,-2.205912120577591,2.0175823111831637
0.2624643113340363,7.528626048572017,False,5.039714639007586,0.34898112395238545,-0.3364346666049567,3.853154838261741
0.04539807752289475,7.11500003335824,False,3.952203051246772,3.949367877379406,0.23943721403261176,1.007295931092611
0.310142011691133,10.80541878923444,False,0.8093813710529751,-1.235962023213888,0.8917669452299437,1.6998436527288607
0.11172408690753907,13.875242760126818,False,-4.669134512039519,2.3508804454044796,-10.638540058884683,-7.9378484602191435
0.04827357462193335,6.838987614431879,False,-4.283109193615253,1.1327342194855206,0.11523590279387541,-5.35768692608003
0.23727377929299132,8.827404479578393,True,-5.439862610530999,-0.1042219731382521,-7.522935779816509,-5.465268676277846
0.04419971489128343,6.427707978197003,False,-5.8698684488409985,0.6158830344212607,-0.0013127570252735588,-6.2956287636389945
0.06057048942900241,11.029450536456913,False,2.759994649824926,1.8876140796901808,-2.316811915051298,3.326674597821744
0.19494467309413147,9.088277858176557,False,-12.041819776839379,0.9424656745217641,0.5672271765316594,-6.73636263048798
0.054796602871817764,18.449898371620783,False,-0.7196162046908205,1.8715944089078507,-0.6206620838767329,-1.3075595071429524
0.2797886192373518,19.88060190896077,False,-3.637271731013536,0.22984492740973916,-1.0777199002056315,-3.526865662796963
0.05378449869784309,6.686046511627906,False,-3.2578329978524945,1.9065663458111226,0.4844404110190492,-4.266389531309467
0.1831946518827769,22.516556291390728,False,8.530194687649306,18.34865810254398,-3.4383954154727836,-5.6160475941305465
0.04569097129837148,9.977910712265201,False,-2.952106938234289,-0.7173287062595568,-3.4169370003384603,-3.7077469940851815
0.054815116830159105,10.371682496197456,False,2.6297042618936617,0.8884128985374495,0.07099101199403712,2.7688986350615563
0.22818022421337103,15.783337988582302,False,10.165543559031342,3.153425165223789,0.1933312140329102,7.983174466779608
0.4027652727191332,19.299022204357758,False,5.566604900547123,0.507626446053866,0.9787204195777166,2.2598563373267044
0.09080115991110915,8.942406044920407,False,-6.527459382071987,-0.7970646299264139,3.308988421150816,-8.000003086047226
0.3698231028621449,13.02013695906738,False,1.1274695411018332,-0.853674825762818,-2.8109540155453305,6.466102089179704
0.044457750056885126,16.047175073398147,False,6.792698727366719,1.35171619881147,3.25254752970634,8.056646860993366
0.10488159066785732,17.28581922812736,False,5.217073938539696,-1.7553510174892595,4.097567877150454,8.198705443503961
0.2725363808499574,18.409170240919263,False,3.7881084882519733,1.1407087011770622,0.678959594052575,-3.2741686023916583
0.0443843831571086,10.336915646985515,False,5.134773916655377,0.48923878565436674,0.7753297782767232,0.6279820376087653
0.09356087623677822,11.57568761715787,False,6.713342437620584,2.0204850575826327,1.263314402201643,12.528548027204845
0.342719236958673,14.054934925028025,False,3.7213059736352028,1.1868906588135664,-4.769374577060792,8.420615913745944
0.03592318658827123,9.327939297327111,False,3.218820313448223,1.5834106971577944,0.14168165222603335,5.794781704675489
0.21332912398623205,10.315560391730141,False,2.0945370062094515,-2.771236310287506,4.719914503607492,7.803953492357141
0.1755367704444522,11.185344827586206,False,6.107394064161964,0.3602676273803507,-1.9874051674729998,0.617210176034777
0.160895427833641,9.503903415789951,False,3.0773961876570333,1.2524739118386252,0.013588187335811241,3.4278502638372954
0.16903610407446545,10.160234779309315,False,1.5117524501794488,-0.03802256011938843,-0.5418865231787473,7.419955331825556
0.20811624414707847,11.362589647840872,False,0.1531875711214825,-0.8912489628129738,0.704379459454163,5.649752420036225
0.047585730286927364,10.072132746189714,False,1.916670558822009,0.0026717626495642577,-0.8792144216633213,7.5443870845621985
0.14749199726342876,11.042558118634636,False,0.8168721758997188,-0.41015152692985835,-0.7721560622216406,4.988255579671863
0.3270323406732097,14.639448568398727,False,7.046949768654076,4.862748822166996,1.8925593443486877,2.6738745904674843
0.6482494450009098,19.133011854530842,False,1.1818544408757958,-0.6394608763745979,2.6079846465596024,2.876308567943897
0.6828527069181096,20.19239765461404,False,2.28768845222449,-0.7923462823119731,-0.2773485586135771,3.0944213589344294
0.2874472164902113,21.873594762568445,False,12.15012486567888,,1.818488095307913,3.957939584616721
0.20345844883820224,14.768513919510049,False,1.4643760140014672,,-3.7876928221766804,3.6490549420663765
0.14812030618850303,15.442928467720757,False,0.6615148360989531,,-4.765883018047057,4.050542221387299
0.4026304574362468,15.191416729353973,False,1.3219877650068934,,-1.1873819959218435,11.622359415921778
0.30557561101524106,15.936240383920964,False,9.847333663210023,,-1.0353055966371816,3.9859856517449943
0.054425830876589865,11.57837911351903,False,2.792379996781924,,2.4317191507521096,1.9090558063565854
0.1214421904438586,12.765665063919487,False,-1.1223609778793109,,-0.08250435313292837,-2.4991989663595726
0.37043634443519396,12.055213421495733,False,4.267938749255196,,-1.3230898926395618,4.060659527928623
0.0894133917962789,9.221120695904313,False,2.980808202911134,,1.7366274551712468,3.3138727846976357
0.21403245679582755,9.523082080537302,False,2.348136896968578,,1.6986051921002998,3.3699420693106275
0.3584816198584646,10.909859030522101,False,0.7794048890000349,,-0.5904292280736079,2.55230023289712
0.293110182416611,14.250714577378524,False,2.418690635989118,,-0.4737619271121485,3.5506713217798858
0.1751605381120988,8.37112781613372,False,-4.817351033620798,,0.5909110055876132,-4.895600307440706
0.29103590885061337,9.597518074808796,False,2.2839948500803953,,-1.499855783097781,3.3785250516777277
0.12295092794323298,12.832357926658725,False,2.5592157318023556,,0.16747457034214097,2.878696329679209
0.4346510993472692,14.171992969730383,False,0.9830354415442999,,0.9404523562311473,2.3576332606985773
0.5089823990223682,14.773431317876723,True,0.2753984809733101,,-6.090059939733439,-6.325696399488145
0.13091398522500136,12.227480607655043,False,-0.007931732309296446,0.15171499722932413,-0.5864477414486036,0.17593692562944963
0.16731734520751257,12.227480607655043,True,-4.498751986250693,0.5331906206021753,-1.9668695458355256,-4.980276159446506
0.0992225682032836,9.364194940035917,False,3.3972029202875342,0.36381884330698444,3.315375725711789,0.14967819735707266
0.19445580409287444,10.407843260301231,False,-3.43948687434672,2.518390113773372,-0.3332108356347341,-5.3748606426566425
0.44763526562406775,14.269989055330843,True,-3.701531426532023,2.0013459184658133,-4.722127018251099,-5.247559744968844
0.06155986938442748,14.169605931067315,False,2.6780213840235323,0.6559297374932216,0.8460134096835548,2.5238163384164736
0.031404350643743834,8.65441612329579,False,-7.70805132606085,-1.4854594838492607,-1.5190112984078463,-7.334476926245481
0.20457354959218224,8.17726593556758,False,-5.915062565375406,-0.38031280581777294,-5.810704651179011,-6.425573893374093
0.06376497545117107,7.048192771084337,False,9.107032811771965,6.0588326541386905,3.1518188843802086,4.626834541269442
0.5605584967653418,12.676853423882287,False,2.191363499424215,-0.31731826594952883,3.2030321323109234,5.1378418117105085
0.6295185054704053,13.569528077300097,False,6.558649162028418,2.2474798671535234,-0.936768149882905,5.350597910783161
0.22600171529014967,9.682109773019935,False,8.425999705888199,0.8102489855453143,6.154046615976272,-5.146339167407943
0.42013970262686273,10.67917783735478,False,6.531689081680536,2.7147550896100547,3.666688144125718,-7.817950015263076
0.6525337153380165,12.485238862050457,False,2.380212631154488,0.5813658492294316,0.5582267163453114,-10.674107754970564
0.08142966282453393,11.452380952380953,False,-8.35347305511135,0.8765695332859424,-2.643396398282072,-8.535489864648394
0.07656096509290944,11.421544523931498,False,-3.6620132286459883,-2.5970871090973624,-5.394375597260337,-1.3646921879075569
0.06272937464544524,7.315238044754698,False,2.867707392058505,0.10074480805783992,-0.40260453141123254,2.8722014597365675
0.3214025961260628,8.518440188414383,False,1.5323137045044843,-0.43600255471046845,2.35634559735427,3.9603161979381962
0.22948870608198135,11.246960122509885,False,6.311508152667322,0.7735047390783345,0.7549677096476692,7.591959711855956
0.583757922598986,12.208184381110861,False,5.160119977728694,0.7178337451206884,4.410625276006019,6.348446986743439
0.17116644081381419,9.862023411351615,False,-5.280203755398105,0.1326747295670172,-0.4296847752162436,-6.060266494750977
0.05334785363032324,17.447721474285053,False,4.936574741796873,0.11443398016071082,0.15727878678455376,13.743879777244361
0.24821175382366029,19.089810197219713,False,2.849228770441048,0.4021483900569667,0.07196540448035638,11.173079286914378
0.43403668373702653,19.718896601188696,False,2.049563714211544,-0.17615127627040872,2.492383829459066,10.322161004258334
0.39878506539205455,14.853284952226378,False,6.39291803891342,-0.1529894883526728,1.014689867523666,4.513640082798243
0.1296901606447648,7.950915684662001,False,-3.5977554058135297,0.9109948782575428,3.1029581377895576,-7.120803772011208
0.2466717083528574,9.073639501392087,False,-7.110096725107262,2.912746454609838,-0.9787892192523517,-8.909241182646465
0.48268101408018943,11.924917188075083,False,-9.491925637042964,-0.823446343686407,-1.1631770933157926,-8.740452227646767
0.1443673425097281,8.967596081386587,False,3.3828596280091716,-0.047614227281056465,-0.45175619393200694,3.602753808407111
0.1722552774393106,8.573751827950153,False,3.3246747885698813,0.19485877454032963,-2.1094396368100066,2.52566061317121
0.12020373352981426,7.570324675496945,False,2.1935820351879354,0.11519450795263175,2.448914143141745,6.664258160025072
0.11711835192402748,8.047988881150046,True,2.5348822333857157,0.5829930739246425,-4.702920085192375,12.904809887493807
0.22293309333995914,8.959537572254336,False,1.5184222717697704,-0.5550283265752132,-3.5183061492228385,10.496805602211644
0.035336529291379794,10.102739726027398,False,8.495761806602697,1.5470592244258397,5.019686305482507,7.506869286112949
0.33698602084488244,11.75976365863782,False,6.495922508358909,2.353938398902833,1.3129566040067209,3.203395450609059
0.6357557071004707,15.533747385388342,False,0.8845790127981257,-0.1613322561927033,3.772216465093492,1.6616042808268894
0.7489725757726635,16.653434899901306,False,-5.247006935084819,1.432301126587321,2.106943780688919,-5.802600413672254
0.045292528584032,7.587654359879033,False,10.070262374793293,3.3664077927334057,4.7511715787674325,6.914949859688546
0.37534444455697835,10.959456160261825,False,6.084444292998703,1.5194298776388449,4.305201873105635,3.475637691091582
0.587773160250097,13.7819299992285,False,-0.13620282210081713,-0.8848557996404827,3.5569024421447493,-0.20492628331858498
0.6512819308950097,14.940857622969917,False,-4.798993175705135,-1.3501034438187731,0.1245484044195555,-4.090841273172352
0.0405090060153162,11.315458458860732,False,1.8763109742926165,1.66471933995751,-0.27049577576222505,2.2718582213837157
0.16838864560602268,12.87579406469316,False,0.19593878676635867,-0.8223124624957334,-4.82335637556035,1.2887443768538454
0.05943570775333726,7.340285789526485,False,-6.960282833115006,3.6299592064965136,-3.1842669767482845,-10.11024685033437
0.3021050253886642,17.65704584040747,False,4.425240560250532,-1.7205973923886453,3.845885983915376,6.22421801750368
0.03954674460546157,8.790791118061627,False,7.258982104006817,1.8819579559188782,3.53008480091197,-2.441476375125662
0.2747385878648161,11.822533835827464,False,-4.799943942260521,3.7684801673849133,0.9659366487547061,-4.021002139906638
0.43604363125990175,12.507686116963814,False,-4.69142483596543,2.956622485338767,-2.8785581548799843,-7.28566526717721
0.07682147251866414,7.625137345705251,False,1.7391096806985251,-0.0778078149281658,1.7370358924831297,1.8183323002576524
0.17943116082097538,8.668640366544514,False,-0.5376559911577039,0.653269424796421,-1.3469899091670068,-0.8695446055609457
0.40299684412882886,8.805533386538974,False,-3.39867826751451,-0.7833947799741559,-0.5167446989334468,-2.794133263725651
0.22246785289558313,11.044423698303827,True,-8.603073167300002,0.7658903142768736,-5.776246892108706,-9.644876679177539
0.06523574187159108,6.052980162578448,False,8.220044725348563,-0.6396587408352028,1.2849490859032198,6.1460817723323125
0.12812991551708494,14.572861939671677,False,-2.6715548903854525,,0.500230165551252,-3.2969532520373157
0.22782888878099902,13.8350598434733,False,-3.5915483807970383,,-2.3981914261347548,-2.714932126696834
0.17868507081720658,15.116538535741537,False,4.961307399813708,,8.806170507372402,3.4271461403402537
0.1705935625801015,15.811048590681159,False,3.445293205391131,,0.6168103859532481,13.396299467095307
0.05228584392475258,10.882348951950572,False,1.3527045643893398,,-1.2763156576879653,-0.2154794992992537
0.17987773142408484,10.343150771818257,False,-7.164455907358813,,-3.037154732305125,-7.318253278347131
0.04023695228449772,6.617644780313513,False,0.6870388337805622,,-0.8644536287952587,-0.06916051126860667
0.15832679902657637,10.020236943670666,True,-5.516272214267892,,-5.475067610627771,-5.171824871045749
0.42940751853410175,14.348155570012244,False,-11.490023551116856,,-5.603066841054538,-12.975523210863138
0.2381965050439075,17.463895565246794,False,4.726072563610262,,-0.7184535201874676,6.7205547155849255
0.5726974861479833,18.27524690874308,False,3.6965880700605913,,1.491866301731104,9.403258997857144
0.09117902355711421,15.437634881485168,False,5.466815604226882,0.1571047368473355,0.0,-3.081399204280799
0.13962253112304568,15.437634881485168,False,2.616358962993348,0.49326188100038415,-4.74504043417091,-7.039661937846797
0.05857836443046424,7.541306281370392,False,-6.281968361522239,-0.6618410431428079,-2.8959126115544853,-5.626347027484124
0.21561704823002728,8.850579752539529,False,7.49209497198271,2.0349797779976697,3.1909743216463005,6.027400039407271
0.054794996323596815,13.738517626435511,False,6.23912369674926,-0.8491113337903977,1.9420257519033646,13.23719039561293
0.08176422590145524,14.583622972711218,False,5.198297027078169,0.25450207129749103,5.8131412821957,19.498526807612926
0.04296721774750354,7.09988162962034,False,3.3580608148531255,2.663576746979923,-4.123830423155994,-5.6074713877646065
0.18255449171330557,9.858568032429888,False,3.6415262513928015,0.16473627873039298,3.0452649779771246,6.131684731063536
0.1705666855780924,11.04269642088699,False,5.588638712495775,4.730856175713782,2.2364242172588256,5.1517548765664944
0.5153814873343318,13.836979344635314,False,2.271940496325553,0.6102699432293246,-0.8257986937924677,3.106570609700521
0.19382588770397782,18.788471968018925,True,4.401858890966315,3.1447838056653854,-4.392525265892722,2.0872312171436924
0.1173519153621218,20.45225977298602,False,4.791740532364797,5.516667479540405,0.3864983190956073,0.5668594833431628
0.41296883911672577,20.45225977298602,False,0.26632449159220695,-0.44658686779031065,1.188010186187194,1.704539095522728
0.12857137661007223,19.24469547901743,False,8.59823896038543,-0.7291514188693227,0.12963442680204995,10.32407973719911
0.07963746031946517,10.944976542489227,False,-4.144316238513735,-2.0306180721756384,-0.10693496632929733,-1.7435372736074428
0.1523983919544742,13.618016493059818,False,9.68846921427129,-0.4625904931820468,4.967999910395271,10.664163707843777
0.31144229813719904,14.55271848709669,False,10.297948519964372,0.8900574670816397,3.6965255816103992,9.113173852327394
0.5738031564354947,16.120422829228197,False,7.861709927925897,0.6046150471384903,4.177691652185533,7.448902472875729
0.5628366883640155,16.794453721867008,False,4.5307898116011325,-1.2938040309574017,1.5048964707167878,5.0181825010926495
0.23397252434334578,10.893602460346234,False,5.364062284354598,1.8110440203827016,1.245551601423478,4.359430604982206
0.4651231433182553,13.083446371397214,False,2.7746763748376813,1.8598705539616622,1.4236132303873772,-0.36457909478081474
0.4008114441537425,14.332084201403914,True,-3.8799891189990388,-0.39553249112896927,-1.67750557826003,-3.200960598474667
0.04121010326261969,17.98017706435786,False,-12.987835962327033,-0.4651939699042651,-2.039170759548359,-12.8499791676421
0.13262549003837482,13.343938075096967,False,7.32832848132603,3.3890352229482,-2.3216322214336116,5.439762404534942
0.049205633225224546,12.428129146395401,False,-2.1177240681458542,3.114178782517718,-3.2559173241471284,-5.073892758917653
0.12378490885665704,11.282443958287505,False,2.4529749993433825,2.873227352021246,2.4418345839833933,0.17333894828359675
0.2262424498982772,15.50888671875,False,11.402931337909926,3.398399541446695,-0.8344539956874009,5.321839302429865
0.4936585859854302,17.524943651708245,False,7.391459189950478,1.0133713212678641,0.0021576955474778003,3.9835269944027196
0.5674029173895363,18.640333417130634,False,5.939100867594171,0.32861889018265256,0.18234840897310978,3.8165512680321756
0.44455080933197,16.000160830191597,False,-1.9911708229392366,1.392095874487853,-1.3983613375682769,-3.1608341559303477
0.3673638532946922,13.803659120363342,False,-2.0621164164814854,-0.8325138658886955,-1.627425731870058,-1.0195444943761345
0.2838649548516775,12.790034233548878,True,-2.950067041291249,-3.960607763767676,-3.6050811797409543,0.261972675342137
0.05637938555553705,8.41986086282161,False,3.937640560617184,1.6978661280354634,6.724447707468784,1.9354033267516613
0.3483651245324897,11.395381944437792,False,0.20140028043427183,-1.6220032232154957,1.830661687080526,-0.46542294429440245
0.47672270648906656,15.683345780433159,False,-2.321852189992901,0.3199090432824736,-2.121266499976826,-2.5069570797793483
0.08534111282650518,9.108052046011691,False,0.5775288195161155,-1.2637702985097365,-0.8855701612516809,-6.474981880151431
0.049937121286834016,8.490220608088904,False,-3.7284730540427136,3.9192075491480294,-3.180243082548273,-12.269156343495812
0.2160540513019967,13.439398357456541,False,4.612467141930998,0.9367111289681151,1.507827792925065,10.165545913730423
0.8801065789969265,27.64394776304257,False,6.568443026699544,,-0.5232570777651491,0.9367858348577895
0.10276778475847359,7.249069294034234,False,2.959122790000568,-0.08934786302060571,-0.5106600360444857,6.440701263021786
0.2224222936496265,7.9595941204632865,True,2.043465463250582,-0.7629841708841067,-1.5247776365946653,5.648032046636753
0.12477915987700208,7.9077212348658374,False,6.3006464531739415,-0.25026031945699634,3.615940797795014,12.745566889974015
0.19672068271378582,9.889214937804175,False,3.5498748274030767,0.446793920462385,3.320815477563288,8.485683883348983
0.3217056557289484,10.932407652480759,False,4.113297838538776,0.13921938374972243,3.3487224892486678,8.743989434448519
0.34768355037461324,11.440813228483893,False,3.5190100649267864,1.4462502602270888,-0.5974979372016298,5.3386862232350785
0.08638067062554212,8.315816587535501,False,-11.850745687451269,-2.5535554917576975,-2.389732763935881,-4.302655266860588
0.0336617852442752,6.728395061728396,False,7.004538735450483,3.0362207653322315,2.6441808162555924,3.587837020916451
0.3140836427400261,9.170692041152803,False,3.237808496913197,1.0121696487128462,1.7421584071868113,4.96041706149184
0.3573405821493045,9.9523241954708,False,2.349394916804548,-0.1980562028949251,0.26039354934161985,3.0306235204911935
0.4945288458447396,11.603310899525939,False,0.4728613065141385,-1.7397386320546548,-1.4408382337750547,3.8514889472596847
0.07682777212365198,6.246042812984512,False,-3.006742716820987,5.784320098064266,-2.772167852441021,-6.608862974468776
0.505640707361138,10.889587631807226,False,-7.542952481745124,0.38863533887991686,-3.0280449623021566,-6.862689829362923
0.22668810831828035,7.1982181277421535,False,-2.950657787953026,0.039794278690918894,0.5283689255221269,-2.534486754383436
0.21495831085090114,5.343507238700565,False,4.381810821571808,1.9596174091031093,2.452883847490095,5.043216406803652
0.35937236020577873,6.7968445774922115,False,2.5236566458428866,0.5541938726483453,2.0344348230271203,2.8343203415507556
0.32518987507489105,8.056131240685543,False,4.137530028694103,2.8241801425065605,-1.4751398971566854,2.4871162280701853
0.6087661843124483,11.000243155647508,False,0.8029678975881138,-0.9563686184105968,-0.7884254570358018,1.8740760307861093
0.0692226616834241,9.500971529894795,False,1.9808137795616965,0.42769671890563465,-1.032748300199382,6.047117340226493
0.36661829078020264,10.307869384254035,True,1.0715432468761499,0.36629205734060033,-2.0666257849394354,1.9852373921887434
0.21920805193527187,5.629593709560554,False,-3.3658519537132947,3.9030110915263094,-1.6273390805742527,-9.554089376506159
0.5958144507903487,9.815075719092537,True,-9.661294670299226,-0.9979570146619654,-6.285382084177615,-9.778737195442899
0.3535217954698932,9.563504578891068,False,0.2429364339990414,0.0885506155384741,-0.9405702075957811,0.2819648543058939
0.19824161618759753,10.268152573529411,False,1.5692329427911211,0.8345695457802504,1.837968561064085,0.3869407496976951
0.04094114426283394,12.560323352148961,False,9.092609928115824,-0.9910250632936046,0.6209552776584859,0.944924421618154
0.12312551395832269,12.590088715424407,False,-4.80032544642357,2.617541548223845,1.2601359092319075,-3.7146574935135845
0.5607360330532632,15.423915697180718,False,-6.370320981285815,-0.47588014200397044,1.1031058202715993,-5.4499743020386955
0.12757642649378295,16.787880020912247,False,3.8336513888834967,-2.0243264062808186,0.5356618792007772,17.1620658128369
0.3924053405676061,16.787880020912247,False,2.3381049697020373,-1.5007255689626575,1.1387341454137667,12.181365977236801
0.08177607740365361,15.108514190317196,False,3.348038507639206,-0.8961909009314706,2.5706940353585894,-5.896009133964853
0.1618829553557084,11.910336117745342,False,1.7765309503259274,-1.6199158982871498,-4.067753320110867,3.8411085143643664
0.03183935942495915,14.34006045118876,False,7.603841824465274,6.747983530455004,3.739228925096927,5.4336574144708605
0.21764001219336554,15.345182738690191,False,3.5832458238121534,1.5882112189044006,1.1122998202169887,2.668389452921871
0.3081405327033848,18.769131449298754,False,0.7642196511848054,0.9382484585349848,0.7436106474146831,-0.16165534653878044
0.032354102940145506,8.3931042336778,False,5.108186111003299,-0.306842464382151,5.570149386519185,1.3733845437314818
0.0634566197683162,9.664183388340339,False,14.743202175647996,0.4587283481831683,5.784100492581912,2.6691703099825492
0.24410739823512181,10.710287135245814,False,13.414456853691338,2.449490063791715,10.702802701186819,-0.24878453236170106
0.5504860903424202,14.37052450502175,False,-5.65596015969918,-0.09013275485416639,4.6250748801638375,-4.57429952883599
0.7049154458899618,16.256258700106358,False,-7.733606682708805,5.787376987528581,-7.313074503185968,-11.302023193074673
0.07959142149821408,11.02101857717092,False,3.2475237014066405,2.092141893136934,2.653301950449949,-4.505697394453756
0.24441796819985429,13.27804639862805,False,4.831940241627231,-0.012134449702705385,4.066180340225967,-2.9374833001190592
0.40882699823334484,15.342854817708334,False,-7.154702677090741,3.3404406538734888,-5.0838062017685814,-9.274008903592945
0.1446252124760724,15.577096483318304,False,4.160542290597169,2.444669700058766,1.8461117284428008,2.689397332793231
0.34785067346469545,17.10566731809745,False,6.488677710778257,-0.2728577715814029,4.64583111859409,2.3979884812714403
0.23044843213241267,13.871452668658801,False,-2.079230159352319,2.6568198180978664,3.2486706173522117,-5.436457395541671
0.47519130180867086,17.45620512400558,False,-5.85772257395254,2.630374456521678,-4.076047953161721,-7.925656910916468
0.13314394816487463,13.308270284733261,False,2.5277917387677373,-0.5898881378591403,1.0918551998730486,-4.084009872704996
0.23929694648963265,14.164907910916838,False,1.5146712897766923,0.42626058596431093,0.018379553946856753,-10.782245261121503
0.049116492567068216,7.711944874081768,False,9.656443105103119,1.5850396942012068,0.14895971806874186,8.029877841947531
0.19817697081984115,20.437829180331914,False,8.288213782513921,-0.4798791504480704,-1.7066870628328679,4.383239570354092
0.29677219921711373,17.221167633846317,False,27.99172859979937,0.23954302561268737,17.980979686535782,29.238045710272797
0.30328469870184205,17.221167633846317,False,25.664606261621216,15.535456005955094,13.389444098158233,13.325961245347951
0.8510683895530333,25.196850393700785,False,11.317072475845546,3.8739730125321836,9.098243270728057,9.881185067490982
0.8967274818576696,29.813957763131455,False,12.185063085556113,4.254065452179234,-2.844114287570987,8.450768690514288
0.9537411251354672,34.85037406483791,False,4.134877286145655,0.029776305504913836,5.675077384903959,22.048755582505986
0.03252292403702001,16.24891198199728,False,-9.926452570706235,-0.28120268224094414,-7.363555310079384,-8.003137012922924
0.2766454776916182,17.23845222710795,False,-12.582096983530244,0.14374956581220122,-9.68177016366656,-12.361515003884072
0.0601574208171283,13.371497176565356,False,18.876339494493322,0.7413328434388244,1.6914098264521282,14.118562007235646
0.35045382830003424,14.417778862847221,False,17.440574903261496,-0.2542841348811331,4.055027713421855,11.439661672282497
0.4263927300072897,17.176712788361225,False,13.654615833407213,-2.106699317250149,6.237286528734365,2.828601549248644
0.3761403883354677,18.18143294727268,False,12.275884228739464,0.834260818279553,3.7088993096977996,-1.6025824971576896
0.5807139550371481,19.007361699855416,False,11.142499908449356,2.55662163028183,0.15366647611756434,-3.092797944390746
0.04247439916781459,21.388166498729717,True,13.58083978553295,1.442906199104721,-3.519803718534731,11.36558059830639
0.5158471499276374,20.373517761763487,False,9.420391768619375,-1.4352758762275153,2.040131435666792,7.149701088518046
0.21679238257361388,11.920797237026385,False,1.4523253491645516,-0.947728024142791,2.041102167792541,-1.613728768429079
0.2866847268513558,12.498311569738874,False,-2.8549323310246955,1.1738640295781089,-0.6873572791541549,-3.6136152428470125
0.34207785132351565,14.554455445544553,False,-8.050506543191627,-2.237984992529096,-1.7537949497569372,-5.926619679191791
0.1252708903642144,19.632816314697266,False,7.653138649404356,-0.10883084577113511,3.587303926412444,3.614596726272934
0.32544098120786946,20.615814287704616,False,6.336397011491313,0.9114996020902266,3.3442899887596855,-1.9339495262286954
0.3897447177352527,12.310720996630902,False,0.3173237171688159,-0.26305995514646074,-0.6279050841812017,-4.069767441860462
0.45018184046358467,12.812530620722182,False,-0.2567510052658539,-1.7968497810373574,0.01167641490549265,-4.4946881812924495
0.043881141497314965,8.696664180799326,False,12.458738054896013,5.779080565475869,1.0115905855319962,8.593431331385371
0.21592435354072856,17.828992946831164,False,10.62522828877075,3.265901296270002,-4.071514609813609,3.6719277593376676
0.04434779472829671,8.978478577535107,False,3.850756614495987,-0.7834541930355932,-3.7243245842633166,3.568220067157646
0.07033370706663972,12.836317346955644,False,11.071125587197717,0.2583175971553331,0.4385944437263589,10.816722681450397
0.3179236882074532,13.863904522018327,False,9.761689584734423,-1.1603860010654499,3.6159423238413257,15.260867796082422
0.18300296465446064,14.696040531141053,False,8.701313515691966,-0.9429745532022027,4.2367620882287405,13.607375980629111
0.22392146189796258,15.589081952384923,False,7.56332676668805,-2.4892376188123233,3.052012022131345,14.187974164836238
0.2422841647176186,16.291704558733127,False,6.667987315958923,-0.4261916467758198,-2.1178617220843687,11.402897266877954
0.41601576442706495,16.714402196386654,True,6.129351258277538,-2.279555145544876,-5.293856440204969,10.903885458917717
0.08127651615201482,11.794026340262848,False,-3.1722683084021597,6.481724827516122,-3.085979836524566,-8.361992808435692
0.43357371389111954,20.416143164514587,False,7.675071850061288,1.4776825938961125,6.458834760567012,7.57860538255366
0.459735142508753,19.262953508206603,False,5.259708098939231,-0.302656990632999,6.210023625638028,0.7551528237707439
0.46353599404119983,19.932913055725397,False,-0.38332993385994385,0.13491431099525997,8.28261695848187,6.9330599842580165
0.4828471121134185,21.006789882345984,False,-1.7194099339177815,3.991456324973619,4.771116627991545,-0.07573412955004244
0.6686618514403834,23.88385208265828,False,-5.298950128351776,0.20391701998285772,1.2547051442910906,3.7641154328732718
0.6084031693673014,25.521435076899884,False,1.3899115573173582,0.6627194625103305,0.5376324305307545,1.0834187921661353
0.6740014863279663,27.01375749273246,False,3.2897835347794,0.1830791591236558,0.0321278951012971,3.606138084849997
0.12437733016058952,16.568223594882312,False,9.034714030347391,4.501850282782938,3.272345849159297,7.506502971689888
0.40091653293674834,18.5996225510533,False,6.379934115412467,3.2512162331772343,0.2805934455467396,6.716705602774975
0.1739058312729489,14.13701650488404,False,1.2375153370363323,-1.0936116608559532,2.3569023569023573,6.7407390966961245
0.1013229678067562,15.153618367268667,False,2.8689291736283318,0.6970323964499814,4.7697368421052655,9.934210526315779
0.1426780139752012,16.378748370273794,False,5.988960023870238,2.003025863390029,4.9264235444657745,5.566218809980805
0.030844510054226993,18.993549962197573,False,23.980102637016554,,-1.1542899909463444,31.16576520516603
0.07462472257951694,15.662269359433106,False,-2.9337124691668937,,-1.6786003053014809,-4.397306137527723
0.28998101484992594,13.556756504776962,False,8.536845526802782,1.2058485007227615,3.8106952896344692,-2.2396779702157588
0.6000965599526404,15.839742024739584,False,5.670363003691503,2.047456589747587,0.9830363460138214,-9.586123469181619
0.09986298129594753,11.978361669242659,False,-0.5795328143382572,1.7119439169909212,-1.6817269076305208,-2.640561023390442
0.19575736132081,14.330452422250403,False,2.6190409648894297,1.4269722060161527,-2.218663972970336,1.5190898039079137
0.11259862594070329,9.599011109607055,False,2.127976396636888,0.9408379474841189,-0.16735698242374974,4.3807896800473145
0.3115621932188003,10.572968874341944,True,1.027674985899374,-1.8180388744785891,0.478945094243044,5.657554531671494
0.2410842949869594,10.493582410699709,False,2.7552034620258237,-0.28957852444229104,1.092325011091888,10.554141004999895
0.1679243067736989,8.166053781288166,False,6.330374987091414,1.0673106347080408,0.02891340189110636,6.2924643534690405
0.09706232049205663,14.379707251298596,False,7.192396023253367,0.6189771815061196,1.511364348807409,6.5804769351872405
0.1740702098484819,16.43944237844373,False,5.874001020886399,0.23328475107340374,-1.9692182168023487,6.109372339867369
0.30113720933091703,17.02332258345514,False,5.855557049857718,1.4231815083612043,-0.8683567606872278,5.24042214485354
0.19012090613918844,8.532276223260506,False,0.8841328575226903,4.156443654330366,-1.1926925423336399,-3.141726696878855
0.12556282535980157,11.685518981105062,False,-1.634359377989858,2.502197655845495,2.448305730028255,-6.175902950096502
0.22985320770584303,15.199723938530823,False,0.5233338437564905,3.213566976711202,-3.145137195404224,-1.9561921012344219
0.08982515774662886,9.239006534610853,False,-5.846667494352964,0.7696975455459887,-3.0576816849152366,-6.63076191581673
0.2826143643269548,10.107181165523164,True,-6.437615663096629,-1.3231654457618092,-5.8646240498185005,-5.43578628215744
0.05294182754255397,7.70440251572327,False,-10.76691858856268,0.0719656801488,-1.7645196600274748,-6.58712869162088
0.039570040671070686,9.290517133238424,False,-0.2337046040800428,,-3.065545349584131,-2.7031871158292753
0.244197105963583,18.765535365107684,False,24.413572094773194,-0.6623832214967429,-2.166660306125112,22.68104738572434
0.3098991093822804,20.170975546292034,False,22.261088735738845,2.8644700977003223,20.038195638651967,18.9060637603081
0.047276224894747115,9.33625980224054,False,7.573808104556123,4.300838763898596,1.5576095927683387,2.8703057415756295
0.06344147950937556,21.8180472781656,False,2.1951269643200044,0.3485385442560496,-0.5451984727495196,5.864589231879069
0.16373513048606575,10.165249555321287,False,4.692619756900163,0.9125264752712692,7.166997210568948,5.367794838752449
0.30670116836455785,12.074360769443135,False,6.989516868723578,2.968528487009503,4.441679041021063,1.4614564367339877
0.4976262835264964,13.485284108355646,False,5.909199097392404,2.526301876657855,1.0852479592200481,-3.4226833276814084
0.7028723156547936,15.702786405685412,False,3.1945870237543694,1.739843681599229,-0.7370985195128354,-7.507507549205739
0.7785387325783599,17.853924958817437,False,0.5612158225464903,-1.4216552630221702,0.5578933883137349,-5.396007036850259
0.1937467763558926,15.276116419856844,False,7.288880216013904,3.57805926661372,1.4138931736160876,-5.060647294302845
0.539886507164854,19.387368119762925,False,2.082655329593708,-1.7649584238605298,1.6440035490136395,-2.942307663002186
0.06525079820065037,17.287425215852164,False,5.4657507207407585,-1.9463038713131264,1.5306930940313324,7.49877797374785
0.4867830739382356,14.279272658681247,False,7.545159448114336,-1.3886190820154853,-4.324774018984556,7.3771154913404136
0.04821455726878646,16.613374582599345,False,15.842928349088714,2.127735797318242,18.984602352044575,20.790308473065757
0.2811857933780056,16.613374582599345,False,25.954520925361614,2.01619445761978,12.40929343685293,14.01185756307759
0.3617331254687014,16.929083604079025,False,23.14628195224302,8.47804102001637,11.385141173136027,0.7139353668437654
0.8643155520712975,26.62561542998796,False,8.771914917441492,1.6204594663641991,0.22867961487929023,-1.7566616696993553
0.3334597564620553,23.994371327954788,False,9.908218387432832,4.436305362923321,10.356910221341886,5.846286914331333
0.5346887918354405,26.0806916426513,False,6.03323265415987,4.585145197217266,-4.072335588870435,2.091380848745894
0.6414721695611528,29.726027397260275,False,3.6325206560306356,5.261364410822611,-11.866059817945384,-1.1313409892108273
0.38379236544187734,13.099008692373143,False,7.51195003478895,-1.1871336387369924,0.5655680094156512,-1.151151151151153
0.22175327578052398,15.608106120187726,False,4.575401284656477,-0.4522622386443187,5.050505050505061,3.686868686868694
0.570128967322123,16.822711595026146,False,3.0703058413113826,-1.68678519751837,4.858583392518945,0.08080684777462821
0.19663052663383052,10.963084251265258,False,-10.403324323418616,0.48003507321980887,-2.4479613607043205,-10.9547460436489
0.33155378961132204,12.530707688651866,True,-14.228863295068573,0.3929841344644691,-4.8354346696888095,-13.886895190829362
0.07744252268016341,11.75809087297766,False,3.5454498740887352,-0.34419581598937876,3.07050825712476,5.052190855395633
0.16670633556851439,12.354997839642111,False,1.8460679027128446,-2.4832433395939546,-0.4591008969741628,4.439556226611674
0.3610267850917513,11.72106824925816,False,-15.642852537664043,0.9787855972363868,-1.0064978170407746,-14.12945462408719
0.3398690634466427,12.627203258124247,True,-16.50873257322597,0.6553292579847714,-3.3989515552092397,-15.548261952282004
0.39324108114353373,12.09362903005961,False,-16.67426454977945,-2.3492598073893367,-1.7353479118579207,-17.23499661426917
0.08118792965795402,11.59265584970111,False,-3.7710698781126206,1.1169600333091445,-0.29728853542285716,-11.982116772202367
0.16417437030363213,13.257502572121952,False,-11.169138293817927,0.044406062689406056,1.248508304257201,-11.019484966622507
0.20358464757720568,14.08713692946058,False,-13.610375411583153,0.17134044185196373,-0.8392658070419667,-13.706571714867511
0.20947558098118496,11.556383970177073,True,-11.001843013642166,0.38113028389623604,-4.037364994716242,-11.027424187795498
0.05389082937745578,7.530185674510897,False,18.644043921732134,6.684698565243741,4.844048108755139,9.37884317538169
0.6400238549078077,13.054354228670634,False,11.556220707728793,2.2760153619528545,4.244845313419665,9.718653435844615
0.11197487766571115,9.284403669724771,False,-9.819710578415252,2.9713816239901547,-5.267754816744441,-11.85781351522861
0.11805465708747107,9.290025799321414,True,-0.5982547434099095,0.8265536735746926,-5.257762065016824,-0.9749423689487391
0.15330443901328236,11.862497675530644,False,0.04583663399539972,-4.240864470135442,-2.9935881171428647,0.9284148799612701
0.39796141257755974,16.58695102776212,False,-2.319771775314583,0.6731050629207092,-1.4426853417085717,-2.655935846727242
0.4613418536701646,15.392061955469508,False,-2.5280163046095705,1.3326398019582575,-3.5018917339658895,-3.6009601890682696
0.1886181619368974,9.818181818181818,True,2.290276835519389,-0.06676573840751487,-4.4452806437406895,1.1310278833416731
0.297162325078703,16.152950722298485,False,-0.1452252305979007,-4.882454052477314,4.946924832240529,-5.024279227962836
0.32011037583845686,16.649417473274532,False,-8.774628713944976,0.3223665342322324,-0.9337393878367406,-9.320996523260794
0.06676610049259889,12.434460847143662,True,3.022843485760607,-0.8672116369225047,-7.499793126875643,3.919785426542033
0.24113638465091522,4.817073170731708,False,-3.616729614124481,,0.28662060476400963,-8.291834006088006
0.5659873233188635,9.636587196478374,False,-9.469600744095363,,0.2749873038559558,-7.473776863003345
0.3240583968961524,10.757766226118076,False,6.941145147432426,,1.4015037141771547,-0.3033444291538623
0.09672647982405905,7.703579500786163,False,2.9082550103257443,,1.2975914164337299,0.6059099008500102
0.4707707380913266,10.524314553006631,False,-0.5492695049256313,,1.4405415830659685,0.3874926366591147
0.39117742569816294,11.194366962934946,False,-1.6755469532067302,,-0.21112147643150836,-1.1475887624162184
0.02924297645579106,8.523333333333333,True,3.4394693200663573,,-3.75930077655392,1.332163628683758
0.12163508157922992,8.153666704293187,False,3.81924145311745,,-1.273625190301142,-2.8962905202183364
0.3707491996506441,10.703833772314896,False,-3.0746181297201414,,-3.0472412549585326,-3.974035340786153
0.11836162666155323,23.109598686058778,False,7.499037280953957,,3.5941736973607252,10.327568986837932
0.11458653473089536,11.08695652173913,False,-4.301366533844108,,3.174125572188191,-5.291644590948852
0.23406619930309852,14.791640432465272,False,-11.305126390776355,,-1.3641449306772357,-9.896243263608351
0.32424368063454895,12.607026023986624,True,-17.428833393932873,,-13.257145218538135,-18.35656319939687
0.1556774753852358,17.06097300459699,False,17.85584273753187,,8.227118004961497,15.905349537657854
0.39625315753872886,19.794794970420856,False,13.97109868700901,,1.3337857905439288,9.500394103453447
0.06856106848380429,15.722536247484573,True,-14.16723989570926,,-5.8478779535285685,-13.293869109662515
0.02796789804851926,15.117645263671875,False,-1.7968985781112834,,1.7192613489058095,-3.2019863803886772
0.7937626340129582,18.41571310212136,False,-2.990127725507319,,-5.418377328201651,-1.2345648003272758
0.041583106551568834,9.993795011534583,False,-4.605387999711419,2.403614680937771,1.63010282992877,-14.053276474099786
0.4333056261873853,13.79596901788554,False,-12.35374016181774,0.4897722476932209,-1.4438599597347834,-12.09048049140532
0.44746715650144764,15.134676472085552,True,-12.966969727764377,-0.5877260558256214,-6.410558483066875,-12.692668041596844
0.1248988586232804,9.154246377903155,False,-6.7990432780554055,1.641697363440886,-2.4301101110224543,-8.126792764968084
0.3101453695688061,9.154246377903155,False,-6.952694442295437,-2.101472780996605,-1.829964526821748,-6.794499364744844
0.02735002863085944,17.36083664609938,False,3.8324856027404985,0.4230869778309776,3.0499495617995143,13.858974212778573
0.1514843658117495,17.36083664609938,False,7.825388040523307,1.9745331268768762,5.431003299186465,11.367695297887682
0.503888615083621,17.36083664609938,False,8.439317453491313,3.773014081247328,6.577355046866362,5.06491499106545
0.8009045569691391,18.337540972496058,False,5.96543786881838,3.269143242776673,2.6990554114770138,3.542510227563578
0.11727790653958642,9.60143352627311,False,-13.043103373944831,4.561684543325395,-2.6443710250552144,-16.530445870735242
0.12076743568018253,12.167434044847694,False,10.837609197333787,6.711435785552733,3.7772932846356078,5.089526714296477
0.5346904638730907,17.935222672064775,False,5.702254007039698,2.120974076983506,0.5945154626887383,3.3072169467185386
0.7063664543465398,20.44740973312402,False,3.1693925327737293,-0.22024502072641727,1.7661282812848622,3.4578556277681693
0.1350234437474635,13.453766780761022,False,-2.439441417556598,-0.9504398349645782,0.11472334895448189,-3.567531365844523
0.3114384608166905,15.022760953047989,True,-0.3752113867266038,1.0311998070028139,-1.8565883498645075,-0.3807657357386085
0.04462290720671502,15.066142249796815,False,-5.3861683321242415,4.514900455150883,-3.8641321283889085,-15.166717082327052
0.33186427835078347,16.765347460267996,False,-14.06631838179776,-0.7765783113103719,-3.436426116838487,-13.420809048930026
0.4420973885596521,18.24435443604017,False,7.8130881103657845,4.707463827870417,4.438203865301382,4.98004910111669
0.23823968028673148,12.002622350036358,False,10.15104035141674,,-0.2435460301997039,-1.344372897512791
0.93286639110937,23.40627973358706,True,-8.364928505515955,,-5.218650881298514,-9.070405485153977
0.4403408038434299,13.454545454545455,False,9.507008194114675,,7.169205299191539,8.581184347244353
0.533760097003926,16.049382716049383,False,6.223729288823754,,3.262677595986885,3.8128608498368077
0.8625668290527528,19.4585448392555,False,1.9100753075517174,,3.1867567133187835,4.020874242308259
0.8532945996370742,19.932716568544993,False,0.033890730195751395,,-2.998507144380469,-1.259705956347712
0.2910433273928134,10.597317074769295,False,-6.688033067673372,,-3.3646079873910884,-6.3471817139326365
0.19581454427403247,10.727749969322643,False,7.6181261598490035,,1.165780290232954,2.614011179664888
0.6134434846447697,12.737974637362463,False,3.6526680823110835,,1.9176872503753106,-3.099334260820008
0.03672398641067124,10.770014531819488,False,3.3866282204578324,,-2.6094470099157996,-0.549928454478521
0.16623666042226637,13.513949807621378,False,10.94740366535083,,4.619783620885776,1.3811768180479689
0.6453154252150473,15.152632863898027,False,8.845242332744196,,-2.2439186192103278,-4.104480056535198
0.29043186464493265,16.837482199940645,False,25.94334103470233,7.626193887083965,-8.09138481967685,1.6658733452275865
0.2791030074494946,15.126706842790572,False,-8.581583328549714,4.570118853736904,0.9130619720074007,-1.468835664109902
0.34633230541224946,15.225853856445209,False,-5.68961831553112,0.7423987380637209,-5.31007633652798,-5.658917094385885
0.4226732696543055,16.844917074480843,False,-6.73066852945815,-4.792305971995193,-0.36645323001094354,-0.08143819302142141
0.23180182876746266,17.972870401363654,False,-0.5369999619030064,-1.879491431730218,-2.3771127997695762,-3.5455290733113376
0.1405623739274359,13.199245251025774,False,2.942234014718892,0.3155109074974849,-0.6273525961672299,-3.2622315855414086
0.034590351968291175,23.58462755528771,False,12.434920062986299,4.424537163644193,8.575855172455494,16.408668730650145
0.15544036392633392,23.58462755528771,False,12.538417898064647,2.324386814425883,6.7990392654921905,13.267150094247349
0.2426618103493879,23.58462755528771,False,9.500488145141329,6.396633069327873,1.859799713876975,8.097278338474624
0.4527783808606506,26.099290780141843,False,3.5672683099352565,-1.2314332178866239,4.619327381115013,7.49928339821182
0.13239085441813697,12.880742045085821,False,-18.553846385149686,2.7387600721302308,-1.898902792471835,-5.871184030309273
0.32166767588058087,13.903061224489797,False,-19.509593333456277,2.5484820793989282,-2.9640839310810074,-7.977897332000195
0.23424372954484418,11.844916522184159,False,2.765569150586411,1.8639323877512215,-3.791323133090674,12.361383356076217
0.29485216950948095,11.568418803967928,False,0.27755733309193786,-2.356639461512333,-1.4670479362237199,14.7293429766721
0.11885082164837123,15.863547209673378,False,-7.402784590155664,0.08427836065596495,0.7010153447926104,-7.022282528142942
0.4478238980625906,17.718277312934354,True,-11.13915198883686,2.0216364830111244,-4.111353928925709,-11.831807929722482
0.6117396470851997,19.595378074572483,False,-15.677871274797727,-3.03587845634542,-0.9348732507358237,-12.515412366703371
0.4589884581467463,16.59365607269903,False,6.069076489737024,2.083243723744399,0.28562375257517036,2.15053561289984
0.4451416834083116,17.588496966260774,False,1.786418475342244,1.2635918274935376,1.6599815280831098,2.9187121591577547
0.05000088100779779,7.046553769867484,False,9.048183354954475,3.58394876996293,5.789657747482213,4.144017159118296
0.4055169706498474,10.903691312312546,False,4.523188758062635,2.9760842523178344,1.6608741418036033,-0.49729567573332245
0.5235099428031809,12.154802709255188,False,-4.643053767739735,1.2614884936489767,-1.4188717429509001,-5.449230504314706
0.6812877026893587,13.68075088715889,False,0.15649167144766718,-1.613995463830331,1.8237064886088339,-3.158241818764207
0.0704225027087226,11.664463380841314,False,-7.7630634751794325,3.3792112015144093,-1.818414442494476,-6.301303557981863
0.12523307178131893,17.172701022772486,False,9.595671149855178,-0.7106542920693237,3.0792307966168497,9.412936396769878
0.28570110021894773,15.715329193261148,False,8.069737413792065,-0.13034458702795293,1.1033468021716564,8.250580701951415
0.2349330238155315,11.981878572250142,True,-16.47650623360757,-1.4666165870463321,-8.90883568904357,-18.186003938762795
0.2820687152447884,13.777428768934874,False,8.534076356312891,0.04515952120738298,4.65115945262613,-0.3135647161626287
0.3165155175557058,14.366781133163228,False,-4.526891391046939,2.27428435663386,-3.0927835051546393,-4.123711340206182
0.3485997216006907,15.671833958335185,False,-6.48737806325006,3.7484629865833785,-7.726193382626501,-11.904761904761907
0.15454740306988077,9.468817760443738,False,-6.191207359081274,1.0939056141962,-0.6465251049133758,-5.977519583809898
0.11335106591652128,10.19694946310397,False,-13.293911169353855,-0.4975124378109319,-1.985506549687499,-12.881045785520795
0.11786039609529661,10.801235443536818,True,-15.86461506100012,-0.5362389772526677,-4.43468265805852,-15.465583213788303
0.08237137425148597,11.48872088668938,False,8.14100291735247,-0.7468921058865985,4.505077648048816,7.386808722068983
0.2475916662032157,11.952132064798306,False,7.574818019045271,4.785219399415741,-0.6017861806675517,2.6795666140328134
0.41373522107257393,14.777990139081066,True,4.122250964129881,-0.8096553458853517,-2.576862593553808,6.550471352889065
0.1923643414325177,9.882632323725035,False,-2.2209955037083673,4.8476743384044285,-10.394759613490423,-6.980291236310965
0.14198138005805316,10.207749406495314,False,6.700425231572815,1.3334662517929363,0.15424726906001496,1.489196629371392
0.45395529338885177,12.50991485192387,False,3.9647544987754024,-0.7166809126175178,3.819128832722507,0.5963988710413037
0.44150093179573857,13.7045562179884,False,3.8865329041909424,2.0782242907633863,0.4585163963471528,1.308081895913915
0.24725513470076313,10.288199058537355,False,-3.289001063288688,1.1685754654283453,-2.8446735168584314,-4.187879936362693
0.254580547876603,11.759119103089462,False,9.990193590368035,0.673875017298986,-1.4178942600341582,2.9198820466948883
0.044559347540374265,9.005556459780092,False,3.7675782449634543,1.1485810962548415,0.08114138635215706,7.4878269301521305
0.16411598552909767,12.303906870055938,False,2.1088335469630293,0.5975932245791515,0.8801802788634516,2.1024730539804803
0.14325279016525025,13.096450076676048,False,-2.058223408326443,1.3096340571130627,1.8970189701897011,-3.062327315167679
0.3735578249832131,13.092711998137418,False,-0.6820235793301488,-0.5304602813745674,-2.252401457436237,-0.15237156860715695
0.18604859938617924,13.508196721311474,False,0.2402799353890206,0.3665706205113528,-0.08624779723498399,0.059714997559723315
0.27962909444495665,12.009456264775414,False,-12.40958099205509,0.7727320842595642,-4.66804340120186,-12.828916271930002
0.06323702086942157,10.051179058560315,False,16.576632807666726,10.526886665999324,3.8466600141879415,6.615212080923838
0.7978847081580904,18.686546892768582,False,5.3849118419964315,0.005479545735975755,1.022056728424503,5.839692585745326
0.9150078351359361,22.068488278824702,True,1.001804481467583,-2.687257402719323,-1.5032678810873668,1.8437731216805808
0.5372525707943825,19.401408450704224,False,-0.5605791054629994,,-4.188929969839339,-0.26005574326729564
0.7396630813347398,16.596542662841866,False,2.240818247717735,,3.3236295155814055,4.208747523834555
0.04476312196258469,13.337328047323387,False,10.53396691833659,,-5.038499920557193,2.188491459211561
0.10267058866698162,8.820686321894636,False,1.1042506284304032,,-3.1901840490797584,3.689161554192233
0.32687861710775085,13.386374169627684,False,-3.633385674746903,,-0.16671718702636618,-4.986359502879656
0.10125942158961763,9.820598006644518,False,1.9999867506674374,,2.7357042770401074,1.9149929939280774
0.041132997811225994,7.15725806451613,False,8.565477244470365,,-5.710982658959541,-0.9537572254335269
0.22934322917335304,24.361280473241003,True,-0.6407308206249795,-2.7174301520152544,-1.1102886875956064,2.701703602593364
0.16805953883746538,25.302064637724953,True,-1.9119072368277146,-2.4776635377911083,-8.333331251074972,0.9461448860359045
0.4561012106397458,20.487462514637603,False,2.2325190885984503,3.022787694397433,-2.427008991683288,4.185720027024664
0.17324488402881144,17.82999774044435,False,-4.78096352484404,2.1708670596212176,4.497536021946913,0.4638033758702864
0.3735426564760421,17.82999774044435,False,-5.909778545806255,4.082101621711187,-2.0168067744101292,5.263866912171622
0.1560905263866954,21.762818556565506,False,7.813498274010833,0.7781629128060352,1.845701511215081,7.951210074952297
0.5026662294384814,23.47962374123065,False,5.447682310311608,-0.8219142997996642,0.3298006193469538,18.399184462397344
0.38795420553661564,24.19254648451369,False,4.4652505108222496,-0.8065287246069475,2.439334722718489,19.91597092754269
0.47677975083590657,24.98463277231961,False,3.373728653213237,-2.27106722825946,4.98135225774301,19.906440443228334
0.04431939106633419,21.114848381416177,False,3.2262476575566357,-2.0587449979598937,-1.5053873121976258,-5.9565731827260215
0.022965468766983948,15.696920660211966,False,-9.843072850492796,1.3808648501528298,-4.148993649642707,-10.484895973429076
0.03594218788660902,20.96188833591121,False,-17.02106644637781,0.32515351484270205,-6.781532753969088,-17.149155997767796
0.04681418220331862,13.093861705868907,False,10.90563060584444,3.033411372517092,10.102287897620021,6.401562530826421
0.17333125553987236,14.236703696640257,False,9.003304113972433,2.176375054998547,10.437714041554091,7.631877854333369
0.4184517001471052,17.181976565896214,False,1.3264109079837105,5.699417600268486,4.592895361503513,-3.7369537755865267
0.7411191832822921,22.279792746113987,False,2.9154719238973836,1.7709349091250548,2.4491829220968375,1.432922775254264
0.8438844490419102,24.924926071626345,False,1.2853658516095878,-0.2983113011644112,-0.11002261118039369,1.7103410952766795
0.8835921388608063,25.40282542565897,True,5.648403128502899,-0.2896804197033531,-4.700598031859837,6.53692939246413
0.19892396491194594,12.0287265191518,False,-1.8909091585344484,3.1646064274339247,-5.010869647460259,-4.445411697272528
0.08183235855031523,15.74235634187184,False,9.322384872706646,1.2948375517225497,0.24717433637388986,8.156900686686509
0.3162531675930489,17.454545128154244,False,7.100858690130574,0.37512937433072935,-0.12722937549861646,1.4631014184510294
0.1862472722411924,22.511666565811534,False,-8.080130132105811,,-0.44088420982588694,-4.7695366318574735
0.035227337368638784,24.019703058602303,False,10.033774944225748,,4.183385752447477,-5.6924523004715954
0.03718203566464543,10.846868673517978,False,11.26432316985657,,5.684525316928779,18.570652742632877
0.3749566314409886,16.16363525390625,False,13.197650331439426,,4.496020653695854,20.503995943972477
0.46877338559992143,17.748835857230425,False,11.057278618713905,,-2.135043970529371,12.949147679657491
0.7059442772044647,21.112060546875,False,6.516180808026828,,-1.366313429138044,14.908338012308153
0.09479328628603982,15.499002091811043,True,-8.677942570936958,,-10.043305204928576,-10.336638842911938
0.07365192330662182,12.74411882786489,False,3.380383099634421,,-0.5394173714286299,1.907063450482438
0.2198525560411479,7.820787350597473,False,2.6235581861643986,0.42415912357065544,1.1692451090095757,4.240175536008595
0.3589399450265345,8.81323904608321,False,3.632267957979618,-0.7097826501085369,2.4139582464553833,2.916316439915212
0.06407430379437346,5.775116140959773,False,6.381731807301638,0.49037071731261594,5.754813880361076,2.955553435066105
0.2143237694326492,7.307791232217596,False,4.651311733238828,0.5708025771581138,1.1031301894913081,0.020439267172855935
0.3750128024351735,8.668466600358423,False,-0.9329382035654477,0.5462322829391963,-0.7967520976507103,-1.1796009087900017
0.4928559027599855,9.594348654407248,False,-1.7301678798880116,1.702788269952471,-2.8387903752096433,-3.7228580584345528
0.04191323592469677,6.6892911263426695,False,-8.974143678381651,0.3640380110124797,0.512199091717469,-9.21544516958841
0.12290750874527517,6.530612244897959,False,2.580974670651859,2.6622011911108023,0.8381696261020588,-1.0731592851227267
0.4549021915821988,10.998834045860862,False,-1.920635796073067,-0.26548176335577933,-1.2950718241081849,-1.6595598615015472
0.07829043164249697,8.122672003877152,False,8.806943783108888,2.033613134493728,8.571878915287122,15.269139122273035
0.22857704804175616,10.42262375993902,False,12.925288492180599,6.936533243834164,3.000219123239889,6.449742620867882
0.7716712147925004,16.94842231990956,False,4.0356937081025945,-1.0035763578908674,1.5403352377047597,4.5708500161879995
0.16475513186634777,6.360591561911259,False,1.5350945900074686,-0.39554226884030985,-0.7124923897602442,-1.8728354821475168
0.042053062904636354,25.58270825951024,False,1.815809432486648,,5.820008402756782,23.966178978719554
0.21397650286308767,19.008697067481883,False,5.213065109236448,,5.991049690468886,13.260500199572789
0.16140469660516688,12.263326536556947,False,-7.427618611175102,,-3.661620825323819,-5.989874782171278
0.1075179318257973,14.961807704207922,False,8.689928077962383,,1.0005966667215649,-9.974770035566094
0.49188475158546596,18.754051414695947,False,3.842944798810022,,-0.18149587945139878,-11.271824621029836
0.6998107189437364,19.621434284190883,True,-18.095470457463414,,-15.812914201013207,-20.03935940998568
0.03835192401968629,11.737237562989414,False,24.16745146981163,,6.061116338623607,20.736881731516554
0.3674281436224688,16.53044298332076,False,20.6856609795919,,5.293389440121099,19.248201697924227
0.6505157089905953,19.489416697668652,False,13.06431323047461,,5.529012802736943,12.764510247112092
0.06741398596032946,18.274708422612424,False,22.89140385685031,,0.7407799243831503,8.35420152684716
0.749435366462925,22.876048368566178,False,6.841843255492508,,6.798556113872745,10.627475371130624
0.0635979699110629,13.185654008438819,False,8.75999748094969,,3.716769407851084,10.736629787021123
0.377151504414295,13.912133891213388,False,7.8498719790170535,,0.1879969692198724,7.726104719160953
0.5589006367956874,16.58220150010136,True,4.5048425014598825,,0.909464383046088,9.472595417618358
0.5021145856313144,17.369477911646587,False,3.518551819217164,,5.669997960432394,5.8250070906842755
0.11297324955363021,20.166037735849056,False,-10.01220313526705,,-5.8547322083639,-12.083639031548055
0.5117282071518395,23.34227117907095,True,-15.863828909658528,,-6.218663473770858,-12.684277482601214
0.026849654267037584,14.052287581699346,False,3.7839647914274854,,-0.30932086884795096,-10.070112730272207
0.7270498850523948,21.604227355870197,False,-13.520939439379209,,-6.612977149217569,-16.002095200680944
0.6789473257517906,16.49261324276478,False,-9.96740196416318,,-0.11549328787973101,-7.76801160792745
0.25819514014782924,18.28991999417528,True,-11.240322173088535,,-7.699734363981781,-8.799692209443155
0.03201725627672249,12.041178399269238,False,12.385230798655368,,7.830626265296403,7.44392867194843
0.504818821498421,15.610614607919123,False,3.140582717887752,,-8.221843826074304,-4.69940728196444
0.02571834418882931,7.380965065113886,False,2.798047465355724,,0.43820580829063704,-4.162930864386938
0.11084981203072691,22.931938770553828,True,-0.7101213499835723,0.9907742789279306,-3.7486753292120256,-1.372751282213669
0.09608497505874615,9.057593220815608,False,10.991653332586626,2.7173405989789012,5.769234124553901,9.459466104153424
0.24788826605044736,10.186141452923964,False,5.4191299772743395,1.6633545507105163,-0.9183689039580667,4.540813212492045
0.36247735837384415,12.44959561900465,False,2.6119465162927513,1.3079793644003246,-0.4030242074346657,3.0730509337610012
0.05561147346032723,11.689421159128347,False,-0.9329551499757338,0.05404242492146327,2.364869318264229,0.98456012305419
0.1323140215784748,8.819421263319564,False,-5.227792299000367,1.3075885956677302,6.423449626330058,-3.464433609298867
0.05724759489407379,13.583256042691922,False,5.784210503871412,2.241319148168497,4.264346544236131,4.987531361854591
0.24199289346968536,13.583256042691922,False,5.452884196973029,-0.991323202167238,1.586702434457421,6.7216356720134485
0.05159013235033347,16.657556257091827,False,1.6304514310600426,2.620472417494235,-2.3297250687993487,-0.4458828781195967
0.2919413103605855,11.729462147470155,False,-2.045250713686164,1.2336658914229748,-0.8915482565012622,-3.577472234635093
0.09991987366443136,7.359305719277335,False,5.862331561633094,2.7457536974565766,3.1273226430918566,1.2410027020061554
0.3523006572260752,10.374459502572824,False,4.303528951222435,-0.19210270395477735,1.5360039840103257,-0.7495706941989866
0.43546440487141824,11.213817907827414,False,3.3267086917626143,1.6445341000999036,-1.112973111953064,-5.229769321286993
0.40056546268695387,18.611375111222166,False,-5.9044168479364,,-0.6106723536678405,-1.8270066667267493
0.06504994411451165,21.393313433098847,True,-4.719549460127648,,-4.203540026699793,-3.207966978164467
0.908350785928664,33.4035517950492,True,-6.530881197232485,,-4.260256906331539,-4.237035276242196
0.5406871978260469,22.811671087533156,False,-4.0236444703702805,,-6.821216557901955,-10.128016648529991
0.9038719063147909,29.574058227714588,True,-14.63784646129408,,-12.95553988424154,-16.439580885789574
0.19700618626262478,13.532909236832797,False,0.4613964362753853,,-3.3725790641864983,-1.736182818012988
0.5431410375593587,14.646666267877947,True,-5.270335652526992,,-3.223849152580316,-2.2100616675343576
0.16180731348529437,18.443182093552473,True,-5.0532881672122105,,-5.320873682821592,-5.276194311694427
0.04420736860571735,13.838707276015013,True,-5.119563472957777,2.0381985056503016,-7.362741812723428,-6.1885137999551425
0.17580363861930845,9.598370816757527,False,-3.12137686759576,2.7397285641496127,2.2923562173901457,-5.149503879620898
0.39007496205485737,12.16931216931217,False,-6.453181366858329,1.6083603148279835,-0.35726125942113773,-12.666445004338467
0.3982574809711627,14.844503475240831,False,-2.634951974478128,-0.3060954048653919,-1.8946715357294086,-1.9910130354113154
0.11081138357662568,12.631578947368421,False,4.041204018812494,2.99380941289471,0.8189687260144352,5.17241379310347
0.45969682477262874,14.908161612361049,False,1.3301741219633234,-1.645130757359503,0.21588623640063087,5.78583085054305
0.07155367813654571,19.852628040598916,False,7.731036049507689,4.5177758295595005,-0.2695983033695226,11.737869073137762
0.2904372366493321,22.1313108586248,False,0.9882075347803498,-2.349568578371697,-2.1793274389691253,10.751346165284037
0.18748347992166553,12.904865281156134,False,-4.587411503279315,2.7760989636058664,1.7943740303689282,-4.077732623622521
0.22699909066331156,14.55379209855625,False,-10.617892330691724,1.5564398668217239,-3.4094151359202574,-12.045244419282074
0.03316339052964086,12.133888408513677,False,-4.9917296000483224,3.2324757170220986,0.5282721190852602,-2.9821432576244367
0.14798463608557294,12.133888408513677,False,-3.2028020984912753,1.8164924063756027,-3.372603225652082,-4.5590269417072005
0.2241460458203357,13.151363120093015,True,-4.633159929313213,-1.2464557811766253,-5.922733146729153,-2.9969428452606084
0.06634748956659756,12.601532385421981,False,2.134369745434661,1.2313997724656245,1.2644245672726928,-9.860827641716785
0.037187239020111125,11.854013039247834,False,-8.617496680957082,1.7830550819976532,1.090433284837089,-8.534456289713788
0.28974627602667796,12.73305544504322,False,-0.008562008725443437,-4.164684543433417,-0.8722175696114332,-5.306005927171054
0.2093230895049697,10.274961839225135,False,3.500614842068761,1.8286684884252224,0.31410796377409067,0.4426007346396643
0.1900869459736298,12.491176661568558,False,-0.020007268375488163,-0.5677265380086283,1.323655389836964,5.323082479442398
0.04811684512661401,7.496893942147007,False,0.0940071896347261,1.2629703189682928,2.155656303050124,-0.5179209601588464
0.126395138013431,7.496893942147007,False,-1.8725438583242493,0.0025009144932530702,1.168121673081246,-1.752193119264689
0.26621584878488036,9.694079575865896,False,1.5976880172156482,0.14817694062749798,-0.5667593114660252,1.6211884579040436
0.08626332291339879,11.565835880235706,False,5.156298121172909,0.3287204816976752,3.233059744915856,5.506861395120222
0.2105747620829329,12.294114056755514,False,3.9859547334558876,-1.9607843137254832,2.4568049544877457,4.419892029762451
0.30909257727817674,13.715275769493743,False,3.8096528903155624,0.8844630171474632,1.9846316316086687,3.4071369543302366
0.3906480623386243,15.255198343440524,False,0.441299040250942,-1.0291287839321317,1.5029801555219935,1.8815962835501576
0.9462114041481737,32.56649968659699,False,-12.443536340485661,,1.435750148014625,-12.13208984611408
0.16702816603384701,11.251862010060112,False,3.9141083580216174,-0.34922484982672364,0.037053021777389006,-0.5557614056765359
0.06196988118802115,9.64178678726848,False,1.9009343624062813,0.8682651084660487,0.5342257440786646,3.9065149272224486
0.15955630503711948,10.123208502240292,False,1.3580139035600736,-0.7294469106041368,0.7009366023811303,6.408538484081094
0.3165295246568315,6.780580193190238,False,2.066289028270951,0.39306793499598314,0.5385029706159505,4.4965030914044135
0.402870339674341,7.929273119171283,False,0.8085808765694313,-0.3109253544967716,-0.7211489672726001,5.1014974398734925
0.0780914992898929,10.120925504135718,False,5.693568570240881,1.161535091174981,0.7930140341481984,-1.2365607805149503
0.06633148951801282,20.15513670896648,False,0.690456852472976,-0.3278036774734483,-1.5065447641282037,-1.281883447938592
0.050462838191273285,8.207269138065827,False,3.3782857252784737,1.470014499976302,0.978887552067742,-0.34202433430363666
0.05024286529156583,11.205462382723654,False,2.9877112671574,1.3431722670998791,-2.2491879966839767,4.217224106954398
0.34430360342219707,6.337193971596096,False,1.806201539603114,3.4749117135312257,-0.9230332131958341,-2.1016738904312326
0.6504373710987705,10.609068613889873,True,-1.8928057184421365,-1.3713320376913196,-1.7684004846253987,-0.7273297963930947
0.2220337019825585,17.604456473275807,False,-5.985388729819596,,-0.9145476801565966,-5.995379088932584
0.25709346643399206,20.018025863338742,True,-8.380578879292377,,-3.7851996150733647,-4.75479989982065
0.11697348972671665,9.082894985153292,True,-10.105560759076294,,-3.1874997275216255,-8.526788439069467
0.5271792266543852,18.60464875582463,False,-6.311464921142107,,-0.3056577148179751,-0.9984751316332696
0.09409495001972529,17.606338715889084,False,5.227844771680501,,-4.815510635251641,0.46751165451472954
0.27428106328925206,13.623276684201969,False,6.330381746739411,,3.9657985633782866,5.718799783730599
0.44310698778550084,15.102620269926575,False,4.509298911383475,,0.25957282927617786,-0.4910902118777094
0.5716029744626088,16.01792529526034,False,3.3825516926608623,,-0.24877172598112285,-1.4166263800605372
0.3242141385745116,16.01170112709211,True,-4.019474012748326,,-8.310140782906728,-8.257122305231112
0.4617092984464737,20.902603221452328,False,10.474303836286847,1.5271070250505225,4.29991535972456,12.025603316988033
0.5061803411012535,22.479936937264892,False,8.271262380197397,2.5393468322054247,5.223699998557452,7.193249093407794
0.0855324673036547,14.467812511974115,True,-11.039724809676754,-1.9607923732095967,-6.176961602671116,-10.684474123539234
0.2443576934517251,10.709065203994278,False,4.994037766817283,-0.4975124378109208,-1.4534883076207206,8.212200066668496
0.46504794016312234,12.53132340526799,False,2.8513090918120376,0.001255617812012666,-1.500004359654017,3.928571428571437
0.17272849541448176,12.584652051812029,False,4.365308789715594,0.5132369095592448,0.1619350475584591,8.538079701695267
0.40106079593608523,13.704738776331823,True,3.0280356492476734,0.33398467273659804,-1.6960479456721633,6.528390910096005
0.09143719636841353,9.826536543580017,False,7.025959214725996,2.6541500641588556,-0.8332228428301724,5.241810736528696
0.18342786987551182,12.659827745813015,False,3.2194528320139026,-0.323818756565053,0.2657491627575226,6.186291113692888
0.042889210487151545,8.57670289935356,False,3.1529525646807555,3.2091813477232556,3.4346319180119878,0.5952804243250842
0.36315972198366514,11.305708087353777,False,2.275148021085238,0.7997472945793893,1.063265476302755,-1.6539620574849256
0.5579663211109575,14.194281378268464,False,-6.311815888857531,-1.0969272862896728,-1.346207357499285,-5.697801753929288
0.45658769219357787,16.696588868940754,False,-7.4287427839203835,-0.7261768887831921,0.8205677021072999,-6.751594413391626
0.6684843676568692,18.174443269196512,False,-8.474420155487984,-3.4875314993310536,-0.8395247597128397,-6.031570309346456
0.04635425629486506,10.900782953277547,False,3.025038046701445,1.2446588726799268,1.0041135577293359,3.0276390765263894
0.16454024933042546,12.10227157130386,False,1.4586169310290442,-0.6294309149388,0.887253805952759,3.8802798864501
0.27611208791436775,12.713937286349694,False,0.7525832418533218,1.7182220454030173,-3.60453945290401,0.21879267591715656
0.13766037567441614,9.733899760657136,False,16.329984209568682,5.440569681879848,1.6605104287499506,10.73465258128441
0.6210636873474442,15.127576035236626,False,8.134227988785515,-0.3009623148403917,-0.9857072251806209,6.6042404141366085
0.6271406654747759,16.026062608153502,False,6.989484532878176,-1.1457371124831806,-0.3299785646858844,8.595947652155388
0.8239960380301141,27.71004223432697,False,-6.655250837417648,-2.1287007585025552,-8.037751402077287,-5.0404517740929355
0.8405552500964842,28.221173098234402,True,-8.084584582681398,-6.667386547612608,-6.3850686772072285,-0.8950024118945632
0.05561526743273845,8.388163559211058,False,2.3582706131596076,0.21912351339870018,3.1710707050674802,4.208182823696771
0.23216139993551532,12.992383308217004,False,-1.9634626446330627,1.2747965009557882,-4.7101859723873485,-3.090899914444467
0.4458737529172313,14.846737143486802,False,-1.1994561975732787,0.24397362475061524,-4.800632029278584,-1.4884948927391894
0.5773742422378333,15.998527379165644,False,-1.3777009989564437,0.6972001058173971,-1.7260872244272862,-0.40136041130950373
0.060653123493109355,9.510019006498657,False,5.239042359960311,1.6950229993917043,2.9256179395150683,9.308344675406733
0.047356562888644815,12.817551963048498,False,13.08555205935038,3.473104993199594,-0.3804897774028926,9.714055250293763
0.11926161399078904,11.354662321272661,False,5.85532574245724,2.735969648801273,3.0199230266033883,2.066262730706381
0.45340828422378976,16.08155928362445,False,1.657228472570793,-0.815625616159732,3.156936871598126,2.4312035785833075
0.536748413617457,16.63970694348128,False,-0.6525271388818199,-3.3831992715448678,2.315013122723286,-0.3230186338143204
0.6245176375180678,18.50029577200498,False,-2.362819761765267,-0.031185606822348166,-0.633166856245293,-1.7998447587914357
0.2212411481044522,14.348703443255276,False,6.102608185745262,0.8507846106096117,4.00354272993968,21.26916998981534
0.413400799716725,17.759107568948355,False,21.616417269548727,2.951689613765107,10.282688598875112,19.37469436519441
0.6315622998473562,21.404031284974817,False,16.10052919857903,7.55400390325931,1.8155892459619016,7.946264188367147
0.051717366543052534,12.336981878667201,False,6.193375086181141,2.1857953231058325,1.4217616322911963,0.02486287602412318
0.3822519162871618,12.796565650662656,False,3.80167129734692,1.6545049368977605,0.43633570325740667,-1.7992200817032011
0.13332046700309308,15.322144017325392,False,-4.304501674985461,4.141507465978789,1.5955903684363282,-0.7716855236437503
0.5070576316426345,18.682842287694974,False,-0.020406344936207965,1.3994154013295734,0.8214020877303163,-0.7871770007415457
0.5931883295572012,20.195033450504592,False,-2.7314950364404234,-1.0503667172697462,1.3656438865643938,0.1975825197582548
0.5019022784375232,12.466401462208365,False,-4.124148636454317,-2.0059363434413724,0.054719562243499276,-1.92065663474692
0.23231767495031078,16.91959798994975,False,-6.460208321687433,0.13440370205641816,-1.2804714706670217,-7.211358156978298
0.04781204628676888,11.717643726989522,False,6.272658232485284,2.7431519829343776,0.8551167964404804,34.70522803114571
0.1459903126331326,13.52981969486824,False,4.091194512872542,-0.8011261307884876,-0.21587743732590647,35.466573816155986
0.06606283871887308,14.497614436203882,False,16.80639623043474,5.307217063298131,2.9326073458470603,11.582366146057211
0.7942505207844106,25.92267333977206,False,3.9792207502779453,-2.071365450191609,4.855044969724132,-12.801257818796897
0.7989631030559977,28.436257587504937,True,-16.916082334972458,-1.785894265723531,-9.804911528662007,-15.405310628378032
0.1748139672757732,20.997314997216655,False,4.291184129919734,1.3847942982397443,-2.05875527283943,7.237829912829552
0.04235346061942318,5.473220104776197,False,-0.4858091207565085,1.8437225636523502,-0.7475560667050019,-2.231170145378103
0.16970540973347964,7.386231121566028,False,-4.195009506233149,-0.33823286345043835,-0.7551459480477529,-3.6498883768950385
0.03628628345379787,7.329950477871193,False,3.2909132527081164,2.389883527542258,-4.444892510242616,1.4481056944252613
0.07643200991363958,11.134244548016069,False,-3.53605643589604,3.6656963313196345,-0.2070633598715843,-3.5890380571827585
0.21626341693009585,12.376579685156706,False,-5.964362454583827,1.9440849313763664,-3.0625013930592138,-6.60805381047248
0.1864279876768033,11.517408517097003,False,-0.45394187718995616,0.33040135242328184,-3.095026605768081,4.577157924746089
0.2814966769800609,12.342731864747153,False,-1.3824599569431717,-3.950961029991029,-0.4113409902202658,4.1689827682045655
0.05064785719809256,9.172041698168682,False,4.646553977075607,0.5637883637071184,5.916112095578074,6.655627791718399
0.07852184063973673,8.118279569892472,False,5.4302467693422285,1.5357812386886716,-0.3933254128859254,4.177738628998706
0.15638445415129187,10.041323575106533,False,-0.7339323828140953,-0.12746437379862474,-1.144640998959412,3.1009352542111124
0.5189224841855227,29.460313585069443,False,-1.0450358188595632,,-2.6689641049146284,-4.627559890630373
0.6867692949766904,34.505792433091756,True,-8.543347153255054,,-6.211875327813421,-4.890196755537179
0.35706747079841694,13.129102625454916,False,19.40298341348088,,-8.720164385423656,8.964481375372957
0.9539669569267536,26.194459774624367,False,1.4448101918167922,,4.118005050155715,20.67199317496673
0.6297910799105086,27.289373860044762,False,13.862922180915383,,12.983221940324462,5.2334043105383365
0.8309656125342625,29.38456083078161,False,22.10381101570036,,27.64107092986794,6.697500431050218
0.684423635016497,30.54865750048362,True,-28.445378159794643,,-9.362096511311568,-26.916018716700187
0.462793320097185,26.80920960789241,False,33.60827509507634,,26.42880700039154,20.779652528594795
0.6249938771635661,29.854979566054123,False,28.048284988858384,,6.250001312877651,0.24779777903114475
0.9361389577142412,38.73898626940039,False,11.83071437364629,,-5.381606422352481,-15.508806230273898
0.472981733830282,32.800431489052755,False,11.656554395068142,,26.374703499363573,10.988725113953613
0.03468217853527102,16.353887399463808,False,-3.527939328991758,,-6.144556384973732,0.18560964242193556
0.08814078641516354,10.476751030017658,False,2.4688227147993125,,0.7456709919181792,-0.3639606103898463
0.16942193046960063,12.27683891684322,False,-9.416197229337065,,-2.5075311329479155,-6.685781212511344
0.1849029492607962,21.890862944162436,False,14.901382959192787,,13.680945028805858,12.967102694851796
0.1126775774422801,13.044914660633028,False,8.407765398904111,4.0044206836791885,5.030241160760007,9.90130706755421
0.3686774085505398,16.41270228794643,False,4.209111236352969,0.3237798637023337,3.536463927298983,7.957051063509124
0.46853269729961566,17.409034543640615,False,3.528787963573521,1.5624532158010407,0.06213488997317551,6.430572413644686
0.565608295172553,18.558614990861717,False,2.0877747763586196,1.5337806337062165,0.5456254452407494,1.5459248856839691
0.03232361224928003,11.652964185153005,False,-5.159883301051272,10.043494185039759,-6.739765204818338,-8.531691472911874
0.11137800075527927,11.089658539870689,False,-12.106615019365407,0.8967156568998158,-0.938571744385952,-12.144485627357982
0.2103755805337614,10.916249343691824,True,-5.625770293505061,-0.319447853459065,-3.8227873964907344,-5.323327696103797
0.09383127286306783,11.021605796708236,False,2.3613322221100796,-0.20049461908042687,2.056843726828639,1.3089005534363984
0.06378771780231522,5.248445309467197,False,3.612369145875838,0.4295293717746729,1.5346839126271883,4.9723796236989415
0.054146236974379716,6.554362602292304,False,2.184327304661604,-0.7717900227756647,-0.030714404680887153,6.234639868684444
0.14137991314168571,7.208023895784323,False,1.4695380280226322,0.1682621832168163,-0.48366857466114466,3.3857353749483066
0.27835194821013126,10.918509337310436,False,14.687468330234022,3.1298164830011466,3.452457067318049,15.510055446265024
0.47221942302727193,12.962318120817546,False,10.921374327088351,3.4578233909069445,1.8719726617990151,10.947685331169543
0.11233426120567877,13.556470017734195,True,-6.451288942425714,1.2253634551603554,-5.749453291839424,-7.345296746429863
0.048847418771995055,13.11290494857297,False,0.05215660294797253,-0.8987321457229913,-1.246045646309224,1.2135685425435305
0.13217097305230502,19.576302507386064,False,-1.6847150601106975,-0.7357490635021446,-0.6225927258713293,-1.8083029669289652
0.12253731542187685,9.614244530863624,False,-4.3860868923788265,-0.6503229403673094,0.6663680353851564,-3.973989868597916
0.05646409945624736,7.37034125465206,True,8.283535019872934,-0.45719907613868127,-3.1583597763486626,8.347104232413072
0.051945618083681463,11.192030908166771,False,3.652954701732658,2.3248344193716353,-0.3942927071986624,8.460815032969782
0.18416643170778063,13.584729970575864,True,0.8602962267448167,0.055116017217637925,-2.102610293298668,8.511322802487587
0.17489254639077345,8.0394410125969,False,-2.128310422210633,2.2263696657217835,-6.135059555840739,-4.259840295779016
0.0414607446274519,6.893477553861775,False,7.840125891214678,0.1955178710405736,3.5477101177253445,7.629690611523476
0.2595920848940845,9.58904109589041,False,4.718004002403942,0.8405009510356276,0.4335855322437743,6.109169266233194
0.3375144349230772,11.13808996235647,True,2.923826533602214,-0.176347417589795,-1.908351722372248,1.7737580540942544
0.06685738649772416,8.616780045351474,False,4.16389898474312,0.8699015169094881,3.899137423180443,-1.5454508759398355
0.41926112712373853,11.48590021691974,False,-6.378737076547836,-0.06583136378841559,-1.4852679507490807,-6.231395094617276
0.5354784597735525,12.241458309635236,False,-5.51265864362811,-0.5978742114097213,-4.458810081887377,-5.236385513360919
0.10196616764078893,9.635462606715823,False,0.9313730315229751,4.555262815401995,-4.470766820558203,-3.8740336480332926
0.309251856168219,11.693983635324845,False,-0.5841399163719951,-0.44337026371028543,-1.632741917927505,2.187874170022863
0.32831103802606554,9.95212386676174,False,-5.251171057212655,-1.0752491996572022,-3.9239482200647213,-5.461165048543693
0.4390200098700422,20.274375140720675,True,-21.996378480516153,,-11.637657363050725,-22.00949316375477
0.04225505980946708,10.92493524474556,False,4.553827641930974,,-7.423020068710362,-3.609297392875821
0.3204876982693605,25.73212824831011,False,-7.622525346628417,3.9782866276075968,-2.609759612901952,-9.188869851531745
0.6321998817397829,26.183782659651683,False,-9.090203196904234,-0.5100290920245776,-5.955585269273067,-6.798436071018554
0.6356404430718714,17.24181210196155,False,1.7038308029025284,0.9104685041856797,-4.407527669443301,-1.4639617063954558
0.40109387791192586,16.336891329716295,False,-8.774909410045428,2.944697074912783,-8.359910361277622,-10.475141186306036
0.08803452751288227,7.537742601372363,False,2.485196829089187,1.6023327130836762,-3.3000697823103775,2.1104470746007964
0.2524006794450266,8.160696450765286,False,3.573899959716864,5.220637580594589,4.431061959581117,-1.9143856843734652
0.7292954343702893,14.092777084223625,False,-3.307361344686477,1.1331540348131997,1.712663766849487,-4.656161062991804
0.8398558721880802,16.29563505914642,False,-6.599322570489107,0.29433145017081497,-0.33991021164963,-7.055675963015284
0.24860980213828093,21.7714742648821,True,-2.5577633305863157,0.1129322711595604,-4.5179568800814085,-2.213034985356521
0.203247414659048,23.18524280226375,True,-6.836298596320911,-1.9360989609089274,-6.097191767342647,-4.996945444235001
0.045811562820954874,16.260094108810957,False,-6.278948304950749,-0.4357304101723858,-3.6708656341237433,-5.852101183058056
0.16767793373838635,17.84160139251523,False,-9.27001622246686,-0.3156562196902635,-2.6843910233195545,-8.982714499792198
0.1364481905995956,24.1585197633372,False,-11.295082299136183,1.737745709655436,-3.2472833509334054,-10.015535318356639
0.7841350469711249,27.206302850499192,False,-13.840535942912569,0.5003635119531502,-8.959557887428849,-14.384869471917739
0.25579675654995365,13.612565445026178,False,0.9038589468397751,2.211455809955476,-3.488554094578067,-5.19680987908413
0.5782165659166614,21.287099398082944,False,-37.0379733926241,2.4812927928093975,-1.3637523430605092,-50.85961661147256
0.7153712201813646,23.187580761347434,False,-38.5581582320298,-4.91143774158358,-0.5093314587571451,-54.73607846994016
0.34030963172231105,16.302840657038644,False,1.071927429100561,-1.928844661746465,10.024418769742693,8.225164118763239
0.24461974425102492,19.891305822105224,False,-0.8700429718481617,-2.179921647799632,3.602484472049694,2.4720527222438005
0.4507022701609268,20.41991748134748,False,4.2298973740699575,4.110518264817187,-4.158389977942923,1.9857493849786412
0.045753289011297,18.15326633165829,False,8.121454562242981,1.6087871679213883,0.9690207206111578,9.134675006807225
0.2244607600325581,10.211524434719182,False,-2.725609819021213,-0.9910367076451987,-1.436737742814076,-1.7519354346274163
0.1571682545232761,17.90755155010239,False,5.102579042171906,0.7664592285741678,1.8638716301242697,5.0258793136695346
0.33213785623066866,18.824149008407655,False,3.9290635894055015,0.0015623103556183793,1.562438405678912,3.329416443647637
0.4414354591588675,19.706645764802623,False,2.799207106320223,-0.11976146754899553,0.043042223517542055,3.0086472205347548
0.409283397768283,20.120173769447415,True,2.2697691298069866,-0.9245617406529405,-0.15498573174760333,-0.5812201439617248
0.15007102346092133,14.78831705453534,False,-5.171947209529327,1.286662619748502,-3.5744152292855325,-6.564220309282165
0.4871413041782534,12.670322623241981,True,-9.475551602968945,-1.8946497784313565,-5.500794212853155,-7.758400933373633
0.07970092994660935,12.525876232576389,False,6.953161425819454,3.777184722163507,1.204619140001073,5.2587896814732416
0.5081078893807749,16.129032258064516,False,2.5476422683933686,0.860461958199088,2.686663501731812,3.576728493558412
0.5887794268988726,17.68812566731654,False,8.379284051860214,0.3182783530011557,7.688607450090279,4.96789923066312
0.04482387165765048,20.36921303513064,True,-11.596583171646046,,-5.735774484606337,-11.001403206043637
0.04843921667867221,20.176211453744493,False,8.532228724220303,,0.5314690242065545,7.7537657179708175
0.30075495498291616,20.684947931928395,False,7.840526353082988,,1.6502545091776843,3.062257847388583
0.3474144461626463,21.61273907899548,False,6.579057274558342,,2.5761437118732244,-1.9126876534386827
0.07513844233056678,16.47297093960878,False,5.617958031711234,3.5749143907077174,0.22010899066613465,9.845592010042559
0.23323074436982943,18.82406807298435,False,2.6450511636625818,-2.658930950996219,2.3989529527254527,12.660341245056838
0.30291376879012727,16.96557115484054,False,-8.99917021096146,1.0333946054024157,-3.3362960682939535,-9.081618231067157
0.13443416968759989,15.041900018460641,False,4.6915456739690775,-0.8939366910467483,0.4153683963921795,2.345507789621637
0.03599896304378153,7.510969276478279,False,11.893705723890037,3.243113717433155,7.7533649569741625,14.855049903728968
0.1001943533641751,14.794622605846774,False,8.292927382342508,2.1898882343778237,-1.435431948915511,6.414060850836445
0.2565996816978081,16.934667888274106,True,5.162065559616136,-1.5363829668523565,-2.3395547081283885,4.191835366716612
0.2003914671852502,14.877728429614976,False,0.8285086192042268,1.0237412884127384,-2.071294071813523,16.775531519868835
0.014443308143276355,10.746143187970704,True,-1.3605177910527178,-0.4363065055068893,-0.9136612021857893,-1.3665556693989056
0.1691173177846542,11.428426595467162,False,2.4806506070990553,-0.5432888049984319,-0.997838759271652,3.398752105816105
0.0665991601993058,24.69666369277696,False,6.565767843849835,0.8262859204977602,-1.147659497560094,2.855593710464488
0.08239040013315263,9.945994599459947,True,-13.618227494391222,-0.07657482166126828,-4.7782494806250515,-3.4360075027097814
0.31733718359918484,16.61438586659585,False,1.6890332216345172,0.5706185839338573,-0.708720403042884,0.3937344860053038
0.09536683524095953,8.872556447946659,False,-7.4934840508956935,-2.117231952579479,-1.3499883621692965,-5.617192955233142
0.40710954463044147,15.857932886435893,False,-10.513498546988732,2.1335636975588823,0.7593461226959919,-10.775692873987685
0.5402262214109138,17.324633544405625,False,-12.179472226071987,-1.767249115162428,0.06512960910332044,-10.679393229737155
0.10319308412872583,11.772079579007212,False,-5.478682220391917,0.4672610652571185,-1.863577543216599,-7.032705435251197
0.1801892845802188,13.281546040166731,False,-7.095820631590055,2.56598779501509,-5.1925212884117,-10.024065161051466
0.06122239364440729,16.85602350636631,False,6.633099889235994,1.948110798324998,-2.563363765494475,7.368463617055987
0.18233115138061148,19.26003424006087,False,2.746679430387533,-1.6710247506996123,-0.3544740371718702,6.0739605288369525
0.18085542922230743,11.681606818775018,False,4.645620748441459,3.891290362298605,1.8181818181818077,0.8925660188533024
0.5058813198409132,17.055020131725325,False,-4.184582655341806,-3.299042717490608,-1.1294850447387983,-2.5863559005877335
0.10449922681668891,20.86196619735169,False,3.433098063587914,0.7709289991200796,-1.2944459817459952,3.5870242610933856
0.7985446986438602,19.398580104823207,True,-10.969908653048622,-2.0228945811527232,-4.222426222248588,-9.753198282694353
0.0285941154447847,12.664605213423288,False,8.822868287375329,1.9748439721841482,2.0958641662743194,22.23947978573142
0.16097602370165603,13.2024593551182,False,6.204926415750234,1.0919324122484975,0.7069069543924833,22.487570821884862
0.30558525666377745,14.20962725365372,False,4.972562091167521,-0.9328453300478268,6.347071061541221,25.829340787541955
0.1938908960028926,14.793121027540082,False,4.258602768596509,-0.38471225303067236,9.370851761248922,27.314202409339995
0.04140326471350933,10.927616435571128,False,12.20596196288357,1.2896666899687048,15.631771890982261,11.817089314925532
0.17229959922389354,9.92035762684616,False,11.69378333557438,7.128022086919028,-0.8492809656147626,5.820408315599668
0.5602368455601621,13.956869036386621,False,9.331536636544357,4.7394577343462085,-9.896338079838063,5.087097890878911
0.802598775920454,19.24488725747247,False,2.6122651340016123,-4.723889728076969,-8.23186956096993,6.81652600018825
0.19111431943067314,11.93297805983154,False,3.6907831826619164,-1.3920983458999503,2.5960539979231534,5.316719855351115
0.18113556594641217,12.239935957273177,False,2.589619034955093,4.11502221877591,-1.0575793184488869,-0.4230288585120312
0.34670399349508496,15.814659422327312,False,1.3257722162661523,-1.9840094549815168,-1.1926058437686349,4.054859868813354
0.20644654446466598,14.081093068635678,False,-4.670418365638385,0.8549275431566139,-0.46991124194124545,-5.478508629566614
0.35995202279701977,15.265436530355048,False,-8.06958471732424,-0.3161412527990404,-5.272168532535271,-7.451784628849756
0.05595328110645927,10.223791259478062,False,0.4075940567583869,0.7291475349725074,2.4498088311482924,0.7528666210410151
0.08806987451123613,10.139901691694925,True,-7.078092091561105,-1.0957482284780773,-1.6707302478442432,-6.288433770944335
0.3149067134875247,12.932172285383256,True,0.5923126419458802,-1.2328139818385875,-4.611297303259965,2.8039834665697594
0.03461590182492111,8.584534731323721,False,8.805835723847277,1.0377379088176264,0.6787641786640375,9.763745100098165
0.26463160135387753,9.2151488894787,False,7.389646247697401,-0.536363839754106,1.4994877180945831,5.8815927399089585
0.19777837804741402,13.019803490969215,False,4.329837471926412,2.3841220154256826,0.14471927030457188,2.1707669723846745
0.59402879516729,15.508535933293077,False,0.6269475598698282,-1.2152509977226722,-0.42168674698794817,1.349399061088108
0.04624538267680747,16.507648303357428,False,3.930795237130247,0.7176453000632632,3.9014163493233056,4.7190778607850925
0.22659296442988208,16.507648303357428,False,2.2498442501169835,-2.9689814106917845,5.518510079747796,5.0586342397688
0.17946456007244765,17.240199635597282,False,3.7542462077961636,1.5433317120804757,6.318157639913569,2.878018615619715
0.28443239143757776,18.66741458085456,False,2.811810177224894,2.51096143025078,2.6585339658520946,0.53388804524237
0.6226199771071942,17.309647768282044,False,7.24549932118832,,0.85019882302797,8.91992715728982
0.04818855101806009,17.7,False,11.869346906991773,,2.023623920443307,4.1054950963373305
0.39713748192045034,20.489234171150585,False,4.128274379557939,,8.205547652323242,5.66154698360144
0.2753943753137079,23.08411214953271,False,-0.8657610022318241,,-0.4974257856067754,-0.3253777774328337
0.22300758300144588,15.200829554035444,False,21.914529020105444,,6.65479893876304,6.07189143173501
0.5945758948093622,21.506412212665253,False,11.461921163413713,,5.323961840115143,2.482439408909065
0.732480225290004,24.84272232338554,False,6.724317175361483,,1.2689266378109743,1.6664156582941736
0.7892992437863151,25.76538392621831,False,5.414125633167144,,6.1181094650264445,-1.6244135431514484
0.8262238074841586,28.72526497490692,False,1.2110558359773593,,1.0080120181176433,-9.012746811939875
0.1351847043958973,22.594594594594593,False,7.74880542849492,1.2716543193332486,6.107636108292347,8.178919956493825
0.2764623378593839,27.80807957504735,True,-14.98915678020155,0.11481056257176547,-10.046980904179946,-13.98626779903177
0.04486036940149324,10.15184112631267,False,-1.2466841119015526,1.8811061032330878,0.018539173492415628,-2.2252440915721983
0.12769065982985076,12.028507369138124,False,-8.071145727163975,1.3485191236339178,-2.5422690571218265,-9.18478113441652
0.19967820791230617,18.969520120798723,False,-2.9972167963074225,-2.0817206889274686,0.46499851926260494,-2.3089912371272225
0.1114107752964148,23.378676999917737,False,-14.119616921971978,-1.4842460648163303,-0.7298029079201518,-13.523260549104933
0.4200411597911211,15.072871442686294,False,9.223513313925213,3.6659672956327993,4.004393770421011,6.973332005955313
0.5546200321912932,17.97293322739346,False,5.394386227777792,2.1321488309207437,-0.3278645256424406,3.3495834141005654
0.6607907348215974,19.570575469560893,True,5.263888700127284,-0.45373274517430673,-3.806163098843607,5.920700543777535
0.16812393175664583,15.118991228026136,False,10.760240466885907,2.8529375604526175,5.703792530717444,7.8806138781658985
0.39978442778612217,15.283705693392562,False,5.022260626103914,0.27484838365430253,6.026838991548189,6.635749981521233
0.22394982581886913,16.846150269001832,False,1.4761322451387837,0.6068576104140577,-3.862027968269055,0.8202028732120281
0.4184820572415931,18.867044401134738,False,-1.8239769283718954,0.0874807937395028,-8.622225539247907,-1.6389354330801797
0.42260500334843343,17.802314852755565,False,9.493278252072113,-0.6649543747383246,3.164990122257172,-1.125915500314778
0.3935154701246494,19.424667770483218,False,7.332186499602367,0.5276361338062197,1.4809496182146997,-2.8014909432290125
0.05998719947441336,19.40542906193482,False,-5.711822568161285,4.64504401071566,-3.6499673273043043,-10.031738695921844
0.4088613869313955,19.40542906193482,True,-12.295665895400433,1.581729940110388,-11.333077370444244,-13.651830488610194
0.07789665735874249,13.195079316953043,False,-4.8042294130370085,-0.3648621062956492,-1.2458045929911732,-3.981213229281455
0.041856740699302036,13.631022326674499,False,-7.381521396040935,1.8352376382814173,-3.1682843298526553,-8.428939232742794
0.10013437907384774,7.996348893308465,False,-6.182499161016553,-0.9222181774056426,-1.9175189994480535,-4.965885807275949
0.09495266824605392,8.860759493670885,False,-10.333804155833237,-0.7973993804335722,-2.024243903882572,-9.393939393939398
0.30535729313043614,11.346396965865994,True,-0.14529277846307975,-1.3151687831386538,-4.328266719146068,0.6083634718591524
0.30692122678856487,10.382241383641192,False,-1.2048259476356793,1.0598375845705776,0.8539634175819932,-1.4665811368734571
0.24660901143125585,15.537112907585202,False,2.8685568752591317,-0.795695985161804,1.0660645777218702,1.7238460115714505
0.38358710507148186,17.430987290933096,False,3.095787293725061,-0.0995038561593331,-0.7968100199993611,2.6597848080031516
0.5360659258889253,18.30546401416179,False,2.003914407113694,-0.6860915275385793,1.3858469671319096,2.637041952105812
0.24919613447958436,16.129096962362315,False,-2.4831999820722706,-0.8545787807374472,0.6978645617015333,-1.9819334080655948
0.39631610758720515,16.129096962362315,False,-4.5706888925365,-0.14905399015475718,-3.178436675788343,-4.184542531794843
0.43428524281224856,14.694263988767334,True,-5.037799284825861,-2.0174736094380363,-4.709002522391392,-2.7676385743543364
0.07487876843378188,8.524070332336379,False,0.7225880442182753,-0.5686479044091031,1.835176313662168,1.298620527040617
0.05374171466444382,7.118190648862882,True,-11.465250110668423,0.3548013197004929,-5.128884407406941,-11.5762392220784
0.05499614067184115,10.968105386019207,False,0.023186840834532596,-0.9267343848786469,-1.388298179836156,4.566599635526769
0.2529011599960912,11.220196353436185,False,3.46584391005178,4.917207481940755,0.17925920726509226,2.2338681652430026
0.39405744154873656,10.047219848795224,False,-0.7631083157363161,0.006437223077160326,-2.0596222502752393,-1.2737160452659269
0.3547771612793238,11.228160328879753,False,-7.4233125826098085,-1.3654735360165926,-1.457143243923087,-6.611300126211783
0.10628314270663516,10.80332409972299,False,0.6628932251829589,1.1245737422651336,1.0342070794417735,0.1865429110646577
0.2522068918374054,14.306868696965541,False,4.230860911871059,-0.12479266479472617,-0.828822366663251,5.349036627309545
0.27188550915200144,15.295634395630023,False,3.0281985929101696,0.4064037545838728,-0.2820357238725868,4.375090875536869
0.029860348941988336,13.421017827299092,False,3.2903601106026414,3.4569501495394617,1.0492203126464483,1.404042943628947
0.38550981712075394,17.762803234501348,False,-2.079897010902354,-0.30977189524077353,-3.1247492270914945,-1.310987971347477
0.10365176154178535,15.671694216817716,False,-2.724228806329465,,-1.623106093199167,-4.588854491813943
0.06698288809452987,16.87532192991598,False,1.0506539034784046,,-5.689966450110562,-4.146756611078328
0.08564929835263192,10.306750338501725,False,-2.7005231948389663,3.051769183146158,0.364514472951627,-7.533419620577153
0.30317117941410626,11.821475116256233,False,-9.379521439452375,-1.3377077996654219,4.773563857474317,-7.58873583822769
0.2287275784122626,12.02830685207774,False,-12.348640922791166,0.6758659110254195,-2.5700899386199128,-12.73364686936792
0.4721147123253536,13.255815727766171,False,-25.95163716302209,-1.6545181071387138,-1.4084471727988102,-24.882626417370524
0.19727517656240157,8.179425234855502,True,-7.979895178659202,-1.2851390532285567,-1.8691608776472246,-6.408548670188408
0.39331591002576693,18.06219946139759,False,7.000884532774365,3.5492413386848387,-1.5011494749064713,2.309468862863384
0.1028595247128946,11.377239764161855,False,3.772557554266176,-0.1995977588157838,4.975124378109452,-3.582088033951336
0.15280221795434412,7.962961550112125,False,14.888517549513725,5.675324256718439,5.872046158840516,6.397899342140234
0.5695651804957644,13.71527416746548,False,7.707988055956383,0.7980929033102102,3.4129693721463905,7.764510529410984
0.7245281415662412,15.905241884731595,False,4.9742827047679405,-0.8342331547100734,2.457628411761781,5.7627144506422034
0.7380189341796807,16.820082405122257,False,3.8323003794768384,1.58412956139804,1.655629097246858,2.5662238375878887
0.8293516772649442,18.52458891321401,False,1.7045893061269135,-0.9053095179838433,-2.475247587078022,2.062706322565022
0.07310335786188289,14.140651262806852,False,6.906410426796872,7.376505701224456,-1.6648169453291617,0.9618964931315643
0.13459273036465177,12.131606841678881,False,-5.702258507324965,0.8941307448770086,1.972767647806184,-5.862741279510997
0.15445347096641532,12.456145072052314,False,-6.1387423148624,1.588085959032881,-1.127175228692856,-7.135713409404443
0.3183463561787485,12.778121906009257,False,3.88961453887422,0.6297284174423989,-2.1111074120107376,3.6666638923413597
0.33588448873952476,11.138592626383202,False,3.044532493338803,-0.4271972601424645,-2.021183454409259,3.221530271995676
0.10848107915817481,9.854287918853204,True,-14.766655849217225,-0.611966168776501,0.16119708926924936,-14.024720713334016
0.044640681448552405,24.25061724988483,False,3.1974070820934397,0.8043892686102394,3.0687356361771556,-0.9404239796446223
0.3505302426597317,24.804881026105182,False,4.938719547745274,0.9950233943658349,0.9251486627375183,-4.769916230841808
0.4456581353984894,26.217546179335848,False,-5.569678947471202,-0.2951007577644438,-4.940275383996829,-4.784205058777157
0.4227959010389337,27.274872519774068,True,-6.899422726404525,1.9611516998122358,-9.401016297473841,-8.267807702272645
0.196686935304392,10.123476058707919,True,-3.666503419666234,-1.0939285456340264,-2.032336780433197,-2.2491215755726213
0.16508502553479654,14.563883242569428,False,2.8505828160747537,0.27294496527254797,-3.100647537321277,-4.81076808680263
0.49511180416208334,16.429049009300417,False,-7.030897307686468,0.38912145762310946,-4.863676608544476,-7.590198227933076
0.4451434729729876,11.067237161903016,False,-3.869128211663131,-0.7098976834079229,-0.05860597643079224,-3.5377496696869404
0.10841335717826536,10.204834497275472,False,3.118856932348524,1.3263527119686591,-2.2146293748573798,-0.4967388858124644
0.13269853425912537,11.247837853390381,False,1.2269674159531618,-0.8424084085637662,-0.6869586447010856,2.4347826086956514
0.5811037874250737,23.709570172750148,False,2.933609168546192,-5.164687204962625,2.03630200433893,7.481190620579503
0.5021825194083824,26.099582529661568,False,0.24566092845226262,0.3282343469375171,-5.062114328577916,-9.047621574954723
0.7000890371638187,27.157461716353527,False,-1.1893485326912145,-2.4509367484694233,0.9426057933665799,-4.294093058670012
0.6653738575631087,27.026523273955718,False,7.196546496334499,-2.216597174419832,-4.970069980170388,13.123631015671823
0.08653753113770452,14.4559902200489,False,2.1187163414633448,-0.8204242931861838,2.963453527304827,2.631227613683551
0.11422565538625877,14.4559902200489,False,1.320178308472797,-0.7459776100570359,2.7523543345322254,2.4737979539662724
0.5156946254955561,18.257109049076792,False,5.9350943420067415,2.7802919166912687,-3.098440150558046,-3.761530140196523
0.02830929389386675,7.710984070177024,False,-0.5263537385535977,0.3100439829836432,-3.0994838650984735,11.851637469001574
0.08525339180811317,11.677821612435627,False,17.9201138025201,-0.3158655515219544,4.016493649816422,16.744170015834058
0.3109426875156386,12.226499418035322,False,17.18756677460007,1.2420059585593224,2.328721333956474,15.271768688503972
0.23035524768083043,22.770908387165047,False,-3.5980370626495173,-1.8305615709765966,2.691563110522699,-1.800433536095658
0.4704954645509842,22.770908387165047,False,1.0527957857705106,-0.5741463787770185,-1.0974669594751463,1.6966303900268542
0.27436825257119435,14.902330187834634,False,3.918905246310067,0.324286139951635,4.693754485976154,3.515898184444932
0.2569410265885121,14.912280701754385,False,1.2423278004167981,0.608070757324497,2.4441405325976717,1.4933194223168522
0.40475886733035643,13.344887348353554,False,5.848574827426289,1.1177489551628117,-3.4417928983862867,4.929055718081776
0.4089542752910539,12.174902011020016,True,4.045362309071487,1.6383188446255526,-7.2003152115530655,6.131518422338167
0.043521280459675994,8.706006880127019,False,-4.820958746144233,-1.313754066397299,2.212581665504443,-3.171539266376111
0.03626526607296816,8.820572880275293,False,0.7149856546293298,2.2890008084751168,-1.1602073415051484,-1.8270507547777148
0.16008883996271334,11.087666839766774,False,6.3039570830065506,1.8375066669944484,1.5744141963367486,2.6177699021096235
0.2681186899704249,14.79779411764706,False,2.5143903286303004,-1.808360159984379,2.2881012458259464,3.419853236319792
0.3869888525348264,15.450564231913408,False,2.14645330388763,1.946791944073878,-0.2034967868505433,1.047402411334275
0.5759836142847115,17.604881481630972,False,3.0814211780820777,0.23360470658384536,-0.7308247009252034,3.041203462085962
0.7687910259573897,18.258772561498184,False,2.2633627418489066,-3.077053520175088,0.19242039518190257,8.526761805659945
0.0467044320059529,8.521739130434783,False,4.74366871484968,1.059917802292909,1.6526807324903636,3.5491597114495788
0.144784578725121,9.931506849315069,False,3.1294683408194635,-0.19934573706807956,1.3853883147084467,3.96831956769923
0.25931713737963474,10.830456804891442,False,2.1001602249559825,0.23835394073976612,-0.6961992751163604,1.0747959512421135
0.03378898131189475,6.6044762623514375,True,4.1314097333715605,0.3314464226724878,-2.891492884385616,30.528078856735142
0.2968618696945551,12.298136645962733,False,1.2185409327585717,-1.1155403108680129,-0.8050665248036437,-2.2585812494652857
0.03220923165004423,7.150444617638222,False,3.7640285090473347,-0.398843217556033,1.0357941391951453,5.635158797288087
0.11715451381638192,9.009622993963488,False,1.6863035565693352,-1.513242581751617,3.326577009205267,7.849027265712327
0.3445848465998933,10.016505441904485,False,4.96246977776138,0.06268405593852222,2.128400959041521,8.208158381042473
0.43930763807743756,11.113135777878117,False,3.683290423122121,1.1330227598058462,0.3772671245754644,6.311830353869929
0.05372782396182803,14.131917105596584,False,-1.4203073175787617,0.23954302561268737,-0.4693500980879728,-1.4529928920755997
0.09902404193506356,9.740837130390505,False,-4.260828181050069,0.666771559920587,-3.407468849580808,-9.074525214441753
0.4878083979472715,12.619755419463521,False,-12.015281476082274,-0.829701203842681,-0.947194477271629,-11.317886521794318
0.1219013079156914,9.964028776978417,False,5.469744991003589,2.6096821628964983,4.371808564913393,5.243471005909295
0.3184449367148786,11.710137954287323,False,5.2031224205855375,0.7386408125590771,3.68292672598729,4.8159205964500185
0.41458402005657413,12.66878336415338,False,-0.31698386751563,1.4848301321625401,0.030148335027080364,-1.639511420337847
0.569815250080347,14.515027322404372,False,-3.2385871509087005,-0.0625288856265005,-0.14078030157017585,-3.1773895558377174
0.6365105309704597,15.770982114307824,False,-0.373622353205183,-1.8884310740216792,1.8944918951440348,-2.1301077782471034
0.09464470831822908,17.9924582510325,False,3.5404768222096594,0.3154455769277309,-0.2938819129040926,7.614213197969533
0.08322248417869516,14.824952259707194,False,5.703183636242737,0.7058912946407592,0.6579363573100627,14.923767950907818
0.26578181725301037,15.630517023959648,False,4.703468784701981,2.6707571850708822,-1.7659639474488231,10.79132294531011
0.5021812763727171,18.651589762295583,False,-0.14061251889980753,-0.7939208450422175,-2.866377995974878,10.038421662499243
0.4309370531017171,19.554676149362553,False,5.490008061280127,,4.410766733948912,28.364621616205675
0.11618609968383778,15.777651329960946,False,-5.686437874541051,,1.3662551097163966,-3.7727043493307133
0.2273690829649661,15.777651329960946,False,-4.913126193807738,,-0.24235634527556282,-4.756138114734809
0.20647699331554,15.777651329960946,False,-6.236886020645072,,-1.0568271030859333,-4.166030202164805
0.20161229247571705,15.745961935255636,False,5.036638814320726,,0.5863729503154946,7.586127348299021
0.5883929682190814,18.70921492149452,False,1.3424522710970832,,0.4769285730035877,4.983902132417106
0.5351754732579207,16.904085978999106,False,2.727103679344567,,-1.257865962684912,3.3701154583499537
0.11622090284376102,16.727716727716725,False,-3.6927678813464593,,-2.877157780531514,-0.8381300978746231
0.029096400122294412,10.521290376092944,False,15.274753635013226,,-3.8139800166694826,5.387376614564321
0.20765390484997265,24.331986276726987,True,-12.663402400242585,,-5.845079971274913,-11.383605779491802
0.0461198855935513,15.990230968267822,False,1.1571966180224713,,-0.966754549518889,-0.8016962620968293
0.2987867677177289,10.918970102122309,False,1.6410024204757567,-0.39919382437684225,-1.5002498848648238,3.2218335124325037
0.16493793793650308,7.296332963801381,False,2.64255609355204,-0.23027391241585704,-0.7602825996937179,3.0635044971573766
0.18488249286929664,8.626560726447218,False,6.2338722139632985,1.1062770768273777,5.02456444642696,-2.4787887615715376
0.28047947073463636,9.917717676905365,False,4.060532704241981,0.8743235068105593,2.865961096458336,-3.41710746116185
0.3595846985107177,10.91703056768559,False,-5.364006110051989,0.21942865107233978,-0.043829028799546865,-4.536487287486057
0.41739610991142106,11.400651465798045,False,-7.022972404422855,1.6200232578736928,-3.8273441821241594,-8.505209293609251
0.1275091382362269,7.68361581920904,False,-2.8585884138628725,0.7392416448829486,-1.7245222535227644,-3.2474804031354942
0.27538264849894345,8.776241050426197,True,-4.452726944672625,0.5468396686875376,-2.5988431971287307,-4.486892986922131
0.29613430579032807,8.020111723497948,True,-1.8456738013513774,-3.346035515189938,-0.26572907635808996,-0.04429418619884551
0.14745138047607906,10.204857543341097,False,-5.584082544574331,-0.1736498751710558,-6.521336495145224,-6.859612644902569
0.18394644190443532,8.209723454312005,False,3.604094895863974,0.22327347317530055,1.136369965532169,7.61019509917531
0.22763962978965807,8.823025342294079,False,2.9118583170725465,0.3207344624463371,2.9151103533567424,6.7678168870320965
0.3031750191420059,9.64346142495225,False,1.9858284480874566,-1.2408288631650666,7.305391310013909,11.428569340114425
0.24078529831289136,7.820516298299501,False,-6.748306272900084,3.2019355623502888,-2.996561895940719,-8.962200990657221
0.1599165790843199,8.560424577605902,False,-1.2638248498354487,0.7993191085261975,-2.6549981337755324,-2.2611232676878146
0.077322360201932,10.220031388752162,False,-9.203608362039517,-1.033268553640898,-3.9850764488106316,-8.940302151352608
0.16327756316189673,12.784336555033995,False,7.292847405630232,0.011321375648787324,2.73754851038972,8.000704135697688
0.19116457611984736,13.273712661718285,False,7.824896773022494,1.5438348250794265,1.2506403358407914,5.876304107528951
0.42588876896894623,16.240473140810224,True,7.843508958172718,-2.603830972150256,-0.5329270338729875,7.460884041284821
0.3681077029234854,12.126537785588752,False,5.098409534052073,1.7758308632584097,0.12094198717944593,6.167935894946974
0.5355051521018981,14.383561643835616,False,2.3989640836911352,-0.327131465957875,0.5807044259714012,2.0153693924797267
0.59052495915056,14.821124361158432,True,1.8756303660572904,0.9094201552660497,-2.4290789020639303,-0.8153537783995635
0.713389881565383,15.340328366260557,False,1.254652043537141,-0.783915040804628,2.0546739827318916,1.6980810978823868
0.05094340674508803,19.53156310198073,False,2.008023305503759,8.406877865191365,-3.6107664924991623,-4.074332198720043
0.3052943172879162,22.55639097744361,True,-8.124416977611926,1.3257037766992275,-10.603102847461987,-9.788071661738783
0.07370019501996977,20.559296343156575,False,1.862779127617742,0.17046248891203764,-3.9716711312820174,7.430132107210197
0.06340032246570126,21.657250470809792,False,6.517748649137789,1.9180835140206964,5.330910192336824,20.127214902317125
0.2629556841839446,22.09737827715356,False,18.240259377270963,-0.19937764361710464,3.501077826507104,18.746747937263052
0.19479593817793425,23.05985055855589,False,16.7794231476339,2.3218596666736646,-2.195334009563832,21.250543399507315
0.5446463666053774,24.94767987298838,False,13.91408405041259,-1.8115742999658457,0.3666427030913022,11.93386053199137
0.6330404865288245,19.530985028344396,False,7.977964723598463,1.0982685294396388,5.536116570004324,5.718257201744725
0.7638678295674003,20.683891303309615,False,6.430928598803609,1.217965761241091,0.5540686481664059,4.169601352303132
0.8433302288459972,22.932714617169374,False,3.4133277925915806,1.4325126109591357,-1.7754186876544287,4.122815045300632
0.0621280840564994,21.409756097560976,False,14.39873801723095,6.297779395704417,3.9321475927026617,16.876228796122717
0.6228666522326209,27.02359922090864,False,6.227029458406208,1.6388366632660967,0.84847407933899,13.277953000755183
0.03424433939774583,10.945491743387404,False,2.57111389616802,10.075576316888846,-1.9140083217753068,-6.352288488210823
0.5134710930552904,16.26820555097554,False,-10.751272491622665,-4.29823949775715,2.0000000000000018,-6.742857142857139
0.3218832445337735,21.100091256913494,False,13.588950407767397,,4.467045808084813,11.985842597597895
0.6546243734039123,24.957117371300587,False,8.036148699781043,,3.979237486885334,9.169548974080733
0.02945739758222308,11.225053975402965,False,13.197306392103547,,-1.8644422615501144,1.0201750728973336
0.288668448537313,19.39207198156311,False,2.7835074437269736,,12.299360330577302,-2.0591919691379412
0.33775660581291367,20.613867053677517,False,10.681904830615219,,1.8735794526114846,-6.7679808121311025
0.7084290468065242,23.746084499282436,False,6.314897894307525,,4.114195809085408,-11.739671810764406
0.28500682829572893,19.064560493594023,False,-1.1480914700629286,,-3.4519251280024865,-2.1998877806652106
0.157228972921798,24.157631611314006,False,-8.584616596003347,6.6431317563835135,-3.4413450671587853,-2.6280933613459845
0.5261440833669148,24.157631611314006,False,2.6890821144803345,-2.176879316497682,-12.488436889154386,2.8466887798275886
0.37694096687311746,25.875503969000995,False,6.939590205492019,-3.632376374281432,11.944190024471201,16.156615661566164
0.3640156550543861,24.024094424573303,False,11.24533776599488,-1.0387574745939432,6.800307791701865,13.886331708877119
0.21328120933339012,20.598039987873744,False,4.064997199619658,5.830798977643226,2.759062305561555,1.0055441978811253
0.45423908830446674,23.701331908036593,False,0.03212370028247147,3.9651422532483105,-3.656641146692985,-0.6816632421441593
0.42173277267429304,28.98623965202122,False,-5.454383936110718,-2.5971062120589528,-5.600259971969623,-3.087863900790311
0.45361780896108833,20.962010186872007,False,9.302264402075,-0.497512437810943,6.8830227955142265,3.7356578756654324
0.3397977862581779,16.77598356293199,False,0.8132368132295342,8.591657099119798,-3.8056732043320163,-6.4168038663533045
0.7755612285414009,19.20264424731553,False,-6.87970270481294,-2.9171302593584914,-0.6054468153152581,-2.5594005172842937
0.13011296710265102,8.65496116187255,False,0.18810688403614328,-2.53583342658652,2.1891678094370315,-3.297946206229896
0.11957735388210579,9.13047822872239,True,-6.099657048913687,0.4284924604320617,-2.77892702975554,-5.756693152581727
0.1128782640360311,17.05223576939521,False,16.049109206087884,1.334123882202043,6.601329756797636,20.21696222042766
0.21621717591955344,19.737633311017195,False,12.2920701169684,1.7897604317717253,-0.35073457665562024,12.005522923769352
0.11852018096848319,7.539933873659297,False,-7.155231400548034,1.2645603033724528,-2.3720015358220436,-8.503396268966412
0.17273480852268971,24.073784317663364,False,2.3844688968081673,2.1657782973622863,-1.663302643767961,-0.2093403835794594
0.07945191233771545,14.190885973112536,False,3.797253050984395,0.9199019149267906,-1.6068494229246832,-1.0589929390818487
0.28972343876092416,13.673232908458866,False,-1.9272149581250675,-0.6762234935367983,2.1310029453238677,-0.9490567003275108
0.19746196840090802,20.08797653958944,False,4.587031935037067,0.23927106300882794,0.7570171767442568,0.509535576590725
0.301810170574108,12.386931077078906,False,9.167946016006967,1.4234870681423928,-1.5646523660382439,7.507729608515512
0.44200351219257167,14.195956603720974,False,5.845536559477882,-2.314464979132902,-0.9818681992163292,13.451594329263683
0.302479193204118,14.642881752662296,False,5.29422183910806,-2.4993545148071505,1.7650607591745526,11.456339949893636
0.11186974044210556,17.793818077358967,False,6.846561311245147,,1.112006995219339,2.7735834429736483
0.5872147144353611,22.032543272195152,False,2.557379334183074,,-0.6102855826743636,2.8670400931957385
0.6940612741119262,21.93495388326739,True,3.13908844409847,,-1.7699161290674836,5.287370845549733
0.07579381816585185,13.618255628543393,False,5.398289807775347,,-1.0149340292880948,11.20486885149341
0.08987784020980337,7.911733046286329,False,1.844639176818097,,-0.8896021214328753,-1.8997830210008004
0.09477322246048844,9.375,False,-8.98526692955376,,1.008925046817044,-9.014519810048682
0.0797545474952448,7.681343212494461,False,10.754501222305436,,1.731935991686795,8.955526589229134
0.4062023935928525,10.31641397495056,False,0.36501896673932777,,3.6501756907516114,14.66091905482967
0.11276195253799443,11.103767349636485,False,-0.8269908734473197,,-2.192026213432785,-1.2272725451945354
0.13390851391901873,14.009179790451407,False,3.9941907090673245,,-6.098458985699806,0.3673769122535475
0.7074666877524703,16.11165167058556,False,-1.3862737001430814,13.51011930638073,-4.612103630514708,-12.975278108016308
0.09453054915090561,12.439111411878216,False,18.692982810539927,3.7727348730191235,7.008301135297357,14.517193485873792
0.35843939290468985,16.446253059250296,False,13.668266478015912,4.91277574614406,1.7603344747348926,9.501398164574804
0.627788008769865,20.904868226100092,False,2.228242189848717,3.5047893112104544,-4.218440836046944,2.649621191355922
0.867450458416406,24.148591312221395,True,-1.964179035173308,-3.8980432163107093,-1.9081620377852881,6.195372764163776
0.17066867906396982,17.177914110429448,False,10.34805274099213,,3.03471334822103,18.873418656953824
0.25065156428310853,13.930897515494623,False,2.1117779251874413,,0.9728379288731936,3.3354421243288135
0.22422509913275537,13.930897515494623,False,6.658189905800227,,0.6442036829030329,7.284438417214445
0.33565915323502077,15.759553666756457,False,-12.112959639185616,,-1.0508054949119439,-3.1293274348657474
0.6303877139159856,20.071152113137362,False,-2.9296994750096728,,0.2804023028915248,-0.6776549436478652
0.07106787866885683,25.43957064286335,False,7.156525066972841,,9.425287356321842,17.48275581447556
0.06866687462204293,25.289918697604485,False,15.335456321140772,,-1.49159792090664,25.399164792870277
0.3460457840943222,14.343044255478581,False,13.448806724982765,,11.443000899564604,23.979807299739875
0.6624011789534114,19.222225613064236,False,10.959096795752178,,4.364043320885802,27.371912565892444
0.6579068955317733,20.730548465382203,False,8.887213253035231,,-1.3948574517554602,15.799767444191959
0.8423978552806414,25.967414248943566,False,1.693676394726773,,-4.165098290255321,15.22587116413403
0.17596240194999024,13.754449356716163,False,4.357547695469921,,-0.525395556512509,-0.512889228906277
0.5123010981851625,19.793968553047677,True,-6.379313972675815,,-3.3549468431585905,-4.315287616950114
0.2713549129481785,16.868489931231604,False,-5.738443503110757,,-3.445236237830651,-5.469634184292715
0.03568570126870726,16.723320926448075,False,17.782936287397554,,-3.1033801164386143,3.421135223417804
0.6709514813742423,27.90937307637566,False,0.3076422948115276,,-3.3681608450805034,1.3999499969470586
0.6422973483709917,20.4455073783934,False,-4.998255424074838,,1.3937428075117442,-2.0177336523809486
0.15360448561356213,19.144937200604062,False,-10.291161811934202,0.904918636310792,-2.7848115313039434,-11.668587389420292
0.37742503602885435,21.55879175424476,True,-12.90130550782067,-1.4725796524648116,-4.117508280267024,-11.14966066400549
0.03441309282906266,12.837411523211223,False,8.518894202128525,4.976734450723752,3.773002390481217,5.920241654284886
0.20563887153047755,15.515667205962172,False,4.860540931522372,2.7415345820591908,4.154302670623156,-0.9198831167702148
0.613846542686938,19.08508090625822,False,-3.7736776225587465,0.43024434228489117,0.14434180392897122,-4.185912313939899
0.6874272700607789,20.7250865303612,False,-1.0372044893131038,-0.29867441796871397,-0.42735042735042583,-0.7407424796340822
0.7681557406439683,21.28684188901047,False,-0.7231382262859798,-0.8641564958509096,1.251776357463541,0.14224751066855834
0.19859444534053938,13.132883066349407,False,19.260261074558073,-0.08971535763803162,8.556368848854955,6.5490646783297635
0.16454608445444957,12.027158098933075,False,16.584547238047143,0.8578875706976907,9.367593757719872,6.284582567780395
0.28958078999838416,12.027158098933075,False,13.66993633668816,0.10493928520241003,6.890491632655316,9.03767107089597
0.343173892071047,13.783269961977188,False,10.64450076879151,1.696834380556811,4.0343620846069905,6.313034413840235
0.5517599218245874,17.99276672694394,False,5.2423280368613545,-0.011693394324707729,1.9515698078264032,1.517882726478037
0.31348044090331173,15.613868377313741,False,-5.421508617820647,-0.061930983435709575,0.9509319353519619,-5.020919457852713
0.1997312613701612,11.208994900275314,True,-5.472636815920396,-0.8542240522036004,-1.0078053968584855,-4.2593693428745745
0.21956556560001556,11.208994900275314,False,-6.604362279937681,0.4736102382548957,0.6217008042313399,-5.783719366140461
0.047573537716066115,16.738516924642703,False,-8.568121130513696,0.13253220907549768,-3.566190957410942,-8.383744890418365
0.05752899172807418,13.626951596034212,False,-4.191721855341024,1.1201751215718758,-1.533514944324399,-4.670770091452702
0.2829587416534448,12.22424737208007,False,6.116858163335825,3.605739922255058,1.0221611436912248,4.865237842634418
0.32753094673027805,15.255190808698618,False,1.5069755252851147,-0.2231595856387214,-1.5033741087171482,5.918522344025723
0.04302978720927464,11.092838240666122,False,0.17529532972762052,0.393493655552124,-1.3043500375056638,-1.3224615566972409
0.08509482002064722,7.109004739336493,False,2.0489986413951167,0.8857745699572872,-0.6547174134109546,-7.918938081522797
0.04875108296417349,9.250694150242099,False,-5.452691677102928,-5.191890798513798,-8.348738630298536,-5.06777938931563
0.04209272149205773,10.145384270066012,False,6.144284267611644,0.17133151048176476,-2.0907541807001717,4.243450961887385
0.04531929020718077,9.0231461878569,False,3.719928255111382,1.1122985408499764,0.6612882107455809,3.7693428012497865
0.0831246933463056,9.53185797047708,False,-1.0150806435960558,0.9258001280981532,0.3078533208340284,-1.8727521861406249
0.06500188469099935,13.240700572357373,False,-3.2535313112433406,-1.3957691949737727,-7.611166037842542,-1.985523496073549
0.06420609912573153,14.013268440882609,False,14.934776137725558,9.726515004230407,1.8633504492128639,5.954842167585106
0.6194471812095191,18.928956759278318,False,7.748172924545149,8.516346569007549,-8.458211690937123,0.027074087794964896
0.8850006185249972,25.64309295572099,False,3.2749714437018573,-5.286684220024728,-4.26676018533767,3.800647664212531
0.02187608849732897,31.26262831768204,False,8.942621287791951,1.6092615114426279,8.056195763185325,8.127336510606042
0.26681398746053875,18.18909888044919,False,-2.365457948037697,2.2816349907921474,-2.4862229737997343,-3.5662066977585116
0.3770069132796754,20.100613503965203,False,-1.5320254838683711,-2.2773221650272846,-3.060415085933077,-0.033877785767222335
0.08542624175751624,18.544447157118068,False,-7.368496098099586,2.4653136742419868,-0.5987333619386637,-9.229553895207488
0.22234665999738717,10.214322645971675,False,-3.952839734748914,3.7676477977293343,1.2084608373241101,-4.387227625700296
0.5107591551663593,13.81510098775228,False,-2.18179933665007,-0.7566334991708001,-2.519686641342689,-0.9186351706036766
0.13142946621159568,9.74728957782965,False,-7.044253855811156,-2.0487532541428988,-0.7460665824783552,-5.795363897533123
0.06609914232764244,14.652635005482455,False,0.38229732641617,1.7089971605787069,5.258098092978214,-1.3179621498250582
0.3298826164564873,18.39775018455108,False,-6.118900389552239,-0.2972256303788612,2.6922096542153273,-5.8264132631213545
0.49318633405942236,19.49960869307366,False,-9.283343680239009,0.8197033994452152,-1.6331329502594638,-10.020905377648448
0.04493903993475065,9.526490686547476,False,3.723215609760855,0.25969708950353,-0.3365535634655248,-2.1876281194820324
0.5263532220582269,18.092487313154805,True,-6.105311592327367,,-4.524499195109866,-5.907780979827093
0.15320112263204544,15.941594909664444,False,-14.240789580551183,,-5.937027823978635,-15.052477423397681
0.08477915703990431,13.99739840613387,False,4.950406273584096,,1.5307041636684504,-1.6140318753426586
0.42842160034946564,14.699313046441448,False,4.524627654669167,,1.0704233203933766,-5.546376696709377
0.11325037060396997,18.627453241442346,True,2.06727696482103,,-6.849314983020038,2.6824769890537947
0.7891061421701125,20.67656424966475,False,2.9474643890196495,,-0.6776577857427357,-8.070363188225294
0.6744573491329222,24.581557648373813,True,-8.759457486759159,,-8.564378769834057,-6.782776613841013
0.1908771798437538,15.078281018917366,False,-4.636375638755286,,0.9588999290988776,-3.732874622083693
0.2399332956919757,16.07803220841546,False,-5.568020817050867,,3.1304347826087042,-1.8608716881793441
0.09881601190750156,17.08208539019346,False,-8.929926809041222,,0.5427429341141154,-6.58073090223753
0.21734388769537322,18.0623973727422,False,-8.960940419898655,,-2.0573376403088095,-6.037097435576522
0.06635506112229474,8.848005553316913,False,18.52694851271024,,5.93430934973429,20.006861940607568
0.4955210146323597,14.713112252657542,False,10.900420931013489,,-2.7361752503995307,15.923256183373269
0.18574364804941526,11.76673301625098,False,19.43389359474026,,12.429648618489564,11.947255969795489
0.8241235048252642,24.46085762238045,False,7.321591776278336,,0.8336909143596083,4.959033979394745
0.939815818148897,28.535493104545314,False,-1.4986486540905175,,1.5380209888291807,1.8255012195187215
0.046912906619181974,9.28139412378346,False,-5.488711494291232,1.280036621259284,1.2355729084645217,-6.677639651392308
0.18652559850656603,11.00418265835715,False,-8.128819979909851,-0.10146601059384253,-0.5324793854379561,-8.046387615947125
0.15742160833826724,14.00225008240598,False,4.919300700994067,-1.4768546113182346,3.2589089093885804,0.49031658853240234
0.16928662033442626,8.414644804163027,False,1.2424066538459622,-0.026487764148297455,-1.959649164998989,1.833906511201655
0.19906717213093053,8.836292933999927,False,1.7692598208032706,2.05382887148966,0.21767739197959823,0.6059735232831986
0.283420620909619,9.760053377704583,False,0.738033473902977,-1.6106784328975166,2.4863116935692986,1.0751572921493535
0.021243517895201472,7.25259108757658,False,-3.036373814208171,-0.10909293853132995,-5.212452825125746,-3.7193934135979045
0.041924834159617126,5.764705882352941,False,0.013661014779065006,2.702175397522222,-1.9388029695044051,-1.5971073173671635
0.03762994783648682,8.165441386695163,False,-4.690989491736175,0.4866756606223932,2.6799460163877686,-5.317808862763562
0.18443612846951882,10.22964509394572,False,-5.344536884124951,1.0950813088350886,-1.8385636568198027,-6.568243947065322
0.9087359230367749,28.127378746583897,False,-12.471858917005974,,-0.6307868650607951,-8.791637425415988
0.1568625841477373,14.420615690202196,False,-4.991239564725191,,-1.4261719729576239,-5.1069580975976026
0.18399702025668352,14.420615690202196,False,-4.603801388797302,,-1.9662946498165135,-4.047027041202734
0.12371553521422368,12.968548400753239,False,-11.034069112750622,,-0.6895202396747013,-8.652740875754006
0.3167853551232571,17.952447082438905,True,-10.697500027726292,,-5.14666341145833,-9.413330078125004
0.025912656465419907,8.583015998728317,False,7.983173478184713,,-7.307349528933383,-7.363093610009974
0.043449067992393994,17.49275017821417,False,-11.635362113603254,,-3.742088023052481,-8.97931446600394
0.3286055526828466,11.811811811811811,True,-19.895019397506953,,-8.983801056694595,-22.91401943863278
0.0938367516724527,13.281137711862495,False,-4.111642989573072,,-1.0272967051944693,-4.410045164580834
0.044989516156186925,7.539088045132977,False,13.928591445260174,,0.15189258749535028,20.713084221682966
0.5188311112739339,13.452915056596893,False,6.641685365468364,,3.250614319573919,19.614674761458197
0.5438358967030386,14.188769455075079,False,1.0780767634623434,,6.056835253260018,16.6523958282649
0.11892110273217066,23.209875601309317,False,10.558319513543402,,-0.9661872249663306,2.1739074348078313
0.6599488579094708,25.419664718304734,False,7.37678317449697,,10.024445773007805,1.9559882816981178
0.5620271143823184,26.303317963960517,False,6.10454643002758,,5.188671861012595,-1.4150996868529497
0.44261957458316104,28.50574624949488,False,6.1359902233177,,1.555557250976558,3.111114501953116
0.8095458711980525,26.125559414331505,True,-8.416068535012966,,-0.8043758063503548,-6.595879157312757
0.7113256702364505,21.589525333876033,False,-9.859957636393258,,-5.288758655825965,4.802425358900386
0.2041612822369515,23.35345416777941,False,54.21303894770739,,15.712710678307552,19.785356622231486
0.3974297049289352,19.620256021400934,False,46.87158364594104,,15.727391245135136,16.304055457996625
0.7863781165408948,23.433819354743232,False,39.90335933496036,,15.730335473342038,9.712857587394907
0.9390332818689929,27.066168187481566,False,33.26625402692649,,15.71938342516277,-0.7372118055130272
0.10133025978829484,24.468600711966225,False,4.621811654079155,,-1.5359549189263633,1.3032290963118198
0.6055805428236647,28.279812953837435,False,0.9174375103391474,,0.41880015610260557,3.23406096894554
0.15265125832909915,21.024543852572407,False,17.581499808846,,3.5853859652275943,35.34819963553901
0.30298877291653536,21.024543852572407,False,16.83663274133671,,3.1144148288151374,37.50845952783675
0.3150347777153835,21.024543852572407,False,15.788776524350023,,0.9706553331406242,37.449210921676524
0.18387208461607185,21.024543852572407,False,14.505087162466879,,-0.2662501280170759,36.765031744003096
0.27150419931901365,21.024543852572407,False,13.823658317900446,,-2.4075257325091415,41.4313956858102
0.2672182818146429,21.4869612417708,False,12.981218740444223,,9.842970642464554,11.71964532520624
0.40510530599558403,26.35998347660849,False,5.78724300416813,,-2.9371125286242306,0.6219775461439703
0.38072126448321597,18.05555849899474,False,29.54514964260948,3.340860113762556,7.725952142341819,52.69679639937057
0.26650816371538577,9.82280408338353,False,-7.281777472760275,8.2031986277199,-1.7563073572490762,-7.7204507088051155
0.6733257353167843,15.791364710965613,False,-10.34038440889079,-3.0029707577221787,-7.182320441988955,-7.734806629834257
0.1867316550918741,20.459212918807747,False,3.031603150394324,-1.0175903623872884,-0.32068501229338686,9.375592245990227
0.19187601438696497,15.676673507630639,False,27.50361788304605,3.8867582202477324,28.008946226304012,28.59354467141868
0.3823865147204597,15.676673507630639,False,26.200344105706574,16.283997389542936,8.412582297000725,13.942938960200246
0.9515755463339726,27.768138042151325,False,16.373896614465178,-1.302964173746879,10.427652823658185,14.850618955313744
0.941407656955673,30.394205987821543,False,12.142996962586805,3.67440892241806,0.3492243903206793,4.808594733776861
0.9589817306247642,33.30218845899513,False,7.457900354465119,-0.19204727092059226,1.4170040485830038,5.317142296094812
0.04375900612954707,13.725902187769295,False,-9.951979632744479,-0.6337728621912175,-0.9172390307887412,-9.42541111376517
0.0455543280234624,20.022497187851517,True,-14.589037312208653,8.568518487427879,-15.998316951999293,-19.892925137168927
0.3042322398601752,20.562575777302055,False,-5.070509099666987,0.23363476538484917,-1.0398597582776503,-4.799360241530293
0.360418120510511,20.562575777302055,True,-1.7363545733666053,-0.8928865605745906,-3.370780095615189,-0.2675227481692355
0.09625485810769813,17.317708333333336,False,11.653771429888371,8.619207626787539,0.5981400519886382,4.650875856714309
0.5503272131611665,23.952095808383234,True,2.4696903999836373,4.8648970715285955,-6.164543708810111,0.057937427578225176
0.7730200098568853,27.66005823301899,True,-2.526551977844882,-5.6891423980441,-3.9513298105829153,2.806896700807471
0.3303006175703326,15.447155654016404,False,-3.9286376889352215,1.2180459312683967,-0.5266058649576633,-4.5454530075801465
0.16053185920223648,10.223543306399032,False,15.05809616805136,2.0085896025183514,7.532543378748002,-1.0384725017298702
0.4446757876704497,13.819738996557582,False,-5.422810921919363,12.442084913638208,-7.913393798438162,-14.60240304975967
0.8837377671835627,23.319750110128982,False,-18.86291613548343,-6.298445301027078,-1.659414037604201,-12.867251775079481
0.2055099013903941,16.965216174938966,False,2.414232064453836,1.4447587655716854,1.4353613603110382,-2.5275535286138795
0.12321430366527465,12.862115539971041,False,3.0306145407211105,1.4625561510253737,-5.329372749311223,2.653247518352786
0.02145910071014491,12.045063673462574,False,-0.713069131059707,1.722752749902301,-2.5954506911090913,-1.2011959919002724
0.2949520017692674,12.912914190665969,True,-2.48244049269547,-3.8910983243724107,0.5560498333869957,1.6236644953323331
0.04651597539235021,8.817828239554123,False,-2.425855277047495,2.6842561893470673,0.4230792705829378,-2.6923106266902086
0.03800941883430213,8.683522266540239,True,-11.69154034112686,-1.444268092470058,-3.519942096023665,-8.687510583981517
0.15410831693045127,9.055554425274885,False,-12.345679574674362,-0.6817734920233853,-2.600300003549705,-8.989599069225207
0.4281482742161418,9.978450249690015,False,-2.0844091056176017,0.8963752140295655,-0.5313496366713633,-2.9543026826524543
0.1764124939117075,16.53418326484465,True,-2.435362549891651,2.8245077050006673,-8.17829693934713,-4.37984614409217
0.04102130046009794,17.70731856183308,False,3.947618920541407,0.3817452153688228,-3.1522793870998655,3.2977706849649735
0.04299917104375203,11.079411656510224,False,4.565142330652838,1.2058068158898871,2.537591080377455,-8.646620719642616
0.26864414240794204,12.453186022206669,False,-5.0627027650732686,-1.9416056491579736,4.869977802249559,-7.51772761063092
0.20445942526644303,13.425925925925927,False,-10.862354892205628,2.5889059094537537,-0.49774031833285104,-12.44343891402715
0.10069926903785054,11.487303930549812,False,4.601988151891923,2.985078422584353,-3.0890405299670243,-2.3016371358431487
0.12229059201100798,9.656399737599454,False,-2.4427642546135386,3.0982473500059227,-1.8369672814592342,-4.994257807494162
0.3550491034310565,13.948716383713942,False,-4.987882664501997,5.268530706344099,-3.1143522610629693,-9.002433090024331
0.14968150765751204,19.06896656957166,False,12.299884483079193,0.01881787408630764,10.391059179323792,13.407821229050288
0.1396344875528147,19.06896656957166,False,19.846995870837226,2.4504421143529465,3.6944916150921436,16.980457475299726
0.47295319523256363,19.06896656957166,False,16.02750937597237,3.589702462977873,-1.116002088033874,11.565769454723052
0.7090720095371299,22.10421292498996,False,-0.03516289419682739,-1.1249738606871729,-1.2820471900198083,13.731448395793633
0.10224383402037927,11.31169403279564,False,-9.856832035738083,0.7926893265448598,-2.4975058165043085,-10.018496423999357
0.1933630195008205,14.124245646007783,False,-11.185454877424196,-0.395269238488305,-1.6165881727235765,-10.945507074081128
0.1983421016303966,11.774925978445305,False,-0.19454176459350325,0.4979465927515969,-1.7432802107803735,0.0
0.2993014958731041,12.330659237887406,False,-2.1545996098894515,1.1853315137963616,-2.865916642420796,-2.797678982481855
0.23534959348198917,11.715827713245067,False,6.76257883775111,2.7524004156264104,-0.4646231605855089,7.458429656926624
0.3846860843776604,13.610861171256916,False,3.3858297221347256,-0.8130332939112583,-0.14669951886936428,8.484110775080577
0.18656277198492216,14.071978415816865,False,2.833989646236734,-1.1412835071593297,2.775058454975343,8.496568982973418
0.09173529818064469,9.300366803879747,False,4.079854109011127,0.45005001139668543,0.28148374634215934,0.19780127170894168
0.03864661346343264,7.367655172154346,False,2.4608741567114345,2.8390092031138625,-1.8356469406155762,-1.6791181494905327
0.23688830583830386,12.55289327833139,False,5.85296567724678,3.221552981000131,2.6260292986594047,3.170275684857393
0.5962780246910964,17.04020941506172,False,1.4796234898615257,1.2532872276961315,-2.9101751488401995,3.2416302232648464
0.7274376806900149,18.016528925619834,True,0.2853517150816165,-3.6947497950587938,-0.5258155282871102,7.334054940809143
0.05132064583007527,12.016827040132814,False,13.354923795858209,1.1763504080396059,2.1105779109612977,12.292434161496102
0.31153570850693646,15.822488457493527,False,8.451821924838665,0.09125967794167966,3.24636453998588,10.817243194623893
0.2024397987236911,10.170551455605251,False,1.6237743234484014,-0.10153200381217697,-2.1161057920804027,9.19995134178313
0.2954467084545908,12.28448837398535,False,-1.5752397611567548,2.246278581253458,8.348233364662638,-5.98081884455115
0.4400572910605746,15.067688883340601,False,-4.698243181553751,3.2346931029104464,0.0513114964840522,-10.20523345947998
0.39829321391948,22.474505727318004,False,-15.852716118850008,,-2.183661454377006,-14.31078560815312
0.6051881225783085,28.006638983726244,False,-15.49028721098945,,-3.0549391627851974,-13.901346281131776
0.07620419511383719,14.340710708940307,False,23.204956956154852,,5.010898121250706,10.849676039901258
0.3856119608768869,23.996580190041083,False,9.316784480768291,,3.1955693488670445,14.316148348975787
0.6525692386435868,25.58527893160442,False,7.0317368030374805,,2.655599549503984,13.40248363769847
0.7321061759742507,26.68836207037637,False,4.157815978402368,,0.4042047031332485,10.509294604741104
0.01673114639914491,11.062269270742707,False,7.0471776631629846,,2.931598290895887,6.297498261244439
0.2946263205112609,12.818668549795989,False,7.1840147999502335,,-0.48916840533731465,4.821806270411044
0.48398176071671767,16.735256284720414,False,-10.836767592323271,,-4.195090691819237,-4.263300178490148
0.051255048581345,14.889386107558469,False,8.899637920577197,,5.074871306041917,14.059893247151267
0.14183755857435112,17.690612066678717,False,5.315449313179466,,0.13405317886392432,7.774799838089819
0.3328581201401532,20.228597450820633,False,2.0680789002477162,,-4.5821474888917635,3.9312603896016984
0.281372887095301,16.077451727552504,False,-14.467705453761726,,-9.541062801932366,-19.106281667515855
0.13915125592942917,25.113770414597266,False,1.0929411587196514,,1.5906612755830496,-2.1628418417865225
0.16567867929007635,26.743092216285746,True,-6.477297253244984,,-2.7993953210424083,-5.430825214206969
0.16857441442299498,14.959443632539335,True,-8.972187637474027,,-5.225314628301547,-8.848508229630614
0.4777693833196037,22.278841104717408,False,2.877609634638878,,-0.27384339340907893,0.2899427918323205
0.36318607298420497,23.13567820115707,False,-1.900060251258684,,-5.105894933518218,-3.581061945862729
0.04092852323495431,12.836987467145807,False,-9.46368460764424,,-0.7874598486498297,-9.651572197571866
0.2053754042041286,19.622669766231446,False,-12.810582524988313,,-1.3517458153789574,-12.709371174653283
0.3571918384896168,19.622669766231446,True,-16.43680331251167,,-4.475098419638101,-16.06803562077419
0.27818081641309983,17.102579340087026,True,-17.58068541092157,,-6.2948457597068685,-11.620681116032705
0.0366685940791009,12.634002188572921,False,5.9278254498747796,,-1.1265838959117591,-3.114233868314331
0.5030008968822378,18.79003667322342,False,1.4217217923671255,,-0.6420888721805351,-2.3879933222845318
0.13059643775705404,15.037834291096509,False,13.398952930223151,,7.345472635443007,11.947226857433346
0.4745469219317856,17.153393755576047,False,10.116498206528135,,5.013049994441809,6.786902353525215
0.7231224968868953,20.351101883402574,False,3.5724637995263153,,5.748016816966328,5.002682638945188
0.6804167767809152,21.565775549256443,False,1.0083406011512919,,3.2252458467958434,0.6231170820604426
0.81624537198037,23.219373219373217,False,-1.0077781443122547,,0.5140973336814847,-1.3614984905427119
0.9354109232859407,23.94316077992365,False,4.039968259550486,,-4.314563916792002,2.853455193113441
0.24677254423626915,24.27731297597165,False,-21.10874200426438,,-2.0188237597944414,-14.584463076823962
0.4757109056526268,17.29266548842818,False,15.317033650208689,,-2.2248947684906817,9.897773637158004
0.057220088963847254,17.17541835111606,False,-3.552187783602234,-0.49172848563053817,-1.9460196954152686,-3.446079047916595
0.12062312525796766,17.658959537572255,False,-8.61300293825309,0.30771000488885036,0.6778328838233039,-7.948551828540607
0.07575282156518455,17.728982157210634,False,10.231489000243531,2.324586096521153,4.237344576369817,9.240097156937455
0.03771155610279321,7.003057212844409,False,-7.274354615006895,-0.03596955006697211,-1.1403594612700352,-6.535796707564312
0.08931024989617703,7.867321494689274,False,-3.07934837558248,-0.5420237722182031,-2.048131048385049,-2.4513599737358227
0.06418025619146207,8.60873033231686,False,-3.2568163105806236,1.3911444439640874,-4.08189764239224,-3.9688839987904956
0.08246329833718638,8.66010870280976,False,3.17309052426038,-0.3860239273395072,-0.31420942214434033,1.2898937713760494
0.1813406422435741,9.374612389426073,False,2.366021975215027,-0.45244575834317846,-0.2621621527019058,0.6062612290738567
0.15934714244580697,9.11841676946272,False,3.305809926527692,2.12607552536197,-1.167644218014674,-7.117926585504552
0.19003572930581403,10.156525985054348,True,-5.139521904742573,0.5407743889249694,-2.810543739201299,-6.626073943740673
0.08719562935501415,7.462686567164178,False,1.9878614977679732,0.05721834951122329,-1.440607705217689,3.3003055514789104
0.047639698958327766,5.8407100724422625,False,1.1433207874667506,0.6837171792666519,1.344817670892695,0.848004182459805
0.22463048664358354,6.778361156787048,False,1.7010830152585532,0.19140772901908853,1.2865381515244412,1.878678516268928
0.03569663841196166,8.904656156181769,False,2.1014369292350787,0.661787725780183,-0.05679451533590063,-1.999168788603678
0.04435477771992598,7.599949363912814,False,-2.5565823048573577,0.4168819654852385,2.7513756878439155,-2.6213139121644136
0.06310144691657166,8.462635987109064,False,-2.8580360814167594,0.47116476968174226,-3.108478297880435,-2.9367040095694907
0.3034011164571313,11.166553002624672,False,3.0193076731815705,1.0623170006206717,-1.586190829376688,2.446165189790639
0.3148034553082965,12.711488357698075,False,6.967693438847555,2.1023718227768384,0.45392669131756325,8.910586567528744
0.568474447701685,13.808049535603715,True,4.437562995298294,0.2911170973691979,-1.2465488994857221,6.846791525944118
0.5792269401658022,12.273864496035317,False,3.4320655471886674,-0.8453135891981045,4.700430857686078,8.412597354655649
0.0866986882307442,6.326503419527288,False,-9.04212772937626,0.7586293660917232,-1.2703852667574123,-8.413922727227485
0.08464804673530088,8.011900221040708,False,1.30575146986196,-0.4167692777658827,0.18787911074835684,1.025281836686065
0.06932793892879278,6.918541028185289,False,2.1153610297921066,-0.23089269621878739,-2.244964844940811,0.7233176073408121
0.2282003224675947,12.760927402658348,False,0.7173687208059443,-0.06642403188515944,0.7349338559529572,5.850068708659961
0.15001339404737435,9.842790495360262,False,6.741406402756955,1.4925394350572496,-0.8210180797203259,3.5433411861613973
0.07832978225314227,7.972479304042442,False,1.2551874728992773,-0.6800858094846651,-0.4946324617816078,4.827340441447947
0.07398825416806354,8.559710520880822,False,4.908454589943401,0.681641927101051,1.8301523369774753,5.71583368238342
0.0793533863924602,6.773243584350021,False,1.1266782967001454,0.2057465649508039,1.2574398267254372,-0.36885106245376775
0.17081558713478825,7.338079658308278,False,-3.027522040404307,-0.9672585496346198,-0.9603423587614013,-2.5830012924556667
0.23120325265882313,6.854022749318372,False,8.225650272129315,2.507596246953181,0.969999903668306,6.625563139000201
0.48327744039716647,9.995130447311114,False,4.576019518080088,-0.4652463669025608,1.5303255049348818,4.102566089870785
0.08973703817629362,9.0681953653567,False,11.982670577499444,2.49261406056156,4.835249820668275,9.95927434283599
0.026143898145661787,7.387015172270978,False,-5.999678121224217,-0.3108978346124225,-1.3810495774486453,-6.238742817997589
0.1832081079715129,7.820895522388059,False,-0.33712326891659483,0.8925536148548519,-0.7124337854453322,-1.2187984541114694
0.33746346451608317,9.32581890266047,False,-1.9525361038388755,0.6244295682331202,-0.8364486992292752,-1.8542320791160694
0.09953066368225907,10.005290898443022,False,5.013581901675224,3.2292283609115957,-1.088627066199932,2.1324314388279975
0.12294521002103051,8.104327252802959,False,-2.4883245253022546,1.822984923514026,2.0063953545775615,0.5266803113347818
0.31864000633994183,9.825220000877808,False,-0.40434531462536505,2.005580637892024,-0.4040636394814001,-1.8305389963973018
0.5342124654298726,11.445378586791943,True,-3.3521618666329522,-0.29834759447984194,-2.88788901932745,-2.6386200830297746
0.2199756968544579,9.574468085106384,False,-0.30505114658813115,0.2723327270802711,-1.774240037050745,-0.6425579251581492
0.09667523653456876,6.204312296816425,False,-1.6387234996521949,1.8697956271663152,-1.7511520737327202,-3.8801820816532273
0.3490181091877379,8.023158694214477,False,-4.210221431843875,1.3222669723312652,-1.3853401247093111,-4.529707745501854
0.4520724245711626,18.945428980610586,False,-12.597242986864766,,-5.597871997473048,-0.39604284872404305
0.823966151318766,26.961324842814804,False,-0.5744725562163655,,-4.323811848958325,3.348574683779759
0.41837236716592785,25.955593426333984,False,0.8963400513314124,,0.7298390675608557,0.05897882600527371
0.47837366970032325,25.955593426333984,True,-2.583328438336663,,-6.775198165211438,-5.579785136603233
0.18150282546588734,16.41699199754306,False,-12.647697659735503,,0.5260721336598273,-11.649344667088235
0.2009308183050107,16.41699199754306,False,-13.72592806872065,,0.3367377060678356,-12.152211763236942
0.2819995059615252,21.53254761177524,False,-4.2834873282355135,,2.136608343070723,-5.983643991113629
0.32421530100991847,21.53254761177524,False,-8.877557423645943,,0.69618875967834,-7.606711603061822
0.03067758439635869,16.072960063623256,False,9.388676316479572,,3.1555118255183867,-3.4307280314856303
0.08417799930083311,14.866553663808277,False,32.01971542495523,,4.039045347856884,17.346760941301433
0.8207327134519564,26.003400322531355,False,7.811279586072617,,-2.6089451715238132,11.37084360496743
0.04077368991028148,11.215911420955505,False,2.6564908439145496,0.3389858172741178,0.4881612350129405,6.331859969929643
0.19159869733041857,12.173948318526632,False,3.2313616746497686,-0.21899750365852455,-0.09105889363680841,3.2697288091695587
0.276215921686547,12.771958098307817,False,3.7223215484824212,0.22410109003732082,0.40822553134998163,2.840654396791531
0.06381655256566196,9.227286365000136,False,4.916369870453163,2.199566479167303,0.3289319990765316,2.304920255161491
0.21868960189117526,11.62280701754386,False,2.1475936518067673,-0.9339268569433345,1.4317945083069272,2.8651332652023465
0.24712252227770898,12.532770113825753,False,0.28491403334529597,1.5014210498423441,-2.316061276428427,-0.8021413355209339
0.10442611841838818,11.091854419410744,False,-8.24611911197909,1.7443113720824188,-6.902753424352159,-10.16494507568787
0.059362602031289916,11.649085288004366,False,7.475383499170829,3.2540126747216513,0.9216356584333951,1.6815559436673455
0.21588403493512925,13.661202185792352,False,2.777006078442046,-0.30176983932793666,-0.27888107426448094,-0.28995206141994023
0.3473596357881408,14.503706643098068,False,1.7740955918267742,-0.6357078445007214,0.5826465928898239,-1.251906456532792
0.4261379906962902,10.514667046396022,False,1.899780303123988,1.233682457637264,0.42111484159812473,0.7249635924421627
0.24978350342018785,9.351023017902813,False,2.8902800575129506,-0.004453436144080669,0.41686708353374513,3.719737053070382
0.449496068499961,10.552050473186119,False,-0.7643172151858835,-0.9683443978843798,-0.3819223424570306,1.0343730108211435
0.09950042504748471,6.403395460417051,False,0.9163446469442782,1.6140922991611406,-2.8757460661964163,-0.5968529571351078
0.3458506892400306,8.41459010473095,False,-2.7793499098943575,-0.9646602667414017,-2.6020961329960235,-2.222623780267441
0.16155188042037882,10.122112319638633,False,10.705031456251968,0.9844548961431832,6.3855166940746555,14.273705346567844
0.3948888058134121,12.668038980867813,False,7.569144550241935,-0.9377012461425749,5.4354678457096295,13.734628787281
0.44935398179065134,13.65408402459122,False,6.354606131505447,1.1455101119796307,2.3510007486872375,8.823824118373436
0.6433304663608509,15.113332112630218,False,4.557210691335012,2.172466929674566,0.6420427364657533,6.453314244942643
0.2511122097603256,12.001667394927033,False,-4.655207758100122,0.8302926184416526,-1.9259481064667128,-4.8293586581366394
0.38435428897636115,12.937780919371288,False,-4.757219063436146,0.4413485000694717,-4.850439301233267,-5.071103138364763
0.03490352264534778,13.057350983076404,False,-5.526035285240272,-1.11672364483979,-3.3692466952831013,-5.440706140264573
0.1144098131042721,8.597604224723913,False,4.7465541351721985,3.7369840358074224,-1.7023971235595514,5.568937305527943
0.44115252021265994,11.403543733093993,False,1.5309656145373163,-1.5077857199922273,2.30747071490065,11.549366162379604
0.09886656906345735,12.328608419496703,False,9.546832452361853,-0.71705991392923,-0.30826601631090966,14.090614358755115
0.24634444706242886,10.766990068391511,True,-7.492938803551286,0.3204834664302991,-3.7295185866960567,-7.149216554731841
0.23732456279741276,14.084229950339742,False,10.310350735457163,1.0422957522013165,10.237830121138236,10.393654693128894
0.2651227561933796,15.113510222552872,False,8.988820732673153,4.453640341360443,3.9842817926596386,6.763401734032426
0.537604684415369,18.70702606208836,False,6.311432274870943,1.394672177515499,2.6737158551674245,2.779862497485408
0.6196646312491095,20.167457842528417,False,4.401542812137005,2.5016882863994283,-0.286243498939065,-1.3340379238664712
0.12436704788467917,14.386170262371806,False,-5.053918237183275,0.5139911285217291,-3.4110726309406703,-5.793891054246647
0.07743383034049559,13.989505010864528,False,4.261976832265191,-0.19682281499123766,-1.136261661934257,7.2996515789281124
0.25682923092624604,13.989505010864528,False,3.697910241487934,-1.5655940990624173,3.7087699730802726,14.159979504036912
0.05353687382327388,13.23356492207934,False,11.758342723316929,2.0540478517071525,4.301258593630486,12.392882946577831
0.4535409821541434,15.243099483196232,False,9.169988689940233,2.199253458535355,2.2679410783813747,9.889841082168282
0.5425970504331095,16.7741935483871,False,7.197883519022841,-0.7221993924028891,3.709961088981961,8.160311154540967
0.14105615843281302,15.215827338129495,False,-8.716006985720348,2.5477333098519406,1.7564184190910659,-6.620887284852728
0.36765199951530525,15.295050769772049,False,-9.372857791179001,0.5537932887117458,-0.9032682199057618,-9.871980713237905
0.0877136422789381,12.757712660524062,False,3.9503990802749467,3.9578228261676784,-0.319653063135672,1.699965449623142
0.4012829560985721,11.56462897534618,False,1.273915177093099,1.5331469858252955,-4.290832694417079,1.267904811738907
0.07651941834676626,9.090909090909092,False,4.719351862479337,0.5942076451597833,2.790191960126087,10.289810196380401
0.30314256397476663,9.907696063701923,False,6.23038839755552,2.5947205827832276,-0.35743903052049,7.781666401085641
0.2341162917760469,12.964706082831242,True,0.38417509159291985,-0.5024368572042803,-1.4540967160359686,2.401980265198511
0.3017012724196763,18.17648330657068,False,-4.652930037336878,0.7130549390110374,-1.218516851009921,-5.597989471249987
0.213428036163046,8.141592387356383,False,3.737899943797962,0.1915277464806131,0.40730927773582337,4.122773424635273
0.37205563571524713,8.944182374396645,True,2.498669170992174,-1.671864664645406,0.684660834122508,0.913421600960862
0.5019820837714519,8.693820415676063,False,9.107834380985679,0.6647717306198286,2.41033845696077,-2.545863042294483
0.5763570200369914,9.922433623805908,False,7.639682640969858,0.9700337551272087,2.2011585755844054,-3.1655358266171607
0.1390076606856334,9.432035916482011,False,-5.664073367015776,3.1253944793557586,-4.7213154331748335,-8.017824000060148
0.057427247054960384,10.073131575190457,False,3.4582278903247277,0.3405048879029149,0.4572834910569812,7.960320498359952
0.10391212129150477,10.156333142630833,False,3.2672503542475972,0.28128215427318803,0.7018272411043469,2.555099954880835
0.30212208744814056,11.213133305976822,True,6.9210246864121805,1.2373987542964038,-6.836668409672331,-8.515385513208862
0.13324194660169306,11.588163259487196,False,3.8108195023469182,0.5062139239519592,1.6996566683463277,3.0954097357649424
0.31634238737272247,14.337736020205707,False,-10.63380792874754,1.2198412040238304,0.7321163135630915,-13.919291070651385
0.5060831800900638,15.454255814996992,False,-13.896133234899965,0.1573634318730699,1.1981888158023368,-13.467843236515996
0.11046363926887742,9.733869924980503,False,7.7149911007644345,0.8150503426961775,7.209644855127051,7.427919856654186
0.27058462978699205,11.9072815811729,False,5.121448904920922,0.3042860896382171,6.448917717119929,8.984027678708916
0.3626134696388294,12.911008078072928,False,6.844853945233043,0.708844711945189,4.783070626713992,7.801259833398633
0.40676938523095507,13.741506394363897,False,4.946307719727772,2.567158202510167,-1.2793271250631677,1.7959114087369388
0.7413322677683825,16.278366111951588,False,1.8598399478590544,-0.3259059868019887,-0.1664346619096424,-1.1226804018605097
0.22283328779793954,9.495818613208652,False,-5.144210585357001,-0.8407170727796287,-2.3836022612858,-4.3428552366647555
0.0409319967109958,8.159265196352562,False,-4.44729800838306,0.7227265870667576,-0.25913274465831915,-5.384474766263015
0.17650400168801877,13.019390581717452,False,2.620172416713773,1.217519665446254,-5.5158790457377265,1.8325497288596004
0.0898186596827863,14.589698935795406,False,8.436772426619331,5.281261904906498,3.716336196261727,8.260392446434949
0.40710391315677563,19.05292479108635,False,6.550812755945201,-0.5252290081625199,4.430661097153066,7.261912713459484
0.4918821591687603,19.708231956592844,False,5.688230495754754,1.776090400267516,3.6786361573071913,-2.7589688875591434
0.7548685757385527,21.858612054372283,False,2.8576804535047184,-0.30754298520854206,4.189805940785929,-3.629013147917226
0.042687755073888084,18.404113235536997,False,7.126196344010771,,-0.9150286905126648,11.045747644761029
0.2635757235112771,18.404113235536997,False,4.90882815216136,,-0.58518149376795,10.403120729858228
0.1758311323922816,12.436362526633522,False,9.68224400647777,,1.894493073802428,10.066855258942553
0.27737569274432416,12.0,False,7.2874350789946085,,-1.42232831525837,6.637483909268194
0.08658616682125503,15.180470003089555,False,-10.455027680472329,,-2.2274640087224906,-9.814373192814452
0.6651920513813334,20.73412639343678,True,-11.731022407778102,,-1.162788634560652,-8.255808698616264
0.24294684875228434,15.880448024841339,False,7.571631339907459,,3.532768468297909,5.4914580121361745
0.31772507313891246,9.64084678972271,False,5.689861839432919,,0.5064368220976778,6.091301803224614
0.2777883015308904,11.01941728566877,False,4.091200927408778,,4.838482703274383,5.4747598917268325
0.26921617059058583,13.010171146716102,False,0.15684372760140786,,3.6667596372279565,2.1395160961013904
0.19864387717443122,13.885907678796142,False,-3.9634060846146624,,0.9270370595009236,-4.088305177404539
0.5465033309883106,15.334876295071446,False,-8.409127446966592,,-2.820359633116709,-7.425842630639901
0.5033430637849553,16.835337241683582,True,-12.071973613963582,,-8.590985337374601,-15.322304702083244
0.10842934074641199,9.824761935426746,False,-4.799037442859233,4.107464811747419,5.927619654053351,0.8759116542373491
0.43008542692004215,13.622486577534476,False,-8.808420164940111,5.274239393620395,-2.604598589125029,-5.49171189998392
0.7379366979325311,18.402459953261122,True,-3.6254474392004354,0.43809368446003916,-7.125451026952567,-3.708561302831259
0.7810975465471455,19.951219512195124,True,-3.9131135481130785,-2.226425039436941,-7.668903803131988,-1.0906979524224258
0.46322425034127357,24.514354066985646,False,8.449834008739687,-0.5959323068140954,-0.1596518918482004,19.922409277703167
0.3577371422634177,15.242805755395683,False,2.5130125221961785,0.6687168144837496,3.241506682829942,8.25579076398606
0.19767034429184588,13.841828808167492,True,2.4396402245633553,-0.9539120996335138,-5.6199821587867955,-1.8807612250966388
0.037745719166128906,13.938423466045563,False,3.0358716925881213,4.507492567194071,-5.15234262719172,-3.8516815176774966
0.31744102985302597,12.811387900355871,False,-4.682990740248916,-3.8189833749402324,-1.3483642793987616,-0.832596522251694
0.2514079456424116,19.935948759007204,False,4.541344518400803,-0.42448552540207407,-0.2735156771180747,7.438292194796525
0.04627638277027068,9.867754054186346,False,-0.5228120810005565,4.259984038890674,5.069165893256722,-6.110657085918425
0.4469572423622602,15.039161704532297,False,-6.230393038746662,1.6254790178065415,1.566955461434194,-7.415317583274394
0.6563608975407385,16.526655261808582,False,-9.387656294987911,0.9321024249616006,-1.0007776892212994,-10.015514009770165
0.7487924763874347,18.422472850525736,False,-10.567626799053842,-1.3602323993298748,0.4414118296555358,-9.28521798809453
0.04239674904587215,12.795187728081089,False,-2.0870391415488188,3.6644182336904363,1.58194581697777,-2.0810917372212856
0.1456949807998021,14.00304414003044,False,-3.995998029023451,-0.19461293229438015,-0.23536372662662508,-3.7430664089019072
0.1800510492547488,23.89344897048858,False,3.587809102134054,1.505295185648503,-0.09830908257957294,7.156900011730616
0.2842675460709203,25.497498462004963,True,1.404554569247085,-4.213856362514878,-0.38810073831341274,8.458552884358994
0.1564218429012441,12.161574717692424,False,3.858434420250001,1.3708762092410565,-1.4085958292359702,3.6602336700178206
0.17596506309216065,12.765318942295703,False,4.995701553424969,5.104770120498658,-3.149757039332224,-0.1414560510623164
0.06516035868060295,12.705863788672023,False,5.800917687065765,0.6559781186912694,4.799273899131706,4.258001909957154
0.27767708016115633,15.263014274497626,False,3.545859341692381,3.332591266741125,4.31231131554084,2.3362002596433173
0.4264284616965376,16.968580700476593,False,0.7738152050737357,2.0538377579269573,-1.562237360997043,-1.2036857855616256
0.08126751292123727,24.43271928852655,False,2.561071659245817,,-8.599217423724149,-7.33009009400325
0.6417977419712526,35.964227189159445,False,-12.166392677647252,,-8.012963539620744,-8.568782085686411
0.5851058889282366,19.526248780981952,True,-9.113201063013332,,-6.76375207005967,-7.653719707600127
0.2778855046576301,22.622345762006272,False,7.43899963009147,,-2.4679601627063508,9.428893991942711
0.04670400375585513,16.428571428571427,False,10.35927790508775,5.049364680800061,0.27045823862374974,6.158726122075775
0.18644749529967028,18.884568024001254,False,3.434598819102086,0.17891523056488,0.10171550150801512,3.5867106612369692
0.39535920839456873,20.79580140002914,False,-2.290009297365758,-5.210776575939757,0.4065216178568809,0.6107466844353482
0.19089333716023754,8.998039230675147,False,6.20868071275229,4.643124884384364,-1.7008305734536933,-1.6520729542172874
0.04689011693584134,9.63107215033637,False,-0.9919996878400728,-0.23839137645105257,-0.34390852755240564,-1.4465610459151734
0.2745493225013729,10.94334176774754,True,-3.2873039450894037,-2.1105215442192793,-4.041927061749295,-1.9756729269609585
0.05216390536856533,8.031627132750728,False,1.4507176488810725,-0.25113917835395405,0.06669991824832522,1.3047395512705506
0.09966104652917246,13.466152766584994,False,3.0119944642032825,0.2752784161054622,1.5626330781626008,-1.246798438636909
0.11226237945610656,14.381143538678279,False,-2.4549384226408844,1.9227672154086273,-4.221097320416689,-4.295120469794
0.34058327042801895,10.931219359199686,False,-1.6698177507344147,2.1498814154072177,-6.499297088385947,-4.226995682839629
0.12192670635102618,7.382105740853256,False,11.78954832758421,6.00888350461215,-6.138969607645672,5.8809232111555865
0.10042959650689827,9.014040627017105,False,1.9683369544591933,1.4901332300030212,-0.47960545202087035,0.8948417698863675
0.2505635861050919,10.490225306071068,False,1.0947264181080607,-2.4467513018925025,0.252281800405596,3.499577898411821
0.04411718583081524,6.1763908550218005,False,4.065431531959152,1.8193197977623532,0.3208080056418261,2.172904784028895
0.057215644128704245,9.56221198156682,False,4.576963448048743,3.7401281741733072,2.9011582405716885,0.6324441298078298
0.4222474901385185,14.518464880521362,False,-2.161889724868582,-0.014773981513482859,-1.807819318497661,-2.0026701916838197
0.5913420496889261,14.694244604316548,False,-3.4969057170308404,-0.6048892229499891,-3.078254320814011,-3.042293446876987
0.08654690943133012,19.208874612471995,False,-0.32171417993115403,,5.100255321090419,-0.6618696385571221
0.46251419628555646,20.242250427719245,False,-0.5264422874122432,,1.626238575272665,-3.017493531008131
0.5712290077401113,22.96677813889215,False,-4.660135188077508,,0.625929654247015,-4.353516027487259
0.5213849352483401,9.832525747500211,False,-2.820970711839421,-1.0888306692108607,-1.0516826923076872,-2.223557692307687
0.09910405232224104,8.7381054709045,False,7.120345391446281,1.7983640490636166,3.7541452015253496,3.8768295384106644
0.27867054768443145,10.513478429108924,False,5.036468375055159,1.5352557254266985,1.2100649215278425,-0.0357639243364849
0.0393721044869794,9.896671895181544,False,-2.952950206626881,2.118557061558879,0.24670728421993804,-5.152790827813991
0.07674377907081968,8.496956337785983,False,3.0468854684008395,1.997977032193532,-0.5227908277598892,4.3868592470652334
0.3592344694737562,10.220917674372636,False,0.5200549788638487,-1.0540845845635416,-1.4895744858109516,3.1264201407721792
0.06776863106655562,7.542896675655417,False,4.978506553044482,0.2809412422616564,1.4881245733621595,5.049962327661928
0.04408988487945679,5.927946265607941,False,-4.21578207892569,0.24940128075332524,2.443859157501027,-4.238733961097008
0.10754980789776161,6.593318403006354,False,-3.6523837791521463,0.41928778104036724,1.5419718561114903,-4.013429210040298
0.24599453842970037,6.795286646737673,False,-5.176688902753101,0.07838880773651802,-0.31318139697448233,-5.608048359515372
0.2983114998326514,13.372935824980264,True,-2.789713175715014,-0.9415217410334686,-2.989135824557987,-1.8657579514293143
0.14748034590674183,11.09642007790978,False,1.4322300986459036,0.24258870934583676,0.5977529154956196,0.9377557217404631
0.2743377479291479,12.351983944272813,False,3.004804809635986,-0.0002728793903727933,1.2160847796882202,-0.31887917519471953
0.5281828874392371,20.57111048083175,False,-11.768870663457975,-2.8513519902365836,-11.379111000576236,-9.389255326278557
0.2482849894122794,11.457305565308989,False,22.21812068519764,10.348254339258789,0.04843248723140903,10.30745810047884
0.0404225937109251,8.865043515870513,False,4.739244421011257,3.6067468640629485,-3.2916721337919785,-6.226249663083838
0.29803362456894206,12.790031959490308,False,5.477746853803289,0.5491908381978883,2.2263732600364072,19.50202201682396
0.200596758184784,11.242282820736312,False,9.580337091401802,0.8735313880800621,3.9137429446281624,18.028743599091367
0.2593868797702247,10.139783633652554,False,7.960197698921401,4.156636173968886,-0.45319327984376656,14.616872677678527
0.02627825921529566,27.39527810279788,False,-1.1005601174112867,12.166442825085033,-4.864862802866343,-11.351353413349873
0.5624249315227365,29.032260545458627,False,-11.7316660696547,-4.2422337162737245,-5.617977768886339,-7.303366813375356
0.861787508954868,24.999995415027144,True,-1.932640872868585,-1.932640872868585,-8.823525836860913,0.0
0.15675884675774673,16.502456157757845,False,10.040936238428056,5.9971120394934685,2.3474179244571625,7.86385541974477
0.05170082485633758,10.823525821461397,False,3.6190208098131116,0.67863991865309,7.476637429863708,16.58879069014203
0.06483939232694338,11.860461567723474,False,15.70056693277797,2.9735045701724028,4.313283901899312,9.557319313028877
0.40037682541853853,14.253391693022168,False,12.559373127453988,4.455101697316777,-1.7391287762185792,9.30434517238452
0.5907220085944924,18.05405075485642,True,7.570256823988175,5.418851687508419,-9.006208163215334,3.2505170178544374
0.7776923367954656,21.532086698671687,False,3.004647136558236,-6.780794341414797,0.32643679802204506,7.682260545562314
0.3799009444112348,17.44186523606654,True,-13.181192704284328,0.9487445846972475,-7.806211178489231,-13.700401256151995
0.04137865102845602,18.1594668106256,False,-7.382648964056959,2.927587119620889,0.2596979401624733,-8.240994563461845
0.38394639979852385,19.655175044618804,False,-6.724997543515576,0.15440224415035342,-1.2673366526883667,-6.884741393705774
0.035897989761340655,22.410891255794116,False,-7.518784558514547,4.888909111714845,-0.29855747626871265,-4.461772102434081
0.29098358247807654,17.018517449358935,False,7.646645338989155,1.007569757730531,2.686916988568888,11.348470059336634
0.3470430594935807,17.018517449358935,False,6.042636355325048,1.4793530986241032,-1.4211086723856847,9.065657157299123
0.3868176131098048,17.27376057077801,False,3.690713132653589,-1.3995932095084984,0.32743441756168945,9.21741500432558
0.3706895798935775,17.753102212088447,False,3.089896789923796,-0.7857866663484092,-0.8451169642126444,9.101249122737398
0.21405998752176025,11.53453371912094,False,-6.726998524897676,-0.497512437810943,2.5294879497354428,-5.828063485274693
0.2714672854200325,12.35462936934884,False,-8.413437741401653,-0.2627191275583085,0.5227679212131742,-7.908935391314287
0.4145537792283295,13.592556104510786,False,-8.103216801989166,1.6849942512932925,-4.267380066118454,-7.351224744164431
0.282897920130493,12.253147959826173,False,9.707297341795918,-0.6314955104232745,10.878200217064027,21.028241049139385
0.27091829891925695,14.348308505629792,False,15.370570010753504,2.4450549639460473,15.416484083579295,18.447446515216704
0.33348217681697767,15.750918761743183,False,13.481290979277905,7.263722207292966,6.859350414449428,13.27091454511502
0.7026572363034099,20.78606565916206,False,10.005077973280718,2.3851574531987385,5.671638754469832,9.393037255130587
0.8303159108148089,22.620226758958236,False,7.457962538634066,5.035876310462339,3.098430720182832,0.6990344412459493
0.08734855727154421,16.820987654320987,False,-6.049636790313862,,2.094935360680661,8.685755290064723
0.22761049727582178,16.820987654320987,False,7.478819626192901,,-0.8603142875330261,9.75775799640708
0.40155932704213,15.970149253731345,False,9.08091206965629,,5.58764273335286,4.410922596738431
0.5945837921472167,15.737800150481714,False,8.862276361563936,,-1.2788761876864618,4.201043355355627
0.7351482949405901,19.746979401894087,False,3.6826302043339476,,-2.50086425950381,1.0252891463889746
0.17003217013087038,19.996483191864485,False,11.215350861913876,,4.362651185010891,34.14281540370108
0.5500542925829842,23.334456007762874,False,6.575132122805671,,2.9810834962198163,30.916101853788348
0.6247212622494385,26.582889762368016,False,2.059384388409091,,-0.932382014947919,26.09047514091678
0.034312785065329476,16.541431904720152,False,-5.181668151781549,,3.8624165437335156,-1.0240440735775347
0.2644750506434243,16.541431904720152,False,-3.8757495572841028,,2.2147119101927126,-2.214705251327531
0.38014315821412903,12.969281010267252,True,-5.220060231981138,,-4.876219182347363,-4.286786094371308
0.3170598469092192,13.034258270428534,True,-6.72367280917936,,-8.175902937882784,-5.656953636344086
0.2116167391189766,13.575041046593409,False,-7.63928842948991,,-6.460673008889517,-4.850903690925756
0.03591105299035176,14.47084233261339,False,14.603372541763848,3.4424708709870355,0.509994790769297,10.254999919236752
0.49280655253490446,18.61899162466233,False,10.490154091849169,-0.2793982502311443,-0.7002575410432699,11.28655960246947
0.6350055315320238,19.72972972972973,True,9.439293319088705,1.116041414548885,-4.913880041186724,8.6793961651765
0.07073750739312527,12.791768686387137,False,5.763495845427968,4.754966056804122,-7.88397346562143,5.324787615262383
0.594018322166196,16.522078912592605,False,1.2394888317705854,-4.873498470848093,-1.1564514774416779,4.2488509978270805
0.2819540705525198,16.21820969397306,False,-4.393379172397482,0.3764213270069483,0.22969432397892398,-5.19941624271405
0.47747120333439613,16.628853672999465,False,-4.561353259620016,-0.798539230429407,-1.6592895141578134,-5.714576544501815
0.06820615660103027,12.41406945839289,False,-4.299236693484765,,-2.799245109615922,-5.501068640510731
0.04541129457718888,15.61659055974986,False,24.608600930727718,,2.3218388801972356,7.63895850186147
0.8057520657861719,26.19864749591893,False,8.126884188525851,,-2.1625819036603766,7.337323461799827
0.885252018522695,28.633730249943806,False,4.5592272012183965,,8.870338784688103,7.249513637340366
0.8081312306723201,28.99056488612913,False,4.036426248767966,,12.745480798353404,11.882561628889189
0.7785729929731917,30.94495300852924,False,3.3639188304463996,,-0.6496501781986352,2.1654785656083586
0.04620511231396971,16.78521149100392,False,-11.353345221700229,,1.1423396677101127,-10.92508076614055
0.37831975680186203,17.54716710165788,False,-13.169999061297277,,-1.307776278008732,-11.358511837655016
0.20689740490391195,20.939504124236567,False,2.5276737346467515,,5.907449823767186,0.8291151119365958
0.6890180398865426,25.702576112412178,False,-2.886038193109375,,1.6151551020668675,-3.1489630902541643
0.7425500394208436,26.647398843930638,False,-5.415120927156114,,2.509791554325025,-5.336170491447556
0.08385205206205062,16.798387850794377,False,5.840749879263174,,2.0009501423840614,13.538958077966301
0.15591095834806148,24.994138307739917,False,-7.56271605109694,,1.534307108159938,-2.4715665663087805
0.041841909774645684,15.525876460767945,False,13.838152774187297,,4.047272058596119,6.281364258734112
0.14980880643653605,18.70180267483816,False,9.558243632674124,,4.2376818742670075,1.5168119166585114
0.49274478833170277,21.82913493861549,False,5.343820172521996,,-3.9404226405404086,-2.6528042559098353
0.45293603013818995,22.79524242429322,False,4.041884302186638,,-2.955288312838422,-6.450645300759761
0.11873129518750612,9.959439173383942,False,-3.651344633925091,,-4.726610117036256,-2.8667320234772364
0.5376099281901628,16.006247707567013,False,3.129231107411834,,0.28400219519868486,7.576895730024558
0.6625927119736622,16.80354009123247,False,2.1502993624774813,,1.26727124646564,7.4404465704688505
0.22063620624270666,16.044414616503488,False,-7.542205264768165,,3.6505538771399726,-2.7844938986971157
0.0817093655762258,18.20704613614884,False,1.5658002946863814,,2.136793036353546,2.089662925730096
0.01461356114504588,8.935211282412682,False,-7.764709595907515,,-0.04840271055178702,-6.645694522174484
0.0634788812784659,13.597150384081868,False,-2.9519759717243743,,-1.5950327362857841,-4.146217462809254
0.19479672116726063,13.597150384081868,True,-4.454193833533027,,-3.984499466956759,-4.788902769392889
0.3314960183705814,7.832433282626589,False,-5.213243379005251,,-1.87378827048712,-5.224899878373323
0.3837492009260846,9.367421145747947,False,-6.7315058737754345,,-2.372082455314173,-6.361263719541165
0.3365194753879974,14.009216589861751,False,-5.422193289027211,,-2.9530254316873394,-7.743222349770484
0.8757503396684363,22.434217156174192,True,-9.514240512311979,,-16.559593144126595,-16.833303509907815
0.1892917118524649,25.055596738324688,False,-6.6489412750229455,,3.1786674714508134,-5.333099802217111
0.07119908297653554,14.964571497522696,False,2.4362153963463973,,-0.22249911483811502,-1.7755385907223253
0.04297379911041817,15.711151203426798,True,-7.486273636208763,,-4.935004434304591,-8.23223570190641
0.23820803821712855,18.699184669961763,True,-8.614408273592655,,-6.365610774328145,-7.003447213195113
0.40087553774679074,13.152175808545225,False,-13.51472451407557,,-0.8471385542168641,-18.411144578313255
0.6905976891862369,16.770835149855838,True,-23.11137402066119,,-3.464759379546656,-23.03045940522186
0.06279457225185615,6.7964729939190445,False,-2.66018331889899,,-5.997187606593169,-5.183775954204661
0.28349840385376945,9.392854459993131,False,-5.464434726692769,,-4.406605599002356,-4.395543578186456
0.04197661327774315,7.388219501477809,False,4.409369284296383,,-0.9407634831843259,7.846170726281154
0.07458488494887575,10.956665511916153,False,-1.1542690503729802,,-6.068067252448827,-3.6066833519088237
0.11185625105240743,18.174615750277294,False,2.8765221586569023,,-1.6789155240255371,-0.8846219538885647
0.2761048007787055,20.061919504643964,False,0.5036735825516558,,-0.3136676290760865,-1.0124253930512417
0.23428435298721872,9.80976140051556,False,10.746035629813488,,4.5396228548109985,1.6468853401918615
0.6295428807760571,18.296628160948316,False,-5.529082283303288,,-2.557413974956202,-5.406370645582815
0.044767819720211516,11.077680340227584,False,5.629924301922529,3.126976799849568,-0.10686452298406257,8.10179353353453
0.05335718794491325,5.359596696177298,False,1.811142883825867,0.18077370583371444,1.1065553337237466,0.5657078033103113
0.18605053579850367,6.805025044785926,False,-1.6372808391188265,0.7280385483957597,-2.145344178821784,-1.8886391342311626
0.12374183137409153,6.504065040650407,False,2.9877678795639184,0.1766236567838364,4.40604832477014,3.9641054107456775
0.2964383903900597,7.87716955941255,False,4.803090610241534,0.6981115782901393,3.633955492581231,1.5185692582269539
0.4180116361977813,8.639523336643496,False,3.9358025383262607,1.1756855849229586,1.52517179896825,0.2945604597649032
0.5596589256511039,9.803921568627452,False,2.611130545190732,1.1803758220742866,-0.42970442417211707,-1.2249856454640162
0.03974845213693537,11.301722033270474,False,3.492615145768596,0.9674436249752283,0.3881949960275355,5.42834077972727
0.040483737359517546,8.364534425030778,False,13.246570220020605,2.9238070155687135,-1.444431757902176,8.704244306965215
0.6736198734732686,13.49918850630666,False,7.881892451541428,-5.702827411419986,0.17465868058130773,7.165516844379405
0.12059275540428423,10.827798830718791,False,11.967827969492962,0.7798546003933593,2.8021015761821255,8.143607705779331
0.2972561260637089,12.081002647378646,False,10.394260114101495,2.3166313252648063,-1.5357183065390023,4.216873771567764
0.0623761940340045,17.832647462277095,False,15.17447324846961,2.64179786936376,3.5018669896054178,16.866151247182692
0.0807267655954732,24.150943396226417,False,3.69349470192315,-2.73785412605293,1.2331536115173236,2.029581474050679
0.10126471408755258,24.32050829509354,False,0.7189068263225629,-1.422992165744974,-3.4615589105461586,2.264514183279931
0.10532989670300424,25.387158517487386,False,-3.1955817455844637,-0.9534428662903105,-1.424787694024443,-0.835367694112199
0.08140048768976957,8.330784446982713,False,6.829222900405685,1.3272234890642887,1.1339993579092322,26.1474053606078
0.19353991646086077,9.790071428299488,False,3.91765816455667,0.4464111664283399,0.3587545193520558,25.27141301010085
0.6874173528703547,16.045340050377835,False,-3.409901404109794,11.533015025627535,-10.819940622947444,-14.086990190398874
0.15183195580306147,18.160530038442175,False,6.888293410117696,4.251131416966425,-2.6022304832713727,4.967894558972619
0.10590479822300541,11.831471896849179,False,-2.965341070701921,6.207360208168611,-2.725098240218693,-9.046642747309075
0.1913399133846846,14.51418510885348,False,-0.2594558584221085,-1.7263945760178534,-5.008165487207405,-7.564505222509521
0.05718882559221308,10.839399879557442,False,-8.33474431189407,1.1104131834141606,-5.059261349416588,-10.025820069596492
0.8386573277916987,21.093877731125573,False,-9.299606608576038,,0.3247393456812464,-6.01213853044178
0.04926147596890497,20.934464573825483,False,-4.1137311990200764,,-3.3062877454770434,-1.7831427944328793
0.3527407049874772,18.92021840343449,True,-14.9233234671296,,-6.809498662336521,-12.091642335180474
0.0325570765879058,9.31705130312839,False,2.8636549878184203,,-2.2273265878444914,-2.2273265878444914
0.05808327494012478,14.40303111719849,False,2.854856106000936,0.5710563143562108,-0.16701206533795698,7.682669685379695
0.16693975435220115,15.663900414937759,False,1.3397728982647683,0.14244258035871482,0.1450138122542466,2.1131098884411115
0.088676033544126,15.254236134596134,False,3.008600735309397,0.7229685814603926,1.155558268229151,3.1555582682291528
0.164611118838868,16.003535559960802,False,0.40425770326759647,-0.29956453175619124,1.0096589205203843,0.1975403609366655
0.26865118272257377,10.213672605335216,False,-0.029763106044300436,-0.5825560012936104,-1.8279569892473146,1.1182821950604716
0.11406859247736129,8.187772925764191,False,-4.060482282144806,-0.06300375850006867,-0.9973993889338062,-4.249784385243505
0.1665163261064946,9.526170507331463,False,1.8474977768454526,-0.37409084756586664,-0.7930637439978128,2.552661163065384
0.2420086828504657,9.682184869160487,False,1.1449312461538907,-0.03174717075998812,-0.5397478346633067,1.643763883495053
0.03647606328440037,6.714011488583973,False,8.226113409719215,4.7499512957934975,0.4687859075763967,2.0029884207474646
0.3884364903516276,8.621415350483517,False,2.145261522409947,-0.4136161725875831,-0.528094641367205,2.8728361383311363
0.46207314806405275,9.271659465207863,False,2.2930605983085384,1.9182043736689858,-3.5801964887552606,0.4910033702944627
0.12532788326837108,12.087912087912088,False,-8.599855184072746,0.6615248576827382,-5.964681751401457,-10.002149504723478
0.2919875769182328,14.135452450521857,False,-9.756787712302195,-4.737342768489416,-6.527645902493983,-8.22200621303013
0.13600902577682783,8.518687231007013,True,0.5758587041825525,-1.8807209316304307,-0.8458328517817693,3.0562732844092944
0.2932528057814091,12.046423523744666,False,1.2148469013270713,2.210402772487674,-0.9222661396574461,0.46113306982871194
0.4806896152961081,13.105522019603649,False,-0.5496168522793554,0.31018152314099545,0.02609081834088478,-0.417421246254146
0.2093800378038264,13.70427885990358,False,-0.21556935791202658,0.7328088157953383,1.2792631244518349,-0.3965762533815642
0.2210573244205204,11.418296351798588,False,-1.8320296699943173,-0.7344779496821663,0.2512878425242393,-1.105672642063782
0.11830819722141014,11.571782178217822,False,-1.5935205672211405,0.43839904265028373,-0.9733814214573755,-1.5401676165620382
0.22653953476223754,12.823325856104464,False,-1.371613308074715,-0.8617236037192333,-3.0629747152783326,-0.46557066112916656
0.0865727829847969,9.29936305732484,False,-1.714355050979155,1.9488529065460947,-0.3232594337185035,-3.593182123278249
0.11014000210334068,12.056401179424697,False,12.357114468769549,2.8865870445710096,4.407280881100006,8.228546749235166
0.030698134012814293,9.885882834430266,False,-7.545959691513193,2.025796564606974,-2.1537053592319277,-3.672768037350327
0.18189807674192293,13.067760136509104,False,-1.0411517264460102,-0.1972906771133931,-1.8743649796920558,-0.8253705242875276
0.12346962869028616,14.755022286411283,False,4.95216962620153,0.12112388768859006,-2.904244311393378,6.6224904325951295
0.23355835920766696,14.755022286411283,False,3.965582109124499,-0.09434190972418266,-3.252291094940818,2.303040029707182
0.2933694431278887,15.640936979736924,False,9.700471256599673,6.081840677035744,0.19777786298604827,4.746574035809248
0.344746237249255,17.89012498328355,False,0.19921043926978133,-0.28313437059711566,-2.5934204214881795,2.735365910627019
0.19562999015971544,14.19575931575884,False,14.763546491734147,4.932491154321728,6.626807799697021,4.683612007078186
0.528935293276272,17.838234994925706,False,9.891719369699459,7.794361525704829,-0.5111481692962827,0.0
0.8554518922670591,23.325710919247772,False,-0.5885541193604849,-1.6809848429039542,-0.5080859600533949,-1.5704359799004197
0.0645777280804497,8.786614885625756,False,2.4630421647610534,0.3814002246191661,-0.9298000665966977,4.137607458830717
0.2284722606023124,9.334564472263777,True,1.8475120917410104,0.23818345823720666,-2.621893794052399,6.577738478947137
0.15256666553717346,7.027029776358377,False,-6.010489467866886,-0.6319766266674742,-1.3507428714800485,-5.583074657590981
0.15045343979474757,13.069424185148035,False,4.054669878212058,1.2458775824331303,5.0048042909847545,3.4006978411335487
0.048134087351731504,16.629152256184167,False,-2.530112345623381,0.9079586920384353,1.8613761568831988,-2.6998248949412273
0.2695447850159507,17.534094667518065,False,-3.327781235188476,-0.02672076168328541,1.2590850058207481,-3.1893062366885494
0.30379522363613853,18.643608494846607,False,-3.628486231267125,-0.41555326527329406,1.003690534964763,-2.735348074660271
0.1784320645313201,8.594430267995357,False,-4.114101392226166,-0.18945520077628952,4.262030949875162,-5.728077171753398
0.24861632228325703,9.263019913990291,False,-4.8154625805436835,2.138516033708049,0.8574350363576677,-6.171125646420849
0.47936256966543733,11.018685624969303,False,-7.017051881699521,0.4621294746163018,0.25817632416831326,-6.916844227784813
0.5312910235437902,12.65605590489696,True,-11.459798058623926,-0.21491206653586614,-1.0679341555425936,-10.77425294174148
0.12257666342146277,10.420109254025482,False,4.397228295517475,-0.8119206062372153,-1.4705826557340207,12.674063862522589
0.22348965065599968,14.732898500235978,False,5.163194428650475,2.9219355123889734,3.7723412494274022,4.886887927654637
0.4812861805984545,17.538660369675437,False,3.0386136207589898,-1.1196056357383077,5.433989676754236,5.300149779782459
0.42308629381268686,14.706843056493224,False,2.8779801861785526,1.1349516986046027,1.4551605184156768,1.8479139542222578
0.36859754318049104,9.840500418503186,True,-2.0964981095291657,-0.6412357371679223,-2.37478292715273,-1.464654258895226
0.04029735090042528,5.965834223882519,False,5.163547021681447,3.3172829045756913,0.5778976380286238,2.8656522988907973
0.1926121614075234,9.598345958110885,False,1.1011106144840355,-0.497512437810943,0.3494824738145663,0.09476862716457646
0.12767991801418577,9.237316689039302,False,4.789347728547377,1.9004776812881818,3.131940988616666,5.008887261631179
0.4706197046374648,12.151481756576416,False,3.3526129887564426,-0.12614864974789253,0.5030611025709675,5.1399790275092005
0.5244190457434617,12.939900873066618,False,2.425048387225459,0.6660977544197255,-3.015295103762561,4.377560213964826
0.06180674982989228,12.185074922578659,False,2.317873698068018,0.2641838664127816,1.7154017177440695,3.430803435488161
0.1385486958155691,13.277511961722489,False,3.354041437735078,-0.14044609488442772,1.4373323028240792,4.010154785471176
0.2337343249154382,14.160546891203216,False,1.0764372281270917,-0.7142791693319772,0.626509112978324,1.803599130345379
0.29541895581568145,8.902248723328418,False,0.9414402362307284,,-3.0744085935543897,-1.7373090014362158
0.670335362563186,12.366759206329032,False,0.010338947903898443,,-2.5815810526244376,-1.2050425854282842
0.29071386038765124,12.948411342671678,False,6.763404669264994,,3.298611111111116,6.194441053602429
0.30754551207200675,12.661431419755722,False,4.388493854206588,,0.8389915552186489,1.0054584561853153
0.5667771112862023,15.261208533300616,False,2.352197542694001,,0.5067171206829313,2.105817354179762
0.13757758076520804,11.196911196911197,False,1.6154747498031252,,7.94086774167635,-0.2744697449361677
0.15469264260644527,7.1938441309937335,False,3.4942438061700942,-0.4839580872371463,0.6483437157447369,8.097469500876752
0.2028726368934216,5.775978407557355,False,2.530532224169302,-0.83992990513021,0.8579419786380438,7.663461846898056
0.060878737236379876,7.41361257838742,False,2.628864659631014,0.13532194354586302,0.049025804221258795,6.124874259892987
0.07031546173818301,9.305555555555555,False,5.129659664116293,0.34675354681767967,1.0746066191923642,8.148161240334062
0.28629277178207924,10.250642381414686,False,4.034149823748168,-0.042480725507088035,-0.13938999481625247,7.189976220384109
0.15672511550131735,8.099652014267743,True,3.4036517155281,-0.8954160487329776,-0.8816312464059228,9.124713088693003
0.09844530327032873,8.03065088021328,False,4.392305380507011,1.0482343413046324,-1.6268497537433535,2.3197630504705913
0.2395699020062706,9.58503935435549,False,2.627954563353274,0.21172750328830592,-1.8804441836907548,-0.5559812122728269
0.06624402553357657,4.778624214302656,False,-6.581381904959316,0.608070757324497,-3.1202722666549887,-3.5016419549440236
0.13071257777546993,12.071581776858288,False,4.832442048782415,3.320115566056314,-1.4066678420822099,1.7867585235670447
0.18493713432951925,13.669521091024423,True,0.03897417448122109,-1.4221644340342343,-5.466005921655426,3.527787412601402
0.03905106504771757,12.841178114746976,False,-7.732216386015001,1.0707170329870896,-0.4973282139244639,-8.009358671349286
0.04928013314746007,10.370045128372798,False,-6.3314102163252395,3.350945992859211,-1.0606730558056277,-10.477969757247308
0.2425005630123186,10.370045128372798,False,-11.644144124249145,1.580675676149168,-5.834273281481661,-12.572817898919498
0.20275120712806333,9.34162175018704,False,-2.801831030305413,-0.9556270214305829,-0.46009678711746993,-1.3942464414548716
0.17039992905582918,9.26936736296162,True,-10.573937130234457,0.5846752840948266,-3.2922136059094,-10.675039246467822
0.08000361589154051,6.8557919621749415,False,-4.7740034773678826,0.6786398974395258,-3.3042402730488085,-4.998597446206221
0.18661268461540242,7.909496776081432,False,-0.3300579312476626,-0.9254378528946283,-3.222492134012822,0.07472901610026117
0.15755852719836094,7.542008479767468,False,-1.8859192410042636,2.566236314792336,0.37159488359876924,-6.104844061048443
0.5020912523704187,12.707598688074501,False,-2.7429784078249253,-0.06586401413417597,-1.3459100682514102,-2.525773778800733
0.04903219297704991,13.515147070539305,False,-3.76775195015282,-1.6311954687561303,-1.4155978247411438,-2.672433191323509
0.08151604263450328,9.056779810617034,False,2.823080426373359,1.8315145016516432,-0.5749446210034148,-2.689116979937567
0.4076142325035328,11.652930709965673,False,-0.11220416292130331,-2.7555681254185616,2.2237505731316,-1.0178794668443403
0.10314269255010869,14.829821064086168,False,-1.069561045943146,0.41610751452192396,-0.6718241042345308,-2.121339481117668
0.6341102526416283,12.850515560894577,True,-8.207799787075142,-2.52448416697284,-3.826879441980624,-5.396407176857121
0.061442325488085064,11.252786288917287,False,1.3963620992389458,1.9142189118302566,-0.5081300903059804,6.859756219130753
0.23549853963012565,13.566254568134504,False,2.8708737269481865,0.5112021355928809,-0.5615700372235577,5.212572587873132
0.22843699682402988,10.210824417872875,False,2.705479801374655,0.2539223329544926,1.0409792325458467,-0.9688692193050019
0.06477628227843718,18.283782134184968,False,5.761730239743024,0.5311314258521715,-0.04681824512319244,6.881555472722223
0.2148582101249121,19.94969649675667,False,3.6056100714535244,-1.2746729976510496,0.07362128397774281,5.769364476991079
0.11990501343932601,8.600876538680193,False,2.6904057093063205,0.10720284658933821,0.5985250881224147,3.880557685648389
0.28650764084032737,12.004050230368591,True,-0.3766559356976784,-2.511732833806668,-1.1023838866517366,1.5226660613333998
0.21762569864130835,15.052796874999999,False,-9.852339863184067,-1.35084732587063,-5.59373953470812,-9.914728675546447
0.03608934582294275,9.1216459657244,False,5.82694065329743,1.5276565370483164,0.3855133817298073,9.604519774011289
0.07728215714022214,12.630829009993372,False,5.770303346945371,2.0445407048078623,-0.7819981332066517,3.948119691146368
0.37171874811508016,15.205047318611985,True,2.653919749635114,-0.9997331952226074,-1.3067733612598942,4.034507396660136
0.3033853301877743,23.435374688057195,False,4.734184808926911,,-6.412957464202485,-16.768409341669987
0.8358687238600495,29.421729480117538,False,-9.915078607124595,,-4.054058988896713,-13.193730265415414
0.9539365791710912,37.8765275626604,True,-16.17615235810884,,-14.720301949649695,-15.200636969323789
0.04023960223449689,14.138678223185266,False,13.577608493330118,,1.8350604006894589,6.703365063619771
0.3567445004595573,18.950704653946325,False,5.913474336403524,,-13.610804892790284,-2.4371952390291773
0.06755341324569797,13.37435496994532,False,-10.088109843277183,,3.982725367832396,-8.661560200324814
0.27954585182097985,13.82997220737595,False,-11.067191037003854,,-6.228119918499209,-15.606941758659165
0.20126381544628733,11.102215105417667,False,-6.02100254000878,,1.5080187119824062,-14.351886697737704
0.14973840890668577,14.433794162899769,False,5.25555300084557,-0.1423525341019194,6.799741819097327,5.909996550138064
0.02017443243887039,7.753154690106028,False,0.9794576258426835,-0.03782563370353653,-3.3947317345766947,-1.4748608461925827
0.1522259578696929,11.765695209321937,False,4.81569867282905,1.7684349912370223,-2.7345396540723987,-9.17797326251949
0.17577064195326567,16.06119889491087,False,3.663125193143424,1.5573746477878458,-3.6769620406878145,2.1894637605913925
0.23376199136585118,11.477072201491962,False,4.950095361439666,1.2265746004646694,3.6784024112951785,-4.667552639542616
0.19674686289150176,11.122702382093557,False,-4.492870077335709,3.1651558160119775,1.0673445527912495,-4.045800404326738
0.4831454055568316,14.13584678178455,False,-7.344499582806041,0.257369458926493,-2.1942178743586505,-7.701796460262034
0.20323094200719366,18.548478803331534,False,7.24113382485847,1.9388023759224993,1.272329713144682,-6.322994698453099
0.3235232462666042,18.548478803331534,False,4.427709017724868,-2.455316012529929,7.115291550769731,-2.5082766129709833
0.09517936231694919,11.958062941028226,False,4.525758305247973,3.8998555609051744,-3.1085515909710315,1.4327986294969675
0.6380219105440763,27.889858233369687,False,-4.9653572695919195,,-2.380461551649282,-2.9166839471765127
0.04329135633678412,18.996541200349625,False,19.16945611508083,,19.164934016513136,18.20515453408589
0.1275483011460236,18.996541200349625,False,15.178268327491097,,10.508294316931256,16.152073418888957
0.09418510769225434,19.616940532650922,False,13.832927943293228,,-0.914714992524146,3.072799427980488
0.7385204190492205,27.812638449902504,False,2.6886311415855957,,-3.5965861480289463,1.8143009605122717
0.09762485879291856,15.02361774767986,False,-2.2808460687476106,,1.5111897028894372,-1.1000147446496689
0.25137998737206807,13.156264727015598,False,4.0867926157434065,,4.340651732052647,-2.822243942117042
0.3659574198766825,12.344665573310829,False,-4.909677384422362,,1.584906976499334,-3.0889514193059298
0.5283898951656433,13.913981119791666,False,-0.7917402236131021,,-0.1898120653948343,-2.219760420113426
0.11826613863203078,14.088393772868427,False,-7.941874526226966,,-0.6460582336918708,-11.979948514950568
0.4244915073643686,17.615891345026213,False,-14.736474845865855,,-2.848168387096872,-14.461216783888343
0.24891847627185554,21.881866455078125,False,9.111036547068085,,-0.06780120573917081,13.899247176529194
0.46976253412033986,24.072094498393692,False,6.05184860649608,,0.26988732648880465,10.01956699589659
0.10401762810007267,17.074853158062243,False,10.471449370520936,,-1.510857838590396,10.080259932531387
0.33011631034980016,17.074853158062243,False,7.894756728925123,,3.2923743107271974,11.656477025618738
0.07947547817221026,9.926470588235293,False,4.989757096868597,2.0225669040419003,2.130907155128603,0.227957509618415
0.38118374894665025,13.393558523173605,False,-6.084266459215105,0.6749442106045,-0.39876302083333703,-7.994579945799463
0.4969622460390214,15.027262895601293,False,-11.421903860707495,-2.6045499282847717,3.157816926035184,-10.329362172346046
0.11003977402623905,7.927089747536946,False,5.9922064554077,-0.007352400558768846,-4.144825226454795,5.633109439097339
0.16360833614545583,8.285058819832184,True,4.911058110825417,1.689593877307649,-7.827896508063381,0.9970531552633277
0.08278028297890562,11.902414779913215,False,-5.391976976034485,3.2793434644523556,-0.4809470958194617,-7.142066179360896
0.3863414565099741,14.551827711067522,True,-8.972025329044186,-0.6949308182327973,-3.27823437067134,-8.030285431480289
0.04712865749683917,16.045266838048583,False,6.42099187589511,0.5163432943938284,3.7219711292582947,11.10198214719549
0.3676604961807805,16.78407176464538,False,5.484482996287809,1.287788511489274,2.2860912020662205,9.363337932554572
0.099386948348732,7.180710121886593,True,-1.4361182338506029,0.5056869554750154,-1.6256629579971094,-1.8985789583743307
0.1128228726404445,12.120738071261734,False,-9.680556335738666,1.7259893907022983,-2.6656873515855217,-10.590504170907078
0.1610603147993756,13.560115916725602,True,-9.500590334219982,1.1913558093549215,-5.273056561716361,-10.416553292177488
0.09445178395347736,9.269529875527798,False,1.8628071384795053,-0.4374287819301048,4.027585631537023,6.340821247086215
0.06686028351120367,8.1879988176175,False,3.2040535618170107,1.5893030023361066,1.0084116964149459,-3.8316820675465824
0.20583257040624436,10.371094605868647,False,0.7500787898949035,-0.43721205493764126,0.08645283754282751,-6.130947062411662
0.1467365980987273,9.793219658795685,False,2.1093035966687435,-0.2688995674910766,1.915445627880863,2.9296801290826346
0.22758213068555422,10.986001217285454,False,6.294457379206375,0.35034807702207793,0.8955687100864029,7.074377230465823
0.3703370925997223,12.288594303341574,False,4.738989394825399,-0.45872207843205004,1.3938430694171444,6.80734530942797
0.04144254927580976,11.08786610878661,False,2.4773568893927678,4.575880610931304,-1.1842002295492482,-2.388420805509184
0.08436701289109436,8.77532115957355,False,5.462562768856016,0.3270938127044376,-0.18262755393220198,4.001821816858797
0.19117509110655045,10.14058846194728,False,3.8842114893221202,-0.6035625796752986,-2.1742595936457887,4.108692542108305
0.1626582656680803,9.678882216552017,False,7.2138443986809575,,1.5801091483943264,4.983422716678154
0.2442440270529675,12.642670178197601,False,3.6957402260509475,,0.0,7.452240533823051
0.037856614703160665,13.112163249760528,False,3.6381380627535487,2.2184325524684523,-1.7584404929005815,-3.848471395014519
0.0829074655886114,8.192486830160652,False,1.1725396249934406,2.5856660843742274,-2.643678160919538,-0.4252887594288768
0.24748638419924057,10.605712890625,False,-0.06538873711796622,-4.363894811655989,0.1269810269646232,1.442918178014252
0.09938743914645691,9.3935790725327,False,5.4418764923339635,0.27153175856746703,5.092976503813951,5.211417817856145
0.17354780734521708,10.141509433962264,False,3.632780931079438,2.787947057167006,7.88689160560847,5.381223951183545
0.14328993070605606,10.825043885313049,False,2.4485516004493446,3.776030579348011,0.235634600221446,-1.2791768691554073
0.6466521769092637,16.226910680253464,False,-6.043655133816794,-2.2587125955608522,-1.0410822702400124,-3.850885911674129
0.08157204546267927,9.410694883995896,False,9.55919823777236,5.040473228312137,1.7775877788905214,4.855847606073582
0.07032138119957221,5.981454746063562,False,0.4117145410704959,3.9087559772791325,0.20986725607849976,-3.155447243792775
0.42988949670705395,9.073245471903027,False,-4.067108404167485,-0.34877927254607366,0.3902695194081707,-3.1822293333196527
0.07214574983011138,21.547813611563306,False,6.088382156569816,-2.7413851613950713,3.639164898522629,6.092119515036631
0.27923125367089086,23.953158268275374,False,2.8357115184810544,2.821591121751088,-1.347916413968775,1.552575864502459
0.5806988925656507,18.27707625977936,False,1.8955819476369928,0.8739688047762373,1.012761919616656,-1.2763613155989284
0.10006252349057176,11.219650702792176,False,-5.265908970883892,1.5873487858603763,-1.897154192364492,-6.532314107018767
0.27918681078643454,12.740509418195792,True,1.30056466993127,-0.3940272920016086,-1.9365770654101166,-7.681314627732371
0.06664250786090026,15.138408837355911,False,3.074596063873236,3.289783112023281,-0.6146917370692728,0.37720204709086325
0.08577122042133023,9.07481051990243,False,6.7289233109396385,1.3463782238172906,5.532483294436541,5.452111481183031
0.2682980190763979,10.860271232220418,False,-4.046419258588063,2.5596038974375013,-0.18153843255991342,-6.392633170723272
0.11099963352960046,10.103092783505154,False,1.6757128157079304,-1.2639278524534725,-0.3421091774505447,1.2970429170385156
0.16220711028219917,10.990336764007717,False,-1.1157925431376947,-0.6785504859775471,-0.12410411959928869,-0.012414956788531217
0.04036218053431191,5.857359635811836,False,5.831996245064519,3.156448410451551,0.23942060914015073,5.386963705653525
0.2510065805645482,8.143322475570033,False,3.2621935527058277,2.4283394643049183,-2.17416391576869,3.397689410455751
0.14156806867214855,8.239536019258722,False,4.526208438186985,0.8908943653824108,3.643629398738346,4.1185785293371024
0.044949002361666865,10.027798329033542,True,1.2989717566538994,0.4703259657994341,-2.3074230237809856,4.288955010676143
0.07178113231130119,10.922631972126595,False,1.7799529612109843,,3.4563075623406547,2.0131387355660113
0.06323465846673658,14.734207956414474,False,-1.324956733601712,,-3.66806474823006,-2.519533996951051
0.43186025661749705,14.608899833843223,False,-1.350851523494001,0.04686198959593657,-1.8340547610422808,-1.6213026176922662
0.4460364405556474,15.75492341356674,False,-3.901355687939756,-1.292222416137745,-1.234707568197757,-2.6862196870840904
0.13665900877695236,10.161662817551962,False,2.636928575224351,1.5706685969689715,1.6176393150797885,20.813148900403423
0.3122632905739624,11.990950226244344,False,15.218029707936577,0.6033160519517855,10.964092020858441,19.84595920035308
0.42783573764912064,13.38232019594745,False,13.396502184163793,8.564281686645824,2.6959611244327553,14.975247524752477
0.023546277585372224,9.186644952105464,False,18.52120426179047,12.800190176771697,5.3929327464483645,8.795566149081768
0.8176225027959679,18.700304297545408,False,6.267027888476373,4.027693569151691,0.24206585057904295,1.0372362514533773
0.9064122150042444,25.199341855461334,False,-0.4546952323088882,-0.006359797015420554,1.8531871481095807,-0.011383532136455266
0.9221186270929287,26.25129645532571,False,-0.550907228882247,0.5243669802734274,-3.2264099414962777,-0.4944627044054406
0.15044171462931014,13.888917642063921,False,9.059187267341496,2.4317113389076273,-8.427814654157395,19.708850910900843
0.045997733205074054,16.27979548494291,False,12.456152550021304,5.951589564281079,2.597464642823333,13.909185688018377
0.549255835285014,22.250291010671734,False,4.4363566174895785,-0.47956125573044295,1.8809655197634,10.348064536193057
0.6827848790552333,23.19203499157238,False,7.796414774970484,1.3993886734955163,4.318410082214985,9.245046619280828
0.8294331008138592,24.31811389212355,False,6.2160152914034095,1.9642167902090168,4.482875778734496,6.677977346768449
0.0443290432926539,7.077688692286426,False,-14.384396756282857,1.098048601339463,-6.101628128841686,-21.682828880532035
0.13847065206025844,14.675307714506818,False,-7.357055273186042,1.385950308500905,-0.2492473634957637,-7.741964405791901
0.4453923213879355,16.027750273970387,False,-7.682492110444317,-0.23081496915279276,-16.56928824791025,-8.323801143862742
0.5305809064112265,17.170287700587515,False,-5.915878342416281,-0.7418187909976504,-16.000909918890226,-5.0006134381323175
0.281030011031961,12.332123411978221,False,3.0444709639099177,1.609513585776856,-2.294935006723442,1.712236665172573
0.34005566241316143,18.092019953230494,False,5.568684979663763,2.035460328468308,7.523328649681327,3.8939094078805025
0.03073932427503485,8.743693313703577,False,8.080766063500322,1.5564872048866585,9.603248565628641,0.9203388464067652
0.19770831960386706,8.982849380200374,False,12.11728921458677,5.60206270397039,2.5074141937540873,-6.40389158324658
0.6665391061732839,13.964686998394862,False,5.980532292889484,1.6426694776518813,-1.1573434409923644,-8.70836577651608
0.7738839283517948,16.040100250626566,False,3.4239843647715595,0.05735884575011063,1.285169085543414,-9.535839619305742
0.7718163451355924,16.73915871302062,False,2.562866001117925,-1.9411439899870597,1.1192810294465616,-9.793749306287857
0.4638186907997831,17.32987970776327,False,1.835200542886306,0.36804535368459845,1.0963996814367105,-11.91253615115876
0.04853108639500266,7.922077922077922,False,-4.412364407470825,1.3718309706590048,-3.5621183805126133,-5.718053671972633
0.21683422184753923,8.839601414336226,False,-6.983886380636994,-0.2096556753359513,-3.323745605624795,-7.056569153982906
0.2841505126486345,9.690158395586483,False,-8.79282043298868,-1.5684893781758968,-3.4469471304460986,-7.357345771663026
0.7537544078268947,16.225962133626282,False,13.85380841006194,,-4.668049718642342,-1.244818006890358
0.9662326875628826,28.95005297413013,False,-5.771851272814931,,-4.330315125485484,-6.44511714923418
0.6318375257866387,19.948936332226683,False,5.13263126561776,,0.3557573008571513,-2.7253684695658253
0.26134085126996665,22.201778198861835,False,4.660703536371136,,-6.832937309165599,0.594691826726379
0.3589079879722937,16.862470221897798,False,1.6256033037231221,,4.590198968978454,2.978841039059632
0.43647749526700247,17.156288419130057,False,-1.925655859992148,,-4.892723670974874,-4.559490773145369
0.700097930866248,20.050068147051757,True,-4.90859842677378,,-4.982239642682873,-2.214330971404499
0.5498261936970854,19.58888749996133,False,4.732578772809326,,0.48594025228216875,-2.6900381241975357
0.4644801277873081,32.15384850135216,False,-14.734021028795308,,-7.319779316731168,-17.63400996238158
0.09381465125352853,13.501260983253305,False,-11.883622950319594,,-12.24096091396839,-15.710846314947291
0.16490474638488917,11.181460653113,False,11.995276575166525,,2.5896663607904546,-3.175415081096933
0.9324372241712316,23.806110802449965,False,-5.249325798417215,,1.7035420737880447,-9.026827174269137
0.6007506421120752,25.576072769592407,False,9.513970868355258,,-2.177879710874997,0.2869082157375358
0.9219930787659361,34.58296465283854,False,-10.373906792225673,,-3.0761217059453227,-6.673621826273357
0.11289785080676527,15.085775201461324,False,5.540015758048478,-2.123555398792376,2.3081464165355836,10.416050325558214
0.16536875583342533,15.354222283733918,False,3.4774377598528083,-0.6333488719217795,1.78185988559878,7.8387679090684115
0.047176904637222544,10.179165275640715,False,-1.1302543997833148,-0.4282338738911595,2.8967336328890925,-0.46496490570668847
0.17611390564868057,12.879664864484289,False,3.6031110867721816,1.7749570157748806,-0.4257387001764812,11.554402807396524
0.07433500060779635,14.484879328167139,False,-7.296378980035145,-0.07821825898735035,2.424560635753581,-9.007480634339448
0.5976598606600934,19.218753633045015,False,-12.615127400802894,-1.7190831556503028,-1.465360816480732,-10.730222752939532
0.06687439861214141,11.152755267423014,True,4.280058379093199,-0.41687833119651296,-5.12600417878436,11.898561290826137
0.20241209956230594,8.062670108764319,False,7.940752811812746,-0.09521127516057826,-0.4793526770643597,9.144544559306599
0.1693682262103256,9.097877713835928,False,0.07925268257680251,-0.06328364498582317,-1.645976475842037,11.375856505520666
0.22790198816391463,10.348266650873338,False,4.5725848858021445,0.5362424722474834,3.5263081688938103,-6.2513877869302625
0.4463121730509121,11.671644842892771,False,-6.7583574706535865,2.852728265093729,-1.9892733332406043,-9.499574792475784
0.06976130018427497,8.150660025948168,False,2.2383363248546173,0.6651577935117281,-3.435441953044105,-7.352502097695823
0.2759884071107812,15.969544778138529,False,-2.7336790400512623,0.5570743090043351,-0.1075045612328962,-2.8981703444815987
0.30195624697358553,16.70871231370797,False,-2.5807714074213117,-1.3580558559045386,1.6480467914880004,-1.623509862502459
0.15351384921790268,12.174837436388604,False,1.3741009503437374,-1.377828770715439,-0.6876042827192785,12.085761422629314
0.0698259279546842,6.428795108317886,False,5.1746181770711,3.6515014564572956,0.19806259615722244,1.9076777287852842
0.04182211494364368,4.4539485365580145,False,2.0215952608369614,2.14477849984529,-1.018338559652343,-4.120563493489415
0.2046318639393973,6.506356123554912,False,0.8472135349265386,-0.04888850544960688,0.2889745776127661,3.660022342630165
0.055813162208872696,7.583007812500001,False,4.703115624765641,1.6525413135328515,0.08210555080956361,9.864265150519325
0.28464144370296957,7.762857640172774,True,2.138368737208718,0.26438140165343516,-2.0300771830984887,9.888479576383503
0.03693020972599874,9.816082121471343,False,2.855273594601848,-0.6273167949814584,2.44021792211091,-1.5104901319277997
0.15873615641277858,10.50509337860781,False,2.069452319261078,0.23059739766786436,-0.032479715009037236,-3.8979612922872775
0.22358062446648747,11.667364893171344,True,-0.8018141383572264,-0.4641643062442191,-1.5671091701927486,-4.410113373336544
0.17046646106656757,12.528513890702534,True,0.5384811762117359,0.3557125142980233,-3.0057021432077335,3.0121763025562354
0.13013761750241956,7.645466847090663,False,4.652650145752979,0.8152741030975186,2.1671826625387025,4.551920341394022
0.32233770394600947,8.893709327548807,False,3.2381891643069594,1.4035445997112816,1.8259231965938039,2.3335789732252588
0.13950460764534273,13.598326359832635,False,-4.1112429484377095,-1.7464976373363195,2.0978434169673488,-3.3649408408156445
0.05623662703414946,8.291930786362858,True,0.6787204972226402,-0.07986451160335584,-3.1561886889021618,1.049219483067465
0.07260826134124013,16.97451840540406,False,10.558319513543402,2.233926412540055,-0.9584664536741228,-5.718847890250601
0.18701454480239374,16.97451840540406,False,1.4988711832457868,0.8967880015477991,-4.624996185302733,-8.093748092651365
0.1507992242633092,12.298585300507451,False,-2.0599043931105676,-1.331877809394666,-0.8911465791153317,-0.28316510265243844
0.29721157375689794,11.462450592885375,False,-6.3575379609794425,1.4610783970771202,0.7246884302281709,-7.231355604213208
0.2529970370723085,15.991668701171863,True,-7.048094134227945,-1.3266998341625147,-7.338528888893158,-6.090310886475303
0.37654592974298323,16.685952430914245,False,-10.30796456163461,-3.0878677076426886,-2.4352949973246996,-7.450147554499031
0.02740444359106056,10.213880653941139,False,2.6527805894759338,0.5414137140708597,6.500667412649075,-1.5457874911461778
0.22364159441800718,11.215654780882971,False,5.475950121230833,-1.0774578043468597,3.498614047764037,2.693178134676777
0.21291292288405883,11.738910600951796,False,4.79534858078523,2.07072086413842,-1.8854045232497008,3.868760710933561
0.3470692844436251,12.52032644380399,False,2.989117468425184,3.8304462270077666,-2.549819569546752,-0.6825692396290162
0.30387154216580664,13.158896701069631,False,3.3663648991870243,1.728744832291218,1.5119014716199919,13.503299644048262
0.10219637605843318,15.28558974721394,False,5.288885844076319,1.8067324955700625,2.1683589065006226,13.448198879158003
0.28103816402758997,17.803304026162305,False,2.159697663303062,-1.2118159940371243,1.4374387455080129,11.463446140796174
0.11145623837599904,7.148319891807323,False,13.54430730346703,3.61939490799823,-0.5543199637232488,12.053456511370552
0.39563881010247237,10.503717896183879,False,9.441136077158152,1.6452765246352419,-2.0996807475499035,8.265956615288793
0.15069837781000692,14.822941547905511,False,-15.709244047213522,-0.986035251738504,-5.061010572167124,-14.316652652505468
0.22226569214485187,10.301457256025405,False,-6.00543062894311,0.6166481833578263,-0.5677947011834883,-6.5920968272946245
0.16240436065813707,14.437009352090021,False,6.033453221269647,-0.028186721505851775,3.0375405262754507,6.666667245308644
0.10855992097724247,10.740582601320234,False,-10.410073931210173,-0.9790073097669438,-2.1870392021912655,-9.351830825184049
0.04730519581345703,14.788417348882934,False,3.3663389804637234,2.7260756421535026,-1.680170998002295,-1.7889198439894671
0.2721450636012176,17.00650626821787,False,0.18238393638843053,-2.386117136659427,0.08287750592663734,0.6022445586512992
0.09060230893592038,9.276018099547512,False,-0.4522298163264882,1.8796800978045036,-0.3458443320546789,-1.8909970026824596
0.059940746663866055,8.203142347834163,False,0.4378039552969337,0.4594546998443194,0.2463458834639498,-2.0788355363987154
0.038274749671726345,8.789532485811213,False,2.85026146412386,4.622847247289341,1.4786254271755839,-1.6942626107046554
0.408711086181284,13.51700831767156,True,-3.4472263477832388,-0.33090873125073417,-3.0149817618540076,-3.0530016849991792
0.5739746961135621,14.37075743571025,True,-4.659070885212202,-1.1198752903249232,-3.6958300809349254,-3.5061055539076125
0.20359799466013245,10.153496418084561,False,-0.23127224329169138,-0.9318953314708223,0.46563958460956734,-1.947225561629784
0.1052062029924347,11.445914898791369,False,-7.39639369470847,1.1617059836192878,-0.08616263642416966,-8.637280629717313
0.057717299531229574,6.1894294920298885,False,8.420415840178297,2.3966338910703433,-0.9331331704523826,2.621632308646671
0.2050752151113194,10.119920070543003,False,3.846086495566836,0.04089122580763771,-2.3467397954412217,-0.6570853798480991
0.04549696933543672,16.422898230527384,False,4.739949443404368,3.36239822952602,4.701901429821587,2.3396589353263275
0.3112427920596905,19.70021763105622,False,-2.193182625784895,3.426474803559443,0.9944226283503665,-4.734316426276786
0.26777010159827697,13.764312977099236,False,1.0168576176251554,3.86521126921453,-0.2083912292075163,-1.458738604452603
0.5071219112619954,16.927109135165686,False,-4.759681191447496,-1.0645890963464466,-1.8936863313515073,-2.381166542273272
0.39026958147345314,16.998030940325865,True,-4.5269041906083825,-3.5855006868141803,-3.8241938186769464,-2.571119116312215
0.16433750511376768,11.178509532062392,False,9.142334154886322,5.219142487572959,0.8440487048823497,5.211830946578555
0.1667421232480597,11.793951792249171,False,-3.0004386252065363,-1.7489801053524268,-0.2974620156117047,-1.2737359074704968
0.13880463225362025,11.681339102731624,False,3.260110049581555,-0.13839468275369526,-3.609951364068875,-2.0267855995679596
0.048152780055534486,10.856597193828426,False,0.8700145291800521,0.19914907397526882,-1.5158077089649225,1.5851060050346533
0.16801797613380093,11.779294368851582,False,0.48134009167168923,-2.114747051738719,-0.7203519929619873,1.2348876353270422
0.23399650842579586,10.717106869346217,False,0.05237132849322812,-0.628436763550666,-1.9232063556366863,4.903180254143424
0.09591995316336278,18.639633747547414,False,4.8127560748213005,0.8691011912315583,2.990069653547822,5.664383269618378
0.24553446733351963,20.025715204114434,False,3.02713213654886,-0.14568750589706303,2.2536622460890277,3.1628160344382206
0.3077150809102477,20.96569250317662,False,1.816203328082433,0.5139486809914828,-1.662574721843979,3.111028632441215
0.5408970347737816,21.898545839746085,False,0.6144519874351717,0.8268520857527717,-2.1399044060036454,0.7571078729778247
0.2704204951872424,12.023480943813555,False,4.309059805890669,2.057076251884049,-0.46896888469827314,8.765515557650861
0.4175593740291741,14.877165342491041,False,0.9255986300889418,-0.048108505211919006,-0.8515566313849976,7.704882737574947
0.4248393481387076,15.895873940901792,False,2.973972301167449,1.3189629943588521,-1.3156119715550307,2.4895443010160667
0.5224060967333126,14.62416271235319,False,2.213761767400424,2.3339693755425994,-4.639340160108018,-0.9904184306690378
0.14654331645737034,9.668508287292818,False,1.5433846768832193,1.3990802607087405,-0.5477951154656879,5.279373753562577
0.29934067014767446,10.601089560920423,False,0.4336209099227162,-2.047144661129119,3.0474163997123327,7.182705718270577
0.10206097286806061,6.593551824005861,True,-9.158036251645562,0.43803815041649763,-5.003325503529899,-9.548169513081394
0.04036627908379283,7.294924907189487,False,-2.480041963452162,1.493018988839978,-1.464186782746335,-3.4507301611347407
0.3430037482852909,8.733280881195908,False,-1.710957408081526,-2.133707889667502,-2.4281841589886,-0.37295281336143793
0.11620962809115187,6.813709027860251,False,3.9259547496930836,1.0592118991300747,2.353247287121807,0.15292234011210493
0.12301003270626676,8.60305028394194,False,1.9303929940813758,1.121094578358095,-0.5395086102729096,-1.3197230884517297
0.47818874364583414,9.723374361453686,False,0.6809522429811476,-0.9425313637932531,2.200094212872683,-1.8152980424125387
0.04647509586984942,10.54734671729684,True,-3.9162978549763694,0.48637786479130973,-3.8964890684374254,-4.144357406779164
0.04690916876655396,9.641956792479768,False,2.261604862052713,2.968319044691947,-4.512259256237272,-7.142850612762819
0.055050231301998376,9.878682842287695,False,4.644186178365439,-0.3138822505031946,1.6100694370234425,7.513639472852995
0.08545340554902035,9.878682842287695,False,3.9408384643591976,1.56966992336951,0.6561318540585948,6.164197473356459
0.15508716996995772,12.28214117478267,False,1.43420608274063,-0.8357517318993701,1.9783199135875895,2.289088914890902
0.2095471163014952,12.28214117478267,False,-3.8695982068535417,0.7062654113873634,1.9444218607250763,-4.216650197224081
0.10232708970479408,6.237774598499811,False,2.4448898343590653,0.48328527310308456,1.5274569982053787,7.71924427915347
0.21924481177069427,7.8328420424602445,False,1.9532550875890786,0.680031793694269,-1.5859148189589334,6.197465740824826
0.36387542367428855,9.407489961036894,True,0.21141466988034985,-1.4668586846980913,-2.4291777615586763,6.003232811812564
0.2488911226952263,9.273624823695345,False,8.512446541205287,1.3058790091766248,1.4651743589782606,4.645512502480442
0.46808493070438306,9.926567552042872,False,6.5881489316146125,-0.7456466384356819,1.386289642815508,4.089554446305721
0.4174471566920038,8.877159011889889,False,5.477545959115937,-0.6884994232568498,2.3747655626704667,2.614294724794597
0.4740941282264141,9.584574793092802,False,4.446547851858673,-2.064477499876416,2.590850294202207,3.4499283657725144
0.5076594212649499,10.891092019682164,False,2.937278678883337,-0.1447188339351535,1.691284600902554,1.4305785189384412
0.04175272841440815,12.991429445241637,True,-17.66234603975284,-0.7456189412598957,-17.58055057134348,-20.345071023127304
0.18408810902499448,15.117147074836454,True,-0.01927696069046192,-0.6619016073290518,-1.6323208096638897,0.6469065313676303
0.3166359783335346,21.82745123897557,False,6.6964956364928385,,8.501924008876948,21.756588499263252
0.5090872534664471,18.426659137883078,False,15.081786138854003,,-0.26018888819443475,9.0469802129175
0.06315861787451403,9.62162327122044,False,15.140512006584483,,3.4944325483811323,1.4333067295632995
0.8481702836531487,22.91378439224923,False,-3.295872420460566,,-2.687990459215994,-4.366564530676209
0.03575578584194003,16.44155659200824,False,8.523599674683346,3.4445674502157075,2.88166443482174,5.1942187520460426
0.13961339631784037,16.44155659200824,False,5.0135302700438755,0.9316062883119924,1.250557571715638,4.2749442969616025
0.05798460702387515,14.243551099602191,False,7.626929205219901,3.9124547015593425,1.8008434052191324,11.481030002100546
0.3507034223283517,17.060587173799444,False,4.091463989323207,1.1467465388069753,-0.009914393635002128,7.949642140302049
0.07570007720342467,12.637945897000924,False,2.4875646678914176,1.194706738416773,1.3827625743187744,1.8806971474181866
0.2327282012293435,12.637945897000924,False,0.27338406245589475,-1.5454037198868287,1.8723098966100915,1.5478679054808042
0.15023502751704476,12.637945897000924,False,-1.6073292419585439,0.14604623392133753,-4.878688194758817,-1.2196670187616276
0.08781703297087258,15.327126330446072,False,2.794269864565746,1.6514306646410626,2.102131295761933,2.0115783424180744
0.084666504677641,14.688255971069312,False,-9.390934478113532,1.737588712037219,0.6273310070139315,-10.331467424753082
0.06649114100953035,7.428160058883517,False,5.7375249372213055,1.5257744981391541,-0.9996927384475773,2.560444449010313
0.03192823322896783,8.45175102937765,False,-4.718190595273885,4.461784397208035,-4.178022342722542,-8.870725829887782
0.04250772841593037,12.211981566820276,False,11.218104432564303,2.3798032402431835,4.713275855762777,14.599937177144163
0.2571160847979355,15.651983683061491,False,6.859986759552128,-0.14506270007089705,5.364902809400296,10.523460653634299
0.5601720545495452,18.240343347639485,False,3.580809707581345,1.7231426337164901,4.441869293449496,5.781809295078699
0.271985788891641,12.39937702568692,False,-7.3209783578960685,6.356761086209839,7.336549126635439,-2.1542615329828485
0.48753460603458,17.37479862142003,False,-12.584835966360252,10.093416808540434,-6.497666738763341,-14.983320586119909
0.9216651388637527,25.214746229020324,True,-15.014595666190921,-4.324030192851525,-12.72065307701581,-12.909310193323776
0.03560599006629018,12.719480375040915,False,-11.888988793019351,0.8152580085620587,-4.352740087005291,-11.786315186040785
0.05788390272509317,12.677651260233755,False,-4.386538166786369,1.2985120796962235,5.696643032208004,1.753893613848967
0.17806203892142536,15.313573478420055,False,-7.272736855222506,1.0111400269500193,3.872996759298042,4.091961527220356
0.35517472821085505,17.196762208347373,False,3.874156922387728,-0.363412050260814,2.327777859462654,4.831499525282101
0.4277615060911661,18.03628009275128,False,5.117429157018383,0.3520318129878852,-4.022300316470496,5.124125480764308
0.6352285973505682,18.93389568247354,False,-1.954803927785631,-0.7469611111689756,-1.9894565989377333,-1.6073797374217769
0.24113669044776623,18.23247505266131,False,-5.087890624999991,1.8905472636816079,-1.814355539827317,7.454642917040832
0.4716302058493009,16.547882621099657,False,-6.680541202931889,4.354996491368568,0.025821354677946218,6.158018811057819
0.4587543543304703,16.881314672604955,False,0.5201235722822162,-1.1508131321964932,-3.687335687183091,3.6873279797509984
0.27754678351992157,14.017979515813462,False,1.2187173462267387,-0.4975124378109319,2.3990613419377027,0.3510801150989451
0.24123134940437255,14.017979515813462,False,0.8014233830387685,0.8587271462172419,1.1621214140248526,0.5334325895858694
0.40104958056433304,15.1538053615564,False,-1.6241682178956385,-0.29096346250283567,-0.19047619047618536,-0.20951915922619024
0.40256707286557664,14.079496284911261,True,-2.157757147278716,-0.40424051898088065,-3.5486226521346587,-1.520836642364909
0.0949824636704477,20.47366724769575,False,3.004744583851382,1.253616073020214,-2.171684759256065,-2.582075222491831
0.32022946797714114,20.47366724769575,False,-2.7681795612359616,1.671477003076527,-1.3634027804745874,-3.416931261939149
0.37375318422189424,20.47366724769575,False,-0.7312864034757172,-3.8203885086661282,0.6292670467966,3.9154038402327673
0.15723258937087992,8.361774744027302,False,1.9985417973326758,1.200482230485811,-3.4482698141935386,-4.9019609866071345
0.3288086162064072,9.443507588532883,False,-6.0179749505528735,0.6434921166459162,-6.500926087787895,-5.912987221372656
0.3934285315359567,9.959762237169672,True,-6.3869197578659715,-5.502667542890594,-7.408023821491627,-6.592314935303445
0.09642737740345908,10.67879057978043,False,3.205689953840718,0.5334911317227631,3.154574132492116,-1.8506809238630462
0.08045211250962969,11.926607898058563,False,0.5813264003744489,1.4527018321357277,-2.62996817461455,-1.1620819993947373
0.04050432417484492,13.742437337942956,False,15.404798627600647,3.8263273476368376,7.808699898097826,33.3739172894022
0.28996136966696556,13.742437337942956,False,10.099981344632013,3.972768320420883,5.857957228392019,26.468636983416772
0.5610266328315285,17.370428907639532,False,5.104548235057704,0.8535647380538913,8.199464859742722,32.71419143019796
0.4266450941695645,18.993506493506494,False,9.194288298765919,0.48781669347055523,9.049842454670642,31.085649876206634
0.0849610945934651,12.547322877230934,False,-4.226954553494943,-0.2698387937166369,0.9465795275954703,-3.8842293678786777
0.17058930303546516,12.644035433545536,False,-3.333129845323912,3.5972401367647455,2.8699600227329425,-4.165419809962012
0.49003872905339385,15.914043785864889,False,-6.390013540523231,2.281227310459877,-0.2436647173489237,-7.4074074074074066
0.0864943173701448,9.696717603809414,False,7.881751068317766,4.8614471150292715,2.5827646284588335,-12.31551670356591
0.4997954694872645,14.894667117231803,False,-11.48008137343497,2.1497226618949483,-0.1749710161609408,-12.55953701802872
0.4144616773055688,14.138088059468734,False,-1.2771666955030736,0.4968400188588129,-0.14683180396177775,-1.3214379810723598
0.042684309683432134,9.976751553180863,False,-5.166846091728694,-0.8591488749797205,1.2291131443733283,-3.870622578335592
0.1798023790260051,9.025578451945394,False,-3.7403230352516803,-1.1312862439395333,-3.248482182012302,-2.939614006115099
0.05936802164787368,7.6923076923076925,False,3.187361238536024,-0.06013886610900521,0.27508803186400144,3.8402316112280843
0.1297746522450121,8.272640110731782,False,1.9019424518956551,-0.48814184651003734,-0.6844109248926533,9.81624560648151
0.2652948350163811,15.94884435193458,False,3.840725537235423,1.7968763361850826,0.6461735246928946,-60.13315073911062
0.2779167243469315,33.20997945644526,False,-13.068141247242293,,-6.398465912646145,-13.788178039074284
0.03484993260643715,20.073953095960743,True,-15.745834806373205,1.1049982323521723,-9.784692283220409,-17.82296507349621
0.04567390142125272,11.284657512803236,False,5.652358626628562,-0.3196671332358014,-4.846347846135712,-0.19496712121217508
0.20869130426426682,13.438199504037934,False,5.969034250709249,1.4254583494920148,-2.0023053789629874,14.919822412952932
0.38371899705269663,15.011909693175946,False,4.042496817592478,-0.5501989302331922,-4.748378948315013,14.759922919210734
0.25322623461460847,16.083263208154662,False,4.228225154790444,-0.28616475271723285,4.883026554446102,5.427475191650011
0.35130396630376415,16.95115076967844,False,3.15027117767237,0.2722017312617897,4.716267973333865,2.564105195467059
0.16245181261199362,14.698929211811365,False,1.6668374382376117,1.1575791979333339,0.6518012197426648,1.6352939503728292
0.2977084465236149,9.798079270582921,True,-6.816875984784598,1.6360551883012997,-4.848742838651643,-7.493941701902629
0.04136236482384359,11.479344018638882,False,4.361656659835633,1.8992002033212385,1.0472465340634063,7.413073108175849
0.16952883814030315,8.121104713403106,False,4.239245013547421,1.0916328632408323,3.6799737413985234,0.9947546119239092
0.4625432993291524,9.317751680407719,False,2.881614667653287,0.3866296781488421,1.2524171442608312,2.722652388103808
0.3095532105603861,10.165198243559349,False,1.8541726325085106,1.9141644864979268,-2.8312422682156835,2.4074415107603775
0.20121792623743934,11.400012505949304,False,12.516075915320446,2.8344540925431705,3.5198272475411407,19.9092737852266
0.4318612065818872,15.710407388047118,False,7.042161849455697,0.4198591109074501,7.12324504219104,19.246695210945152
0.0465002586440738,11.279628046289453,False,7.1041081134398665,0.9120402159701779,4.733476392829372,13.077689020687334
0.29892747430341826,11.984234547088604,False,6.2535001958085035,2.1757286743638193,1.8925367779897728,10.30346554900885
0.5145603326678134,15.155950222441838,False,2.4245737483927554,-0.2564825356512923,2.691016973670046,9.114233983729193
0.23478157770324953,10.571436589625224,True,-2.370882576050193,-0.7141951693713455,-3.863169986676307,-1.5707109561161947
0.07910732324484383,9.642925595813294,False,-12.535608846212742,0.645312851981128,-2.78879840902011,-18.604773607822445
0.266169631862577,9.642925595813294,False,-13.583012848638443,-0.6576518238323059,-3.0558936792741243,-18.419763341324625
0.046108635307443135,17.570399294462884,False,-6.236173272466006,0.6918225821073376,3.4418348390178544,-10.411982779340413
0.15021158290037653,7.221332900193525,False,-0.9574372444538515,-1.0554488765192604,0.09905712942503975,1.5621427445885017
0.19984310081814016,16.99346405228758,False,-3.8532810188233624,-0.23737521542612772,-0.3971934797700083,-3.7374672866992698
0.11156527301562655,19.620721379740942,False,2.0970326154530428,-0.5312078281130672,2.25432133939214,-12.695732902637802
0.08947278331933145,12.867277648377087,True,-2.1465277178194464,-2.4993751639663553,-3.8109287729643615,0.3618924973458171
0.2441417444248428,21.155053358443187,False,-11.303760704913412,1.0645360325530984,-1.3087866402236692,-10.571073130603892
0.21220612642958517,12.957038654433445,False,-2.6350974696861096,2.7109628281559717,0.18508235421701436,-4.4563758119695045
0.3284274510386074,15.646816200684654,False,-0.7209127286629813,-0.292388369261809,-1.4871279442127738,0.13314488477895736
0.20309034519076768,25.717703349282296,False,12.604282744340845,5.484101786014306,16.189344533050832,10.060557703819528
0.4793219022634947,25.717703349282296,False,13.289995729861449,13.786299645325695,2.3166061362651647,7.332086700117202
0.7024328203077967,29.671574178935444,False,7.702335766547597,9.681866244466608,-10.223759184495462,-4.668015580777817
0.00020769570161562902,13.917861799217732,False,5.647353414885803,-0.32252323723629406,-1.5690833838658436,4.118437526137497
0.06558757373416044,13.917861799217732,False,3.255245659583017,-1.329634129283641,-0.797655881844217,8.417477846201749
0.11999186350314048,13.917861799217732,False,2.4862531941261645,-3.337642496180504,6.706087425260399,11.841877936827983
0.04077222356257364,14.668820678513733,False,-0.7836392301416861,2.170890298105621,-4.666496927983877,-1.6977704766987012
0.30279211316545596,16.265060240963855,False,-2.17271592753574,-3.0245127456014043,-2.774966448698113,1.2340375267665182
0.09326462163721637,14.99489583477682,False,11.754280253121085,2.0604184393782976,-6.385156353089361,2.4317400382832144
0.283313420269936,17.90178843614533,False,0.37119268011664985,-0.491741738714635,-5.232216343327456,3.653734533454589
0.34627509032579307,21.179975137612143,False,-0.23516020396626702,-4.046983836885854,0.37903914748271816,8.619986572612227
0.05061573601735053,23.3188163943407,False,11.55892797215472,,3.3257386712212567,7.6475142559625064
0.5479588143379015,22.19269204377336,False,6.370140624612608,,5.422225395043778,5.52870821936422
0.6316438491188621,19.195049041453682,False,4.342224836741071,,5.402333951012261,4.58306276461522
0.6434004362224244,18.474927912490354,False,3.280147426083291,,9.272118475917068,5.1956520590153765
0.14841467967655653,12.74545638349998,False,16.7901129709618,,2.86033246770252,-0.9106172529678824
0.7820269147370276,20.854076215142463,False,5.936734030165591,,-2.5760222222642626,-2.1858812969763664
0.9084708251228284,23.796332156341283,False,1.9985276111119665,,3.0408440502927903,-5.1341090615460105
0.7031284704821601,17.101524081932105,False,-12.564084370738303,,-4.85385959857525,-9.161986674689826
0.0448667467316813,24.49567669484963,False,5.244665957476591,,4.655883818523865,6.468923205764376
0.27886665563641383,28.949150473384545,False,-10.50847210583733,,-2.0081668283260523,-9.693662917650936
0.6324535834022664,25.559948795606115,False,-12.925495272451236,,-3.2332992132940053,-11.804540801812824
0.05340307862348151,14.056182175539853,False,5.478228208064317,,6.428937716519867,16.918838498769915
0.4496922145254097,16.3586654824489,False,13.435012724772676,,0.8532516771001308,11.558639714028507
0.7449364776931094,20.10236864666727,False,8.357774078110802,,0.9767372167672761,5.881432882319104
0.18009246775487586,18.964285714285715,False,-12.771851540289614,,-0.45080850290697416,-12.178887382602866
0.17966486458192765,10.269619726938943,False,-4.619486191592015,6.035700700804547,-0.8895146901473749,-7.0455382158930435
0.0712486168918045,10.856086759109779,False,1.947829034027282,2.204846529575377,1.1074152503249834,0.4849503011424172
0.27794939866677126,13.362497007780036,False,-7.256141790579984,-0.4047294103534993,1.5693649997315262,-6.450217922446022
0.4910056435192167,11.304103310687879,False,-10.286272824277031,-0.093782867145209,1.4033543422777406,-10.227517636343642
0.11393337963395514,12.017556124893476,False,-3.802173065029446,-0.26676896277292306,1.6633399529200954,-2.9191595869304754
0.1286517782784351,5.876556793110525,False,1.790754056352739,-0.8419804827529243,1.9844739138837664,-4.092199273581554
0.16785404279889127,6.093542914443891,False,-5.527925542612189,0.5595968031987475,-0.5680459352608191,-6.030943067641303
0.04327316912213461,7.099497051940694,False,3.9274481051969623,2.1548384407368726,-0.33765916700488896,2.7922077922077904
0.17230009422466025,9.278350515463918,True,1.4899728163307424,-0.4077534739919786,-2.3046252263082545,2.3947438256225473
0.0770652805862779,5.175886869460294,False,-1.8952840313869568,3.245673488028622,-0.2879520807244407,-4.883670101118565
0.08511913432086957,6.843024811942803,False,0.40458261132232387,-0.522228920474499,0.9316770186335477,10.944096346079203
0.06427306373688454,14.619163552163657,False,4.066073028880246,0.28685527147820356,-0.26431194356297816,9.992882644417445
0.12950486506245212,8.127304020842953,False,-2.434320609676466,1.5219107414954802,-2.261160865222711,-3.4780174769399985
0.1966297929548798,7.447962696196267,True,-5.098937492261535,-1.1278449382048916,-3.3611248428225937,-4.520748523887097
0.11201763698073336,11.397218332032963,False,-6.44431011494574,-3.092738762310465,-2.4969086545987285,-5.873676004650063
0.20407649452974097,9.022391797184913,False,1.0558797533812836,-0.9849484437362221,-0.01609981162564722,-2.8605172428900594
0.6495574300242317,27.168712810608607,False,14.132214645804964,,5.270542403921019,4.740375018356713
0.46936429633989923,17.32793851741734,False,-2.9884300216822313,,-9.017931791867673,-3.3382407535497816
0.057041959541173914,21.807394723218874,False,-1.0794778725399246,,1.8354492851087922,-1.2259887362430888
0.08722360375589366,8.830110660525815,False,-3.7872691476493303,,-2.632618012785126,-6.2808135910402685
0.3041012475749181,11.921374721667691,False,-7.117973983354098,,-0.07910489494957762,-6.08128159224206
0.18152279727696746,13.948303323971425,False,-1.5545890346111313,,0.5706565967504629,-5.520828910495923
0.7074220948054942,18.999998910086497,True,-7.333862044409645,,-8.213266949550457,-7.234967433261119
0.07550284020090249,11.678828102708067,False,-7.397318680257636,3.1339652610024915,-0.35714421953473297,-3.214284351893837
0.4379845178560473,14.788728563399081,True,-4.001121201850011,3.006096326228147,-4.844289401417889,-5.1903114871953875
0.5891430509781073,17.406138590168553,True,-4.572695861434973,-6.270690573945615,-4.2857170104980575,0.35714421953474407
0.04231751792698475,10.037170609217783,False,2.5063333786184083,14.897213485289518,2.721092363228994,-7.142858533052965
0.7479808431654604,20.394733333521547,False,-9.662212857410001,2.448283679705998,-5.787784959262177,-11.254019154563743
0.0837715424411293,8.955223880597014,False,3.363775858203155,0.09653453015356916,1.1869368015609227,3.264090353762783
0.24732660621508196,10.029502574751746,False,2.4376640543266825,0.38303827046841654,-0.8771907320705097,2.046785810888063
0.25573619025593175,7.558145853169214,False,2.395001607205427,-0.20826544693547389,-0.5830926162918249,-0.8746333636544312
0.4851476867583302,8.882527659833087,False,0.9280245709540447,1.783344601016168,-3.3707780889780325,-4.775272531199615
0.1400082907195827,5.113634085359702,False,4.873353883990017,6.286741460773104,-0.26882335152527137,-6.72042996969674
0.6706861383206857,12.10525914242393,False,-2.8541542966192823,-4.948941510708171,1.1019326013387953,-4.407709387738978
0.3552729680116971,14.20764773874951,False,5.483513728241274,-0.2256414838715637,10.899182334729796,6.539503164275717
0.4724033163686617,16.489359327655524,False,4.530543037431345,4.001272446090565,7.216493020922732,1.8041257131542254
0.7712828854580817,19.48718046530699,False,2.308964087565002,4.094908118536944,-0.9828047134661011,-1.4742070701991405
0.8568492864803868,23.786410104206972,True,-2.188090494075434,0.9515492030390593,-7.692300638503314,-2.6442271982422993
0.22245693015891052,11.456313642483314,False,6.371495475937072,1.6613156261457984,1.9493177677818885,-11.89083540904672
0.3485523359497641,13.20754716981132,True,-13.827088095599526,2.318595700741577,-7.933577816479986,-15.313651513333316
0.154580829717086,11.862833526380937,True,-9.673134688714025,0.7013137731225472,-2.930400115279308,-10.302197730220207
0.2524960285199834,10.858721148576864,False,10.36232303287643,5.511226133378266,1.8242118348398506,12.82476326840898
0.31305941180500163,11.349859555033945,False,9.754263824329357,3.833454940894865,-2.072260339917509,10.892673632576955
0.07753386526206607,9.257429547548595,False,2.3102294138010127,0.9309836817184447,-0.8353811946300693,4.127764800205003
0.3002550359649428,9.715405415953166,False,1.4066141962271184,-0.8392761301771356,0.24642303994319992,5.224245530374505
0.2959240570707198,10.480348294251026,False,5.0545409028308175,0.8060065631049884,1.1555116313367808,4.766488922960566
0.16305292773333777,8.836211538768257,False,0.6175944114902965,0.7462643619917886,-2.297876236286567,-8.893617670586773
0.13552875435778194,14.512922239048981,False,0.24430339492191866,2.0741151534829694,-0.9905931532893208,12.431897783498469
0.2553927501781451,15.851270481718426,False,-1.3250775080184796,-2.7368099804419788,0.9576639747799209,11.189512582059734
0.19707497753818565,10.658176689390912,False,4.805063029547729,,0.10640561959873729,2.9155165747989376
0.25559170944366794,11.10172582125976,False,4.1857027410618475,,1.7819249056522102,0.8909656897351459
0.09354043839914315,11.60545389149398,False,3.5953508644637644,,5.0170081653336585,7.440476287017561
0.15626356541226535,12.299465240641712,False,-5.93305251175612,,-2.6076149284638306,-6.036800741971193
0.03744909534640916,10.797764060202434,False,-10.07866999069008,,-2.5099419127013634,-11.605363418933468
0.030370332930486847,15.541205929259535,False,11.302623687703473,,-2.037350023086193,18.918263960552608
0.07737533890643052,18.767903026967844,False,11.975937297811612,,3.333331920482485,8.49537319607203
0.6897843256942476,21.75712471063398,False,7.855387511554324,,-2.6779856564056903,2.7215328395859606
0.1000494846989449,13.3771949148525,True,-6.970993953722704,,-5.666536969725189,-7.083176754760823
0.0878486347883774,11.153914972682529,False,-8.018152410708757,,2.0075193908868805,2.186762975084666
0.253608463353053,14.690861832084611,False,0.852091846818559,,-2.7981812419683227,0.6295971839714642
0.3826618672637807,15.920141008165137,True,-1.3094272054711031,,-3.961246211037428,-1.1762650199174551
0.17801963800667903,17.20053927623345,False,-18.709942383905553,,-1.6162753621005388,-42.17935382504996
0.20817424383685915,13.814154415400601,False,-6.166660891704945,,3.9227026422321343,-8.70666493357507
0.5811162830855463,17.72661826593413,False,-10.626723594888077,,0.1346471824230866,-11.51665976362396
0.7493400995290092,19.322750892168212,False,-12.458870315461368,,-2.2397963586527903,-12.710853680522149
0.7882100549037748,20.306619783727132,True,-15.336211989445726,,-3.8582028187369777,-14.966222168569509
0.04459723103402806,14.201983573755573,False,6.545718984978222,,2.5839069097369105,2.823654970362055
0.4643664961370717,17.997496845593847,False,8.503871229129212,,8.357521740257479,9.22827182424335
0.24791228183768527,14.1249974568685,False,5.2487564719533975,,5.2943536843532035,6.041408623489364
0.629988746634405,16.30127127771527,False,3.012162381058947,,3.7285085793280937,3.2765696381262144
0.6602625422227216,16.866898055411898,False,1.1253663914844836,,-3.1670973240378153,0.6381450852015025
0.1415016687267423,19.469448088675897,False,7.456558756239939,,4.098178116231033,-1.6894928690852518
0.082606549415222,15.649484850696682,False,8.841919848072921,,9.009288204338128,20.83724699206804
0.10877777008424991,18.01603487688159,False,11.02802341509257,,3.064551459251419,6.646238807797844
0.5482741894232197,23.888372376907704,False,-0.664121536666229,,-8.319227413522368,-4.409011397746299
0.8423435428380702,28.03869666586728,False,-9.415101349466948,,0.3240621318022274,-6.823291431754919
0.12183282472345106,9.99010012051025,False,3.888573925822869,,-3.352419844570098,-3.436651653964373
0.746926811497636,15.43474534915313,False,-7.737336640064862,,1.9995102443219226,-8.26736675029175
0.6642316340199985,18.92105211725412,False,-8.494440994171448,,0.0,-5.9753227195191165
0.12605591649764675,12.591851322913028,True,-3.6122825413000825,,-5.139894935492406,-1.988372236928837
0.030835242206257704,12.485499539152716,False,20.713966233858972,,-6.052099765384044,2.9274703411740433
0.42296518738687033,17.5922729507308,False,10.720398972911461,,3.66839000532182,-5.924075685156094
0.30693429365318103,18.08674756182011,False,-5.580959888072123,,1.735629377693959,-7.293104851382903
0.37850192679237205,18.55681679465554,False,-6.122795115332414,,-7.470936480802759,-18.23818134848876
0.5375494690352806,20.188078927373457,False,2.473710170634713,,0.3152539247000652,3.1346701625498463
0.3690426972069786,19.027568868426485,False,-1.3355931309055546,,-1.6197704187845496,-4.109591207954866
0.5465240881607443,22.725615430364734,False,-6.968634182636468,,-1.8469406230510965,-3.049826837754721
0.5515191571400564,20.492944713322508,False,-12.863627230166541,,-1.5160885402023871,-8.811959479932208
0.2625173803145569,20.35820999633529,False,3.4653025524526537,0.5489243312472913,-1.6409135148573117,3.6555995661799345
