ticker,breakout_date,day1,checkpoint,O0,S0,S,reconstructed_value,reconstructed_pnl_pct,confidence,flags
360ONE,2026-07-29,2026-07-30,09:15,42.1,1161.300048828125,1151.199951171875,37.13,-11.805225653206652,BASELINE,
360ONE,2026-07-29,2026-07-30,09:30,42.1,1161.300048828125,1150.5,36.79,-12.612826603325422,CAUTION,PATH_DEPENDENCE
360ONE,2026-07-29,2026-07-30,10:00,42.1,1161.300048828125,1146.5,34.82,-17.29216152019003,BASELINE,
360ONE,2026-07-29,2026-07-30,11:30,42.1,1161.300048828125,1132.199951171875,27.78,-34.01425178147268,LOW_CONFIDENCE,LATE_SESSION|MONEYNESS_TRANSITION
360ONE,2026-07-29,2026-07-30,15:25,42.1,1161.300048828125,1144.0,33.59,-20.21377672209026,LOW_CONFIDENCE,LATE_SESSION|PATH_DEPENDENCE
360ONE,2026-08-05,2026-08-06,09:15,32.3,1192.0,1188.0999755859375,30.38,-5.944272445820431,BASELINE,
360ONE,2026-08-05,2026-08-06,09:30,32.3,1192.0,1186.4000244140625,29.54,-8.544891640866869,BASELINE,
360ONE,2026-08-05,2026-08-06,10:00,32.3,1192.0,1191.199951171875,31.91,-1.2074303405572695,CAUTION,PATH_DEPENDENCE
360ONE,2026-08-05,2026-08-06,11:30,32.3,1192.0,1192.0,32.3,0.0,CAUTION,LATE_SESSION
360ONE,2026-08-05,2026-08-06,15:25,32.3,1192.0,1186.0,29.35,-9.133126934984503,LOW_CONFIDENCE,LATE_SESSION|PATH_DEPENDENCE
ABB,2026-07-15,2026-07-16,09:15,217.35,7204.5,7301.0,264.83,21.844950540602714,BASELINE,
ABB,2026-07-15,2026-07-16,09:30,217.35,7204.5,7212.5,221.29,1.8127444214400823,BASELINE,
ABB,2026-07-15,2026-07-16,10:00,217.35,7204.5,7289.5,259.17,19.24085576259491,CAUTION,PATH_DEPENDENCE
ABB,2026-07-15,2026-07-16,11:30,217.35,7204.5,7794.5,507.63,133.55417529330572,LOW_CONFIDENCE,LARGE_MOVE|LATE_SESSION|MONEYNESS_TRANSITION
ABB,2026-07-15,2026-07-16,15:25,217.35,7204.5,7655.5,439.24,102.08879687140558,LOW_CONFIDENCE,LARGE_MOVE|LATE_SESSION|MONEYNESS_TRANSITION
ABCAPITAL,2026-06-22,2026-06-23,09:15,7.95,391.9500122070313,393.5499877929687,8.74,9.937106918238992,BASELINE,
ABCAPITAL,2026-06-22,2026-06-23,09:30,7.95,391.9500122070313,391.7000122070313,7.83,-1.5094339622641506,BASELINE,
ABCAPITAL,2026-06-22,2026-06-23,10:00,7.95,391.9500122070313,391.1499938964844,7.56,-4.905660377358501,BASELINE,
ABCAPITAL,2026-06-22,2026-06-23,11:30,7.95,391.9500122070313,389.25,6.62,-16.72955974842767,CAUTION,LATE_SESSION
ABCAPITAL,2026-06-22,2026-06-23,15:25,7.95,391.9500122070313,383.1000061035156,3.6,-54.71698113207547,CAUTION,LATE_SESSION
ABCAPITAL,2026-06-24,2026-06-25,09:15,16.15,394.7999877929687,396.0499877929687,16.76,3.7770897832817507,BASELINE,
ABCAPITAL,2026-06-24,2026-06-25,09:30,16.15,394.7999877929687,397.7999877929687,17.63,9.164086687306504,BASELINE,
ABCAPITAL,2026-06-24,2026-06-25,10:00,16.15,394.7999877929687,395.9500122070313,16.72,3.529411764705892,CAUTION,PATH_DEPENDENCE
ABCAPITAL,2026-06-24,2026-06-25,11:30,16.15,394.7999877929687,394.6000061035156,16.05,-0.6191950464396134,LOW_CONFIDENCE,LATE_SESSION|PATH_DEPENDENCE
ABCAPITAL,2026-06-24,2026-06-25,15:25,16.15,394.7999877929687,391.1499938964844,14.35,-11.145510835913308,CAUTION,LATE_SESSION
ABCAPITAL,2026-06-25,2026-06-29,09:15,16.6,390.7999877929687,391.2999877929687,16.85,1.5060240963855387,BASELINE,
ABCAPITAL,2026-06-25,2026-06-29,09:30,16.6,390.7999877929687,391.7999877929687,17.09,2.9518072289156594,CAUTION,PATH_DEPENDENCE
ABCAPITAL,2026-06-25,2026-06-29,10:00,16.6,390.7999877929687,389.7000122070313,16.06,-3.2530120481927827,BASELINE,
ABCAPITAL,2026-06-25,2026-06-29,11:30,16.6,390.7999877929687,388.7000122070313,15.57,-6.204819277108442,CAUTION,LATE_SESSION
ABCAPITAL,2026-06-25,2026-06-29,15:25,16.6,390.7999877929687,385.2999877929687,13.89,-16.325301204819276,CAUTION,LATE_SESSION
ABCAPITAL,2026-07-03,2026-07-06,09:15,14.2,401.25,404.7999877929687,15.95,12.323943661971825,BASELINE,
ABCAPITAL,2026-07-03,2026-07-06,09:30,14.2,401.25,403.7000122070313,15.41,8.52112676056338,BASELINE,
ABCAPITAL,2026-07-03,2026-07-06,10:00,14.2,401.25,406.0,16.54,16.47887323943662,BASELINE,
ABCAPITAL,2026-07-03,2026-07-06,11:30,14.2,401.25,406.1000061035156,16.59,16.830985915492967,CAUTION,LATE_SESSION
ABCAPITAL,2026-07-03,2026-07-06,15:25,14.2,401.25,410.5499877929687,18.78,32.25352112676059,LOW_CONFIDENCE,LATE_SESSION|MONEYNESS_TRANSITION
ADANIENSOL,2026-07-07,2026-07-08,09:15,61.6,1651.0,1651.5,61.85,0.40584415584414835,BASELINE,
ADANIENSOL,2026-07-07,2026-07-08,09:30,61.6,1651.0,1661.9000244140625,66.96,8.701298701298699,BASELINE,
ADANIENSOL,2026-07-07,2026-07-08,10:00,61.6,1651.0,1680.0,75.87,23.165584415584426,BASELINE,
ADANIENSOL,2026-07-07,2026-07-08,11:30,61.6,1651.0,1687.800048828125,79.71,29.39935064935064,CAUTION,LATE_SESSION
ADANIENSOL,2026-07-07,2026-07-08,15:25,61.6,1651.0,1664.5,68.24,10.779220779220777,LOW_CONFIDENCE,LATE_SESSION|PATH_DEPENDENCE
ADANIENT,2026-07-01,2026-07-02,09:15,112.6,3143.60009765625,3175.699951171875,128.39,14.023090586145637,BASELINE,
ADANIENT,2026-07-01,2026-07-02,09:30,112.6,3143.60009765625,3168.300048828125,124.75,10.79040852575488,BASELINE,
ADANIENT,2026-07-01,2026-07-02,10:00,112.6,3143.60009765625,3171.300048828125,126.23,12.104795737122576,CAUTION,PATH_DEPENDENCE
ADANIENT,2026-07-01,2026-07-02,11:30,112.6,3143.60009765625,3161.699951171875,121.51,7.912966252220266,LOW_CONFIDENCE,LATE_SESSION|PATH_DEPENDENCE
ADANIENT,2026-07-01,2026-07-02,15:25,112.6,3143.60009765625,3170.0,125.59,11.536412078152768,LOW_CONFIDENCE,LATE_SESSION|PATH_DEPENDENCE
ADANIENT,2026-07-02,2026-07-03,09:15,108.95,3177.5,3129.39990234375,85.28,-21.7255621844883,BASELINE,
ADANIENT,2026-07-02,2026-07-03,09:30,108.95,3177.5,3158.699951171875,99.7,-8.490133088572737,BASELINE,
ADANIENT,2026-07-02,2026-07-03,10:00,108.95,3177.5,3150.39990234375,95.62,-12.234970169802661,BASELINE,
ADANIENT,2026-07-02,2026-07-03,11:30,108.95,3177.5,3156.199951171875,98.47,-9.61909132629647,CAUTION,LATE_SESSION
ADANIENT,2026-07-02,2026-07-03,15:25,108.95,3177.5,3212.10009765625,125.97,15.621844882973846,CAUTION,LATE_SESSION
ADANIENT,2026-08-25,2026-08-26,09:15,98.2,3110.0,3097.89990234375,92.25,-6.059063136456211,BASELINE,
ADANIENT,2026-08-25,2026-08-26,09:30,98.2,3110.0,3114.0,100.17,2.006109979633397,BASELINE,
ADANIENT,2026-08-25,2026-08-26,10:00,98.2,3110.0,3127.199951171875,106.66,8.615071283095709,CAUTION,PATH_DEPENDENCE
ADANIENT,2026-08-25,2026-08-26,11:30,98.2,3110.0,3138.5,112.22,14.276985743380855,CAUTION,LATE_SESSION
ADANIENT,2026-08-25,2026-08-26,15:25,98.2,3110.0,3112.0,99.18,0.9979633401222099,LOW_CONFIDENCE,LATE_SESSION|PATH_DEPENDENCE
ADANIGREEN,2026-06-22,2026-06-23,09:15,35.8,1549.9000244140625,1551.0,36.34,1.5083798882681743,BASELINE,
ADANIGREEN,2026-06-22,2026-06-23,09:30,35.8,1549.9000244140625,1543.199951171875,32.5,-9.21787709497206,BASELINE,
ADANIGREEN,2026-06-22,2026-06-23,10:00,35.8,1549.9000244140625,1540.800048828125,31.32,-12.513966480446914,BASELINE,
ADANIGREEN,2026-06-22,2026-06-23,11:30,35.8,1549.9000244140625,1513.5,17.89,-50.02793296089385,LOW_CONFIDENCE,LATE_SESSION|MONEYNESS_TRANSITION
ADANIGREEN,2026-06-22,2026-06-23,15:25,35.8,1549.9000244140625,1511.199951171875,16.76,-53.18435754189943,LOW_CONFIDENCE,LATE_SESSION|MONEYNESS_TRANSITION
AMBER,2026-06-18,2026-06-19,09:15,238.05,7965.5,7992.5,251.33,5.578659945389619,BASELINE,
AMBER,2026-06-18,2026-06-19,09:30,238.05,7965.5,8093.0,300.78,26.35160680529298,BASELINE,
AMBER,2026-06-18,2026-06-19,10:00,238.05,7965.5,8021.0,265.36,11.472379752152918,CAUTION,PATH_DEPENDENCE
AMBER,2026-06-18,2026-06-19,11:30,238.05,7965.5,7860.0,186.14,-21.806343205209,CAUTION,LATE_SESSION
AMBER,2026-06-18,2026-06-19,15:25,238.05,7965.5,7874.0,193.03,-18.91199327872296,LOW_CONFIDENCE,LATE_SESSION|PATH_DEPENDENCE
ANGELONE,2026-06-15,2026-06-16,09:15,13.45,352.29998779296875,348.1000061035156,11.38,-15.390334572490694,BASELINE,
ANGELONE,2026-06-15,2026-06-16,09:30,13.45,352.29998779296875,348.54998779296875,11.6,-13.754646840148698,BASELINE,
ANGELONE,2026-06-15,2026-06-16,10:00,13.45,352.29998779296875,348.45001220703125,11.56,-14.052044609665415,CAUTION,PATH_DEPENDENCE
ANGELONE,2026-06-15,2026-06-16,11:30,13.45,352.29998779296875,344.6499938964844,9.69,-27.955390334572495,CAUTION,LATE_SESSION
ANGELONE,2026-06-15,2026-06-16,15:25,13.45,352.29998779296875,348.25,11.46,-14.795539033457239,LOW_CONFIDENCE,LATE_SESSION|PATH_DEPENDENCE
APLAPOLLO,2026-08-03,2026-08-04,09:15,51.1,1941.5,1961.0999755859375,60.74,18.864970645792557,BASELINE,
APLAPOLLO,2026-08-03,2026-08-04,09:30,51.1,1941.5,1963.9000244140625,62.12,21.565557729941286,CAUTION,PATH_DEPENDENCE
APLAPOLLO,2026-08-03,2026-08-04,10:00,51.1,1941.5,1947.0,53.81,5.303326810176134,BASELINE,
APLAPOLLO,2026-08-03,2026-08-04,11:30,51.1,1941.5,1924.199951171875,42.59,-16.653620352250485,CAUTION,LATE_SESSION
APLAPOLLO,2026-08-03,2026-08-04,15:25,51.1,1941.5,1920.0,40.52,-20.704500978473572,CAUTION,LATE_SESSION
APLAPOLLO,2026-08-04,2026-08-05,09:15,53.25,1920.0,1936.0,61.12,14.779342723004696,BASELINE,
APLAPOLLO,2026-08-04,2026-08-05,09:30,53.25,1920.0,1915.699951171875,51.13,-3.981220657276996,BASELINE,
APLAPOLLO,2026-08-04,2026-08-05,10:00,53.25,1920.0,1913.300048828125,49.95,-6.197183098591541,BASELINE,
APLAPOLLO,2026-08-04,2026-08-05,11:30,53.25,1920.0,1942.5999755859375,64.37,20.88262910798122,LOW_CONFIDENCE,LATE_SESSION|PATH_DEPENDENCE
APLAPOLLO,2026-08-04,2026-08-05,15:25,53.25,1920.0,1948.5,67.27,26.32863849765257,LOW_CONFIDENCE,LATE_SESSION|PATH_DEPENDENCE
APLAPOLLO,2026-08-06,2026-08-07,09:15,58.35,1945.0,1962.0,66.71,14.327335047129374,BASELINE,
APLAPOLLO,2026-08-06,2026-08-07,09:30,58.35,1945.0,1963.0,67.21,15.184233076263908,CAUTION,PATH_DEPENDENCE
APLAPOLLO,2026-08-06,2026-08-07,10:00,58.35,1945.0,1960.5999755859375,66.03,13.161953727506436,CAUTION,PATH_DEPENDENCE
APLAPOLLO,2026-08-06,2026-08-07,11:30,58.35,1945.0,1955.0999755859375,63.32,8.517566409597265,CAUTION,LATE_SESSION
APLAPOLLO,2026-08-06,2026-08-07,15:25,58.35,1945.0,1970.0,70.65,21.07969151670952,LOW_CONFIDENCE,LATE_SESSION|PATH_DEPENDENCE
APLAPOLLO,2026-08-10,2026-08-11,09:15,37.95,2020.0,2001.800048828125,29.0,-23.583662714097496,BASELINE,
APLAPOLLO,2026-08-10,2026-08-11,09:30,37.95,2020.0,2007.4000244140625,31.75,-16.337285902503297,BASELINE,
APLAPOLLO,2026-08-10,2026-08-11,10:00,37.95,2020.0,2012.300048828125,34.16,-9.986824769433477,BASELINE,
APLAPOLLO,2026-08-10,2026-08-11,11:30,37.95,2020.0,2005.0,30.57,-19.446640316205542,LOW_CONFIDENCE,LATE_SESSION|PATH_DEPENDENCE
APLAPOLLO,2026-08-10,2026-08-11,15:25,37.95,2020.0,2012.699951171875,34.36,-9.459815546772077,CAUTION,LATE_SESSION
APLAPOLLO,2026-08-13,2026-08-14,09:15,36.05,2064.300048828125,2042.5,25.32,-29.764216366158102,BASELINE,
APLAPOLLO,2026-08-13,2026-08-14,09:30,36.05,2064.300048828125,2050.10009765625,29.06,-19.389736477115115,BASELINE,
APLAPOLLO,2026-08-13,2026-08-14,10:00,36.05,2064.300048828125,2058.300048828125,33.1,-8.18307905686545,BASELINE,
APLAPOLLO,2026-08-13,2026-08-14,11:30,36.05,2064.300048828125,2048.60009765625,28.33,-21.414701803051315,LOW_CONFIDENCE,LATE_SESSION|PATH_DEPENDENCE
APLAPOLLO,2026-08-13,2026-08-14,15:25,36.05,2064.300048828125,2083.300048828125,45.4,25.9361997226075,CAUTION,LATE_SESSION
APOLLOHOSP,2026-06-09,2026-06-10,09:15,191.0,8524.0,8564.5,210.93,10.434554973821996,BASELINE,
APOLLOHOSP,2026-06-09,2026-06-10,09:30,191.0,8524.0,8597.0,226.92,18.806282722513078,BASELINE,
APOLLOHOSP,2026-06-09,2026-06-10,10:00,191.0,8524.0,8575.5,216.34,13.267015706806284,CAUTION,PATH_DEPENDENCE
APOLLOHOSP,2026-06-09,2026-06-10,11:30,191.0,8524.0,8619.5,237.99,24.6020942408377,CAUTION,LATE_SESSION
APOLLOHOSP,2026-06-09,2026-06-10,15:25,191.0,8524.0,8488.5,173.53,-9.146596858638745,CAUTION,LATE_SESSION
APOLLOHOSP,2026-07-03,2026-07-06,09:15,183.3,8893.5,8890.0,181.58,-0.9383524277141286,BASELINE,
APOLLOHOSP,2026-07-03,2026-07-06,09:30,183.3,8893.5,8916.0,194.37,6.0392798690670935,BASELINE,
APOLLOHOSP,2026-07-03,2026-07-06,10:00,183.3,8893.5,8892.5,182.81,-0.2673213311511269,CAUTION,PATH_DEPENDENCE
APOLLOHOSP,2026-07-03,2026-07-06,11:30,183.3,8893.5,8844.0,158.95,-13.284233496999464,CAUTION,LATE_SESSION
APOLLOHOSP,2026-07-03,2026-07-06,15:25,183.3,8893.5,8888.5,180.84,-1.3420621931260257,LOW_CONFIDENCE,LATE_SESSION|PATH_DEPENDENCE
ASHOKLEY,2026-07-01,2026-07-02,09:15,6.55,162.32000732421875,163.17999267578125,6.97,6.412213740458017,BASELINE,
ASHOKLEY,2026-07-01,2026-07-02,09:30,6.55,162.32000732421875,162.97999572753906,6.87,4.885496183206106,CAUTION,PATH_DEPENDENCE
ASHOKLEY,2026-07-01,2026-07-02,10:00,6.55,162.32000732421875,163.2899932861328,7.03,7.328244274809159,CAUTION,PATH_DEPENDENCE
ASHOKLEY,2026-07-01,2026-07-02,11:30,6.55,162.32000732421875,164.13999938964844,7.45,13.740458015267176,CAUTION,LATE_SESSION
ASHOKLEY,2026-07-01,2026-07-02,15:25,6.55,162.32000732421875,164.39999389648438,7.57,15.572519083969482,CAUTION,LATE_SESSION
ASHOKLEY,2026-08-03,2026-08-04,09:15,5.93,174.5500030517578,174.61000061035156,5.96,0.5059021922428464,BASELINE,
ASHOKLEY,2026-08-03,2026-08-04,09:30,5.93,174.5500030517578,174.47999572753906,5.9,-0.5059021922428242,CAUTION,PATH_DEPENDENCE
ASHOKLEY,2026-08-03,2026-08-04,10:00,5.93,174.5500030517578,174.27000427246094,5.79,-2.360876897133213,CAUTION,PATH_DEPENDENCE
ASHOKLEY,2026-08-03,2026-08-04,11:30,5.93,174.5500030517578,173.44000244140625,5.38,-9.274873524451932,CAUTION,LATE_SESSION
ASHOKLEY,2026-08-03,2026-08-04,15:25,5.93,174.5500030517578,172.0800018310547,4.71,-20.573355817875203,CAUTION,LATE_SESSION
ASHOKLEY,2026-08-05,2026-08-06,09:15,5.11,177.0,175.8000030517578,4.52,-11.545988258317042,BASELINE,
ASHOKLEY,2026-08-05,2026-08-06,09:30,5.11,177.0,176.5,4.86,-4.89236790606653,BASELINE,
ASHOKLEY,2026-08-05,2026-08-06,10:00,5.11,177.0,175.99000549316406,4.61,-9.784735812133071,CAUTION,PATH_DEPENDENCE
ASHOKLEY,2026-08-05,2026-08-06,11:30,5.11,177.0,176.8000030517578,5.01,-1.9569471624266255,CAUTION,LATE_SESSION
ASHOKLEY,2026-08-05,2026-08-06,15:25,5.11,177.0,177.5,5.36,4.89236790606653,CAUTION,LATE_SESSION
AUBANK,2026-06-24,2026-06-25,09:15,38.1,1067.199951171875,1071.199951171875,40.07,5.170603674540675,BASELINE,
AUBANK,2026-06-24,2026-06-25,09:30,38.1,1067.199951171875,1068.8499755859375,38.91,2.1259842519684824,BASELINE,
AUBANK,2026-06-24,2026-06-25,10:00,38.1,1067.199951171875,1055.449951171875,32.32,-15.170603674540683,BASELINE,
AUBANK,2026-06-24,2026-06-25,11:30,38.1,1067.199951171875,1047.0,28.16,-26.089238845144358,LOW_CONFIDENCE,LATE_SESSION|MONEYNESS_TRANSITION
AUBANK,2026-06-24,2026-06-25,15:25,38.1,1067.199951171875,1033.8499755859375,21.69,-43.07086614173228,LOW_CONFIDENCE,LARGE_MOVE|LATE_SESSION|MONEYNESS_TRANSITION
AUBANK,2026-08-21,2026-08-24,09:15,37.1,1108.199951171875,1102.4000244140625,34.25,-7.681940700808632,BASELINE,
AUBANK,2026-08-21,2026-08-24,09:30,37.1,1108.199951171875,1105.800048828125,35.92,-3.1805929919137443,BASELINE,
AUBANK,2026-08-21,2026-08-24,10:00,37.1,1108.199951171875,1109.5,37.74,1.7250673854447562,BASELINE,
AUBANK,2026-08-21,2026-08-24,11:30,37.1,1108.199951171875,1104.199951171875,35.13,-5.309973045822103,LOW_CONFIDENCE,LATE_SESSION|PATH_DEPENDENCE
AUBANK,2026-08-21,2026-08-24,15:25,37.1,1108.199951171875,1114.0,39.95,7.681940700808632,CAUTION,LATE_SESSION
AUBANK,2026-08-24,2026-08-25,09:15,28.5,1114.0,1112.5,27.76,-2.5964912280701746,BASELINE,
AUBANK,2026-08-24,2026-08-25,09:30,28.5,1114.0,1130.0999755859375,36.42,27.78947368421054,BASELINE,
AUBANK,2026-08-24,2026-08-25,10:00,28.5,1114.0,1132.699951171875,37.7,32.28070175438597,BASELINE,
AUBANK,2026-08-24,2026-08-25,11:30,28.5,1114.0,1135.5,39.08,37.12280701754385,CAUTION,LATE_SESSION
AUBANK,2026-08-24,2026-08-25,15:25,28.5,1114.0,1128.5999755859375,35.68,25.192982456140346,CAUTION,LATE_SESSION
AUROPHARMA,2026-06-23,2026-06-24,09:15,53.65,1534.199951171875,1549.5,61.18,14.035414725069906,BASELINE,
AUROPHARMA,2026-06-23,2026-06-24,09:30,53.65,1534.199951171875,1546.0999755859375,59.5,10.904007455731591,BASELINE,
AUROPHARMA,2026-06-23,2026-06-24,10:00,53.65,1534.199951171875,1543.0999755859375,58.03,8.164026095060573,BASELINE,
AUROPHARMA,2026-06-23,2026-06-24,11:30,53.65,1534.199951171875,1540.4000244140625,56.7,5.684995340167753,CAUTION,LATE_SESSION
AUROPHARMA,2026-06-23,2026-06-24,15:25,53.65,1534.199951171875,1536.9000244140625,54.98,2.479030754892819,CAUTION,LATE_SESSION
AUROPHARMA,2026-06-25,2026-06-29,09:15,48.35,1555.199951171875,1568.699951171875,54.99,13.733195449844882,BASELINE,
AUROPHARMA,2026-06-25,2026-06-29,09:30,48.35,1555.199951171875,1572.5,56.86,17.60082730093071,CAUTION,PATH_DEPENDENCE
AUROPHARMA,2026-06-25,2026-06-29,10:00,48.35,1555.199951171875,1579.800048828125,60.45,25.02585315408481,BASELINE,
AUROPHARMA,2026-06-25,2026-06-29,11:30,48.35,1555.199951171875,1571.800048828125,56.52,16.897621509824212,LOW_CONFIDENCE,LATE_SESSION|PATH_DEPENDENCE
AUROPHARMA,2026-06-25,2026-06-29,15:25,48.35,1555.199951171875,1547.5,44.56,-7.838676318510851,CAUTION,LATE_SESSION
AUROPHARMA,2026-06-29,2026-06-30,09:15,53.7,1547.5,1559.9000244140625,59.8,11.359404096834247,BASELINE,
AUROPHARMA,2026-06-29,2026-06-30,09:30,53.7,1547.5,1569.0,64.28,19.70204841713221,BASELINE,
AUROPHARMA,2026-06-29,2026-06-30,10:00,53.7,1547.5,1577.199951171875,68.31,27.20670391061453,CAUTION,MONEYNESS_TRANSITION
AUROPHARMA,2026-06-29,2026-06-30,11:30,53.7,1547.5,1564.5999755859375,62.11,15.661080074487899,LOW_CONFIDENCE,LATE_SESSION|PATH_DEPENDENCE
AUROPHARMA,2026-06-29,2026-06-30,15:25,53.7,1547.5,1573.0,66.25,23.370577281191807,LOW_CONFIDENCE,LATE_SESSION|MONEYNESS_TRANSITION|PATH_DEPENDENCE
AUROPHARMA,2026-08-07,2026-08-10,09:15,41.35,1658.0,1666.4000244140625,45.48,9.987908101571929,BASELINE,
AUROPHARMA,2026-08-07,2026-08-10,09:30,41.35,1658.0,1659.5,42.09,1.7896009673518787,BASELINE,
AUROPHARMA,2026-08-07,2026-08-10,10:00,41.35,1658.0,1662.9000244140625,43.76,5.8282950423216295,CAUTION,PATH_DEPENDENCE
AUROPHARMA,2026-08-07,2026-08-10,11:30,41.35,1658.0,1652.800048828125,38.79,-6.191051995163244,CAUTION,LATE_SESSION
AUROPHARMA,2026-08-07,2026-08-10,15:25,41.35,1658.0,1648.0,36.43,-11.898428053204357,CAUTION,LATE_SESSION
AUROPHARMA,2026-08-10,2026-08-11,09:15,38.6,1648.0,1649.0,39.09,1.2694300518134805,BASELINE,
AUROPHARMA,2026-08-10,2026-08-11,09:30,38.6,1648.0,1645.699951171875,37.47,-2.9274611398963812,BASELINE,
AUROPHARMA,2026-08-10,2026-08-11,10:00,38.6,1648.0,1646.0,37.62,-2.53886010362695,CAUTION,PATH_DEPENDENCE
AUROPHARMA,2026-08-10,2026-08-11,11:30,38.6,1648.0,1650.699951171875,39.93,3.4455958549222787,LOW_CONFIDENCE,LATE_SESSION|PATH_DEPENDENCE
AUROPHARMA,2026-08-10,2026-08-11,15:25,38.6,1648.0,1658.0,43.52,12.746113989637319,CAUTION,LATE_SESSION
AXISBANK,2026-06-12,2026-06-15,09:15,21.65,1356.300048828125,1368.0,27.41,26.605080831408777,BASELINE,
AXISBANK,2026-06-12,2026-06-15,09:30,21.65,1356.300048828125,1364.300048828125,25.59,18.198614318706706,BASELINE,
AXISBANK,2026-06-12,2026-06-15,10:00,21.65,1356.300048828125,1365.300048828125,26.08,20.46189376443417,CAUTION,PATH_DEPENDENCE
AXISBANK,2026-06-12,2026-06-15,11:30,21.65,1356.300048828125,1369.9000244140625,28.34,30.90069284064665,LOW_CONFIDENCE,LATE_SESSION|PATH_DEPENDENCE
AXISBANK,2026-06-12,2026-06-15,15:25,21.65,1356.300048828125,1368.300048828125,27.55,27.251732101616643,LOW_CONFIDENCE,LATE_SESSION|PATH_DEPENDENCE
AXISBANK,2026-06-24,2026-06-25,09:15,44.1,1384.5,1387.4000244140625,45.53,3.2426303854875327,BASELINE,
AXISBANK,2026-06-24,2026-06-25,09:30,44.1,1384.5,1389.699951171875,46.66,5.804988662131505,BASELINE,
AXISBANK,2026-06-24,2026-06-25,10:00,44.1,1384.5,1393.9000244140625,48.72,10.47619047619046,BASELINE,
AXISBANK,2026-06-24,2026-06-25,11:30,44.1,1384.5,1387.5,45.58,3.3560090702947853,LOW_CONFIDENCE,LATE_SESSION|PATH_DEPENDENCE
AXISBANK,2026-06-24,2026-06-25,15:25,44.1,1384.5,1377.199951171875,40.51,-8.140589569161005,CAUTION,LATE_SESSION
BAJAJ-AUTO,2026-07-22,2026-07-23,09:15,341.5,10998.5,11106.0,394.39,15.487554904831624,BASELINE,
BAJAJ-AUTO,2026-07-22,2026-07-23,09:30,341.5,10998.5,11055.5,369.54,8.210834553440716,BASELINE,
BAJAJ-AUTO,2026-07-22,2026-07-23,10:00,341.5,10998.5,11102.0,392.42,14.910688140556383,CAUTION,PATH_DEPENDENCE
BAJAJ-AUTO,2026-07-22,2026-07-23,11:30,341.5,10998.5,11310.0,494.76,44.87847730600292,LOW_CONFIDENCE,LATE_SESSION|MONEYNESS_TRANSITION
BAJAJ-AUTO,2026-07-22,2026-07-23,15:25,341.5,10998.5,11283.5,481.72,41.060029282576885,LOW_CONFIDENCE,LATE_SESSION|MONEYNESS_TRANSITION
BAJAJFINSV,2026-07-02,2026-07-03,09:15,47.45,1855.699951171875,1882.5,60.64,27.7976817702845,BASELINE,
BAJAJFINSV,2026-07-02,2026-07-03,09:30,47.45,1855.699951171875,1908.0,73.18,54.225500526870384,CAUTION,MONEYNESS_TRANSITION
BAJAJFINSV,2026-07-02,2026-07-03,10:00,47.45,1855.699951171875,1891.0,64.82,36.606954689146455,CAUTION,PATH_DEPENDENCE
BAJAJFINSV,2026-07-02,2026-07-03,11:30,47.45,1855.699951171875,1888.199951171875,63.44,33.69863013698628,LOW_CONFIDENCE,LATE_SESSION|PATH_DEPENDENCE
BAJAJFINSV,2026-07-02,2026-07-03,15:25,47.45,1855.699951171875,1890.0,64.33,35.574288724973634,LOW_CONFIDENCE,LATE_SESSION|PATH_DEPENDENCE
BAJAJFINSV,2026-07-03,2026-07-06,09:15,44.85,1895.5999755859375,1884.0999755859375,39.19,-12.619843924191754,BASELINE,
BAJAJFINSV,2026-07-03,2026-07-06,09:30,44.85,1895.5999755859375,1878.9000244140625,36.63,-18.32775919732441,BASELINE,
BAJAJFINSV,2026-07-03,2026-07-06,10:00,44.85,1895.5999755859375,1877.4000244140625,35.9,-19.95540691192865,BASELINE,
BAJAJFINSV,2026-07-03,2026-07-06,11:30,44.85,1895.5999755859375,1877.800048828125,36.09,-19.531772575250827,CAUTION,LATE_SESSION
BAJAJFINSV,2026-07-03,2026-07-06,15:25,44.85,1895.5999755859375,1873.0,33.73,-24.79375696767002,CAUTION,LATE_SESSION
BAJAJFINSV,2026-07-28,2026-07-29,09:15,66.05,1927.9000244140625,1937.0,70.53,6.782740348221061,BASELINE,
BAJAJFINSV,2026-07-28,2026-07-29,09:30,66.05,1927.9000244140625,1933.9000244140625,69.0,4.4663133989401915,BASELINE,
BAJAJFINSV,2026-07-28,2026-07-29,10:00,66.05,1927.9000244140625,1923.5,63.89,-3.270249810749426,BASELINE,
BAJAJFINSV,2026-07-28,2026-07-29,11:30,66.05,1927.9000244140625,1921.0,62.66,-5.1324753974261945,CAUTION,LATE_SESSION
BAJAJFINSV,2026-07-28,2026-07-29,15:25,66.05,1927.9000244140625,1924.4000244140625,64.33,-2.6040878122634337,LOW_CONFIDENCE,LATE_SESSION|PATH_DEPENDENCE
BAJAJFINSV,2026-07-31,2026-08-03,09:15,54.35,2029.0999755859375,2067.60009765625,73.29,34.84820607175714,CAUTION,MONEYNESS_TRANSITION
BAJAJFINSV,2026-07-31,2026-08-03,09:30,54.35,2029.0999755859375,2079.300048828125,79.05,45.446182152713874,CAUTION,MONEYNESS_TRANSITION
BAJAJFINSV,2026-07-31,2026-08-03,10:00,54.35,2029.0999755859375,2058.0,68.57,26.163753449861993,CAUTION,PATH_DEPENDENCE
BAJAJFINSV,2026-07-31,2026-08-03,11:30,54.35,2029.0999755859375,2082.0,80.38,47.893284268629245,LOW_CONFIDENCE,LATE_SESSION|MONEYNESS_TRANSITION
BAJAJFINSV,2026-07-31,2026-08-03,15:25,54.35,2029.0999755859375,2096.0,87.26,60.55197792088316,LOW_CONFIDENCE,LARGE_MOVE|LATE_SESSION|MONEYNESS_TRANSITION
BAJFINANCE,2026-06-19,2026-06-22,09:15,14.95,961.7999877929688,971.0,19.48,30.301003344481625,BASELINE,
BAJFINANCE,2026-06-19,2026-06-22,09:30,14.95,961.7999877929688,971.0,19.48,30.301003344481625,CAUTION,PATH_DEPENDENCE
BAJFINANCE,2026-06-19,2026-06-22,10:00,14.95,961.7999877929688,968.4500122070312,18.22,21.872909698996644,BASELINE,
BAJFINANCE,2026-06-19,2026-06-22,11:30,14.95,961.7999877929688,965.5999755859376,16.82,12.508361204013397,CAUTION,LATE_SESSION
BAJFINANCE,2026-06-19,2026-06-22,15:25,14.95,961.7999877929688,968.2999877929688,18.15,21.404682274247477,LOW_CONFIDENCE,LATE_SESSION|PATH_DEPENDENCE
BAJFINANCE,2026-06-24,2026-06-25,09:15,31.25,990.9500122070312,999.8499755859376,35.63,14.016000000000005,BASELINE,
BAJFINANCE,2026-06-24,2026-06-25,09:30,31.25,990.9500122070312,999.2000122070312,35.31,12.992000000000004,CAUTION,PATH_DEPENDENCE
BAJFINANCE,2026-06-24,2026-06-25,10:00,31.25,990.9500122070312,994.0,32.75,4.800000000000004,BASELINE,
BAJFINANCE,2026-06-24,2026-06-25,11:30,31.25,990.9500122070312,998.0,34.72,11.104000000000003,LOW_CONFIDENCE,LATE_SESSION|PATH_DEPENDENCE
BAJFINANCE,2026-06-24,2026-06-25,15:25,31.25,990.9500122070312,980.4000244140624,26.06,-16.608,CAUTION,LATE_SESSION
BAJFINANCE,2026-06-25,2026-06-29,09:15,33.05,980.4000244140624,987.75,36.67,10.953101361573392,BASELINE,
BAJFINANCE,2026-06-25,2026-06-29,09:30,33.05,980.4000244140624,986.25,35.93,8.714069591528006,CAUTION,PATH_DEPENDENCE
BAJFINANCE,2026-06-25,2026-06-29,10:00,33.05,980.4000244140624,982.0999755859376,33.89,2.5416036308623324,BASELINE,
BAJFINANCE,2026-06-25,2026-06-29,11:30,33.05,980.4000244140624,987.0499877929688,36.32,9.894099848714077,LOW_CONFIDENCE,LATE_SESSION|PATH_DEPENDENCE
BAJFINANCE,2026-06-25,2026-06-29,15:25,33.05,980.4000244140624,982.0499877929688,33.86,2.4508320726172483,CAUTION,LATE_SESSION
BAJFINANCE,2026-06-30,2026-07-01,09:15,37.9,1004.75,1003.0,37.04,-2.2691292875989477,BASELINE,
BAJFINANCE,2026-06-30,2026-07-01,09:30,37.9,1004.75,1004.2000122070312,37.63,-0.7124010554089621,CAUTION,PATH_DEPENDENCE
BAJFINANCE,2026-06-30,2026-07-01,10:00,37.9,1004.75,1002.4000244140624,36.74,-3.0606860158311266,CAUTION,PATH_DEPENDENCE
BAJFINANCE,2026-06-30,2026-07-01,11:30,37.9,1004.75,1016.0999755859376,43.48,14.722955145118721,CAUTION,LATE_SESSION
BAJFINANCE,2026-06-30,2026-07-01,15:25,37.9,1004.75,1013.7000122070312,42.3,11.609498680738772,CAUTION,LATE_SESSION
BAJFINANCE,2026-07-17,2026-07-20,09:15,16.15,1056.300048828125,1047.300048828125,11.72,-27.430340557275535,BASELINE,
BAJFINANCE,2026-07-17,2026-07-20,09:30,16.15,1056.300048828125,1046.800048828125,11.48,-28.916408668730643,CAUTION,PATH_DEPENDENCE
BAJFINANCE,2026-07-17,2026-07-20,10:00,16.15,1056.300048828125,1051.0999755859375,13.59,-15.851393188854479,BASELINE,
BAJFINANCE,2026-07-17,2026-07-20,11:30,16.15,1056.300048828125,1043.0,9.61,-40.495356037151694,LOW_CONFIDENCE,LATE_SESSION|PATH_DEPENDENCE
BAJFINANCE,2026-07-17,2026-07-20,15:25,16.15,1056.300048828125,1064.0,19.94,23.467492260061928,CAUTION,LATE_SESSION
BAJFINANCE,2026-07-31,2026-08-03,09:15,31.95,1141.199951171875,1170.800048828125,46.51,45.57120500782472,CAUTION,MONEYNESS_TRANSITION
BAJFINANCE,2026-07-31,2026-08-03,09:30,31.95,1141.199951171875,1167.199951171875,44.74,40.03129890453836,CAUTION,MONEYNESS_TRANSITION
BAJFINANCE,2026-07-31,2026-08-03,10:00,31.95,1141.199951171875,1159.300048828125,40.86,27.88732394366198,BASELINE,
BAJFINANCE,2026-07-31,2026-08-03,11:30,31.95,1141.199951171875,1156.5,39.48,23.56807511737089,CAUTION,LATE_SESSION
BAJFINANCE,2026-07-31,2026-08-03,15:25,31.95,1141.199951171875,1153.0,37.76,18.184663536776213,CAUTION,LATE_SESSION
BANDHANBNK,2026-06-15,2026-06-16,09:15,6.86,210.8800048828125,210.9499969482422,6.89,0.4373177842565523,BASELINE,
BANDHANBNK,2026-06-15,2026-06-16,09:30,6.86,210.8800048828125,209.8000030517578,6.33,-7.725947521865894,BASELINE,
BANDHANBNK,2026-06-15,2026-06-16,10:00,6.86,210.8800048828125,209.6499938964844,6.25,-8.892128279883382,BASELINE,
BANDHANBNK,2026-06-15,2026-06-16,11:30,6.86,210.8800048828125,208.0,5.44,-20.699708454810494,CAUTION,LATE_SESSION
BANDHANBNK,2026-06-15,2026-06-16,15:25,6.86,210.8800048828125,216.5500030517578,9.65,40.670553935860056,LOW_CONFIDENCE,LATE_SESSION|MONEYNESS_TRANSITION
BANKBARODA,2026-06-15,2026-06-16,09:15,6.15,276.04998779296875,276.45001220703125,6.35,3.2520325203251987,BASELINE,
BANKBARODA,2026-06-15,2026-06-16,09:30,6.15,276.04998779296875,277.04998779296875,6.64,7.96747967479674,BASELINE,
BANKBARODA,2026-06-15,2026-06-16,10:00,6.15,276.04998779296875,276.0,6.13,-0.3252032520325243,CAUTION,PATH_DEPENDENCE
BANKBARODA,2026-06-15,2026-06-16,11:30,6.15,276.04998779296875,274.8999938964844,5.58,-9.268292682926838,CAUTION,LATE_SESSION
BANKBARODA,2026-06-15,2026-06-16,15:25,6.15,276.04998779296875,275.3500061035156,5.81,-5.528455284552858,LOW_CONFIDENCE,LATE_SESSION|PATH_DEPENDENCE
BANKBARODA,2026-06-18,2026-06-19,09:15,5.95,283.0,282.25,5.58,-6.218487394957983,BASELINE,
BANKBARODA,2026-06-18,2026-06-19,09:30,5.95,283.0,281.45001220703125,5.19,-12.773109243697478,BASELINE,
BANKBARODA,2026-06-18,2026-06-19,10:00,5.95,283.0,281.0,4.97,-16.470588235294127,BASELINE,
BANKBARODA,2026-06-18,2026-06-19,11:30,5.95,283.0,280.6000061035156,4.77,-19.83193277310925,CAUTION,LATE_SESSION
BANKBARODA,2026-06-18,2026-06-19,15:25,5.95,283.0,281.04998779296875,4.99,-16.134453781512605,LOW_CONFIDENCE,LATE_SESSION|PATH_DEPENDENCE
BDL,2026-06-19,2026-06-22,09:15,28.6,1373.4000244140625,1398.0,40.7,42.307692307692314,BASELINE,
BDL,2026-06-19,2026-06-22,09:30,28.6,1373.4000244140625,1387.0,35.29,23.391608391608386,BASELINE,
BDL,2026-06-19,2026-06-22,10:00,28.6,1373.4000244140625,1381.199951171875,32.44,13.426573426573407,BASELINE,
BDL,2026-06-19,2026-06-22,11:30,28.6,1373.4000244140625,1385.9000244140625,34.75,21.5034965034965,CAUTION,LATE_SESSION
BDL,2026-06-19,2026-06-22,15:25,28.6,1373.4000244140625,1413.5,48.33,68.98601398601396,LOW_CONFIDENCE,LATE_SESSION|MONEYNESS_TRANSITION|PATH_DEPENDENCE
BDL,2026-06-22,2026-06-23,09:15,29.35,1406.699951171875,1427.199951171875,39.44,34.37819420783643,BASELINE,
BDL,2026-06-22,2026-06-23,09:30,29.35,1406.699951171875,1415.5,33.68,14.752981260647346,BASELINE,
BDL,2026-06-22,2026-06-23,10:00,29.35,1406.699951171875,1415.199951171875,33.53,14.241908006814308,BASELINE,
BDL,2026-06-22,2026-06-23,11:30,29.35,1406.699951171875,1413.0,32.45,10.562180579216363,CAUTION,LATE_SESSION
BDL,2026-06-22,2026-06-23,15:25,29.35,1406.699951171875,1390.5999755859375,21.43,-26.984667802385008,CAUTION,LATE_SESSION
BDL,2026-08-13,2026-08-14,09:15,48.5,1375.5,1370.0,45.79,-5.587628865979388,BASELINE,
BDL,2026-08-13,2026-08-14,09:30,48.5,1375.5,1372.300048828125,46.93,-3.237113402061853,CAUTION,PATH_DEPENDENCE
BDL,2026-08-13,2026-08-14,10:00,48.5,1375.5,1370.300048828125,45.94,-5.278350515463925,CAUTION,PATH_DEPENDENCE
BDL,2026-08-13,2026-08-14,11:30,48.5,1375.5,1360.0999755859375,40.92,-15.628865979381434,CAUTION,LATE_SESSION
BDL,2026-08-13,2026-08-14,15:25,48.5,1375.5,1398.0,59.57,22.82474226804123,CAUTION,LATE_SESSION
BDL,2026-08-14,2026-08-17,09:15,40.2,1398.0,1399.4000244140625,40.89,1.716417910447765,BASELINE,
BDL,2026-08-14,2026-08-17,09:30,40.2,1398.0,1384.800048828125,33.71,-16.14427860696518,BASELINE,
BDL,2026-08-14,2026-08-17,10:00,40.2,1398.0,1398.5999755859375,40.5,0.746268656716409,CAUTION,PATH_DEPENDENCE
BDL,2026-08-14,2026-08-17,11:30,40.2,1398.0,1388.199951171875,35.38,-11.990049751243781,CAUTION,LATE_SESSION
BDL,2026-08-14,2026-08-17,15:25,40.2,1398.0,1380.0,31.34,-22.039800995024883,CAUTION,LATE_SESSION
BHARATFORG,2026-06-15,2026-06-16,09:15,53.8,2020.5,2030.800048828125,58.87,9.423791821561345,BASELINE,
BHARATFORG,2026-06-15,2026-06-16,09:30,53.8,2020.5,2025.5,56.26,4.5724907063197096,BASELINE,
BHARATFORG,2026-06-15,2026-06-16,10:00,53.8,2020.5,2014.699951171875,50.95,-5.297397769516721,BASELINE,
BHARATFORG,2026-06-15,2026-06-16,11:30,53.8,2020.5,2020.0,53.55,-0.4646840148698872,CAUTION,LATE_SESSION
BHARATFORG,2026-06-15,2026-06-16,15:25,53.8,2020.5,2012.300048828125,49.77,-7.490706319702589,CAUTION,LATE_SESSION
BHARATFORG,2026-06-19,2026-06-22,09:15,36.85,2041.4000244140625,2049.800048828125,40.98,11.207598371777472,BASELINE,
BHARATFORG,2026-06-19,2026-06-22,09:30,36.85,2041.4000244140625,2049.0,40.59,10.1492537313433,CAUTION,PATH_DEPENDENCE
BHARATFORG,2026-06-19,2026-06-22,10:00,36.85,2041.4000244140625,2047.699951171875,39.95,8.412483039348718,CAUTION,PATH_DEPENDENCE
BHARATFORG,2026-06-19,2026-06-22,11:30,36.85,2041.4000244140625,2043.5999755859375,37.93,2.9308005427408412,CAUTION,LATE_SESSION
BHARATFORG,2026-06-19,2026-06-22,15:25,36.85,2041.4000244140625,2103.800048828125,67.55,83.31071913161463,LOW_CONFIDENCE,LARGE_MOVE|LATE_SESSION|MONEYNESS_TRANSITION
BHARATFORG,2026-06-22,2026-06-23,09:15,34.65,2103.800048828125,2119.5,42.37,22.279942279942276,BASELINE,
BHARATFORG,2026-06-22,2026-06-23,09:30,34.65,2103.800048828125,2121.60009765625,43.41,25.281385281385283,BASELINE,
BHARATFORG,2026-06-22,2026-06-23,10:00,34.65,2103.800048828125,2135.0,50.0,44.300144300144304,BASELINE,
BHARATFORG,2026-06-22,2026-06-23,11:30,34.65,2103.800048828125,2150.300048828125,57.53,66.03174603174604,LOW_CONFIDENCE,LATE_SESSION|MONEYNESS_TRANSITION
BHARATFORG,2026-06-22,2026-06-23,15:25,34.65,2103.800048828125,2138.0,51.48,48.57142857142858,CAUTION,LATE_SESSION
BHARATFORG,2026-07-17,2026-07-20,09:15,42.4,2190.5,2181.39990234375,37.92,-10.566037735849054,BASELINE,
BHARATFORG,2026-07-17,2026-07-20,09:30,42.4,2190.5,2178.89990234375,36.69,-13.466981132075473,CAUTION,PATH_DEPENDENCE
BHARATFORG,2026-07-17,2026-07-20,10:00,42.4,2190.5,2172.800048828125,33.69,-20.542452830188683,BASELINE,
BHARATFORG,2026-07-17,2026-07-20,11:30,42.4,2190.5,2182.0,38.22,-9.858490566037737,LOW_CONFIDENCE,LATE_SESSION|PATH_DEPENDENCE
BHARATFORG,2026-07-17,2026-07-20,15:25,42.4,2190.5,2209.0,51.5,21.462264150943412,CAUTION,LATE_SESSION
BHARATFORG,2026-07-20,2026-07-21,09:15,46.3,2209.0,2214.199951171875,48.86,5.529157667386619,BASELINE,
BHARATFORG,2026-07-20,2026-07-21,09:30,46.3,2209.0,2205.60009765625,44.63,-3.6069114470842267,BASELINE,
BHARATFORG,2026-07-20,2026-07-21,10:00,46.3,2209.0,2196.89990234375,40.35,-12.850971922246213,BASELINE,
BHARATFORG,2026-07-20,2026-07-21,11:30,46.3,2209.0,2203.300048828125,43.5,-6.047516198704095,LOW_CONFIDENCE,LATE_SESSION|PATH_DEPENDENCE
BHARATFORG,2026-07-20,2026-07-21,15:25,46.3,2209.0,2199.39990234375,41.58,-10.194384449244055,CAUTION,LATE_SESSION
BHARATFORG,2026-08-07,2026-08-10,09:15,80.45,2265.199951171875,2272.300048828125,83.94,4.338098197638285,BASELINE,
BHARATFORG,2026-08-07,2026-08-10,09:30,80.45,2265.199951171875,2271.0,83.3,3.5425730267246713,CAUTION,PATH_DEPENDENCE
BHARATFORG,2026-08-07,2026-08-10,10:00,80.45,2265.199951171875,2264.699951171875,80.2,-0.3107520198881275,BASELINE,
BHARATFORG,2026-08-07,2026-08-10,11:30,80.45,2265.199951171875,2282.39990234375,88.91,10.51584835301429,CAUTION,LATE_SESSION
BHARATFORG,2026-08-07,2026-08-10,15:25,80.45,2265.199951171875,2093.10009765625,-4.22,-105.24549409571162,LOW_CONFIDENCE,LARGE_MOVE|LATE_SESSION|MONEYNESS_TRANSITION
BHARTIARTL,2026-07-07,2026-07-08,09:15,31.6,1925.800048828125,1921.0,29.24,-7.468354430379753,BASELINE,
BHARTIARTL,2026-07-07,2026-07-08,09:30,31.6,1925.800048828125,1915.699951171875,26.63,-15.72784810126583,BASELINE,
BHARTIARTL,2026-07-07,2026-07-08,10:00,31.6,1925.800048828125,1920.4000244140625,28.94,-8.417721518987342,CAUTION,PATH_DEPENDENCE
BHARTIARTL,2026-07-07,2026-07-08,11:30,31.6,1925.800048828125,1920.0,28.75,-9.018987341772156,LOW_CONFIDENCE,LATE_SESSION|PATH_DEPENDENCE
BHARTIARTL,2026-07-07,2026-07-08,15:25,31.6,1925.800048828125,1885.5,11.77,-62.75316455696203,CAUTION,LATE_SESSION
BHEL,2026-07-16,2026-07-17,09:15,15.0,435.3999938964844,441.6000061035156,18.05,20.333333333333336,BASELINE,
BHEL,2026-07-16,2026-07-17,09:30,15.0,435.3999938964844,443.1499938964844,18.81,25.4,CAUTION,PATH_DEPENDENCE
BHEL,2026-07-16,2026-07-17,10:00,15.0,435.3999938964844,442.2000122070313,18.35,22.33333333333334,CAUTION,PATH_DEPENDENCE
BHEL,2026-07-16,2026-07-17,11:30,15.0,435.3999938964844,430.5499877929687,12.61,-15.933333333333334,CAUTION,LATE_SESSION
BHEL,2026-07-16,2026-07-17,15:25,15.0,435.3999938964844,422.0,8.41,-43.93333333333334,LOW_CONFIDENCE,LARGE_MOVE|LATE_SESSION|MONEYNESS_TRANSITION
BHEL,2026-08-27,2026-08-28,09:15,15.3,433.9500122070313,435.1499938964844,15.89,3.856209150326806,BASELINE,
BHEL,2026-08-27,2026-08-28,09:30,15.3,433.9500122070313,432.8999938964844,14.78,-3.3986928104575265,BASELINE,
BHEL,2026-08-27,2026-08-28,10:00,15.3,433.9500122070313,433.3999938964844,15.03,-1.764705882352946,BASELINE,
BHEL,2026-08-27,2026-08-28,11:30,15.3,433.9500122070313,429.3999938964844,13.06,-14.640522875816997,CAUTION,LATE_SESSION
BHEL,2026-08-27,2026-08-28,15:25,15.3,433.9500122070313,430.8500061035156,13.77,-10.000000000000009,CAUTION,LATE_SESSION
BIOCON,2026-07-14,2026-07-15,09:15,12.65,437.2999877929687,434.9500122070313,11.49,-9.169960474308303,BASELINE,
BIOCON,2026-07-14,2026-07-15,09:30,12.65,437.2999877929687,433.3999938964844,10.73,-15.177865612648223,CAUTION,PATH_DEPENDENCE
BIOCON,2026-07-14,2026-07-15,10:00,12.65,437.2999877929687,434.8999938964844,11.47,-9.32806324110672,CAUTION,PATH_DEPENDENCE
BIOCON,2026-07-14,2026-07-15,11:30,12.65,437.2999877929687,435.0,11.52,-8.932806324110675,LOW_CONFIDENCE,LATE_SESSION|PATH_DEPENDENCE
BIOCON,2026-07-14,2026-07-15,15:25,12.65,437.2999877929687,434.6000061035156,11.32,-10.513833992094856,LOW_CONFIDENCE,LATE_SESSION|PATH_DEPENDENCE
BOSCHLTD,2026-06-12,2026-06-15,09:15,994.05,39060.0,39490.0,1205.61,21.28263165836728,BASELINE,
BOSCHLTD,2026-06-12,2026-06-15,09:30,994.05,39060.0,39480.0,1200.69,20.787686736079692,CAUTION,PATH_DEPENDENCE
BOSCHLTD,2026-06-12,2026-06-15,10:00,994.05,39060.0,39355.0,1139.19,14.600875207484542,BASELINE,
BOSCHLTD,2026-06-12,2026-06-15,11:30,994.05,39060.0,39535.0,1227.75,23.50988380866155,LOW_CONFIDENCE,LATE_SESSION|PATH_DEPENDENCE
BOSCHLTD,2026-06-12,2026-06-15,15:25,994.05,39060.0,39025.0,976.83,-1.7323072280066354,CAUTION,LATE_SESSION
BOSCHLTD,2026-06-18,2026-06-19,09:15,787.35,40035.0,40060.0,799.65,1.5622023242522376,BASELINE,
BOSCHLTD,2026-06-18,2026-06-19,09:30,787.35,40035.0,40165.0,851.31,8.123452086111627,BASELINE,
BOSCHLTD,2026-06-18,2026-06-19,10:00,787.35,40035.0,40150.0,843.93,7.1861306915602885,BASELINE,
BOSCHLTD,2026-06-18,2026-06-19,11:30,787.35,40035.0,40190.0,863.61,9.685654410363886,CAUTION,LATE_SESSION
BOSCHLTD,2026-06-18,2026-06-19,15:25,787.35,40035.0,40265.0,900.51,14.372261383120598,CAUTION,LATE_SESSION
BOSCHLTD,2026-08-11,2026-08-12,09:15,1174.05,45185.0,45625.0,1390.53,18.43873770282356,BASELINE,
BOSCHLTD,2026-08-11,2026-08-12,09:30,1174.05,45185.0,46505.0,1823.49,55.31621310847068,CAUTION,MONEYNESS_TRANSITION
BOSCHLTD,2026-08-11,2026-08-12,10:00,1174.05,45185.0,46550.0,1845.63,57.20199310080491,LOW_CONFIDENCE,LARGE_MOVE|MONEYNESS_TRANSITION
BOSCHLTD,2026-08-11,2026-08-12,11:30,1174.05,45185.0,46610.0,1875.15,59.71636642391722,LOW_CONFIDENCE,LARGE_MOVE|LATE_SESSION|MONEYNESS_TRANSITION
BOSCHLTD,2026-08-11,2026-08-12,15:25,1174.05,45185.0,46480.0,1811.19,54.2685575571739,LOW_CONFIDENCE,LATE_SESSION|MONEYNESS_TRANSITION
BPCL,2026-06-17,2026-06-18,09:15,6.3,317.95001220703125,319.45001220703125,7.04,11.746031746031749,BASELINE,
BPCL,2026-06-17,2026-06-18,09:30,6.3,317.95001220703125,319.5,7.06,12.063492063492065,CAUTION,PATH_DEPENDENCE
BPCL,2026-06-17,2026-06-18,10:00,6.3,317.95001220703125,319.0,6.82,8.253968253968269,CAUTION,PATH_DEPENDENCE
BPCL,2026-06-17,2026-06-18,11:30,6.3,317.95001220703125,316.6499938964844,5.66,-10.158730158730156,CAUTION,LATE_SESSION
BPCL,2026-06-17,2026-06-18,15:25,6.3,317.95001220703125,316.29998779296875,5.49,-12.857142857142856,CAUTION,LATE_SESSION
CANBK,2026-08-06,2026-08-07,09:15,3.6,131.6999969482422,131.1699981689453,3.34,-7.22222222222223,BASELINE,
CANBK,2026-08-06,2026-08-07,09:30,3.6,131.6999969482422,131.1300048828125,3.32,-7.777777777777784,CAUTION,PATH_DEPENDENCE
CANBK,2026-08-06,2026-08-07,10:00,3.6,131.6999969482422,132.05999755859375,3.78,4.999999999999982,BASELINE,
CANBK,2026-08-06,2026-08-07,11:30,3.6,131.6999969482422,131.99000549316406,3.74,3.8888888888888973,CAUTION,LATE_SESSION
CANBK,2026-08-06,2026-08-07,15:25,3.6,131.6999969482422,131.9499969482422,3.72,3.3333333333333437,CAUTION,LATE_SESSION
CDSL,2026-06-17,2026-06-18,09:15,27.05,1290.9000244140625,1293.0999755859375,28.13,3.992606284658029,BASELINE,
CDSL,2026-06-17,2026-06-18,09:30,27.05,1290.9000244140625,1308.800048828125,35.86,32.56931608133087,BASELINE,
CDSL,2026-06-17,2026-06-18,10:00,27.05,1290.9000244140625,1306.5999755859375,34.77,28.539741219963034,BASELINE,
CDSL,2026-06-17,2026-06-18,11:30,27.05,1290.9000244140625,1369.300048828125,65.62,142.5878003696858,LOW_CONFIDENCE,LARGE_MOVE|LATE_SESSION|MONEYNESS_TRANSITION
CDSL,2026-06-17,2026-06-18,15:25,27.05,1290.9000244140625,1351.9000244140625,57.06,110.94269870609983,LOW_CONFIDENCE,LARGE_MOVE|LATE_SESSION|MONEYNESS_TRANSITION
CDSL,2026-07-10,2026-07-13,09:15,35.3,1431.9000244140625,1428.5999755859375,33.68,-4.589235127478741,BASELINE,
CDSL,2026-07-10,2026-07-13,09:30,35.3,1431.9000244140625,1425.4000244140625,32.1,-9.065155807365432,CAUTION,PATH_DEPENDENCE
CDSL,2026-07-10,2026-07-13,10:00,35.3,1431.9000244140625,1435.5999755859375,37.12,5.155807365439102,CAUTION,PATH_DEPENDENCE
CDSL,2026-07-10,2026-07-13,11:30,35.3,1431.9000244140625,1442.0,40.27,14.079320113314475,CAUTION,LATE_SESSION
CDSL,2026-07-10,2026-07-13,15:25,35.3,1431.9000244140625,1444.0,41.25,16.855524079320116,CAUTION,LATE_SESSION
CDSL,2026-08-26,2026-08-27,09:15,46.1,1434.0,1436.9000244140625,47.53,3.1019522776572606,BASELINE,
CDSL,2026-08-26,2026-08-27,09:30,46.1,1434.0,1427.800048828125,43.05,-6.616052060737532,BASELINE,
CDSL,2026-08-26,2026-08-27,10:00,46.1,1434.0,1419.300048828125,38.87,-15.683297180043388,BASELINE,
CDSL,2026-08-26,2026-08-27,11:30,46.1,1434.0,1409.0,33.8,-26.681127982646423,LOW_CONFIDENCE,LATE_SESSION|MONEYNESS_TRANSITION
CDSL,2026-08-26,2026-08-27,15:25,46.1,1434.0,1410.800048828125,34.69,-24.75054229934924,LOW_CONFIDENCE,LATE_SESSION|MONEYNESS_TRANSITION
CGPOWER,2026-07-01,2026-07-02,09:15,37.75,976.5,956.75,28.03,-25.74834437086092,CAUTION,MONEYNESS_TRANSITION
CGPOWER,2026-07-01,2026-07-02,09:30,37.75,976.5,956.8499755859376,28.08,-25.6158940397351,LOW_CONFIDENCE,MONEYNESS_TRANSITION|PATH_DEPENDENCE
CGPOWER,2026-07-01,2026-07-02,10:00,37.75,976.5,959.6500244140624,29.46,-21.960264900662253,CAUTION,MONEYNESS_TRANSITION
CGPOWER,2026-07-01,2026-07-02,11:30,37.75,976.5,965.75,32.46,-14.013245033112575,CAUTION,LATE_SESSION
CGPOWER,2026-07-01,2026-07-02,15:25,37.75,976.5,959.4000244140624,29.34,-22.278145695364238,LOW_CONFIDENCE,LATE_SESSION|MONEYNESS_TRANSITION|PATH_DEPENDENCE
CHOLAFIN,2026-06-16,2026-06-17,09:15,36.55,1680.4000244140625,1688.0,40.29,10.232558139534898,BASELINE,
CHOLAFIN,2026-06-16,2026-06-17,09:30,36.55,1680.4000244140625,1683.199951171875,37.93,3.77564979480165,BASELINE,
CHOLAFIN,2026-06-16,2026-06-17,10:00,36.55,1680.4000244140625,1682.5999755859375,37.63,2.9548563611491163,BASELINE,
CHOLAFIN,2026-06-16,2026-06-17,11:30,36.55,1680.4000244140625,1688.0,40.29,10.232558139534898,LOW_CONFIDENCE,LATE_SESSION|PATH_DEPENDENCE
CHOLAFIN,2026-06-16,2026-06-17,15:25,36.55,1680.4000244140625,1681.4000244140625,37.04,1.34062927496581,LOW_CONFIDENCE,LATE_SESSION|PATH_DEPENDENCE
COALINDIA,2026-09-09,2026-09-10,09:15,8.15,431.0,433.0499877929687,9.16,12.39263803680981,BASELINE,
COALINDIA,2026-09-09,2026-09-10,09:30,8.15,431.0,431.5,8.4,3.0674846625766916,BASELINE,
COALINDIA,2026-09-09,2026-09-10,10:00,8.15,431.0,430.5,7.9,-3.0674846625766916,BASELINE,
COALINDIA,2026-09-09,2026-09-10,11:30,8.15,431.0,433.2000122070313,9.23,13.25153374233128,LOW_CONFIDENCE,LATE_SESSION|PATH_DEPENDENCE
COALINDIA,2026-09-09,2026-09-10,15:25,8.15,431.0,432.0,8.64,6.0122699386503164,LOW_CONFIDENCE,LATE_SESSION|PATH_DEPENDENCE
COCHINSHIP,2026-08-07,2026-08-10,09:15,50.4,1519.699951171875,1513.9000244140625,47.55,-5.654761904761907,BASELINE,
COCHINSHIP,2026-08-07,2026-08-10,09:30,50.4,1519.699951171875,1508.0999755859375,44.69,-11.329365079365083,BASELINE,
COCHINSHIP,2026-08-07,2026-08-10,10:00,50.4,1519.699951171875,1518.0,49.56,-1.6666666666666607,CAUTION,PATH_DEPENDENCE
COCHINSHIP,2026-08-07,2026-08-10,11:30,50.4,1519.699951171875,1511.300048828125,46.27,-8.194444444444438,LOW_CONFIDENCE,LATE_SESSION|PATH_DEPENDENCE
COCHINSHIP,2026-08-07,2026-08-10,15:25,50.4,1519.699951171875,1502.0,41.69,-17.28174603174604,CAUTION,LATE_SESSION
COCHINSHIP,2026-08-26,2026-08-27,09:15,61.8,1547.0,1555.0999755859375,65.79,6.4563106796116765,BASELINE,
COCHINSHIP,2026-08-26,2026-08-27,09:30,61.8,1547.0,1563.9000244140625,70.11,13.446601941747582,BASELINE,
COCHINSHIP,2026-08-26,2026-08-27,10:00,61.8,1547.0,1569.5999755859375,72.92,17.993527508090622,BASELINE,
COCHINSHIP,2026-08-26,2026-08-27,11:30,61.8,1547.0,1553.0999755859375,64.8,4.854368932038833,LOW_CONFIDENCE,LATE_SESSION|PATH_DEPENDENCE
COCHINSHIP,2026-08-26,2026-08-27,15:25,61.8,1547.0,1543.0,59.83,-3.187702265372172,LOW_CONFIDENCE,LATE_SESSION|PATH_DEPENDENCE
COFORGE,2026-06-25,2026-06-29,09:15,69.05,1492.9000244140625,1503.699951171875,74.36,7.690079652425785,BASELINE,
COFORGE,2026-06-25,2026-06-29,09:30,69.05,1492.9000244140625,1494.5999755859375,69.89,1.2165097755249876,BASELINE,
COFORGE,2026-06-25,2026-06-29,10:00,69.05,1492.9000244140625,1503.199951171875,74.12,7.342505430847224,CAUTION,PATH_DEPENDENCE
COFORGE,2026-06-25,2026-06-29,11:30,69.05,1492.9000244140625,1498.5,71.81,3.9971035481535244,LOW_CONFIDENCE,LATE_SESSION|PATH_DEPENDENCE
COFORGE,2026-06-25,2026-06-29,15:25,69.05,1492.9000244140625,1500.0,72.54,5.054308472121671,LOW_CONFIDENCE,LATE_SESSION|PATH_DEPENDENCE
COFORGE,2026-07-13,2026-07-14,09:15,59.35,1540.9000244140625,1560.0999755859375,68.8,15.92249368155012,BASELINE,
COFORGE,2026-07-13,2026-07-14,09:30,59.35,1540.9000244140625,1560.5,68.99,16.242628475147413,CAUTION,PATH_DEPENDENCE
COFORGE,2026-07-13,2026-07-14,10:00,59.35,1540.9000244140625,1547.0,62.35,5.054759898904804,BASELINE,
COFORGE,2026-07-13,2026-07-14,11:30,59.35,1540.9000244140625,1554.800048828125,66.19,11.524852569502952,LOW_CONFIDENCE,LATE_SESSION|PATH_DEPENDENCE
COFORGE,2026-07-13,2026-07-14,15:25,59.35,1540.9000244140625,1534.0,55.96,-5.711878685762429,CAUTION,LATE_SESSION
COFORGE,2026-07-28,2026-07-29,09:15,68.35,1686.0,1730.4000244140625,90.19,31.953182150694957,CAUTION,MONEYNESS_TRANSITION
COFORGE,2026-07-28,2026-07-29,09:30,68.35,1686.0,1750.5,100.08,46.42282370153623,LOW_CONFIDENCE,LARGE_MOVE|MONEYNESS_TRANSITION
COFORGE,2026-07-28,2026-07-29,10:00,68.35,1686.0,1760.5,105.0,53.62106803218729,LOW_CONFIDENCE,LARGE_MOVE|MONEYNESS_TRANSITION
COFORGE,2026-07-28,2026-07-29,11:30,68.35,1686.0,1720.0,85.08,24.476956839795182,LOW_CONFIDENCE,LATE_SESSION|MONEYNESS_TRANSITION|PATH_DEPENDENCE
COFORGE,2026-07-28,2026-07-29,15:25,68.35,1686.0,1710.0,80.16,17.27871250914412,LOW_CONFIDENCE,LATE_SESSION|PATH_DEPENDENCE
CONCOR,2026-07-20,2026-07-21,09:15,9.95,499.0,497.8500061035156,9.38,-5.728643216080387,BASELINE,
CONCOR,2026-07-20,2026-07-21,09:30,9.95,499.0,496.0499877929687,8.5,-14.572864321608037,BASELINE,
CONCOR,2026-07-20,2026-07-21,10:00,9.95,499.0,495.3999938964844,8.18,-17.788944723618084,BASELINE,
CONCOR,2026-07-20,2026-07-21,11:30,9.95,499.0,493.7000122070313,7.34,-26.231155778894465,CAUTION,LATE_SESSION
CONCOR,2026-07-20,2026-07-21,15:25,9.95,499.0,490.7999877929687,5.92,-40.50251256281406,CAUTION,LATE_SESSION
CONCOR,2026-07-27,2026-07-28,09:15,17.5,510.5,519.5,21.93,25.31428571428571,BASELINE,
CONCOR,2026-07-27,2026-07-28,09:30,17.5,510.5,519.4000244140625,21.88,25.02857142857142,CAUTION,PATH_DEPENDENCE
CONCOR,2026-07-27,2026-07-28,10:00,17.5,510.5,519.8499755859375,22.1,26.285714285714292,CAUTION,PATH_DEPENDENCE
CONCOR,2026-07-27,2026-07-28,11:30,17.5,510.5,520.7000122070312,22.52,28.68571428571429,LOW_CONFIDENCE,LATE_SESSION|MONEYNESS_TRANSITION|PATH_DEPENDENCE
CONCOR,2026-07-27,2026-07-28,15:25,17.5,510.5,524.0,24.14,37.94285714285714,LOW_CONFIDENCE,LATE_SESSION|MONEYNESS_TRANSITION
CONCOR,2026-07-28,2026-07-29,09:15,17.1,522.4000244140625,524.7999877929688,18.28,6.900584795321629,BASELINE,
CONCOR,2026-07-28,2026-07-29,09:30,17.1,522.4000244140625,526.9500122070312,19.34,13.099415204678344,BASELINE,
CONCOR,2026-07-28,2026-07-29,10:00,17.1,522.4000244140625,527.8499755859375,19.78,15.672514619883039,BASELINE,
CONCOR,2026-07-28,2026-07-29,11:30,17.1,522.4000244140625,529.7000122070312,20.69,20.994152046783633,CAUTION,LATE_SESSION
CONCOR,2026-07-28,2026-07-29,15:25,17.1,522.4000244140625,525.5999755859375,18.67,9.1812865497076,LOW_CONFIDENCE,LATE_SESSION|PATH_DEPENDENCE
CONCOR,2026-08-13,2026-08-14,09:15,13.95,533.6500244140625,534.0,14.12,1.2186379928315505,BASELINE,
CONCOR,2026-08-13,2026-08-14,09:30,13.95,533.6500244140625,541.2000122070312,17.66,26.594982078853047,BASELINE,
CONCOR,2026-08-13,2026-08-14,10:00,13.95,533.6500244140625,537.5499877929688,15.87,13.76344086021506,CAUTION,PATH_DEPENDENCE
CONCOR,2026-08-13,2026-08-14,11:30,13.95,533.6500244140625,532.1500244140625,13.21,-5.304659498207876,LOW_CONFIDENCE,LATE_SESSION|PATH_DEPENDENCE
CONCOR,2026-08-13,2026-08-14,15:25,13.95,533.6500244140625,527.0,10.68,-23.44086021505376,LOW_CONFIDENCE,LATE_SESSION|PATH_DEPENDENCE
DELHIVERY,2026-07-01,2026-07-02,09:15,17.05,507.7000122070313,506.75,16.58,-2.7565982404692213,BASELINE,
DELHIVERY,2026-07-01,2026-07-02,09:30,17.05,507.7000122070313,509.2999877929687,17.84,4.633431085043993,BASELINE,
DELHIVERY,2026-07-01,2026-07-02,10:00,17.05,507.7000122070313,505.8999938964844,16.16,-5.219941348973611,CAUTION,PATH_DEPENDENCE
DELHIVERY,2026-07-01,2026-07-02,11:30,17.05,507.7000122070313,510.2000122070313,18.28,7.214076246334322,CAUTION,LATE_SESSION
DELHIVERY,2026-07-01,2026-07-02,15:25,17.05,507.7000122070313,508.2000122070313,17.3,1.4662756598240456,LOW_CONFIDENCE,LATE_SESSION|PATH_DEPENDENCE
DIVISLAB,2026-07-14,2026-07-15,09:15,128.9,7188.5,7289.0,178.35,38.36307214895267,BASELINE,
DIVISLAB,2026-07-14,2026-07-15,09:30,128.9,7188.5,7320.0,193.6,50.19394879751744,BASELINE,
DIVISLAB,2026-07-14,2026-07-15,10:00,128.9,7188.5,7309.0,188.19,45.99689681923971,BASELINE,
DIVISLAB,2026-07-14,2026-07-15,11:30,128.9,7188.5,7283.0,175.39,36.06671838634598,LOW_CONFIDENCE,LATE_SESSION|PATH_DEPENDENCE
DIVISLAB,2026-07-14,2026-07-15,15:25,128.9,7188.5,7273.0,170.47,32.24980605120247,LOW_CONFIDENCE,LATE_SESSION|PATH_DEPENDENCE
DIXON,2026-06-15,2026-06-16,09:15,380.75,11957.0,12017.0,410.27,7.7531188443860755,BASELINE,
DIXON,2026-06-15,2026-06-16,09:30,380.75,11957.0,12205.0,502.77,32.04727511490479,BASELINE,
DIXON,2026-06-15,2026-06-16,10:00,380.75,11957.0,12080.0,441.27,15.894944189100446,CAUTION,PATH_DEPENDENCE
DIXON,2026-06-15,2026-06-16,11:30,380.75,11957.0,11975.0,389.61,2.3269862114248197,LOW_CONFIDENCE,LATE_SESSION|PATH_DEPENDENCE
DIXON,2026-06-15,2026-06-16,15:25,380.75,11957.0,12240.0,519.99,36.569927774130015,CAUTION,LATE_SESSION
DIXON,2026-06-16,2026-06-17,09:15,402.4,12235.0,12513.0,539.18,33.991053677932406,CAUTION,MONEYNESS_TRANSITION
DIXON,2026-06-16,2026-06-17,09:30,402.4,12235.0,12704.0,633.15,57.3434393638171,LOW_CONFIDENCE,LARGE_MOVE|MONEYNESS_TRANSITION
DIXON,2026-06-16,2026-06-17,10:00,402.4,12235.0,12820.0,690.22,71.52584493041752,LOW_CONFIDENCE,LARGE_MOVE|MONEYNESS_TRANSITION
DIXON,2026-06-16,2026-06-17,11:30,402.4,12235.0,12880.0,719.74,78.86182902584493,LOW_CONFIDENCE,LARGE_MOVE|LATE_SESSION|MONEYNESS_TRANSITION
DIXON,2026-06-16,2026-06-17,15:25,402.4,12235.0,12839.0,699.57,73.84940357852885,LOW_CONFIDENCE,LARGE_MOVE|LATE_SESSION|MONEYNESS_TRANSITION
DIXON,2026-07-06,2026-07-07,09:15,544.5,13304.0,13327.0,555.82,2.0789715335169934,BASELINE,
DIXON,2026-07-06,2026-07-07,09:30,544.5,13304.0,13361.0,572.54,5.149678604224062,CAUTION,PATH_DEPENDENCE
DIXON,2026-07-06,2026-07-07,10:00,544.5,13304.0,13253.0,519.41,-4.607897153351703,CAUTION,PATH_DEPENDENCE
DIXON,2026-07-06,2026-07-07,11:30,544.5,13304.0,13195.0,490.87,-9.849403122130395,CAUTION,LATE_SESSION
DIXON,2026-07-06,2026-07-07,15:25,544.5,13304.0,13242.0,514.0,-5.6014692378328785,LOW_CONFIDENCE,LATE_SESSION|PATH_DEPENDENCE
DIXON,2026-07-09,2026-07-10,09:15,478.2,13477.0,13858.0,665.65,39.199079882894196,CAUTION,MONEYNESS_TRANSITION
DIXON,2026-07-09,2026-07-10,09:30,478.2,13477.0,13855.0,664.18,38.891677122542866,LOW_CONFIDENCE,MONEYNESS_TRANSITION|PATH_DEPENDENCE
DIXON,2026-07-09,2026-07-10,10:00,478.2,13477.0,13576.0,526.91,10.186114596403172,BASELINE,
DIXON,2026-07-09,2026-07-10,11:30,478.2,13477.0,13578.0,527.89,10.391049769970717,CAUTION,LATE_SESSION
DIXON,2026-07-09,2026-07-10,15:25,478.2,13477.0,13401.0,440.81,-7.818904224173984,CAUTION,LATE_SESSION
DIXON,2026-08-20,2026-08-21,09:15,569.95,14850.0,14755.0,523.21,-8.200719361347486,BASELINE,
DIXON,2026-08-20,2026-08-21,09:30,569.95,14850.0,14751.0,521.24,-8.546363716115458,CAUTION,PATH_DEPENDENCE
DIXON,2026-08-20,2026-08-21,10:00,569.95,14850.0,14700.0,496.15,-12.948504254759197,BASELINE,
DIXON,2026-08-20,2026-08-21,11:30,569.95,14850.0,14667.0,479.91,-15.797877006754979,LOW_CONFIDENCE,LATE_SESSION|PATH_DEPENDENCE
DIXON,2026-08-20,2026-08-21,15:25,569.95,14850.0,14850.0,569.95,0.0,CAUTION,LATE_SESSION
DLF,2026-06-15,2026-06-16,09:15,16.15,614.4500122070312,618.0,17.9,10.83591331269349,BASELINE,
DLF,2026-06-15,2026-06-16,09:30,16.15,614.4500122070312,615.2999877929688,16.57,2.6006191950464608,BASELINE,
DLF,2026-06-15,2026-06-16,10:00,16.15,614.4500122070312,622.5,20.11,24.5201238390093,BASELINE,
DLF,2026-06-15,2026-06-16,11:30,16.15,614.4500122070312,622.75,20.23,25.263157894736853,CAUTION,LATE_SESSION
DLF,2026-06-15,2026-06-16,15:25,16.15,614.4500122070312,632.0,24.78,53.43653250773996,LOW_CONFIDENCE,LATE_SESSION|MONEYNESS_TRANSITION
DLF,2026-06-16,2026-06-17,09:15,15.3,629.2999877929688,628.9000244140625,15.1,-1.3071895424836666,BASELINE,
DLF,2026-06-16,2026-06-17,09:30,15.3,629.2999877929688,626.0,13.68,-10.588235294117654,BASELINE,
DLF,2026-06-16,2026-06-17,10:00,15.3,629.2999877929688,626.2999877929688,13.82,-9.673202614379084,BASELINE,
DLF,2026-06-16,2026-06-17,11:30,15.3,629.2999877929688,624.3499755859375,12.86,-15.947712418300664,CAUTION,LATE_SESSION
DLF,2026-06-16,2026-06-17,15:25,15.3,629.2999877929688,623.75,12.57,-17.843137254901965,LOW_CONFIDENCE,LATE_SESSION|PATH_DEPENDENCE
DLF,2026-07-01,2026-07-02,09:15,23.1,648.7000122070312,652.75,25.09,8.614718614718608,BASELINE,
DLF,2026-07-01,2026-07-02,09:30,23.1,648.7000122070312,652.7999877929688,25.12,8.744588744588743,CAUTION,PATH_DEPENDENCE
DLF,2026-07-01,2026-07-02,10:00,23.1,648.7000122070312,650.3499755859375,23.91,3.506493506493502,BASELINE,
DLF,2026-07-01,2026-07-02,11:30,23.1,648.7000122070312,654.0,25.71,11.298701298701296,LOW_CONFIDENCE,LATE_SESSION|PATH_DEPENDENCE
DLF,2026-07-01,2026-07-02,15:25,23.1,648.7000122070312,655.0,26.2,13.41991341991342,LOW_CONFIDENCE,LATE_SESSION|PATH_DEPENDENCE
DLF,2026-07-02,2026-07-03,09:15,20.6,658.2000122070312,659.9500122070312,21.46,4.174757281553387,BASELINE,
DLF,2026-07-02,2026-07-03,09:30,20.6,658.2000122070312,662.0499877929688,22.49,9.174757281553392,BASELINE,
DLF,2026-07-02,2026-07-03,10:00,20.6,658.2000122070312,659.5499877929688,21.26,3.2038834951456208,CAUTION,PATH_DEPENDENCE
DLF,2026-07-02,2026-07-03,11:30,20.6,658.2000122070312,667.4500122070312,25.15,22.087378640776677,CAUTION,LATE_SESSION
DLF,2026-07-02,2026-07-03,15:25,20.6,658.2000122070312,677.0,29.85,44.902912621359214,LOW_CONFIDENCE,LATE_SESSION|MONEYNESS_TRANSITION
DLF,2026-08-24,2026-08-25,09:15,20.75,689.0,684.5,18.54,-10.650602409638555,BASELINE,
DLF,2026-08-24,2026-08-25,09:30,20.75,689.0,682.5499877929688,17.58,-15.277108433734943,BASELINE,
DLF,2026-08-24,2026-08-25,10:00,20.75,689.0,680.9500122070312,16.79,-19.084337349397597,BASELINE,
DLF,2026-08-24,2026-08-25,11:30,20.75,689.0,683.0,17.8,-14.216867469879514,LOW_CONFIDENCE,LATE_SESSION|PATH_DEPENDENCE
DLF,2026-08-24,2026-08-25,15:25,20.75,689.0,682.9500122070312,17.77,-14.361445783132531,LOW_CONFIDENCE,LATE_SESSION|PATH_DEPENDENCE
DMART,2026-06-23,2026-06-24,09:15,163.4,4392.89990234375,4393.60009765625,163.74,0.20807833537332954,BASELINE,
DMART,2026-06-23,2026-06-24,09:30,163.4,4392.89990234375,4422.5,177.96,8.910648714810288,BASELINE,
DMART,2026-06-23,2026-06-24,10:00,163.4,4392.89990234375,4413.0,173.29,6.052631578947354,BASELINE,
DMART,2026-06-23,2026-06-24,11:30,163.4,4392.89990234375,4312.0,123.6,-24.357405140758882,CAUTION,LATE_SESSION
DMART,2026-06-23,2026-06-24,15:25,163.4,4392.89990234375,4333.0,133.93,-18.035495716034266,CAUTION,LATE_SESSION
EICHERMOT,2026-06-15,2026-06-16,09:15,164.25,7624.5,7622.0,163.02,-0.7488584474885762,BASELINE,
EICHERMOT,2026-06-15,2026-06-16,09:30,164.25,7624.5,7571.0,137.93,-16.02435312024353,BASELINE,
EICHERMOT,2026-06-15,2026-06-16,10:00,164.25,7624.5,7548.5,126.86,-22.764079147640793,BASELINE,
EICHERMOT,2026-06-15,2026-06-16,11:30,164.25,7624.5,7574.0,139.4,-15.129375951293756,CAUTION,LATE_SESSION
EICHERMOT,2026-06-15,2026-06-16,15:25,164.25,7624.5,7552.5,128.83,-21.56468797564687,CAUTION,LATE_SESSION
EICHERMOT,2026-06-22,2026-06-23,09:15,114.55,7639.5,7645.5,117.5,2.5752946311654368,BASELINE,
EICHERMOT,2026-06-22,2026-06-23,09:30,114.55,7639.5,7664.0,126.6,10.519423832387599,BASELINE,
EICHERMOT,2026-06-22,2026-06-23,10:00,114.55,7639.5,7642.0,115.78,1.0737669140113537,CAUTION,PATH_DEPENDENCE
EICHERMOT,2026-06-22,2026-06-23,11:30,114.55,7639.5,7668.5,128.82,12.457442164993449,CAUTION,LATE_SESSION
EICHERMOT,2026-06-22,2026-06-23,15:25,114.55,7639.5,7578.0,84.29,-26.41641204714098,CAUTION,LATE_SESSION
EICHERMOT,2026-07-28,2026-07-29,09:15,237.3,7836.0,7894.0,265.84,12.02697008006741,BASELINE,
EICHERMOT,2026-07-28,2026-07-29,09:30,237.3,7836.0,7888.0,262.88,10.779603876949007,BASELINE,
EICHERMOT,2026-07-28,2026-07-29,10:00,237.3,7836.0,7850.5,244.43,3.0046354825115973,BASELINE,
EICHERMOT,2026-07-28,2026-07-29,11:30,237.3,7836.0,7803.0,221.06,-6.84365781710915,CAUTION,LATE_SESSION
EICHERMOT,2026-07-28,2026-07-29,15:25,237.3,7836.0,7800.0,219.59,-7.463126843657819,CAUTION,LATE_SESSION
EICHERMOT,2026-08-03,2026-08-04,09:15,119.15,8050.0,7985.0,87.17,-26.8401174989509,BASELINE,
EICHERMOT,2026-08-03,2026-08-04,09:30,119.15,8050.0,7983.0,86.19,-27.662610155266478,CAUTION,PATH_DEPENDENCE
EICHERMOT,2026-08-03,2026-08-04,10:00,119.15,8050.0,7977.0,83.23,-30.146873688627785,CAUTION,PATH_DEPENDENCE
EICHERMOT,2026-08-03,2026-08-04,11:30,119.15,8050.0,7972.5,81.02,-32.00167855644147,LOW_CONFIDENCE,LATE_SESSION|PATH_DEPENDENCE
EICHERMOT,2026-08-03,2026-08-04,15:25,119.15,8050.0,7935.0,62.57,-47.48636172891314,LOW_CONFIDENCE,LATE_SESSION|MONEYNESS_TRANSITION|PATH_DEPENDENCE
EICHERMOT,2026-08-11,2026-08-12,09:15,152.25,8000.0,7999.5,152.0,-0.16420361247947435,BASELINE,
EICHERMOT,2026-08-11,2026-08-12,09:30,152.25,8000.0,7999.0,151.76,-0.3218390804597737,CAUTION,PATH_DEPENDENCE
EICHERMOT,2026-08-11,2026-08-12,10:00,152.25,8000.0,7959.5,132.32,-13.090311986863712,BASELINE,
EICHERMOT,2026-08-11,2026-08-12,11:30,152.25,8000.0,7980.5,142.66,-6.298850574712644,LOW_CONFIDENCE,LATE_SESSION|PATH_DEPENDENCE
EICHERMOT,2026-08-11,2026-08-12,15:25,152.25,8000.0,8049.0,176.36,15.835796387520528,CAUTION,LATE_SESSION
ETERNAL,2026-06-19,2026-06-22,09:15,5.05,264.29998779296875,266.1000061035156,5.94,17.62376237623764,BASELINE,
ETERNAL,2026-06-19,2026-06-22,09:30,5.05,264.29998779296875,264.70001220703125,5.25,3.960396039603964,BASELINE,
ETERNAL,2026-06-19,2026-06-22,10:00,5.05,264.29998779296875,265.20001220703125,5.49,8.71287128712872,CAUTION,PATH_DEPENDENCE
ETERNAL,2026-06-19,2026-06-22,11:30,5.05,264.29998779296875,266.3999938964844,6.08,20.396039603960393,LOW_CONFIDENCE,LATE_SESSION|PATH_DEPENDENCE
ETERNAL,2026-06-19,2026-06-22,15:25,5.05,264.29998779296875,263.04998779296875,4.43,-12.277227722772277,CAUTION,LATE_SESSION
ETERNAL,2026-07-01,2026-07-02,09:15,11.05,279.70001220703125,283.8500061035156,13.09,18.461538461538463,BASELINE,
ETERNAL,2026-07-01,2026-07-02,09:30,11.05,279.70001220703125,284.3999938964844,13.36,20.904977375565604,BASELINE,
ETERNAL,2026-07-01,2026-07-02,10:00,11.05,279.70001220703125,281.45001220703125,11.91,7.782805429864248,BASELINE,
ETERNAL,2026-07-01,2026-07-02,11:30,11.05,279.70001220703125,279.6000061035156,11.0,-0.4524886877828149,CAUTION,LATE_SESSION
ETERNAL,2026-07-01,2026-07-02,15:25,11.05,279.70001220703125,279.95001220703125,11.17,1.0859728506787292,CAUTION,LATE_SESSION
ETERNAL,2026-08-14,2026-08-17,09:15,5.6,318.5,319.45001220703125,6.07,8.392857142857157,BASELINE,
ETERNAL,2026-08-14,2026-08-17,09:30,5.6,318.5,317.75,5.23,-6.607142857142845,CAUTION,PATH_DEPENDENCE
ETERNAL,2026-08-14,2026-08-17,10:00,5.6,318.5,318.54998779296875,5.62,0.3571428571428559,CAUTION,PATH_DEPENDENCE
ETERNAL,2026-08-14,2026-08-17,11:30,5.6,318.5,318.75,5.72,2.1428571428571352,LOW_CONFIDENCE,LATE_SESSION|PATH_DEPENDENCE
ETERNAL,2026-08-14,2026-08-17,15:25,5.6,318.5,318.0,5.35,-4.46428571428571,CAUTION,LATE_SESSION
FEDERALBNK,2026-06-09,2026-06-10,09:15,8.65,315.1000061035156,313.6499938964844,7.94,-8.208092485549134,BASELINE,
FEDERALBNK,2026-06-09,2026-06-10,09:30,8.65,315.1000061035156,313.95001220703125,8.08,-6.589595375722546,CAUTION,PATH_DEPENDENCE
FEDERALBNK,2026-06-09,2026-06-10,10:00,8.65,315.1000061035156,312.25,7.25,-16.184971098265898,BASELINE,
FEDERALBNK,2026-06-09,2026-06-10,11:30,8.65,315.1000061035156,313.45001220703125,7.84,-9.364161849710984,LOW_CONFIDENCE,LATE_SESSION|PATH_DEPENDENCE
FEDERALBNK,2026-06-09,2026-06-10,15:25,8.65,315.1000061035156,311.04998779296875,6.66,-23.005780346820814,CAUTION,LATE_SESSION
FEDERALBNK,2026-07-13,2026-07-14,09:15,9.05,332.5,331.3999938964844,8.51,-5.966850828729287,BASELINE,
FEDERALBNK,2026-07-13,2026-07-14,09:30,9.05,332.5,331.29998779296875,8.46,-6.519337016574589,CAUTION,PATH_DEPENDENCE
FEDERALBNK,2026-07-13,2026-07-14,10:00,9.05,332.5,329.6499938964844,7.65,-15.469613259668513,BASELINE,
FEDERALBNK,2026-07-13,2026-07-14,11:30,9.05,332.5,328.25,6.96,-23.093922651933706,CAUTION,LATE_SESSION
FEDERALBNK,2026-07-13,2026-07-14,15:25,9.05,332.5,328.3999938964844,7.03,-22.32044198895028,CAUTION,LATE_SESSION
FEDERALBNK,2026-07-17,2026-07-20,09:15,5.85,349.0,349.29998779296875,6.0,2.564102564102577,BASELINE,
FEDERALBNK,2026-07-17,2026-07-20,09:30,5.85,349.0,346.54998779296875,4.64,-20.68376068376069,BASELINE,
FEDERALBNK,2026-07-17,2026-07-20,10:00,5.85,349.0,346.6499938964844,4.69,-19.829059829059815,BASELINE,
FEDERALBNK,2026-07-17,2026-07-20,11:30,5.85,349.0,347.5,5.11,-12.649572649572638,LOW_CONFIDENCE,LATE_SESSION|PATH_DEPENDENCE
FEDERALBNK,2026-07-17,2026-07-20,15:25,5.85,349.0,350.75,6.71,14.700854700854716,LOW_CONFIDENCE,LATE_SESSION|PATH_DEPENDENCE
GAIL,2026-06-15,2026-06-16,09:15,4.62,175.41000366210938,176.27000427246094,5.04,9.090909090909083,BASELINE,
GAIL,2026-06-15,2026-06-16,09:30,4.62,175.41000366210938,177.66000366210938,5.73,24.02597402597404,BASELINE,
GAIL,2026-06-15,2026-06-16,10:00,4.62,175.41000366210938,176.82000732421875,5.31,14.935064935064934,CAUTION,PATH_DEPENDENCE
GAIL,2026-06-15,2026-06-16,11:30,4.62,175.41000366210938,175.7899932861328,4.81,4.112554112554112,LOW_CONFIDENCE,LATE_SESSION|PATH_DEPENDENCE
GAIL,2026-06-15,2026-06-16,15:25,4.62,175.41000366210938,176.08999633789062,4.95,7.14285714285714,LOW_CONFIDENCE,LATE_SESSION|PATH_DEPENDENCE
GAIL,2026-06-16,2026-06-17,09:15,3.97,176.08999633789062,176.13999938964844,3.99,0.5037783375314797,BASELINE,
GAIL,2026-06-16,2026-06-17,09:30,3.97,176.08999633789062,176.60000610351562,4.22,6.297229219143574,BASELINE,
GAIL,2026-06-16,2026-06-17,10:00,3.97,176.08999633789062,175.89999389648438,3.88,-2.267002518891692,CAUTION,PATH_DEPENDENCE
GAIL,2026-06-16,2026-06-17,11:30,3.97,176.08999633789062,176.72999572753906,4.28,7.8085642317380355,CAUTION,LATE_SESSION
GAIL,2026-06-16,2026-06-17,15:25,3.97,176.08999633789062,174.97000122070312,3.42,-13.85390428211587,CAUTION,LATE_SESSION
GLENMARK,2026-07-13,2026-07-14,09:15,57.65,2301.300048828125,2321.0,67.34,16.808326105810934,BASELINE,
GLENMARK,2026-07-13,2026-07-14,09:30,57.65,2301.300048828125,2314.0,63.9,10.841283607979179,BASELINE,
GLENMARK,2026-07-13,2026-07-14,10:00,57.65,2301.300048828125,2315.39990234375,64.59,12.038161318300089,BASELINE,
GLENMARK,2026-07-13,2026-07-14,11:30,57.65,2301.300048828125,2315.5,64.64,12.124891587163923,LOW_CONFIDENCE,LATE_SESSION|PATH_DEPENDENCE
GLENMARK,2026-07-13,2026-07-14,15:25,57.65,2301.300048828125,2305.0,59.47,3.1569817866435423,CAUTION,LATE_SESSION
GLENMARK,2026-08-24,2026-08-25,09:15,79.9,2390.699951171875,2401.89990234375,85.41,6.896120150187723,BASELINE,
GLENMARK,2026-08-24,2026-08-25,09:30,79.9,2390.699951171875,2401.300048828125,85.12,6.533166458072581,CAUTION,PATH_DEPENDENCE
GLENMARK,2026-08-24,2026-08-25,10:00,79.9,2390.699951171875,2408.300048828125,88.56,10.838548185231534,BASELINE,
GLENMARK,2026-08-24,2026-08-25,11:30,79.9,2390.699951171875,2410.60009765625,89.69,12.252816020025016,LOW_CONFIDENCE,LATE_SESSION|PATH_DEPENDENCE
GLENMARK,2026-08-24,2026-08-25,15:25,79.9,2390.699951171875,2400.0,84.48,5.732165206508122,LOW_CONFIDENCE,LATE_SESSION|PATH_DEPENDENCE
GLENMARK,2026-08-25,2026-08-26,09:15,74.55,2400.0,2418.5,83.65,12.206572769953073,BASELINE,
GLENMARK,2026-08-25,2026-08-26,09:30,74.55,2400.0,2422.10009765625,85.42,14.580818242790073,CAUTION,PATH_DEPENDENCE
GLENMARK,2026-08-25,2026-08-26,10:00,74.55,2400.0,2431.10009765625,89.85,20.52313883299799,BASELINE,
GLENMARK,2026-08-25,2026-08-26,11:30,74.55,2400.0,2432.5,90.54,21.448692152917516,LOW_CONFIDENCE,LATE_SESSION|PATH_DEPENDENCE
GLENMARK,2026-08-25,2026-08-26,15:25,74.55,2400.0,2438.300048828125,93.39,25.271629778672033,CAUTION,LATE_SESSION
GLENMARK,2026-08-26,2026-08-27,09:15,74.7,2438.300048828125,2471.0,90.79,21.53949129852746,BASELINE,
GLENMARK,2026-08-26,2026-08-27,09:30,74.7,2438.300048828125,2467.39990234375,89.02,19.170013386880846,CAUTION,PATH_DEPENDENCE
GLENMARK,2026-08-26,2026-08-27,10:00,74.7,2438.300048828125,2459.10009765625,84.93,13.69477911646586,BASELINE,
GLENMARK,2026-08-26,2026-08-27,11:30,74.7,2438.300048828125,2457.5,84.15,12.650602409638555,CAUTION,LATE_SESSION
GLENMARK,2026-08-26,2026-08-27,15:25,74.7,2438.300048828125,2460.0,85.38,14.297188755020063,LOW_CONFIDENCE,LATE_SESSION|PATH_DEPENDENCE
GLENMARK,2026-08-27,2026-08-28,09:15,66.05,2460.0,2460.89990234375,66.49,0.6661619984859923,BASELINE,
GLENMARK,2026-08-27,2026-08-28,09:30,66.05,2460.0,2450.39990234375,61.33,-7.146101438304308,BASELINE,
GLENMARK,2026-08-27,2026-08-28,10:00,66.05,2460.0,2440.60009765625,56.51,-14.443603330809996,BASELINE,
GLENMARK,2026-08-27,2026-08-28,11:30,66.05,2460.0,2440.60009765625,56.51,-14.443603330809996,CAUTION,LATE_SESSION
GLENMARK,2026-08-27,2026-08-28,15:25,66.05,2460.0,2515.0,93.11,40.96896290688872,LOW_CONFIDENCE,LATE_SESSION|MONEYNESS_TRANSITION
GMRAIRPORT,2026-06-15,2026-06-16,09:15,2.69,106.66000366210938,108.62999725341795,3.66,36.05947955390336,BASELINE,
GMRAIRPORT,2026-06-15,2026-06-16,09:30,2.69,106.66000366210938,110.2300033569336,4.45,65.4275092936803,LOW_CONFIDENCE,LARGE_MOVE|MONEYNESS_TRANSITION
GMRAIRPORT,2026-06-15,2026-06-16,10:00,2.69,106.66000366210938,108.9000015258789,3.79,40.89219330855018,CAUTION,PATH_DEPENDENCE
GMRAIRPORT,2026-06-15,2026-06-16,11:30,2.69,106.66000366210938,107.70999908447266,3.21,19.330855018587357,LOW_CONFIDENCE,LATE_SESSION|PATH_DEPENDENCE
GMRAIRPORT,2026-06-15,2026-06-16,15:25,2.69,106.66000366210938,107.4800033569336,3.09,14.869888475836435,LOW_CONFIDENCE,LATE_SESSION|PATH_DEPENDENCE
GMRAIRPORT,2026-06-30,2026-07-01,09:15,4.52,112.08999633789062,112.63999938964844,4.79,5.973451327433632,BASELINE,
GMRAIRPORT,2026-06-30,2026-07-01,09:30,4.52,112.08999633789062,112.83000183105467,4.88,7.964601769911517,BASELINE,
GMRAIRPORT,2026-06-30,2026-07-01,10:00,4.52,112.08999633789062,113.26000213623048,5.1,12.831858407079654,BASELINE,
GMRAIRPORT,2026-06-30,2026-07-01,11:30,4.52,112.08999633789062,113.5,5.21,15.265486725663724,CAUTION,LATE_SESSION
GMRAIRPORT,2026-06-30,2026-07-01,15:25,4.52,112.08999633789062,113.5500030517578,5.24,15.929203539823034,CAUTION,LATE_SESSION
GODREJCP,2026-07-02,2026-07-03,09:15,32.75,1077.199951171875,1086.0,37.08,13.221374045801525,BASELINE,
GODREJCP,2026-07-02,2026-07-03,09:30,32.75,1077.199951171875,1093.300048828125,40.67,24.183206106870237,BASELINE,
GODREJCP,2026-07-02,2026-07-03,10:00,32.75,1077.199951171875,1082.199951171875,35.21,7.5114503816793965,CAUTION,PATH_DEPENDENCE
GODREJCP,2026-07-02,2026-07-03,11:30,32.75,1077.199951171875,1075.699951171875,32.01,-2.259541984732827,CAUTION,LATE_SESSION
GODREJCP,2026-07-02,2026-07-03,15:25,32.75,1077.199951171875,1076.9000244140625,32.6,-0.45801526717557106,CAUTION,LATE_SESSION
GODREJCP,2026-07-03,2026-07-06,09:15,31.85,1076.9000244140625,1102.300048828125,44.35,39.24646781789638,CAUTION,MONEYNESS_TRANSITION
GODREJCP,2026-07-03,2026-07-06,09:30,31.85,1076.9000244140625,1100.4000244140625,43.41,36.29513343799056,CAUTION,PATH_DEPENDENCE
GODREJCP,2026-07-03,2026-07-06,10:00,31.85,1076.9000244140625,1090.199951171875,38.39,20.533751962323386,BASELINE,
GODREJCP,2026-07-03,2026-07-06,11:30,31.85,1076.9000244140625,1094.699951171875,40.61,27.503924646781776,CAUTION,LATE_SESSION
GODREJCP,2026-07-03,2026-07-06,15:25,31.85,1076.9000244140625,1100.5999755859375,43.51,36.60910518053373,LOW_CONFIDENCE,LATE_SESSION|PATH_DEPENDENCE
GODREJPROP,2026-06-18,2026-06-19,09:15,37.4,1810.199951171875,1792.4000244140625,28.64,-23.42245989304812,BASELINE,
GODREJPROP,2026-06-18,2026-06-19,09:30,37.4,1810.199951171875,1788.0999755859375,26.53,-29.064171122994644,BASELINE,
GODREJPROP,2026-06-18,2026-06-19,10:00,37.4,1810.199951171875,1782.9000244140625,23.97,-35.909090909090914,CAUTION,MONEYNESS_TRANSITION
GODREJPROP,2026-06-18,2026-06-19,11:30,37.4,1810.199951171875,1783.0999755859375,24.07,-35.641711229946516,LOW_CONFIDENCE,LATE_SESSION|MONEYNESS_TRANSITION
GODREJPROP,2026-06-18,2026-06-19,15:25,37.4,1810.199951171875,1796.5,30.66,-18.021390374331546,LOW_CONFIDENCE,LATE_SESSION|PATH_DEPENDENCE
GODREJPROP,2026-07-01,2026-07-02,09:15,70.4,1959.5999755859375,1972.800048828125,76.89,9.218749999999986,BASELINE,
GODREJPROP,2026-07-01,2026-07-02,09:30,70.4,1959.5999755859375,1970.0,75.52,7.272727272727253,CAUTION,PATH_DEPENDENCE
GODREJPROP,2026-07-01,2026-07-02,10:00,70.4,1959.5999755859375,1970.199951171875,75.62,7.414772727272734,CAUTION,PATH_DEPENDENCE
GODREJPROP,2026-07-01,2026-07-02,11:30,70.4,1959.5999755859375,1947.699951171875,64.55,-8.309659090909104,CAUTION,LATE_SESSION
GODREJPROP,2026-07-01,2026-07-02,15:25,70.4,1959.5999755859375,1968.699951171875,74.88,6.363636363636349,LOW_CONFIDENCE,LATE_SESSION|PATH_DEPENDENCE
GRASIM,2026-06-15,2026-06-16,09:15,59.5,3164.5,3169.300048828125,61.86,3.966386554621848,BASELINE,
GRASIM,2026-06-15,2026-06-16,09:30,59.5,3164.5,3171.60009765625,62.99,5.865546218487405,CAUTION,PATH_DEPENDENCE
GRASIM,2026-06-15,2026-06-16,10:00,59.5,3164.5,3157.10009765625,55.86,-6.117647058823527,BASELINE,
GRASIM,2026-06-15,2026-06-16,11:30,59.5,3164.5,3156.800048828125,55.71,-6.369747899159661,CAUTION,LATE_SESSION
GRASIM,2026-06-15,2026-06-16,15:25,59.5,3164.5,3142.800048828125,48.82,-17.949579831932773,CAUTION,LATE_SESSION
GVT&D,2026-06-17,2026-06-18,09:15,179.2,5152.5,5162.5,184.12,2.7455357142857295,BASELINE,
GVT&D,2026-06-17,2026-06-18,09:30,179.2,5152.5,5107.0,156.81,-12.494419642857135,BASELINE,
GVT&D,2026-06-17,2026-06-18,10:00,179.2,5152.5,5089.0,147.96,-17.433035714285705,CAUTION,MONEYNESS_TRANSITION
GVT&D,2026-06-17,2026-06-18,11:30,179.2,5152.5,5147.5,176.74,-1.3727678571428426,LOW_CONFIDENCE,LATE_SESSION|PATH_DEPENDENCE
GVT&D,2026-06-17,2026-06-18,15:25,179.2,5152.5,5241.0,222.74,24.296875000000018,LOW_CONFIDENCE,LATE_SESSION|PATH_DEPENDENCE
GVT&D,2026-06-19,2026-06-22,09:15,202.7,5533.5,5457.0,165.06,-18.569314257523427,BASELINE,
GVT&D,2026-06-19,2026-06-22,09:30,202.7,5533.5,5441.0,157.19,-22.45189935865811,BASELINE,
GVT&D,2026-06-19,2026-06-22,10:00,202.7,5533.5,5428.5,151.04,-25.485939812530834,BASELINE,
GVT&D,2026-06-19,2026-06-22,11:30,202.7,5533.5,5488.0,180.31,-11.045880611741488,CAUTION,LATE_SESSION
GVT&D,2026-06-19,2026-06-22,15:25,202.7,5533.5,5494.5,183.51,-9.467192895905274,CAUTION,LATE_SESSION
GVT&D,2026-09-08,2026-09-09,09:15,196.6,4750.0,4799.0,220.71,12.263479145473056,CAUTION,MONEYNESS_TRANSITION
GVT&D,2026-09-08,2026-09-09,09:30,196.6,4750.0,4782.89990234375,212.79,8.234994913530013,BASELINE,
GVT&D,2026-09-08,2026-09-09,10:00,196.6,4750.0,4715.5,179.63,-8.63173957273652,BASELINE,
GVT&D,2026-09-08,2026-09-09,11:30,196.6,4750.0,4685.10009765625,164.67,-16.241098677517808,CAUTION,LATE_SESSION
GVT&D,2026-09-08,2026-09-09,15:25,196.6,4750.0,4673.0,158.72,-19.2675483214649,CAUTION,LATE_SESSION
HAL,2026-08-03,2026-08-04,09:15,118.2,4690.0,4669.0,107.87,-8.739424703891707,BASELINE,
HAL,2026-08-03,2026-08-04,09:30,118.2,4690.0,4682.5,114.51,-3.1218274111675104,BASELINE,
HAL,2026-08-03,2026-08-04,10:00,118.2,4690.0,4699.89990234375,123.07,4.120135363790167,BASELINE,
HAL,2026-08-03,2026-08-04,11:30,118.2,4690.0,4669.2001953125,107.97,-8.654822335025381,LOW_CONFIDENCE,LATE_SESSION|PATH_DEPENDENCE
HAL,2026-08-03,2026-08-04,15:25,118.2,4690.0,4635.0,91.14,-22.89340101522843,CAUTION,LATE_SESSION
HAL,2026-08-06,2026-08-07,09:15,173.1,4920.0,4956.0,190.81,10.231080300404404,BASELINE,
HAL,2026-08-06,2026-08-07,09:30,173.1,4920.0,4921.0,173.59,0.28307336799537897,BASELINE,
HAL,2026-08-06,2026-08-07,10:00,173.1,4920.0,4896.39990234375,161.49,-6.707105719237427,BASELINE,
HAL,2026-08-06,2026-08-07,11:30,173.1,4920.0,4909.89990234375,168.13,-2.8711727325245517,CAUTION,LATE_SESSION
HAL,2026-08-06,2026-08-07,15:25,173.1,4920.0,4910.0,168.18,-2.8422876949739995,CAUTION,LATE_SESSION
HAVELLS,2026-07-27,2026-07-28,09:15,38.6,1237.4000244140625,1234.199951171875,37.03,-4.067357512953373,BASELINE,
HAVELLS,2026-07-27,2026-07-28,09:30,38.6,1237.4000244140625,1237.199951171875,38.5,-0.2590673575129543,BASELINE,
HAVELLS,2026-07-27,2026-07-28,10:00,38.6,1237.4000244140625,1231.0999755859375,35.5,-8.031088082901562,CAUTION,PATH_DEPENDENCE
HAVELLS,2026-07-27,2026-07-28,11:30,38.6,1237.4000244140625,1225.0,32.5,-15.803108808290157,CAUTION,LATE_SESSION
HAVELLS,2026-07-27,2026-07-28,15:25,38.6,1237.4000244140625,1228.199951171875,34.07,-11.735751295336794,CAUTION,LATE_SESSION
HAVELLS,2026-07-30,2026-07-31,09:15,37.45,1261.699951171875,1264.699951171875,38.93,3.9519359145527178,BASELINE,
HAVELLS,2026-07-30,2026-07-31,09:30,37.45,1261.699951171875,1261.9000244140625,37.55,0.26702269692922,BASELINE,
HAVELLS,2026-07-30,2026-07-31,10:00,37.45,1261.699951171875,1259.699951171875,36.47,-2.6168224299065512,BASELINE,
HAVELLS,2026-07-30,2026-07-31,11:30,37.45,1261.699951171875,1261.5999755859375,37.4,-0.1335113484646322,CAUTION,LATE_SESSION
HAVELLS,2026-07-30,2026-07-31,15:25,37.45,1261.699951171875,1260.4000244140625,36.81,-1.7089452603471278,CAUTION,LATE_SESSION
HAVELLS,2026-07-31,2026-08-03,09:15,33.9,1260.699951171875,1268.5,37.74,11.327433628318584,BASELINE,
HAVELLS,2026-07-31,2026-08-03,09:30,33.9,1260.699951171875,1266.4000244140625,36.7,8.259587020648972,CAUTION,PATH_DEPENDENCE
HAVELLS,2026-07-31,2026-08-03,10:00,33.9,1260.699951171875,1265.300048828125,36.16,6.666666666666665,CAUTION,PATH_DEPENDENCE
HAVELLS,2026-07-31,2026-08-03,11:30,33.9,1260.699951171875,1263.0,35.03,3.3333333333333437,CAUTION,LATE_SESSION
HAVELLS,2026-07-31,2026-08-03,15:25,33.9,1260.699951171875,1285.0,45.86,35.2802359882006,CAUTION,LATE_SESSION
HAVELLS,2026-08-03,2026-08-04,09:15,32.2,1285.0,1288.9000244140625,34.12,5.962732919254643,BASELINE,
HAVELLS,2026-08-03,2026-08-04,09:30,32.2,1285.0,1290.199951171875,34.76,7.950310559006191,BASELINE,
HAVELLS,2026-08-03,2026-08-04,10:00,32.2,1285.0,1295.5,37.37,16.055900621117992,BASELINE,
HAVELLS,2026-08-03,2026-08-04,11:30,32.2,1285.0,1285.0999755859375,32.25,0.15527950310558758,LOW_CONFIDENCE,LATE_SESSION|PATH_DEPENDENCE
HAVELLS,2026-08-03,2026-08-04,15:25,32.2,1285.0,1295.0,37.12,15.279503105590052,CAUTION,LATE_SESSION
HCLTECH,2026-07-24,2026-07-27,09:15,41.3,1271.0,1278.699951171875,45.09,9.176755447941897,BASELINE,
HCLTECH,2026-07-24,2026-07-27,09:30,41.3,1271.0,1291.0,51.14,23.825665859564182,BASELINE,
HCLTECH,2026-07-24,2026-07-27,10:00,41.3,1271.0,1297.699951171875,54.44,31.815980629539965,CAUTION,MONEYNESS_TRANSITION
HCLTECH,2026-07-24,2026-07-27,11:30,41.3,1271.0,1299.0,55.08,33.365617433414045,LOW_CONFIDENCE,LATE_SESSION|MONEYNESS_TRANSITION
HCLTECH,2026-07-24,2026-07-27,15:25,41.3,1271.0,1295.0999755859375,53.16,28.716707021791766,CAUTION,LATE_SESSION
HDFCAMC,2026-07-01,2026-07-02,09:15,93.2,2745.800048828125,2756.60009765625,98.51,5.697424892703862,BASELINE,
HDFCAMC,2026-07-01,2026-07-02,09:30,93.2,2745.800048828125,2755.10009765625,97.78,4.914163090128754,CAUTION,PATH_DEPENDENCE
HDFCAMC,2026-07-01,2026-07-02,10:00,93.2,2745.800048828125,2748.10009765625,94.33,1.2124463519313178,BASELINE,
HDFCAMC,2026-07-01,2026-07-02,11:30,93.2,2745.800048828125,2754.89990234375,97.68,4.806866952789712,LOW_CONFIDENCE,LATE_SESSION|PATH_DEPENDENCE
HDFCAMC,2026-07-01,2026-07-02,15:25,93.2,2745.800048828125,2759.60009765625,99.99,7.285407725321891,LOW_CONFIDENCE,LATE_SESSION|PATH_DEPENDENCE
HDFCAMC,2026-07-02,2026-07-03,09:15,91.55,2759.60009765625,2772.300048828125,97.8,6.826870562534126,BASELINE,
HDFCAMC,2026-07-02,2026-07-03,09:30,91.55,2759.60009765625,2772.39990234375,97.85,6.881485527034403,CAUTION,PATH_DEPENDENCE
HDFCAMC,2026-07-02,2026-07-03,10:00,91.55,2759.60009765625,2783.89990234375,103.51,13.063899508465337,BASELINE,
HDFCAMC,2026-07-02,2026-07-03,11:30,91.55,2759.60009765625,2773.699951171875,98.49,7.580557072637895,LOW_CONFIDENCE,LATE_SESSION|PATH_DEPENDENCE
HDFCAMC,2026-07-02,2026-07-03,15:25,91.55,2759.60009765625,2800.199951171875,111.53,21.824139814309127,CAUTION,LATE_SESSION
HDFCAMC,2026-07-03,2026-07-06,09:15,92.15,2800.199951171875,2816.800048828125,100.32,8.865979381443289,BASELINE,
HDFCAMC,2026-07-03,2026-07-06,09:30,92.15,2800.199951171875,2808.39990234375,96.18,4.373304395008137,BASELINE,
HDFCAMC,2026-07-03,2026-07-06,10:00,92.15,2800.199951171875,2823.300048828125,103.52,12.338578404774815,CAUTION,PATH_DEPENDENCE
HDFCAMC,2026-07-03,2026-07-06,11:30,92.15,2800.199951171875,2786.199951171875,85.26,-7.476939772110692,CAUTION,LATE_SESSION
HDFCAMC,2026-07-03,2026-07-06,15:25,92.15,2800.199951171875,2771.10009765625,77.83,-15.539880629408575,CAUTION,LATE_SESSION
HDFCBANK,2026-06-18,2026-06-19,09:15,7.85,799.0,786.75,1.82,-76.81528662420382,BASELINE,
HDFCBANK,2026-06-18,2026-06-19,09:30,7.85,799.0,781.7999877929688,-0.61,-107.77070063694268,CAUTION,MONEYNESS_TRANSITION
HDFCBANK,2026-06-18,2026-06-19,10:00,7.85,799.0,781.4500122070312,-0.78,-109.93630573248407,CAUTION,MONEYNESS_TRANSITION
HDFCBANK,2026-06-18,2026-06-19,11:30,7.85,799.0,778.5,-2.24,-128.53503184713375,LOW_CONFIDENCE,LATE_SESSION|MONEYNESS_TRANSITION
HDFCBANK,2026-06-18,2026-06-19,15:25,7.85,799.0,781.0,-1.01,-112.86624203821655,LOW_CONFIDENCE,LATE_SESSION|MONEYNESS_TRANSITION
HDFCBANK,2026-07-06,2026-07-07,09:15,18.15,829.8499755859375,833.6500244140625,20.02,10.303030303030303,BASELINE,
HDFCBANK,2026-07-06,2026-07-07,09:30,18.15,829.8499755859375,832.2999877929688,19.36,6.666666666666665,CAUTION,PATH_DEPENDENCE
HDFCBANK,2026-07-06,2026-07-07,10:00,18.15,829.8499755859375,834.5999755859375,20.49,12.892561983471085,CAUTION,PATH_DEPENDENCE
HDFCBANK,2026-07-06,2026-07-07,11:30,18.15,829.8499755859375,836.3499755859375,21.35,17.63085399449038,CAUTION,LATE_SESSION
HDFCBANK,2026-07-06,2026-07-07,15:25,18.15,829.8499755859375,827.5,16.99,-6.39118457300275,CAUTION,LATE_SESSION
HEROMOTOCO,2026-07-23,2026-07-24,09:15,151.95,5173.7998046875,5065.0,98.42,-35.22869364922671,CAUTION,MONEYNESS_TRANSITION
HEROMOTOCO,2026-07-23,2026-07-24,09:30,151.95,5173.7998046875,5049.2001953125,90.65,-40.34221783481408,CAUTION,MONEYNESS_TRANSITION
HEROMOTOCO,2026-07-23,2026-07-24,10:00,151.95,5173.7998046875,4997.10009765625,65.01,-57.21618953603158,LOW_CONFIDENCE,LARGE_MOVE|MONEYNESS_TRANSITION
HEROMOTOCO,2026-07-23,2026-07-24,11:30,151.95,5173.7998046875,5044.0,88.09,-42.02698256005264,LOW_CONFIDENCE,LATE_SESSION|MONEYNESS_TRANSITION|PATH_DEPENDENCE
HEROMOTOCO,2026-07-23,2026-07-24,15:25,151.95,5173.7998046875,5010.89990234375,71.8,-52.74761434682461,LOW_CONFIDENCE,LARGE_MOVE|LATE_SESSION|MONEYNESS_TRANSITION
HEROMOTOCO,2026-07-29,2026-07-30,09:15,196.05,5149.10009765625,5203.2998046875,222.72,13.603672532517198,CAUTION,MONEYNESS_TRANSITION
HEROMOTOCO,2026-07-29,2026-07-30,09:30,196.05,5149.10009765625,5304.2998046875,272.41,38.94924764090795,LOW_CONFIDENCE,LARGE_MOVE|MONEYNESS_TRANSITION
HEROMOTOCO,2026-07-29,2026-07-30,10:00,196.05,5149.10009765625,5329.10009765625,284.61,45.17214996174446,LOW_CONFIDENCE,LARGE_MOVE|MONEYNESS_TRANSITION
HEROMOTOCO,2026-07-29,2026-07-30,11:30,196.05,5149.10009765625,5313.2001953125,276.79,41.18337158888039,LOW_CONFIDENCE,LARGE_MOVE|LATE_SESSION|MONEYNESS_TRANSITION
HEROMOTOCO,2026-07-29,2026-07-30,15:25,196.05,5149.10009765625,5325.0,282.59,44.14180056108135,LOW_CONFIDENCE,LARGE_MOVE|LATE_SESSION|MONEYNESS_TRANSITION
HEROMOTOCO,2026-07-30,2026-07-31,09:15,194.0,5325.0,5340.60009765625,201.68,3.958762886597933,BASELINE,
HEROMOTOCO,2026-07-30,2026-07-31,09:30,194.0,5325.0,5328.60009765625,195.77,0.9123711340206286,BASELINE,
HEROMOTOCO,2026-07-30,2026-07-31,10:00,194.0,5325.0,5318.10009765625,190.61,-1.7474226804123694,BASELINE,
HEROMOTOCO,2026-07-30,2026-07-31,11:30,194.0,5325.0,5359.89990234375,211.17,8.85051546391753,CAUTION,LATE_SESSION
HEROMOTOCO,2026-07-30,2026-07-31,15:25,194.0,5325.0,5382.60009765625,222.34,14.60824742268041,CAUTION,LATE_SESSION
HINDALCO,2026-08-04,2026-08-05,09:15,32.3,1020.0,1022.2999877929688,33.43,3.4984520123839014,BASELINE,
HINDALCO,2026-08-04,2026-08-05,09:30,32.3,1020.0,1023.3499755859376,33.95,5.10835913312695,BASELINE,
HINDALCO,2026-08-04,2026-08-05,10:00,32.3,1020.0,1019.7000122070312,32.15,-0.4643962848297156,BASELINE,
HINDALCO,2026-08-04,2026-08-05,11:30,32.3,1020.0,1015.2000122070312,29.94,-7.30650154798761,CAUTION,LATE_SESSION
HINDALCO,2026-08-04,2026-08-05,15:25,32.3,1020.0,1040.0,42.14,30.464396284829732,CAUTION,LATE_SESSION
HINDALCO,2026-08-05,2026-08-06,09:15,33.95,1040.0,1029.4000244140625,28.73,-15.375552282768778,BASELINE,
HINDALCO,2026-08-05,2026-08-06,09:30,33.95,1040.0,1023.2999877929688,25.73,-24.212076583210607,BASELINE,
HINDALCO,2026-08-05,2026-08-06,10:00,33.95,1040.0,1023.2000122070312,25.68,-24.35935198821797,BASELINE,
HINDALCO,2026-08-05,2026-08-06,11:30,33.95,1040.0,1022.5,25.34,-25.36082474226805,CAUTION,LATE_SESSION
HINDALCO,2026-08-05,2026-08-06,15:25,33.95,1040.0,1027.0,27.55,-18.851251840942563,LOW_CONFIDENCE,LATE_SESSION|PATH_DEPENDENCE
HINDALCO,2026-08-07,2026-08-10,09:15,22.65,1059.5999755859375,1054.300048828125,20.04,-11.523178807947021,BASELINE,
HINDALCO,2026-08-07,2026-08-10,09:30,22.65,1059.5999755859375,1051.3499755859375,18.59,-17.924944812362032,BASELINE,
HINDALCO,2026-08-07,2026-08-10,10:00,22.65,1059.5999755859375,1055.0999755859375,20.44,-9.757174392935974,CAUTION,PATH_DEPENDENCE
HINDALCO,2026-08-07,2026-08-10,11:30,22.65,1059.5999755859375,1043.300048828125,14.63,-35.40838852097129,CAUTION,LATE_SESSION
HINDALCO,2026-08-07,2026-08-10,15:25,22.65,1059.5999755859375,1054.050048828125,19.92,-12.052980132450319,LOW_CONFIDENCE,LATE_SESSION|PATH_DEPENDENCE
HINDPETRO,2026-06-15,2026-06-16,09:15,12.5,401.6499938964844,402.0,12.67,1.3600000000000056,BASELINE,
HINDPETRO,2026-06-15,2026-06-16,09:30,12.5,401.6499938964844,403.5,13.41,7.279999999999998,BASELINE,
HINDPETRO,2026-06-15,2026-06-16,10:00,12.5,401.6499938964844,403.7000122070313,13.51,8.079999999999998,BASELINE,
HINDPETRO,2026-06-15,2026-06-16,11:30,12.5,401.6499938964844,402.2999877929687,12.82,2.5600000000000067,LOW_CONFIDENCE,LATE_SESSION|PATH_DEPENDENCE
HINDPETRO,2026-06-15,2026-06-16,15:25,12.5,401.6499938964844,401.8999938964844,12.62,0.9599999999999831,LOW_CONFIDENCE,LATE_SESSION|PATH_DEPENDENCE
HINDZINC,2026-08-05,2026-08-06,09:15,15.85,596.9500122070312,597.9000244140625,16.32,2.9652996845425994,BASELINE,
HINDZINC,2026-08-05,2026-08-06,09:30,15.85,596.9500122070312,595.7000122070312,15.24,-3.84858044164037,BASELINE,
HINDZINC,2026-08-05,2026-08-06,10:00,15.85,596.9500122070312,594.7999877929688,14.79,-6.687697160883288,BASELINE,
HINDZINC,2026-08-05,2026-08-06,11:30,15.85,596.9500122070312,594.25,14.52,-8.391167192429027,CAUTION,LATE_SESSION
HINDZINC,2026-08-05,2026-08-06,15:25,15.85,596.9500122070312,590.0,12.43,-21.577287066246054,CAUTION,LATE_SESSION
HINDZINC,2026-08-24,2026-08-25,09:15,23.9,604.0,594.0999755859375,19.03,-20.3765690376569,BASELINE,
HINDZINC,2026-08-24,2026-08-25,09:30,23.9,604.0,594.3499755859375,19.15,-19.874476987447697,CAUTION,PATH_DEPENDENCE
HINDZINC,2026-08-24,2026-08-25,10:00,23.9,604.0,590.8499755859375,17.43,-27.071129707112974,BASELINE,
HINDZINC,2026-08-24,2026-08-25,11:30,23.9,604.0,587.4000244140625,15.73,-34.18410041841003,LOW_CONFIDENCE,LATE_SESSION|MONEYNESS_TRANSITION
HINDZINC,2026-08-24,2026-08-25,15:25,23.9,604.0,592.5999755859375,18.29,-23.472803347280337,LOW_CONFIDENCE,LATE_SESSION|PATH_DEPENDENCE
HYUNDAI,2026-07-31,2026-08-03,09:15,57.0,2180.699951171875,2230.300048828125,81.4,42.80701754385965,CAUTION,MONEYNESS_TRANSITION
HYUNDAI,2026-07-31,2026-08-03,09:30,57.0,2180.699951171875,2225.89990234375,79.24,39.01754385964911,LOW_CONFIDENCE,MONEYNESS_TRANSITION|PATH_DEPENDENCE
HYUNDAI,2026-07-31,2026-08-03,10:00,57.0,2180.699951171875,2220.199951171875,76.43,34.08771929824563,BASELINE,
HYUNDAI,2026-07-31,2026-08-03,11:30,57.0,2180.699951171875,2212.39990234375,72.6,27.368421052631575,CAUTION,LATE_SESSION
HYUNDAI,2026-07-31,2026-08-03,15:25,57.0,2180.699951171875,2207.0,69.94,22.70175438596491,CAUTION,LATE_SESSION
ICICIBANK,2026-06-11,2026-06-12,09:15,21.05,1317.0,1336.699951171875,30.74,46.03325415676957,BASELINE,
ICICIBANK,2026-06-11,2026-06-12,09:30,21.05,1317.0,1328.9000244140625,26.9,27.790973871733947,BASELINE,
ICICIBANK,2026-06-11,2026-06-12,10:00,21.05,1317.0,1321.4000244140625,23.21,10.261282660332549,BASELINE,
ICICIBANK,2026-06-11,2026-06-12,11:30,21.05,1317.0,1327.300048828125,26.12,24.08551068883611,CAUTION,LATE_SESSION
ICICIBANK,2026-06-11,2026-06-12,15:25,21.05,1317.0,1340.800048828125,32.76,55.629453681710196,LOW_CONFIDENCE,LATE_SESSION|PATH_DEPENDENCE
ICICIBANK,2026-06-12,2026-06-15,09:15,21.65,1340.800048828125,1351.199951171875,26.77,23.648960739030024,BASELINE,
ICICIBANK,2026-06-12,2026-06-15,09:30,21.65,1340.800048828125,1348.5999755859375,25.49,17.736720554272512,BASELINE,
ICICIBANK,2026-06-12,2026-06-15,10:00,21.65,1340.800048828125,1347.699951171875,25.04,15.658198614318719,BASELINE,
ICICIBANK,2026-06-12,2026-06-15,11:30,21.65,1340.800048828125,1343.9000244140625,23.18,7.066974595842956,CAUTION,LATE_SESSION
ICICIBANK,2026-06-12,2026-06-15,15:25,21.65,1340.800048828125,1328.0,15.35,-29.099307159353348,CAUTION,LATE_SESSION
ICICIBANK,2026-06-24,2026-06-25,09:15,39.15,1373.5999755859375,1386.4000244140625,45.45,16.09195402298851,BASELINE,
ICICIBANK,2026-06-24,2026-06-25,09:30,39.15,1373.5999755859375,1387.800048828125,46.14,17.85440613026821,BASELINE,
ICICIBANK,2026-06-24,2026-06-25,10:00,39.15,1373.5999755859375,1389.699951171875,47.07,20.229885057471275,BASELINE,
ICICIBANK,2026-06-24,2026-06-25,11:30,39.15,1373.5999755859375,1390.0,47.22,20.613026819923363,CAUTION,LATE_SESSION
ICICIBANK,2026-06-24,2026-06-25,15:25,39.15,1373.5999755859375,1387.5,45.99,17.471264367816097,LOW_CONFIDENCE,LATE_SESSION|PATH_DEPENDENCE
ICICIBANK,2026-06-25,2026-06-29,09:15,37.0,1387.5,1399.300048828125,42.81,15.702702702702709,BASELINE,
ICICIBANK,2026-06-25,2026-06-29,09:30,37.0,1387.5,1383.300048828125,34.93,-5.594594594594593,BASELINE,
ICICIBANK,2026-06-25,2026-06-29,10:00,37.0,1387.5,1387.5999755859375,37.05,0.13513513513512265,BASELINE,
ICICIBANK,2026-06-25,2026-06-29,11:30,37.0,1387.5,1386.4000244140625,36.46,-1.4594594594594557,CAUTION,LATE_SESSION
ICICIBANK,2026-06-25,2026-06-29,15:25,37.0,1387.5,1388.0,37.25,0.6756756756756799,CAUTION,LATE_SESSION
ICICIBANK,2026-07-17,2026-07-20,09:15,29.5,1444.300048828125,1462.800048828125,38.6,30.847457627118647,BASELINE,
ICICIBANK,2026-07-17,2026-07-20,09:30,29.5,1444.300048828125,1452.0,33.29,12.84745762711863,BASELINE,
ICICIBANK,2026-07-17,2026-07-20,10:00,29.5,1444.300048828125,1453.4000244140625,33.98,15.186440677966084,BASELINE,
ICICIBANK,2026-07-17,2026-07-20,11:30,29.5,1444.300048828125,1454.5,34.52,17.016949152542395,LOW_CONFIDENCE,LATE_SESSION|PATH_DEPENDENCE
ICICIBANK,2026-07-17,2026-07-20,15:25,29.5,1444.300048828125,1460.300048828125,37.37,26.677966101694906,LOW_CONFIDENCE,LATE_SESSION|PATH_DEPENDENCE
IDEA,2026-08-14,2026-08-17,09:15,0.41,14.109999656677246,13.970000267028809,0.34,-17.07317073170731,BASELINE,
IDEA,2026-08-14,2026-08-17,09:30,0.41,14.109999656677246,13.989999771118164,0.35,-14.634146341463417,CAUTION,PATH_DEPENDENCE
IDEA,2026-08-14,2026-08-17,10:00,0.41,14.109999656677246,13.9399995803833,0.33,-19.512195121951216,CAUTION,PATH_DEPENDENCE
IDEA,2026-08-14,2026-08-17,11:30,0.41,14.109999656677246,13.829999923706056,0.27,-34.14634146341463,CAUTION,LATE_SESSION
IDEA,2026-08-14,2026-08-17,15:25,0.41,14.109999656677246,13.710000038146973,0.21,-48.78048780487805,LOW_CONFIDENCE,LATE_SESSION|MONEYNESS_TRANSITION
IDEA,2026-08-18,2026-08-19,09:15,0.35,14.119999885559082,14.130000114440918,0.35,0.0,BASELINE,
IDEA,2026-08-18,2026-08-19,09:30,0.35,14.119999885559082,14.020000457763672,0.3,-14.28571428571428,BASELINE,
IDEA,2026-08-18,2026-08-19,10:00,0.35,14.119999885559082,14.0,0.29,-17.14285714285715,BASELINE,
IDEA,2026-08-18,2026-08-19,11:30,0.35,14.119999885559082,13.9399995803833,0.26,-25.71428571428571,CAUTION,LATE_SESSION
IDEA,2026-08-18,2026-08-19,15:25,0.35,14.119999885559082,14.06999969482422,0.33,-5.714285714285705,LOW_CONFIDENCE,LATE_SESSION|PATH_DEPENDENCE
IDEA,2026-08-25,2026-08-26,09:15,0.84,15.1899995803833,15.3100004196167,0.9,7.14285714285714,CAUTION,MONEYNESS_TRANSITION
IDEA,2026-08-25,2026-08-26,09:30,0.84,15.1899995803833,15.239999771118164,0.86,2.3809523809523725,BASELINE,
IDEA,2026-08-25,2026-08-26,10:00,0.84,15.1899995803833,15.079999923706056,0.79,-5.952380952380942,BASELINE,
IDEA,2026-08-25,2026-08-26,11:30,0.84,15.1899995803833,15.119999885559082,0.81,-3.5714285714285587,CAUTION,LATE_SESSION
IDEA,2026-08-25,2026-08-26,15:25,0.84,15.1899995803833,15.0600004196167,0.78,-7.14285714285714,CAUTION,LATE_SESSION
IDFCFIRSTB,2026-06-09,2026-06-10,09:15,2.13,73.69000244140625,73.69000244140625,2.13,0.0,BASELINE,
IDFCFIRSTB,2026-06-09,2026-06-10,09:30,2.13,73.69000244140625,73.81999969482422,2.19,2.8169014084507005,BASELINE,
IDFCFIRSTB,2026-06-09,2026-06-10,10:00,2.13,73.69000244140625,73.55000305175781,2.06,-3.2863849765258135,CAUTION,PATH_DEPENDENCE
IDFCFIRSTB,2026-06-09,2026-06-10,11:30,2.13,73.69000244140625,73.30000305175781,1.94,-8.920187793427225,CAUTION,LATE_SESSION
IDFCFIRSTB,2026-06-09,2026-06-10,15:25,2.13,73.69000244140625,73.29000091552734,1.93,-9.38967136150235,LOW_CONFIDENCE,LATE_SESSION|PATH_DEPENDENCE
IDFCFIRSTB,2026-06-12,2026-06-15,09:15,1.65,76.5,77.95999908447266,2.37,43.636363636363654,BASELINE,
IDFCFIRSTB,2026-06-12,2026-06-15,09:30,1.65,76.5,77.61000061035156,2.2,33.33333333333335,BASELINE,
IDFCFIRSTB,2026-06-12,2026-06-15,10:00,1.65,76.5,77.37000274658203,2.08,26.060606060606073,BASELINE,
IDFCFIRSTB,2026-06-12,2026-06-15,11:30,1.65,76.5,78.25,2.51,52.121212121212125,LOW_CONFIDENCE,LATE_SESSION|PATH_DEPENDENCE
IDFCFIRSTB,2026-06-12,2026-06-15,15:25,1.65,76.5,78.30000305175781,2.54,53.93939393939395,LOW_CONFIDENCE,LATE_SESSION|PATH_DEPENDENCE
INDHOTEL,2026-06-15,2026-06-16,09:15,11.6,689.8499755859375,695.8499755859375,14.55,25.43103448275863,BASELINE,
INDHOTEL,2026-06-15,2026-06-16,09:30,11.6,689.8499755859375,693.4000244140625,13.35,15.086206896551735,BASELINE,
INDHOTEL,2026-06-15,2026-06-16,10:00,11.6,689.8499755859375,693.2999877929688,13.3,14.655172413793105,BASELINE,
INDHOTEL,2026-06-15,2026-06-16,11:30,11.6,689.8499755859375,696.7000122070312,14.97,29.051724137931046,LOW_CONFIDENCE,LATE_SESSION|PATH_DEPENDENCE
INDHOTEL,2026-06-15,2026-06-16,15:25,11.6,689.8499755859375,693.7999877929688,13.54,16.724137931034488,CAUTION,LATE_SESSION
INDHOTEL,2026-06-18,2026-06-19,09:15,9.7,710.4500122070312,712.5999755859375,10.76,10.927835051546397,BASELINE,
INDHOTEL,2026-06-18,2026-06-19,09:30,9.7,710.4500122070312,712.0,10.46,7.835051546391769,CAUTION,PATH_DEPENDENCE
INDHOTEL,2026-06-18,2026-06-19,10:00,9.7,710.4500122070312,722.4000244140625,15.58,60.61855670103093,BASELINE,
INDHOTEL,2026-06-18,2026-06-19,11:30,9.7,710.4500122070312,719.6500244140625,14.23,46.70103092783506,CAUTION,LATE_SESSION
INDHOTEL,2026-06-18,2026-06-19,15:25,9.7,710.4500122070312,721.0999755859375,14.94,54.02061855670104,CAUTION,LATE_SESSION
INDIANB,2026-08-05,2026-08-06,09:15,25.35,854.0,854.0,25.35,0.0,BASELINE,
INDIANB,2026-08-05,2026-08-06,09:30,25.35,854.0,854.7000122070312,25.69,1.3412228796844117,CAUTION,PATH_DEPENDENCE
INDIANB,2026-08-05,2026-08-06,10:00,25.35,854.0,858.25,27.44,8.244575936883635,BASELINE,
INDIANB,2026-08-05,2026-08-06,11:30,25.35,854.0,858.7000122070312,27.66,9.112426035502953,CAUTION,LATE_SESSION
INDIANB,2026-08-05,2026-08-06,15:25,25.35,854.0,877.9000244140625,37.11,46.39053254437868,LOW_CONFIDENCE,LATE_SESSION|MONEYNESS_TRANSITION
INDIANB,2026-08-06,2026-08-07,09:15,26.65,877.9000244140625,881.0,28.18,5.741088180112586,BASELINE,
INDIANB,2026-08-06,2026-08-07,09:30,26.65,877.9000244140625,884.6500244140625,29.97,12.457786116322712,BASELINE,
INDIANB,2026-08-06,2026-08-07,10:00,26.65,877.9000244140625,890.0,32.6,22.326454033771114,BASELINE,
INDIANB,2026-08-06,2026-08-07,11:30,26.65,877.9000244140625,890.5,32.85,23.264540337711082,CAUTION,LATE_SESSION
INDIANB,2026-08-06,2026-08-07,15:25,26.65,877.9000244140625,889.5,32.36,21.425891181988742,LOW_CONFIDENCE,LATE_SESSION|PATH_DEPENDENCE
INDIGO,2026-06-12,2026-06-15,09:15,101.0,4709.7001953125,4877.0,183.31,81.4950495049505,LOW_CONFIDENCE,LARGE_MOVE|MONEYNESS_TRANSITION
INDIGO,2026-06-12,2026-06-15,09:30,101.0,4709.7001953125,4899.89990234375,194.58,92.65346534653467,LOW_CONFIDENCE,LARGE_MOVE|MONEYNESS_TRANSITION
INDIGO,2026-06-12,2026-06-15,10:00,101.0,4709.7001953125,4926.7001953125,207.76,105.70297029702971,LOW_CONFIDENCE,LARGE_MOVE|MONEYNESS_TRANSITION
INDIGO,2026-06-12,2026-06-15,11:30,101.0,4709.7001953125,4905.10009765625,197.14,95.18811881188118,LOW_CONFIDENCE,LARGE_MOVE|LATE_SESSION|MONEYNESS_TRANSITION|PATH_DEPENDENCE
INDIGO,2026-06-12,2026-06-15,15:25,101.0,4709.7001953125,4886.0,187.74,85.88118811881189,LOW_CONFIDENCE,LARGE_MOVE|LATE_SESSION|MONEYNESS_TRANSITION|PATH_DEPENDENCE
INDIGO,2026-06-15,2026-06-16,09:15,80.95,4880.39990234375,4877.60009765625,79.57,-1.7047560222359648,BASELINE,
INDIGO,2026-06-15,2026-06-16,09:30,80.95,4880.39990234375,4881.5,81.49,0.6670784434836152,CAUTION,PATH_DEPENDENCE
INDIGO,2026-06-15,2026-06-16,10:00,80.95,4880.39990234375,4845.0,63.53,-21.519456454601603,BASELINE,
INDIGO,2026-06-15,2026-06-16,11:30,80.95,4880.39990234375,4838.39990234375,60.29,-25.521927115503395,CAUTION,LATE_SESSION
INDIGO,2026-06-15,2026-06-16,15:25,80.95,4880.39990234375,4846.2998046875,64.17,-20.728844966028415,CAUTION,LATE_SESSION
INDUSINDBK,2026-07-03,2026-07-06,09:15,37.05,974.3499755859376,980.8499755859376,40.25,8.636977058029704,BASELINE,
INDUSINDBK,2026-07-03,2026-07-06,09:30,37.05,974.3499755859376,973.4500122070312,36.61,-1.1875843454790758,BASELINE,
INDUSINDBK,2026-07-03,2026-07-06,10:00,37.05,974.3499755859376,983.0,41.31,11.49797570850204,CAUTION,PATH_DEPENDENCE
INDUSINDBK,2026-07-03,2026-07-06,11:30,37.05,974.3499755859376,991.7000122070312,45.59,23.049932523616757,LOW_CONFIDENCE,LATE_SESSION|MONEYNESS_TRANSITION
INDUSINDBK,2026-07-03,2026-07-06,15:25,37.05,974.3499755859376,1009.7999877929688,54.49,47.07152496626183,LOW_CONFIDENCE,LARGE_MOVE|LATE_SESSION|MONEYNESS_TRANSITION
INDUSINDBK,2026-07-06,2026-07-07,09:15,30.55,1009.7999877929688,1014.5,32.86,7.561374795417342,BASELINE,
INDUSINDBK,2026-07-06,2026-07-07,09:30,30.55,1009.7999877929688,1013.0999755859376,32.17,5.302782324058919,CAUTION,PATH_DEPENDENCE
INDUSINDBK,2026-07-06,2026-07-07,10:00,30.55,1009.7999877929688,1015.7999877929688,33.5,9.656301145662848,CAUTION,PATH_DEPENDENCE
INDUSINDBK,2026-07-06,2026-07-07,11:30,30.55,1009.7999877929688,1022.9000244140624,37.0,21.112929623567922,CAUTION,LATE_SESSION
INDUSINDBK,2026-07-06,2026-07-07,15:25,30.55,1009.7999877929688,1022.25,36.68,20.065466448445157,LOW_CONFIDENCE,LATE_SESSION|PATH_DEPENDENCE
INFY,2026-07-29,2026-07-30,09:15,38.8,1155.5999755859375,1183.699951171875,52.63,35.64432989690722,CAUTION,MONEYNESS_TRANSITION
INFY,2026-07-29,2026-07-30,09:30,38.8,1155.5999755859375,1179.0,50.31,29.664948453608254,CAUTION,MONEYNESS_TRANSITION
INFY,2026-07-29,2026-07-30,10:00,38.8,1155.5999755859375,1185.0999755859375,53.31,37.39690721649487,LOW_CONFIDENCE,MONEYNESS_TRANSITION|PATH_DEPENDENCE
INFY,2026-07-29,2026-07-30,11:30,38.8,1155.5999755859375,1173.5999755859375,47.66,22.83505154639176,CAUTION,LATE_SESSION
INFY,2026-07-29,2026-07-30,15:25,38.8,1155.5999755859375,1156.699951171875,39.34,1.3917525773196049,CAUTION,LATE_SESSION
JINDALSTEL,2026-08-20,2026-08-21,09:15,35.1,1118.9000244140625,1125.800048828125,38.49,9.658119658119668,BASELINE,
JINDALSTEL,2026-08-20,2026-08-21,09:30,35.1,1118.9000244140625,1129.5,40.32,14.871794871794863,BASELINE,
JINDALSTEL,2026-08-20,2026-08-21,10:00,35.1,1118.9000244140625,1128.0,39.58,12.763532763532748,CAUTION,PATH_DEPENDENCE
JINDALSTEL,2026-08-20,2026-08-21,11:30,35.1,1118.9000244140625,1125.0999755859375,38.15,8.689458689458673,LOW_CONFIDENCE,LATE_SESSION|PATH_DEPENDENCE
JINDALSTEL,2026-08-20,2026-08-21,15:25,35.1,1118.9000244140625,1127.800048828125,39.48,12.478632478632456,LOW_CONFIDENCE,LATE_SESSION|PATH_DEPENDENCE
JIOFIN,2026-07-31,2026-08-03,09:15,7.68,256.4599914550781,258.45001220703125,8.66,12.760416666666675,BASELINE,
JIOFIN,2026-07-31,2026-08-03,09:30,7.68,256.4599914550781,257.54998779296875,8.22,7.031250000000022,BASELINE,
JIOFIN,2026-07-31,2026-08-03,10:00,7.68,256.4599914550781,261.29998779296875,10.06,30.98958333333335,BASELINE,
JIOFIN,2026-07-31,2026-08-03,11:30,7.68,256.4599914550781,261.29998779296875,10.06,30.98958333333335,CAUTION,LATE_SESSION
JIOFIN,2026-07-31,2026-08-03,15:25,7.68,256.4599914550781,263.0,10.9,41.92708333333335,LOW_CONFIDENCE,LATE_SESSION|MONEYNESS_TRANSITION
JIOFIN,2026-08-03,2026-08-04,09:15,8.8,263.0,263.6499938964844,9.12,3.6363636363636154,BASELINE,
JIOFIN,2026-08-03,2026-08-04,09:30,8.8,263.0,263.95001220703125,9.27,5.340909090909074,CAUTION,PATH_DEPENDENCE
JIOFIN,2026-08-03,2026-08-04,10:00,8.8,263.0,263.8999938964844,9.24,5.000000000000004,CAUTION,PATH_DEPENDENCE
JIOFIN,2026-08-03,2026-08-04,11:30,8.8,263.0,263.25,8.92,1.3636363636363447,LOW_CONFIDENCE,LATE_SESSION|PATH_DEPENDENCE
JIOFIN,2026-08-03,2026-08-04,15:25,8.8,263.0,265.0,9.78,11.136363636363612,CAUTION,LATE_SESSION
JSWSTEEL,2026-08-05,2026-08-06,09:15,25.55,1330.0,1320.5999755859375,20.93,-18.082191780821923,BASELINE,
JSWSTEEL,2026-08-05,2026-08-06,09:30,25.55,1330.0,1329.0999755859375,25.11,-1.7221135029354295,BASELINE,
JSWSTEEL,2026-08-05,2026-08-06,10:00,25.55,1330.0,1318.0999755859375,19.7,-22.896281800391392,CAUTION,PATH_DEPENDENCE
JSWSTEEL,2026-08-05,2026-08-06,11:30,25.55,1330.0,1322.199951171875,21.71,-15.029354207436397,LOW_CONFIDENCE,LATE_SESSION|PATH_DEPENDENCE
JSWSTEEL,2026-08-05,2026-08-06,15:25,25.55,1330.0,1307.9000244140625,14.68,-42.544031311154605,LOW_CONFIDENCE,LATE_SESSION|MONEYNESS_TRANSITION
JSWSTEEL,2026-08-24,2026-08-25,09:15,38.25,1327.0,1319.699951171875,34.66,-9.385620915032689,BASELINE,
JSWSTEEL,2026-08-24,2026-08-25,09:30,38.25,1327.0,1321.199951171875,35.4,-7.45098039215687,BASELINE,
JSWSTEEL,2026-08-24,2026-08-25,10:00,38.25,1327.0,1316.4000244140625,33.03,-13.647058823529413,BASELINE,
JSWSTEEL,2026-08-24,2026-08-25,11:30,38.25,1327.0,1313.199951171875,31.46,-17.751633986928105,CAUTION,LATE_SESSION
JSWSTEEL,2026-08-24,2026-08-25,15:25,38.25,1327.0,1320.300048828125,34.95,-8.627450980392148,LOW_CONFIDENCE,LATE_SESSION|PATH_DEPENDENCE
JSWSTEEL,2026-08-26,2026-08-27,09:15,36.25,1341.0,1345.5,38.46,6.096551724137944,BASELINE,
JSWSTEEL,2026-08-26,2026-08-27,09:30,36.25,1341.0,1340.5,36.0,-0.6896551724137945,BASELINE,
JSWSTEEL,2026-08-26,2026-08-27,10:00,36.25,1341.0,1340.699951171875,36.1,-0.4137931034482678,BASELINE,
JSWSTEEL,2026-08-26,2026-08-27,11:30,36.25,1341.0,1340.5,36.0,-0.6896551724137945,CAUTION,LATE_SESSION
JSWSTEEL,2026-08-26,2026-08-27,15:25,36.25,1341.0,1337.5,34.53,-4.74482758620689,CAUTION,LATE_SESSION
JUBLFOOD,2026-08-03,2026-08-04,09:15,17.6,470.0,469.3999938964844,17.3,-1.7045454545454586,BASELINE,
JUBLFOOD,2026-08-03,2026-08-04,09:30,17.6,470.0,468.5,16.86,-4.20454545454546,BASELINE,
JUBLFOOD,2026-08-03,2026-08-04,10:00,17.6,470.0,467.6000061035156,16.42,-6.7045454545454515,BASELINE,
JUBLFOOD,2026-08-03,2026-08-04,11:30,17.6,470.0,465.6000061035156,15.44,-12.27272727272728,CAUTION,LATE_SESSION
JUBLFOOD,2026-08-03,2026-08-04,15:25,17.6,470.0,465.0,15.14,-13.977272727272727,CAUTION,LATE_SESSION
JUBLFOOD,2026-08-05,2026-08-06,09:15,14.6,485.0,472.6000061035156,8.5,-41.78082191780822,CAUTION,MONEYNESS_TRANSITION
JUBLFOOD,2026-08-05,2026-08-06,09:30,14.6,485.0,471.7999877929687,8.11,-44.45205479452055,LOW_CONFIDENCE,MONEYNESS_TRANSITION|PATH_DEPENDENCE
JUBLFOOD,2026-08-05,2026-08-06,10:00,14.6,485.0,475.7999877929687,10.07,-31.027397260273972,BASELINE,
JUBLFOOD,2026-08-05,2026-08-06,11:30,14.6,485.0,478.7000122070313,11.5,-21.232876712328764,CAUTION,LATE_SESSION
JUBLFOOD,2026-08-05,2026-08-06,15:25,14.6,485.0,473.0,8.7,-40.41095890410959,LOW_CONFIDENCE,LATE_SESSION|MONEYNESS_TRANSITION|PATH_DEPENDENCE
KALYANKJIL,2026-06-30,2026-07-01,09:15,19.9,386.7000122070313,389.2999877929687,21.18,6.432160804020115,BASELINE,
KALYANKJIL,2026-06-30,2026-07-01,09:30,19.9,386.7000122070313,389.25,21.15,6.281407035175879,CAUTION,PATH_DEPENDENCE
KALYANKJIL,2026-06-30,2026-07-01,10:00,19.9,386.7000122070313,388.8999938964844,20.98,5.42713567839197,CAUTION,PATH_DEPENDENCE
KALYANKJIL,2026-06-30,2026-07-01,11:30,19.9,386.7000122070313,385.1000061035156,19.11,-3.9698492462311497,CAUTION,LATE_SESSION
KALYANKJIL,2026-06-30,2026-07-01,15:25,19.9,386.7000122070313,383.0499877929687,18.1,-9.04522613065325,CAUTION,LATE_SESSION
KALYANKJIL,2026-07-09,2026-07-10,09:15,20.05,443.0,453.2999877929687,25.12,25.286783042394024,BASELINE,
KALYANKJIL,2026-07-09,2026-07-10,09:30,20.05,443.0,468.8999938964844,32.79,63.54114713216956,LOW_CONFIDENCE,LARGE_MOVE|MONEYNESS_TRANSITION
KALYANKJIL,2026-07-09,2026-07-10,10:00,20.05,443.0,469.1499938964844,32.92,64.18952618453866,LOW_CONFIDENCE,LARGE_MOVE|MONEYNESS_TRANSITION
KALYANKJIL,2026-07-09,2026-07-10,11:30,20.05,443.0,473.75,35.18,75.46134663341645,LOW_CONFIDENCE,LARGE_MOVE|LATE_SESSION|MONEYNESS_TRANSITION
KALYANKJIL,2026-07-09,2026-07-10,15:25,20.05,443.0,480.2000122070313,38.35,91.2718204488778,LOW_CONFIDENCE,LARGE_MOVE|LATE_SESSION|MONEYNESS_TRANSITION
KAYNES,2026-07-29,2026-07-30,09:15,225.3,3638.60009765625,3646.10009765625,228.99,1.6378162450066514,BASELINE,
KAYNES,2026-07-29,2026-07-30,09:30,225.3,3638.60009765625,3663.0,237.3,5.326231691078553,BASELINE,
KAYNES,2026-07-29,2026-07-30,10:00,225.3,3638.60009765625,3653.0,232.38,3.1424766977363516,CAUTION,PATH_DEPENDENCE
KAYNES,2026-07-29,2026-07-30,11:30,225.3,3638.60009765625,3654.0,232.88,3.364403018197959,LOW_CONFIDENCE,LATE_SESSION|PATH_DEPENDENCE
KAYNES,2026-07-29,2026-07-30,15:25,225.3,3638.60009765625,3621.5,216.89,-3.7328007101642413,LOW_CONFIDENCE,LATE_SESSION|PATH_DEPENDENCE
KEI,2026-06-15,2026-06-16,09:15,138.65,5460.5,5484.0,150.21,8.337540569780021,BASELINE,
KEI,2026-06-15,2026-06-16,09:30,138.65,5460.5,5437.5,127.33,-8.164442841687702,BASELINE,
KEI,2026-06-15,2026-06-16,10:00,138.65,5460.5,5383.5,100.77,-27.32059141723765,BASELINE,
KEI,2026-06-15,2026-06-16,11:30,138.65,5460.5,5372.5,95.35,-31.229715109989186,CAUTION,LATE_SESSION
KEI,2026-06-15,2026-06-16,15:25,138.65,5460.5,5391.0,104.46,-24.65921384781825,CAUTION,LATE_SESSION
KEI,2026-06-17,2026-06-18,09:15,120.25,5643.5,5672.0,134.27,11.659043659043666,BASELINE,
KEI,2026-06-17,2026-06-18,09:30,120.25,5643.5,5664.5,130.58,8.590436590436589,BASELINE,
KEI,2026-06-17,2026-06-18,10:00,120.25,5643.5,5608.5,103.03,-14.320166320166317,BASELINE,
KEI,2026-06-17,2026-06-18,11:30,120.25,5643.5,5631.5,114.35,-4.906444906444907,LOW_CONFIDENCE,LATE_SESSION|PATH_DEPENDENCE
KEI,2026-06-17,2026-06-18,15:25,120.25,5643.5,5630.5,113.85,-5.3222453222453225,LOW_CONFIDENCE,LATE_SESSION|PATH_DEPENDENCE
KEI,2026-08-04,2026-08-05,09:15,189.2,5500.0,5449.7001953125,164.45,-13.08139534883721,BASELINE,
KEI,2026-08-04,2026-08-05,09:30,189.2,5500.0,5524.7998046875,201.4,6.448202959830884,BASELINE,
KEI,2026-08-04,2026-08-05,10:00,189.2,5500.0,5554.89990234375,216.21,14.275898520084574,BASELINE,
KEI,2026-08-04,2026-08-05,11:30,189.2,5500.0,5543.10009765625,210.41,11.210359408033831,CAUTION,LATE_SESSION
KEI,2026-08-04,2026-08-05,15:25,189.2,5500.0,5577.0,227.08,20.021141649048644,CAUTION,LATE_SESSION
KEI,2026-08-05,2026-08-06,09:15,142.45,5577.0,5525.10009765625,116.92,-17.922077922077918,BASELINE,
KEI,2026-08-05,2026-08-06,09:30,142.45,5577.0,5496.89990234375,103.04,-27.665847665847654,BASELINE,
KEI,2026-08-05,2026-08-06,10:00,142.45,5577.0,5501.39990234375,105.25,-26.114426114426102,BASELINE,
KEI,2026-08-05,2026-08-06,11:30,142.45,5577.0,5550.0,129.17,-9.32256932256933,CAUTION,LATE_SESSION
KEI,2026-08-05,2026-08-06,15:25,142.45,5577.0,5595.0,151.31,6.21972621972624,CAUTION,LATE_SESSION
KFINTECH,2026-07-10,2026-07-13,09:15,29.1,901.0999755859376,904.5499877929688,30.8,5.841924398625431,BASELINE,
KFINTECH,2026-07-10,2026-07-13,09:30,29.1,901.0999755859376,902.7000122070312,29.89,2.714776632302396,CAUTION,PATH_DEPENDENCE
KFINTECH,2026-07-10,2026-07-13,10:00,29.1,901.0999755859376,904.25,30.65,5.326460481099637,CAUTION,PATH_DEPENDENCE
KFINTECH,2026-07-10,2026-07-13,11:30,29.1,901.0999755859376,912.0,34.46,18.419243986254298,CAUTION,LATE_SESSION
KFINTECH,2026-07-10,2026-07-13,15:25,29.1,901.0999755859376,928.0,42.33,45.46391752577319,LOW_CONFIDENCE,LATE_SESSION|MONEYNESS_TRANSITION
KFINTECH,2026-07-27,2026-07-28,09:15,35.95,949.25,954.9500122070312,38.75,7.788595271210008,BASELINE,
KFINTECH,2026-07-27,2026-07-28,09:30,35.95,949.25,947.1500244140624,34.92,-2.8650904033379776,BASELINE,
KFINTECH,2026-07-27,2026-07-28,10:00,35.95,949.25,943.0,32.88,-8.539638386648118,BASELINE,
KFINTECH,2026-07-27,2026-07-28,11:30,35.95,949.25,973.2999877929688,47.78,32.906815020862304,LOW_CONFIDENCE,LATE_SESSION|MONEYNESS_TRANSITION
KFINTECH,2026-07-27,2026-07-28,15:25,35.95,949.25,973.75,48.0,33.51877607788594,LOW_CONFIDENCE,LATE_SESSION|MONEYNESS_TRANSITION
KFINTECH,2026-08-17,2026-08-18,09:15,13.45,973.0,961.2000122070312,7.64,-43.19702602230483,BASELINE,
KFINTECH,2026-08-17,2026-08-18,09:30,13.45,973.0,952.5999755859376,3.41,-74.64684014869889,CAUTION,MONEYNESS_TRANSITION
KFINTECH,2026-08-17,2026-08-18,10:00,13.45,973.0,951.6500244140624,2.95,-78.06691449814126,CAUTION,MONEYNESS_TRANSITION
KFINTECH,2026-08-17,2026-08-18,11:30,13.45,973.0,951.0999755859376,2.68,-80.07434944237917,LOW_CONFIDENCE,LATE_SESSION|MONEYNESS_TRANSITION
KFINTECH,2026-08-17,2026-08-18,15:25,13.45,973.0,957.5999755859376,5.87,-56.35687732342007,LOW_CONFIDENCE,LATE_SESSION|MONEYNESS_TRANSITION|PATH_DEPENDENCE
KOTAKBANK,2026-06-12,2026-06-15,09:15,8.05,403.2999877929687,406.1499938964844,9.45,17.391304347826075,BASELINE,
KOTAKBANK,2026-06-12,2026-06-15,09:30,8.05,403.2999877929687,406.3500061035156,9.55,18.633540372670797,CAUTION,PATH_DEPENDENCE
KOTAKBANK,2026-06-12,2026-06-15,10:00,8.05,403.2999877929687,407.6499938964844,10.19,26.583850931677013,BASELINE,
KOTAKBANK,2026-06-12,2026-06-15,11:30,8.05,403.2999877929687,405.2999877929687,9.03,12.173913043478235,LOW_CONFIDENCE,LATE_SESSION|PATH_DEPENDENCE
KOTAKBANK,2026-06-12,2026-06-15,15:25,8.05,403.2999877929687,404.8500061035156,8.81,9.440993788819863,LOW_CONFIDENCE,LATE_SESSION|PATH_DEPENDENCE
KOTAKBANK,2026-08-26,2026-08-27,09:15,10.0,416.7000122070313,420.1499938964844,11.7,16.999999999999993,BASELINE,
KOTAKBANK,2026-08-26,2026-08-27,09:30,10.0,416.7000122070313,421.7000122070313,12.46,24.6,BASELINE,
KOTAKBANK,2026-08-26,2026-08-27,10:00,10.0,416.7000122070313,426.2000122070313,14.67,46.70000000000001,CAUTION,MONEYNESS_TRANSITION
KOTAKBANK,2026-08-26,2026-08-27,11:30,10.0,416.7000122070313,424.2000122070313,13.69,36.9,LOW_CONFIDENCE,LATE_SESSION|MONEYNESS_TRANSITION
KOTAKBANK,2026-08-26,2026-08-27,15:25,10.0,416.7000122070313,424.3500061035156,13.76,37.59999999999999,LOW_CONFIDENCE,LATE_SESSION|MONEYNESS_TRANSITION
LAURUSLABS,2026-06-23,2026-06-24,09:15,61.8,1481.0,1489.0999755859375,65.79,6.4563106796116765,BASELINE,
LAURUSLABS,2026-06-23,2026-06-24,09:30,61.8,1481.0,1471.800048828125,57.27,-7.330097087378629,BASELINE,
LAURUSLABS,2026-06-23,2026-06-24,10:00,61.8,1481.0,1463.4000244140625,53.14,-14.012944983818764,BASELINE,
LAURUSLABS,2026-06-23,2026-06-24,11:30,61.8,1481.0,1469.199951171875,55.99,-9.401294498381873,LOW_CONFIDENCE,LATE_SESSION|PATH_DEPENDENCE
LAURUSLABS,2026-06-23,2026-06-24,15:25,61.8,1481.0,1454.199951171875,48.61,-21.343042071197406,CAUTION,LATE_SESSION
LAURUSLABS,2026-06-29,2026-06-30,09:15,51.05,1500.300048828125,1492.800048828125,47.36,-7.228207639569051,BASELINE,
LAURUSLABS,2026-06-29,2026-06-30,09:30,51.05,1500.300048828125,1488.5999755859375,45.29,-11.28305582761998,CAUTION,PATH_DEPENDENCE
LAURUSLABS,2026-06-29,2026-06-30,10:00,51.05,1500.300048828125,1489.4000244140625,45.69,-10.499510284035264,CAUTION,PATH_DEPENDENCE
LAURUSLABS,2026-06-29,2026-06-30,11:30,51.05,1500.300048828125,1494.9000244140625,48.39,-5.210577864838384,LOW_CONFIDENCE,LATE_SESSION|PATH_DEPENDENCE
LAURUSLABS,2026-06-29,2026-06-30,15:25,51.05,1500.300048828125,1517.4000244140625,59.46,16.474045053868757,CAUTION,LATE_SESSION
LAURUSLABS,2026-07-13,2026-07-14,09:15,43.65,1558.5999755859375,1557.800048828125,43.26,-0.8934707903780037,BASELINE,
LAURUSLABS,2026-07-13,2026-07-14,09:30,43.65,1558.5999755859375,1562.699951171875,45.67,4.62772050400917,BASELINE,
LAURUSLABS,2026-07-13,2026-07-14,10:00,43.65,1558.5999755859375,1567.0,47.78,9.461626575028648,BASELINE,
LAURUSLABS,2026-07-13,2026-07-14,11:30,43.65,1558.5999755859375,1568.5,48.52,11.156930126002296,CAUTION,LATE_SESSION
LAURUSLABS,2026-07-13,2026-07-14,15:25,43.65,1558.5999755859375,1560.699951171875,44.68,2.3596792668957534,LOW_CONFIDENCE,LATE_SESSION|PATH_DEPENDENCE
LAURUSLABS,2026-07-21,2026-07-22,09:15,32.7,1593.199951171875,1589.0999755859375,30.68,-6.177370030581053,BASELINE,
LAURUSLABS,2026-07-21,2026-07-22,09:30,32.7,1593.199951171875,1575.4000244140625,23.94,-26.788990825688074,BASELINE,
LAURUSLABS,2026-07-21,2026-07-22,10:00,32.7,1593.199951171875,1569.0,20.79,-36.422018348623865,BASELINE,
LAURUSLABS,2026-07-21,2026-07-22,11:30,32.7,1593.199951171875,1585.0,28.67,-12.324159021406732,LOW_CONFIDENCE,LATE_SESSION|PATH_DEPENDENCE
LAURUSLABS,2026-07-21,2026-07-22,15:25,32.7,1593.199951171875,1578.5999755859375,25.52,-21.957186544342512,LOW_CONFIDENCE,LATE_SESSION|PATH_DEPENDENCE
LAURUSLABS,2026-07-24,2026-07-27,09:15,69.3,1601.199951171875,1651.300048828125,93.95,35.56998556998558,LOW_CONFIDENCE,LARGE_MOVE|MONEYNESS_TRANSITION
LAURUSLABS,2026-07-24,2026-07-27,09:30,69.3,1601.199951171875,1657.0,96.75,39.6103896103896,LOW_CONFIDENCE,LARGE_MOVE|MONEYNESS_TRANSITION
LAURUSLABS,2026-07-24,2026-07-27,10:00,69.3,1601.199951171875,1665.699951171875,101.03,45.786435786435796,LOW_CONFIDENCE,LARGE_MOVE|MONEYNESS_TRANSITION
LAURUSLABS,2026-07-24,2026-07-27,11:30,69.3,1601.199951171875,1692.0,113.97,64.45887445887446,LOW_CONFIDENCE,LARGE_MOVE|LATE_SESSION|MONEYNESS_TRANSITION
LAURUSLABS,2026-07-24,2026-07-27,15:25,69.3,1601.199951171875,1711.0,123.32,77.95093795093794,LOW_CONFIDENCE,LARGE_MOVE|LATE_SESSION|MONEYNESS_TRANSITION
LAURUSLABS,2026-08-26,2026-08-27,09:15,50.95,1887.0,1888.4000244140625,51.64,1.3542688910696654,BASELINE,
LAURUSLABS,2026-08-26,2026-08-27,09:30,50.95,1887.0,1889.699951171875,52.28,2.610402355250252,CAUTION,PATH_DEPENDENCE
LAURUSLABS,2026-08-26,2026-08-27,10:00,50.95,1887.0,1898.300048828125,56.51,10.912659470068675,BASELINE,
LAURUSLABS,2026-08-26,2026-08-27,11:30,50.95,1887.0,1909.5,62.02,21.72718351324827,CAUTION,LATE_SESSION
LAURUSLABS,2026-08-26,2026-08-27,15:25,50.95,1887.0,1929.4000244140625,71.81,40.94210009813541,LOW_CONFIDENCE,LATE_SESSION|MONEYNESS_TRANSITION
LICHSGFIN,2026-09-03,2026-09-04,09:15,12.5,554.0,558.3499755859375,14.64,17.12,BASELINE,
LICHSGFIN,2026-09-03,2026-09-04,09:30,12.5,554.0,562.5,16.68,33.440000000000005,CAUTION,MONEYNESS_TRANSITION
LICHSGFIN,2026-09-03,2026-09-04,10:00,12.5,554.0,561.9000244140625,16.39,31.120000000000015,CAUTION,MONEYNESS_TRANSITION
LICHSGFIN,2026-09-03,2026-09-04,11:30,12.5,554.0,577.0499877929688,23.84,90.72,LOW_CONFIDENCE,LARGE_MOVE|LATE_SESSION|MONEYNESS_TRANSITION
LICHSGFIN,2026-09-03,2026-09-04,15:25,12.5,554.0,562.0499877929688,16.46,31.679999999999996,LOW_CONFIDENCE,LATE_SESSION|MONEYNESS_TRANSITION|PATH_DEPENDENCE
LICI,2026-06-18,2026-06-19,09:15,6.45,430.0,431.4500122070313,7.16,11.007751937984489,BASELINE,
LICI,2026-06-18,2026-06-19,09:30,6.45,430.0,434.0,8.42,30.54263565891473,BASELINE,
LICI,2026-06-18,2026-06-19,10:00,6.45,430.0,441.7999877929687,12.26,90.07751937984496,CAUTION,MONEYNESS_TRANSITION
LICI,2026-06-18,2026-06-19,11:30,6.45,430.0,443.4500122070313,13.07,102.63565891472868,LOW_CONFIDENCE,LARGE_MOVE|LATE_SESSION|MONEYNESS_TRANSITION
LICI,2026-06-18,2026-06-19,15:25,6.45,430.0,441.0,11.86,83.87596899224805,LOW_CONFIDENCE,LATE_SESSION|MONEYNESS_TRANSITION
LICI,2026-07-10,2026-07-13,09:15,10.3,443.0499877929687,439.3999938964844,8.5,-17.47572815533981,BASELINE,
LICI,2026-07-10,2026-07-13,09:30,10.3,443.0499877929687,438.5,8.06,-21.747572815533978,BASELINE,
LICI,2026-07-10,2026-07-13,10:00,10.3,443.0499877929687,442.1499938964844,9.86,-4.271844660194191,BASELINE,
LICI,2026-07-10,2026-07-13,11:30,10.3,443.0499877929687,441.0,9.29,-9.805825242718457,CAUTION,LATE_SESSION
LICI,2026-07-10,2026-07-13,15:25,10.3,443.0499877929687,441.0,9.29,-9.805825242718457,CAUTION,LATE_SESSION
LODHA,2026-07-01,2026-07-02,09:15,42.55,992.2999877929688,1003.9000244140624,48.26,13.419506462984732,BASELINE,
LODHA,2026-07-01,2026-07-02,09:30,42.55,992.2999877929688,994.75,43.76,2.843713278495885,BASELINE,
LODHA,2026-07-01,2026-07-02,10:00,42.55,992.2999877929688,1000.0,46.34,8.90716803760283,CAUTION,PATH_DEPENDENCE
LODHA,2026-07-01,2026-07-02,11:30,42.55,992.2999877929688,1007.0999755859376,49.83,17.109283196239723,LOW_CONFIDENCE,LATE_SESSION|PATH_DEPENDENCE
LODHA,2026-07-01,2026-07-02,15:25,42.55,992.2999877929688,1006.2000122070312,49.39,16.07520564042304,LOW_CONFIDENCE,LATE_SESSION|PATH_DEPENDENCE
LT,2026-06-15,2026-06-16,09:15,72.1,4169.7998046875,4208.7001953125,91.24,26.54646324549237,BASELINE,
LT,2026-06-15,2026-06-16,09:30,72.1,4169.7998046875,4223.7001953125,98.62,36.78224687933427,BASELINE,
LT,2026-06-15,2026-06-16,10:00,72.1,4169.7998046875,4199.2998046875,86.61,20.124826629681003,CAUTION,PATH_DEPENDENCE
LT,2026-06-15,2026-06-16,11:30,72.1,4169.7998046875,4205.5,89.66,24.355062413314844,LOW_CONFIDENCE,LATE_SESSION|PATH_DEPENDENCE
LT,2026-06-15,2026-06-16,15:25,72.1,4169.7998046875,4182.0,78.1,8.32177531206657,CAUTION,LATE_SESSION
LTF,2026-06-25,2026-06-29,09:15,11.15,299.0,303.95001220703125,13.59,21.883408071748867,BASELINE,
LTF,2026-06-25,2026-06-29,09:30,11.15,299.0,305.95001220703125,14.57,30.67264573991031,BASELINE,
LTF,2026-06-25,2026-06-29,10:00,11.15,299.0,305.45001220703125,14.32,28.430493273542588,CAUTION,PATH_DEPENDENCE
LTF,2026-06-25,2026-06-29,11:30,11.15,299.0,301.3999938964844,12.33,10.582959641255595,LOW_CONFIDENCE,LATE_SESSION|PATH_DEPENDENCE
LTF,2026-06-25,2026-06-29,15:25,11.15,299.0,299.04998779296875,11.17,0.17937219730941312,CAUTION,LATE_SESSION
LTF,2026-06-30,2026-07-01,09:15,13.85,310.75,313.29998779296875,15.1,9.025270758122739,BASELINE,
LTF,2026-06-30,2026-07-01,09:30,13.85,310.75,311.29998779296875,14.12,1.9494584837545181,BASELINE,
LTF,2026-06-30,2026-07-01,10:00,13.85,310.75,309.79998779296875,13.38,-3.3935018050541443,BASELINE,
LTF,2026-06-30,2026-07-01,11:30,13.85,310.75,313.79998779296875,15.35,10.83032490974729,LOW_CONFIDENCE,LATE_SESSION|PATH_DEPENDENCE
LTF,2026-06-30,2026-07-01,15:25,13.85,310.75,313.1000061035156,15.01,8.375451263537915,LOW_CONFIDENCE,LATE_SESSION|PATH_DEPENDENCE
LUPIN,2026-06-29,2026-06-30,09:15,56.8,2409.300048828125,2392.10009765625,48.34,-14.894366197183084,BASELINE,
LUPIN,2026-06-29,2026-06-30,09:30,56.8,2409.300048828125,2398.800048828125,51.63,-9.10211267605633,BASELINE,
LUPIN,2026-06-29,2026-06-30,10:00,56.8,2409.300048828125,2396.39990234375,50.45,-11.179577464788725,BASELINE,
LUPIN,2026-06-29,2026-06-30,11:30,56.8,2409.300048828125,2413.5,58.87,3.644366197183091,CAUTION,LATE_SESSION
LUPIN,2026-06-29,2026-06-30,15:25,56.8,2409.300048828125,2419.0,61.57,8.397887323943664,CAUTION,LATE_SESSION
LUPIN,2026-06-30,2026-07-01,09:15,56.85,2419.0,2430.800048828125,62.66,10.219876868953381,BASELINE,
LUPIN,2026-06-30,2026-07-01,09:30,56.85,2419.0,2427.89990234375,61.23,7.704485488126633,CAUTION,PATH_DEPENDENCE
LUPIN,2026-06-30,2026-07-01,10:00,56.85,2419.0,2420.39990234375,57.54,1.2137203166226795,CAUTION,PATH_DEPENDENCE
LUPIN,2026-06-30,2026-07-01,11:30,56.85,2419.0,2398.0,46.52,-18.170624450307827,CAUTION,LATE_SESSION
LUPIN,2026-06-30,2026-07-01,15:25,56.85,2419.0,2397.199951171875,46.12,-18.874230430958672,CAUTION,LATE_SESSION
LUPIN,2026-07-03,2026-07-06,09:15,49.65,2476.0,2484.0,53.59,7.93554884189327,BASELINE,
LUPIN,2026-07-03,2026-07-06,09:30,49.65,2476.0,2492.5,57.77,16.354481369587127,BASELINE,
LUPIN,2026-07-03,2026-07-06,10:00,49.65,2476.0,2488.199951171875,55.65,12.084592145015115,CAUTION,PATH_DEPENDENCE
LUPIN,2026-07-03,2026-07-06,11:30,49.65,2476.0,2486.5,54.82,10.412890231621352,LOW_CONFIDENCE,LATE_SESSION|PATH_DEPENDENCE
LUPIN,2026-07-03,2026-07-06,15:25,49.65,2476.0,2488.5,55.8,12.38670694864048,LOW_CONFIDENCE,LATE_SESSION|PATH_DEPENDENCE
M&M,2026-07-23,2026-07-24,09:15,105.65,3229.699951171875,3204.300048828125,93.15,-11.831519167061055,BASELINE,
M&M,2026-07-23,2026-07-24,09:30,105.65,3229.699951171875,3197.60009765625,89.86,-14.945575011831524,BASELINE,
M&M,2026-07-23,2026-07-24,10:00,105.65,3229.699951171875,3173.699951171875,78.1,-26.076668244202562,CAUTION,MONEYNESS_TRANSITION
M&M,2026-07-23,2026-07-24,11:30,105.65,3229.699951171875,3155.199951171875,69.0,-34.690014197823004,LOW_CONFIDENCE,LATE_SESSION|MONEYNESS_TRANSITION
M&M,2026-07-23,2026-07-24,15:25,105.65,3229.699951171875,3165.0,73.82,-30.127780407004266,LOW_CONFIDENCE,LATE_SESSION|MONEYNESS_TRANSITION
M&M,2026-07-28,2026-07-29,09:15,120.35,3271.199951171875,3313.199951171875,141.01,17.166597424179475,BASELINE,
M&M,2026-07-28,2026-07-29,09:30,120.35,3271.199951171875,3297.0,133.04,10.54424594931449,BASELINE,
M&M,2026-07-28,2026-07-29,10:00,120.35,3271.199951171875,3294.199951171875,131.67,9.405899459908596,BASELINE,
M&M,2026-07-28,2026-07-29,11:30,120.35,3271.199951171875,3244.39990234375,107.16,-10.959700872455336,CAUTION,LATE_SESSION
M&M,2026-07-28,2026-07-29,15:25,120.35,3271.199951171875,3221.800048828125,96.05,-20.19110926464478,CAUTION,LATE_SESSION
M&M,2026-07-31,2026-08-03,09:15,84.1,3398.5,3420.10009765625,94.73,12.639714625445908,BASELINE,
M&M,2026-07-31,2026-08-03,09:30,84.1,3398.5,3415.60009765625,92.51,10.000000000000009,CAUTION,PATH_DEPENDENCE
M&M,2026-07-31,2026-08-03,10:00,84.1,3398.5,3412.0,90.74,7.895362663495842,BASELINE,
M&M,2026-07-31,2026-08-03,11:30,84.1,3398.5,3404.199951171875,86.9,3.3293697978596937,CAUTION,LATE_SESSION
M&M,2026-07-31,2026-08-03,15:25,84.1,3398.5,3428.60009765625,98.91,17.609988109393583,LOW_CONFIDENCE,LATE_SESSION|PATH_DEPENDENCE
M&M,2026-08-05,2026-08-06,09:15,81.85,3455.39990234375,3422.39990234375,65.61,-19.841172877214408,BASELINE,
M&M,2026-08-05,2026-08-06,09:30,81.85,3455.39990234375,3427.199951171875,67.98,-16.94563225412339,BASELINE,
M&M,2026-08-05,2026-08-06,10:00,81.85,3455.39990234375,3426.0,67.39,-17.66646304215027,CAUTION,PATH_DEPENDENCE
M&M,2026-08-05,2026-08-06,11:30,81.85,3455.39990234375,3425.0,66.89,-18.27733659132559,LOW_CONFIDENCE,LATE_SESSION|PATH_DEPENDENCE
M&M,2026-08-05,2026-08-06,15:25,81.85,3455.39990234375,3406.0,57.55,-29.68845448992059,LOW_CONFIDENCE,LATE_SESSION|PATH_DEPENDENCE
M&M,2026-08-07,2026-08-10,09:15,72.9,3502.0,3520.5,82.0,12.482853223593949,BASELINE,
M&M,2026-08-07,2026-08-10,09:30,72.9,3502.0,3521.89990234375,82.69,13.429355281207123,CAUTION,PATH_DEPENDENCE
M&M,2026-08-07,2026-08-10,10:00,72.9,3502.0,3509.199951171875,76.44,4.855967078189294,BASELINE,
M&M,2026-08-07,2026-08-10,11:30,72.9,3502.0,3524.5,83.97,15.18518518518517,LOW_CONFIDENCE,LATE_SESSION|PATH_DEPENDENCE
M&M,2026-08-07,2026-08-10,15:25,72.9,3502.0,3517.0,80.28,10.123456790123452,LOW_CONFIDENCE,LATE_SESSION|PATH_DEPENDENCE
MANAPPURAM,2026-07-03,2026-07-06,09:15,11.05,328.20001220703125,326.0,9.97,-9.773755656108596,BASELINE,
MANAPPURAM,2026-07-03,2026-07-06,09:30,11.05,328.20001220703125,328.79998779296875,11.35,2.714932126696823,BASELINE,
MANAPPURAM,2026-07-03,2026-07-06,10:00,11.05,328.20001220703125,332.95001220703125,13.39,21.176470588235286,BASELINE,
MANAPPURAM,2026-07-03,2026-07-06,11:30,11.05,328.20001220703125,340.54998779296875,17.13,55.02262443438912,LOW_CONFIDENCE,LARGE_MOVE|LATE_SESSION|MONEYNESS_TRANSITION
MANAPPURAM,2026-07-03,2026-07-06,15:25,11.05,328.20001220703125,347.8999938964844,20.74,87.69230769230766,LOW_CONFIDENCE,LARGE_MOVE|LATE_SESSION|MONEYNESS_TRANSITION
MANAPPURAM,2026-07-21,2026-07-22,09:15,7.95,351.75,352.6499938964844,8.39,5.534591194968552,BASELINE,
MANAPPURAM,2026-07-21,2026-07-22,09:30,7.95,351.75,351.6000061035156,7.88,-0.8805031446540879,BASELINE,
MANAPPURAM,2026-07-21,2026-07-22,10:00,7.95,351.75,349.45001220703125,6.82,-14.213836477987417,BASELINE,
MANAPPURAM,2026-07-21,2026-07-22,11:30,7.95,351.75,351.5,7.83,-1.5094339622641506,LOW_CONFIDENCE,LATE_SESSION|PATH_DEPENDENCE
MANAPPURAM,2026-07-21,2026-07-22,15:25,7.95,351.75,351.5,7.83,-1.5094339622641506,LOW_CONFIDENCE,LATE_SESSION|PATH_DEPENDENCE
MANAPPURAM,2026-07-23,2026-07-24,09:15,17.65,352.45001220703125,348.25,15.58,-11.728045325779025,BASELINE,
MANAPPURAM,2026-07-23,2026-07-24,09:30,17.65,352.45001220703125,350.25,16.57,-6.118980169971666,BASELINE,
MANAPPURAM,2026-07-23,2026-07-24,10:00,17.65,352.45001220703125,346.6499938964844,14.8,-16.147308781869675,CAUTION,PATH_DEPENDENCE
MANAPPURAM,2026-07-23,2026-07-24,11:30,17.65,352.45001220703125,349.5,16.2,-8.21529745042493,LOW_CONFIDENCE,LATE_SESSION|PATH_DEPENDENCE
MANAPPURAM,2026-07-23,2026-07-24,15:25,17.65,352.45001220703125,352.95001220703125,17.9,1.4164305949008416,CAUTION,LATE_SESSION
MANAPPURAM,2026-08-05,2026-08-06,09:15,14.1,363.6000061035156,367.8999938964844,16.22,15.035460992907801,BASELINE,
MANAPPURAM,2026-08-05,2026-08-06,09:30,14.1,363.6000061035156,370.7000122070313,17.59,24.751773049645397,BASELINE,
MANAPPURAM,2026-08-05,2026-08-06,10:00,14.1,363.6000061035156,368.7999877929687,16.66,18.15602836879433,CAUTION,PATH_DEPENDENCE
MANAPPURAM,2026-08-05,2026-08-06,11:30,14.1,363.6000061035156,365.2000122070313,14.89,5.602836879432638,LOW_CONFIDENCE,LATE_SESSION|PATH_DEPENDENCE
MANAPPURAM,2026-08-05,2026-08-06,15:25,14.1,363.6000061035156,364.0,14.3,1.4184397163120588,CAUTION,LATE_SESSION
MARICO,2026-07-28,2026-07-29,09:15,28.1,883.25,878.2999877929688,25.66,-8.683274021352316,BASELINE,
MARICO,2026-07-28,2026-07-29,09:30,28.1,883.25,876.2999877929688,24.68,-12.170818505338088,BASELINE,
MARICO,2026-07-28,2026-07-29,10:00,28.1,883.25,875.0,24.04,-14.448398576512467,BASELINE,
MARICO,2026-07-28,2026-07-29,11:30,28.1,883.25,877.25,25.15,-10.4982206405694,LOW_CONFIDENCE,LATE_SESSION|PATH_DEPENDENCE
MARICO,2026-07-28,2026-07-29,15:25,28.1,883.25,876.9000244140625,24.98,-11.10320284697509,LOW_CONFIDENCE,LATE_SESSION|PATH_DEPENDENCE
MARUTI,2026-06-30,2026-07-01,09:15,422.65,14115.0,14176.0,452.66,7.100437714420926,BASELINE,
MARUTI,2026-06-30,2026-07-01,09:30,422.65,14115.0,14166.0,447.74,5.936353957174978,CAUTION,PATH_DEPENDENCE
MARUTI,2026-06-30,2026-07-01,10:00,422.65,14115.0,14430.0,577.63,36.66863835324739,CAUTION,MONEYNESS_TRANSITION
MARUTI,2026-06-30,2026-07-01,11:30,422.65,14115.0,14352.0,539.25,27.587838637170247,CAUTION,LATE_SESSION
MARUTI,2026-06-30,2026-07-01,15:25,422.65,14115.0,14395.0,560.41,32.59434520288656,LOW_CONFIDENCE,LATE_SESSION|MONEYNESS_TRANSITION
MARUTI,2026-07-01,2026-07-02,09:15,367.45,14395.0,14364.0,352.2,-4.1502245203429045,BASELINE,
MARUTI,2026-07-01,2026-07-02,09:30,367.45,14395.0,14371.0,355.64,-3.2140427269016225,CAUTION,PATH_DEPENDENCE
MARUTI,2026-07-01,2026-07-02,10:00,367.45,14395.0,14382.0,361.05,-1.7417335691930824,CAUTION,PATH_DEPENDENCE
MARUTI,2026-07-01,2026-07-02,11:30,367.45,14395.0,14306.0,323.66,-11.917267655463315,CAUTION,LATE_SESSION
MARUTI,2026-07-01,2026-07-02,15:25,367.45,14395.0,14348.0,344.33,-6.292012518710033,LOW_CONFIDENCE,LATE_SESSION|PATH_DEPENDENCE
MAXHEALTH,2026-06-25,2026-06-29,09:15,41.65,1123.3499755859375,1136.699951171875,48.22,15.774309723889557,BASELINE,
MAXHEALTH,2026-06-25,2026-06-29,09:30,41.65,1123.3499755859375,1143.0,51.32,23.21728691476592,CAUTION,MONEYNESS_TRANSITION
MAXHEALTH,2026-06-25,2026-06-29,10:00,41.65,1123.3499755859375,1150.800048828125,55.16,32.436974789915965,CAUTION,MONEYNESS_TRANSITION
MAXHEALTH,2026-06-25,2026-06-29,11:30,41.65,1123.3499755859375,1150.4000244140625,54.96,31.95678271308524,LOW_CONFIDENCE,LATE_SESSION|MONEYNESS_TRANSITION
MAXHEALTH,2026-06-25,2026-06-29,15:25,41.65,1123.3499755859375,1149.9000244140625,54.71,31.356542617046834,LOW_CONFIDENCE,LATE_SESSION|MONEYNESS_TRANSITION
MAZDOCK,2026-08-14,2026-08-17,09:15,53.45,2580.0,2598.60009765625,62.6,17.118802619270348,BASELINE,
MAZDOCK,2026-08-14,2026-08-17,09:30,53.45,2580.0,2585.89990234375,56.35,5.425631431244149,BASELINE,
MAZDOCK,2026-08-14,2026-08-17,10:00,53.45,2580.0,2594.199951171875,60.44,13.077642656688493,CAUTION,PATH_DEPENDENCE
MAZDOCK,2026-08-14,2026-08-17,11:30,53.45,2580.0,2575.0,50.99,-4.602432179607108,CAUTION,LATE_SESSION
MAZDOCK,2026-08-14,2026-08-17,15:25,53.45,2580.0,2569.699951171875,48.38,-9.485500467726848,CAUTION,LATE_SESSION
MCX,2026-08-13,2026-08-14,09:15,82.0,2970.0,2969.699951171875,81.85,-0.18292682926830395,BASELINE,
MCX,2026-08-13,2026-08-14,09:30,82.0,2970.0,2934.10009765625,64.34,-21.536585365853654,BASELINE,
MCX,2026-08-13,2026-08-14,10:00,82.0,2970.0,2950.0,72.16,-12.0,BASELINE,
MCX,2026-08-13,2026-08-14,11:30,82.0,2970.0,2947.800048828125,71.08,-13.317073170731708,CAUTION,LATE_SESSION
MCX,2026-08-13,2026-08-14,15:25,82.0,2970.0,2911.5,53.22,-35.09756097560975,CAUTION,LATE_SESSION
MCX,2026-08-18,2026-08-19,09:15,49.35,3040.0,3040.10009765625,49.4,0.10131712259371373,BASELINE,
MCX,2026-08-18,2026-08-19,09:30,49.35,3040.0,3019.5,39.26,-20.445795339412363,BASELINE,
MCX,2026-08-18,2026-08-19,10:00,49.35,3040.0,3029.5,44.18,-10.476190476190483,CAUTION,PATH_DEPENDENCE
MCX,2026-08-18,2026-08-19,11:30,49.35,3040.0,2998.60009765625,28.98,-41.276595744680854,CAUTION,LATE_SESSION
MCX,2026-08-18,2026-08-19,15:25,49.35,3040.0,2973.0,16.39,-66.78824721377913,LOW_CONFIDENCE,LATE_SESSION|MONEYNESS_TRANSITION
MCX,2026-08-20,2026-08-21,09:15,128.55,3126.0,3150.800048828125,140.75,9.490470633994551,BASELINE,
MCX,2026-08-20,2026-08-21,09:30,128.55,3126.0,3140.0,135.44,5.359782185919859,BASELINE,
MCX,2026-08-20,2026-08-21,10:00,128.55,3126.0,3156.300048828125,143.46,11.59859976662776,CAUTION,PATH_DEPENDENCE
MCX,2026-08-20,2026-08-21,11:30,128.55,3126.0,3198.5,164.22,27.747957992998828,CAUTION,LATE_SESSION
MCX,2026-08-20,2026-08-21,15:25,128.55,3126.0,3185.0,157.58,22.582652664332947,CAUTION,LATE_SESSION
MFSL,2026-08-25,2026-08-26,09:15,48.95,1592.5,1590.4000244140625,47.92,-2.1041879468845837,BASELINE,
MFSL,2026-08-25,2026-08-26,09:30,48.95,1592.5,1586.199951171875,45.85,-6.332992849846786,CAUTION,PATH_DEPENDENCE
MFSL,2026-08-25,2026-08-26,10:00,48.95,1592.5,1586.0999755859375,45.8,-6.43513789581206,CAUTION,PATH_DEPENDENCE
MFSL,2026-08-25,2026-08-26,11:30,48.95,1592.5,1588.4000244140625,46.93,-4.126659856996939,LOW_CONFIDENCE,LATE_SESSION|PATH_DEPENDENCE
MFSL,2026-08-25,2026-08-26,15:25,48.95,1592.5,1600.0,52.64,7.538304392236972,CAUTION,LATE_SESSION
MOTHERSON,2026-08-03,2026-08-04,09:15,5.58,155.00999450683594,154.72999572753906,5.44,-2.508960573476693,BASELINE,
MOTHERSON,2026-08-03,2026-08-04,09:30,5.58,155.00999450683594,155.3000030517578,5.72,2.508960573476693,BASELINE,
MOTHERSON,2026-08-03,2026-08-04,10:00,5.58,155.00999450683594,153.25,4.71,-15.591397849462362,BASELINE,
MOTHERSON,2026-08-03,2026-08-04,11:30,5.58,155.00999450683594,152.07000732421875,4.13,-25.985663082437284,CAUTION,LATE_SESSION
MOTHERSON,2026-08-03,2026-08-04,15:25,5.58,155.00999450683594,151.0,3.61,-35.30465949820789,LOW_CONFIDENCE,LATE_SESSION|MONEYNESS_TRANSITION
MOTHERSON,2026-08-04,2026-08-05,09:15,5.89,151.0,151.75,6.26,6.281833616298815,BASELINE,
MOTHERSON,2026-08-04,2026-08-05,09:30,5.89,151.0,153.3000030517578,7.02,19.185059422750417,CAUTION,MONEYNESS_TRANSITION
MOTHERSON,2026-08-04,2026-08-05,10:00,5.89,151.0,153.60000610351562,7.17,21.731748726655354,CAUTION,MONEYNESS_TRANSITION
MOTHERSON,2026-08-04,2026-08-05,11:30,5.89,151.0,154.22000122070312,7.47,26.825127334465204,LOW_CONFIDENCE,LATE_SESSION|MONEYNESS_TRANSITION
MOTHERSON,2026-08-04,2026-08-05,15:25,5.89,151.0,154.35000610351562,7.54,28.01358234295417,LOW_CONFIDENCE,LATE_SESSION|MONEYNESS_TRANSITION
MOTHERSON,2026-08-06,2026-08-07,09:15,4.47,155.0,162.1699981689453,8.0,78.9709172259508,LOW_CONFIDENCE,LARGE_MOVE|MONEYNESS_TRANSITION
MOTHERSON,2026-08-06,2026-08-07,09:30,4.47,155.0,161.5399932861328,7.69,72.0357941834452,LOW_CONFIDENCE,LARGE_MOVE|MONEYNESS_TRANSITION
MOTHERSON,2026-08-06,2026-08-07,10:00,4.47,155.0,164.10000610351562,8.95,100.22371364653245,LOW_CONFIDENCE,LARGE_MOVE|MONEYNESS_TRANSITION
MOTHERSON,2026-08-06,2026-08-07,11:30,4.47,155.0,167.0800018310547,10.41,132.88590604026845,LOW_CONFIDENCE,LARGE_MOVE|LATE_SESSION|MONEYNESS_TRANSITION
MOTHERSON,2026-08-06,2026-08-07,15:25,4.47,155.0,168.5,11.11,148.54586129753918,LOW_CONFIDENCE,LARGE_MOVE|LATE_SESSION|MONEYNESS_TRANSITION
MOTHERSON,2026-08-07,2026-08-10,09:15,6.23,168.5,170.89999389648438,7.41,18.9406099518459,CAUTION,MONEYNESS_TRANSITION
MOTHERSON,2026-08-07,2026-08-10,09:30,6.23,168.5,171.25,7.58,21.669341894060977,LOW_CONFIDENCE,MONEYNESS_TRANSITION|PATH_DEPENDENCE
MOTHERSON,2026-08-07,2026-08-10,10:00,6.23,168.5,169.27999877929688,6.61,6.09951845906902,BASELINE,
MOTHERSON,2026-08-07,2026-08-10,11:30,6.23,168.5,169.63999938964844,6.79,8.98876404494382,LOW_CONFIDENCE,LATE_SESSION|PATH_DEPENDENCE
MOTHERSON,2026-08-07,2026-08-10,15:25,6.23,168.5,167.99000549316406,5.98,-4.01284109149278,CAUTION,LATE_SESSION
MOTILALOFS,2026-08-21,2026-08-24,09:15,36.9,990.0,998.25,40.96,11.002710027100271,BASELINE,
MOTILALOFS,2026-08-21,2026-08-24,09:30,36.9,990.0,1012.5,47.97,30.000000000000004,BASELINE,
MOTILALOFS,2026-08-21,2026-08-24,10:00,36.9,990.0,1009.2000122070312,46.35,25.609756097560975,BASELINE,
MOTILALOFS,2026-08-21,2026-08-24,11:30,36.9,990.0,1003.6500244140624,43.62,18.211382113821138,LOW_CONFIDENCE,LATE_SESSION|PATH_DEPENDENCE
MOTILALOFS,2026-08-21,2026-08-24,15:25,36.9,990.0,990.0,36.9,0.0,LOW_CONFIDENCE,LATE_SESSION|PATH_DEPENDENCE
MPHASIS,2026-08-07,2026-08-10,09:15,82.75,2475.0,2494.5,92.34,11.589123867069496,BASELINE,
MPHASIS,2026-08-07,2026-08-10,09:30,82.75,2475.0,2483.10009765625,86.74,4.821752265861012,BASELINE,
MPHASIS,2026-08-07,2026-08-10,10:00,82.75,2475.0,2500.199951171875,95.15,14.984894259818748,CAUTION,PATH_DEPENDENCE
MPHASIS,2026-08-07,2026-08-10,11:30,82.75,2475.0,2515.0,102.43,23.78247734138974,CAUTION,LATE_SESSION
MPHASIS,2026-08-07,2026-08-10,15:25,82.75,2475.0,2508.0,98.99,19.625377643504514,CAUTION,LATE_SESSION
MPHASIS,2026-08-11,2026-08-12,09:15,67.05,2530.0,2509.89990234375,57.16,-14.75018642803878,BASELINE,
MPHASIS,2026-08-11,2026-08-12,09:30,67.05,2530.0,2508.699951171875,56.57,-15.630126771066365,CAUTION,PATH_DEPENDENCE
MPHASIS,2026-08-11,2026-08-12,10:00,67.05,2530.0,2495.300048828125,49.98,-25.458612975391503,BASELINE,
MPHASIS,2026-08-11,2026-08-12,11:30,67.05,2530.0,2485.199951171875,45.01,-32.87099179716629,LOW_CONFIDENCE,LATE_SESSION|MONEYNESS_TRANSITION
MPHASIS,2026-08-11,2026-08-12,15:25,67.05,2530.0,2537.60009765625,70.79,5.57792692020882,LOW_CONFIDENCE,LATE_SESSION|PATH_DEPENDENCE
MUTHOOTFIN,2026-08-24,2026-08-25,09:15,122.8,3209.0,3181.10009765625,109.07,-11.180781758957659,BASELINE,
MUTHOOTFIN,2026-08-24,2026-08-25,09:30,122.8,3209.0,3184.699951171875,110.84,-9.73941368078175,CAUTION,PATH_DEPENDENCE
MUTHOOTFIN,2026-08-24,2026-08-25,10:00,122.8,3209.0,3193.10009765625,114.98,-6.368078175895764,BASELINE,
MUTHOOTFIN,2026-08-24,2026-08-25,11:30,122.8,3209.0,3200.0,118.37,-3.607491856677514,CAUTION,LATE_SESSION
MUTHOOTFIN,2026-08-24,2026-08-25,15:25,122.8,3209.0,3201.0,118.86,-3.2084690553745965,LOW_CONFIDENCE,LATE_SESSION|PATH_DEPENDENCE
MUTHOOTFIN,2026-08-25,2026-08-26,09:15,118.35,3201.0,3192.800048828125,114.32,-3.405154203633287,BASELINE,
MUTHOOTFIN,2026-08-25,2026-08-26,09:30,118.35,3201.0,3191.300048828125,113.58,-4.030418250950563,CAUTION,PATH_DEPENDENCE
MUTHOOTFIN,2026-08-25,2026-08-26,10:00,118.35,3201.0,3212.60009765625,124.06,4.824672581326572,BASELINE,
MUTHOOTFIN,2026-08-25,2026-08-26,11:30,118.35,3201.0,3205.699951171875,120.66,1.9518377693282574,CAUTION,LATE_SESSION
MUTHOOTFIN,2026-08-25,2026-08-26,15:25,118.35,3201.0,3206.89990234375,121.25,2.450359104351496,CAUTION,LATE_SESSION
NAM-INDIA,2026-06-16,2026-06-17,09:15,23.95,1142.4000244140625,1143.0999755859375,24.29,1.4196242171189866,BASELINE,
NAM-INDIA,2026-06-16,2026-06-17,09:30,23.95,1142.4000244140625,1149.5999755859375,27.49,14.78079331941544,BASELINE,
NAM-INDIA,2026-06-16,2026-06-17,10:00,23.95,1142.4000244140625,1144.300048828125,24.88,3.883089770354897,CAUTION,PATH_DEPENDENCE
NAM-INDIA,2026-06-16,2026-06-17,11:30,23.95,1142.4000244140625,1144.699951171875,25.08,4.718162839248441,LOW_CONFIDENCE,LATE_SESSION|PATH_DEPENDENCE
NAM-INDIA,2026-06-16,2026-06-17,15:25,23.95,1142.4000244140625,1152.0,28.67,19.707724425887285,CAUTION,LATE_SESSION
NAM-INDIA,2026-06-18,2026-06-19,09:15,22.65,1167.4000244140625,1172.199951171875,25.01,10.419426048565139,BASELINE,
NAM-INDIA,2026-06-18,2026-06-19,09:30,22.65,1167.4000244140625,1169.5999755859375,23.73,4.768211920529808,BASELINE,
NAM-INDIA,2026-06-18,2026-06-19,10:00,22.65,1167.4000244140625,1163.0,20.49,-9.536423841059605,BASELINE,
NAM-INDIA,2026-06-18,2026-06-19,11:30,22.65,1167.4000244140625,1173.9000244140625,25.85,14.128035320088305,LOW_CONFIDENCE,LATE_SESSION|PATH_DEPENDENCE
NAM-INDIA,2026-06-18,2026-06-19,15:25,22.65,1167.4000244140625,1183.0,30.33,33.90728476821192,CAUTION,LATE_SESSION
NAM-INDIA,2026-06-19,2026-06-22,09:15,17.85,1186.9000244140625,1187.800048828125,18.29,2.4649859943977503,BASELINE,
NAM-INDIA,2026-06-19,2026-06-22,09:30,17.85,1186.9000244140625,1182.0,15.44,-13.501400560224097,BASELINE,
NAM-INDIA,2026-06-19,2026-06-22,10:00,17.85,1186.9000244140625,1184.699951171875,16.77,-6.050420168067239,CAUTION,PATH_DEPENDENCE
NAM-INDIA,2026-06-19,2026-06-22,11:30,17.85,1186.9000244140625,1189.300048828125,19.03,6.61064425770308,LOW_CONFIDENCE,LATE_SESSION|PATH_DEPENDENCE
NAM-INDIA,2026-06-19,2026-06-22,15:25,17.85,1186.9000244140625,1186.9000244140625,17.85,0.0,LOW_CONFIDENCE,LATE_SESSION|PATH_DEPENDENCE
NAM-INDIA,2026-07-01,2026-07-02,09:15,48.2,1196.4000244140625,1195.699951171875,47.86,-0.7053941908713779,BASELINE,
NAM-INDIA,2026-07-01,2026-07-02,09:30,48.2,1196.4000244140625,1194.0999755859375,47.07,-2.3443983402489654,BASELINE,
NAM-INDIA,2026-07-01,2026-07-02,10:00,48.2,1196.4000244140625,1208.5,54.15,12.344398340248963,BASELINE,
NAM-INDIA,2026-07-01,2026-07-02,11:30,48.2,1196.4000244140625,1217.0,58.34,21.03734439834024,CAUTION,LATE_SESSION
NAM-INDIA,2026-07-01,2026-07-02,15:25,48.2,1196.4000244140625,1213.199951171875,56.47,17.157676348547703,LOW_CONFIDENCE,LATE_SESSION|PATH_DEPENDENCE
NAM-INDIA,2026-08-04,2026-08-05,09:15,31.05,1202.0,1199.199951171875,29.67,-4.444444444444439,BASELINE,
NAM-INDIA,2026-08-04,2026-08-05,09:30,31.05,1202.0,1197.9000244140625,29.03,-6.50563607085346,CAUTION,PATH_DEPENDENCE
NAM-INDIA,2026-08-04,2026-08-05,10:00,31.05,1202.0,1205.0,32.53,4.766505636070861,BASELINE,
NAM-INDIA,2026-08-04,2026-08-05,11:30,31.05,1202.0,1208.5999755859375,34.3,10.466988727858272,CAUTION,LATE_SESSION
NAM-INDIA,2026-08-04,2026-08-05,15:25,31.05,1202.0,1215.0,37.45,20.61191626409018,CAUTION,LATE_SESSION
NAM-INDIA,2026-08-20,2026-08-21,09:15,40.15,1232.5,1227.699951171875,37.79,-5.877957658779575,BASELINE,
NAM-INDIA,2026-08-20,2026-08-21,09:30,40.15,1232.5,1238.699951171875,43.2,7.596513075965139,BASELINE,
NAM-INDIA,2026-08-20,2026-08-21,10:00,40.15,1232.5,1248.300048828125,47.92,19.352428393524292,BASELINE,
NAM-INDIA,2026-08-20,2026-08-21,11:30,40.15,1232.5,1258.0,52.7,31.257783312577846,CAUTION,LATE_SESSION
NAM-INDIA,2026-08-20,2026-08-21,15:25,40.15,1232.5,1251.0,49.25,22.665006226650064,CAUTION,LATE_SESSION
NATIONALUM,2026-08-10,2026-08-11,09:15,12.8,382.7000122070313,389.3500061035156,16.07,25.546874999999993,CAUTION,MONEYNESS_TRANSITION
NATIONALUM,2026-08-10,2026-08-11,09:30,12.8,382.7000122070313,388.6499938964844,15.73,22.890624999999986,LOW_CONFIDENCE,MONEYNESS_TRANSITION|PATH_DEPENDENCE
NATIONALUM,2026-08-10,2026-08-11,10:00,12.8,382.7000122070313,390.9500122070313,16.86,31.718749999999996,CAUTION,MONEYNESS_TRANSITION
NATIONALUM,2026-08-10,2026-08-11,11:30,12.8,382.7000122070313,388.6000061035156,15.7,22.65624999999998,LOW_CONFIDENCE,LATE_SESSION|MONEYNESS_TRANSITION|PATH_DEPENDENCE
NATIONALUM,2026-08-10,2026-08-11,15:25,12.8,382.7000122070313,388.0,15.41,20.390624999999996,LOW_CONFIDENCE,LATE_SESSION|MONEYNESS_TRANSITION|PATH_DEPENDENCE
NATIONALUM,2026-08-11,2026-08-12,09:15,9.5,388.0,416.25,23.4,146.31578947368416,LOW_CONFIDENCE,LARGE_MOVE|MONEYNESS_TRANSITION
NATIONALUM,2026-08-11,2026-08-12,09:30,9.5,388.0,418.6000061035156,24.56,158.52631578947367,LOW_CONFIDENCE,LARGE_MOVE|MONEYNESS_TRANSITION
NATIONALUM,2026-08-11,2026-08-12,10:00,9.5,388.0,415.75,23.15,143.68421052631578,LOW_CONFIDENCE,LARGE_MOVE|MONEYNESS_TRANSITION|PATH_DEPENDENCE
NATIONALUM,2026-08-11,2026-08-12,11:30,9.5,388.0,415.8500061035156,23.2,144.21052631578948,LOW_CONFIDENCE,LARGE_MOVE|LATE_SESSION|MONEYNESS_TRANSITION|PATH_DEPENDENCE
NATIONALUM,2026-08-11,2026-08-12,15:25,9.5,388.0,420.0,25.24,165.68421052631578,LOW_CONFIDENCE,LARGE_MOVE|LATE_SESSION|MONEYNESS_TRANSITION
NAUKRI,2026-07-07,2026-07-08,09:15,34.7,1159.449951171875,1206.199951171875,57.7,66.28242074927952,LOW_CONFIDENCE,LARGE_MOVE|MONEYNESS_TRANSITION
NAUKRI,2026-07-07,2026-07-08,09:30,34.7,1159.449951171875,1203.5,56.37,62.449567723342916,LOW_CONFIDENCE,LARGE_MOVE|MONEYNESS_TRANSITION|PATH_DEPENDENCE
NAUKRI,2026-07-07,2026-07-08,10:00,34.7,1159.449951171875,1196.25,52.81,52.19020172910662,LOW_CONFIDENCE,LARGE_MOVE|MONEYNESS_TRANSITION
NAUKRI,2026-07-07,2026-07-08,11:30,34.7,1159.449951171875,1194.4000244140625,51.9,49.56772334293946,LOW_CONFIDENCE,LARGE_MOVE|LATE_SESSION|MONEYNESS_TRANSITION
NAUKRI,2026-07-07,2026-07-08,15:25,34.7,1159.449951171875,1175.0,42.35,22.046109510086453,CAUTION,LATE_SESSION
NAUKRI,2026-08-10,2026-08-11,09:15,31.35,1282.0,1321.199951171875,50.64,61.5311004784689,LOW_CONFIDENCE,LARGE_MOVE|MONEYNESS_TRANSITION
NAUKRI,2026-08-10,2026-08-11,09:30,31.35,1282.0,1319.9000244140625,50.0,59.4896331738437,CAUTION,MONEYNESS_TRANSITION
NAUKRI,2026-08-10,2026-08-11,10:00,31.35,1282.0,1345.5,62.59,99.64912280701755,LOW_CONFIDENCE,LARGE_MOVE|MONEYNESS_TRANSITION
NAUKRI,2026-08-10,2026-08-11,11:30,31.35,1282.0,1373.9000244140625,76.56,144.21052631578948,LOW_CONFIDENCE,LARGE_MOVE|LATE_SESSION|MONEYNESS_TRANSITION
NAUKRI,2026-08-10,2026-08-11,15:25,31.35,1282.0,1360.0,69.73,122.42424242424241,LOW_CONFIDENCE,LARGE_MOVE|LATE_SESSION|MONEYNESS_TRANSITION
NBCC,2026-06-15,2026-06-16,09:15,4.06,107.36000061035156,108.04000091552734,4.39,8.128078817733986,BASELINE,
NBCC,2026-06-15,2026-06-16,09:30,4.06,107.36000061035156,108.20999908447266,4.48,10.344827586206918,CAUTION,PATH_DEPENDENCE
NBCC,2026-06-15,2026-06-16,10:00,4.06,107.36000061035156,109.3000030517578,5.01,23.39901477832513,CAUTION,MONEYNESS_TRANSITION
NBCC,2026-06-15,2026-06-16,11:30,4.06,107.36000061035156,108.48999786376952,4.62,13.793103448275868,LOW_CONFIDENCE,LATE_SESSION|PATH_DEPENDENCE
NBCC,2026-06-15,2026-06-16,15:25,4.06,107.36000061035156,109.11000061035156,4.92,21.182266009852224,CAUTION,LATE_SESSION
NESTLEIND,2026-07-06,2026-07-07,09:15,36.05,1473.699951171875,1471.5999755859375,35.02,-2.857142857142836,BASELINE,
NESTLEIND,2026-07-06,2026-07-07,09:30,36.05,1473.699951171875,1471.800048828125,35.12,-2.579750346740639,CAUTION,PATH_DEPENDENCE
NESTLEIND,2026-07-06,2026-07-07,10:00,36.05,1473.699951171875,1465.9000244140625,32.21,-10.651872399445207,BASELINE,
NESTLEIND,2026-07-06,2026-07-07,11:30,36.05,1473.699951171875,1470.5,34.48,-4.355062413314837,LOW_CONFIDENCE,LATE_SESSION|PATH_DEPENDENCE
NESTLEIND,2026-07-06,2026-07-07,15:25,36.05,1473.699951171875,1471.800048828125,35.12,-2.579750346740639,LOW_CONFIDENCE,LATE_SESSION|PATH_DEPENDENCE
NESTLEIND,2026-07-22,2026-07-23,09:15,51.65,1493.5999755859375,1486.199951171875,48.01,-7.047434656340757,BASELINE,
NESTLEIND,2026-07-22,2026-07-23,09:30,51.65,1493.5999755859375,1463.199951171875,36.69,-28.964181994191673,BASELINE,
NESTLEIND,2026-07-22,2026-07-23,10:00,51.65,1493.5999755859375,1462.0,36.1,-30.106485963213935,BASELINE,
NESTLEIND,2026-07-22,2026-07-23,11:30,51.65,1493.5999755859375,1459.5,34.87,-32.487899322362054,LOW_CONFIDENCE,LATE_SESSION|MONEYNESS_TRANSITION
NESTLEIND,2026-07-22,2026-07-23,15:25,51.65,1493.5999755859375,1446.5999755859375,28.53,-44.762826718296225,LOW_CONFIDENCE,LARGE_MOVE|LATE_SESSION|MONEYNESS_TRANSITION
NESTLEIND,2026-07-30,2026-07-31,09:15,35.1,1520.699951171875,1521.5999755859375,35.54,1.2535612535612417,BASELINE,
NESTLEIND,2026-07-30,2026-07-31,09:30,35.1,1520.699951171875,1514.699951171875,32.15,-8.404558404558415,BASELINE,
NESTLEIND,2026-07-30,2026-07-31,10:00,35.1,1520.699951171875,1517.9000244140625,33.72,-3.93162393162394,CAUTION,PATH_DEPENDENCE
NESTLEIND,2026-07-30,2026-07-31,11:30,35.1,1520.699951171875,1509.0999755859375,29.39,-16.26780626780627,CAUTION,LATE_SESSION
NESTLEIND,2026-07-30,2026-07-31,15:25,35.1,1520.699951171875,1509.5999755859375,29.64,-15.555555555555555,CAUTION,LATE_SESSION
NYKAA,2026-06-18,2026-06-19,09:15,7.55,298.1000061035156,302.1499938964844,9.54,26.357615894039732,BASELINE,
NYKAA,2026-06-18,2026-06-19,09:30,7.55,298.1000061035156,301.45001220703125,9.2,21.85430463576159,CAUTION,PATH_DEPENDENCE
NYKAA,2026-06-18,2026-06-19,10:00,7.55,298.1000061035156,302.0,9.47,25.430463576158946,CAUTION,PATH_DEPENDENCE
NYKAA,2026-06-18,2026-06-19,11:30,7.55,298.1000061035156,303.1000061035156,10.01,32.58278145695363,LOW_CONFIDENCE,LATE_SESSION|PATH_DEPENDENCE
NYKAA,2026-06-18,2026-06-19,15:25,7.55,298.1000061035156,302.3999938964844,9.67,28.079470198675494,LOW_CONFIDENCE,LATE_SESSION|PATH_DEPENDENCE
NYKAA,2026-07-31,2026-08-03,09:15,11.5,333.3999938964844,335.1000061035156,12.34,7.304347826086954,BASELINE,
NYKAA,2026-07-31,2026-08-03,09:30,11.5,333.3999938964844,339.79998779296875,14.65,27.391304347826086,BASELINE,
NYKAA,2026-07-31,2026-08-03,10:00,11.5,333.3999938964844,341.70001220703125,15.58,35.478260869565226,CAUTION,MONEYNESS_TRANSITION
NYKAA,2026-07-31,2026-08-03,11:30,11.5,333.3999938964844,339.45001220703125,14.48,25.913043478260867,CAUTION,LATE_SESSION
NYKAA,2026-07-31,2026-08-03,15:25,11.5,333.3999938964844,344.8999938964844,17.16,49.217391304347835,LOW_CONFIDENCE,LARGE_MOVE|LATE_SESSION|MONEYNESS_TRANSITION
NYKAA,2026-08-03,2026-08-04,09:15,10.5,344.8999938964844,338.6499938964844,7.42,-29.333333333333332,BASELINE,
NYKAA,2026-08-03,2026-08-04,09:30,10.5,344.8999938964844,339.75,7.97,-24.095238095238102,BASELINE,
NYKAA,2026-08-03,2026-08-04,10:00,10.5,344.8999938964844,337.0,6.61,-37.04761904761904,CAUTION,MONEYNESS_TRANSITION
NYKAA,2026-08-03,2026-08-04,11:30,10.5,344.8999938964844,335.8999938964844,6.07,-42.19047619047619,LOW_CONFIDENCE,LATE_SESSION|MONEYNESS_TRANSITION
NYKAA,2026-08-03,2026-08-04,15:25,10.5,344.8999938964844,342.5,9.32,-11.238095238095235,LOW_CONFIDENCE,LATE_SESSION|PATH_DEPENDENCE
OFSS,2026-06-24,2026-06-25,09:15,521.2,10468.5,10500.0,536.7,2.973906369915569,BASELINE,
OFSS,2026-06-24,2026-06-25,09:30,521.2,10468.5,10500.0,536.7,2.973906369915569,CAUTION,PATH_DEPENDENCE
OFSS,2026-06-24,2026-06-25,10:00,521.2,10468.5,10570.0,571.14,9.581734458940883,CAUTION,PATH_DEPENDENCE
OFSS,2026-06-24,2026-06-25,11:30,521.2,10468.5,10790.0,679.38,30.349194167306216,LOW_CONFIDENCE,LARGE_MOVE|LATE_SESSION|MONEYNESS_TRANSITION
OFSS,2026-06-24,2026-06-25,15:25,521.2,10468.5,10974.5,770.15,47.764773599386025,LOW_CONFIDENCE,LARGE_MOVE|LATE_SESSION|MONEYNESS_TRANSITION
OFSS,2026-06-25,2026-06-29,09:15,446.95,10974.5,10876.5,398.73,-10.788678823134568,BASELINE,
OFSS,2026-06-25,2026-06-29,09:30,446.95,10974.5,10969.5,444.49,-0.5503971361449755,BASELINE,
OFSS,2026-06-25,2026-06-29,10:00,446.95,10974.5,10840.5,381.02,-14.751090726032,CAUTION,PATH_DEPENDENCE
OFSS,2026-06-25,2026-06-29,11:30,446.95,10974.5,10889.5,405.13,-9.356751314464706,LOW_CONFIDENCE,LATE_SESSION|PATH_DEPENDENCE
OFSS,2026-06-25,2026-06-29,15:25,446.95,10974.5,10874.5,397.75,-11.007942722899655,LOW_CONFIDENCE,LATE_SESSION|PATH_DEPENDENCE
OFSS,2026-07-01,2026-07-02,09:15,441.7,10863.0,11043.0,530.26,20.049807561693456,BASELINE,
OFSS,2026-07-01,2026-07-02,09:30,441.7,10863.0,11155.0,585.36,32.524337785827484,CAUTION,MONEYNESS_TRANSITION
OFSS,2026-07-01,2026-07-02,10:00,441.7,10863.0,11230.0,622.26,40.87842426986643,LOW_CONFIDENCE,LARGE_MOVE|MONEYNESS_TRANSITION
OFSS,2026-07-01,2026-07-02,11:30,441.7,10863.0,11085.0,550.92,24.727190400724464,LOW_CONFIDENCE,LATE_SESSION|PATH_DEPENDENCE
OFSS,2026-07-01,2026-07-02,15:25,441.7,10863.0,10986.0,502.22,13.701607425854668,LOW_CONFIDENCE,LATE_SESSION|PATH_DEPENDENCE
OFSS,2026-07-02,2026-07-03,09:15,478.35,10986.0,11076.0,522.63,9.256820319849467,BASELINE,
OFSS,2026-07-02,2026-07-03,09:30,478.35,10986.0,11025.0,497.54,4.011706909166923,BASELINE,
OFSS,2026-07-02,2026-07-03,10:00,478.35,10986.0,11180.0,573.8,19.9540085711299,BASELINE,
OFSS,2026-07-02,2026-07-03,11:30,478.35,10986.0,11180.0,573.8,19.9540085711299,CAUTION,LATE_SESSION
OFSS,2026-07-02,2026-07-03,15:25,478.35,10986.0,11240.0,603.32,26.125222117696257,LOW_CONFIDENCE,LATE_SESSION|MONEYNESS_TRANSITION
OFSS,2026-08-05,2026-08-06,09:15,393.8,11759.0,11728.0,378.55,-3.872524123920773,BASELINE,
OFSS,2026-08-05,2026-08-06,09:30,393.8,11759.0,11765.0,396.75,0.7491112239715658,BASELINE,
OFSS,2026-08-05,2026-08-06,10:00,393.8,11759.0,11761.0,394.78,0.2488572879634221,CAUTION,PATH_DEPENDENCE
OFSS,2026-08-05,2026-08-06,11:30,393.8,11759.0,11777.0,402.66,2.2498730319959304,CAUTION,LATE_SESSION
OFSS,2026-08-05,2026-08-06,15:25,393.8,11759.0,11735.0,381.99,-2.998984255967496,LOW_CONFIDENCE,LATE_SESSION|PATH_DEPENDENCE
OFSS,2026-08-06,2026-08-07,09:15,385.05,11735.0,11718.0,376.69,-2.171146604337104,BASELINE,
OFSS,2026-08-06,2026-08-07,09:30,385.05,11735.0,11703.0,369.31,-4.087780807687313,CAUTION,PATH_DEPENDENCE
OFSS,2026-08-06,2026-08-07,10:00,385.05,11735.0,11683.0,359.47,-6.643293078820934,CAUTION,PATH_DEPENDENCE
OFSS,2026-08-06,2026-08-07,11:30,385.05,11735.0,11599.0,318.14,-17.376964030645382,CAUTION,LATE_SESSION
OFSS,2026-08-06,2026-08-07,15:25,385.05,11735.0,11805.0,419.49,8.944292948967657,LOW_CONFIDENCE,LATE_SESSION|PATH_DEPENDENCE
OFSS,2026-08-28,2026-08-31,09:15,464.75,12190.0,12140.0,440.15,-5.2931683700914505,BASELINE,
OFSS,2026-08-28,2026-08-31,09:30,464.75,12190.0,12157.0,448.51,-3.4943518020441156,CAUTION,PATH_DEPENDENCE
OFSS,2026-08-28,2026-08-31,10:00,464.75,12190.0,12149.0,444.58,-4.339967724583116,CAUTION,PATH_DEPENDENCE
OFSS,2026-08-28,2026-08-31,11:30,464.75,12190.0,12292.0,514.93,10.797202797202775,CAUTION,LATE_SESSION
OFSS,2026-08-28,2026-08-31,15:25,464.75,12190.0,12540.0,636.95,37.05217859064014,LOW_CONFIDENCE,LATE_SESSION|MONEYNESS_TRANSITION
OIL,2026-07-23,2026-07-24,09:15,14.55,458.7999877929687,460.2999877929687,15.29,5.085910652920944,BASELINE,
OIL,2026-07-23,2026-07-24,09:30,14.55,458.7999877929687,457.6000061035156,13.96,-4.054982817869412,BASELINE,
OIL,2026-07-23,2026-07-24,10:00,14.55,458.7999877929687,454.5,12.43,-14.570446735395192,BASELINE,
OIL,2026-07-23,2026-07-24,11:30,14.55,458.7999877929687,454.0,12.19,-16.219931271477673,CAUTION,LATE_SESSION
OIL,2026-07-23,2026-07-24,15:25,14.55,458.7999877929687,449.75,10.1,-30.584192439862544,LOW_CONFIDENCE,LATE_SESSION|MONEYNESS_TRANSITION
OIL,2026-08-10,2026-08-11,09:15,11.25,453.0,473.5,21.34,89.68888888888888,LOW_CONFIDENCE,LARGE_MOVE|MONEYNESS_TRANSITION
OIL,2026-08-10,2026-08-11,09:30,11.25,453.0,481.0,25.03,122.48888888888891,LOW_CONFIDENCE,LARGE_MOVE|MONEYNESS_TRANSITION
OIL,2026-08-10,2026-08-11,10:00,11.25,453.0,478.1000061035156,23.6,109.7777777777778,LOW_CONFIDENCE,LARGE_MOVE|MONEYNESS_TRANSITION
OIL,2026-08-10,2026-08-11,11:30,11.25,453.0,476.5,22.81,102.75555555555553,LOW_CONFIDENCE,LARGE_MOVE|LATE_SESSION|MONEYNESS_TRANSITION|PATH_DEPENDENCE
OIL,2026-08-10,2026-08-11,15:25,11.25,453.0,470.3500061035156,19.79,75.91111111111111,LOW_CONFIDENCE,LARGE_MOVE|LATE_SESSION|MONEYNESS_TRANSITION|PATH_DEPENDENCE
OIL,2026-08-11,2026-08-12,09:15,13.65,470.3500061035156,474.7000122070313,15.79,15.677655677655666,BASELINE,
OIL,2026-08-11,2026-08-12,09:30,13.65,470.3500061035156,472.4500122070313,14.68,7.545787545787541,BASELINE,
OIL,2026-08-11,2026-08-12,10:00,13.65,470.3500061035156,470.9500122070313,13.95,2.19780219780219,BASELINE,
OIL,2026-08-11,2026-08-12,11:30,13.65,470.3500061035156,470.4500122070313,13.7,0.366300366300365,CAUTION,LATE_SESSION
OIL,2026-08-11,2026-08-12,15:25,13.65,470.3500061035156,472.0,14.46,5.934065934065935,LOW_CONFIDENCE,LATE_SESSION|PATH_DEPENDENCE
OIL,2026-09-09,2026-09-10,09:15,14.0,498.9500122070313,513.2999877929688,21.06,50.42857142857142,CAUTION,MONEYNESS_TRANSITION
OIL,2026-09-09,2026-09-10,09:30,14.0,498.9500122070313,511.3999938964844,20.13,43.78571428571427,CAUTION,MONEYNESS_TRANSITION
OIL,2026-09-09,2026-09-10,10:00,14.0,498.9500122070313,510.25,19.56,39.7142857142857,CAUTION,MONEYNESS_TRANSITION
OIL,2026-09-09,2026-09-10,11:30,14.0,498.9500122070313,507.1000061035156,18.01,28.642857142857146,CAUTION,LATE_SESSION
OIL,2026-09-09,2026-09-10,15:25,14.0,498.9500122070313,500.2999877929687,14.66,4.714285714285715,CAUTION,LATE_SESSION
PAGEIND,2026-06-15,2026-06-16,09:15,895.85,39195.0,39430.0,1011.47,12.906178489702524,BASELINE,
PAGEIND,2026-06-15,2026-06-16,09:30,895.85,39195.0,39465.0,1028.69,14.828375286041195,CAUTION,PATH_DEPENDENCE
PAGEIND,2026-06-15,2026-06-16,10:00,895.85,39195.0,39110.0,854.03,-4.668192219679634,BASELINE,
PAGEIND,2026-06-15,2026-06-16,11:30,895.85,39195.0,39130.0,863.87,-3.5697940503432557,CAUTION,LATE_SESSION
PAGEIND,2026-06-15,2026-06-16,15:25,895.85,39195.0,39065.0,831.89,-7.139588100686501,CAUTION,LATE_SESSION
PAGEIND,2026-06-24,2026-06-25,09:15,1341.75,40885.0,40865.0,1331.91,-0.733370598099492,BASELINE,
PAGEIND,2026-06-24,2026-06-25,09:30,1341.75,40885.0,40940.0,1368.81,2.0167691447736225,BASELINE,
PAGEIND,2026-06-24,2026-06-25,10:00,1341.75,40885.0,41725.0,1755.03,30.801565120178864,BASELINE,
PAGEIND,2026-06-24,2026-06-25,11:30,1341.75,40885.0,40970.0,1383.57,3.116825041922855,LOW_CONFIDENCE,LATE_SESSION|PATH_DEPENDENCE
PAGEIND,2026-06-24,2026-06-25,15:25,1341.75,40885.0,40950.0,1373.73,2.383454443823374,LOW_CONFIDENCE,LATE_SESSION|PATH_DEPENDENCE
PAGEIND,2026-06-25,2026-06-29,09:15,1223.1,40950.0,41535.0,1510.92,23.53200883002209,BASELINE,
PAGEIND,2026-06-25,2026-06-29,09:30,1223.1,40950.0,41335.0,1412.52,15.486877606082917,BASELINE,
PAGEIND,2026-06-25,2026-06-29,10:00,1223.1,40950.0,41030.0,1262.46,3.2180524895756735,BASELINE,
PAGEIND,2026-06-25,2026-06-29,11:30,1223.1,40950.0,41110.0,1301.82,6.436104979151347,CAUTION,LATE_SESSION
PAGEIND,2026-06-25,2026-06-29,15:25,1223.1,40950.0,40405.0,954.96,-21.92298258523423,CAUTION,LATE_SESSION
PAYTM,2026-07-01,2026-07-02,09:15,54.4,1203.699951171875,1212.5,58.73,7.959558823529411,BASELINE,
PAYTM,2026-07-01,2026-07-02,09:30,54.4,1203.699951171875,1214.5999755859375,59.76,9.852941176470598,BASELINE,
PAYTM,2026-07-01,2026-07-02,10:00,54.4,1203.699951171875,1209.300048828125,57.16,5.07352941176471,BASELINE,
PAYTM,2026-07-01,2026-07-02,11:30,54.4,1203.699951171875,1224.699951171875,64.73,18.988970588235297,LOW_CONFIDENCE,LATE_SESSION|MONEYNESS_TRANSITION
PAYTM,2026-07-01,2026-07-02,15:25,54.4,1203.699951171875,1211.4000244140625,58.19,6.966911764705874,LOW_CONFIDENCE,LATE_SESSION|PATH_DEPENDENCE
PAYTM,2026-08-03,2026-08-04,09:15,60.05,1410.0,1416.9000244140625,63.44,5.645295587010835,BASELINE,
PAYTM,2026-08-03,2026-08-04,09:30,60.05,1410.0,1415.0,62.51,4.096586178184847,CAUTION,PATH_DEPENDENCE
PAYTM,2026-08-03,2026-08-04,10:00,60.05,1410.0,1419.0,64.48,7.3771856786011725,CAUTION,PATH_DEPENDENCE
PAYTM,2026-08-03,2026-08-04,11:30,60.05,1410.0,1395.9000244140625,53.11,-11.557035803497085,CAUTION,LATE_SESSION
PAYTM,2026-08-03,2026-08-04,15:25,60.05,1410.0,1400.0,55.13,-8.193172356369683,CAUTION,LATE_SESSION
PAYTM,2026-09-09,2026-09-10,09:15,55.4,1751.5,1741.0999755859375,50.28,-9.241877256317688,BASELINE,
PAYTM,2026-09-09,2026-09-10,09:30,55.4,1751.5,1747.5,53.43,-3.555956678700356,CAUTION,PATH_DEPENDENCE
PAYTM,2026-09-09,2026-09-10,10:00,55.4,1751.5,1747.4000244140625,53.38,-3.6462093862815848,CAUTION,PATH_DEPENDENCE
PAYTM,2026-09-09,2026-09-10,11:30,55.4,1751.5,1744.0,51.71,-6.66064981949458,LOW_CONFIDENCE,LATE_SESSION|PATH_DEPENDENCE
PAYTM,2026-09-09,2026-09-10,15:25,55.4,1751.5,1739.0,49.25,-11.101083032490976,LOW_CONFIDENCE,LATE_SESSION|PATH_DEPENDENCE
PERSISTENT,2026-07-13,2026-07-14,09:15,159.5,5192.39990234375,5228.60009765625,177.31,11.16614420062696,BASELINE,
PERSISTENT,2026-07-13,2026-07-14,09:30,159.5,5192.39990234375,5202.39990234375,164.42,3.0846394984325842,BASELINE,
PERSISTENT,2026-07-13,2026-07-14,10:00,159.5,5192.39990234375,5183.7001953125,155.22,-2.683385579937303,BASELINE,
PERSISTENT,2026-07-13,2026-07-14,11:30,159.5,5192.39990234375,5198.0,162.26,1.7304075235109684,LOW_CONFIDENCE,LATE_SESSION|PATH_DEPENDENCE
PERSISTENT,2026-07-13,2026-07-14,15:25,159.5,5192.39990234375,5129.10009765625,128.36,-19.523510971786827,CAUTION,LATE_SESSION
PERSISTENT,2026-07-21,2026-07-22,09:15,100.5,5219.0,5159.7998046875,71.37,-28.98507462686567,BASELINE,
PERSISTENT,2026-07-21,2026-07-22,09:30,100.5,5219.0,5144.0,63.6,-36.71641791044776,BASELINE,
PERSISTENT,2026-07-21,2026-07-22,10:00,100.5,5219.0,5127.10009765625,55.29,-44.985074626865675,BASELINE,
PERSISTENT,2026-07-21,2026-07-22,11:30,100.5,5219.0,5121.7001953125,52.63,-47.6318407960199,LOW_CONFIDENCE,LATE_SESSION|PATH_DEPENDENCE
PERSISTENT,2026-07-21,2026-07-22,15:25,100.5,5219.0,5098.7998046875,41.36,-58.8457711442786,CAUTION,LATE_SESSION
PERSISTENT,2026-07-27,2026-07-28,09:15,231.75,5268.2001953125,5376.10009765625,284.84,22.908306364617026,BASELINE,
PERSISTENT,2026-07-27,2026-07-28,09:30,231.75,5268.2001953125,5460.10009765625,326.16,40.737864077669904,LOW_CONFIDENCE,LARGE_MOVE|MONEYNESS_TRANSITION
PERSISTENT,2026-07-27,2026-07-28,10:00,231.75,5268.2001953125,5494.5,343.09,48.043149946062556,LOW_CONFIDENCE,LARGE_MOVE|MONEYNESS_TRANSITION
PERSISTENT,2026-07-27,2026-07-28,11:30,231.75,5268.2001953125,5485.2998046875,338.56,46.088457389428264,LOW_CONFIDENCE,LARGE_MOVE|LATE_SESSION|MONEYNESS_TRANSITION
PERSISTENT,2026-07-27,2026-07-28,15:25,231.75,5268.2001953125,5428.39990234375,310.57,34.010787486515646,LOW_CONFIDENCE,LARGE_MOVE|LATE_SESSION|MONEYNESS_TRANSITION|PATH_DEPENDENCE
PERSISTENT,2026-08-20,2026-08-21,09:15,236.85,5674.0,5668.5,234.14,-1.1441840827527971,BASELINE,
PERSISTENT,2026-08-20,2026-08-21,09:30,236.85,5674.0,5615.5,208.07,-12.151150517204979,BASELINE,
PERSISTENT,2026-08-20,2026-08-21,10:00,236.85,5674.0,5623.5,212.0,-10.49187249313912,BASELINE,
PERSISTENT,2026-08-20,2026-08-21,11:30,236.85,5674.0,5698.5,248.9,5.087608190838089,LOW_CONFIDENCE,LATE_SESSION|PATH_DEPENDENCE
PERSISTENT,2026-08-20,2026-08-21,15:25,236.85,5674.0,5667.5,233.65,-1.351066075575258,LOW_CONFIDENCE,LATE_SESSION|PATH_DEPENDENCE
PHOENIXLTD,2026-06-25,2026-06-29,09:15,76.1,1904.5999755859375,1905.5,76.54,0.5781865965834632,BASELINE,
PHOENIXLTD,2026-06-25,2026-06-29,09:30,76.1,1904.5999755859375,1909.0,78.26,2.838370565046011,BASELINE,
PHOENIXLTD,2026-06-25,2026-06-29,10:00,76.1,1904.5999755859375,1894.5999755859375,71.18,-6.4651773981603045,BASELINE,
PHOENIXLTD,2026-06-25,2026-06-29,11:30,76.1,1904.5999755859375,1897.699951171875,72.71,-4.45466491458607,CAUTION,LATE_SESSION
PHOENIXLTD,2026-06-25,2026-06-29,15:25,76.1,1904.5999755859375,1929.0,88.1,15.76872536136662,CAUTION,LATE_SESSION
PIDILITIND,2026-06-15,2026-06-16,09:15,29.15,1571.0,1570.9000244140625,29.1,-0.17152658662091813,BASELINE,
PIDILITIND,2026-06-15,2026-06-16,09:30,29.15,1571.0,1561.699951171875,24.57,-15.711835334476842,BASELINE,
PIDILITIND,2026-06-15,2026-06-16,10:00,29.15,1571.0,1561.0999755859375,24.28,-16.706689536878205,BASELINE,
PIDILITIND,2026-06-15,2026-06-16,11:30,29.15,1571.0,1557.4000244140625,22.46,-22.95025728987993,CAUTION,LATE_SESSION
PIDILITIND,2026-06-15,2026-06-16,15:25,29.15,1571.0,1571.199951171875,29.25,0.34305317324185847,LOW_CONFIDENCE,LATE_SESSION|PATH_DEPENDENCE
PIDILITIND,2026-08-06,2026-08-07,09:15,31.3,1686.0,1672.0,24.41,-22.012779552715656,BASELINE,
PIDILITIND,2026-08-06,2026-08-07,09:30,31.3,1686.0,1667.800048828125,22.35,-28.594249201277954,BASELINE,
PIDILITIND,2026-08-06,2026-08-07,10:00,31.3,1686.0,1667.800048828125,22.35,-28.594249201277954,BASELINE,
PIDILITIND,2026-08-06,2026-08-07,11:30,31.3,1686.0,1654.0,15.56,-50.28753993610224,CAUTION,LATE_SESSION
PIDILITIND,2026-08-06,2026-08-07,15:25,31.3,1686.0,1660.0,18.51,-40.86261980830671,CAUTION,LATE_SESSION
PIDILITIND,2026-08-12,2026-08-13,09:15,26.0,1701.5,1691.199951171875,20.93,-19.500000000000007,BASELINE,
PIDILITIND,2026-08-12,2026-08-13,09:30,26.0,1701.5,1688.300048828125,19.51,-24.961538461538456,BASELINE,
PIDILITIND,2026-08-12,2026-08-13,10:00,26.0,1701.5,1685.0,17.88,-31.23076923076924,BASELINE,
PIDILITIND,2026-08-12,2026-08-13,11:30,26.0,1701.5,1688.5999755859375,19.65,-24.423076923076927,LOW_CONFIDENCE,LATE_SESSION|PATH_DEPENDENCE
PIDILITIND,2026-08-12,2026-08-13,15:25,26.0,1701.5,1696.0999755859375,23.34,-10.230769230769232,LOW_CONFIDENCE,LATE_SESSION|PATH_DEPENDENCE
PNB,2026-08-03,2026-08-04,09:15,3.31,113.0,113.22000122070312,3.42,3.3232628398791597,BASELINE,
PNB,2026-08-03,2026-08-04,09:30,3.31,113.0,113.27999877929688,3.45,4.229607250755296,BASELINE,
PNB,2026-08-03,2026-08-04,10:00,3.31,113.0,113.75,3.68,11.17824773413898,BASELINE,
PNB,2026-08-03,2026-08-04,11:30,3.31,113.0,113.47000122070312,3.54,6.9486404833836835,LOW_CONFIDENCE,LATE_SESSION|PATH_DEPENDENCE
PNB,2026-08-03,2026-08-04,15:25,3.31,113.0,113.98999786376952,3.8,14.803625377643503,CAUTION,LATE_SESSION
PNBHOUSING,2026-08-06,2026-08-07,09:15,30.45,1150.0,1139.0,25.04,-17.76683087027915,BASELINE,
PNBHOUSING,2026-08-06,2026-08-07,09:30,30.45,1150.0,1142.800048828125,26.91,-11.625615763546794,BASELINE,
PNBHOUSING,2026-08-06,2026-08-07,10:00,30.45,1150.0,1137.0,24.05,-21.018062397372738,CAUTION,PATH_DEPENDENCE
PNBHOUSING,2026-08-06,2026-08-07,11:30,30.45,1150.0,1121.699951171875,16.53,-45.71428571428571,LOW_CONFIDENCE,LATE_SESSION|MONEYNESS_TRANSITION
PNBHOUSING,2026-08-06,2026-08-07,15:25,30.45,1150.0,1143.0,27.01,-11.297208538587844,LOW_CONFIDENCE,LATE_SESSION|PATH_DEPENDENCE
PNBHOUSING,2026-08-20,2026-08-21,09:15,49.8,1175.5,1183.0999755859375,53.54,7.510040160642584,BASELINE,
PNBHOUSING,2026-08-20,2026-08-21,09:30,49.8,1175.5,1175.300048828125,49.7,-0.20080321285139702,BASELINE,
PNBHOUSING,2026-08-20,2026-08-21,10:00,49.8,1175.5,1187.0,55.46,11.365461847389557,CAUTION,PATH_DEPENDENCE
PNBHOUSING,2026-08-20,2026-08-21,11:30,49.8,1175.5,1179.800048828125,51.92,4.257028112449812,LOW_CONFIDENCE,LATE_SESSION|PATH_DEPENDENCE
PNBHOUSING,2026-08-20,2026-08-21,15:25,49.8,1175.5,1170.300048828125,47.24,-5.140562248995972,CAUTION,LATE_SESSION
POLICYBZR,2026-08-11,2026-08-12,09:15,41.0,1733.0,1711.5999755859375,30.47,-25.682926829268293,BASELINE,
POLICYBZR,2026-08-11,2026-08-12,09:30,41.0,1733.0,1706.9000244140625,28.16,-31.317073170731703,BASELINE,
POLICYBZR,2026-08-11,2026-08-12,10:00,41.0,1733.0,1698.300048828125,23.93,-41.63414634146342,CAUTION,MONEYNESS_TRANSITION
POLICYBZR,2026-08-11,2026-08-12,11:30,41.0,1733.0,1696.0,22.8,-44.39024390243902,LOW_CONFIDENCE,LATE_SESSION|MONEYNESS_TRANSITION
POLICYBZR,2026-08-11,2026-08-12,15:25,41.0,1733.0,1739.0,43.95,7.195121951219519,CAUTION,LATE_SESSION
POLYCAB,2026-06-17,2026-06-18,09:15,196.05,9926.5,10002.5,233.44,19.07166539148175,BASELINE,
POLYCAB,2026-06-17,2026-06-18,09:30,196.05,9926.5,9986.0,225.32,14.929864830400398,BASELINE,
POLYCAB,2026-06-17,2026-06-18,10:00,196.05,9926.5,9959.0,212.04,8.15608263198162,BASELINE,
POLYCAB,2026-06-17,2026-06-18,11:30,196.05,9926.5,9957.5,211.3,7.778627901045643,CAUTION,LATE_SESSION
POLYCAB,2026-06-17,2026-06-18,15:25,196.05,9926.5,9940.0,202.69,3.386891099209377,CAUTION,LATE_SESSION
POWERINDIA,2026-08-10,2026-08-11,09:15,1276.25,36050.0,36135.0,1318.07,3.2767874632712912,BASELINE,
POWERINDIA,2026-08-10,2026-08-11,09:30,1276.25,36050.0,35385.0,949.07,-25.63604309500489,BASELINE,
POWERINDIA,2026-08-10,2026-08-11,10:00,1276.25,36050.0,35140.0,828.53,-35.080901077375124,CAUTION,MONEYNESS_TRANSITION
POWERINDIA,2026-08-10,2026-08-11,11:30,1276.25,36050.0,35060.0,789.17,-38.16493633692458,LOW_CONFIDENCE,LATE_SESSION|MONEYNESS_TRANSITION
POWERINDIA,2026-08-10,2026-08-11,15:25,1276.25,36050.0,35000.0,759.65,-40.47796278158668,LOW_CONFIDENCE,LATE_SESSION|MONEYNESS_TRANSITION
PRESTIGE,2026-06-16,2026-06-17,09:15,36.95,1521.0999755859375,1511.800048828125,32.37,-12.395128552097445,BASELINE,
PRESTIGE,2026-06-16,2026-06-17,09:30,36.95,1521.0999755859375,1503.199951171875,28.14,-23.84303112313938,BASELINE,
PRESTIGE,2026-06-16,2026-06-17,10:00,36.95,1521.0999755859375,1503.5999755859375,28.34,-23.30175913396483,BASELINE,
PRESTIGE,2026-06-16,2026-06-17,11:30,36.95,1521.0999755859375,1514.4000244140625,33.65,-8.930987821380254,LOW_CONFIDENCE,LATE_SESSION|PATH_DEPENDENCE
PRESTIGE,2026-06-16,2026-06-17,15:25,36.95,1521.0999755859375,1517.0,34.93,-5.466847090663062,LOW_CONFIDENCE,LATE_SESSION|PATH_DEPENDENCE
PRESTIGE,2026-06-23,2026-06-24,09:15,68.0,1512.699951171875,1517.0,70.12,3.117647058823536,BASELINE,
PRESTIGE,2026-06-23,2026-06-24,09:30,68.0,1512.699951171875,1520.0999755859375,71.64,5.3529411764705825,CAUTION,PATH_DEPENDENCE
PRESTIGE,2026-06-23,2026-06-24,10:00,68.0,1512.699951171875,1500.9000244140625,62.19,-8.544117647058824,BASELINE,
PRESTIGE,2026-06-23,2026-06-24,11:30,68.0,1512.699951171875,1517.0,70.12,3.117647058823536,LOW_CONFIDENCE,LATE_SESSION|PATH_DEPENDENCE
PRESTIGE,2026-06-23,2026-06-24,15:25,68.0,1512.699951171875,1541.0999755859375,81.97,20.544117647058812,CAUTION,LATE_SESSION
RADICO,2026-06-18,2026-06-19,09:15,102.0,3690.0,3696.5,105.2,3.1372549019607954,BASELINE,
RADICO,2026-06-18,2026-06-19,09:30,102.0,3690.0,3722.39990234375,117.94,15.627450980392155,BASELINE,
RADICO,2026-06-18,2026-06-19,10:00,102.0,3690.0,3699.199951171875,106.53,4.441176470588237,CAUTION,PATH_DEPENDENCE
RADICO,2026-06-18,2026-06-19,11:30,102.0,3690.0,3730.199951171875,121.78,19.39215686274509,LOW_CONFIDENCE,LATE_SESSION|PATH_DEPENDENCE
RADICO,2026-06-18,2026-06-19,15:25,102.0,3690.0,3760.0,136.44,33.76470588235294,CAUTION,LATE_SESSION
RADICO,2026-06-19,2026-06-22,09:15,98.9,3769.199951171875,3778.0,103.23,4.378159757330624,BASELINE,
RADICO,2026-06-19,2026-06-22,09:30,98.9,3769.199951171875,3774.89990234375,101.7,2.8311425682507663,CAUTION,PATH_DEPENDENCE
RADICO,2026-06-19,2026-06-22,10:00,98.9,3769.199951171875,3772.699951171875,100.62,1.7391304347825987,BASELINE,
RADICO,2026-06-19,2026-06-22,11:30,98.9,3769.199951171875,3797.0,112.58,13.83215369059656,CAUTION,LATE_SESSION
RADICO,2026-06-19,2026-06-22,15:25,98.9,3769.199951171875,3760.0,94.37,-4.580384226491407,LOW_CONFIDENCE,LATE_SESSION|PATH_DEPENDENCE
RADICO,2026-06-25,2026-06-29,09:15,159.65,3829.800048828125,3838.39990234375,163.88,2.6495458816160333,BASELINE,
RADICO,2026-06-25,2026-06-29,09:30,159.65,3829.800048828125,3829.39990234375,159.45,-0.12527403695584693,CAUTION,PATH_DEPENDENCE
RADICO,2026-06-25,2026-06-29,10:00,159.65,3829.800048828125,3817.10009765625,153.4,-3.9148136548700307,BASELINE,
RADICO,2026-06-25,2026-06-29,11:30,159.65,3829.800048828125,3810.0,149.91,-6.10084559974946,CAUTION,LATE_SESSION
RADICO,2026-06-25,2026-06-29,15:25,159.65,3829.800048828125,3876.89990234375,182.82,14.512997181334164,CAUTION,LATE_SESSION
RADICO,2026-07-28,2026-07-29,09:15,194.55,4289.7001953125,4300.0,199.62,2.606013878180402,BASELINE,
RADICO,2026-07-28,2026-07-29,09:30,194.55,4289.7001953125,4385.7001953125,241.78,24.276535594962724,BASELINE,
RADICO,2026-07-28,2026-07-29,10:00,194.55,4289.7001953125,4373.0,235.53,21.063993831919813,BASELINE,
RADICO,2026-07-28,2026-07-29,11:30,194.55,4289.7001953125,4378.60009765625,238.29,22.482652274479562,CAUTION,LATE_SESSION
RADICO,2026-07-28,2026-07-29,15:25,194.55,4289.7001953125,4371.0,234.55,20.560267283474687,CAUTION,LATE_SESSION
RBLBANK,2026-06-09,2026-06-10,09:15,12.65,361.0,361.25,12.77,0.9486166007905084,BASELINE,
RBLBANK,2026-06-09,2026-06-10,09:30,12.65,361.0,360.8999938964844,12.6,-0.39525691699605625,CAUTION,PATH_DEPENDENCE
RBLBANK,2026-06-09,2026-06-10,10:00,12.65,361.0,358.3500061035156,11.35,-10.276679841897241,BASELINE,
RBLBANK,2026-06-09,2026-06-10,11:30,12.65,361.0,362.0,13.14,3.8735177865612647,LOW_CONFIDENCE,LATE_SESSION|PATH_DEPENDENCE
RBLBANK,2026-06-09,2026-06-10,15:25,12.65,361.0,356.95001220703125,10.66,-15.731225296442686,CAUTION,LATE_SESSION
RBLBANK,2026-06-11,2026-06-12,09:15,11.1,359.1000061035156,364.5,13.76,23.963963963963963,BASELINE,
RBLBANK,2026-06-11,2026-06-12,09:30,11.1,359.1000061035156,354.70001220703125,8.94,-19.45945945945946,BASELINE,
RBLBANK,2026-06-11,2026-06-12,10:00,11.1,359.1000061035156,358.8999938964844,11.0,-0.9009009009009028,BASELINE,
RBLBANK,2026-06-11,2026-06-12,11:30,11.1,359.1000061035156,363.8999938964844,13.46,21.261261261261268,LOW_CONFIDENCE,LATE_SESSION|PATH_DEPENDENCE
RBLBANK,2026-06-11,2026-06-12,15:25,11.1,359.1000061035156,365.8500061035156,14.42,29.909909909909913,LOW_CONFIDENCE,LATE_SESSION|PATH_DEPENDENCE
RBLBANK,2026-06-12,2026-06-15,09:15,11.9,365.8500061035156,369.7000122070313,13.79,15.882352941176459,BASELINE,
RBLBANK,2026-06-12,2026-06-15,09:30,11.9,365.8500061035156,370.8999938964844,14.38,20.840336134453775,BASELINE,
RBLBANK,2026-06-12,2026-06-15,10:00,11.9,365.8500061035156,370.5499877929687,14.21,19.41176470588235,BASELINE,
RBLBANK,2026-06-12,2026-06-15,11:30,11.9,365.8500061035156,373.2000122070313,15.52,30.420168067226893,LOW_CONFIDENCE,LATE_SESSION|MONEYNESS_TRANSITION
RBLBANK,2026-06-12,2026-06-15,15:25,11.9,365.8500061035156,373.2999877929687,15.57,30.840336134453782,LOW_CONFIDENCE,LATE_SESSION|MONEYNESS_TRANSITION
RBLBANK,2026-06-15,2026-06-16,09:15,8.7,372.6499938964844,372.6000061035156,8.68,-0.22988505747125743,BASELINE,
RBLBANK,2026-06-15,2026-06-16,09:30,8.7,372.6499938964844,370.5,7.64,-12.18390804597701,BASELINE,
RBLBANK,2026-06-15,2026-06-16,10:00,8.7,372.6499938964844,369.7999877929687,7.3,-16.091954022988496,BASELINE,
RBLBANK,2026-06-15,2026-06-16,11:30,8.7,372.6499938964844,364.7000122070313,4.79,-44.94252873563218,LOW_CONFIDENCE,LATE_SESSION|MONEYNESS_TRANSITION
RBLBANK,2026-06-15,2026-06-16,15:25,8.7,372.6499938964844,369.7000122070313,7.25,-16.666666666666664,LOW_CONFIDENCE,LATE_SESSION|PATH_DEPENDENCE
RBLBANK,2026-06-24,2026-06-25,09:15,17.5,377.0499877929687,377.25,17.6,0.5714285714285783,BASELINE,
RBLBANK,2026-06-24,2026-06-25,09:30,17.5,377.0499877929687,378.8999938964844,18.41,5.200000000000005,BASELINE,
RBLBANK,2026-06-24,2026-06-25,10:00,17.5,377.0499877929687,378.8999938964844,18.41,5.200000000000005,BASELINE,
RBLBANK,2026-06-24,2026-06-25,11:30,17.5,377.0499877929687,373.6000061035156,15.8,-9.714285714285708,CAUTION,LATE_SESSION
RBLBANK,2026-06-24,2026-06-25,15:25,17.5,377.0499877929687,371.0499877929687,14.55,-16.857142857142847,CAUTION,LATE_SESSION
RBLBANK,2026-07-30,2026-07-31,09:15,10.2,378.0499877929687,380.1499938964844,11.23,10.098039215686283,BASELINE,
RBLBANK,2026-07-30,2026-07-31,09:30,10.2,378.0499877929687,378.75,10.54,3.3333333333333215,BASELINE,
RBLBANK,2026-07-30,2026-07-31,10:00,10.2,378.0499877929687,377.25,9.81,-3.8235294117646923,BASELINE,
RBLBANK,2026-07-30,2026-07-31,11:30,10.2,378.0499877929687,376.1000061035156,9.24,-9.41176470588234,CAUTION,LATE_SESSION
RBLBANK,2026-07-30,2026-07-31,15:25,10.2,378.0499877929687,375.5,8.95,-12.254901960784315,CAUTION,LATE_SESSION
RBLBANK,2026-09-04,2026-09-07,09:15,10.85,414.3500061035156,412.5,9.94,-8.387096774193548,BASELINE,
RBLBANK,2026-09-04,2026-09-07,09:30,10.85,414.3500061035156,411.1000061035156,9.25,-14.746543778801835,BASELINE,
RBLBANK,2026-09-04,2026-09-07,10:00,10.85,414.3500061035156,409.3500061035156,8.39,-22.672811059907826,BASELINE,
RBLBANK,2026-09-04,2026-09-07,11:30,10.85,414.3500061035156,411.6499938964844,9.52,-12.25806451612903,LOW_CONFIDENCE,LATE_SESSION|PATH_DEPENDENCE
RBLBANK,2026-09-04,2026-09-07,15:25,10.85,414.3500061035156,415.0,11.17,2.9493087557603603,LOW_CONFIDENCE,LATE_SESSION|PATH_DEPENDENCE
RECLTD,2026-06-16,2026-06-17,09:15,7.2,356.54998779296875,356.20001220703125,7.03,-2.361111111111114,BASELINE,
RECLTD,2026-06-16,2026-06-17,09:30,7.2,356.54998779296875,354.75,6.31,-12.361111111111123,BASELINE,
RECLTD,2026-06-16,2026-06-17,10:00,7.2,356.54998779296875,356.0,6.93,-3.750000000000009,CAUTION,PATH_DEPENDENCE
RECLTD,2026-06-16,2026-06-17,11:30,7.2,356.54998779296875,357.04998779296875,7.45,3.472222222222232,LOW_CONFIDENCE,LATE_SESSION|PATH_DEPENDENCE
RECLTD,2026-06-16,2026-06-17,15:25,7.2,356.54998779296875,358.75,8.28,14.999999999999991,CAUTION,LATE_SESSION
RECLTD,2026-06-18,2026-06-19,09:15,5.05,358.70001220703125,356.8500061035156,4.14,-18.019801980198025,BASELINE,
RECLTD,2026-06-18,2026-06-19,09:30,5.05,358.70001220703125,356.25,3.84,-23.96039603960396,CAUTION,PATH_DEPENDENCE
RECLTD,2026-06-18,2026-06-19,10:00,5.05,358.70001220703125,356.29998779296875,3.87,-23.366336633663366,CAUTION,PATH_DEPENDENCE
RECLTD,2026-06-18,2026-06-19,11:30,5.05,358.70001220703125,357.25,4.34,-14.059405940594061,LOW_CONFIDENCE,LATE_SESSION|PATH_DEPENDENCE
RECLTD,2026-06-18,2026-06-19,15:25,5.05,358.70001220703125,355.20001220703125,3.33,-34.059405940594054,LOW_CONFIDENCE,LATE_SESSION|PATH_DEPENDENCE
RECLTD,2026-06-22,2026-06-23,09:15,5.55,369.8500061035156,368.5,4.89,-11.891891891891893,BASELINE,
RECLTD,2026-06-22,2026-06-23,09:30,5.55,369.8500061035156,367.9500122070313,4.62,-16.75675675675675,BASELINE,
RECLTD,2026-06-22,2026-06-23,10:00,5.55,369.8500061035156,366.7000122070313,4.0,-27.92792792792792,BASELINE,
RECLTD,2026-06-22,2026-06-23,11:30,5.55,369.8500061035156,365.6499938964844,3.48,-37.29729729729729,CAUTION,LATE_SESSION
RECLTD,2026-06-22,2026-06-23,15:25,5.55,369.8500061035156,362.3500061035156,1.86,-66.48648648648648,LOW_CONFIDENCE,LATE_SESSION|MONEYNESS_TRANSITION
SAIL,2026-08-06,2026-08-07,09:15,5.56,176.74000549316406,176.5800018310547,5.48,-1.4388489208632893,BASELINE,
SAIL,2026-08-06,2026-08-07,09:30,5.56,176.74000549316406,176.13999938964844,5.26,-5.39568345323741,BASELINE,
SAIL,2026-08-06,2026-08-07,10:00,5.56,176.74000549316406,176.41000366210938,5.4,-2.877697841726601,CAUTION,PATH_DEPENDENCE
SAIL,2026-08-06,2026-08-07,11:30,5.56,176.74000549316406,176.2100067138672,5.3,-4.6762589928057485,LOW_CONFIDENCE,LATE_SESSION|PATH_DEPENDENCE
SAIL,2026-08-06,2026-08-07,15:25,5.56,176.74000549316406,176.5800018310547,5.48,-1.4388489208632893,LOW_CONFIDENCE,LATE_SESSION|PATH_DEPENDENCE
SAIL,2026-08-25,2026-08-26,09:15,8.44,184.58999633789065,184.8300018310547,8.56,1.4218009478673022,BASELINE,
SAIL,2026-08-25,2026-08-26,09:30,8.44,184.58999633789065,183.83999633789065,8.07,-4.383886255924163,BASELINE,
SAIL,2026-08-25,2026-08-26,10:00,8.44,184.58999633789065,183.5500030517578,7.93,-6.0426540284360115,BASELINE,
SAIL,2026-08-25,2026-08-26,11:30,8.44,184.58999633789065,185.0399932861328,8.66,2.6066350710900466,LOW_CONFIDENCE,LATE_SESSION|PATH_DEPENDENCE
SAIL,2026-08-25,2026-08-26,15:25,8.44,184.58999633789065,194.8999938964844,13.51,60.07109004739337,LOW_CONFIDENCE,LARGE_MOVE|LATE_SESSION|MONEYNESS_TRANSITION
SBICARD,2026-07-28,2026-07-29,09:15,24.4,654.9000244140625,656.4500122070312,25.16,3.1147540983606614,BASELINE,
SBICARD,2026-07-28,2026-07-29,09:30,24.4,654.9000244140625,653.5999755859375,23.76,-2.6229508196721207,BASELINE,
SBICARD,2026-07-28,2026-07-29,10:00,24.4,654.9000244140625,657.2000122070312,25.53,4.631147540983616,CAUTION,PATH_DEPENDENCE
SBICARD,2026-07-28,2026-07-29,11:30,24.4,654.9000244140625,658.5499877929688,26.2,7.377049180327866,LOW_CONFIDENCE,LATE_SESSION|PATH_DEPENDENCE
SBICARD,2026-07-28,2026-07-29,15:25,24.4,654.9000244140625,662.0,27.89,14.303278688524589,CAUTION,LATE_SESSION
SBILIFE,2026-07-10,2026-07-13,09:15,39.45,1862.9000244140625,1839.4000244140625,27.89,-29.302915082382764,BASELINE,
SBILIFE,2026-07-10,2026-07-13,09:30,39.45,1862.9000244140625,1834.800048828125,25.62,-35.05703422053232,BASELINE,
SBILIFE,2026-07-10,2026-07-13,10:00,39.45,1862.9000244140625,1849.0,32.61,-17.338403041825103,BASELINE,
SBILIFE,2026-07-10,2026-07-13,11:30,39.45,1862.9000244140625,1851.300048828125,33.74,-14.474017743979717,CAUTION,LATE_SESSION
SBILIFE,2026-07-10,2026-07-13,15:25,39.45,1862.9000244140625,1855.9000244140625,36.01,-8.719898605830178,CAUTION,LATE_SESSION
SBIN,2026-06-18,2026-06-19,09:15,17.1,1042.699951171875,1040.0,15.77,-7.777777777777784,BASELINE,
SBIN,2026-06-18,2026-06-19,09:30,17.1,1042.699951171875,1036.9000244140625,14.25,-16.666666666666675,BASELINE,
SBIN,2026-06-18,2026-06-19,10:00,17.1,1042.699951171875,1034.9000244140625,13.26,-22.456140350877195,BASELINE,
SBIN,2026-06-18,2026-06-19,11:30,17.1,1042.699951171875,1034.0,12.82,-25.02923976608188,CAUTION,LATE_SESSION
SBIN,2026-06-18,2026-06-19,15:25,17.1,1042.699951171875,1035.5999755859375,13.61,-20.40935672514621,LOW_CONFIDENCE,LATE_SESSION|PATH_DEPENDENCE
SBIN,2026-06-25,2026-06-29,09:15,27.25,1045.4000244140625,1042.5,25.82,-5.24770642201835,BASELINE,
SBIN,2026-06-25,2026-06-29,09:30,27.25,1045.4000244140625,1040.699951171875,24.94,-8.477064220183482,BASELINE,
SBIN,2026-06-25,2026-06-29,10:00,27.25,1045.4000244140625,1040.300048828125,24.74,-9.211009174311934,BASELINE,
SBIN,2026-06-25,2026-06-29,11:30,27.25,1045.4000244140625,1037.9000244140625,23.56,-13.541284403669728,CAUTION,LATE_SESSION
SBIN,2026-06-25,2026-06-29,15:25,27.25,1045.4000244140625,1038.949951171875,24.08,-11.633027522935791,LOW_CONFIDENCE,LATE_SESSION|PATH_DEPENDENCE
SBIN,2026-08-06,2026-08-07,09:15,33.85,1085.0,1080.0,31.39,-7.267355982274748,BASELINE,
SBIN,2026-08-06,2026-08-07,09:30,33.85,1085.0,1086.5999755859375,34.64,2.3338257016248143,BASELINE,
SBIN,2026-08-06,2026-08-07,10:00,33.85,1085.0,1089.199951171875,35.92,6.115214180206796,BASELINE,
SBIN,2026-08-06,2026-08-07,11:30,33.85,1085.0,1089.199951171875,35.92,6.115214180206796,CAUTION,LATE_SESSION
SBIN,2026-08-06,2026-08-07,15:25,33.85,1085.0,1097.199951171875,39.85,17.725258493353024,LOW_CONFIDENCE,LATE_SESSION|PATH_DEPENDENCE
SHRIRAMFIN,2026-06-15,2026-06-16,09:15,24.3,1000.6500244140624,998.8499755859376,23.41,-3.6625514403292203,BASELINE,
SHRIRAMFIN,2026-06-15,2026-06-16,09:30,24.3,1000.6500244140624,1003.0,25.46,4.773662551440339,BASELINE,
SHRIRAMFIN,2026-06-15,2026-06-16,10:00,24.3,1000.6500244140624,1000.5,24.23,-0.288065843621399,CAUTION,PATH_DEPENDENCE
SHRIRAMFIN,2026-06-15,2026-06-16,11:30,24.3,1000.6500244140624,993.5999755859376,20.83,-14.279835390946516,LOW_CONFIDENCE,LATE_SESSION|PATH_DEPENDENCE
SHRIRAMFIN,2026-06-15,2026-06-16,15:25,24.3,1000.6500244140624,1006.4000244140624,27.13,11.646090534979425,CAUTION,LATE_SESSION
SHRIRAMFIN,2026-06-17,2026-06-18,09:15,19.4,1007.5,1013.4000244140624,22.3,14.948453608247437,BASELINE,
SHRIRAMFIN,2026-06-17,2026-06-18,09:30,19.4,1007.5,1012.5999755859376,21.91,12.938144329896906,BASELINE,
SHRIRAMFIN,2026-06-17,2026-06-18,10:00,19.4,1007.5,1010.0999755859376,20.68,6.597938144329896,BASELINE,
SHRIRAMFIN,2026-06-17,2026-06-18,11:30,19.4,1007.5,1006.0,18.66,-3.814432989690719,CAUTION,LATE_SESSION
SHRIRAMFIN,2026-06-17,2026-06-18,15:25,19.4,1007.5,1005.0,18.17,-6.340206185566998,CAUTION,LATE_SESSION
SHRIRAMFIN,2026-06-24,2026-06-25,09:15,40.65,1019.0,1040.949951171875,51.45,26.568265682656843,CAUTION,MONEYNESS_TRANSITION
SHRIRAMFIN,2026-06-24,2026-06-25,09:30,40.65,1019.0,1041.449951171875,51.7,27.183271832718336,LOW_CONFIDENCE,MONEYNESS_TRANSITION|PATH_DEPENDENCE
SHRIRAMFIN,2026-06-24,2026-06-25,10:00,40.65,1019.0,1041.550048828125,51.74,27.281672816728175,LOW_CONFIDENCE,MONEYNESS_TRANSITION|PATH_DEPENDENCE
SHRIRAMFIN,2026-06-24,2026-06-25,11:30,40.65,1019.0,1037.9000244140625,49.95,22.878228782287824,LOW_CONFIDENCE,LATE_SESSION|PATH_DEPENDENCE
SHRIRAMFIN,2026-06-24,2026-06-25,15:25,40.65,1019.0,1030.800048828125,46.46,14.29274292742928,CAUTION,LATE_SESSION
SHRIRAMFIN,2026-06-25,2026-06-29,09:15,40.2,1031.800048828125,1048.8499755859375,48.59,20.870646766169166,BASELINE,
SHRIRAMFIN,2026-06-25,2026-06-29,09:30,40.2,1031.800048828125,1048.699951171875,48.51,20.67164179104477,CAUTION,PATH_DEPENDENCE
SHRIRAMFIN,2026-06-25,2026-06-29,10:00,40.2,1031.800048828125,1051.699951171875,49.99,24.353233830845777,CAUTION,MONEYNESS_TRANSITION
SHRIRAMFIN,2026-06-25,2026-06-29,11:30,40.2,1031.800048828125,1036.949951171875,42.73,6.29353233830845,CAUTION,LATE_SESSION
SHRIRAMFIN,2026-06-25,2026-06-29,15:25,40.2,1031.800048828125,1032.6500244140625,40.62,1.044776119402968,CAUTION,LATE_SESSION
SHRIRAMFIN,2026-08-05,2026-08-06,09:15,31.05,1122.4000244140625,1124.5,32.08,3.3172302737520143,BASELINE,
SHRIRAMFIN,2026-08-05,2026-08-06,09:30,31.05,1122.4000244140625,1127.300048828125,33.46,7.761674718196465,BASELINE,
SHRIRAMFIN,2026-08-05,2026-08-06,10:00,31.05,1122.4000244140625,1142.199951171875,40.79,31.36876006441223,BASELINE,
SHRIRAMFIN,2026-08-05,2026-08-06,11:30,31.05,1122.4000244140625,1150.5,44.88,44.54106280193238,LOW_CONFIDENCE,LATE_SESSION|MONEYNESS_TRANSITION
SHRIRAMFIN,2026-08-05,2026-08-06,15:25,31.05,1122.4000244140625,1141.0,40.2,29.468599033816425,CAUTION,LATE_SESSION
SIEMENS,2026-07-31,2026-08-03,09:15,131.55,3760.0,3774.0,138.44,5.237552261497513,BASELINE,
SIEMENS,2026-07-31,2026-08-03,09:30,131.55,3760.0,3803.60009765625,153.0,16.305587229190422,BASELINE,
SIEMENS,2026-07-31,2026-08-03,10:00,131.55,3760.0,3790.800048828125,146.7,11.516533637400217,BASELINE,
SIEMENS,2026-07-31,2026-08-03,11:30,131.55,3760.0,3879.699951171875,190.44,44.76624857468641,LOW_CONFIDENCE,LARGE_MOVE|LATE_SESSION|MONEYNESS_TRANSITION
SIEMENS,2026-07-31,2026-08-03,15:25,131.55,3760.0,3900.0,200.43,52.36031927023945,LOW_CONFIDENCE,LARGE_MOVE|LATE_SESSION|MONEYNESS_TRANSITION
SIEMENS,2026-08-03,2026-08-04,09:15,158.35,3900.0,3958.800048828125,187.28,18.269655825702568,BASELINE,
SIEMENS,2026-08-03,2026-08-04,09:30,158.35,3900.0,3957.300048828125,186.54,17.802336596147782,CAUTION,PATH_DEPENDENCE
SIEMENS,2026-08-03,2026-08-04,10:00,158.35,3900.0,4031.800048828125,223.2,40.95358383328072,LOW_CONFIDENCE,LARGE_MOVE|MONEYNESS_TRANSITION
SIEMENS,2026-08-03,2026-08-04,11:30,158.35,3900.0,4053.89990234375,234.07,47.81812440795705,LOW_CONFIDENCE,LARGE_MOVE|LATE_SESSION|MONEYNESS_TRANSITION
SIEMENS,2026-08-03,2026-08-04,15:25,158.35,3900.0,4000.5,207.8,31.22829175876225,LOW_CONFIDENCE,LATE_SESSION|MONEYNESS_TRANSITION|PATH_DEPENDENCE
SOLARINDS,2026-07-20,2026-07-21,09:15,463.55,19028.0,18999.0,449.28,-3.0784165677920527,BASELINE,
SOLARINDS,2026-07-20,2026-07-21,09:30,463.55,19028.0,19032.0,465.52,0.4249811239348533,CAUTION,PATH_DEPENDENCE
SOLARINDS,2026-07-20,2026-07-21,10:00,463.55,19028.0,18983.0,441.41,-4.7761837989429345,CAUTION,PATH_DEPENDENCE
SOLARINDS,2026-07-20,2026-07-21,11:30,463.55,19028.0,18940.0,420.25,-9.340955668212715,LOW_CONFIDENCE,LATE_SESSION|PATH_DEPENDENCE
SOLARINDS,2026-07-20,2026-07-21,15:25,463.55,19028.0,19045.0,471.91,1.8034731959874817,LOW_CONFIDENCE,LATE_SESSION|PATH_DEPENDENCE
SOLARINDS,2026-08-13,2026-08-14,09:15,643.55,20324.0,19621.0,297.67,-53.74562971020123,LOW_CONFIDENCE,LARGE_MOVE|MONEYNESS_TRANSITION
SOLARINDS,2026-08-13,2026-08-14,09:30,643.55,20324.0,19541.0,258.31,-59.86170460725661,LOW_CONFIDENCE,LARGE_MOVE|MONEYNESS_TRANSITION
SOLARINDS,2026-08-13,2026-08-14,10:00,643.55,20324.0,19855.0,412.8,-35.85579986015072,BASELINE,
SOLARINDS,2026-08-13,2026-08-14,11:30,643.55,20324.0,20136.0,551.05,-14.37339756040712,CAUTION,LATE_SESSION
SOLARINDS,2026-08-13,2026-08-14,15:25,643.55,20324.0,19969.0,468.89,-27.140082355683315,CAUTION,LATE_SESSION
SOLARINDS,2026-08-27,2026-08-28,09:15,736.85,20580.0,20423.0,659.61,-10.482459116509467,BASELINE,
SOLARINDS,2026-08-27,2026-08-28,09:30,736.85,20580.0,20650.0,771.29,4.673949921965104,BASELINE,
SOLARINDS,2026-08-27,2026-08-28,10:00,736.85,20580.0,20423.0,659.61,-10.482459116509467,CAUTION,PATH_DEPENDENCE
SOLARINDS,2026-08-27,2026-08-28,11:30,736.85,20580.0,20440.0,667.97,-9.347899843930241,LOW_CONFIDENCE,LATE_SESSION|PATH_DEPENDENCE
SOLARINDS,2026-08-27,2026-08-28,15:25,736.85,20580.0,20400.0,648.29,-12.018728370767462,LOW_CONFIDENCE,LATE_SESSION|PATH_DEPENDENCE
SONACOMS,2026-06-22,2026-06-23,09:15,11.0,621.0,620.7999877929688,10.9,-0.9090909090909038,BASELINE,
SONACOMS,2026-06-22,2026-06-23,09:30,11.0,621.0,622.9000244140625,11.93,8.454545454545448,BASELINE,
SONACOMS,2026-06-22,2026-06-23,10:00,11.0,621.0,621.8499755859375,11.42,3.8181818181818095,CAUTION,PATH_DEPENDENCE
SONACOMS,2026-06-22,2026-06-23,11:30,11.0,621.0,620.0,10.51,-4.454545454545455,LOW_CONFIDENCE,LATE_SESSION|PATH_DEPENDENCE
SONACOMS,2026-06-22,2026-06-23,15:25,11.0,621.0,615.9500122070312,8.52,-22.545454545454547,CAUTION,LATE_SESSION
SONACOMS,2026-06-25,2026-06-29,09:15,25.75,619.25,618.0,25.14,-2.3689320388349477,BASELINE,
SONACOMS,2026-06-25,2026-06-29,09:30,25.75,619.25,619.1500244140625,25.7,-0.1941747572815511,CAUTION,PATH_DEPENDENCE
SONACOMS,2026-06-25,2026-06-29,10:00,25.75,619.25,615.4000244140625,23.86,-7.339805825242718,CAUTION,PATH_DEPENDENCE
SONACOMS,2026-06-25,2026-06-29,11:30,25.75,619.25,616.4000244140625,24.35,-5.436893203883486,LOW_CONFIDENCE,LATE_SESSION|PATH_DEPENDENCE
SONACOMS,2026-06-25,2026-06-29,15:25,25.75,619.25,619.0999755859375,25.68,-0.27184466019417597,LOW_CONFIDENCE,LATE_SESSION|PATH_DEPENDENCE
SONACOMS,2026-06-29,2026-06-30,09:15,22.05,620.75,610.4500122070312,16.98,-22.99319727891157,BASELINE,
SONACOMS,2026-06-29,2026-06-30,09:30,22.05,620.75,610.6500244140625,17.08,-22.53968253968255,CAUTION,PATH_DEPENDENCE
SONACOMS,2026-06-29,2026-06-30,10:00,22.05,620.75,612.9500122070312,18.21,-17.41496598639456,BASELINE,
SONACOMS,2026-06-29,2026-06-30,11:30,22.05,620.75,616.7999877929688,20.11,-8.79818594104309,CAUTION,LATE_SESSION
SONACOMS,2026-06-29,2026-06-30,15:25,22.05,620.75,621.0,22.17,0.5442176870748439,CAUTION,LATE_SESSION
SONACOMS,2026-07-02,2026-07-03,09:15,25.6,662.2999877929688,665.0,26.93,5.195312499999982,BASELINE,
SONACOMS,2026-07-02,2026-07-03,09:30,25.6,662.2999877929688,660.0,24.47,-4.414062500000004,BASELINE,
SONACOMS,2026-07-02,2026-07-03,10:00,25.6,662.2999877929688,660.9000244140625,24.91,-2.695312500000002,BASELINE,
SONACOMS,2026-07-02,2026-07-03,11:30,25.6,662.2999877929688,663.0,25.94,1.3281249999999911,LOW_CONFIDENCE,LATE_SESSION|PATH_DEPENDENCE
SONACOMS,2026-07-02,2026-07-03,15:25,25.6,662.2999877929688,659.6500244140625,24.3,-5.078125,CAUTION,LATE_SESSION
SRF,2026-07-16,2026-07-17,09:15,76.95,2889.300048828125,2901.39990234375,82.9,7.732293697205983,BASELINE,
SRF,2026-07-16,2026-07-17,09:30,76.95,2889.300048828125,2889.699951171875,77.15,0.2599090318388564,BASELINE,
SRF,2026-07-16,2026-07-17,10:00,76.95,2889.300048828125,2873.60009765625,69.23,-10.032488628979852,BASELINE,
SRF,2026-07-16,2026-07-17,11:30,76.95,2889.300048828125,2862.199951171875,63.62,-17.32293697205979,CAUTION,LATE_SESSION
SRF,2026-07-16,2026-07-17,15:25,76.95,2889.300048828125,2860.0,62.53,-18.739441195581552,CAUTION,LATE_SESSION
SUNPHARMA,2026-07-03,2026-07-06,09:15,37.3,1904.800048828125,1906.199951171875,37.99,1.8498659517426352,BASELINE,
SUNPHARMA,2026-07-03,2026-07-06,09:30,37.3,1904.800048828125,1906.800048828125,38.28,2.6273458445040365,CAUTION,PATH_DEPENDENCE
SUNPHARMA,2026-07-03,2026-07-06,10:00,37.3,1904.800048828125,1912.199951171875,40.94,9.758713136729224,BASELINE,
SUNPHARMA,2026-07-03,2026-07-06,11:30,37.3,1904.800048828125,1903.0,36.41,-2.386058981233241,LOW_CONFIDENCE,LATE_SESSION|PATH_DEPENDENCE
SUNPHARMA,2026-07-03,2026-07-06,15:25,37.3,1904.800048828125,1912.800048828125,41.24,10.563002680965173,CAUTION,LATE_SESSION
SUNPHARMA,2026-07-09,2026-07-10,09:15,28.9,1938.699951171875,1931.0999755859375,25.16,-12.941176470588234,BASELINE,
SUNPHARMA,2026-07-09,2026-07-10,09:30,28.9,1938.699951171875,1935.5999755859375,27.37,-5.294117647058815,BASELINE,
SUNPHARMA,2026-07-09,2026-07-10,10:00,28.9,1938.699951171875,1940.0999755859375,29.59,2.387543252595159,BASELINE,
SUNPHARMA,2026-07-09,2026-07-10,11:30,28.9,1938.699951171875,1942.9000244140625,30.97,7.162629757785477,CAUTION,LATE_SESSION
SUNPHARMA,2026-07-09,2026-07-10,15:25,28.9,1938.699951171875,1935.5,27.33,-5.432525951557099,LOW_CONFIDENCE,LATE_SESSION|PATH_DEPENDENCE
SUNPHARMA,2026-07-27,2026-07-28,09:15,51.85,1973.699951171875,1972.5,51.26,-1.137897782063657,BASELINE,
SUNPHARMA,2026-07-27,2026-07-28,09:30,51.85,1973.699951171875,1980.9000244140625,55.39,6.827386692381876,BASELINE,
SUNPHARMA,2026-07-27,2026-07-28,10:00,51.85,1973.699951171875,1984.4000244140625,57.11,10.144648023143677,BASELINE,
SUNPHARMA,2026-07-27,2026-07-28,11:30,51.85,1973.699951171875,1979.699951171875,54.8,5.689488910318219,LOW_CONFIDENCE,LATE_SESSION|PATH_DEPENDENCE
SUNPHARMA,2026-07-27,2026-07-28,15:25,51.85,1973.699951171875,1976.699951171875,53.33,2.8543876567020288,LOW_CONFIDENCE,LATE_SESSION|PATH_DEPENDENCE
SUNPHARMA,2026-07-28,2026-07-29,09:15,52.35,1976.699951171875,1981.5,54.71,4.508118433619868,BASELINE,
SUNPHARMA,2026-07-28,2026-07-29,09:30,52.35,1976.699951171875,1984.5999755859375,56.24,7.430754536771733,BASELINE,
SUNPHARMA,2026-07-28,2026-07-29,10:00,52.35,1976.699951171875,1966.0,47.09,-10.04775549188156,BASELINE,
SUNPHARMA,2026-07-28,2026-07-29,11:30,52.35,1976.699951171875,1971.4000244140625,49.74,-4.985673352435526,CAUTION,LATE_SESSION
SUNPHARMA,2026-07-28,2026-07-29,15:25,52.35,1976.699951171875,1989.9000244140625,58.84,12.397325692454642,LOW_CONFIDENCE,LATE_SESSION|PATH_DEPENDENCE
SUNPHARMA,2026-07-30,2026-07-31,09:15,47.1,2001.0999755859375,2014.9000244140625,53.89,14.416135881104042,BASELINE,
SUNPHARMA,2026-07-30,2026-07-31,09:30,47.1,2001.0999755859375,2012.800048828125,52.86,12.229299363057322,BASELINE,
SUNPHARMA,2026-07-30,2026-07-31,10:00,47.1,2001.0999755859375,2014.4000244140625,53.64,13.885350318471335,CAUTION,PATH_DEPENDENCE
SUNPHARMA,2026-07-30,2026-07-31,11:30,47.1,2001.0999755859375,2014.0,53.45,13.481953290870496,LOW_CONFIDENCE,LATE_SESSION|PATH_DEPENDENCE
SUNPHARMA,2026-07-30,2026-07-31,15:25,47.1,2001.0999755859375,1987.0,40.16,-14.73460721868366,CAUTION,LATE_SESSION
SUZLON,2026-06-16,2026-06-17,09:15,1.81,57.91999816894531,57.7400016784668,1.72,-4.972375690607745,BASELINE,
SUZLON,2026-06-16,2026-06-17,09:30,1.81,57.91999816894531,57.470001220703125,1.59,-12.154696132596687,BASELINE,
SUZLON,2026-06-16,2026-06-17,10:00,1.81,57.91999816894531,57.650001525878906,1.68,-7.182320441988955,CAUTION,PATH_DEPENDENCE
SUZLON,2026-06-16,2026-06-17,11:30,1.81,57.91999816894531,58.02000045776367,1.86,2.7624309392265234,LOW_CONFIDENCE,LATE_SESSION|PATH_DEPENDENCE
SUZLON,2026-06-16,2026-06-17,15:25,1.81,57.91999816894531,59.220001220703125,2.45,35.35911602209944,LOW_CONFIDENCE,LATE_SESSION|MONEYNESS_TRANSITION
SWIGGY,2026-07-09,2026-07-10,09:15,12.0,280.95001220703125,281.5899963378906,12.31,2.5833333333333375,BASELINE,
SWIGGY,2026-07-09,2026-07-10,09:30,12.0,280.95001220703125,280.4200134277344,11.74,-2.166666666666661,BASELINE,
SWIGGY,2026-07-09,2026-07-10,10:00,12.0,280.95001220703125,282.489990234375,12.76,6.333333333333324,BASELINE,
SWIGGY,2026-07-09,2026-07-10,11:30,12.0,280.95001220703125,273.20001220703125,8.19,-31.75,LOW_CONFIDENCE,LATE_SESSION|MONEYNESS_TRANSITION
SWIGGY,2026-07-09,2026-07-10,15:25,12.0,280.95001220703125,272.989990234375,8.08,-32.666666666666664,LOW_CONFIDENCE,LATE_SESSION|MONEYNESS_TRANSITION
SWIGGY,2026-07-29,2026-07-30,09:15,15.1,287.3399963378906,285.6700134277344,14.28,-5.430463576158939,BASELINE,
SWIGGY,2026-07-29,2026-07-30,09:30,15.1,287.3399963378906,289.25,16.04,6.2251655629139035,BASELINE,
SWIGGY,2026-07-29,2026-07-30,10:00,15.1,287.3399963378906,289.4599914550781,16.14,6.887417218543046,BASELINE,
SWIGGY,2026-07-29,2026-07-30,11:30,15.1,287.3399963378906,288.9599914550781,15.9,5.298013245033117,CAUTION,LATE_SESSION
SWIGGY,2026-07-29,2026-07-30,15:25,15.1,287.3399963378906,293.8999938964844,18.33,21.390728476821174,LOW_CONFIDENCE,LATE_SESSION|MONEYNESS_TRANSITION
SWIGGY,2026-08-25,2026-08-26,09:15,13.65,287.3999938964844,289.79998779296875,14.83,8.644688644688635,BASELINE,
SWIGGY,2026-08-25,2026-08-26,09:30,13.65,287.3999938964844,290.8500061035156,15.35,12.454212454212454,CAUTION,MONEYNESS_TRANSITION
SWIGGY,2026-08-25,2026-08-26,10:00,13.65,287.3999938964844,290.70001220703125,15.27,11.86813186813187,LOW_CONFIDENCE,MONEYNESS_TRANSITION|PATH_DEPENDENCE
SWIGGY,2026-08-25,2026-08-26,11:30,13.65,287.3999938964844,289.79998779296875,14.83,8.644688644688635,LOW_CONFIDENCE,LATE_SESSION|PATH_DEPENDENCE
SWIGGY,2026-08-25,2026-08-26,15:25,13.65,287.3999938964844,286.54998779296875,13.23,-3.076923076923077,CAUTION,LATE_SESSION
TCS,2026-07-27,2026-07-28,09:15,69.6,2295.60009765625,2366.0,104.24,49.77011494252874,LOW_CONFIDENCE,LARGE_MOVE|MONEYNESS_TRANSITION
TCS,2026-07-27,2026-07-28,09:30,69.6,2295.60009765625,2362.0,102.27,46.93965517241381,CAUTION,MONEYNESS_TRANSITION
TCS,2026-07-27,2026-07-28,10:00,69.6,2295.60009765625,2393.89990234375,117.96,69.48275862068967,LOW_CONFIDENCE,LARGE_MOVE|MONEYNESS_TRANSITION
TCS,2026-07-27,2026-07-28,11:30,69.6,2295.60009765625,2403.699951171875,122.79,76.42241379310346,LOW_CONFIDENCE,LARGE_MOVE|LATE_SESSION|MONEYNESS_TRANSITION
TCS,2026-07-27,2026-07-28,15:25,69.6,2295.60009765625,2398.0,119.98,72.38505747126437,LOW_CONFIDENCE,LARGE_MOVE|LATE_SESSION|MONEYNESS_TRANSITION
TCS,2026-07-28,2026-07-29,09:15,73.15,2398.0,2438.89990234375,93.27,27.505126452494856,BASELINE,
TCS,2026-07-28,2026-07-29,09:30,73.15,2398.0,2450.0,98.73,34.96924128503076,LOW_CONFIDENCE,MONEYNESS_TRANSITION|PATH_DEPENDENCE
TCS,2026-07-28,2026-07-29,10:00,73.15,2398.0,2456.60009765625,101.98,39.41216678058783,CAUTION,MONEYNESS_TRANSITION
TCS,2026-07-28,2026-07-29,11:30,73.15,2398.0,2449.0,98.24,34.299384825700606,LOW_CONFIDENCE,LATE_SESSION|MONEYNESS_TRANSITION|PATH_DEPENDENCE
TCS,2026-07-28,2026-07-29,15:25,73.15,2398.0,2440.0,93.81,28.24333561175665,LOW_CONFIDENCE,LATE_SESSION|PATH_DEPENDENCE
TECHM,2026-07-13,2026-07-14,09:15,40.4,1504.5,1512.4000244140625,44.29,9.628712871287126,BASELINE,
TECHM,2026-07-13,2026-07-14,09:30,40.4,1504.5,1508.0999755859375,42.17,4.381188118811896,BASELINE,
TECHM,2026-07-13,2026-07-14,10:00,40.4,1504.5,1504.5999755859375,40.45,0.12376237623763497,BASELINE,
TECHM,2026-07-13,2026-07-14,11:30,40.4,1504.5,1506.0,41.14,1.8316831683168333,CAUTION,LATE_SESSION
TECHM,2026-07-13,2026-07-14,15:25,40.4,1504.5,1484.0,30.31,-24.975247524752476,CAUTION,LATE_SESSION
TECHM,2026-07-17,2026-07-20,09:15,28.25,1572.9000244140625,1601.5,42.32,49.80530973451327,BASELINE,
TECHM,2026-07-17,2026-07-20,09:30,28.25,1572.9000244140625,1589.4000244140625,36.37,28.743362831858388,BASELINE,
TECHM,2026-07-17,2026-07-20,10:00,28.25,1572.9000244140625,1585.9000244140625,34.65,22.654867256637168,BASELINE,
TECHM,2026-07-17,2026-07-20,11:30,28.25,1572.9000244140625,1584.0,33.71,19.32743362831859,CAUTION,LATE_SESSION
TECHM,2026-07-17,2026-07-20,15:25,28.25,1572.9000244140625,1575.4000244140625,29.48,4.353982300884951,CAUTION,LATE_SESSION
TECHM,2026-07-20,2026-07-21,09:15,26.4,1576.4000244140625,1590.300048828125,33.24,25.909090909090928,BASELINE,
TECHM,2026-07-20,2026-07-21,09:30,26.4,1576.4000244140625,1612.199951171875,44.01,66.70454545454545,CAUTION,MONEYNESS_TRANSITION
TECHM,2026-07-20,2026-07-21,10:00,26.4,1576.4000244140625,1601.5999755859375,38.8,46.96969696969697,BASELINE,
TECHM,2026-07-20,2026-07-21,11:30,26.4,1576.4000244140625,1588.800048828125,32.5,23.10606060606062,LOW_CONFIDENCE,LATE_SESSION|PATH_DEPENDENCE
TECHM,2026-07-20,2026-07-21,15:25,26.4,1576.4000244140625,1577.4000244140625,26.89,1.8560606060606055,LOW_CONFIDENCE,LATE_SESSION|PATH_DEPENDENCE
TECHM,2026-07-28,2026-07-29,09:15,44.6,1635.199951171875,1658.0,55.82,25.15695067264574,BASELINE,
TECHM,2026-07-28,2026-07-29,09:30,44.6,1635.199951171875,1657.9000244140625,55.77,25.044843049327348,CAUTION,PATH_DEPENDENCE
TECHM,2026-07-28,2026-07-29,10:00,44.6,1635.199951171875,1658.5,56.06,25.695067264574,CAUTION,PATH_DEPENDENCE
TECHM,2026-07-28,2026-07-29,11:30,44.6,1635.199951171875,1650.5,52.13,16.883408071748885,CAUTION,LATE_SESSION
TECHM,2026-07-28,2026-07-29,15:25,44.6,1635.199951171875,1644.4000244140625,49.13,10.156950672645749,CAUTION,LATE_SESSION
TIINDIA,2026-06-15,2026-06-16,09:15,96.35,3226.10009765625,3284.0,124.84,29.569278671510133,BASELINE,
TIINDIA,2026-06-15,2026-06-16,09:30,96.35,3226.10009765625,3288.0,126.8,31.60352880124546,LOW_CONFIDENCE,MONEYNESS_TRANSITION|PATH_DEPENDENCE
TIINDIA,2026-06-15,2026-06-16,10:00,96.35,3226.10009765625,3291.10009765625,128.33,33.19148936170215,LOW_CONFIDENCE,MONEYNESS_TRANSITION|PATH_DEPENDENCE
TIINDIA,2026-06-15,2026-06-16,11:30,96.35,3226.10009765625,3295.0,130.25,35.18422418266736,LOW_CONFIDENCE,LATE_SESSION|MONEYNESS_TRANSITION|PATH_DEPENDENCE
TIINDIA,2026-06-15,2026-06-16,15:25,96.35,3226.10009765625,3255.0,110.57,14.758692267773732,CAUTION,LATE_SESSION
TIINDIA,2026-06-16,2026-06-17,09:15,84.9,3264.199951171875,3245.0,75.45,-11.130742049469966,BASELINE,
TIINDIA,2026-06-16,2026-06-17,09:30,84.9,3264.199951171875,3272.0,88.74,4.522968197879851,BASELINE,
TIINDIA,2026-06-16,2026-06-17,10:00,84.9,3264.199951171875,3262.199951171875,83.92,-1.154299175500595,BASELINE,
TIINDIA,2026-06-16,2026-06-17,11:30,84.9,3264.199951171875,3259.0,82.34,-3.0153121319199117,LOW_CONFIDENCE,LATE_SESSION|PATH_DEPENDENCE
TIINDIA,2026-06-16,2026-06-17,15:25,84.9,3264.199951171875,3269.0,87.26,2.7797408716136562,CAUTION,LATE_SESSION
TIINDIA,2026-06-22,2026-06-23,09:15,62.15,3307.89990234375,3286.699951171875,51.72,-16.78197908286404,BASELINE,
TIINDIA,2026-06-22,2026-06-23,09:30,62.15,3307.89990234375,3277.10009765625,47.0,-24.3765084473049,CAUTION,PATH_DEPENDENCE
TIINDIA,2026-06-22,2026-06-23,10:00,62.15,3307.89990234375,3261.5,39.32,-36.733708769107,BASELINE,
TIINDIA,2026-06-22,2026-06-23,11:30,62.15,3307.89990234375,3265.39990234375,41.24,-33.64440868865647,CAUTION,LATE_SESSION
TIINDIA,2026-06-22,2026-06-23,15:25,62.15,3307.89990234375,3257.60009765625,37.4,-39.82300884955753,CAUTION,LATE_SESSION
TITAN,2026-06-17,2026-06-18,09:15,56.05,4380.5,4396.5,63.92,14.041034790365758,BASELINE,
TITAN,2026-06-17,2026-06-18,09:30,56.05,4380.5,4382.60009765625,57.08,1.8376449598572764,BASELINE,
TITAN,2026-06-17,2026-06-18,10:00,56.05,4380.5,4380.0,55.8,-0.4460303300624413,BASELINE,
TITAN,2026-06-17,2026-06-18,11:30,56.05,4380.5,4355.39990234375,43.7,-22.033898305084733,CAUTION,LATE_SESSION
TITAN,2026-06-17,2026-06-18,15:25,56.05,4380.5,4387.89990234375,59.69,6.494201605709193,LOW_CONFIDENCE,LATE_SESSION|PATH_DEPENDENCE
TITAN,2026-07-01,2026-07-02,09:15,119.8,4398.60009765625,4439.39990234375,139.87,16.75292153589316,BASELINE,
TITAN,2026-07-01,2026-07-02,09:30,119.8,4398.60009765625,4437.89990234375,139.14,16.14357262103505,CAUTION,PATH_DEPENDENCE
TITAN,2026-07-01,2026-07-02,10:00,119.8,4398.60009765625,4426.2001953125,133.38,11.335559265442408,BASELINE,
TITAN,2026-07-01,2026-07-02,11:30,119.8,4398.60009765625,4388.60009765625,114.88,-4.106844741235394,CAUTION,LATE_SESSION
TITAN,2026-07-01,2026-07-02,15:25,119.8,4398.60009765625,4479.0,159.36,33.02170283806345,CAUTION,LATE_SESSION
TITAN,2026-07-07,2026-07-08,09:15,92.4,4604.2001953125,4591.5,86.15,-6.764069264069262,BASELINE,
TITAN,2026-07-07,2026-07-08,09:30,92.4,4604.2001953125,4580.89990234375,80.94,-12.402597402597415,BASELINE,
TITAN,2026-07-07,2026-07-08,10:00,92.4,4604.2001953125,4585.0,82.95,-10.22727272727273,BASELINE,
TITAN,2026-07-07,2026-07-08,11:30,92.4,4604.2001953125,4592.60009765625,86.69,-6.1796536796536845,LOW_CONFIDENCE,LATE_SESSION|PATH_DEPENDENCE
TITAN,2026-07-07,2026-07-08,15:25,92.4,4604.2001953125,4588.0,84.43,-8.625541125541126,LOW_CONFIDENCE,LATE_SESSION|PATH_DEPENDENCE
TITAN,2026-08-10,2026-08-11,09:15,89.65,5090.0,5148.2001953125,118.28,31.93530395984383,BASELINE,
TITAN,2026-08-10,2026-08-11,09:30,89.65,5090.0,5149.89990234375,119.12,32.872281093139975,CAUTION,PATH_DEPENDENCE
TITAN,2026-08-10,2026-08-11,10:00,89.65,5090.0,5143.2001953125,115.82,29.19129949804795,CAUTION,PATH_DEPENDENCE
TITAN,2026-08-10,2026-08-11,11:30,89.65,5090.0,5134.7998046875,111.69,24.584495259341878,CAUTION,LATE_SESSION
TITAN,2026-08-10,2026-08-11,15:25,89.65,5090.0,5128.0,108.35,20.858895705521462,CAUTION,LATE_SESSION
TORNTPHARM,2026-06-11,2026-06-12,09:15,114.15,4572.2001953125,4608.7998046875,132.16,15.777485764345144,BASELINE,
TORNTPHARM,2026-06-11,2026-06-12,09:30,114.15,4572.2001953125,4630.0,142.59,24.914586070959267,BASELINE,
TORNTPHARM,2026-06-11,2026-06-12,10:00,114.15,4572.2001953125,4620.0,137.67,20.604467805519032,CAUTION,PATH_DEPENDENCE
TORNTPHARM,2026-06-11,2026-06-12,11:30,114.15,4572.2001953125,4647.89990234375,151.39,32.62374069207181,LOW_CONFIDENCE,LATE_SESSION|MONEYNESS_TRANSITION
TORNTPHARM,2026-06-11,2026-06-12,15:25,114.15,4572.2001953125,4571.2001953125,113.66,-0.4292597459483183,LOW_CONFIDENCE,LATE_SESSION|PATH_DEPENDENCE
TORNTPHARM,2026-06-29,2026-06-30,09:15,148.8,4657.60009765625,4607.2998046875,124.05,-16.633064516129036,BASELINE,
TORNTPHARM,2026-06-29,2026-06-30,09:30,148.8,4657.60009765625,4635.5,137.93,-7.305107526881727,BASELINE,
TORNTPHARM,2026-06-29,2026-06-30,10:00,148.8,4657.60009765625,4635.7001953125,138.03,-7.237903225806452,BASELINE,
TORNTPHARM,2026-06-29,2026-06-30,11:30,148.8,4657.60009765625,4660.0,149.98,0.7930107526881613,CAUTION,LATE_SESSION
TORNTPHARM,2026-06-29,2026-06-30,15:25,148.8,4657.60009765625,4620.10009765625,130.35,-12.39919354838711,LOW_CONFIDENCE,LATE_SESSION|PATH_DEPENDENCE
TORNTPHARM,2026-07-03,2026-07-06,09:15,136.5,4768.2998046875,4778.89990234375,141.72,3.824175824175824,BASELINE,
TORNTPHARM,2026-07-03,2026-07-06,09:30,136.5,4768.2998046875,4788.60009765625,146.49,7.318681318681319,CAUTION,PATH_DEPENDENCE
TORNTPHARM,2026-07-03,2026-07-06,10:00,136.5,4768.2998046875,4757.2998046875,131.09,-3.963369963369956,CAUTION,PATH_DEPENDENCE
TORNTPHARM,2026-07-03,2026-07-06,11:30,136.5,4768.2998046875,4778.60009765625,141.57,3.7142857142857144,LOW_CONFIDENCE,LATE_SESSION|PATH_DEPENDENCE
TORNTPHARM,2026-07-03,2026-07-06,15:25,136.5,4768.2998046875,4820.10009765625,161.99,18.67399267399268,CAUTION,LATE_SESSION
TORNTPHARM,2026-07-31,2026-08-03,09:15,156.85,5122.7998046875,5114.5,152.77,-2.60121134842205,BASELINE,
TORNTPHARM,2026-07-31,2026-08-03,09:30,156.85,5122.7998046875,5120.5,155.72,-0.7204335352247293,CAUTION,PATH_DEPENDENCE
TORNTPHARM,2026-07-31,2026-08-03,10:00,156.85,5122.7998046875,5056.5,124.23,-20.796939751354792,BASELINE,
TORNTPHARM,2026-07-31,2026-08-03,11:30,156.85,5122.7998046875,5080.0,135.79,-13.426840930825634,CAUTION,LATE_SESSION
TORNTPHARM,2026-07-31,2026-08-03,15:25,156.85,5122.7998046875,5050.0,121.03,-22.837105514823076,CAUTION,LATE_SESSION
TRENT,2026-06-15,2026-06-16,09:15,72.5,2901.10009765625,2915.39990234375,79.54,9.710344827586216,BASELINE,
TRENT,2026-06-15,2026-06-16,09:30,72.5,2901.10009765625,2899.39990234375,71.66,-1.1586206896551765,BASELINE,
TRENT,2026-06-15,2026-06-16,10:00,72.5,2901.10009765625,2878.0,61.13,-15.682758620689652,BASELINE,
TRENT,2026-06-15,2026-06-16,11:30,72.5,2901.10009765625,2888.89990234375,66.5,-8.275862068965523,CAUTION,LATE_SESSION
TRENT,2026-06-15,2026-06-16,15:25,72.5,2901.10009765625,2897.60009765625,70.78,-2.372413793103445,LOW_CONFIDENCE,LATE_SESSION|PATH_DEPENDENCE
TRENT,2026-06-17,2026-06-18,09:15,75.35,3102.800048828125,3132.10009765625,89.77,19.13735899137359,BASELINE,
TRENT,2026-06-17,2026-06-18,09:30,75.35,3102.800048828125,3141.5,94.39,25.26874585268748,CAUTION,PATH_DEPENDENCE
TRENT,2026-06-17,2026-06-18,10:00,75.35,3102.800048828125,3166.5,106.69,41.59256801592568,CAUTION,MONEYNESS_TRANSITION
TRENT,2026-06-17,2026-06-18,11:30,75.35,3102.800048828125,3183.800048828125,115.2,52.8865295288653,LOW_CONFIDENCE,LATE_SESSION|MONEYNESS_TRANSITION
TRENT,2026-06-17,2026-06-18,15:25,75.35,3102.800048828125,3180.60009765625,113.63,50.802919708029194,LOW_CONFIDENCE,LATE_SESSION|MONEYNESS_TRANSITION
TRENT,2026-08-04,2026-08-05,09:15,94.9,3107.699951171875,3105.60009765625,93.87,-1.0853530031612268,BASELINE,
TRENT,2026-08-04,2026-08-05,09:30,94.9,3107.699951171875,3130.800048828125,106.27,11.981032665964154,BASELINE,
TRENT,2026-08-04,2026-08-05,10:00,94.9,3107.699951171875,3128.0,104.89,10.526870389884092,BASELINE,
TRENT,2026-08-04,2026-08-05,11:30,94.9,3107.699951171875,3119.60009765625,100.75,6.164383561643838,CAUTION,LATE_SESSION
TRENT,2026-08-04,2026-08-05,15:25,94.9,3107.699951171875,3129.0,105.38,11.043203371970488,CAUTION,LATE_SESSION
TRENT,2026-08-05,2026-08-06,09:15,84.25,3129.0,3099.0,69.49,-17.519287833827903,BASELINE,
TRENT,2026-08-05,2026-08-06,09:30,84.25,3129.0,3060.89990234375,50.74,-39.774480712166174,CAUTION,MONEYNESS_TRANSITION
TRENT,2026-08-05,2026-08-06,10:00,84.25,3129.0,3061.60009765625,51.09,-39.35905044510385,CAUTION,MONEYNESS_TRANSITION
TRENT,2026-08-05,2026-08-06,11:30,84.25,3129.0,3067.60009765625,54.04,-35.85756676557864,LOW_CONFIDENCE,LATE_SESSION|MONEYNESS_TRANSITION
TRENT,2026-08-05,2026-08-06,15:25,84.25,3129.0,3107.10009765625,73.48,-12.7833827893175,LOW_CONFIDENCE,LATE_SESSION|PATH_DEPENDENCE
TVSMOTOR,2026-06-25,2026-06-29,09:15,135.65,3569.699951171875,3545.60009765625,123.79,-8.743088831551782,BASELINE,
TVSMOTOR,2026-06-25,2026-06-29,09:30,135.65,3569.699951171875,3534.0,118.09,-12.945079248064872,BASELINE,
TVSMOTOR,2026-06-25,2026-06-29,10:00,135.65,3569.699951171875,3515.89990234375,109.18,-19.513453741245858,BASELINE,
TVSMOTOR,2026-06-25,2026-06-29,11:30,135.65,3569.699951171875,3465.89990234375,84.58,-37.64835974935497,LOW_CONFIDENCE,LATE_SESSION|MONEYNESS_TRANSITION
TVSMOTOR,2026-06-25,2026-06-29,15:25,135.65,3569.699951171875,3456.800048828125,80.1,-40.95097677847402,LOW_CONFIDENCE,LARGE_MOVE|LATE_SESSION|MONEYNESS_TRANSITION
TVSMOTOR,2026-07-02,2026-07-03,09:15,117.9,3626.800048828125,3641.39990234375,125.08,6.089906700593728,BASELINE,
TVSMOTOR,2026-07-02,2026-07-03,09:30,117.9,3626.800048828125,3627.60009765625,118.29,0.330788804071247,BASELINE,
TVSMOTOR,2026-07-02,2026-07-03,10:00,117.9,3626.800048828125,3607.199951171875,108.26,-8.17642069550466,BASELINE,
TVSMOTOR,2026-07-02,2026-07-03,11:30,117.9,3626.800048828125,3630.60009765625,119.77,1.586089906700594,LOW_CONFIDENCE,LATE_SESSION|PATH_DEPENDENCE
TVSMOTOR,2026-07-02,2026-07-03,15:25,117.9,3626.800048828125,3623.800048828125,116.42,-1.255301102629347,CAUTION,LATE_SESSION
TVSMOTOR,2026-07-03,2026-07-06,09:15,112.3,3627.39990234375,3635.199951171875,116.14,3.419412288512924,BASELINE,
TVSMOTOR,2026-07-03,2026-07-06,09:30,112.3,3627.39990234375,3652.300048828125,124.55,10.908281389136242,BASELINE,
TVSMOTOR,2026-07-03,2026-07-06,10:00,112.3,3627.39990234375,3660.199951171875,128.44,14.37221727515583,BASELINE,
TVSMOTOR,2026-07-03,2026-07-06,11:30,112.3,3627.39990234375,3720.60009765625,158.15,40.82813891362422,LOW_CONFIDENCE,LATE_SESSION|MONEYNESS_TRANSITION
TVSMOTOR,2026-07-03,2026-07-06,15:25,112.3,3627.39990234375,3705.0,150.48,33.99821905609972,LOW_CONFIDENCE,LATE_SESSION|MONEYNESS_TRANSITION
TVSMOTOR,2026-07-06,2026-07-07,09:15,111.95,3705.0,3728.60009765625,123.56,10.370701205895493,BASELINE,
TVSMOTOR,2026-07-06,2026-07-07,09:30,111.95,3705.0,3715.10009765625,116.92,4.4394819115676665,BASELINE,
TVSMOTOR,2026-07-06,2026-07-07,10:00,111.95,3705.0,3728.800048828125,123.66,10.460026797677525,CAUTION,PATH_DEPENDENCE
TVSMOTOR,2026-07-06,2026-07-07,11:30,111.95,3705.0,3767.60009765625,142.75,27.512282268870038,CAUTION,LATE_SESSION
TVSMOTOR,2026-07-06,2026-07-07,15:25,111.95,3705.0,3710.0,114.41,2.1974095578383146,LOW_CONFIDENCE,LATE_SESSION|PATH_DEPENDENCE
TVSMOTOR,2026-07-21,2026-07-22,09:15,69.2,3792.0,3913.699951171875,129.08,86.53179190751446,LOW_CONFIDENCE,LARGE_MOVE|MONEYNESS_TRANSITION
TVSMOTOR,2026-07-21,2026-07-22,09:30,69.2,3792.0,3931.39990234375,137.78,99.10404624277456,LOW_CONFIDENCE,LARGE_MOVE|MONEYNESS_TRANSITION
TVSMOTOR,2026-07-21,2026-07-22,10:00,69.2,3792.0,3938.699951171875,141.38,104.30635838150289,LOW_CONFIDENCE,LARGE_MOVE|MONEYNESS_TRANSITION
TVSMOTOR,2026-07-21,2026-07-22,11:30,69.2,3792.0,3941.5,142.75,106.28612716763004,LOW_CONFIDENCE,LARGE_MOVE|LATE_SESSION|MONEYNESS_TRANSITION
TVSMOTOR,2026-07-21,2026-07-22,15:25,69.2,3792.0,3915.0,129.72,87.45664739884391,LOW_CONFIDENCE,LARGE_MOVE|LATE_SESSION|MONEYNESS_TRANSITION|PATH_DEPENDENCE
TVSMOTOR,2026-07-22,2026-07-23,09:15,148.4,3907.60009765625,3924.5,156.71,5.5997304582210194,BASELINE,
TVSMOTOR,2026-07-22,2026-07-23,09:30,148.4,3907.60009765625,3934.800048828125,161.78,9.01617250673854,BASELINE,
TVSMOTOR,2026-07-22,2026-07-23,10:00,148.4,3907.60009765625,3935.0,161.88,9.08355795148248,BASELINE,
TVSMOTOR,2026-07-22,2026-07-23,11:30,148.4,3907.60009765625,3954.300048828125,171.38,15.48517520215633,CAUTION,LATE_SESSION
TVSMOTOR,2026-07-22,2026-07-23,15:25,148.4,3907.60009765625,3919.800048828125,154.4,4.043126684636111,LOW_CONFIDENCE,LATE_SESSION|PATH_DEPENDENCE
ULTRACEMCO,2026-07-03,2026-07-06,09:15,314.15,11723.0,11707.0,306.28,-2.5051726882062697,BASELINE,
ULTRACEMCO,2026-07-03,2026-07-06,09:30,314.15,11723.0,11697.0,301.36,-4.071303517427971,CAUTION,PATH_DEPENDENCE
ULTRACEMCO,2026-07-03,2026-07-06,10:00,314.15,11723.0,11741.0,323.01,2.8203087696960116,BASELINE,
ULTRACEMCO,2026-07-03,2026-07-06,11:30,314.15,11723.0,11718.0,311.69,-0.7830654146108507,LOW_CONFIDENCE,LATE_SESSION|PATH_DEPENDENCE
ULTRACEMCO,2026-07-03,2026-07-06,15:25,314.15,11723.0,11673.0,289.55,-7.8306541461085395,LOW_CONFIDENCE,LATE_SESSION|PATH_DEPENDENCE
ULTRACEMCO,2026-07-21,2026-07-22,09:15,131.45,12094.0,12068.0,118.66,-9.729935336629891,BASELINE,
ULTRACEMCO,2026-07-21,2026-07-22,09:30,131.45,12094.0,11971.0,70.93,-46.04031951312285,BASELINE,
ULTRACEMCO,2026-07-21,2026-07-22,10:00,131.45,12094.0,11997.0,83.73,-36.30277672118676,BASELINE,
ULTRACEMCO,2026-07-21,2026-07-22,11:30,131.45,12094.0,11993.0,81.76,-37.80144541650817,CAUTION,LATE_SESSION
ULTRACEMCO,2026-07-21,2026-07-22,15:25,131.45,12094.0,11893.0,32.56,-75.23012552301255,CAUTION,LATE_SESSION
UNIONBANK,2026-08-05,2026-08-06,09:15,5.39,175.8000030517578,176.10000610351562,5.54,2.782931354359941,BASELINE,
UNIONBANK,2026-08-05,2026-08-06,09:30,5.39,175.8000030517578,176.77999877929688,5.87,8.905380333951761,BASELINE,
UNIONBANK,2026-08-05,2026-08-06,10:00,5.39,175.8000030517578,176.58999633789062,5.78,7.235621521335811,CAUTION,PATH_DEPENDENCE
UNIONBANK,2026-08-05,2026-08-06,11:30,5.39,175.8000030517578,177.10000610351562,6.03,11.873840445269025,CAUTION,LATE_SESSION
UNIONBANK,2026-08-05,2026-08-06,15:25,5.39,175.8000030517578,182.5,8.69,61.224489795918366,LOW_CONFIDENCE,LARGE_MOVE|LATE_SESSION|MONEYNESS_TRANSITION
UNIONBANK,2026-08-06,2026-08-07,09:15,5.09,182.5,180.1199951171875,3.92,-22.986247544204318,BASELINE,
UNIONBANK,2026-08-06,2026-08-07,09:30,5.09,182.5,180.9600067138672,4.33,-14.931237721021606,BASELINE,
UNIONBANK,2026-08-06,2026-08-07,10:00,5.09,182.5,183.0,5.34,4.911591355599221,BASELINE,
UNIONBANK,2026-08-06,2026-08-07,11:30,5.09,182.5,182.5500030517578,5.11,0.39292730844795454,CAUTION,LATE_SESSION
UNIONBANK,2026-08-06,2026-08-07,15:25,5.09,182.5,183.6000061035156,5.63,10.609037328094306,CAUTION,LATE_SESSION
UNIONBANK,2026-08-12,2026-08-13,09:15,4.29,187.0,187.1999969482422,4.39,2.3310023310023187,BASELINE,
UNIONBANK,2026-08-12,2026-08-13,09:30,4.29,187.0,186.2899932861328,3.94,-8.158508158508159,BASELINE,
UNIONBANK,2026-08-12,2026-08-13,10:00,4.29,187.0,188.19000244140625,4.88,13.752913752913742,BASELINE,
UNIONBANK,2026-08-12,2026-08-13,11:30,4.29,187.0,186.63999938964844,4.11,-4.195804195804187,LOW_CONFIDENCE,LATE_SESSION|PATH_DEPENDENCE
UNIONBANK,2026-08-12,2026-08-13,15:25,4.29,187.0,186.5,4.04,-5.82750582750583,LOW_CONFIDENCE,LATE_SESSION|PATH_DEPENDENCE
UNITDSPR,2026-06-18,2026-06-19,09:15,23.0,1350.300048828125,1339.5,17.69,-23.086956521739122,BASELINE,
UNITDSPR,2026-06-18,2026-06-19,09:30,23.0,1350.300048828125,1338.5,17.19,-25.26086956521738,CAUTION,PATH_DEPENDENCE
UNITDSPR,2026-06-18,2026-06-19,10:00,23.0,1350.300048828125,1338.300048828125,17.1,-25.652173913043473,CAUTION,PATH_DEPENDENCE
UNITDSPR,2026-06-18,2026-06-19,11:30,23.0,1350.300048828125,1325.5,10.8,-53.04347826086957,CAUTION,LATE_SESSION
UNITDSPR,2026-06-18,2026-06-19,15:25,23.0,1350.300048828125,1320.5,8.34,-63.73913043478261,LOW_CONFIDENCE,LATE_SESSION|MONEYNESS_TRANSITION
UNITDSPR,2026-06-25,2026-06-29,09:15,34.75,1384.9000244140625,1354.0,19.55,-43.74100719424461,BASELINE,
UNITDSPR,2026-06-25,2026-06-29,09:30,34.75,1384.9000244140625,1352.5999755859375,18.86,-45.72661870503597,BASELINE,
UNITDSPR,2026-06-25,2026-06-29,10:00,34.75,1384.9000244140625,1353.4000244140625,19.25,-44.60431654676259,CAUTION,PATH_DEPENDENCE
UNITDSPR,2026-06-25,2026-06-29,11:30,34.75,1384.9000244140625,1348.300048828125,16.74,-51.827338129496404,LOW_CONFIDENCE,LATE_SESSION|MONEYNESS_TRANSITION|PATH_DEPENDENCE
UNITDSPR,2026-06-25,2026-06-29,15:25,34.75,1384.9000244140625,1347.199951171875,16.2,-53.38129496402878,LOW_CONFIDENCE,LATE_SESSION|MONEYNESS_TRANSITION|PATH_DEPENDENCE
UNITDSPR,2026-07-24,2026-07-27,09:15,48.75,1467.199951171875,1479.4000244140625,54.75,12.307692307692308,BASELINE,
UNITDSPR,2026-07-24,2026-07-27,09:30,48.75,1467.199951171875,1487.0,58.49,19.979487179487187,BASELINE,
UNITDSPR,2026-07-24,2026-07-27,10:00,48.75,1467.199951171875,1492.300048828125,61.1,25.333333333333343,CAUTION,MONEYNESS_TRANSITION
UNITDSPR,2026-07-24,2026-07-27,11:30,48.75,1467.199951171875,1497.699951171875,63.76,30.78974358974358,LOW_CONFIDENCE,LATE_SESSION|MONEYNESS_TRANSITION
UNITDSPR,2026-07-24,2026-07-27,15:25,48.75,1467.199951171875,1482.0,56.03,14.933333333333332,LOW_CONFIDENCE,LATE_SESSION|PATH_DEPENDENCE
UNITDSPR,2026-07-27,2026-07-28,09:15,43.65,1482.0,1486.0,45.62,4.51317296678122,BASELINE,
UNITDSPR,2026-07-27,2026-07-28,09:30,43.65,1482.0,1489.800048828125,47.49,8.797250859106542,BASELINE,
UNITDSPR,2026-07-27,2026-07-28,10:00,43.65,1482.0,1483.300048828125,44.29,1.4662084765177497,CAUTION,PATH_DEPENDENCE
UNITDSPR,2026-07-27,2026-07-28,11:30,43.65,1482.0,1484.0,44.63,2.2451317296678264,LOW_CONFIDENCE,LATE_SESSION|PATH_DEPENDENCE
UNITDSPR,2026-07-27,2026-07-28,15:25,43.65,1482.0,1508.800048828125,56.84,30.217640320733107,CAUTION,LATE_SESSION
UNOMINDA,2026-07-09,2026-07-10,09:15,33.5,1154.5,1165.0,38.67,15.43283582089552,BASELINE,
UNOMINDA,2026-07-09,2026-07-10,09:30,33.5,1154.5,1172.199951171875,42.21,26.0,BASELINE,
UNOMINDA,2026-07-09,2026-07-10,10:00,33.5,1154.5,1172.0,42.11,25.70149253731344,BASELINE,
UNOMINDA,2026-07-09,2026-07-10,11:30,33.5,1154.5,1169.0,40.63,21.283582089552255,LOW_CONFIDENCE,LATE_SESSION|PATH_DEPENDENCE
UNOMINDA,2026-07-09,2026-07-10,15:25,33.5,1154.5,1163.0,37.68,12.477611940298505,LOW_CONFIDENCE,LATE_SESSION|PATH_DEPENDENCE
UNOMINDA,2026-08-04,2026-08-05,09:15,45.3,1227.0,1258.5,60.8,34.21633554083885,CAUTION,MONEYNESS_TRANSITION
UNOMINDA,2026-08-04,2026-08-05,09:30,45.3,1227.0,1268.5,65.72,45.07726269315675,LOW_CONFIDENCE,LARGE_MOVE|MONEYNESS_TRANSITION
UNOMINDA,2026-08-04,2026-08-05,10:00,45.3,1227.0,1266.199951171875,64.59,42.58278145695367,LOW_CONFIDENCE,LARGE_MOVE|MONEYNESS_TRANSITION
UNOMINDA,2026-08-04,2026-08-05,11:30,45.3,1227.0,1251.5,57.35,26.600441501103766,LOW_CONFIDENCE,LATE_SESSION|MONEYNESS_TRANSITION|PATH_DEPENDENCE
UNOMINDA,2026-08-04,2026-08-05,15:25,45.3,1227.0,1250.0,56.62,24.988962472406186,LOW_CONFIDENCE,LATE_SESSION|MONEYNESS_TRANSITION|PATH_DEPENDENCE
VBL,2026-06-15,2026-06-16,09:15,14.7,541.0,538.5999755859375,13.52,-8.027210884353742,BASELINE,
VBL,2026-06-15,2026-06-16,09:30,14.7,541.0,536.2999877929688,12.39,-15.714285714285703,BASELINE,
VBL,2026-06-15,2026-06-16,10:00,14.7,541.0,538.0999755859375,13.27,-9.727891156462587,CAUTION,PATH_DEPENDENCE
VBL,2026-06-15,2026-06-16,11:30,14.7,541.0,538.4500122070312,13.45,-8.503401360544217,LOW_CONFIDENCE,LATE_SESSION|PATH_DEPENDENCE
VBL,2026-06-15,2026-06-16,15:25,14.7,541.0,540.5499877929688,14.48,-1.4965986394557707,CAUTION,LATE_SESSION
YESBANK,2026-06-15,2026-06-16,09:15,0.54,23.780000686645508,23.690000534057617,0.5,-7.407407407407418,BASELINE,
YESBANK,2026-06-15,2026-06-16,09:30,0.54,23.780000686645508,23.88999938964844,0.59,9.259259259259256,BASELINE,
YESBANK,2026-06-15,2026-06-16,10:00,0.54,23.780000686645508,24.34000015258789,0.82,51.85185185185184,BASELINE,
YESBANK,2026-06-15,2026-06-16,11:30,0.54,23.780000686645508,23.959999084472656,0.63,16.66666666666665,LOW_CONFIDENCE,LATE_SESSION|PATH_DEPENDENCE
YESBANK,2026-06-15,2026-06-16,15:25,0.54,23.780000686645508,23.899999618530273,0.6,11.111111111111093,LOW_CONFIDENCE,LATE_SESSION|PATH_DEPENDENCE
YESBANK,2026-06-16,2026-06-17,09:15,0.6,23.88999938964844,24.25,0.78,30.000000000000004,BASELINE,
YESBANK,2026-06-16,2026-06-17,09:30,0.6,23.88999938964844,24.299999237060547,0.8,33.33333333333335,CAUTION,PATH_DEPENDENCE
YESBANK,2026-06-16,2026-06-17,10:00,0.6,23.88999938964844,24.530000686645508,0.91,51.666666666666686,CAUTION,MONEYNESS_TRANSITION
YESBANK,2026-06-16,2026-06-17,11:30,0.6,23.88999938964844,25.149999618530273,1.22,103.33333333333331,LOW_CONFIDENCE,LARGE_MOVE|LATE_SESSION|MONEYNESS_TRANSITION
YESBANK,2026-06-16,2026-06-17,15:25,0.6,23.88999938964844,25.1200008392334,1.21,101.66666666666666,LOW_CONFIDENCE,LARGE_MOVE|LATE_SESSION|MONEYNESS_TRANSITION
YESBANK,2026-06-17,2026-06-18,09:15,0.8,25.11000061035156,25.290000915527344,0.89,11.250000000000004,BASELINE,
YESBANK,2026-06-17,2026-06-18,09:30,0.8,25.11000061035156,25.59000015258789,1.04,30.000000000000004,CAUTION,MONEYNESS_TRANSITION
YESBANK,2026-06-17,2026-06-18,10:00,0.8,25.11000061035156,25.540000915527344,1.01,26.249999999999996,CAUTION,MONEYNESS_TRANSITION
YESBANK,2026-06-17,2026-06-18,11:30,0.8,25.11000061035156,25.559999465942383,1.02,27.499999999999993,LOW_CONFIDENCE,LATE_SESSION|MONEYNESS_TRANSITION
YESBANK,2026-06-17,2026-06-18,15:25,0.8,25.11000061035156,25.479999542236328,0.98,22.499999999999986,LOW_CONFIDENCE,LATE_SESSION|PATH_DEPENDENCE
ZYDUSLIFE,2026-07-03,2026-07-06,09:15,31.0,1140.5999755859375,1141.5999755859375,31.49,1.5806451612903283,BASELINE,
ZYDUSLIFE,2026-07-03,2026-07-06,09:30,31.0,1140.5999755859375,1139.800048828125,30.61,-1.2580645161290316,CAUTION,PATH_DEPENDENCE
ZYDUSLIFE,2026-07-03,2026-07-06,10:00,31.0,1140.5999755859375,1137.300048828125,29.38,-5.225806451612902,BASELINE,
ZYDUSLIFE,2026-07-03,2026-07-06,11:30,31.0,1140.5999755859375,1142.800048828125,32.08,3.48387096774192,LOW_CONFIDENCE,LATE_SESSION|PATH_DEPENDENCE
ZYDUSLIFE,2026-07-03,2026-07-06,15:25,31.0,1140.5999755859375,1146.5999755859375,33.95,9.51612903225807,CAUTION,LATE_SESSION
ZYDUSLIFE,2026-07-06,2026-07-07,09:15,26.4,1147.9000244140625,1154.0,29.4,11.363636363636353,BASELINE,
ZYDUSLIFE,2026-07-06,2026-07-07,09:30,26.4,1147.9000244140625,1156.5999755859375,30.68,16.21212121212121,BASELINE,
ZYDUSLIFE,2026-07-06,2026-07-07,10:00,26.4,1147.9000244140625,1165.9000244140625,35.26,33.56060606060607,BASELINE,
ZYDUSLIFE,2026-07-06,2026-07-07,11:30,26.4,1147.9000244140625,1161.9000244140625,33.29,26.098484848484848,CAUTION,LATE_SESSION
ZYDUSLIFE,2026-07-06,2026-07-07,15:25,26.4,1147.9000244140625,1153.0,28.91,9.50757575757577,LOW_CONFIDENCE,LATE_SESSION|PATH_DEPENDENCE
ZYDUSLIFE,2026-07-07,2026-07-08,09:15,27.45,1153.0,1171.5999755859375,36.6,33.33333333333335,BASELINE,
ZYDUSLIFE,2026-07-07,2026-07-08,09:30,27.45,1153.0,1177.0,39.26,43.02367941712204,CAUTION,MONEYNESS_TRANSITION
ZYDUSLIFE,2026-07-07,2026-07-08,10:00,27.45,1153.0,1170.5999755859375,36.11,31.548269581056477,CAUTION,PATH_DEPENDENCE
ZYDUSLIFE,2026-07-07,2026-07-08,11:30,27.45,1153.0,1168.5,35.08,27.79599271402551,LOW_CONFIDENCE,LATE_SESSION|PATH_DEPENDENCE
ZYDUSLIFE,2026-07-07,2026-07-08,15:25,27.45,1153.0,1148.0,24.99,-8.961748633879784,CAUTION,LATE_SESSION
