ticker,breach_date,d1_date,move_30min,move_1hr,move_2hr,day1_close_pct
360ONE,2026-08-05,2026-08-06,-0.09205586772641494,-0.2845446769264015,-0.041844504961419116,-0.7448342315020673
360ONE,2026-08-20,2026-08-21,0.041469687339201755,0.35664336089136217,0.2985898483906402,-0.5556897605712763
ABB,2026-08-04,2026-08-05,0.15428130624839387,-0.11571097968628985,-0.2571355104139861,-1.1249678580611988
ABCAPITAL,2026-06-24,2026-06-25,-0.10071107798811374,-0.15105893380560342,-0.21399951595989508,-1.5231666980396463
ABCAPITAL,2026-07-03,2026-07-06,0.4104462429065592,1.1815920398009938,0.9079586807175133,2.1268626350668285
ABCAPITAL,2026-07-06,2026-07-07,-0.4026339545226909,-0.34162858423304465,-0.3660322217378442,-1.073693027708722
ACMESOLAR,2026-06-24,2026-06-25,-2.6424376296451,-2.3671830098817015,-2.683732542693096,-1.734100744467637
ACMESOLAR,2026-06-29,2026-06-30,0.7143753412485854,0.2778112869575855,0.5027103678048261,0.6746891680405209
ACUTAAS,2026-06-29,2026-06-30,-2.5472211473471673,-3.021511797360088,-3.389783175092276,-1.6544387473228728
ACUTAAS,2026-07-02,2026-07-03,-0.4922014208747938,-0.8337816030123735,-0.045722193971897696,-0.6239900799320908
ACUTAAS,2026-07-21,2026-07-22,-1.1328076982577984,-1.225390066216403,0.20695077783881022,0.20967652614147791
ADANIENSOL,2026-07-08,2026-07-09,-0.6729931198464656,-0.32447437220194386,-0.48671889337779106,-2.7460613215193663
ADANIENSOL,2026-07-16,2026-07-17,2.3197086485394536,1.3389667667383254,2.595721746795432,1.2450053185319554
ADANIENSOL,2026-07-17,2026-07-20,0.05220559246301715,0.5104436675246626,-0.3190255220417604,0.3190255220417715
ADANIENSOL,2026-07-21,2026-07-22,-1.1823814330958915,-0.3198706655694439,-0.42268250129308127,-1.5022520986653354
ADANIENT,2026-07-01,2026-07-02,0.2535979126464749,0.8844196246769576,0.9319692332981688,0.48817288616682664
ADANIENT,2026-07-02,2026-07-03,-0.18987341772152,-0.5727879005142378,-0.5189842513844911,1.64873726760284
ADANIGREEN,2026-06-22,2026-06-23,-0.4899732902817311,-0.7671990588206445,-1.9083215815767107,-2.5723696113778893
ADANIGREEN,2026-07-14,2026-07-15,-0.9218342465353468,-1.6941732277717225,-1.46371846776705,-2.535032773084711
AEGISLOG,2026-06-11,2026-06-12,-2.3150024745858366,-5.048571395049506,-2.718064123249142,-2.397680007983294
AEGISLOG,2026-06-12,2026-06-15,-1.9870380157041012,0.4690824916832481,2.218941364173843,3.520788754476234
AEGISLOG,2026-06-15,2026-06-16,-0.4283541261633106,-0.9382980323336287,0.24987375900369369,-0.2396711459395795
AEGISLOG,2026-06-17,2026-06-18,0.09490631438873187,-0.3196815391639629,0.19980019980019303,-0.08991252887735612
AEGISLOG,2026-06-22,2026-06-23,0.843044882609223,0.3694254612528258,0.4499384502885784,-0.2557498623427912
AEGISLOG,2026-06-29,2026-06-30,0.22449385063501026,0.5007923529377623,-0.012953797944992296,1.631915038263232
AEGISLOG,2026-06-30,2026-07-01,2.3263778022125647,1.4164305652151876,1.6052837822954746,7.133657296276241
AEGISLOG,2026-07-20,2026-07-21,-1.123027561738832,-1.1302247100863028,-1.9509017394162997,-4.83046409655532
AEGISLOG,2026-08-06,2026-08-07,-1.8758798015470757,-2.538787023977429,-1.4880095617727407,-3.8152310004187284
ANANDRATHI,2026-06-29,2026-06-30,-1.9093433611313104,-2.1027585747219635,-2.856574830813907,-1.7556052363344565
ANANDRATHI,2026-06-30,2026-07-01,-0.9729687635549045,-1.298963042125123,-1.6149291763838503,-1.3541300802147438
ANANDRATHI,2026-07-03,2026-07-06,1.2938243028353558,1.8180848882702438,1.5824106968605145,0.6637393121695423
ANANDRATHI,2026-07-06,2026-07-07,-2.589984601990414,-2.495631625339445,-3.6184343510255568,-3.759963816002021
ANANDRATHI,2026-07-10,2026-07-13,-0.6035481202104731,0.0660082191399125,0.4243681531869603,-0.14617585745355655
ANANTRAJ,2026-07-17,2026-07-20,-0.3611562948081182,-1.5538384326688304,-1.5538384326688304,1.293467556681538
ANANTRAJ,2026-07-20,2026-07-21,-0.058130652443078024,0.05814079033152897,-0.016605861301322022,0.9550701962603991
ANANTRAJ,2026-07-21,2026-07-22,0.9385093516130594,0.4045307443365731,-0.8333372838288833,-0.4045307443365731
ANANTRAJ,2026-07-22,2026-07-23,-0.10574660828924776,-0.1382847900135431,-0.6019216094931612,-4.50626511419393
ANANTRAJ,2026-07-31,2026-08-03,1.6134146303414587,0.9345008923222764,1.2380191693290632,0.0
ANANTRAJ,2026-08-03,2026-08-04,-0.41466915246212155,-0.3269518011114414,0.4784688995215225,0.5582137161084466
ANANTRAJ,2026-08-20,2026-08-21,-1.2435495634024352,-1.2982931255203778,-1.4625333590598144,-2.4245268725109903
ANGELONE,2026-06-15,2026-06-16,-1.034880716681108,-1.148289812978387,-1.9988710140470878,-1.2616989092756659
APARINDS,2026-06-11,2026-06-12,1.788244820838103,1.538565355287136,2.7262298400701823,2.3010999392671483
APARINDS,2026-06-12,2026-06-15,1.5386588024105752,2.4939094755737967,3.1414283882549077,3.6030260289780847
APARINDS,2026-06-15,2026-06-16,1.1367848758186083,0.6178178672927137,0.42629432843197534,-0.11120721611268536
APARINDS,2026-06-16,2026-06-17,-1.5504354808820842,0.25943541911175316,0.04941627030699003,-0.8586076965841016
APARINDS,2026-06-18,2026-06-19,-0.7542900245144257,-0.6537180212458304,-0.6662895216544062,2.3320133257904274
APARINDS,2026-06-24,2026-06-25,-0.5195580770379182,-1.4750671842341023,-3.260674828306953,-3.9414750671842302
APARINDS,2026-08-12,2026-08-13,-2.7891939284344303,-5.353718011945863,-5.589347361499264,-5.611266370760037
APLAPOLLO,2026-08-10,2026-08-11,-0.8390918065153019,-0.48371415736055967,-0.6071100112598704,-0.6564683528195947
APLAPOLLO,2026-08-13,2026-08-14,0.2731888347254019,0.24879739983492133,-0.19024842819354015,1.6293549966116316
APLAPOLLO,2026-08-14,2026-08-17,-0.10528600966139834,-0.5503709021296932,-0.2153625269203152,-0.39243604555515565
APLAPOLLO,2026-08-17,2026-08-18,0.31655144634292753,0.2877697841726645,1.2518032449040817,1.4388489208633004
APLAPOLLO,2026-08-18,2026-08-19,-0.7234065639775467,-0.44443982712766283,-0.06618923611111382,0.3215153110224689
APLAPOLLO,2026-08-20,2026-08-21,-0.34028101719909554,-0.3356151124784601,0.041947621464033524,-0.2936674910144377
APLAPOLLO,2026-08-27,2026-08-28,0.30673218065757624,0.8881518980946801,1.3368104435808048,3.722018358775503
APLAPOLLO,2026-08-28,2026-08-31,-2.1427370921780042,-1.5893459229824325,-1.1200658881360792,-1.5672102762146145
APOLLOHOSP,2026-06-10,2026-06-11,-0.04136871343300985,-0.14774540511790502,0.17138466993675827,0.3841380533065486
APOLLOHOSP,2026-07-03,2026-07-06,0.3320763212697697,0.123825068948058,-0.09568300782348826,0.056284122249117274
APOLLOHOSP,2026-07-15,2026-07-16,-0.12879381789674405,-0.27438682943218273,-0.22958897972897852,-0.45917795945794593
ARE&M,2026-08-11,2026-08-12,3.3427774614505523,4.058720001448601,2.173574616115137,-0.09786373495042078
ARE&M,2026-08-12,2026-08-13,-0.13869375042876442,-0.5701944760031386,-1.4280540121798246,-2.332146888708797
ASHOKLEY,2026-08-13,2026-08-14,0.5025405753674717,0.27667431817512966,0.46865417485106864,-3.0830076373209114
ATHERENERG,2026-06-29,2026-06-30,0.8280387238611908,2.3971887472153286,2.3468617557977023,3.9388856536354933
ATHERENERG,2026-06-30,2026-07-01,2.3584100464532964,0.8065994598554393,0.5611103411408358,-0.9380984921009028
ATHERENERG,2026-07-01,2026-07-02,-0.026424379403344744,-0.3082342580361108,-1.021574247990975,0.8806693086745865
ATHERENERG,2026-07-08,2026-07-09,-0.3461878784134509,0.9066930796835848,1.8133861593671696,0.2307986268397233
ATHERENERG,2026-07-09,2026-07-10,0.08997755304192001,-1.194272031569532,-1.4642146759969332,-0.5971410084355866
ATHERENERG,2026-07-13,2026-07-14,-2.5255996327443464,-0.2768961816514315,-1.2837764894513382,1.0991756208450054
ATHERENERG,2026-07-15,2026-07-16,-4.437739534198116,-3.3811357606132075,-4.052826503537732,-4.3698131633254755
ATHERENERG,2026-07-16,2026-07-17,-0.8740138256643659,-1.1811023622047223,-0.9448818897637823,0.19685039370078705
ATHERENERG,2026-08-04,2026-08-05,-1.8442622950819665,-2.4316923214438235,-0.8879781420765065,0.2049180327868827
ATHERENERG,2026-08-10,2026-08-11,2.240477931496243,1.6633851309593384,3.5847597177423474,3.605131014038876
ATHERENERG,2026-08-11,2026-08-12,0.4114989437050909,0.47681573011919554,0.4898758981058071,2.7367749453992563
ATHERENERG,2026-08-12,2026-08-13,-3.8173256258875243,-4.09679871695916,-3.4362280708215565,-3.20122101324406
ATHERENERG,2026-08-28,2026-08-31,-1.3715982581193331,0.06042296072508169,1.2568005334214538,3.7885166871223674
ATHERENERG,2026-08-31,2026-09-01,1.9296777030202827,1.9296777030202827,2.243401436389081,2.14276966075162
ATHERENERG,2026-09-01,2026-09-02,-0.5858454516205036,-0.5336398591574865,-0.6380510440835319,-2.1983772861985162
AUBANK,2026-06-24,2026-06-25,-1.612755957023193,-1.6173948324511689,-2.8640303749037255,-4.175553601696425
AUBANK,2026-07-06,2026-07-07,0.5623242736644718,0.2249319975691222,0.3561432828608213,-0.009369783124413278
AUBANK,2026-08-21,2026-08-24,-0.04522022448043561,0.3617617958434849,-0.06330389823506755,0.7506601424127846
AUBANK,2026-08-24,2026-08-25,2.2546896554001883,2.083331039744407,2.4080041482766656,1.7857076015408424
AUBANK,2026-08-25,2026-08-26,-0.5306447562663741,-0.6279274690495051,-0.49526627998290884,-1.5211773162321918
AUROPHARMA,2026-07-03,2026-07-06,-0.0061717133422289905,-0.24692881904528896,-0.5988069075865465,-1.537133405690827
AUROPHARMA,2026-08-07,2026-08-10,-0.4505586993872157,0.0,-0.2883531676205253,-0.9972351213146213
AUROPHARMA,2026-08-13,2026-08-14,-0.07249584384203533,-1.643303043394695,-1.2626814258273167,-1.9997569213618505
AUROPHARMA,2026-08-31,2026-09-01,0.005915715144233502,-0.07100302792160118,0.21893202200444772,-0.39644681490385025
AXISBANK,2026-06-24,2026-06-25,0.101004576778152,0.7070232307003987,0.12986428539283335,-0.642091088003971
BAJAJ-AUTO,2026-07-22,2026-07-23,0.6747515273092031,1.8008571168049547,2.6260599981763555,2.885930518829216
BAJAJ-AUTO,2026-07-23,2026-07-24,-0.18721583311045453,-0.06240527770348114,0.8290986894891716,-0.833556209325137
BAJAJ-AUTO,2026-07-28,2026-07-29,0.5419106721440414,0.10488593654400802,0.4195437461760321,-0.9745651603880745
BAJAJ-AUTO,2026-07-29,2026-07-30,1.2877050626212805,1.221555829952381,1.062797671547,0.8334803316281558
BAJAJ-AUTO,2026-07-31,2026-08-03,-0.23348322379799225,-0.35454859910065695,-0.6572120373573132,2.5250778277412733
BAJAJ-AUTO,2026-08-03,2026-08-04,-0.4976404976404947,-0.6606606606606613,-0.9009009009009028,-0.4719004719004771
BAJAJ-AUTO,2026-09-01,2026-09-02,-1.5683711811795509,-2.03398137559222,-2.319882372161408,-0.9148831890213982
BAJAJFINSV,2026-07-02,2026-07-03,0.9057190458653386,-0.1377105712890625,-0.24364277467889828,0.10593220338983578
BAJAJFINSV,2026-07-03,2026-07-06,-1.3966174486458316,-1.2916085215410877,-1.2916085215410877,-1.6591397664076912
BAJAJFINSV,2026-07-28,2026-07-29,-0.8431889158901029,-0.920309738512215,-1.0282776349614386,-1.0591247087885614
BAJAJFINSV,2026-07-31,2026-08-03,0.8771929824561431,0.46784101638646103,1.2573123210587234,2.1442495126705596
BAJAJFINSV,2026-08-03,2026-08-04,0.038439860152572614,-0.15855709175537358,-0.024023446320564634,1.1387090095548391
BAJAJFINSV,2026-08-05,2026-08-06,0.8885954951590946,0.7533731599994153,0.5940044003557299,0.7388829472597447
BAJFINANCE,2026-06-24,2026-06-25,0.03510286719534683,-0.020061404917881553,0.3761283851554609,-1.6649925362023699
BAJFINANCE,2026-06-30,2026-07-01,0.6686638929172872,0.698602794411185,1.1477045908183658,1.1676658889252733
BAJFINANCE,2026-07-01,2026-07-02,0.8460236783841557,1.274010912456447,1.9209701959266745,1.5228414060988404
BAJFINANCE,2026-07-03,2026-07-06,-0.7124196294994833,-0.17328649681573882,-0.19254838683140374,-1.001242209746589
BAJFINANCE,2026-07-07,2026-07-08,0.18542251435549328,-0.22444880134739886,0.5367424867845472,-1.317452874805436
BAJFINANCE,2026-07-17,2026-07-20,-0.8232468622455968,-0.5488312414970609,-1.4856238187722637,0.681297392052449
BAJFINANCE,2026-07-20,2026-07-21,0.46948356807512415,0.6854505941901401,0.29107751980634866,0.394361612382621
BAJFINANCE,2026-07-21,2026-07-22,-0.2819019110738008,-0.20672347987353845,-0.49801982719284155,-0.4322473028562035
BAJFINANCE,2026-07-31,2026-08-03,-0.9351355558438135,-1.428211181735639,-1.9807912829160723,-1.9807912829160723
BAJFINANCE,2026-08-03,2026-08-04,-0.15562223723034618,0.025942316657312503,-0.4928195825862236,-0.6570962948609149
BALRAMCHIN,2026-08-20,2026-08-21,1.550333931942105,0.10738091180788611,-1.6979898542365812,-2.1006744179949632
BANDHANBNK,2026-06-15,2026-06-16,-1.9924837558074615,-1.536656121036617,-2.1052611199678495,1.7622180198408666
BANDHANBNK,2026-06-16,2026-06-17,-1.4847141724795176,-1.5536680466092023,-0.864171388848578,-1.7421321497385622
BELRISE,2026-06-15,2026-06-16,-0.6391239329954335,-0.6098862599062782,-0.856344482636906,-0.9482452392533425
BELRISE,2026-06-17,2026-06-18,-0.1844100713121355,-0.07963220307874996,-0.1676484262535416,0.16764203112000775
BELRISE,2026-06-22,2026-06-23,-1.376388965533537,-1.2431894373580943,-1.1059557994607783,-2.320887991927345
BELRISE,2026-08-12,2026-08-13,-0.8885837208291725,-2.669552243130102,-2.9011921834484977,-3.387255370619846
BEML,2026-09-02,2026-09-03,-0.7414610327743931,0.7512147484756149,0.48292206554878536,0.9756097560975618
BEML,2026-09-03,2026-09-04,-0.3650383120196943,1.613837543527863,0.3842459173871271,-1.1527377521613813
BEML,2026-09-04,2026-09-07,2.1807384258980544,1.5037886005068168,0.7204633064248567,1.1556453370335174
BHARATFORG,2026-06-15,2026-06-16,-0.7401948816636028,-1.2696090399050286,-0.7352941176470562,-1.357840743719363
BHARATFORG,2026-06-19,2026-06-22,-0.33577802674865653,-0.058394628882230126,-0.5158330828443303,2.37968508483557
BHARATFORG,2026-06-22,2026-06-23,1.0900473933649346,1.535540395438395,1.516587677725112,1.3270142180094702
BHARATFORG,2026-06-23,2026-06-24,-0.5820721769499437,0.02328288707800219,0.8149010477299212,-1.7555274119615882
BHARATFORG,2026-06-29,2026-06-30,-1.5158692562766474,0.4973945997157836,0.1326408729571238,1.847465656087155
BHARATFORG,2026-07-17,2026-07-20,-0.8611611046721146,-0.9522897347580606,-0.6697932063116863,0.6515719299346356
BHARATFORG,2026-07-20,2026-07-21,-0.16749439438094038,-0.5794499243153006,-0.41647583394635035,-0.43459020625848943
BHARATFORG,2026-08-07,2026-08-10,-0.330105633802813,-0.6117914763974497,0.7834528533505747,-7.874115420059424
BHEL,2026-08-31,2026-09-01,-0.597702552532331,-1.3103476338003017,-1.0229913119612188,-1.9425315418462819
BIOCON,2026-08-06,2026-08-07,-0.09277003774075254,-0.10436275377823101,-0.4638218792627824,-1.124769472684306
BOSCHLTD,2026-06-15,2026-06-16,0.5853161979895605,0.35627942486320396,-0.2544853034737282,-0.3944522203842782
BOSCHLTD,2026-06-18,2026-06-19,0.374999999999992,0.3875000000000073,0.17499999999999183,0.6625000000000103
BOSCHLTD,2026-06-22,2026-06-23,0.21186440677967155,0.23678963110667084,0.8225324027916203,0.17447657028912822
BOSCHLTD,2026-07-02,2026-07-03,1.3359008304248299,2.1061499578769904,1.444217113972801,0.8424599831508006
BOSCHLTD,2026-07-03,2026-07-06,0.23869196801526993,0.26256116481679914,0.1551497792099399,0.27449576321756375
BOSCHLTD,2026-08-11,2026-08-12,2.7685492801771794,3.344407530454041,2.956810631229234,2.945736434108537
BOSCHLTD,2026-08-12,2026-08-13,1.137705269936684,1.3630997102071385,0.37565740045077956,0.35419126328217754
BOSCHLTD,2026-08-13,2026-08-14,-0.27771843623157766,-0.4806665242469532,-0.5447553941465455,0.6195257423627476
BOSCHLTD,2026-08-17,2026-08-18,0.6387735547748408,0.6494197806877544,2.012136697540723,3.7581177472586047
BOSCHLTD,2026-08-18,2026-08-19,0.030674846625777796,-0.02044989775050743,-1.0224948875255602,-0.8997955010224934
BOSCHLTD,2026-08-31,2026-09-01,-0.9514170040485825,-0.9210526315789447,-1.0627530364372473,-1.720647773279349
BPCL,2026-08-03,2026-08-04,-0.39865632818608665,-0.2759870836060885,-0.24532913081054541,-0.6439761006471811
CARTRADE,2026-06-17,2026-06-18,-1.504020238351511,-0.03827018752391442,-0.6505931879066229,-1.2284767568407906
CARTRADE,2026-07-01,2026-07-02,0.3308351841339485,0.3631952968798924,-0.11865959953175631,-1.6505413339424901
CARTRADE,2026-07-08,2026-07-09,0.6059789550056038,0.48406183343672193,-0.014339071237867707,-1.072103818377368
CARTRADE,2026-07-14,2026-07-15,-0.8028787903156642,-1.4513655456553476,-1.8047726078658455,-3.0742871043489495
CARTRADE,2026-08-20,2026-08-21,3.31786144060513,5.693659881597046,4.830668729585708,5.652394785757253
CARTRADE,2026-08-21,2026-08-24,1.3637862586663996,1.425773284563614,1.5823817292006437,2.7079934747145096
CARTRADE,2026-08-27,2026-08-28,0.747877844162903,0.6986749329265907,0.42970061982534613,-1.1152659880231286
CDSL,2026-07-10,2026-07-13,0.09141111466455243,0.4781359205167979,1.3922127343493518,1.532839936477437
CDSL,2026-07-13,2026-07-14,0.7368421052631469,0.39298074287281715,0.28771758497807554,0.0
CDSL,2026-08-26,2026-08-27,-1.4352126840047164,-1.858146565959018,-2.267217093194751,-2.184011574123834
CEMPRO,2026-06-22,2026-06-23,-0.7795908515420669,0.4016044954633813,0.28348496076284757,-3.1419815455529743
CGCL,2026-07-07,2026-07-08,0.08836063259356486,1.2832932533578534,0.3071467720634047,0.008416826951251899
CGCL,2026-07-09,2026-07-10,2.9741425107536523,2.260973488033069,2.2374634726289866,-0.9521914987616786
CGCL,2026-07-10,2026-07-13,1.1190888543022526,1.5675212755012602,2.968370000587961,1.6905410587609415
CGCL,2026-09-03,2026-09-04,1.1689542308789935,0.03653190996004696,0.6575297873858466,2.72146564640412
CGCL,2026-09-04,2026-09-07,0.21145589551212485,0.49338991946585864,-2.4493435090858995,-3.1894230107378907
CGCL,2026-09-07,2026-09-08,-3.1891913886542778,-1.6576598571227508,-1.3513513513513487,-2.43243243243243
CGPOWER,2026-06-17,2026-06-18,-1.1445043940153221,-1.737379595824362,-2.3715008072361377,-1.587870677586234
CGPOWER,2026-07-01,2026-07-02,-2.636407504940097,-1.3615477395142905,-1.4788373278939337,-2.151960794078289
CHENNPETRO,2026-06-10,2026-06-11,-0.9712837837837829,-0.7601351351351315,-1.1233149348078508,-3.682430370433909
CHENNPETRO,2026-07-22,2026-07-23,0.9843589785625717,2.258678030212713,2.1136933362743138,-3.3880217027136617
CHENNPETRO,2026-07-23,2026-07-24,-4.053629685651616,-4.345423942108639,-4.376971608832802,-4.195579745416012
CHENNPETRO,2026-08-11,2026-08-12,0.17711654268508514,-0.1629506785777557,-1.3390027923529946,-2.26709174636911
CHENNPETRO,2026-08-19,2026-08-20,-4.359168128543978,-3.576575638931301,-3.308845526705717,-4.832834811802888
CHENNPETRO,2026-09-09,2026-09-10,-0.8671256652565518,-0.1310028437889854,-1.40985499600359,1.4597644675023336
CHENNPETRO,2026-09-10,2026-09-11,-1.8791983199208162,-2.215419365690219,-3.6143102818368744,-5.745674386084742
CHENNPETRO,2026-09-11,2026-09-15,-4.624462273854569,-2.962450679962758,-2.7657938918228098,-6.432379018247747
CHOICEIN,2026-07-09,2026-07-10,0.9449832033926908,1.2880717527140817,1.3001068537696225,0.27687345120630535
CHOICEIN,2026-07-10,2026-07-13,-0.48134777376654947,-0.5355008672721095,-1.071001734544219,-1.564380264741272
CHOLAFIN,2026-06-24,2026-06-25,-0.8558807288790771,-0.7620126354569323,-0.1380452788514619,-0.6515764123757539
CHOLAFIN,2026-07-06,2026-07-07,0.5209425978450533,-0.5531712582236836,-0.3437177451161344,-0.46186764693542104
CHOLAFIN,2026-07-07,2026-07-08,-0.33879514600410054,0.6065560429474148,0.8087458376024648,-3.3114740757342886
CHOLAFIN,2026-08-06,2026-08-07,-0.286846768017579,-0.23469281019620203,-0.7353695319914477,-2.6702864603245113
COCHINSHIP,2026-08-26,2026-08-27,1.209784351874199,0.9781178360279918,0.06435006435006052,-0.7078507078507101
COCHINSHIP,2026-08-27,2026-08-28,-0.39577612813858076,-0.3438687251164807,-0.25952117519500995,-0.4087490189152332
COFORGE,2026-07-13,2026-07-14,0.8015529679419764,0.038783166511802136,0.49773440025049354,-0.8403361344537785
COFORGE,2026-07-28,2026-07-29,2.1530404422461347,1.5245825529167867,1.0299651540224053,-0.4946173988943814
COFORGE,2026-07-29,2026-07-30,2.3848669527546162,3.1191244610216495,3.0662564863297215,2.267385751431883
COFORGE,2026-08-05,2026-08-06,-0.5131896816230164,-0.4350938232978607,-0.6972722898680783,-1.110052038030207
COFORGE,2026-08-06,2026-08-07,1.9569182380844818,1.6523826773602757,0.6880258052186727,0.15790936754056517
COFORGE,2026-08-11,2026-08-12,-0.6503195827018415,-0.744006613392123,-1.206945407223059,-0.7164508128961189
COFORGE,2026-08-20,2026-08-21,-1.5967309944175057,-1.1458265272760282,-0.42968413828661234,0.35011276173222416
COFORGE,2026-08-26,2026-08-27,0.9653609876681291,0.8857980554477507,0.5622434260544429,0.8751922544242285
COFORGE,2026-08-28,2026-08-31,-2.093330419159034,-2.142818221611842,-1.9102279664802269,-1.751863374036322
CONCOR,2026-07-27,2026-07-28,0.6815968841285214,1.489780801180629,1.012660605069371,2.0447906523855863
CONCOR,2026-07-28,2026-07-29,0.01901037864542321,0.01901037864542321,0.6274933713200426,-0.05705434763181305
CONCOR,2026-08-13,2026-08-14,1.0478995752437603,0.21518774819802022,-0.36489747716035303,-1.3847350441602568
CONCOR,2026-08-14,2026-08-17,-0.7373840487875039,-0.9170044237503672,-1.6732910214738994,-0.8319198735029398
CPPLUS,2026-06-22,2026-06-23,1.1444827237665933,1.141715625364914,1.1334007991163686,-1.5130548184519643
CPPLUS,2026-06-30,2026-07-01,-1.2493168846965164,-2.5557948378810535,-1.8236254763200899,-2.857920522591184
CYIENT,2026-08-26,2026-08-27,0.7412012414840685,0.8990077117011053,-0.6742470277757873,0.6790336411359288
CYIENT,2026-08-28,2026-08-31,-0.9001305584874997,1.161170618033247,0.18453115965868516,5.765340622281179
CYIENT,2026-08-31,2026-09-01,-2.7473519517571043,-3.394756204886018,-3.8346672783691416,-4.299472670050886
CYIENT,2026-09-01,2026-09-02,-0.3403947377113026,-0.4975081971544837,-1.911486713545707,-1.6671010212055193
DATAPATTNS,2026-06-17,2026-06-18,1.3098087489622712,-0.09896620671628886,1.0571133207794459,1.1792453315198292
DATAPATTNS,2026-06-18,2026-06-19,2.913169092779988,2.380453020134232,2.7999161073825496,1.0633430224937124
DATAPATTNS,2026-06-19,2026-06-22,0.6573097958386676,1.0076013550053498,0.03914822083861402,0.26993256666139054
DATAPATTNS,2026-08-21,2026-08-24,-0.438699351454086,-1.2664454156943394,-1.974172342348579,-2.11902790359062
DELHIVERY,2026-07-01,2026-07-02,-1.4382106959202057,-0.3619950357354962,-0.13696931927853484,-0.5576706103145312
DELHIVERY,2026-07-02,2026-07-03,-1.0094128363079768,-0.872209349384645,-0.23520426858484322,-0.5880046899690461
DELHIVERY,2026-07-06,2026-07-07,0.09609840702109462,-0.07687168715933002,-0.11531339612028679,-0.5573637222648142
DEVYANI,2026-08-20,2026-08-21,1.0406738775911473,0.8298198784174815,-0.455719051472514,-1.0066732031821513
DEVYANI,2026-08-21,2026-08-24,2.0646936937305904,1.8444546589765798,1.2801105101759802,2.546453455286035
DEVYANI,2026-08-25,2026-08-26,0.2240650623318574,-0.1120325311659287,-0.052722965703522195,-0.6194822771695474
DEVYANI,2026-08-26,2026-08-27,-0.7628591876455815,-1.0456374874515895,-2.3280240319409007,-3.9852674312049974
DIVISLAB,2026-07-14,2026-07-15,0.5846344315289853,0.4608294930875667,0.1169268863058015,0.0481463649494529
DIVISLAB,2026-07-15,2026-07-16,-0.16438356164383272,0.273972602739736,0.7328767123287561,0.21917808219178436
DIVISLAB,2026-07-16,2026-07-17,-0.9776440828604627,-0.5400970807410976,-0.33499692349764354,-0.902440691871198
DIVISLAB,2026-07-20,2026-07-21,-0.2865916069600849,-0.4435346298191756,-0.6414193108154165,0.03411804844761779
DIVISLAB,2026-07-29,2026-07-30,-0.3885102859690459,-0.19107063244379052,0.20380867460672025,-0.5158907075982433
DIVISLAB,2026-07-30,2026-07-31,0.4576228686058226,0.5265797392176585,0.17552657973922692,1.3665997993981938
DIVISLAB,2026-07-31,2026-08-03,0.05369928400955626,0.4892601431981003,0.7100238663484415,2.446300715990457
DIVISLAB,2026-08-03,2026-08-04,-1.8461538461538418,-2.11834319526627,-1.142011834319523,-0.8520710059171543
DIVISLAB,2026-08-12,2026-08-13,-0.370544641806847,-0.5175861663333725,-0.9116574520644627,-0.011763321962121598
DIVISLAB,2026-08-25,2026-08-26,1.6248069111505226,1.8078837462097264,1.8193260484009377,3.26677727558784
DIVISLAB,2026-08-26,2026-08-27,0.39783401480826264,0.22654436954359092,0.591225549784502,0.12156039341364444
DIVISLAB,2026-08-27,2026-08-28,1.0126582278481067,0.6824435883324265,1.9482663731425376,1.695101816180511
DIVISLAB,2026-08-28,2026-08-31,-0.14083744109203433,-0.4225123232760919,-0.4875142191647308,2.5621580629435092
DIVISLAB,2026-08-31,2026-09-01,-0.6810810810810808,-0.6702702702702679,-0.7567567567567601,-0.9189189189189206
DIVISLAB,2026-09-08,2026-09-09,-0.34504391468005435,-0.5803011292346283,-1.0089920535340857,-0.7946465913843626
DIXON,2026-06-15,2026-06-16,1.790794979079502,0.9456066945606745,0.35146443514644243,2.4267782426778295
DIXON,2026-06-16,2026-06-17,2.7283031088082943,3.4083549222797993,4.072215025906734,3.9426813471502564
DIXON,2026-06-17,2026-06-18,-0.6837606837606813,-0.5594405594405605,-0.9324009324009341,-1.6239316239316293
DIXON,2026-07-06,2026-07-07,-0.0675929402929043,-0.25535110777318293,-0.9012392039053685,-0.5482538490424349
DIXON,2026-07-07,2026-07-08,0.9262774276820318,0.6301723483410626,0.6453572242046901,-1.799407789841323
DIXON,2026-07-09,2026-07-10,-1.413043478260867,-1.0942028985507224,-1.782608695652177,-2.8913043478260847
DIXON,2026-07-10,2026-07-13,0.21822560012039194,1.4297539318233188,1.6630295733313316,1.3770787869666679
DIXON,2026-07-16,2026-07-17,-0.49528788608378393,-0.9905757721675679,-0.6328678544403887,-1.6647176171149525
DIXON,2026-08-20,2026-08-21,-1.0483870967741948,-0.4301075268817178,-0.9005376344086047,-0.20161290322581182
DLF,2026-07-01,2026-07-02,0.40005777631437756,0.02307483817090006,0.6154792813873655,0.784732327181481
DLF,2026-07-02,2026-07-03,-0.22682595307556008,0.582192150636951,0.8468224292251136,2.374113488105256
DLF,2026-07-03,2026-07-06,-0.3910807961016727,-0.2877732057455895,0.6641086425820397,-0.6345909014017326
DLF,2026-07-06,2026-07-07,-0.735787767674656,-1.3154924691099912,-1.620219162253811,-3.106655431298777
DLF,2026-07-10,2026-07-13,1.3522445945124417,1.7364959101530797,0.9384431178342423,1.0123365608194712
DLF,2026-08-24,2026-08-25,-1.2281994486963987,-1.017441860465118,-0.7994186046511587,-0.7340098536291806
EICHERMOT,2026-07-28,2026-07-29,-0.12683916793505556,-0.5136986301369828,-0.8878741755454111,-1.0654490106544956
EICHERMOT,2026-08-03,2026-08-04,-0.4676976802195032,-0.5487652781242192,-0.8667997006734818,-1.0351708655525038
EICHERMOT,2026-08-11,2026-08-12,-0.16247969003874152,-0.4499437570303688,-0.2624671916010457,0.5999250093738251
EMMVEE,2026-06-12,2026-06-15,-1.218288641433729,-1.8919323457191495,-2.2502525343761293,-3.2535490626156682
EMMVEE,2026-06-15,2026-06-16,-1.5922637212844148,-0.31249636695498406,-0.7291702997116789,0.13393220447359688
EMMVEE,2026-07-01,2026-07-02,-0.8927288768588726,0.1275277544762421,0.6376647190250884,2.664019763039671
EMMVEE,2026-07-02,2026-07-03,-0.41551246537395725,-1.1357357627467146,0.26316127618595253,-0.9279795300597304
ENGINERSIN,2026-09-01,2026-09-02,-0.4121841922883118,-1.272397058411734,-1.1827913236447163,-0.8602128661234332
ENRIN,2026-06-19,2026-06-22,-1.3101027112485175,-0.47898919726894196,-1.0175296670710265,0.17347049911122792
ENRIN,2026-06-22,2026-06-23,-0.4614685295935117,-0.4047526764583087,-0.5285003613424877,-2.13720138263066
ETERNAL,2026-07-01,2026-07-02,0.0,-0.6583651613934594,-0.6049865505449281,-0.3736611362878062
ETERNAL,2026-07-02,2026-07-03,0.22996423510357467,0.548387880423773,0.6545218975639422,-0.44224306633375843
ETERNAL,2026-07-03,2026-07-06,-0.4405286343612369,-0.2643171806167355,-0.7929515418502175,-0.12335016863986858
ETERNAL,2026-07-07,2026-07-08,-0.1562542385525223,0.052081214057064784,1.857641008165145,-0.26041666666666297
ETERNAL,2026-07-08,2026-07-09,3.819444444444442,2.256944444444442,1.9270790947808258,1.7013867696126228
ETERNAL,2026-07-09,2026-07-10,-1.2894530550196626,-1.4591171131428493,-2.2395676383206276,-1.5948462885469472
ETERNAL,2026-07-28,2026-07-29,-0.04847895909608768,1.2928248477400706,1.2605022538523913,0.7110576116453604
ETERNAL,2026-07-29,2026-07-30,-0.24410089503661414,0.6834844926006944,0.2929190875457621,0.9601341601403579
ETERNAL,2026-08-06,2026-08-07,0.0,-0.222508643817676,-0.222508643817676,0.12714363913672866
ETERNAL,2026-08-14,2026-08-17,-0.14170420618832003,0.36215539545612074,0.34640407677570817,0.1417138165108911
ETERNAL,2026-08-20,2026-08-21,-0.45578850567635776,-0.7140705135011305,-1.1546697782046311,-0.33424675877083976
ETERNAL,2026-08-21,2026-08-24,0.18385355976531237,0.5362340944601973,0.3830243531858679,0.2451318455667595
EXIDEIND,2026-07-09,2026-07-10,0.48991161400151473,0.16330624448819275,-0.6065568973607771,-1.2014449947077455
EXIDEIND,2026-07-17,2026-07-20,1.415418618293307,1.4959723820483273,0.9781357882623798,0.3797454307213677
EXIDEIND,2026-07-20,2026-07-21,2.4390230265316504,1.7977799641001768,1.1794329482357035,1.4657034205756814
EXIDEIND,2026-07-21,2026-07-22,-0.655446792643688,-0.655446792643688,-0.9266597333931648,1.1074683605594604
EXIDEIND,2026-07-22,2026-07-23,-0.3026511877327942,-0.43716662769154313,0.05604752983785488,-1.569330835459859
EXIDEIND,2026-07-30,2026-07-31,-1.2701166912275297,-1.3796097398825036,-1.620495783508502,-2.0037214538008996
EXIDEIND,2026-08-05,2026-08-06,1.155820581205691,2.0654952149718797,2.2367254744039666,1.5839027618015367
EXIDEIND,2026-08-07,2026-08-10,0.2971578344459269,-0.15370426913356994,0.7377754884469567,-0.8095116524672541
EXIDEIND,2026-08-11,2026-08-12,0.4909468889269464,0.470489467986579,-0.11251269380785356,0.6034533400063768
FEDERALBNK,2026-06-12,2026-06-15,-0.8967827864720168,-1.2586532893782865,-0.7709193780866874,-0.28319506955760687
FEDERALBNK,2026-06-17,2026-06-18,-0.7891034631384186,-0.7891034631384186,-0.7736345496577202,-0.5879603689836421
FEDERALBNK,2026-06-24,2026-06-25,-0.3692345252403806,-0.21538837139423173,-0.07692307692307443,-0.29231144831730616
FEDERALBNK,2026-06-30,2026-07-01,-0.2281021982495468,0.030415482733703314,0.6234849107834117,0.42579819526757934
FEDERALBNK,2026-07-03,2026-07-06,-0.579619880182658,-0.0915154985174138,0.3660806137031125,0.7016529579615183
FEDERALBNK,2026-07-17,2026-07-20,1.1763050985009516,0.49375900880179735,0.6099349921494523,1.8733698622463324
FEDERALBNK,2026-07-21,2026-07-22,-0.19718653719190682,-0.5070388149207794,0.16901580380721537,-0.6056320835167273
FEDERALBNK,2026-08-03,2026-08-04,-0.5928564546172521,-0.9375414183668496,-1.0754154038666863,-0.055144545103769094
FINCABLES,2026-09-09,2026-09-10,0.12570813506573852,-0.480662557516931,1.0204781675317687,4.887966664145171
FINCABLES,2026-09-10,2026-09-11,-2.983586640123126,-2.212705210563881,0.4282655246252709,2.28408279800143
FIVESTAR,2026-07-06,2026-07-07,-0.7835080197137412,-1.4679438463382821,-1.2067745064337054,-1.1977709416156723
FLUOROCHEM,2026-08-13,2026-08-14,1.2513776242752295,2.620721238383683,2.262585216232238,-0.18960142349193632
FSL,2026-07-29,2026-07-30,0.8892758907331322,1.903114186851207,1.6954996181606896,3.4567440257353033
FSL,2026-07-30,2026-07-31,-0.6127970788615267,1.3232298571653978,1.6464695785984862,1.683501683501687
FSL,2026-07-31,2026-08-03,3.0427631578947345,2.5164453606856485,4.0789453606856485,6.25
FSL,2026-08-03,2026-08-04,1.5671024958785917,1.4274650437597014,1.303339707379747,2.622191530498452
FSL,2026-08-04,2026-08-05,0.12048008930252152,0.3012048192771122,0.39156258824359913,2.243979580431099
FSL,2026-08-05,2026-08-06,-0.059598181114084436,-0.1639063665554663,0.16391546134886248,-12.084633964578694
GABRIEL,2026-08-03,2026-08-04,1.831262262916944,2.5310628627779552,2.7141922825375975,0.1177271960840498
GABRIEL,2026-08-04,2026-08-05,1.4935064935065023,1.3636363636363669,3.1493506493506462,2.7922077922077904
GABRIEL,2026-08-05,2026-08-06,-1.3859897951040367,-1.2720698624455018,-1.3163677665458784,-2.1580897482953554
GAIL,2026-06-12,2026-06-15,0.7335129241873295,1.732701865874775,1.599863857124717,1.3110802128122545
GAIL,2026-06-15,2026-06-16,0.5496916723384926,0.15300294876996468,-0.6743751536493203,-0.20968511951636737
GAIL,2026-06-16,2026-06-17,-0.3173330054513812,-0.0793332513628453,-0.016999364815184492,-0.8500028274630145
GLAND,2026-06-11,2026-06-12,-1.0758704017440834,-1.3685092523278541,-1.6998752347556545,-2.526141601985732
GLAND,2026-06-30,2026-07-01,-1.6847172081829176,-2.0457280385078214,-2.318493735584637,-0.7220216606498187
GLAND,2026-07-07,2026-07-08,-1.1840581800752203,-0.6525967632620144,-1.4146131759232072,-2.305588120359514
GLAND,2026-08-10,2026-08-11,3.647225889955208,2.5298664792691605,0.21082220660575413,2.951510892480669
GLAND,2026-08-11,2026-08-12,-1.3972619461686597,-1.7362996976669542,-1.3595873688998283,-1.373291015625
GLAND,2026-08-14,2026-08-17,-0.4488258991850347,-0.13732909707059315,-2.0900369923406714,-2.52546034358605
GLAND,2026-09-04,2026-09-07,2.0233523787935193,2.9477250345745443,2.304086106275771,1.8282087120317314
GLAND,2026-09-07,2026-09-08,-0.2405997172568619,-0.3490358803159954,-1.0945458769273109,0.28126224426041624
GLENMARK,2026-08-24,2026-08-25,0.6649618039552108,0.41403128013979273,0.5227719246154727,0.3722095261705638
GLENMARK,2026-08-25,2026-08-26,1.0278306451069863,1.880170545504467,1.7548258424708418,1.8759985090835096
GLENMARK,2026-08-26,2026-08-27,0.8221235412125161,0.605343753089338,0.32721175997147967,0.6176161912303524
GLENMARK,2026-08-27,2026-08-28,-0.33759247126189385,-0.9680325340755247,-0.8663486529765452,2.2939843855662057
GLENMARK,2026-08-28,2026-08-31,-1.793138105235692,-2.228557484857785,-2.1493903249264923,-1.8327216852013328
GMRAIRPORT,2026-06-15,2026-06-16,1.2617131448188434,0.7792896657908832,-0.10205084833218026,-0.28759398456327245
GMRAIRPORT,2026-06-16,2026-06-17,0.4092594207692146,0.3255496857655915,0.3906596229187098,1.4324257138195629
GMRAIRPORT,2026-06-18,2026-06-19,-0.2544518147648889,0.1908388610736722,-0.17266670285844832,-1.3994919144989182
GMRAIRPORT,2026-06-30,2026-07-01,0.03548697222690578,0.4347035649956421,0.7008524724734011,0.7363394447002847
GMRAIRPORT,2026-07-01,2026-07-02,-0.7122176770241739,-0.5275706373036537,-0.9584137299849194,-1.494772291794777
GMRAIRPORT,2026-07-07,2026-07-08,-0.14930455650276064,0.32496288828263165,0.8167928159059201,-2.503072596911593
GODREJPROP,2026-07-01,2026-07-02,0.22426220255160612,0.19877800275547308,-0.6218119863340976,0.34148578857671197
GODREJPROP,2026-07-02,2026-07-03,0.24240222939528877,0.6716518107302338,0.7423529746825919,0.8181029008005103
GODREJPROP,2026-07-03,2026-07-06,1.3737482415671298,0.9606315794462361,1.4135694967484014,1.8565551381905188
GODREJPROP,2026-07-06,2026-07-07,-1.172514092666066,-1.6249831629195133,-1.5568687092569422,-0.5984201295225811
GODREJPROP,2026-07-08,2026-07-09,2.0553808690014774,1.7990816784051233,1.2965438686000974,2.0101512392200815
GODREJPROP,2026-07-10,2026-07-13,0.951313753485783,0.9654328408592594,0.49448999165961904,1.9685434091801124
GODREJPROP,2026-07-13,2026-07-14,-1.1095076101170775,-1.4032024747533955,-1.1794344168725712,-1.7575028481743749
GRANULES,2026-07-07,2026-07-08,0.28455426330211697,-0.05807200929152101,-0.16260446156358688,0.11614401858304202
GRANULES,2026-07-09,2026-07-10,0.36036173502604907,1.1824324324324342,1.2781504038217983,-0.11261261261261701
GRANULES,2026-07-13,2026-07-14,0.039283373706000546,-0.09541324478611335,-0.22449208050200342,0.6229641532021324
GRAPHITE,2026-08-04,2026-08-05,1.5436263469982503,2.0465216056019475,3.2967852798732933,-1.0127820419447153
GRAPHITE,2026-08-05,2026-08-06,-0.661600794694206,1.1401992268536887,2.231133874046609,1.7736451510302231
GRAPHITE,2026-09-09,2026-09-10,1.7012894478693807,1.647570347464633,0.47158695345805857,-1.528174327370846
GRASIM,2026-06-15,2026-06-16,-1.0251848962791965,-0.6635382925127109,-0.6886978526465137,-1.1666987847095633
GROWW,2026-07-02,2026-07-03,-0.31400671327749263,-0.04831212730221912,-0.7246376811594235,-0.33816277692859664
GVT&D,2026-06-17,2026-06-18,-0.7285089849441428,-2.1466731423020913,-0.9324915007285051,1.8164157357940747
GVT&D,2026-06-18,2026-06-19,1.1643443405229936,1.087993891964123,1.5842718075968598,5.621301775147924
GVT&D,2026-06-19,2026-06-22,-1.7621543466473932,-1.3826134104464094,-1.5091270558467373,-0.6958250497017926
HAL,2026-08-03,2026-08-04,0.06625839500857822,0.14534267873433926,0.0,-0.936133335810152
HAL,2026-08-06,2026-08-07,-0.9100101112234582,-1.0252820083417546,-0.6895874146865544,-0.707785642062686
HAL,2026-08-12,2026-08-13,-1.2724248508801939,-0.27877895362801164,-0.8662060344870381,-1.531291022106207
HAL,2026-08-17,2026-08-18,0.049402232980932936,0.642229028752106,0.7173165633336698,0.7607943879063273
HAVELLS,2026-07-30,2026-07-31,-0.3628027050526561,-0.5678738941199191,-0.3864677277159112,-0.5915292890278145
HAVELLS,2026-08-03,2026-08-04,0.2879339433365713,0.7782101167315147,-0.13229191999026835,0.7782101167315147
HAVELLS,2026-08-04,2026-08-05,0.0,-0.13973501994624105,0.0,0.1475059739208584
HAVELLS,2026-08-17,2026-08-18,0.015400911858010069,-0.11546455455234694,-0.22323335144044387,0.04618394251503233
HCLTECH,2026-07-24,2026-07-27,1.2914248693518093,0.9957932561614147,0.8168663295915479,0.7546250962844558
HCLTECH,2026-07-27,2026-07-28,2.013831758022677,2.705607315286329,2.959262106072247,1.5603419545061392
HCLTECH,2026-07-28,2026-07-29,-0.4915450827399859,-0.25321385770384897,0.2755696266286467,0.11917015822138222
HCLTECH,2026-07-29,2026-07-30,1.1816308488812766,1.4417378690583682,1.062726596877206,0.3195636820855663
HCLTECH,2026-07-30,2026-07-31,2.0157928882041043,1.9544723656267582,2.8972216021142083,3.0888365399207363
HCLTECH,2026-08-03,2026-08-04,-0.5524442724202716,-0.8722832322395568,-0.8577398543745618,-0.4215982382547834
HDFCBANK,2026-07-06,2026-07-07,-0.9271902279903377,-0.5705780437407104,-0.4576494010029686,-1.634472511144136
HDFCBANK,2026-07-07,2026-07-08,0.4179300069086844,0.6178044319730569,0.31495767243336914,-1.9442747175007602
HEG,2026-07-23,2026-07-24,4.856117297679319,5.918903474832571,5.5101395605428705,5.158608582006363
HEG,2026-07-30,2026-07-31,-0.5883276920241043,-0.7467207760938899,-1.116310777119578,-1.1917369321332139
HEG,2026-08-05,2026-08-06,-1.2248169166551248,-0.7464885101919561,-0.2536599417410246,-0.8551999137952571
HEG,2026-08-14,2026-08-17,-0.5617908276249417,-0.13510897523262289,-0.3982346593932595,-0.796469318786519
HEG,2026-08-18,2026-08-19,-1.4801314392689058,-2.000539069637086,-3.4468775913438,-4.291700530398657
HEG,2026-09-01,2026-09-02,-0.7028231860409351,-0.6545855219718955,-1.233378613093561,-2.5838902183101253
HEROMOTOCO,2026-07-30,2026-07-31,-0.7331369216957428,-0.6771719930510178,0.13804500221528127,0.41227679612443335
HEROMOTOCO,2026-07-31,2026-08-03,0.21198156682027403,0.43317972350229716,0.22119815668202314,0.6451612903225712
HEROMOTOCO,2026-08-03,2026-08-04,1.6268382352941257,1.2867647058823595,1.5900735294117618,1.9852941176470518
HEROMOTOCO,2026-08-04,2026-08-05,0.25008931761343334,1.2861736334405238,1.1789924973204746,1.6434440871739842
HEROMOTOCO,2026-08-05,2026-08-06,0.3273467221091675,0.044236043528256275,-0.13270813058480213,-1.7871361585419798
HEROMOTOCO,2026-08-07,2026-08-10,1.6040013797861352,1.681614349775784,1.4401517764746519,1.0693342531907568
HEROMOTOCO,2026-08-10,2026-08-11,1.0774756285274467,1.0774756285274467,0.9577561142466218,0.3164015734564707
HFCL,2026-06-19,2026-06-22,-0.3728755579453513,-0.5800278652199897,-1.394834433038994,-2.9415824312140737
HFCL,2026-06-22,2026-06-23,-0.9392144273683956,0.9392217767516087,1.8350821925620764,-3.140347349489059
HFCL,2026-07-06,2026-07-07,-2.4734186238959954,-2.464519530049103,-1.9529336361785554,-1.9084449549638616
HFCL,2026-07-07,2026-07-08,0.28117692389455495,-0.23582960202311876,-0.04535424195718507,-2.6122424067283045
HFCL,2026-08-24,2026-08-25,-0.39665843350404906,-0.5010425671157392,-0.6722340753033684,-0.9603353034479345
HFCL,2026-08-25,2026-08-26,-0.5973485439772608,-0.8479881300273995,-0.7853314205296003,-1.6500258817465863
HFCL,2026-08-27,2026-08-28,0.673702801635101,2.6988674188308526,2.402602911679219,2.4350649953833514
HFCL,2026-08-28,2026-08-31,-2.1479116918281527,-0.8064528231191082,-1.7427194055723016,-2.049563932976328
HFCL,2026-08-31,2026-09-01,-2.8497829387387097,-2.5049572920228136,-3.618709778984641,-6.2068979281370895
HINDCOPPER,2026-08-17,2026-08-18,-1.2064064341676506,-1.6290947866967387,-0.4755217092423991,-0.22895171203186626
HINDCOPPER,2026-08-21,2026-08-24,-1.205657396106563,-1.0321818164684693,-1.4311735320142627,-1.4832140882838685
HINDCOPPER,2026-08-24,2026-08-25,-1.097484448785524,-1.088264160909902,-1.521719012909073,-1.9644054107666342
HONASA,2026-06-11,2026-06-12,-0.44848198367934966,-0.955974944250404,-0.9087704848300793,-2.100789336647324
HONASA,2026-06-30,2026-07-01,0.9301816714322175,1.3131976537866574,0.984898240339982,1.8165940952994175
HONASA,2026-07-01,2026-07-02,-0.0748276009653881,-0.7161958532369006,-0.05344735435596215,-0.11758156984900126
HONASA,2026-07-06,2026-07-07,-0.3212679416595976,0.20347231086961237,-0.053544656943260716,-0.40693808552622057
HSCL,2026-06-10,2026-06-11,0.8654563210227284,1.9127308238636287,1.949094460227263,-1.6000000000000014
HSCL,2026-06-17,2026-06-18,1.3443363031407252,0.1280266538556063,-0.27740410742846944,-1.842237994473106
HSCL,2026-06-18,2026-06-19,0.05079840042623296,-0.7257420584089513,-2.0683648664654997,-2.3151189381557358
HSCL,2026-07-21,2026-07-22,-0.43625042002688463,-0.39938556067588005,-2.807984711021505,-6.039941556259598
HSCL,2026-08-14,2026-08-17,-0.4081648223254186,-0.1658147695113188,-0.21683829171317281,0.0
HYUNDAI,2026-06-15,2026-06-16,-1.8084701025554484,-1.8378749044942189,-1.9260952929762265,-3.205255029971066
HYUNDAI,2026-08-13,2026-08-14,0.2548256766665036,0.01788843944048324,-0.3084582522678181,-1.694304796743018
ICICIBANK,2026-06-24,2026-06-25,0.4782244549446757,0.6448825861535168,0.5217066422402272,0.5361948079827039
ICICIBANK,2026-07-03,2026-07-06,0.8558477272629261,0.8275534564857967,0.8770619546963676,0.9265790871061164
ICICIBANK,2026-07-06,2026-07-07,-0.16768463007457157,-0.2724917884853739,-0.4401849477883246,-1.3415282159668807
ICICIBANK,2026-07-17,2026-07-20,-0.4891811675973856,0.2962606232246978,0.2549229095795802,0.6132027190543399
ICICIBANK,2026-07-20,2026-07-21,-0.3746083764415098,-0.6266143221522302,-0.28606125265995264,-0.3473624680253473
IDBI,2026-07-14,2026-07-15,0.3304100793197984,1.3672150205459976,-0.09114071404772162,-2.016630637761596
IDEA,2026-08-25,2026-08-26,-0.9162263880564514,-1.2434527729298317,-0.7853395789016004,-1.4397861073241924
IDEA,2026-09-07,2026-09-08,-1.2226485254163588,-0.8365515750324182,-0.3861030872843396,-0.7722000376683025
IDEA,2026-09-09,2026-09-10,-1.723040564448608,-2.1059344103340982,-3.5737103821963823,-4.9138510147715415
IDFCFIRSTB,2026-06-12,2026-06-15,-0.6399590651183895,-0.8959387851655953,0.9087407006680648,0.2175935035405363
IDFCFIRSTB,2026-06-15,2026-06-16,-0.8914887648610259,-0.6877143520363282,-0.9296940381409491,-1.158935394319327
IDFCFIRSTB,2026-06-22,2026-06-23,-1.1057266906066676,-1.2051201968533598,-1.4287508465651855,-2.3356905246784687
IDFCFIRSTB,2026-07-27,2026-07-28,1.4270539820823158,1.2029680764864992,1.839836704504716,1.3091173468171124
IFCI,2026-06-12,2026-06-15,0.1367933373434438,1.3793879020000288,1.9835816684403706,1.4591869145970549
IFCI,2026-06-15,2026-06-16,0.3013440592177341,0.5022372603797454,-0.7589289249510189,-0.7924097059864632
IFCI,2026-06-17,2026-06-18,2.212879022768899,2.677590033062671,-3.850404772398286,-8.729807069506235
IFCI,2026-08-25,2026-08-26,0.5269490316242464,2.6946107784431073,3.5688662957288564,2.8742533244058732
IFCI,2026-08-26,2026-08-27,1.09200138477763,0.9526018556941906,0.5460051239608132,-2.1027011494965997
IFCI,2026-08-27,2026-08-28,3.405318922817835,4.532510382241006,6.324159834188303,6.7394404217422155
IFCI,2026-08-28,2026-08-31,-0.5980076381811528,-0.3433058444201609,-0.6201607630813566,-0.6644585639401401
IFCI,2026-09-02,2026-09-03,0.4769087536829142,0.15220080349021003,0.1319099435742377,-2.89193913268454
IFCI,2026-09-03,2026-09-04,4.663212435233155,5.036270062540482,7.647665547583382,6.062174584581448
IFCI,2026-09-04,2026-09-07,-0.0478956427461541,1.5804612085852154,-1.4176277158068018,-2.021073352023406
IIFL,2026-06-16,2026-06-17,-0.5430134716210233,-0.9456020800297171,-0.4400291432734793,-0.5430134716210233
IIFL,2026-07-16,2026-07-17,-2.438162423111867,-2.596033753160154,-2.9643859152136964,-2.6135702538124805
IIFL,2026-07-21,2026-07-22,0.2787413912783032,0.4181227202199489,-1.5156815691692027,-0.8710801393728262
IIFL,2026-07-22,2026-07-23,-3.10729194608369,-2.8068627615343344,-3.519313304721028,-2.497851981625532
IIFL,2026-07-28,2026-07-29,1.3117567644005623,2.274271820432272,0.8006835105675014,0.7666098807495692
IIFL,2026-07-29,2026-07-30,0.9712022674862819,1.8676849765049797,0.6972710844630914,0.9379969524471843
IIFL,2026-07-30,2026-07-31,0.31763334326890824,1.286848520073991,0.7167231151531173,-0.8551881073813106
IIFL,2026-07-31,2026-08-03,-0.5812029901631321,0.18009768223286038,0.18009768223286038,1.1542219931016673
IIFL,2026-08-10,2026-08-11,-0.38314564503848514,0.20753316447981174,-0.05588068445897543,-1.1414470203366722
IIFL,2026-08-13,2026-08-14,-0.8098795748290644,-0.6054468427865389,-0.17298892575249303,-0.7469727657860692
IIFL,2026-08-14,2026-08-17,-0.4990532878870302,-0.06337522280200902,0.39607096825911015,-0.41983909423520815
IIFL,2026-08-20,2026-08-21,3.0324111750096527,4.444442560643336,4.884263026861491,5.092592592592582
IIFL,2026-08-21,2026-08-24,1.6652095852480064,1.4022841021688937,1.0444090956829077,1.7236414327981064
IIFL,2026-08-24,2026-08-25,2.4979139794931937,2.0347771106899115,2.3536558024920717,1.1692373167960568
INDHOTEL,2026-06-15,2026-06-16,0.28901734104045396,0.3323681781746801,0.4263023420565393,0.2601138429145555
INDHOTEL,2026-06-18,2026-06-19,0.30274777230068217,1.4574350813375103,1.4996779571603058,1.5419208329831013
INDHOTEL,2026-06-19,2026-06-22,0.36388938057843045,0.12358728651733486,0.048057066383444536,0.6522485410229928
INDHOTEL,2026-06-22,2026-06-23,-0.26747304570081676,-0.5280811536109375,-0.4732202544129205,-0.6858240290403605
INDHOTEL,2026-07-06,2026-07-07,0.24925566633129392,-0.24926388987686066,-0.07410236916236546,0.5119897238574422
INDHOTEL,2026-07-07,2026-07-08,-1.0254993707061844,-0.708406446221943,-0.24962564389168218,-2.455802424967768
INDIGO,2026-06-12,2026-06-15,1.1442703777783558,0.9755073542652815,1.228651889534893,0.5556698909240598
INDIGO,2026-06-15,2026-06-16,-1.0426789570630035,-1.3414634146341475,-1.5426809419461396,-1.49797144944106
INDIGO,2026-06-18,2026-06-19,-0.3658887678230305,-0.3578835171595962,-0.5018413540901046,0.3678803179880896
INDIGO,2026-06-24,2026-06-25,1.6615533371613145,2.4658377781198837,3.031673689678893,3.2095606355990958
INDUSINDBK,2026-07-03,2026-07-06,1.3684441780140943,2.1978035189305745,3.0064276108222154,4.685881541679993
INDUSINDBK,2026-07-06,2026-07-07,0.6595877106120085,0.8480448015718789,1.3786910544147046,1.3935714761808216
INDUSINDBK,2026-07-07,2026-07-08,-0.3057386048396893,0.192318376996381,0.9467898289227783,-1.9034456887040418
INDUSINDBK,2026-07-21,2026-07-22,-0.1930069489627484,0.1694801684871461,0.17889317933692528,0.6779091806508486
INDUSINDBK,2026-07-22,2026-07-23,-2.977658912905623,-2.388886624072939,-2.3937114675276816,-3.0934846115182157
INFY,2026-08-10,2026-08-11,0.17686983067255468,0.02526124361812432,-0.10949623302114464,0.28635578235727266
IPCALAB,2026-08-25,2026-08-26,1.7816671259494044,1.6992790937178093,0.43769309989700744,0.4119464469618972
IPCALAB,2026-08-26,2026-08-27,-0.12774655084312192,-0.3372496467009434,-0.11241446969213476,0.20439448134901284
JBMA,2026-06-19,2026-06-22,-0.4632185850221404,-0.13623978201634523,-0.34059945504086864,-1.0899182561307952
JINDALSTEL,2026-08-20,2026-08-21,0.8910273157736848,0.11582702497161534,0.4365946832904699,0.4900650236755233
JSWCEMENT,2026-06-15,2026-06-16,-0.28516001324663254,-0.47013534516497923,-0.8940297973867972,-0.20809577838992732
JSWCEMENT,2026-06-17,2026-06-18,0.2601150030042465,0.21421372880028322,-0.038254953094196686,0.007646321109766596
JSWINFRA,2026-06-23,2026-06-24,2.5843090206425057,4.018279385601198,5.515285431217332,6.649860357789517
JSWINFRA,2026-06-24,2026-06-25,-0.9564450019875048,-1.030017694448082,-3.119474975495229,-2.8840459520380057
JSWINFRA,2026-07-13,2026-07-14,-1.472268175015612,-2.358490648342393,-1.229270423964024,-1.700966808773774
JSWSTEEL,2026-08-26,2026-08-27,-0.7783543365455947,-0.7190475294199361,-0.555967383246847,-0.8524833209785032
JSWSTEEL,2026-08-27,2026-08-28,-0.0524897766685406,-0.1049887074662581,-0.0524897766685406,0.104988707466247
JUBLFOOD,2026-08-10,2026-08-11,-0.7288199239899651,-0.19232962517533592,-0.4555116802096415,-1.1640854049802085
JUBLFOOD,2026-08-13,2026-08-14,2.0558323757954744,2.458936280784596,2.03567595037053,1.6023404826827292
JUBLFOOD,2026-08-14,2026-08-17,-0.07912836725704198,-0.039567202182255734,0.6528165762549332,1.1869436201780381
JUBLFOOD,2026-08-26,2026-08-27,-0.94990503268777,-0.49995001720408716,-0.3699581304066224,0.7899234683446776
JYOTICNC,2026-06-24,2026-06-25,-1.1083523882711388,-1.9427988741756663,-2.3823188631404313,-2.286771377525243
JYOTICNC,2026-07-10,2026-07-13,0.8951797222072955,0.33014242415012607,0.6602770982961692,0.0698352868381047
JYOTICNC,2026-07-15,2026-07-16,-1.059958814903128,-1.503660755405145,-1.010655255884263,-1.0291459711830653
JYOTICNC,2026-07-16,2026-07-17,-0.4786221412534375,-1.7466494780826625,-1.019394823241615,-2.6603709304522494
JYOTICNC,2026-08-18,2026-08-19,-1.3506228613966775,-0.9793409924176877,-0.4089526197856075,2.3084386488634534
JYOTICNC,2026-08-19,2026-08-20,1.1263170744243434,0.7210500616776416,0.3157894736842026,-0.026315789473685403
JYOTICNC,2026-08-21,2026-08-24,-1.2709336605615351,-1.2104094920808772,-0.9078071190606662,-1.1246746156428955
JYOTICNC,2026-08-24,2026-08-25,2.116806937005866,0.9640410310666869,1.3976038976823535,1.5812292782453552
JYOTICNC,2026-08-25,2026-08-26,0.6813708003482244,-0.17160573008986324,-0.43910932356424626,2.225810048913157
JYOTICNC,2026-08-26,2026-08-27,0.30987402999251845,-0.3443018092596506,-0.2557646566483496,1.2394901158230054
JYOTICNC,2026-08-27,2026-08-28,-0.941880021539665,-0.44180481290236884,1.0681167413478354,0.9273242758190525
JYOTICNC,2026-08-28,2026-08-31,-3.4481074483965757,-3.6129970902036845,-3.583900311060262,-3.4966040536342113
JYOTICNC,2026-09-08,2026-09-09,-0.1454686480614087,-0.3054865285827324,-0.6497670643022757,-2.0511103053196145
KALYANKJIL,2026-06-30,2026-07-01,0.2968492293759839,-0.05162150041398972,-0.19359835101091516,-1.122872011370768
KALYANKJIL,2026-07-09,2026-07-10,4.140966474222174,3.292954230623635,3.579295154185025,5.7709277989055785
KALYANKJIL,2026-07-10,2026-07-13,5.603992960837134,7.624409752280581,9.772439603170223,8.8260312468319
KALYANKJIL,2026-07-13,2026-07-14,0.912712320733311,1.9710579936495831,2.7284177997688897,2.9808671175962864
KALYANKJIL,2026-07-14,2026-07-15,-0.3464373756437267,0.5430757329704994,1.067418016297994,1.9850141546699396
KALYANKJIL,2026-07-15,2026-07-16,-0.29438373246319927,-1.3523414141559331,-0.8279668813247487,0.6439742410303539
KALYANKJIL,2026-07-16,2026-07-17,2.9740532644649376,2.826276811329831,3.2603722564056303,5.495520705953605
KALYANKJIL,2026-07-17,2026-07-20,-0.5934242676713497,0.09599228226737644,-1.003577952263357,-0.5148812538929293
KALYANKJIL,2026-07-21,2026-07-22,2.922045412736929,3.5289993452467527,2.939382719891137,3.164831219515496
KALYANKJIL,2026-07-22,2026-07-23,0.06691050102836105,-0.5352431717905115,-0.49342666092506704,-1.931920760162098
KALYANKJIL,2026-07-28,2026-07-29,0.7176683394673811,0.12232915182930348,2.5444523311528133,2.756487536622587
KALYANKJIL,2026-07-29,2026-07-30,-0.11093695832508077,0.8716323296354966,1.6006300453149658,0.12678094975733245
KALYANKJIL,2026-07-30,2026-07-31,0.04733751513481543,-0.8046029474439997,-1.5066637470705357,-3.226307795148342
KARURVYSYA,2026-07-21,2026-07-22,-0.3067090088584301,-0.8032714914479877,0.8178728619978815,-1.270631232937769
KARURVYSYA,2026-07-22,2026-07-23,0.11835889392994847,0.1331503693444036,0.1923343314117698,-0.014800505619227966
KARURVYSYA,2026-08-03,2026-08-04,-0.329228152497385,-0.2576564351378652,-0.18608471777835645,-2.247344935663209
KAYNES,2026-08-24,2026-08-25,0.8166969147005432,3.004923576451901,2.3904576399241595,2.0482240082966063
KAYNES,2026-08-25,2026-08-26,0.3598294857506179,0.34715938986806805,2.120972813426336,2.17165319695658
KAYNES,2026-08-26,2026-08-27,1.4402960782027296,0.8407972345304771,0.5671653937344479,-0.029849531638681537
KEI,2026-06-15,2026-06-16,-1.280761138047759,-1.6558411856188782,-1.9943280578172184,-1.3630957826365364
KEI,2026-06-17,2026-06-18,0.21214531954387716,-0.9458145496331616,-0.5922390170600145,-0.4596481923450857
KEI,2026-08-17,2026-08-18,-1.2208028490110934,-0.9126216691715872,-0.9211349155002102,-1.416607514569379
KFINTECH,2026-08-17,2026-08-18,-3.000510782690091,-2.6984101982526987,-2.611367127496156,-1.935486371127737
KFINTECH,2026-08-21,2026-08-24,-0.10163634263506971,-0.23376855077267278,-0.41163215038404477,-1.4229087968909648
KIRLOSENG,2026-06-23,2026-06-24,0.6117205416833249,1.7495167666586875,3.2992088055897595,4.54712269317934
KIRLOSENG,2026-07-13,2026-07-14,-2.018988536075561,-2.931461601981833,-1.073492981007429,-2.431870451847651
KOTAKBANK,2026-08-26,2026-08-27,2.3611657869594405,2.3611657869594405,2.2406983698517458,2.2406983698517458
KOTAKBANK,2026-08-27,2026-08-28,0.25998725777529597,0.24816539300920315,0.6263280213321565,0.1418118872276386
KPRMILL,2026-06-24,2026-06-25,-3.4088589508062817,-3.3272096346193103,-3.555831706725865,-2.7311656396713624
LALPATHLAB,2026-07-07,2026-07-08,0.20823416815345386,0.2379819064610933,-0.16659023957532604,-1.4278914387665043
LALPATHLAB,2026-07-13,2026-07-14,0.8080808080808133,-0.60606060606061,0.46176046176045205,0.8023102114899094
LAURUSLABS,2026-06-23,2026-06-24,-1.1388156613249656,-1.8059332094423897,-0.9164404033650597,-2.0080895436741963
LAURUSLABS,2026-06-29,2026-06-30,-0.31423088355339024,-0.5081216710599579,-0.31423088355339024,1.450830644554446
LAURUSLABS,2026-07-03,2026-07-06,-0.4275703349523652,-0.7838802654388743,-1.2568038818929428,-0.9652775751312515
LAURUSLABS,2026-07-13,2026-07-14,0.5716503484166857,0.73222584849999,0.8157204041829624,0.24407005576627672
LAURUSLABS,2026-07-21,2026-07-22,-1.0515018061518444,-1.3096541617738322,0.01889238366388213,-0.6044563582094375
LAURUSLABS,2026-07-24,2026-07-27,1.3206388206388198,2.3587238583576475,3.095824595458385,5.098280098280106
LAURUSLABS,2026-07-27,2026-07-28,1.4018691588784993,1.2850467289719614,1.9100438768618666,2.511682242990654
LAURUSLABS,2026-07-28,2026-07-29,1.2805969492659885,1.3485905541319676,1.2352632680562525,0.9349501101247437
LAURUSLABS,2026-07-29,2026-07-30,-0.05042153580182562,-0.41456719406512965,-0.3361344537815114,-0.20728017769607865
LAURUSLABS,2026-07-31,2026-08-03,0.02201080712493919,0.5502365943471421,0.3741568541028695,-0.3301419566082875
LAURUSLABS,2026-08-03,2026-08-04,0.5574245515672871,0.5960553348579589,0.9658369537060452,2.102763677496955
LAURUSLABS,2026-08-04,2026-08-05,0.05403944879762701,-0.4323155903809828,-0.36747089046879067,-0.8376114563631409
LAURUSLABS,2026-08-10,2026-08-11,-0.33540444532729197,-0.3949174372802289,-0.5409791723018698,0.5139302136867752
LAURUSLABS,2026-08-26,2026-08-27,0.0899445064484139,0.3544947709986701,0.8994708994708889,2.084657376405419
LAURUSLABS,2026-08-27,2026-08-28,-0.35255333139670997,-0.5132737538075749,-0.3629199410406958,0.5029008153420778
LAURUSLABS,2026-08-31,2026-09-01,-0.6024427479734196,-1.6910637411766238,-2.335785663037948,-1.6223681472290585
LENSKART,2026-07-03,2026-07-06,-0.8032856138662559,-1.6532740122834233,-1.3076779674254912,0.14010835365272367
LENSKART,2026-07-09,2026-07-10,-0.8722977672549481,-0.6924416521470356,-1.3669020838017132,-2.1582733812949617
LENSKART,2026-07-27,2026-07-28,-0.7805562817822298,-1.254159565882751,-1.4821876045846727,-2.6135702538124805
LENSKART,2026-08-10,2026-08-11,0.27230032123439774,-0.45098085245217634,-0.22974398264590246,0.27230032123439774
LENSKART,2026-08-13,2026-08-14,1.9047659839703357,1.1612384639985374,1.854632512270249,2.2556390977443552
LENSKART,2026-08-18,2026-08-19,-0.6990823392736045,0.28598470339185056,1.4458174821980752,1.6205832183388669
LENSKART,2026-08-19,2026-08-20,0.2870404322633746,-0.29480596028897965,-0.5430566330488773,1.8851860999321124
LENSKART,2026-08-20,2026-08-21,-1.9230713915561193,-1.5962298867212343,-1.2161751517876018,0.49407115541371116
LENSKART,2026-08-21,2026-08-24,-0.4356916293984825,-1.089242828414727,-1.487374360281668,-1.592544467359125
LENSKART,2026-08-24,2026-08-25,0.7711764551272093,1.038413236870106,0.7711764551272093,0.16798299795452998
LENSKART,2026-09-04,2026-09-07,-0.42859396474645983,0.38501009168396827,-0.1525479894799231,0.04358387306246936
LENSKART,2026-09-10,2026-09-11,-0.7289243478563523,-0.7361396760678818,-0.317553730628628,-1.5949751714301241
LGEINDIA,2026-08-14,2026-08-17,-1.5235470723766742,-2.3314879545037304,-3.1509750760438604,-4.028165215907631
LGEINDIA,2026-08-17,2026-08-18,0.7419948839010093,0.8686749615865574,0.13874940555431703,-0.5851451684617537
LICI,2026-07-10,2026-07-13,0.3424657534246478,0.7990867579908745,0.6963442449700263,0.6849315068493178
LLOYDSME,2026-07-27,2026-07-28,-1.228454935025436,-1.5008940011524974,-1.1293861837065045,-1.6742643159606274
LLOYDSME,2026-07-29,2026-07-30,0.9850215567968723,0.15267807075760587,0.054175313864801566,-0.7535484950824123
LLOYDSME,2026-07-31,2026-08-03,-0.20463610269513266,0.17053206814146016,0.3703029632563748,-0.08769269017430137
LLOYDSME,2026-08-10,2026-08-11,-0.7815522129095864,-0.5291214729975735,-1.5291262135922357,-3.582526642141992
LODHA,2026-07-01,2026-07-02,-0.4550898028127359,0.31506545834392163,0.735150701223608,0.6401304753154147
LODHA,2026-07-02,2026-07-03,1.8972423887384737,2.9610697567367117,2.794391540128993,4.118050690716402
LODHA,2026-07-03,2026-07-06,-0.04706768116518045,1.7603266791245797,2.4475194205894946,3.1629458760736417
LODHA,2026-07-06,2026-07-07,0.5753883110180658,-0.3699012455764983,0.0684994048110843,0.5571262626651086
LODHA,2026-07-07,2026-07-08,1.444245779536102,2.463432465436477,3.3089534892024597,1.9286997793361627
LODHA,2026-07-08,2026-07-09,2.808758237610065,3.4364460445360123,3.3957982014845234,8.647550237073842
LODHA,2026-07-09,2026-07-10,-3.030813402027488,-2.861730251900252,-2.9462718269638755,3.204127758914499
LODHA,2026-07-28,2026-07-29,0.647335097906554,0.3256028445912218,1.8644799056219297,1.0272113922952242
LODHA,2026-07-29,2026-07-30,-0.011544779843208897,0.6040766130001929,1.4159310822672078,-0.7656753498941904
LTF,2026-06-30,2026-07-01,-0.8919999513896437,-0.8442159757920398,-0.2548543512340906,-0.2548543512340906
LTF,2026-07-01,2026-07-02,-0.14333880857901882,-0.3025998312128686,-0.27074568258181886,0.3344442593225194
LTF,2026-07-03,2026-07-06,-0.8041250173400627,-0.1820590526965593,-0.5006809156736902,2.0330791853163
LTF,2026-07-06,2026-07-07,0.4613745309268058,-0.7441583298587129,-0.9525262958047565,-0.5506789808882528
LTF,2026-07-07,2026-07-08,-1.143292682926833,-1.1737823486328125,0.0,-4.024393965558303
LTFOODS,2026-08-24,2026-08-25,-2.148655597325899,-2.4775308395813322,-2.7406270187953052,-2.5433032116388365
LTFOODS,2026-09-08,2026-09-09,0.13223275008609203,0.16528925619834212,-0.3966915246211955,-0.253442181043384
LTM,2026-07-28,2026-07-29,0.05637995331475576,-0.4127078652897964,-0.3247573404607018,-0.5886089149479745
LTM,2026-07-29,2026-07-30,0.13698849441388106,1.0195351974792377,0.5389624971928964,-0.2605007333539189
LTM,2026-07-30,2026-07-31,1.22730188205169,1.2157017608847909,1.1925015185510146,1.2017793498358742
LTM,2026-08-03,2026-08-04,-1.3368911580490361,-1.9296375266524501,-2.1513838452825174,-2.7931769722814526
LTM,2026-08-10,2026-08-11,0.06455846847668312,-0.5435255655195759,-0.020824656393170216,0.9995835068721259
LTM,2026-08-11,2026-08-12,-0.4555808656036442,-0.9297971079674894,-2.383518278240837,-1.3853779735711336
LUPIN,2026-06-30,2026-07-01,-0.7904467341241284,-0.9757081585786365,-1.189786016622063,-1.309182743026971
LUPIN,2026-07-03,2026-07-06,-0.060245801694236434,-0.232952394344077,-0.1245119124207994,-0.052214989261367695
LUPIN,2026-07-06,2026-07-07,0.15605851715685404,-0.016002494747902052,-0.12004801920768582,-0.3961545555722257
M&M,2026-07-28,2026-07-29,0.6124344197516729,0.030469226081653034,-1.051188299817185,-1.8342459223606
M&M,2026-07-31,2026-08-03,-1.3728323699422007,-1.505783169255781,-1.6416199083273075,-0.9075116284320783
M&M,2026-08-05,2026-08-06,-0.5365585000720152,-0.38284032442189586,-0.4408466487540008,-1.2152296624176384
M&M,2026-08-07,2026-08-10,0.1996007984031989,0.1996007984031989,0.32506137279013636,0.2851439977188397
M&M,2026-08-10,2026-08-11,-0.1595560310656441,-0.33335093193646026,-0.2649737506052574,-1.4160336908214832
M&MFIN,2026-07-06,2026-07-07,-0.18127072613765005,-0.07552870090634656,-0.22658610271902857,0.5740162829257933
M&MFIN,2026-07-10,2026-07-13,0.22638093197535625,1.1620906264329545,1.1168162823306238,0.4829478305068635
M&MFIN,2026-07-21,2026-07-22,2.0971319623384055,3.518211979783281,4.1252793760536255,4.346026563261707
M&MFIN,2026-07-22,2026-07-23,-0.4171200982475587,-0.40365984267022315,-0.6324020626794602,-0.4305721413443431
M&MFIN,2026-07-29,2026-07-30,0.38250669982056174,0.6757602799259077,1.2750223327352206,0.21675535298872894
M&MFIN,2026-07-30,2026-07-31,0.12635834838903293,-0.39171550738693606,-0.17690477266527616,-2.514534217862352
M&MFIN,2026-08-03,2026-08-04,0.0,0.22559064267362317,1.2407523594420544,-0.7645113967220896
M&MFIN,2026-08-10,2026-08-11,0.04854513497443147,-0.19420276413170123,-0.8496176468714478,-2.9129747892735147
MAHABANK,2026-06-10,2026-06-11,0.47715795913381154,0.03578525425460555,-0.4652265073719297,-0.8946677604892539
MAHABANK,2026-06-12,2026-06-15,1.0605917528334396,0.3723365015019908,1.2411216716732953,0.21437712658727293
MAHABANK,2026-06-15,2026-06-16,-1.670378562387631,-2.0267256491909413,-2.049002121107546,-1.792873669974837
MAHABANK,2026-06-29,2026-06-30,-2.0554605749562582,-2.333797473192978,-1.595124113851687,-2.258859359415133
MANAPPURAM,2026-07-03,2026-07-06,1.2193263675791988,1.478435081234153,4.465790263436342,6.050908959656143
MANAPPURAM,2026-07-06,2026-07-07,-1.2470962718103773,-0.9425754394026931,-0.7395556505935486,-0.7540532708773307
MANAPPURAM,2026-07-21,2026-07-22,-0.526167824630519,-0.6541576423834683,0.1706501971274088,-0.02844314612616694
MANAPPURAM,2026-07-23,2026-07-24,0.5630089952619599,0.3609065910125553,0.7362459211871952,1.905588562785554
MANAPPURAM,2026-07-27,2026-07-28,-1.2076640633247315,-0.8745209070820215,-0.13881176653393057,0.4997189705630012
MANAPPURAM,2026-07-29,2026-07-30,0.5809224158410453,0.8511196553731892,0.0,-0.4728451691812574
MANAPPURAM,2026-07-30,2026-07-31,1.1154961881879144,1.0474782291883145,0.43531659819207036,1.169913876576989
MANKIND,2026-07-15,2026-07-16,-0.3488926529642722,-0.5370634558920839,-0.1842467894391575,-0.1920852456518629
MAPMYINDIA,2026-07-14,2026-07-15,-0.6995972016111907,0.06359974560101733,-0.4833539259592956,-0.3900763693820197
MAPMYINDIA,2026-07-29,2026-07-30,0.1326415249450763,1.5018012317966623,1.8569291199332039,0.7701523351040018
MARICO,2026-07-28,2026-07-29,-0.8023546643921797,-0.9266597333931426,-1.3334894906278705,-0.9040569306456026
MARUTI,2026-06-30,2026-07-01,0.6768189509306355,1.621545403271285,1.5369430344049695,1.487591652566267
MARUTI,2026-07-01,2026-07-02,-0.6014933628318619,-0.4908738938053103,-1.0923672566371723,-0.8019911504424826
MAXHEALTH,2026-06-19,2026-06-22,-1.704577950856756,-1.8686476539423347,-1.4903693476624236,-0.18230708818949282
MAXHEALTH,2026-06-29,2026-06-30,0.15696959477873307,-0.1918422648245044,-0.3270111183780289,-1.5260518857641125
MAXHEALTH,2026-07-06,2026-07-07,0.5200550387009617,0.5112427349603266,0.23798600016526894,-1.7452665339907414
MAZDOCK,2026-08-26,2026-08-27,0.1255010012597424,-0.36509213372314386,-0.8176459402928327,-1.5782468149838413
MCX,2026-08-21,2026-08-24,1.6095259176141852,1.0407241096443753,1.397004464606244,2.1345766750132444
MCX,2026-08-24,2026-08-25,0.2770038429610544,-0.29831811929008634,-0.6240296913517351,-0.155249383721634
MCX,2026-08-25,2026-08-26,-1.08820558786753,-0.30312215822976274,-0.23037580043194783,1.5459230069718055
MCX,2026-08-26,2026-08-27,0.02699977028952638,-0.7770747777902764,-0.9180947391614125,-1.8001800180017957
MCX,2026-08-31,2026-09-01,-1.0419767788032108,-0.8335814230425731,-1.0241114124367345,-1.6671628460851462
MEESHO,2026-08-20,2026-08-21,-1.0290691986498013,-1.5933991028379002,-2.759990610421048,-2.3094775121899502
MEESHO,2026-08-24,2026-08-25,-0.632635659645786,-1.0316853955445127,-0.9246236335015534,-0.33578394226537744
MEESHO,2026-09-02,2026-09-03,-2.075019146016366,-2.145435511610705,-1.7745640471229507,-1.5351340772730149
MEESHO,2026-09-03,2026-09-04,1.1110060163516122,1.420940163166895,2.5891630002743193,0.12397220356787919
MEESHO,2026-09-04,2026-09-07,-0.6443943214871628,0.40573083700028434,0.062054836664682256,0.3818630318653149
MEESHO,2026-09-09,2026-09-10,-0.694444444444442,-0.9953675446687016,-1.212960702401622,0.8333347461841667
MEESHO,2026-09-10,2026-09-11,1.1770126275316262,1.2743280635359566,1.2511570482205414,1.6821082357227013
MOTHERSON,2026-06-15,2026-06-16,-0.432052500203961,-0.5603198566767831,0.22277851898793166,-0.35779299387465047
MOTHERSON,2026-08-03,2026-08-04,-0.43884652415216996,-1.2132879387221962,-1.2455583825702998,-2.549207503089912
MOTHERSON,2026-08-04,2026-08-05,0.9876868691821361,1.2181511575661164,1.8239312316587153,1.6329828577491323
MOTHERSON,2026-08-06,2026-08-07,4.769848155608503,5.604413871793468,7.665148689680801,8.172302354998152
MOTHERSON,2026-08-07,2026-08-10,-0.2941176470588225,-0.8000003590303284,-0.13529160443473964,-1.1823497099034963
MOTHERSON,2026-08-10,2026-08-11,-0.04740006614131209,-0.5332349229728583,0.2666174614864403,0.2843913562096345
MOTHERSON,2026-08-19,2026-08-20,-0.46715506671989315,-0.42627487739507197,-0.6306580035355891,-0.9751814125228075
MOTILALOFS,2026-08-26,2026-08-27,0.37142206401805655,-0.5691982187191802,-0.7090924036480151,0.14952744052878497
MOTILALOFS,2026-09-07,2026-09-08,-1.3320647002854402,-0.6660323501427201,-0.7611798287345373,0.04757373929591413
MPHASIS,2026-08-07,2026-08-10,-0.1245969830221183,0.48229570873390415,1.1333929530583875,0.7998031253845239
MPHASIS,2026-08-11,2026-08-12,-1.0528371913199885,-1.5733399977819418,-2.1687697160883257,0.06309533344834861
MPHASIS,2026-08-14,2026-08-17,-1.4166822580362393,-1.5982004829824148,-1.0299552760520192,-0.9510317954109171
MPHASIS,2026-09-01,2026-09-02,-0.4224502112251005,0.18105009052504784,-0.6276442428585827,-0.22128344397505106
MRPL,2026-07-22,2026-07-23,1.740520567040571,1.3168458740029143,3.767320332698576,0.5324588665304164
MRPL,2026-07-23,2026-07-24,-2.7452550665180486,-3.660340088690739,-3.9047374229038256,-3.597818428565036
MRPL,2026-08-11,2026-08-12,-0.8398274415992724,-0.8287015950356524,-1.963291835028902,-3.1145750881347856
MRPL,2026-09-09,2026-09-10,-0.2109245010937233,-0.6814464837361589,-2.0281233768452256,-1.936174521601064
NAM-INDIA,2026-07-01,2026-07-02,0.62447960033305,0.5412156536219737,0.9991673605328932,1.0158160842526964
NAM-INDIA,2026-07-02,2026-07-03,-0.032737900488566396,0.04091987805956432,-0.5565143376918935,-0.4173807581666189
NAM-INDIA,2026-08-20,2026-08-21,1.1110269656503302,0.9488341151436597,2.2139363692025738,1.4516279919279729
NAUKRI,2026-07-28,2026-07-29,0.9439563454978872,0.4039779657259768,0.4759770360757143,-0.1759988125475398
NAUKRI,2026-07-29,2026-07-30,0.5467732534289782,0.6545299211590194,-0.39910598699904876,-0.698435477248327
NAUKRI,2026-08-04,2026-08-05,-0.2908538041729636,-0.5031070306494301,-2.2718359381109887,-2.3661643081215544
NAUKRI,2026-08-10,2026-08-11,2.758030786351018,4.156360147023808,5.461986235968963,5.067983185154268
NAUKRI,2026-08-11,2026-08-12,-1.6862170087976525,-2.170086186652309,-1.2536638992622806,-1.832844574780057
NAVINFLUOR,2026-08-26,2026-08-27,-0.8539010410574366,-0.23979412796818478,-0.28073458884080305,0.17545911802550052
NAVINFLUOR,2026-08-31,2026-09-01,-0.08651516899296219,0.06344445726149672,-0.10381820279156129,-0.38066674356903585
NAVINFLUOR,2026-09-09,2026-09-10,0.344234079173833,0.24096385542169418,-0.16064257028112205,-0.16637980493402482
NBCC,2026-06-15,2026-06-16,0.30706413632299867,1.8144569890137463,1.0793672834641832,1.5260066725787835
NBCC,2026-06-16,2026-06-17,0.06394418018054182,-0.2101062888177907,-0.15529201338235765,3.0693345874523548
NBCC,2026-06-17,2026-06-18,-1.323918763986942,-1.3680520829727816,-2.577233644915189,-2.956757293276724
NBCC,2026-06-18,2026-06-19,0.182146578035991,1.0928933651090489,2.3315095514041317,1.73041333668158
NESTLEIND,2026-07-22,2026-07-23,-2.860201024447595,-2.3189035469158625,-2.198611592975952,-3.3279903779488973
NESTLEIND,2026-07-30,2026-07-31,-0.7991060170343567,-0.9890598066992107,-1.218312450436665,-1.120061317406329
NESTLEIND,2026-08-07,2026-08-10,0.07148268462657814,-0.22744995379129218,-0.6693558942871713,-0.6628589107438243
NETWEB,2026-06-17,2026-06-18,5.067455076528016,5.128779688138807,5.355682747342594,4.121015896489166
NETWEB,2026-06-18,2026-06-19,1.3189574657030967,0.3410073952719195,0.025473879225867968,-0.440960313571781
NETWEB,2026-06-19,2026-06-22,0.2600157319159413,-0.28543690432550894,-1.3255093780547456,-0.07624442509774898
NETWEB,2026-08-13,2026-08-14,-1.2057729867788414,-1.8461538461538418,-2.3884652944711537,-3.769230769230769
NETWEB,2026-08-14,2026-08-17,2.9185009920872362,2.854748274036689,2.681427259354896,3.97035274882771
NETWEB,2026-08-18,2026-08-19,-4.148432954514714,-3.339026234262954,-3.772839039759679,-4.873331043946594
NETWEB,2026-08-20,2026-08-21,2.524477007797543,1.8010759359191608,4.160479977770493,3.2924023143182657
NETWEB,2026-08-21,2026-08-24,0.39306771484723946,-0.7968572030775389,-1.7956047882794368,-2.5460067893514404
NETWEB,2026-08-24,2026-08-25,-1.260514439062943,-1.5118736498124674,-1.783715799719221,-1.4113317837939898
NEULANDLAB,2026-08-06,2026-08-07,1.126656508288315,1.4637299718335939,2.2302257930461256,5.531698757907377
NEULANDLAB,2026-08-07,2026-08-10,-2.0382332402234637,-2.2913756983240274,-3.042074022346364,-2.8936801675977675
NEULANDLAB,2026-08-14,2026-08-17,-0.343200343200345,1.2441012441012367,1.9691119691119585,1.5057915057915094
NEULANDLAB,2026-08-17,2026-08-18,-0.12711325791280315,-0.22880386424304344,-0.4787932714715448,-0.9830091945256525
NIACL,2026-09-04,2026-09-07,-2.646544297558462,-2.223266048916983,-3.2109087718302454,-1.7486837182281167
NIACL,2026-09-07,2026-09-08,-8.614715972504072,-11.6450190028071,-12.164504806716714,-11.277057598163553
NUVAMA,2026-07-10,2026-07-13,0.738387076946112,0.7178751077081769,-1.4716414670520983,-1.2921726901250485
NUVAMA,2026-07-24,2026-07-27,0.6846535990311597,1.0599402488183918,0.897654464629638,-2.5763286119358964
NYKAA,2026-06-30,2026-07-01,0.5961031310238063,0.3061001033575872,0.33832375457358843,-0.5961031310238063
NYKAA,2026-07-02,2026-07-03,0.3018307250297836,0.1429744899225538,0.015881745184676,-2.3828435266084247
NYKAA,2026-07-03,2026-07-06,1.116071406849617,1.3073998800122055,-0.2551078746735769,-0.11160908695904137
NYKAA,2026-07-06,2026-07-07,-0.06350601659915744,0.22225167878164864,-0.07937767592010037,-0.20638970911841525
NYKAA,2026-07-08,2026-07-09,0.9817652599539262,0.7324313725452836,0.3428412287954652,1.5583605749992957
NYKAA,2026-07-10,2026-07-13,0.25828200782478383,0.3646252407165429,-0.1823172568787168,-0.060775509973198805
NYKAA,2026-07-22,2026-07-23,-1.0569797040337114,-0.7046531360224817,-0.1685011652123869,-0.030639125424536395
NYKAA,2026-07-31,2026-08-03,1.933167188677487,2.5625710975434757,1.8432471179341325,3.37179685472746
NYKAA,2026-08-03,2026-08-04,-0.11767987751308828,-0.8826125489468706,-1.265074395464183,0.7649326714337823
OBEROIRLTY,2026-07-03,2026-07-06,0.5041196709236084,0.9318630360933611,0.580502192703003,-0.7078126116942141
OBEROIRLTY,2026-07-06,2026-07-07,-0.3109218364865107,-1.243693567991555,-1.7279180382388293,-2.828890326181399
OFSS,2026-07-01,2026-07-02,0.9398156515452838,1.1928429423459175,-0.497017892644136,-0.7229351165732867
OFSS,2026-07-02,2026-07-03,-1.1026753434562497,1.364786695589304,1.2834417932031883,1.590744757772966
OFSS,2026-07-06,2026-07-07,-0.16130477641366214,-0.34949368222959576,0.30468679989246183,-0.34949368222959576
OFSS,2026-07-10,2026-07-13,1.7395797450912909,2.084050981743024,1.7051326214261087,1.1539786427833265
OFSS,2026-07-13,2026-07-14,0.08541168431841495,-0.05124701059104897,1.3153399385035902,-0.3672702425691843
OFSS,2026-08-05,2026-08-06,0.22093813732155798,0.2719238613188235,0.152957171991841,-0.28042148198504924
OFSS,2026-08-06,2026-08-07,0.6598114824335921,0.18851756640960726,-0.7712082262210762,1.1568123393316254
OFSS,2026-08-28,2026-08-31,-0.4755657592653284,-0.22958346999015777,0.16398819285010635,2.820596917021967
OFSS,2026-08-31,2026-09-01,0.4001306549077155,0.2286460885186914,0.18781642985463698,-0.4817899722358354
OIL,2026-08-10,2026-08-11,3.8911798573658896,3.9670537166283104,2.4929547592273504,1.9618509755106706
OIL,2026-08-11,2026-08-12,0.08476242883190821,-0.3920335086763149,-0.9641847535108994,0.021192223947674727
OIL,2026-08-18,2026-08-19,-0.8851354263107125,-1.2968274909989308,-1.3688748587038502,-2.254010285014574
OIL,2026-08-31,2026-09-01,0.7021154148651343,0.4336615598380167,1.3526046036073769,1.1874032008260205
OIL,2026-09-09,2026-09-10,1.4895729890764597,1.469710803671176,0.7249243091329349,-0.6355535664411716
OLAELEC,2026-06-30,2026-07-01,2.4107289724037084,2.547188766866393,3.1384971915083826,2.1150790979234557
OLECTRA,2026-06-18,2026-06-19,4.764867760545388,4.446287837547991,3.3451018727846282,5.8245012926061435
OLECTRA,2026-06-19,2026-06-22,-1.3185346717934032,0.01305164307277007,0.16318537859008053,-0.9007864770316565
OLECTRA,2026-06-22,2026-06-23,-0.6570302233902758,-0.04598890748193085,-0.7227332457293012,-1.406046282132889
PAGEIND,2026-06-24,2026-06-25,2.083333333333326,2.8969428007889597,1.3806706114398493,0.9615384615384581
PAGEIND,2026-07-01,2026-07-02,-1.0803355936099268,-0.8734628203654782,-1.3906447534766109,-1.2987012987012991
PARADEEP,2026-08-25,2026-08-26,1.178156969967037,1.2716672286540387,2.6679957786743147,1.795290434911645
PARADEEP,2026-08-28,2026-08-31,-3.4434827464972395,-3.0689312321133477,-3.419321998338154,-3.40119913268353
PAYTM,2026-07-07,2026-07-08,-0.05653430140354354,-0.533072911403143,0.8076892171221761,-1.1872992053746034
PAYTM,2026-07-09,2026-07-10,2.686617853838036,2.9451005791718776,2.9294294544096378,5.099091418973978
PAYTM,2026-07-10,2026-07-13,1.3898279873272745,0.5559330290577869,1.6152054987857545,4.274661968122695
PAYTM,2026-07-13,2026-07-14,-0.6819518461673169,-0.3264654614260398,-0.07254788031689774,0.21764364095069322
PAYTM,2026-07-15,2026-07-16,-2.992069214131221,-1.103103736706923,-0.7642376053307531,-1.867341342037676
PAYTM,2026-08-03,2026-08-04,-0.4190822242529868,-0.8032409298182275,-2.116360116727767,-2.2141476743034016
PAYTM,2026-08-06,2026-08-07,1.0842193805751243,1.412987799884946,1.3570246744101455,0.8393956494775257
PAYTM,2026-08-10,2026-08-11,0.006280267881408896,0.24499179309316332,1.6709576718379804,0.11306782650970515
PAYTM,2026-08-11,2026-08-12,0.10019886880086037,-0.2567696349495385,0.18160710515247036,0.8266502234617557
PAYTM,2026-08-13,2026-08-14,-0.9725852676097269,-0.3525577073664965,-1.130628889548957,-2.5591135013507404
PAYTM,2026-08-25,2026-08-26,0.772604692529999,1.0418524336040402,0.31021649564677567,0.4389815627743543
PAYTM,2026-08-26,2026-08-27,0.005811182545856219,-0.7672676734983841,-0.5173229648781086,-2.4064184972423797
PAYTM,2026-09-09,2026-09-10,-0.2631263994060884,-0.40041186337453905,-0.2574076264550529,-0.5262527988121657
PERSISTENT,2026-07-27,2026-07-28,1.8273732393791375,2.3250668521327844,2.3027782739862834,0.8096883679555855
PERSISTENT,2026-07-28,2026-07-29,0.09726048890039696,0.31339881743066567,-0.43407956873648956,-1.6390489913544637
PERSISTENT,2026-07-29,2026-07-30,2.320442609028861,3.5262746556769864,2.8148165567216665,0.6020030068083493
PERSISTENT,2026-07-30,2026-07-31,0.41809582528471445,0.46849516945526304,1.2038972454890162,3.5724932592016367
PERSISTENT,2026-08-20,2026-08-21,-1.239342533180976,-0.9404939790806033,-0.7031730684714743,-0.369165860947529
PERSISTENT,2026-08-28,2026-08-31,-3.579361011447124,-3.596446266871689,-3.6391594054331122,-4.41653852725098
PGEL,2026-07-07,2026-07-08,-0.04370247449257958,-0.29717896045939884,1.8092888457222678,-1.6344682782025277
PGEL,2026-07-13,2026-07-14,-0.72033898305085,-0.7457668498411008,0.4237288135593209,2.0508433196504194
PGEL,2026-07-16,2026-07-17,-2.089192446765764,-2.8846946094063908,-2.531137002812378,-1.6472478907191612
PGEL,2026-08-07,2026-08-10,-1.9264347833997109,-2.362458240950771,-0.6262901745013205,-1.4111343335666549
PHOENIXLTD,2026-07-03,2026-07-06,-0.6275039970265239,0.5454481389417953,0.40063952424336247,1.6459959675608982
PHOENIXLTD,2026-07-06,2026-07-07,-0.5937840554312013,-1.2441047287346851,-1.6493873704052753,-2.2148916116870865
PHOENIXLTD,2026-07-07,2026-07-08,0.47162694618376744,0.4910827002497342,0.2771406285407396,-1.7357880108634038
PHOENIXLTD,2026-07-10,2026-07-13,-0.6322888568465412,-0.5245747178221127,-0.5995057956381444,0.8383636141181094
PHOENIXLTD,2026-07-13,2026-07-14,-1.0318359828898394,-0.7854939504415515,-1.2921240449976779,-1.4594423585289285
PIDILITIND,2026-06-15,2026-06-16,-1.0743853552043103,-1.0933481826621794,-1.4283067028271867,-0.7015166096007497
PIDILITIND,2026-08-06,2026-08-07,0.041918262750462176,-0.05390013101832514,-0.7066743611851223,-0.5868995413554345
PIDILITIND,2026-08-12,2026-08-13,-0.3889201877393944,-0.748376615903068,-0.5244563591079832,-0.05303620589643954
PINELABS,2026-08-27,2026-08-28,-0.9938267633502251,-1.0585139779209274,-1.5642479355320926,-2.4992648772293347
PNB,2026-08-03,2026-08-04,-0.04412163676864589,0.25589068282174665,0.3000055875737928,0.5823665596500494
PNB,2026-08-05,2026-08-06,0.6688393510522861,0.6248342001533569,0.589638136526216,0.589638136526216
PNB,2026-08-12,2026-08-13,-0.3797442601199963,-0.27848255785204445,-0.21097046413501852,-0.7679355798391296
PNBHOUSING,2026-08-20,2026-08-21,0.4836615334641525,0.644885497321801,0.39880790597157656,-0.6957956021955924
POLICYBZR,2026-08-11,2026-08-12,-0.8297098246663803,-1.5607789042101805,-1.3867145003807702,0.8993327531186646
POLICYBZR,2026-08-17,2026-08-18,1.0068876025626228,-0.22568280013661735,0.989524670303843,1.0936881361655049
POLICYBZR,2026-08-19,2026-08-20,-0.1339299338204536,-0.35714421953473297,-0.16183171953473297,-0.6919656481061631
POLICYBZR,2026-08-26,2026-08-27,-0.47138877801040646,-1.0348924923383573,-0.503897208541082,-0.41720585575053537
POLYCAB,2026-06-17,2026-06-18,0.34676851944919207,-0.13569202934968772,0.08543572218313589,-0.09046135289978441
POLYCAB,2026-06-19,2026-06-22,-0.5448781454329255,-0.39132157717456373,-0.7925500297206289,-0.7083415890628109
PPLPHARMA,2026-07-03,2026-07-06,-1.1183657615457032,-1.5043962465543181,0.02838663269395525,1.107018038375407
PPLPHARMA,2026-07-06,2026-07-07,-0.7206666402976625,-1.58659013289979,-1.2793258581747513,-2.256979489459676
PPLPHARMA,2026-07-21,2026-07-22,-2.9494984387059553,-3.6079613747358796,-2.5794462211951363,-3.6514974181872217
PPLPHARMA,2026-07-27,2026-07-28,-1.0013550192652931,-1.4290212864637608,-1.6793580517644902,0.8813951883804405
PPLPHARMA,2026-07-28,2026-07-29,2.327385496740453,2.192909283956812,1.6601972349354899,0.8533715254195773
PPLPHARMA,2026-07-29,2026-07-30,2.283391608680363,0.8350138765245374,2.932839854910574,1.3968387148074024
PPLPHARMA,2026-07-30,2026-07-31,-0.39393877742266437,0.09090539180871549,0.040404965179141605,-1.5201992458767188
PPLPHARMA,2026-08-05,2026-08-06,1.1401268150758037,0.7454681048270739,2.5628504999290147,1.4617033325405648
PPLPHARMA,2026-08-06,2026-08-07,0.6087591997459008,0.44448651460811117,0.17876624969286325,1.3624540450425604
PPLPHARMA,2026-08-10,2026-08-11,0.9679192273085002,1.0193550311229815,0.7715299222740502,0.11222551785237123
PPLPHARMA,2026-08-21,2026-08-24,-0.8908183524493296,-0.6576202779845053,-0.9747662432692428,-0.9234694988618175
PPLPHARMA,2026-09-08,2026-09-09,-1.4872066571953502,-2.0300114649662526,-3.053845208006367,-3.6010606541562407
PRESTIGE,2026-07-01,2026-07-02,0.5111058359636544,1.1378126663751154,0.5476118040766753,1.8618786483685756
PRESTIGE,2026-07-02,2026-07-03,0.344556917339256,0.27327127977807564,-0.28515705393501456,-0.9089317640533889
PRESTIGE,2026-07-03,2026-07-06,-0.04746655758677276,0.45683483665825975,0.4687050972448814,1.067932364283597
PRESTIGE,2026-07-06,2026-07-07,-1.5862805124176815,-2.239453165990146,-2.4144108895236216,-2.4144108895236216
PRESTIGE,2026-07-10,2026-07-13,0.32884934556649537,0.5343810825928275,-0.2877458655124787,1.12161461695377
PTCIL,2026-09-01,2026-09-02,0.06625441696113121,0.7067137809187329,0.5079505300353393,0.33127208480565606
PTCIL,2026-09-03,2026-09-04,-0.2319696330662202,-0.6326444538169551,1.349641501476162,0.5061155630535552
PTCIL,2026-09-04,2026-09-07,0.0,0.716392751790984,0.6110408765276132,0.18963337547408532
PWL,2026-06-19,2026-06-22,-0.0570820324488297,0.8073110293872254,1.6064594836711077,2.8785831262774675
PWL,2026-06-22,2026-06-23,0.8572123576210178,1.8731711086287461,1.9366575548719789,3.206604479742703
PWL,2026-07-02,2026-07-03,-1.134651702780165,-0.43582944324798145,-0.30808810975962997,-2.321908848343257
PWL,2026-07-06,2026-07-07,2.981408555268361,3.182155226243033,3.0854973208062297,8.58736286376045
PWL,2026-07-07,2026-07-08,6.877579380862531,5.75654107794219,3.7276572594584056,0.8528236211941431
PWL,2026-07-08,2026-07-09,1.800683929338498,0.21993630530499075,1.9862538760470283,5.841924398625431
RADICO,2026-06-19,2026-06-22,0.06618309060815175,-0.08206315443862744,0.2806188894554973,-0.46063172535568686
RADICO,2026-06-22,2026-06-23,0.28638229125901304,-0.5356372357185113,-0.6682210303923131,-1.3311400037612886
RADICO,2026-06-29,2026-06-30,0.39571821887463,1.593215891064692,1.6061478177310518,1.8984106232746711
RADICO,2026-06-30,2026-07-01,0.23540256013030447,-0.18224495053691392,-0.2885539900434275,-0.0683410839913079
RADICO,2026-07-06,2026-07-07,-0.14752352252116463,-0.36275695284159193,-0.36275695284159193,-0.96735187424426
RADICO,2026-07-07,2026-07-08,0.041367282542581485,0.24330900243310083,-0.3917298699817495,-0.7883187918187318
RADICO,2026-07-20,2026-07-21,-0.48792742300725056,-0.6545917308272919,-0.9686013926630488,-1.2463791704408256
RADICO,2026-07-28,2026-07-29,2.240184757505781,1.3810578449769073,0.9699769053117757,0.9468822170900726
RADICO,2026-07-29,2026-07-30,1.1112912406361586,2.375789341348944,1.6234880564076404,-0.09831945852171176
RADICO,2026-07-30,2026-07-31,-0.0688073394495392,-0.25458939578555384,0.30046095541858,-0.44037145212155737
RADICO,2026-08-05,2026-08-06,-1.5377612097959181,-1.795872252657027,-1.594625531247229,-2.2224187480514357
RADICO,2026-08-13,2026-08-14,-1.1512035728783343,-1.288402151045931,-1.1597765213424593,-0.3151369798057302
RADICO,2026-08-18,2026-08-19,0.2633122787196962,0.5903296427102855,-0.7538435090386764,-0.28030652265833567
RBLBANK,2026-06-11,2026-06-12,-2.5447042640990403,-1.1554366456757226,0.08252759091298412,0.6464941137594549
RBLBANK,2026-06-12,2026-06-15,-0.6984569787819028,-0.282065223094341,0.08058772141537052,0.2820652230943521
RBLBANK,2026-06-15,2026-06-16,-1.0577084155620642,-1.2987028906098819,-2.195745598874266,-1.004150455863717
RBLBANK,2026-06-19,2026-06-22,-0.22401003456864466,-0.013181791787542085,-0.25036557556176176,-0.4875493593359814
RBLBANK,2026-09-04,2026-09-07,-1.408791355452288,-1.4449127031908482,-0.9753131349713895,-0.06020469596628164
RECLTD,2026-06-18,2026-06-19,-0.0701360615621982,0.2244319723866628,-0.0701360615621982,-0.3506803078110132
RECLTD,2026-06-22,2026-06-23,-1.159026359290749,-1.3611826935225557,-1.3342350962348482,-2.3315347429877065
REDINGTON,2026-06-17,2026-06-18,3.7102889685913576,2.0191246141063157,4.275324793403734,7.175592015145926
REDINGTON,2026-06-18,2026-06-19,1.3829000820457793,4.646840148698894,5.527879225720267,4.4609665427509215
REDINGTON,2026-06-19,2026-06-22,0.6577456878704924,0.43731082487514783,-0.35910180280042114,-0.5546460586038138
REDINGTON,2026-08-11,2026-08-12,-1.4971716929290224,-2.033901753398659,-2.7259869764080125,-3.9548022598870025
REDINGTON,2026-08-24,2026-08-25,-0.04113366214040237,-1.124367522868952,-2.3584276011141103,-3.839298021207227
REDINGTON,2026-08-28,2026-08-31,-1.645639028951773,-1.6319287184383469,-1.686778330644978,-1.8787728987505248
REDINGTON,2026-09-07,2026-09-08,0.4508039411132758,0.4640678789911368,-0.35799683947632666,-0.8220647184674523
REDINGTON,2026-09-10,2026-09-11,-2.7480131259825513,-0.32774179074058774,-0.4285848268276382,-0.7437241232437608
RKFORGE,2026-07-31,2026-08-03,-1.4075933434298582,-0.7532545116231026,0.8521609035821998,3.9488625439849656
RKFORGE,2026-08-03,2026-08-04,-0.5880626863922989,-0.7913477726776752,-1.0018911415364262,0.0
RKFORGE,2026-08-04,2026-08-05,1.039478945801764,0.9528586375956216,1.3931946926688532,2.4326824503025923
RKFORGE,2026-08-06,2026-08-07,2.087096514274034,2.115985401987497,3.408685990220617,5.293569106151197
RKFORGE,2026-08-07,2026-08-10,1.5555369295097377,2.9260569960348315,3.2960990869947304,0.8702768962471907
RKFORGE,2026-08-10,2026-08-11,1.529646305382415,1.1455525606469008,0.8692738823492308,1.2601045264066801
RKFORGE,2026-08-19,2026-08-20,-0.29394243719014224,-0.6880919674082331,-0.527758987588689,-0.40750721400550916
RRKABEL,2026-06-16,2026-06-17,1.0498355345298194,1.4238126992291544,2.46012886630258,-0.43254275651212204
RRKABEL,2026-06-18,2026-06-19,1.004381681743416,1.2280701754386003,0.48245614035087314,1.9736842105263053
RRKABEL,2026-06-23,2026-06-24,1.6879448015822751,2.0950909084508362,1.3359345733332084,2.7185249718418847
RRKABEL,2026-06-24,2026-06-25,-0.8917999111525909,0.049087795944968704,2.7449416099918134,1.8572265225506257
RRKABEL,2026-06-29,2026-06-30,-6.073838824930533,-6.450972608177851,-7.229063027242955,-4.573241412142714
RRKABEL,2026-07-28,2026-07-29,-1.381031057655313,-1.200228935251968,-1.2733255493844964,-1.9042123485285667
RRKABEL,2026-08-05,2026-08-06,0.1655009050638645,-0.34178809138334376,0.09354551740421435,-0.5432666902770333
RRKABEL,2026-08-11,2026-08-12,-0.41405497307039907,-0.5591552217556695,-1.6385338014718642,-1.2775543808412393
RRKABEL,2026-08-18,2026-08-19,0.5651530299451091,1.6054750776187898,2.984157751754868,4.751619870410373
RRKABEL,2026-08-19,2026-08-20,-0.6470642706477125,-1.0807428718649037,-0.6023267222485584,-0.4956254845377317
RRKABEL,2026-08-24,2026-08-25,-0.4773668642828577,-1.317112302649659,-1.4495228032744945,-2.191710668807012
SAGILITY,2026-07-27,2026-07-28,1.0452979579894217,2.1835132591524697,2.2764217412405197,0.2555182631847064
SAGILITY,2026-07-28,2026-07-29,0.8310263455393763,1.8928894289031772,2.192984232760642,3.6472803374545393
SAGILITY,2026-07-29,2026-07-30,0.835212050241374,1.6478545255270038,1.422124331749841,3.6343129527746543
SAGILITY,2026-07-30,2026-07-31,-1.8055292778214826,-2.4363774566915297,-3.3717707430900634,-5.525344459602543
SAIL,2026-08-28,2026-08-31,0.1867059194662124,1.0142779055396511,0.33304923460044655,-1.5996357663801364
SAILIFE,2026-09-02,2026-09-03,1.243089286215171,1.726519284089223,0.9291766891080355,-0.4897067170398284
SAILIFE,2026-09-03,2026-09-04,0.658813161972982,1.6026890421516837,1.0769036021104794,0.4054240791234731
SAILIFE,2026-09-08,2026-09-09,1.2401230646846395,2.0243190776975784,2.127659574468077,1.9452887537994012
SAILIFE,2026-09-09,2026-09-10,-2.3180814730702215,-2.2105388290497907,-3.518940297277451,-4.916958204520638
SAREGAMA,2026-06-23,2026-06-24,-0.335466204542445,-0.283049810035374,-1.9394065967619278,-1.2475127486627602
SBICARD,2026-07-28,2026-07-29,-0.832387438516835,-0.559971578816687,-0.3783579265985604,0.18917896329928574
SBICARD,2026-08-03,2026-08-04,0.0,-0.12021756379799742,-0.32309330146853554,-1.1195449801439716
SHRIRAMFIN,2026-06-24,2026-06-25,0.2121677367071806,0.40504107622947316,0.23627690414746993,-0.5930761013875241
SHRIRAMFIN,2026-07-02,2026-07-03,-0.22325808502906552,-0.18604651162790198,-0.055811682412787444,-1.2372138444767478
SHRIRAMFIN,2026-07-03,2026-07-06,0.1221047137922815,0.7701769153987348,0.2535994520536544,0.06575310174636861
SHRIRAMFIN,2026-07-07,2026-07-08,-1.516587677725123,-1.3838839417950277,-0.8815212159360208,-3.8009455531694436
SHRIRAMFIN,2026-08-05,2026-08-06,1.2300906561117264,1.415929203539834,2.053093024059738,0.9734513274336276
SHRIRAMFIN,2026-08-06,2026-08-07,-0.1419802601184128,0.09761075180643175,-0.5768036080556205,-1.0559964643048092
SIEMENS,2026-07-31,2026-08-03,2.4070094023753263,1.9973072144541693,4.377355858322107,5.121293800539073
SIEMENS,2026-08-03,2026-08-04,2.4282123477915585,2.5301309670431094,2.606569931481739,1.9313590789403312
SIEMENS,2026-08-04,2026-08-05,-0.024712714691710325,-0.214999411142347,-0.8229346059094311,-1.6433955269986367
SIEMENS,2026-08-25,2026-08-26,-0.1925490572248778,-0.32416411525379996,-0.31197731541461327,-1.4575365002985952
SOLARINDS,2026-08-13,2026-08-14,-3.5555555555555562,-2.3111111111111082,-1.3086419753086442,-1.3876543209876524
SOLARINDS,2026-08-27,2026-08-28,0.36471503598520805,-0.6370355961875074,-0.5884069247228174,-0.7975102120210131
SOLARINDS,2026-09-03,2026-09-04,0.16241299303945134,0.1856148491879317,-0.1856148491879317,-0.4872389791183318
SOLARINDS,2026-09-07,2026-09-08,1.084010840108407,1.129177958446248,1.0162601626016343,1.4227642276422703
SOLARINDS,2026-09-08,2026-09-09,-0.6881243063262987,-0.7325194228634868,-0.8213096559378519,-0.7547169811320753
SONACOMS,2026-07-02,2026-07-03,-1.0796239231445792,-0.7497375643962467,-0.9971546214749605,-1.0871194683745644
SONACOMS,2026-07-08,2026-07-09,0.4605493081115464,0.3775009437523513,0.12834663434315718,1.28350320875803
SONACOMS,2026-07-16,2026-07-17,1.1257327788057436,2.076025176466567,2.1564327485380064,3.0482420447277114
SONACOMS,2026-07-17,2026-07-20,1.0934410783235649,0.8236279029293136,0.29110874147018073,1.8886662258475795
SONACOMS,2026-07-20,2026-07-21,-0.10405827263267886,0.10405827263266776,-0.1873015034252523,1.588624655848947
SONACOMS,2026-07-21,2026-07-22,0.07528407393864178,-0.6844158625072705,-0.4380278229418222,-0.8555198281340881
SONACOMS,2026-07-22,2026-07-23,-0.7865882860681794,-0.9866865622262133,0.48299177286719175,-0.6761918510973075
SONACOMS,2026-07-30,2026-07-31,-0.4809191251428979,-0.07148733481792124,0.058492522429531846,-0.5394116475724409
SONACOMS,2026-07-31,2026-08-03,1.6905071521456483,1.898566396090695,1.423928765543736,2.080624187256186
SONACOMS,2026-08-03,2026-08-04,0.0639918110479254,-0.04479114313340471,-0.051188761938125715,0.7231105894417666
SONACOMS,2026-08-04,2026-08-05,0.6195427016880473,0.9862166585147492,1.9471441273902323,2.9965799014145977
SONACOMS,2026-08-05,2026-08-06,0.18879266662226168,0.146164702439866,-1.0170494014540177,-3.5322777101096214
SONACOMS,2026-08-10,2026-08-11,0.2773839526942323,-0.12328175675299091,-0.6965449354629283,-1.374594597604406
SONACOMS,2026-08-20,2026-08-21,-2.056957629149603,-1.0832477657462314,-1.5335900633336341,-0.4868549317016857
SONATSOFTW,2026-07-29,2026-07-30,0.4695570332386989,0.48520511308174363,-0.3286956551644682,-3.5842891749869987
SONATSOFTW,2026-07-30,2026-07-31,-0.357144838803769,-0.06493902825689402,0.7629889946479285,4.05844155844155
SONATSOFTW,2026-08-03,2026-08-04,1.3698576525338568,3.0457538628840153,2.0110736734882506,2.098508178773062
SONATSOFTW,2026-08-04,2026-08-05,1.0674637433264023,-1.0816931184205458,-1.9925989875426042,-4.070591599734453
SONATSOFTW,2026-08-05,2026-08-06,-0.6046270068649884,-0.48665210319721597,-0.6193704944828959,-2.0940792926006258
SRF,2026-07-06,2026-07-07,-1.185574359608621,-0.992082714929643,-1.2735251071899767,-1.1222481035620069
SRF,2026-07-16,2026-07-17,-1.0553438010269867,-1.254726710209697,-1.7188037126160238,-1.6844276383636947
SRF,2026-07-21,2026-07-22,-0.7294865807581874,-0.8780817291455634,-1.1178688840341122,-4.7179990264057725
SUMICHEM,2026-07-15,2026-07-16,1.0166358595194103,0.9981560839302128,0.7486114219905193,0.14787205045632135
SUNPHARMA,2026-07-03,2026-07-06,0.1154951236602697,0.2519911085032467,0.0997428756324803,0.4199915894018247
SUNPHARMA,2026-07-09,2026-07-10,-0.4370179948586128,0.3856041131105492,-0.2724960837082291,-0.4884318766066875
SUNPHARMA,2026-07-27,2026-07-28,0.37907505686125553,0.2931538452425997,0.22744503411675776,-0.09098048158326932
SUNPHARMA,2026-07-28,2026-07-29,0.18685351648441983,-0.287847253430229,-0.2625972780575858,0.4898532209561379
SUNPHARMA,2026-07-30,2026-07-31,-0.56880006540041,-0.39568700201767504,-0.41052767967514336,-1.7212408738587093
SUZLON,2026-06-16,2026-06-17,-1.6134546065744715,-0.6865735027558384,-0.5664229760807493,1.647790811581773
SUZLON,2026-06-19,2026-06-22,-0.1344568589154438,-0.21848919010963863,-0.4033641654904163,-0.6722714720653888
SWIGGY,2026-08-25,2026-08-26,0.5873144300430067,0.7427859063092956,0.48367380806431104,-1.001908547852548
SYRMA,2026-06-10,2026-06-11,3.199996014030604,4.081632653061229,1.926528619260215,1.9836774553571468
SYRMA,2026-06-11,2026-06-12,0.24546484488159326,-0.17420802911206623,0.46718063979767077,0.5067720556131805
SYRMA,2026-06-15,2026-06-16,0.5788252540698702,0.2970315623809894,-0.20563222938880799,-1.0662604722010638
SYRMA,2026-06-18,2026-06-19,-1.007462686567162,-1.111942120452425,-1.4104495831389952,-0.07462686567164534
SYRMA,2026-06-23,2026-06-24,0.39788756461831554,0.3400094773822415,0.7306644888351199,3.5158774411633065
SYRMA,2026-06-24,2026-06-25,-0.11119435393637245,1.6887849291480572,3.1065362716966582,-0.2015445385264658
SYRMA,2026-08-10,2026-08-11,1.0007868503561834,-0.6254937907942515,-0.4477250862199966,-1.6394537538548803
SYRMA,2026-08-11,2026-08-12,0.20056156585570584,-0.24736416107796755,-0.7220249014289193,-1.1231480331403199
SYRMA,2026-09-07,2026-09-08,-1.6532496354058068,-1.585638691225577,0.5654276553519466,0.7866786933922398
SYRMA,2026-09-08,2026-09-09,-0.10392805664981575,0.20175147806056337,-0.3179037309470778,-1.204374381607165
TATACAP,2026-06-19,2026-06-22,-2.5166644829846208,-2.353419720790917,-1.4147685654072428,-3.2512534583960306
TATACOMM,2026-06-22,2026-06-23,-0.41799620510472035,-0.865166112700555,-0.8019771902823103,-1.6720085533474704
TATATECH,2026-08-07,2026-08-10,-1.747450416716878,-0.5041852128470747,-0.1718803688574022,0.9969075381389247
TATATECH,2026-08-10,2026-08-11,-0.574711246479298,-1.399793743267952,-1.8493228376297521,-1.5363605112616363
TCS,2026-07-27,2026-07-28,2.267932705567155,3.2190063433276794,3.3610233376672793,3.1974889352928137
TCS,2026-07-28,2026-07-29,0.9999959976946693,0.4836085585297134,0.6393482646004145,0.0
TCS,2026-07-29,2026-07-30,1.596755080208534,1.9743903875013569,1.1205996788150818,-0.09030257023101562
TCS,2026-07-30,2026-07-31,-0.9411723673844574,-0.8319348247111336,-0.273109243697478,-0.5630211068802571
TECHM,2026-07-28,2026-07-29,0.06606459975599943,-0.5885915212087034,-0.5705705705705721,-1.2372357709271808
TECHM,2026-07-29,2026-07-30,0.8194731131600408,1.2412615021077267,0.8435767778953496,0.566403021953743
TECHM,2026-07-30,2026-07-31,2.2200250421161805,2.0283253554709946,2.0406901551057732,2.1149015990675313
TEJASNET,2026-06-19,2026-06-22,-0.15699819151192562,-0.03924954787798418,-0.6044487867663872,-1.883978298143052
THERMAX,2026-06-23,2026-06-24,-1.8104146321614611,-0.9416707356770804,-1.0729166666666679,-1.174997965494795
TIINDIA,2026-06-15,2026-06-16,1.8268014818863865,1.5372262358692712,1.1213425725852266,0.27417214737697204
TIINDIA,2026-06-16,2026-06-17,-0.12212994808359356,-0.2137274091462804,-0.27479238318808274,-0.1892999286854713
TITAGARH,2026-06-15,2026-06-16,-0.4209947421064064,1.0092272202998798,0.023069458711799662,2.768166089965396
TITAGARH,2026-06-16,2026-06-17,-0.23377219352934686,-0.8683054546324231,0.6456626819308919,2.443505789303213
TITAGARH,2026-06-17,2026-06-18,1.4811289683132722,1.2298150251575102,1.149609697429832,-0.4117180714848345
TITAGARH,2026-06-18,2026-06-19,1.2758437528893607,1.2866077050051494,0.9366938330505725,-0.5167945581453504
TITAN,2026-07-01,2026-07-02,0.48590862762494247,0.31561277072578164,-0.12261079957341936,1.7006857401722142
TITAN,2026-07-07,2026-07-08,-0.11763468235072017,-0.14159986359100207,0.06971495687915219,-0.052280899154877325
TITAN,2026-07-09,2026-07-10,-0.1371968499382037,-0.15026574844805296,-0.09364094408276236,-0.25261574694869227
TITAN,2026-07-22,2026-07-23,-0.15315919269888179,-0.11487199132295123,-0.2935629097359005,-0.07445541493832364
TITAN,2026-07-28,2026-07-29,-0.7131740097016004,-0.731669207122021,-0.49531603856755035,-0.316505714293458
TITAN,2026-08-03,2026-08-04,-0.8553105519020221,-0.6541829676729671,-0.493687619448957,0.26004234244048074
TITAN,2026-08-10,2026-08-11,1.1786643980437272,1.0354933258972299,0.6824829317022996,0.5687389684251754
TITAN,2026-08-11,2026-08-12,-0.6887727516754816,-1.0087645963469671,-1.3072915401328378,-0.5092602516814426
TITAN,2026-08-27,2026-08-28,-0.12028223553491868,-0.2017713896714346,-0.09506436430597454,0.2890866109776846
TMCV,2026-07-01,2026-07-02,0.2070855692233975,0.6672788439385346,1.2425204373324839,1.3575687560112737
TMCV,2026-07-02,2026-07-03,-1.2295571815073458,-1.410039481105474,-1.917653694303445,-2.6734362331676587
TMCV,2026-08-13,2026-08-14,0.6111683659608902,0.40042021000723516,0.9062144979912867,-0.04215220380006102
TMPV,2026-06-15,2026-06-16,-1.1925684523166447,-1.5189525429042727,-1.6821445881980868,-1.18001050301213
TORNTPHARM,2026-06-29,2026-06-30,-0.3018542475204833,-0.2565740048242726,0.16386583993639459,-0.3859401109044813
TORNTPHARM,2026-07-03,2026-07-06,-0.22601772866795988,-0.366239053958739,-0.016738269262961403,0.8747942715470414
TORNTPHARM,2026-07-06,2026-07-07,0.3949728778626316,0.3184662568138652,0.4218617694889959,0.43220132075649786
TORNTPHARM,2026-07-07,2026-07-08,1.42342525904533,1.4545043248158862,2.3454375435721486,1.112634601339657
TORNTPHARM,2026-07-08,2026-07-09,0.8052628453677046,0.7230935766741942,0.7621219732179441,0.6203819908073172
TORNTPHARM,2026-07-14,2026-07-15,-0.40404040404040664,-0.24242424242424399,0.014145359848494188,1.3696930239899041
TORNTPHARM,2026-07-16,2026-07-17,-1.1561185407236163,-1.7280489875023841,-3.078215358383085,-2.7105457854538773
TORNTPHARM,2026-07-31,2026-08-03,-3.330781010719752,-2.3162327718223574,-2.5650842266462526,-3.330781010719752
TRENT,2026-07-02,2026-07-03,-0.23283727845149205,0.7552253381529761,0.37612231809700525,-0.29850746268657025
TRENT,2026-07-03,2026-07-06,0.4095846127682323,-0.18236281185427528,0.16742198032073663,-0.03288150760070163
TVSMOTOR,2026-07-02,2026-07-03,-0.8895579581223445,-0.9935691481627207,-0.7609155283461067,-0.8129177821780464
TVSMOTOR,2026-07-03,2026-07-06,0.8683906061652369,1.1881815850632194,2.166844014233571,2.139276058482298
TVSMOTOR,2026-07-06,2026-07-07,0.06738544474393926,0.687331536388136,1.264148311152291,0.0
TVSMOTOR,2026-07-07,2026-07-08,0.2902625466116193,0.5860003575300698,1.9222924283178289,-0.05202503887170584
TVSMOTOR,2026-07-21,2026-07-22,2.7546831847425013,2.653040110933791,2.3689739655025743,2.030176444740972
TVSMOTOR,2026-07-22,2026-07-23,0.9081555244676798,1.1800923550538744,1.6008184285210447,0.5592624122146006
TVSMOTOR,2026-07-28,2026-07-29,0.7251215471206329,0.38623507071384733,0.9942413937557237,1.557399478684851
TVSMOTOR,2026-07-29,2026-07-30,1.8449623847324625,2.0973219901116336,2.2173764435097443,3.1116774400633984
TVSMOTOR,2026-07-30,2026-07-31,0.6968287469662604,0.7015737235694708,1.663854978701429,2.178187296262557
TVSMOTOR,2026-07-31,2026-08-03,-0.3303487575992192,-1.2686351155654974,-1.3558177943622352,0.6882312456985451
TVSMOTOR,2026-08-03,2026-08-04,-0.23744069277967794,-0.029675906107307082,-0.2534268871289935,-0.45662100456621557
TVSMOTOR,2026-08-05,2026-08-06,0.045318587679843425,0.12462611611958607,-0.14502833186217368,-0.8655894503284634
TVSMOTOR,2026-08-26,2026-08-27,-1.8413459990551329,-1.5363221790963943,-1.4645589545895232,-1.096740944287078
ULTRACEMCO,2026-07-21,2026-07-22,-1.4904479578392582,-1.3751646903820802,-1.556324110671936,-2.0668642951251592
ULTRACEMCO,2026-08-05,2026-08-06,-0.032908268202380686,-0.09872480460715316,0.14808720691072974,-0.6581653640477136
UNIONBANK,2026-08-06,2026-08-07,-0.09392164030127548,0.7182337302529263,0.6629817393603243,1.4364674605058525
UNIONBANK,2026-08-07,2026-08-10,-0.24497628736528387,-0.2721977208092752,-0.059883830850648856,-1.3882100374903228
UNIONBANK,2026-08-12,2026-08-13,-0.2886665546476208,-0.0588018421151415,-0.2298647125324793,-0.30470267915841953
UNIONBANK,2026-08-13,2026-08-14,-0.04278401449518965,1.0267918672345555,0.08555986877392119,0.20856697052862305
UNIONBANK,2026-08-26,2026-08-27,-1.000052560830711,-1.1852507688535519,-1.2117088091225692,-2.375789916216764
UNITDSPR,2026-07-06,2026-07-07,-0.550601069501977,-0.6551452532873814,-0.5436331588151044,0.43211255651536273
UNITDSPR,2026-07-07,2026-07-08,-0.9675106759798768,-0.43784965903072015,-0.11299262612552985,0.3954785018317475
UNITDSPR,2026-07-24,2026-07-27,1.3970821014538837,1.3767411887504188,1.885388187733139,0.508646998982698
UNITDSPR,2026-07-27,2026-07-28,0.44642691267224865,0.47348484066580543,0.710227260998697,2.056278673704104
UNITDSPR,2026-07-28,2026-07-29,1.3483162203610455,0.7997340109674456,0.198281559814939,-0.6278916060806328
UNITDSPR,2026-07-29,2026-07-30,0.3311258278145601,1.059602649006619,0.8609271523178919,1.523178807947012
UNITDSPR,2026-08-04,2026-08-05,0.39851687795375845,0.22865356448993346,-0.12411984088034345,-0.6990234215192404
UNITDSPR,2026-08-21,2026-08-24,-0.27068517903843237,-0.4769286240332682,-0.3995843818915823,0.21913021832695723
UNOMINDA,2026-08-04,2026-08-05,1.6793912747338213,1.2454801124949677,1.3258336681398086,0.4419445560466029
UNOMINDA,2026-08-05,2026-08-06,-0.2939502117585868,-0.007942765537127805,-0.5322913666308771,1.533331975595642
UNOMINDA,2026-08-07,2026-08-10,-0.2798800839298621,0.015544675758749626,0.40425647006796517,0.1321582140515032
URBANCO,2026-08-20,2026-08-21,-0.03929113280473073,-0.05239150795910419,1.7026890343664558,3.0844838297303
URBANCO,2026-08-21,2026-08-24,4.540313663735351,5.513689070849592,5.758602017467873,5.689523515485351
URBANCO,2026-08-24,2026-08-25,0.722492725508328,0.017765473876840687,-0.6455029811386903,0.24872567063083384
URBANCO,2026-08-26,2026-08-27,1.2857482325511205,0.51670307482381,-0.1682280552690152,1.1295390862988919
URBANCO,2026-09-03,2026-09-04,0.24184064589474197,-0.03374440807871748,-0.2418492278907003,2.3565817601176153
URBANCO,2026-09-04,2026-09-07,-1.360882215263426,-1.6969707058152594,-2.203856749311295,-3.019281392583506
VBL,2026-06-15,2026-06-16,-0.8287292817679592,-0.8471409918853645,-0.9760566837879847,-0.45119930147905496
VBL,2026-06-17,2026-06-18,0.20967514874850046,-0.06382288509487744,-0.10028038667654338,-2.9355522404503565
WELCORP,2026-06-29,2026-06-30,-1.3861386138613874,-0.8514867600041276,0.06600660066007347,0.01980520317657053
WELCORP,2026-07-06,2026-07-07,-0.4998345453992248,-1.1035378123985695,-0.7789678675754641,-0.006489814082277778
WELCORP,2026-07-09,2026-07-10,0.006179342631118523,-0.7169772798624297,0.19778423410519164,-0.06180851628098116
WELCORP,2026-07-10,2026-07-13,2.5243297439167867,2.4866546678767643,2.423860319368143,1.7205666822017296
WELCORP,2026-07-14,2026-07-15,0.005935382598454275,0.27902820611214185,0.5996185846322888,-0.25528667571830255
WELCORP,2026-08-03,2026-08-04,1.6882540797022783,1.8758426368503889,2.0341139970259103,1.79963366741962
WELCORP,2026-08-04,2026-08-05,0.9969075381389247,1.5984888291398214,2.0109989168655362,2.4464277858715855
WELCORP,2026-08-05,2026-08-06,1.1175345190021835,2.7021003138902433,2.7854985136211985,1.1898156735541399
WELCORP,2026-08-06,2026-08-07,0.945564552851752,1.0931351260865085,1.7271521648232202,0.5684315999584522
WELCORP,2026-08-13,2026-08-14,-0.23257171929184084,-0.5708572698744918,-0.48628749529388005,-1.3161384900227113
WELCORP,2026-08-14,2026-08-17,-0.9616926040271645,-1.041833654362767,-0.6678420861299772,0.6304455380648388
WELCORP,2026-08-18,2026-08-19,1.9528594235625585,2.2533022533022473,1.5954441247409967,2.1497021497021596
WELCORP,2026-08-19,2026-08-20,0.44572387885193354,1.1649698339242898,1.549915151149417,1.5651067000728158
WELCORP,2026-08-20,2026-08-21,3.06131407762793,3.9649608114338486,5.846014238272246,6.588285031984786
WELCORP,2026-09-01,2026-09-02,-1.0898825504155774,0.5898706290204947,-0.2539161782868504,-1.4219267835599236
WELCORP,2026-09-02,2026-09-03,1.9745512989679304,3.024272108273207,2.2008858266778786,3.082806407143024
WELCORP,2026-09-03,2026-09-04,-0.2681314920303657,-0.7741984499434751,-0.2681314920303657,-2.7833359979597683
WELCORP,2026-09-10,2026-09-11,-1.8071138702956513,-1.6577404018451425,-1.6723103858457322,-2.481140187529396
WELSPUNLIV,2026-08-31,2026-09-01,1.6082142409759248,1.0823558629836194,1.4142055146341592,1.1640367775231697
WELSPUNLIV,2026-09-01,2026-09-02,-0.5188649477603002,-0.6397607419348805,-0.25691124928137743,0.7505946976955835
WELSPUNLIV,2026-09-03,2026-09-04,0.09957032143506073,0.5426647090403636,1.3093721372203326,4.30150321786027
WELSPUNLIV,2026-09-04,2026-09-07,1.4248978008698732,0.7910806762674305,2.1349652423336085,1.0055283297631945
WELSPUNLIV,2026-09-07,2026-09-08,-1.2881592138379028,-2.434760808591274,-2.878304655093611,-1.5948613885880092
YESBANK,2026-06-15,2026-06-16,1.220021045830455,2.2296961257473047,1.135887473975572,0.5469043258858663
YESBANK,2026-06-16,2026-06-17,0.9547511032772737,3.030301110886069,4.441675749467655,4.2756358660083205
YESBANK,2026-06-17,2026-06-18,1.4268752155500497,1.1097926742993813,1.0305201490256932,0.9908838863888381
YESBANK,2026-06-18,2026-06-19,-0.35391329731747634,0.0,0.31458876423910986,-0.03932453307835537
ZEEL,2026-07-31,2026-08-03,-1.1262171476790095,-0.10679670907918215,-0.3592259675553877,-4.922329800800207
ZENSARTECH,2026-07-29,2026-07-30,-0.3210902196308707,0.9443762177202109,0.34941458934447667,-1.4165643265803274
ZENTEC,2026-06-17,2026-06-18,3.204218647068502,2.7299103466732477,2.75098556900526,1.8708827404479544
ZENTEC,2026-06-18,2026-06-19,2.568216969498538,2.6096360518569783,2.8426397222462763,3.2931172773763784
ZENTEC,2026-06-19,2026-06-22,-1.885014114777095,-2.3909952209161367,-3.407910730203778,-3.020984358178358
ZYDUSLIFE,2026-07-06,2026-07-07,0.9739087975543459,0.9130434782608665,1.330439028532604,0.2608695652173809
ZYDUSLIFE,2026-08-11,2026-08-12,-2.41176060267857,-1.0672227875525242,0.7563025210084007,1.2605042016806678
