ticker,date,direction,streak_len,swing_pnl,day1_pnl
360ONE,2025-06-16,up,1,6.130216360453189,1.406013411204876
360ONE,2025-06-25,up,2,2.4251018086052456,0.3709235483494888
360ONE,2025-07-03,down,2,-5.81550575867229,0.9760517456709028
360ONE,2025-07-04,up,1,-13.190017181267866,0.18704534792650662
360ONE,2025-07-07,up,2,-14.725760727986437,-1.521186170820077
360ONE,2025-10-20,up,4,-8.34189356224211,1.0090829184632666
360ONE,2026-08-05,up,1,1.4688017469615344,1.121307905611424
360ONE,2026-08-20,up,1,-8.984731778529031,0.4168796784664863
AARTIIND,2021-10-07,up,1,6.260024790923047,
AARTIIND,2021-10-08,up,2,3.210409729658892,
AARTIIND,2021-10-11,up,3,2.411330292002245,
AARTIIND,2021-10-18,up,7,-16.142038136325276,
AARTIIND,2023-09-13,up,1,-7.378712575845558,
AARTIIND,2023-09-14,up,2,-11.332187815145966,
AARTIIND,2023-11-29,up,2,9.627049082813599,
AARTIIND,2023-11-30,up,3,4.4864509083413,
AARTIIND,2023-12-06,up,7,2.6629526376896306,
AARTIIND,2023-12-15,up,3,7.353482884848783,
AARTIIND,2023-12-18,down,1,5.696346386513329,
AARTIIND,2023-12-19,up,1,4.253243601757473,
AARTIIND,2023-12-26,up,3,-3.0416101311623533,
AARTIIND,2023-12-27,up,4,-8.637914711016759,
AARTIIND,2023-12-29,down,1,3.8067479603997034,
AARTIIND,2024-01-19,up,1,1.6180921220126265,
AARTIIND,2024-02-12,down,1,-4.262072427181584,
AARTIIND,2024-02-16,up,4,-7.193841594338545,
AARTIIND,2024-04-29,up,1,-18.87703141786059,
AARTIIND,2024-07-02,down,1,-4.311219121537102,
AARTIIND,2025-05-16,down,1,0.2805926522434943,
AARTIIND,2025-05-19,down,2,0.953170274384818,
AAVAS,2024-04-26,down,1,-2.580112723170147,
AAVAS,2025-03-20,up,4,3.166422446166739,
AAVAS,2025-03-24,up,6,0.7744292336006042,
AAVAS,2025-03-26,down,1,6.709031517074293,
AAVAS,2025-03-27,up,1,5.29381876943078,
AAVAS,2025-04-01,down,2,2.4001157551021723,
AAVAS,2025-04-02,up,1,1.5199546282774534,
ABB,2022-05-31,down,1,-7.32582498642863,0.9688181167740062
ABB,2022-06-01,down,2,-10.659427692498802,-0.8200488642685966
ABB,2022-08-10,up,3,2.097190144562533,-1.5332861941578124
ABB,2022-08-16,up,6,6.849959017958462,1.5658583453347363
ABB,2022-08-17,up,7,4.826982169081462,-1.3897825443565215
ABB,2022-08-24,up,2,15.392372080716532,3.4012221685439936
ABB,2022-08-25,down,1,9.607632208412365,1.4700631792755825
ABB,2022-08-26,up,1,6.7034064451490405,-1.5633865956919735
ABB,2022-08-30,up,1,-2.7025336214318907,0.5200707513574043
ABB,2022-09-01,down,1,-4.423499316789603,3.051533746527446
ABB,2023-02-17,down,1,1.5002852147944168,-2.2318299831643906
ABB,2023-03-01,up,1,2.979097465302849,1.678242602815927
ABB,2023-03-02,down,1,0.3117676789751389,-0.010445700856354101
ABB,2023-03-03,up,1,-0.9518480789189709,-0.49602863160598254
ABB,2023-03-08,up,3,0.2920593162244467,0.35859638347013334
ABB,2023-03-09,down,1,-0.10375918521642324,-1.0551937489531205
ABB,2023-05-08,up,1,4.509889681475987,1.127441275180141
ABB,2023-05-10,up,3,2.7376773595759296,-0.5861094285200541
ABB,2023-05-11,down,1,3.7850207226661325,-0.19559962024101596
ABB,2023-05-12,up,1,2.9630885417014197,1.1697992163293813
ABB,2023-05-26,up,2,3.4633271003204014,0.956927348382064
ABB,2023-05-29,up,3,2.3196916281727153,-0.10816364106210896
ABB,2023-05-31,down,1,1.7364230603927666,1.2572785373429873
ABB,2023-06-13,up,2,2.097099930823898,0.15056145187068992
ABB,2023-06-14,up,3,1.3696600813494886,-0.26426174576894557
ABB,2023-06-19,down,1,0.45325341131379204,-1.8080957470758774
ABB,2023-06-21,up,2,-0.5020170843488825,-1.8553935307621172
ABB,2023-12-04,up,5,6.329496919796318,3.9082347570657427
ABB,2023-12-05,up,6,0.5776179460640574,3.1570739086969724
ABB,2023-12-15,up,3,-3.1961541340541966,-1.545404078189594
ABB,2023-12-18,down,1,-0.6822023345005923,-0.6499045175705542
ABB,2024-03-04,up,3,6.9472504613773856,0.7211779718124145
ABB,2024-03-05,down,1,4.813969031168086,-0.5853345804077592
ABB,2024-03-07,up,2,3.8061424058683846,0.9123926640834279
ABB,2024-03-11,down,1,2.515734558281646,0.49888678156182475
ABB,2024-03-22,up,3,5.295162586730906,-1.3845634433260368
ABB,2024-03-27,up,1,11.357274892755619,3.558247299370665
ABB,2024-03-28,up,2,5.951742090542922,0.7662972481936814
ABB,2024-04-01,up,3,3.822699887868919,0.6255860198383312
ABB,2024-04-04,up,1,2.299737039657379,-1.2125358687548493
ABB,2024-04-05,down,1,1.4632534787159646,0.21692462248608102
ABB,2024-04-08,up,1,0.53343554943035,0.028007599627177804
ABB,2024-05-06,down,2,5.316568849420067,2.2428358941668947
ABB,2024-05-08,down,4,12.848400045228425,1.834577114427871
ABB,2024-05-13,up,2,17.854890202458208,10.76509941288295
ABB,2024-05-16,up,1,3.8810320238955365,0.8518341262976792
ABB,2024-05-21,up,3,3.5098213223096364,1.4581257346882426
ABB,2024-06-03,up,2,4.364340821252322,1.240352792234778
ABB,2024-06-14,up,4,-2.829834799902353,3.8725391333407355
ABB,2024-07-04,up,2,-10.412221065301551,-0.5454393499763732
ABB,2024-10-09,down,1,5.0880198037302815,1.8482692669791856
ABB,2024-10-14,up,1,1.2299825590035063,-0.4940516083721813
ABB,2024-10-16,down,2,-17.960550513773633,0.4873205614235321
ABB,2024-12-11,up,1,1.665194231577627,-0.22049029697739364
ABB,2024-12-16,down,1,-14.308000318013114,0.8230977852007548
ABB,2025-05-26,up,2,-0.09049833892561532,-0.3230778240029375
ABB,2025-05-30,down,1,-2.1613513978706034,-2.300687665461809
ABB,2025-06-06,up,3,-1.2863111705285202,-0.895977777018786
ABB,2025-06-09,up,4,-2.028195996779114,0.863990306744955
ABB,2026-02-16,up,1,5.260576789742677,0.15354904606810216
ABB,2026-02-20,up,1,4.268221183644072,2.0151766420423156
ABB,2026-03-10,up,1,2.7655213578389626,-0.10466561720443579
ABB,2026-03-11,down,1,-1.397014925373119,-0.6248756218905305
ABB,2026-03-12,down,2,-1.3784830786777391,1.3037578903899671
ABB,2026-03-13,down,3,1.5994759850332496,-0.9540523527474809
ABB,2026-04-08,up,5,6.980770130538527,2.5437077933218033
ABB,2026-04-09,down,1,6.2271601971915835,0.37140593637476904
ABB,2026-04-10,up,1,5.3075483767552,0.7458941366638827
ABB,2026-04-15,up,1,1.28922399803173,-0.9586057115767765
ABB,2026-04-17,up,1,7.954436312645274,0.37756306413023744
ABB,2026-04-20,up,2,6.582715393806082,1.146111880243006
ABB,2026-04-22,down,1,-12.603115986431657,3.138926584374402
ABB,2026-08-04,down,1,-1.2420492371896574,0.3247151580247243
ABCAPITAL,2022-12-05,up,1,-6.955760499632713,2.877651432806849
ABCAPITAL,2022-12-06,down,1,-7.466432979713444,-1.1537807644476539
ABCAPITAL,2023-06-28,up,3,-4.229499108461477,-1.1152190054883437
ABCAPITAL,2023-06-30,up,4,-5.045902503907895,0.7290252348384207
ABCAPITAL,2023-07-03,up,5,-4.565535978059277,-1.432396626351573
ABCAPITAL,2024-01-15,up,5,-0.8548384577028556,-1.5969874384980987
ABCAPITAL,2024-02-26,down,2,0.1845521108383208,-0.3925732720692743
ABCAPITAL,2024-04-16,down,3,3.388190468094887,-1.808637712354566
ABCAPITAL,2024-04-23,up,3,8.368113485538098,3.4873013832459554
ABCAPITAL,2024-04-24,up,4,8.842150111480972,-1.4925359331714905
ABCAPITAL,2024-04-25,up,5,6.116878671446213,2.655351361372249
ABCAPITAL,2024-04-26,down,1,-9.743037741725669,0.4291920685246309
ABCAPITAL,2024-04-29,up,1,-6.208560917667572,1.5181543699853473
ABCAPITAL,2024-04-30,down,1,-6.921008958413388,-4.244550504078459
ABCAPITAL,2024-05-24,down,1,-0.45414413881962323,-0.2590000275055071
ABCAPITAL,2024-06-20,up,1,-7.433652330674844,-0.19078467482045447
ABCAPITAL,2024-09-02,up,13,2.8706000512853658,0.4490793362763368
ABCAPITAL,2024-09-03,up,14,-1.066342792572328,-3.7354975759301356
ABCAPITAL,2024-10-01,down,3,-12.573362364653173,1.0808389957730924
ABCAPITAL,2025-04-21,up,5,2.4475608838463225,1.5025375634390992
ABCAPITAL,2025-04-22,up,6,5.977743838695049,-0.5169326516593853
ABCAPITAL,2025-04-23,up,7,4.953754843804226,-0.4879034879511579
ABCAPITAL,2025-05-14,up,1,6.601684485193249,3.2438917582413795
ABCAPITAL,2025-05-21,up,1,5.572414229523814,0.41161728818801535
ABCAPITAL,2025-05-22,down,1,4.710891193540401,0.35485057594906166
ABCAPITAL,2025-06-02,down,2,3.6362130911838264,-0.275507786199658
ABCAPITAL,2025-06-03,down,3,3.0430633531746576,-1.2215197997719307
ABCAPITAL,2025-06-06,up,3,20.905561780550762,2.6474287263359875
ABCAPITAL,2025-06-09,up,4,17.72220273641958,2.8155482897472606
ABCAPITAL,2025-06-10,up,5,13.207645618994013,0.6108455579200367
ABCAPITAL,2025-06-11,up,6,0.2683539360140541,-0.7393682140966473
ABCAPITAL,2025-06-17,down,1,9.730228456509792,1.4846088283681391
ABCAPITAL,2025-06-18,down,2,7.692228123495459,-0.7893085890196883
ABCAPITAL,2025-06-20,up,1,6.168706795847512,-0.7353279100882681
ABCAPITAL,2025-06-23,down,1,4.723526017429491,1.7725062898435562
ABCAPITAL,2025-06-24,up,1,3.259049256349722,1.7482186658709153
ABCAPITAL,2025-06-26,up,3,-2.4200862362744546,0.4093640841567714
ABCAPITAL,2025-07-01,up,1,-3.9109922252351548,0.5079237548093474
ABCAPITAL,2025-08-18,up,3,2.0601176487172523,-0.23474178403753987
ABCAPITAL,2025-08-19,up,4,0.8527280020595107,-0.4282650036944835
ABCAPITAL,2025-08-21,up,6,0.15529873300650365,0.2583703179843244
ABCAPITAL,2025-09-12,up,8,1.7072469134671975,-0.8197506373925689
ABCAPITAL,2025-10-01,up,1,1.7457801631802106,-0.09870080742097054
ABCAPITAL,2025-10-03,up,2,2.5212114861088653,0.6241979187874724
ABCAPITAL,2025-10-07,up,4,1.3946620317979885,-1.9655819264334018
ABCAPITAL,2025-10-23,up,6,5.9889602819555465,0.1673569545082687
ABCAPITAL,2025-10-28,down,1,4.255890852904365,-0.14658795632561672
ABCAPITAL,2025-10-30,down,1,5.692092184347408,2.2065371370596276
ABCAPITAL,2025-10-31,down,2,2.3168883852693556,-1.4507735088036156
ABCAPITAL,2025-11-03,up,1,0.9354721998606985,0.1294177717556355
ABCAPITAL,2025-11-07,down,3,2.300998639845808,0.36128698663955294
ABCAPITAL,2025-11-25,down,3,5.686335840859158,2.4099336970360152
ABCAPITAL,2025-11-26,up,1,2.7302932844397887,0.42062247002263575
ABCAPITAL,2025-11-27,up,2,1.7574648092699041,0.1265089273094766
ABCAPITAL,2025-11-28,down,1,1.0088229469277232,0.7976546759585368
ABCAPITAL,2025-12-09,down,2,-1.2977248663501806,0.7993812440573622
ABCAPITAL,2025-12-10,down,3,-1.813173974007698,-1.9352495888472543
ABCAPITAL,2026-04-22,down,1,-0.8095675871577557,-1.2067247511551193
ABCAPITAL,2026-05-04,up,1,2.027575405052784,-2.5877189037659676
ABCAPITAL,2026-05-05,down,1,0.20631593570807905,0.7445435789154242
ABCAPITAL,2026-05-06,up,1,-0.18293579621222467,1.4446683704544494
ABCAPITAL,2026-05-07,down,1,-2.9550268007696445,-1.4324351397375423
ABCAPITAL,2026-06-24,up,1,1.2306636718846242,0.2971940362164638
ABCAPITAL,2026-06-25,up,2,0.6945097965406433,-2.1287007585025552
ABCAPITAL,2026-07-03,up,3,-1.8678984982287816,0.23750825050077307
ABCAPITAL,2026-07-06,up,4,-1.6153768915837308,0.6694920459431319
ABFRL,2021-10-05,up,2,7.8075805066426085,
ABFRL,2021-10-07,up,1,4.316512505261194,
ABFRL,2021-10-08,up,2,3.3996998279095303,
ABFRL,2021-10-12,up,4,8.17610292068549,
ABFRL,2021-11-02,down,1,11.357555683726716,
ABFRL,2021-11-03,down,2,4.97890563706036,
ABFRL,2021-11-09,down,1,-13.420553943240366,
ABFRL,2021-11-10,down,2,-14.990048966127368,
ABFRL,2022-01-12,up,4,-5.0840335909048235,
ABFRL,2022-01-13,up,5,-4.489249661603023,
ABFRL,2022-01-14,down,1,-6.49531729342675,
ABFRL,2022-01-17,up,1,-8.036538094166556,
ABFRL,2022-01-18,down,1,-5.947551454769728,
ABFRL,2022-09-02,down,2,3.8904073577224585,
ABFRL,2022-09-07,down,2,3.897867453820014,
ABFRL,2024-02-06,up,1,-10.681887075803564,
ABFRL,2024-02-07,up,2,-10.620016098584983,
ABFRL,2024-02-08,down,1,-15.281815140463205,
ABFRL,2024-04-23,up,3,7.05164882864564,
ABFRL,2024-04-26,down,1,2.4890122313266483,
ABFRL,2024-05-21,up,3,-1.517955648791014,
ABFRL,2024-05-24,down,1,-8.38522257869908,
ABFRL,2024-05-28,down,3,8.845689373060406,
ABFRL,2024-05-29,down,4,5.934398119901196,
ABFRL,2024-05-30,down,5,4.097450917004464,
ABFRL,2024-06-05,up,1,4.146486043743902,
ABFRL,2024-06-06,up,2,-0.2738813040215726,
ABFRL,2024-06-07,up,3,-1.414586055895617,
ABFRL,2024-06-10,down,1,-0.45220349398615856,
ABFRL,2024-07-04,up,2,-1.3643091092013448,
ABFRL,2024-07-29,up,2,-4.127147715375923,
ABFRL,2024-09-24,up,4,-2.762471529713295,
ABFRL,2024-09-27,down,1,-8.873707112170425,
ABFRL,2025-09-22,down,2,-14.696951153769112,
ABREL,2024-04-25,up,5,10.92689468092669,
ABREL,2024-04-26,down,1,8.382304419388898,
ABREL,2024-04-29,up,1,7.3989960120327325,
ABREL,2024-05-15,down,1,4.588832884733374,
ABREL,2024-05-17,up,2,-11.185250219490783,
ABREL,2024-05-21,up,3,-3.736492197775465,
ABREL,2024-05-24,down,1,1.3347148069162484,
ABREL,2024-07-02,down,1,-5.060367112371988,
ABREL,2024-09-11,down,1,12.087782431714956,
ABREL,2024-09-12,up,1,1.817060063317677,
ABREL,2024-09-13,down,1,-7.094734017324866,
ACC,2022-04-11,down,1,3.0703733563311353,
ACC,2022-04-25,down,2,-4.245299160760895,
ACC,2022-04-26,up,1,-4.051636521263047,
ACC,2022-04-27,down,1,-5.049272059920106,
ACC,2022-04-28,up,1,-5.652223592790772,
ACC,2022-09-07,down,2,15.909478254432074,
ACC,2022-09-09,up,2,11.296725391264895,
ACC,2022-09-13,up,4,-5.894736748754992,
ACC,2022-09-14,down,1,-8.736460209026909,
ACC,2022-11-28,up,5,4.388593810272701,
ACC,2022-11-29,up,6,1.4393232422238222,
ACC,2022-12-01,up,8,-2.677276993558464,
ACC,2022-12-02,down,1,-9.280566113753064,
ACC,2022-12-06,down,1,-6.205432288766122,
ACC,2022-12-13,up,2,-8.5177136173204,
ACC,2023-08-03,down,3,-3.8510035333854997,
ACC,2023-12-14,up,2,6.655628582599871,
ACC,2024-01-02,down,1,-2.789153736984318,
ACC,2024-01-04,up,1,5.209228973616686,
ACC,2024-01-05,up,2,3.722591072255166,
ACC,2024-01-25,down,1,11.410658959281704,
ACC,2024-02-09,up,1,4.754859693165381,
ACC,2024-02-12,down,1,2.3389631180110726,
ACC,2024-02-16,up,4,-2.3293700635043546,
ACC,2024-06-03,up,2,-3.976441061519087,
ACC,2024-07-01,up,1,-2.9704077685219654,
ACE,2024-03-27,up,1,11.91766133166925,
ACE,2024-04-01,up,3,-5.500000006803374,
ACE,2024-04-02,down,1,-5.436123627371536,
ACE,2025-09-19,down,1,-7.119557635726181,
ACMESOLAR,2026-06-05,down,1,8.562479129307876,
ACMESOLAR,2026-06-08,down,2,4.823106688778345,
ACMESOLAR,2026-06-24,up,1,5.55613540688169,
ACMESOLAR,2026-06-29,down,1,6.157718319803718,
ACUTAAS,2021-10-18,up,7,-26.43445805021343,
ACUTAAS,2026-02-24,down,1,-4.428076312233475,
ACUTAAS,2026-03-24,up,1,-14.6740327418301,
ACUTAAS,2026-03-25,up,2,-5.379187796493412,
ACUTAAS,2026-05-06,up,1,2.805825608286705,
ACUTAAS,2026-05-08,down,2,8.76038395794254,
ACUTAAS,2026-05-11,down,3,8.208500893277382,
ACUTAAS,2026-05-12,down,4,5.680443881257458,
ACUTAAS,2026-05-19,down,1,4.757101721021084,
ACUTAAS,2026-05-21,down,1,3.7769431043431556,
ACUTAAS,2026-05-26,down,1,3.0385263763825554,
ACUTAAS,2026-05-29,down,3,7.688397539599778,
ACUTAAS,2026-06-05,down,1,-6.477464682086687,
ACUTAAS,2026-06-08,down,2,6.018328888362023,
ACUTAAS,2026-06-24,up,1,7.58932462451003,
ACUTAAS,2026-06-29,down,1,9.591812105082042,
ACUTAAS,2026-07-02,up,2,-4.656768852241555,
ACUTAAS,2026-07-21,down,2,-12.03391373966154,
ADANIENSOL,2022-04-07,down,3,6.149083684080492,-2.1899655649121996
ADANIENSOL,2022-04-11,down,1,2.818199463862814,1.9207250106314966
ADANIENSOL,2022-04-12,down,2,0.15414735673429103,-1.788365143950088
ADANIENSOL,2022-04-29,down,1,-23.75405373231837,-3.8258186419817264
ADANIENSOL,2022-07-11,down,1,19.755757591002055,2.7105079318495706
ADANIENSOL,2022-07-12,down,2,12.385070197965042,0.2198964084955568
ADANIENSOL,2022-07-14,down,4,10.033053001572888,5.107460646403483
ADANIENSOL,2022-07-15,up,1,4.355124802840771,-1.9405502000956365
ADANIENSOL,2022-07-19,up,3,2.4546175630539624,0.22734012058911457
ADANIENSOL,2022-07-20,up,4,1.6802316925477845,-1.7727661397252903
ADANIENSOL,2022-07-29,up,3,16.78005872701498,1.476971685844175
ADANIENSOL,2022-08-01,up,4,17.33743398953187,3.8609420530886007
ADANIENSOL,2022-08-02,up,5,12.571964174722305,4.066506796298341
ADANIENSOL,2022-08-03,up,6,8.44094319720039,1.3237126395911236
ADANIENSOL,2022-08-16,up,6,7.975463208251621,0.5106748833933583
ADANIENSOL,2022-08-17,up,7,6.895380539418761,-0.4295806104429589
ADANIENSOL,2022-08-19,down,1,5.731680934923777,-0.37136284786905005
ADANIENSOL,2022-08-24,up,2,3.688432364318328,-1.3285125269442144
ADANIENSOL,2022-08-29,down,1,5.721065710499684,2.7885670721688793
ADANIENSOL,2022-08-30,up,1,1.763330399318197,1.1536649151485445
ADANIENSOL,2022-09-13,up,4,-23.218642402027655,-4.135449236033262
ADANIENSOL,2022-09-15,down,2,-23.72737777752342,0.259439001312467
ADANIENSOL,2022-09-16,down,3,-25.820779103438653,-1.0912026977285327
ADANIENSOL,2023-08-18,down,2,-4.951710599118364,2.897278314310814
ADANIENSOL,2023-08-21,up,1,-9.629702471197554,5.189931281616267
ADANIENSOL,2023-08-22,up,2,-9.006471100189085,3.025644310635678
ADANIENSOL,2024-01-03,down,2,-6.01072650929747,6.735824423979397
ADANIENSOL,2024-06-03,up,2,-12.61221005090043,5.0988518117425
ADANIENSOL,2025-03-21,up,5,5.52945788505077,1.406696771307514
ADANIENSOL,2025-03-27,up,1,10.29332636212179,2.545300888627522
ADANIENSOL,2025-03-28,down,1,8.438486236585874,-3.3220759420585666
ADANIENSOL,2025-04-03,down,1,-1.3314253178614677,-2.0319175662242173
ADANIENSOL,2025-04-17,up,4,-3.9575130343919795,1.816498900844632
ADANIENSOL,2025-04-21,up,5,-3.9806291693048834,0.02283400649500944
ADANIENSOL,2025-04-24,down,1,-4.057165406584684,2.543132598336051
ADANIENSOL,2025-04-25,down,2,-8.976265810270412,-6.406017814823361
ADANIENSOL,2025-09-22,down,2,3.34866269320806,4.2064427583993425
ADANIENSOL,2025-10-16,up,2,-0.14102045996964296,-1.4359196857683276
ADANIENSOL,2025-10-29,up,1,3.092460075632042,0.8409489999494202
ADANIENSOL,2025-10-31,down,2,-1.848153799982044,-0.14341105858606262
ADANIENSOL,2025-11-04,down,1,-1.951620943918353,-2.475889714820134
ADANIENSOL,2025-11-12,up,3,-4.581937001441839,-1.2651862146211168
ADANIENSOL,2025-11-13,up,4,-5.357702927357044,0.028442803904482616
ADANIENSOL,2025-11-14,up,5,-5.963787090524897,-1.482209997562256
ADANIENSOL,2026-01-01,up,2,-12.470559862157627,1.804628783869866
ADANIENSOL,2026-01-02,up,3,-14.836662126064526,-1.1535522277407728
ADANIENSOL,2026-02-24,down,1,-0.6986723637814274,-0.2867879443303578
ADANIENSOL,2026-04-17,up,1,10.719276782896237,1.4124154005036083
ADANIENSOL,2026-04-20,up,2,7.48893051684143,-0.348231247935904
ADANIENSOL,2026-04-22,down,1,-1.0522263765858852,5.165230756785211
ADANIENSOL,2026-04-24,down,3,-4.876631953599386,2.0483283018085885
ADANIENSOL,2026-04-27,up,1,-7.16592476215413,0.5429012421445556
ADANIENSOL,2026-04-28,down,1,-7.830786829994074,-1.4698015324560165
ADANIENSOL,2026-05-27,down,2,5.5167413436511215,4.053271292024596
ADANIENSOL,2026-05-29,down,3,0.791905914303781,-2.859324039349409
ADANIENSOL,2026-06-05,down,1,-6.303135925436953,-1.7330185049373004
ADANIENSOL,2026-06-08,down,2,-6.750025070442378,-0.1223616798530558
ADANIENSOL,2026-07-07,down,1,1.889540534296552,-1.1605810726691645
ADANIENSOL,2026-07-16,down,1,-5.948989115713276,-1.3044947510571392
ADANIENSOL,2026-07-17,up,1,-6.995984778747455,-1.5815418321237784
ADANIENSOL,2026-07-21,down,2,-8.179416675600171,-0.916417092402011
ADANIENT,2021-10-18,up,7,-1.7322835597450403,-2.3481655026873383
ADANIENT,2021-11-24,down,1,-4.510731448225592,-0.7002911094377673
ADANIENT,2022-01-11,up,3,-3.325949593587818,5.531233977338701
ADANIENT,2022-01-12,up,4,-5.776524104561642,-1.3580744924028387
ADANIENT,2022-01-14,down,1,-7.998711789258451,-0.33813845880048543
ADANIENT,2022-01-17,up,1,-9.679561444685604,-0.7843667384804021
ADANIENT,2022-03-25,down,3,7.42800955761449,1.0558244638219527
ADANIENT,2022-03-28,up,1,5.714770132299107,1.6880453960230968
ADANIENT,2022-03-30,up,3,10.270032127427942,3.320982463982669
ADANIENT,2022-03-31,down,1,5.667696142426837,-0.34936977642802125
ADANIENT,2022-04-04,up,2,11.028561324963771,0.9107706950848504
ADANIENT,2022-04-05,down,1,9.610947798049052,3.253906329590328
ADANIENT,2022-04-07,down,3,3.889632424018097,-3.896357429231345
ADANIENT,2022-04-18,down,4,2.522542656534821,0.6683571776090247
ADANIENT,2022-04-19,down,5,1.5613938191298082,-3.251599147121531
ADANIENT,2022-04-21,up,2,5.69326532870571,1.3557489713296178
ADANIENT,2022-04-22,down,1,3.9167701781824382,-1.955206069060711
ADANIENT,2022-04-26,up,1,-5.886866722059681,3.7721173478606707
ADANIENT,2022-07-11,down,1,7.791477333274588,2.1286950431909535
ADANIENT,2022-07-14,down,4,3.903444906700315,0.5309027157795798
ADANIENT,2022-07-15,up,1,3.2897078666567436,0.3302952790126046
ADANIENT,2022-07-18,up,2,2.4818765205393056,-1.1545791676561001
ADANIENT,2022-07-19,up,3,1.6886572807133238,0.32357211986224765
ADANIENT,2022-07-20,up,4,3.1964581198998365,-0.7200406656507341
ADANIENT,2022-07-21,up,5,2.6330675678498006,0.8182941055873805
ADANIENT,2022-07-22,up,6,5.921101960201791,-0.25661329215623807
ADANIENT,2022-07-25,down,1,5.2849097793014055,1.1232277734076312
ADANIENT,2022-07-29,up,3,15.103785161897033,-0.36793302075626144
ADANIENT,2022-08-01,up,4,12.930773199458478,0.9445525993222459
ADANIENT,2022-08-02,up,5,10.925488185190435,0.08398474500048714
ADANIENT,2022-08-03,up,6,9.790317882454636,0.5355130170430877
ADANIENT,2022-08-04,down,1,8.982144765910993,1.0772416899675452
ADANIENT,2022-08-05,up,1,7.913735146117151,-2.089461722553121
ADANIENT,2022-08-08,up,2,6.987696340576788,0.7284535125923641
ADANIENT,2022-08-10,up,3,5.463465043059723,0.6844075994660415
ADANIENT,2022-08-12,up,5,10.165714415752113,0.5714336164061917
ADANIENT,2022-08-16,up,6,9.292799350985725,3.4827292083074113
ADANIENT,2022-08-17,up,7,11.82533577351439,0.13562462303353673
ADANIENT,2022-08-19,down,1,4.805540684153775,-2.1215329504392644
ADANIENT,2022-09-02,down,2,8.427856805949506,2.88723696884563
ADANIENT,2022-09-05,up,1,5.007111173132439,-0.4797908222984537
ADANIENT,2022-09-07,down,2,2.6252871882327167,0.9859595423452383
ADANIENT,2022-09-13,up,4,6.331326118621283,-0.21244427194788695
ADANIENT,2022-09-14,down,1,-3.2353699534196534,0.09076749775778215
ADANIENT,2022-09-15,down,2,-4.284013657547203,3.5564968946840247
ADANIENT,2022-09-16,down,3,-14.274352251335898,-1.7914844793002094
ADANIENT,2022-11-04,up,1,6.666370423127033,5.741379991653317
ADANIENT,2022-11-07,up,2,0.24168350291984275,2.790115854272246
ADANIENT,2022-11-09,down,1,-2.872464049277168,-0.9610975790843246
ADANIENT,2022-11-14,down,1,-3.4108664928797827,-1.0848498374762983
ADANIENT,2023-05-22,up,2,22.777795631556707,19.126275628375833
ADANIENT,2023-05-23,up,3,4.401301919381595,14.84969697740528
ADANIENT,2023-08-03,down,3,1.8497624010112457,0.5812892972834494
ADANIENT,2023-08-18,down,2,-6.606637037894902,-0.09216767761579536
ADANIENT,2023-08-22,up,2,-5.358893649891905,1.519822624646694
ADANIENT,2024-01-31,up,1,2.4653076843220045,0.3576336319600193
ADANIENT,2024-02-01,down,1,3.0179274450274907,0.5522250888253089
ADANIENT,2024-02-07,up,2,-1.0492864288097148,-0.2316105530255297
ADANIENT,2024-02-19,up,5,-5.216210728946424,-0.8298992638808622
ADANIENT,2024-02-26,down,2,-8.507283727166847,0.07343811097986208
ADANIENT,2024-06-03,up,2,-8.748980113577753,1.2909022448098773
ADANIENT,2025-04-03,down,1,0.4663509663322296,-0.49959176261178406
ADANIENT,2025-06-09,up,4,2.4924789557859484,0.6992557034680935
ADANIENT,2025-06-10,up,5,1.114944825403974,0.4921210686507971
ADANIENT,2025-09-23,down,3,-5.220043115444762,-0.6471965108642452
ADANIENT,2026-04-23,down,2,5.275988332584913,0.8160309031769453
ADANIENT,2026-04-28,down,1,5.833687836890644,3.3599694150663106
ADANIENT,2026-04-29,up,1,2.203854741658451,-1.5295463860963698
ADANIENT,2026-05-04,up,1,10.459237006672195,0.569252544397636
ADANIENT,2026-05-06,up,1,7.332122779492201,0.5034489116297225
ADANIENT,2026-05-14,up,2,11.201319583887258,8.524408202019895
ADANIENT,2026-05-15,down,1,4.247144833621408,-1.2291483757682187
ADANIENT,2026-05-25,up,2,8.202870807983388,1.0253183033913649
ADANIENT,2026-05-26,down,1,6.0946804771724095,3.790545978225146
ADANIENT,2026-05-27,down,2,1.8001905316404887,-0.21697424271179822
ADANIENT,2026-06-05,down,1,-0.9609293797322116,-0.8196030196868653
ADANIENT,2026-07-01,up,1,0.8708454882391692,1.1336202191538414
ADANIENT,2026-07-02,up,2,-4.913809473836849,0.8355880928613724
ADANIGREEN,2021-10-05,up,2,0.8571689697983498,3.014635130779819
ADANIGREEN,2021-10-06,down,1,-7.1997715152641195,-0.901994094567804
ADANIGREEN,2021-11-12,up,1,12.183477550399058,6.040311264191889
ADANIGREEN,2021-11-15,up,2,8.337827666149522,1.1733062884884182
ADANIGREEN,2021-11-17,down,2,4.951259357494764,-3.0484721200500386
ADANIGREEN,2021-11-22,down,4,1.527985585566416,-2.610930960975688
ADANIGREEN,2021-11-23,up,1,4.481609057584457,3.29229462425904
ADANIGREEN,2021-11-24,down,1,1.7145212474945604,-1.4268409223312295
ADANIGREEN,2021-12-13,down,2,-5.286287684259783,-2.3961464761000473
ADANIGREEN,2022-01-18,down,1,8.661118593336603,3.581338185018823
ADANIGREEN,2022-01-19,down,2,4.7131926376483335,0.7566771212946355
ADANIGREEN,2022-01-20,down,3,3.311648139510792,0.6761066462559029
ADANIGREEN,2022-02-07,down,3,2.5500395636483653,1.9189944326436503
ADANIGREEN,2022-02-17,down,2,-9.770080316728025,-0.0706273120742118
ADANIGREEN,2022-04-04,up,2,30.007372615605533,5.009802426302956
ADANIGREEN,2022-04-05,down,1,23.943275801782036,2.7764476891359857
ADANIGREEN,2022-04-06,down,2,19.997760523357556,-0.13506084338872348
ADANIGREEN,2022-04-07,down,3,17.861797781923737,-1.381978993919275
ADANIGREEN,2022-04-08,up,1,19.262039511371153,3.143473532647967
ADANIGREEN,2022-04-11,down,1,17.291041414082574,19.290420163819523
ADANIGREEN,2022-04-12,down,2,2.666628783045022,2.8523326398647075
ADANIGREEN,2022-04-18,down,4,-16.266385461124987,2.1962943320622097
ADANIGREEN,2022-04-19,down,5,-2.46152791603087,-1.995710711888432
ADANIGREEN,2022-07-29,up,3,10.385996561731602,0.18871161434210748
ADANIGREEN,2022-08-01,up,4,5.159818830111007,1.8719724992116493
ADANIGREEN,2022-08-02,up,5,-0.26296868092062775,-0.10444301676265644
ADANIGREEN,2022-08-18,up,8,-0.5812319522963905,-0.6198636661663759
ADANIGREEN,2022-08-19,down,1,0.022565003001107087,4.015488162411773
ADANIGREEN,2022-08-22,down,2,-6.440026023515655,2.026101377172118
ADANIGREEN,2023-07-26,up,2,-14.631158521296793,4.984927710285247
ADANIGREEN,2023-12-26,up,3,6.954146304575937,3.598536765192417
ADANIGREEN,2023-12-27,up,4,3.4807579748317385,-2.137597820582282
ADANIGREEN,2024-01-03,down,2,-4.680581124331084,2.4192406337423478
ADANIGREEN,2024-02-07,up,2,11.16133895255864,7.127219649520278
ADANIGREEN,2024-02-26,down,2,-8.228475403835244,-1.0517035077775572
ADANIGREEN,2024-02-27,up,1,-8.072139303482572,-1.0049726951181448
ADANIGREEN,2024-05-31,up,1,-16.38702754507937,7.945058606747479
ADANIGREEN,2024-06-03,up,2,-10.318513576778866,1.2990117150444513
ADANIGREEN,2025-06-09,up,4,-0.7298163282868142,0.6349527819922818
ADANIGREEN,2025-06-10,up,5,-3.231831224587056,1.5603688833706775
ADANIGREEN,2025-07-16,up,2,-8.561798703892354,-0.7839879298325858
ADANIGREEN,2025-07-17,down,1,-11.192013993203942,-1.1422211314200736
ADANIGREEN,2025-09-22,down,2,-3.7306510238838353,8.142759591398763
ADANIGREEN,2026-02-17,up,2,-15.423876499279066,1.4336107465757975
ADANIGREEN,2026-04-17,up,1,13.985853735433595,-0.5151707673172412
ADANIGREEN,2026-04-20,up,2,12.656013892980301,0.8248253830900554
ADANIGREEN,2026-04-22,down,1,7.471009069453993,-0.6640437977476599
ADANIGREEN,2026-04-23,down,2,6.579133475516619,0.9062570962614425
ADANIGREEN,2026-04-24,down,3,3.5708514822560655,-0.0962927298988836
ADANIGREEN,2026-04-29,up,1,1.9956743421107648,-2.4059327668380703
ADANIGREEN,2026-05-04,up,1,8.55741376012016,0.9927405747649276
ADANIGREEN,2026-05-05,down,1,5.808120407302586,2.171136653895278
ADANIGREEN,2026-05-06,up,1,3.121431763651872,0.9143973931685867
ADANIGREEN,2026-05-07,down,1,0.9353780201241557,-0.7811835860218275
ADANIGREEN,2026-05-11,down,3,5.235796663566239,-0.35309663583388273
ADANIGREEN,2026-05-14,up,2,0.4348768023927363,3.701805706802208
ADANIGREEN,2026-05-15,down,1,-1.4058281182295351,-3.9351345243681335
ADANIGREEN,2026-05-27,down,2,3.202542770300454,1.464127357772682
ADANIGREEN,2026-05-29,down,3,0.007207124579666768,-3.184997279740942
ADANIGREEN,2026-06-09,up,1,0.6322400664905636,-0.335191903451737
ADANIGREEN,2026-06-22,up,1,3.347835478541783,-0.03375465085894147
ADANIGREEN,2026-07-14,down,1,-13.596698051865674,0.46676971010908286
ADANIPORTS,2022-01-14,down,1,-8.299991740516155,0.4641739754834173
ADANIPORTS,2022-03-29,up,2,8.452410092409979,1.8608671413861355
ADANIPORTS,2022-03-30,up,3,6.203882366060309,-0.43263925721728214
ADANIPORTS,2022-03-31,down,1,4.965215153149316,-0.6834520206775885
ADANIPORTS,2022-04-01,up,1,11.370168926693358,0.7765270956357817
ADANIPORTS,2022-04-04,up,2,10.003921321520458,5.706447782821433
ADANIPORTS,2022-04-05,down,1,5.7959001992821335,3.230122800623314
ADANIPORTS,2022-04-22,down,1,4.500591729573844,0.41593558845856027
ADANIPORTS,2022-04-26,up,1,-14.670441495348452,2.6526495954728446
ADANIPORTS,2022-04-27,down,1,-20.136449429417127,-2.0232899031676133
ADANIPORTS,2022-07-20,up,4,6.047312388569903,-1.040153800366217
ADANIPORTS,2022-07-22,up,6,-0.011138948580602381,-0.4909414494128628
ADANIPORTS,2022-07-29,up,3,6.693963255882318,-0.31626612468060866
ADANIPORTS,2022-08-01,up,4,5.724199023375065,2.7352056039907646
ADANIPORTS,2022-08-02,up,5,1.9962407383558034,-0.6460251240106851
ADANIPORTS,2022-08-04,down,1,1.190739243782124,-0.41157107468722254
ADANIPORTS,2022-08-17,up,7,5.019694239814121,-0.6480912628142432
ADANIPORTS,2022-08-18,up,8,4.639374385579731,0.13637416800882374
ADANIPORTS,2022-08-19,down,1,4.07642719463801,4.2310712466592015
ADANIPORTS,2022-08-22,down,2,-1.5106613950737646,-5.912234876362632
ADANIPORTS,2022-09-07,down,2,4.3286228112217495,1.308689611107705
ADANIPORTS,2022-09-08,up,1,9.670706246063432,0.6404662653128446
ADANIPORTS,2022-09-09,up,2,8.47943546297223,2.4481360722524936
ADANIPORTS,2022-09-12,up,3,4.187170933760265,1.7614629554928207
ADANIPORTS,2022-09-13,up,4,2.306935364891971,-0.6031414054990414
ADANIPORTS,2022-09-14,down,1,-14.037115555051017,-0.38277262833698034
ADANIPORTS,2022-09-15,down,2,-15.223627916478911,0.6907486299009724
ADANIPORTS,2022-09-20,up,2,-18.080750493611653,-0.7471742803115355
ADANIPORTS,2022-11-15,up,1,-1.7415648940315553,0.2916692483658778
ADANIPORTS,2022-12-02,down,1,-11.862885729086026,-1.0413658882456045
ADANIPORTS,2023-05-05,down,1,2.824550895297584,-0.671596408440045
ADANIPORTS,2023-05-11,down,1,4.335341056918796,1.804524585165379
ADANIPORTS,2023-05-22,up,2,3.4184784182640815,3.725070417237175
ADANIPORTS,2023-05-23,up,3,-2.5512269187937253,-2.3993417498949454
ADANIPORTS,2023-07-31,up,1,2.882504016457399,1.2639945504725025
ADANIPORTS,2023-08-07,up,2,3.152613935962001,1.126887967333623
ADANIPORTS,2023-08-08,down,1,1.3807198249180086,-0.7416841604750313
ADANIPORTS,2023-08-10,down,1,-0.15220434817295736,-0.4913403078627421
ADANIPORTS,2023-08-18,down,2,0.1336343756286773,1.9663803567234295
ADANIPORTS,2023-08-21,up,1,3.3497809405269807,1.177264482560192
ADANIPORTS,2023-08-22,up,2,1.6155234865541601,-1.1366023659939661
ADANIPORTS,2023-09-11,up,7,-1.5009017832879334,6.251455806203077
ADANIPORTS,2023-12-14,up,2,6.097687084209458,-0.8192294876655848
ADANIPORTS,2023-12-18,down,1,5.377322411201191,-0.03190986331790269
ADANIPORTS,2024-01-03,down,2,4.504773674846896,1.132191635091151
ADANIPORTS,2024-01-05,up,2,3.2729686868052887,0.8941307448770308
ADANIPORTS,2024-01-08,down,1,3.5898116670151525,1.3896037056098764
ADANIPORTS,2024-01-09,up,1,2.6045723654096298,2.7013831014134126
ADANIPORTS,2024-02-01,down,1,6.831111286353653,0.7981860572326305
ADANIPORTS,2024-02-02,up,1,4.909095152389553,1.9107768940693992
ADANIPORTS,2024-02-16,up,4,2.2534915873199335,1.2093472166033292
ADANIPORTS,2024-02-19,up,5,-1.2337208823825052,-0.4975124378109319
ADANIPORTS,2024-02-26,down,2,-7.280418390638765,-0.13521166047109068
ADANIPORTS,2024-03-04,up,3,-2.4300256443412938,-0.8626217446403905
ADANIPORTS,2024-05-27,down,2,8.784480262194405,-1.239251592955759
ADANIPORTS,2024-06-03,up,2,-0.5589754384387802,6.39639712209874
ADANIPORTS,2024-06-20,up,1,3.053227602515296,0.9589360167006511
ADANIPORTS,2024-07-03,up,1,-1.2874797551527761,0.5480303959862098
ADANIPORTS,2024-07-31,up,4,-4.754607410150968,0.9034335169486152
ADANIPORTS,2024-08-01,up,5,-5.95851304640489,-0.36824391092921127
ADANIPORTS,2025-03-19,up,3,-0.8465970749755747,0.8945751918432165
ADANIPORTS,2025-03-21,up,5,3.354500519220971,0.2611567630838918
ADANIPORTS,2025-03-24,up,6,4.206419838573661,-0.29479635439717544
ADANIPORTS,2025-05-02,up,1,5.678234603662968,0.08437345436560495
ADANIPORTS,2025-05-05,up,2,4.658174424090933,3.72846193741716
ADANIPORTS,2025-05-13,down,1,1.6124859487511856,-0.280731419156921
ADANIPORTS,2025-05-15,up,2,4.134827380535033,0.8607368836354379
ADANIPORTS,2025-05-16,down,1,3.8639645017465307,-0.6668921067760847
ADANIPORTS,2025-05-29,up,1,-6.755621371858256,0.49207323003019887
ADANIPORTS,2025-05-30,down,1,-6.829485547410408,-1.063727246617363
ADANIPORTS,2025-06-02,down,2,-7.5087650032427895,0.35585366478072533
ADANIPORTS,2025-06-10,up,5,-2.9783696074881516,-1.1814211403813002
ADANIPORTS,2025-07-16,up,2,-6.701064254452172,-0.7022500665397113
ADANIPORTS,2025-10-16,up,2,-1.2764252644510865,1.0876367591423186
ADANIPORTS,2025-12-01,down,2,-2.1577309854003746,-0.8995998333869215
ADANIPORTS,2026-04-21,up,3,3.269965423487853,-1.2186785899268027
ADANIPORTS,2026-04-27,up,1,2.102529450714874,0.09256751185831025
ADANIPORTS,2026-04-29,up,1,5.093054021978483,-0.49148309097230003
ADANIPORTS,2026-05-04,up,1,6.972592280936563,3.821978291495731
ADANIPORTS,2026-05-05,down,1,3.0646821058815776,-0.41784532481081715
ADANIPORTS,2026-05-08,down,2,0.6937608424991026,-0.796745322113035
ADANIPORTS,2026-05-15,down,1,0.2243248045487034,-0.8584310589907496
ADANIPORTS,2026-05-27,down,2,0.49538212377213675,0.18442246973804366
ADANIPORTS,2026-06-10,down,1,1.6838912272415962,-2.020183027502942
ADANIPOWER,2021-10-19,down,1,-11.037340762319037,-1.3051578977876344
ADANIPOWER,2022-02-11,down,1,-2.30874796778916,-5.969764242603515
ADANIPOWER,2022-02-16,down,1,-7.518555052069875,-2.271650887521759
ADANIPOWER,2022-02-17,down,2,-10.557910567270312,-3.067690158381442
ADANIPOWER,2022-03-23,down,1,11.62362343923764,1.87994101796789
ADANIPOWER,2022-03-25,down,3,28.058262518241193,7.729802992305501
ADANIPOWER,2022-03-28,up,1,39.708631684373266,6.197792245608991
ADANIPOWER,2022-03-29,up,2,32.09644804732126,14.92294471027289
ADANIPOWER,2022-03-31,down,1,27.86124641537362,2.9582028628232004
ADANIPOWER,2022-04-01,up,1,23.701489703176847,9.85075031742333
ADANIPOWER,2022-04-04,up,2,26.626196476765564,5.073841770878262
ADANIPOWER,2022-04-07,down,3,5.336441159173866,-10.173345859142714
ADANIPOWER,2022-04-22,down,1,-6.0738361167902095,2.0002167230562584
ADANIPOWER,2022-04-25,down,2,-6.853231704818452,9.67931332967169
ADANIPOWER,2022-04-26,up,1,-11.287161952459568,8.993716660702855
ADANIPOWER,2022-04-27,down,1,3.595445545221554,6.312477128291483
ADANIPOWER,2022-04-28,up,1,3.60004120702595,-7.763617891773422
ADANIPOWER,2022-05-19,down,2,9.469433659800131,2.5076014188144757
ADANIPOWER,2022-05-20,up,1,11.385827936958194,5.296843406283602
ADANIPOWER,2022-05-23,down,1,8.42505203431081,8.648115082461704
ADANIPOWER,2022-05-24,down,2,3.2658931489814025,-6.188138182737724
ADANIPOWER,2022-07-26,down,2,20.34288410295797,-0.6967813395501232
ADANIPOWER,2022-07-27,up,1,18.835618965541954,5.2745445897792065
ADANIPOWER,2022-07-28,up,2,15.356672351898638,2.9089129011912185
ADANIPOWER,2022-08-02,up,5,10.29283722886456,0.41564299749585754
ADANIPOWER,2022-08-03,up,6,8.435269099170517,3.2282166068447804
ADANIPOWER,2022-08-04,down,1,4.521606296232483,-0.28116912102248426
ADANIPOWER,2022-08-16,up,6,14.202994397512004,3.156531413625352
ADANIPOWER,2022-08-17,up,7,10.347810520512413,6.943206041970673
ADANIPOWER,2022-08-18,up,8,3.8309639178197408,6.629429851580748
ADANIPOWER,2022-08-19,down,1,-0.9583485120508439,4.658830545330206
ADANIPOWER,2022-08-22,down,2,-6.495926271392061,0.013244417054369961
ADANIPOWER,2023-05-03,down,1,9.70354802232929,-2.6262425241295073
ADANIPOWER,2023-05-08,up,1,5.739168029830877,-2.4883738745946293
ADANIPOWER,2023-05-23,up,3,10.319718853471006,6.928039936654851
ADANIPOWER,2023-05-24,down,1,5.0845714299653455,-1.8739107852848047
ADANIPOWER,2023-06-07,up,4,-7.151675487400533,2.0183020535317286
ADANIPOWER,2023-06-08,down,1,-11.731949878892978,-0.1972241342208081
ADANIPOWER,2023-08-04,up,1,8.070803059436017,-0.6926512207234614
ADANIPOWER,2023-08-10,down,1,6.532358480467182,-0.7598239415511743
ADANIPOWER,2023-08-18,down,2,18.50245374977888,4.619173573601865
ADANIPOWER,2023-08-21,up,1,10.994847144183083,3.1682796181214945
ADANIPOWER,2023-08-22,up,2,8.846019605316746,7.0865188027875226
ADANIPOWER,2023-08-23,up,3,2.0334149400333734,-6.1565609591556765
ADANIPOWER,2023-09-07,up,5,12.618722549409679,1.7639055283837468
ADANIPOWER,2023-09-08,up,6,0.7387055146030885,2.4694253194514237
ADANIPOWER,2023-09-11,up,7,-0.5910294014209505,8.480146646503872
ADANIPOWER,2023-09-12,down,1,-9.714820339328146,-4.803855092327014
ADANIPOWER,2023-11-09,down,1,10.27821842630605,-1.1524577823659676
ADANIPOWER,2023-11-28,up,1,13.664716907330487,11.707925041301026
ADANIPOWER,2023-11-29,up,2,-0.43322878526969033,-7.2252850358506375
ADANIPOWER,2023-12-04,up,5,8.146599582420988,-2.1460297570303877
ADANIPOWER,2023-12-05,up,6,5.2329391869174735,9.775008191010848
ADANIPOWER,2023-12-06,up,7,-4.5811645388284195,3.5405534868379718
ADANIPOWER,2024-01-29,up,1,1.7704260493002444,3.0881627896553354
ADANIPOWER,2024-01-30,down,1,-3.427897839933036,-2.5819273048061753
ADANIPOWER,2024-04-30,down,1,-1.014407996948452,-0.17445117287971934
ADANIPOWER,2024-05-22,up,4,8.621334958439286,0.6019219751670857
ADANIPOWER,2024-05-23,up,5,5.092208618187821,-0.7895112081253375
ADANIPOWER,2024-05-31,up,1,1.9814157428211798,20.14873075982817
ADANIPOWER,2024-06-03,up,2,-9.448988986670892,8.990813054581736
ADANIPOWER,2025-03-21,up,5,-1.760682859592655,-2.030029019270896
ADANIPOWER,2025-04-17,up,4,-5.531411067334135,-1.0717890331650048
ADANIPOWER,2025-04-21,up,5,-4.503488417196766,1.744777922394758
ADANIPOWER,2025-06-10,up,5,2.5187612763962974,4.486279271886473
ADANIPOWER,2025-07-10,down,2,-4.849732842630694,-1.7918525050528489
ADANIPOWER,2025-09-08,up,4,14.589397490864142,3.05614915267034
ADANIPOWER,2025-09-10,up,6,8.662358529418835,-2.1977560258981788
ADANIPOWER,2025-09-15,down,1,7.185579694371169,-2.2426495565833315
ADANIPOWER,2025-09-19,down,1,15.223218019827534,10.57489716233777
ADANIPOWER,2025-09-22,down,2,6.590138765515352,23.793196054973166
ADANIPOWER,2025-09-23,down,3,-7.943399299048992,-4.588657300867172
ADANIPOWER,2025-10-14,down,2,6.038025428260996,-1.072482784462503
ADANIPOWER,2025-10-17,up,3,-3.958689248029834,5.371435384894352
ADANIPOWER,2025-10-20,up,4,-9.98578788939879,1.575456053068014
ADANIPOWER,2026-04-02,up,2,6.49030500133283,1.8925619217828649
ADANIPOWER,2026-04-06,up,3,5.062458902263023,1.1468965094178607
ADANIPOWER,2026-04-08,up,5,8.926574476741166,1.4785983239685052
ADANIPOWER,2026-04-10,up,1,10.254574947661489,-1.8386735786215636
ADANIPOWER,2026-04-13,down,1,7.9331002599322575,3.5082855923797007
ADANIPOWER,2026-04-15,up,1,16.365030074332232,-0.7133496885010526
ADANIPOWER,2026-04-16,down,1,14.70417488294553,4.491701569543327
ADANIPOWER,2026-04-17,up,1,10.396210189407217,1.6167324035086805
ADANIPOWER,2026-04-20,up,2,7.288554177355433,1.1442801252526502
ADANIPOWER,2026-04-27,up,1,0.34522271857773124,0.5330081468377434
ADANIPOWER,2026-04-28,down,1,-1.3574538799053792,0.7744838514825325
ADANIPOWER,2026-04-29,up,1,-2.858183817922766,-3.9344405184668307
ADANIPOWER,2026-05-04,up,1,2.6427266145789163,0.2633559947496922
ADANIPOWER,2026-05-25,up,2,-4.156074721999303,1.7836581285711306
ADANIPOWER,2026-05-26,down,1,-6.443911689509307,5.0162655018950675
ADANIPOWER,2026-05-27,down,2,-6.624788071019738,1.6083591050970902
ADANIPOWER,2026-05-29,down,3,-8.724731731923729,-3.5103501220565825
AEGISLOG,2024-04-24,up,4,25.044963659626475,
AEGISLOG,2024-04-26,down,1,6.500289440349483,
AEGISLOG,2024-04-29,up,1,-1.8438154804563789,
AEGISLOG,2024-05-21,up,3,11.487046961970426,
AEGISLOG,2024-05-24,down,1,18.735136446584953,
AEGISLOG,2024-05-27,down,2,5.383394195563351,
AEGISLOG,2024-05-28,down,3,1.6022156741704263,
AEGISLOG,2024-06-06,up,2,7.1594620477557935,
AEGISLOG,2024-06-13,up,3,6.406740343058881,
AEGISLOG,2025-01-07,up,1,-27.34251710930541,
AEGISLOG,2025-01-08,down,1,-33.8495320620622,
AEGISLOG,2025-05-20,down,3,-12.560074012821232,
AEGISLOG,2025-10-03,up,2,-0.5591238852178604,
AEGISLOG,2026-06-11,down,2,27.791815304161815,
AEGISLOG,2026-06-12,up,1,10.872714673701811,
AEGISLOG,2026-06-15,up,2,9.010450046462326,
AEGISLOG,2026-06-17,up,4,5.908264762939042,
AEGISLOG,2026-06-22,up,1,11.7101524282194,
AEGISLOG,2026-06-25,up,2,14.165571497661688,
AEGISLOG,2026-06-29,down,1,8.124335206343414,
AEGISLOG,2026-06-30,down,2,18.133793658004606,
AEGISLOG,2026-07-20,down,1,-2.9579850080035275,
AEGISLOG,2026-08-06,up,2,-0.08174253279900068,
AFCONS,2024-12-06,down,1,-6.2065261398043585,
AFCONS,2024-12-16,down,1,-6.279437909563635,
AFCONS,2024-12-17,down,2,-6.957104332446917,
AFCONS,2026-05-05,down,1,-7.107971906585375,
AFFLE,2022-01-14,down,1,-11.965859455813632,
AFFLE,2024-07-08,down,1,5.619674309362455,
AFFLE,2024-07-09,up,1,5.35229029861648,
AFFLE,2024-08-09,up,1,6.9734573572061365,
AFFLE,2024-08-21,up,5,3.585502647601957,
AFFLE,2024-08-22,up,6,0.9294641181762708,
AFFLE,2024-08-26,up,8,-7.112365720859448,
AFFLE,2024-12-16,down,1,-7.689435753118811,
AIIL,2025-08-13,up,1,7.0988082636731065,
AIIL,2025-08-18,up,3,-1.0250502639353787,
ALKEM,2023-11-15,up,3,1.871544356754784,-0.17690603369800995
ALKEM,2023-11-17,down,1,1.8709099315985522,1.001619526879316
ALKEM,2023-11-21,up,1,5.619091166359236,0.6204930404159148
ALKEM,2023-11-22,up,2,4.445545708955234,0.3869541182974112
ALKEM,2023-11-30,up,3,1.9234334068632952,1.904024811409255
ALKEM,2023-12-07,down,1,1.1242952629457292,0.9100534357544543
ALKEM,2023-12-14,up,2,3.062235855162987,-0.8874037021524894
ALKEM,2023-12-15,up,3,2.539077297522563,-1.0207824298557822
ALKEM,2023-12-27,up,4,0.4220651244408957,0.7954647034350115
ALKEM,2023-12-28,up,5,-3.5500279026038695,0.6089414940279037
ALKEM,2023-12-29,down,1,-3.9548552263473424,0.7977842715742867
ALKEM,2024-01-03,down,2,-5.3202885096050645,-0.2023375943250083
ALKEM,2024-01-04,up,1,-6.006380760886576,-0.3454366518069407
ALKEM,2024-02-16,up,4,-5.321180077472409,-0.04589418853608862
ALKEM,2024-02-19,up,5,-7.815004641545531,-0.28240308360246713
ALKEM,2024-05-21,up,3,-7.704496325580323,-2.728918337374897
ALKEM,2024-08-01,up,5,2.5594044509658964,-3.2502330001319524
ALKEM,2024-08-08,down,1,11.129948657657462,2.9307527731945227
ALKEM,2024-08-09,up,1,6.839726692796799,1.2928587942305558
ALKEM,2024-08-27,up,9,4.690931835152012,0.04457928577721315
ALKEM,2024-08-29,up,11,1.4153295260366017,-0.5156922474109926
ALKEM,2024-08-30,up,12,-0.1373852932378239,1.30967629489267
ALKEM,2024-09-04,down,1,-0.06820041919554098,0.224694696308414
ALKEM,2024-09-05,down,2,-1.1689175655759554,0.12046590782914812
ALKEM,2024-09-12,up,1,-3.3202629621500224,-1.0594088381621125
AMBER,2024-06-28,down,1,5.616064127678899,1.6700064866319808
AMBER,2024-07-03,up,1,2.41540646258962,-2.757419165863062
AMBER,2024-07-09,up,1,0.19036649549679652,-2.7360559541520613
AMBER,2024-10-14,up,1,4.3806735632962335,-1.7643378588195424
AMBER,2024-10-16,down,2,19.15601673235372,2.922535259832393
AMBER,2024-10-21,down,1,6.207458309830605,12.92033515476183
AMBER,2024-10-23,down,3,-6.594180344566247,-3.680889155065159
AMBER,2024-10-24,down,4,-10.300009450577619,-6.174529527148264
AMBER,2024-11-18,down,7,2.682174265207893,-2.3824112506277584
AMBER,2024-11-21,down,1,-11.145437089842602,1.4073600867259284
AMBER,2025-01-07,up,1,-16.756944873226942,0.886443990558683
AMBER,2025-06-25,up,2,12.209278364427423,-0.26409262973307035
AMBER,2025-06-30,down,1,10.055131303505483,-2.7010475376926024
AMBER,2025-07-02,down,1,7.640419561825196,1.1048834589360013
AMBER,2025-07-03,down,2,5.249726065402904,0.5082543002514983
AMBER,2025-07-07,up,2,3.0738563076871728,-0.6449235304956558
AMBER,2025-07-08,up,3,4.207788202987217,-0.24496805313533043
AMBER,2025-07-09,down,1,3.5988715122924564,1.4780017574808513
AMBER,2025-07-10,down,2,1.0622493182487647,-0.48462184478564874
AMBER,2025-07-15,up,1,-0.897197257781468,-0.14858124577316056
AMBER,2025-07-29,up,1,-7.408542825907105,-1.755206775953999
AMBER,2025-07-30,up,2,-8.896548660828962,-1.5349673558908261
AMBER,2025-08-01,down,2,-15.242027692713256,-2.96821499403781
AMBER,2025-09-11,up,7,1.795403836729248,-0.6864890538444635
AMBER,2025-09-15,down,1,4.819747081500081,0.9407626780682632
AMBER,2025-09-16,up,1,0.9234266927090617,1.670644683758371
AMBER,2025-09-17,up,2,-1.4298999954575842,-0.8441693502693082
AMBER,2025-09-25,down,5,-2.512378723957398,-1.0292953285827244
AMBER,2026-02-17,up,2,-7.509007999939243,-0.4595440502903836
AMBER,2026-02-24,down,1,-13.940399015025873,-0.026383235338456323
AMBER,2026-02-25,up,1,-17.06676951033125,-0.08141790113220804
AMBER,2026-02-27,down,1,-22.49072344353663,-6.160656431720135
AMBER,2026-04-27,up,1,6.716294702810877,-0.0170026538924839
AMBER,2026-04-28,down,1,-0.345674423463449,0.09161905785728397
AMBER,2026-05-06,up,1,-14.008934487934821,5.056114774962417
AMBER,2026-05-07,down,1,-13.206020299419286,0.30033110507030614
AMBUJACEM,2022-04-21,up,2,-5.8834598568711876,-0.9299594279388756
AMBUJACEM,2022-04-25,down,2,-4.523180394013049,-1.1058939894510234
AMBUJACEM,2022-04-26,up,1,-7.300442981867217,-1.16497134106901
AMBUJACEM,2022-08-16,up,6,5.0418028680093485,2.2593219469662085
AMBUJACEM,2022-08-17,up,7,8.85422511502638,-0.6720812496493145
AMBUJACEM,2022-08-18,up,8,7.2548080297141215,1.2347787130405852
AMBUJACEM,2022-08-19,down,1,4.783681111931304,0.3666843355035976
AMBUJACEM,2022-09-06,down,1,24.209405225138457,4.1905257278080255
AMBUJACEM,2022-09-07,down,2,18.365085138014603,2.4243887607385606
AMBUJACEM,2022-09-08,up,1,14.096180428118977,1.1989207607794317
AMBUJACEM,2022-09-09,up,2,12.497850314363014,-2.5132942821419424
AMBUJACEM,2022-09-13,up,4,15.966486976550476,-1.0517891538864843
AMBUJACEM,2022-09-14,down,1,15.02907675273164,7.718851075128841
AMBUJACEM,2022-09-15,down,2,5.319386111117708,-1.0102196413660836
AMBUJACEM,2022-09-16,down,3,-10.728196529034584,-5.548914415281292
AMBUJACEM,2022-09-19,up,1,-11.596563745547805,4.748982360922671
AMBUJACEM,2022-09-20,up,2,-12.220032321484187,-0.6624981709465905
AMBUJACEM,2022-10-31,up,3,4.359913013196204,-0.04913014273765226
AMBUJACEM,2022-11-01,up,4,3.1973443045771877,1.0081461950353976
AMBUJACEM,2022-11-02,down,1,1.8733313968488652,-1.518794560285186
AMBUJACEM,2022-11-04,up,1,5.175395842820296,1.6774053231112473
AMBUJACEM,2022-11-07,up,2,3.0542451823928785,1.2250921758087285
AMBUJACEM,2022-11-09,down,1,0.7701436609220735,-2.2340305453534937
AMBUJACEM,2022-11-14,down,1,-1.7569353964783985,0.05080712157536915
AMBUJACEM,2022-11-15,up,1,-1.4390137639265443,-0.5059923795919352
AMBUJACEM,2022-12-01,up,8,-8.79081510124572,-0.2835469947271241
AMBUJACEM,2023-05-08,up,1,3.8894183997461917,-0.03186189827110164
AMBUJACEM,2023-05-09,up,2,3.152615553657512,-0.7530184267319662
AMBUJACEM,2023-05-11,down,1,2.2771689974472764,-0.8352982703370149
AMBUJACEM,2023-05-22,up,2,5.0290685831010595,2.81124205310046
AMBUJACEM,2023-05-23,up,3,0.5004893594058535,-1.7823049717739292
AMBUJACEM,2023-06-06,up,3,-4.068473735152967,3.861988905450997
AMBUJACEM,2023-06-15,down,1,-10.67220419994882,-1.3739051474134234
AMBUJACEM,2023-12-15,up,3,1.5261632983510909,0.7090918537995705
AMBUJACEM,2023-12-18,down,1,0.42345190423727086,-0.6854657490566574
AMBUJACEM,2024-01-01,up,1,-1.8896152490189722,0.3433536542639004
AMBUJACEM,2024-01-03,down,2,3.272780390153973,-0.7464136775006458
AMBUJACEM,2024-01-04,up,1,1.5233530732607692,-0.31626929106741697
AMBUJACEM,2024-01-05,up,2,0.5072979246522058,-2.3456315070032874
AMBUJACEM,2024-01-25,down,1,6.872699483023159,4.2789767388961675
AMBUJACEM,2024-01-29,up,1,2.860252726814272,0.9440451816942419
AMBUJACEM,2024-01-30,down,1,0.5681475006043213,-1.4428633766815135
AMBUJACEM,2024-02-16,up,4,2.171363833519835,-0.22639263615905625
AMBUJACEM,2024-02-19,up,5,1.5745765011492718,-1.4746042223293787
AMBUJACEM,2024-02-23,down,1,-2.5069036494176133,0.5447039767044304
AMBUJACEM,2024-02-26,down,2,-5.139984951948129,-0.620112838952791
AMBUJACEM,2024-03-01,up,2,-3.7643981970733376,0.47284908250297963
AMBUJACEM,2024-03-05,down,1,-2.0018563257796274,-1.9058287641756988
AMBUJACEM,2024-04-24,up,4,-4.1724048904051685,0.281067277073177
AMBUJACEM,2024-06-03,up,2,1.2821575631499105,1.6002225463876307
AMBUJACEM,2024-07-01,up,1,-0.15813882894127884,0.6505949507948472
AMBUJACEM,2025-04-11,up,1,1.9256447266304377,-0.011077643340884347
AMBUJACEM,2025-04-16,up,3,3.007852685248791,0.6679740870017215
AMBUJACEM,2025-04-17,up,4,-4.862268636681987,0.5212222722168036
AMBUJACEM,2025-04-21,up,5,-6.456154289643578,1.0531347455563056
AMBUJACEM,2025-07-04,up,1,2.108271402928663,-0.7639139728569444
AMBUJACEM,2025-07-21,up,1,-2.3058985048185487,2.03256331929349
AMBUJACEM,2025-07-22,down,1,-4.987988808310173,0.8132172548115157
ANANDRATHI,2025-07-17,down,1,-0.40938066963099873,
ANANDRATHI,2025-07-18,down,2,-1.6453238457017738,
ANANDRATHI,2025-07-30,up,2,-0.6671428860760997,
ANANDRATHI,2025-12-30,down,4,-2.518338997915315,
ANANDRATHI,2026-01-06,down,2,-7.3503736533943815,
ANANDRATHI,2026-04-15,up,1,-0.8705328715922,
ANANDRATHI,2026-04-17,up,1,-3.5889577505739068,
ANANDRATHI,2026-05-07,down,1,-6.491669679457823,
ANANDRATHI,2026-06-29,down,1,5.008331445600556,
ANANDRATHI,2026-06-30,down,2,2.6234485985219047,
ANANDRATHI,2026-07-03,up,3,-0.03737280342697158,
ANANDRATHI,2026-07-06,up,4,-2.067594991171229,
ANANDRATHI,2026-07-10,up,2,-2.6706115098153016,
ANANTRAJ,2024-07-29,up,2,7.508544725966937,
ANANTRAJ,2024-08-16,up,2,9.088164968555358,
ANANTRAJ,2024-08-19,up,3,0.1939262987219248,
ANANTRAJ,2024-08-26,up,8,4.631065451960992,
ANANTRAJ,2024-09-11,down,1,14.257935988988745,
ANANTRAJ,2024-09-12,up,1,13.268300322942373,
ANANTRAJ,2024-09-20,up,2,-3.4680629272660357,
ANANTRAJ,2024-10-10,up,1,-8.31480481505691,
ANANTRAJ,2024-10-11,down,1,-1.1242981670347318,
ANANTRAJ,2024-10-15,down,1,-3.1214398409193045,
ANANTRAJ,2024-10-16,down,2,-2.6324301599243483,
ANANTRAJ,2024-12-20,down,5,10.295676568928913,
ANANTRAJ,2024-12-30,down,1,6.5097837805217384,
ANANTRAJ,2025-01-02,up,2,5.783580709290925,
ANANTRAJ,2025-01-08,down,1,-25.548653048069525,
ANANTRAJ,2025-05-29,up,1,-0.04845564034788863,
ANANTRAJ,2025-05-30,down,1,-3.4261851152030953,
ANANTRAJ,2025-06-02,down,2,-9.276117165845843,
ANANTRAJ,2025-06-03,down,3,-8.326609774159754,
ANANTRAJ,2025-06-09,up,4,-5.351494048309036,
ANANTRAJ,2025-07-15,up,1,-4.1380563516138835,
ANANTRAJ,2025-07-16,up,2,-12.328057650590319,
ANANTRAJ,2025-09-29,down,7,3.264713151864984,
ANANTRAJ,2025-10-03,up,2,1.6724891502261752,
ANANTRAJ,2025-10-07,up,4,-13.565972925837698,
ANANTRAJ,2026-06-04,up,1,-7.687485732815058,
ANANTRAJ,2026-07-17,up,1,3.6508829070819315,
ANANTRAJ,2026-07-20,down,1,1.0493749738701652,
ANANTRAJ,2026-07-21,down,2,0.03877791803832409,
ANANTRAJ,2026-07-22,down,3,0.29916177512154807,
ANANTRAJ,2026-07-31,up,3,-0.9334054538141512,
ANANTRAJ,2026-08-03,up,4,-3.2981909146466815,
ANANTRAJ,2026-08-20,up,1,-5.41438388293699,
ANGELONE,2021-10-13,up,5,-12.762619453943735,6.87549609668292
ANGELONE,2022-01-20,down,3,-6.942394135039242,3.6749665650980035
ANGELONE,2022-01-21,down,4,-18.307905701792183,0.5216391913961393
ANGELONE,2022-04-06,down,2,11.732516401791603,-1.8554330255889595
ANGELONE,2022-04-08,up,1,9.163952806348142,-2.1558837401980613
ANGELONE,2022-04-11,down,1,7.626867567296647,-3.1953041239455415
ANGELONE,2022-04-21,up,2,-5.669698580767147,6.6257548174671665
ANGELONE,2022-04-22,down,1,-0.4821963457938061,-4.321588484597905
ANGELONE,2022-04-29,down,1,-31.545186221341982,-3.2961790404304137
ANGELONE,2023-08-31,down,1,-3.3429557566114765,4.2962669022960975
ANGELONE,2023-09-01,up,1,-1.3597640875482542,2.2532191670628476
ANGELONE,2023-10-09,down,1,5.254582061397839,0.08938729434884163
ANGELONE,2023-10-10,up,1,3.9117834257001105,-0.41816983804555674
ANGELONE,2023-10-11,up,2,1.9582042285910983,0.2101866407226538
ANGELONE,2023-10-12,down,1,0.6694009132449219,2.0179969730850678
ANGELONE,2023-10-13,down,2,0.023188561036113775,-3.084816150425107
ANGELONE,2023-10-20,down,3,6.786284699430656,3.870997293632805
ANGELONE,2023-10-23,down,4,1.3584221132496799,-5.313707095034048
ANGELONE,2023-10-27,up,1,14.507485436581913,3.5038199133505143
ANGELONE,2023-10-30,up,2,9.469723580060352,-0.0349593270556281
ANGELONE,2023-10-31,down,1,8.322399352839827,-0.0803612970665224
ANGELONE,2023-11-01,down,2,7.363841771464741,2.2148137109704313
ANGELONE,2023-11-03,up,2,4.236899819366302,4.020271228601491
ANGELONE,2023-11-06,up,3,-1.7247148986427319,-8.178406214541312
ANGELONE,2023-11-15,up,3,4.488166627626922,4.555125626910539
ANGELONE,2023-11-28,up,1,1.1785688297237584,-0.14651778715140118
ANGELONE,2023-12-06,up,7,-0.5426666397813307,-1.585965358555419
ANGELONE,2023-12-15,up,3,4.839356480997625,-0.4070622662966872
ANGELONE,2023-12-18,down,1,2.9610263860952557,0.5188177670124361
ANGELONE,2023-12-28,up,5,-2.117186523990078,0.9722436561652836
ANGELONE,2023-12-29,down,1,-3.8205697288625884,0.630391009190312
ANGELONE,2024-01-01,up,1,1.6898351529841982,2.1994166116635183
ANGELONE,2024-01-02,down,1,-1.5107193390066276,-3.30065302863376
ANGELONE,2024-01-04,up,1,-9.024351314973188,-1.5083866999479723
ANGELONE,2024-01-05,up,2,-12.826533024979259,-0.2321724709784312
ANGELONE,2024-01-08,down,1,-11.414879891152484,0.9952368354428476
ANGELONE,2024-10-03,down,4,-2.329447697355158,-2.172270929267095
ANGELONE,2024-10-14,up,1,2.7696284177067376,4.690735103823607
ANGELONE,2024-10-15,down,1,2.5244805023304506,11.281050577501194
ANGELONE,2024-10-16,down,2,-10.198847787161668,-1.6595942382458984
ANGELONE,2024-12-05,up,5,-7.444692360508299,2.1361920321362415
ANGELONE,2024-12-06,down,1,-11.645662081337903,1.0263142854726404
ANGELONE,2024-12-09,down,2,-12.370197633866498,2.8711941988995404
ANGELONE,2025-04-03,down,1,-3.465344855584662,-0.3333131515091736
ANGELONE,2025-05-20,down,3,7.935435127410684,-2.667087305383109
ANGELONE,2025-05-21,up,1,6.877540825771233,-0.5322206891102854
ANGELONE,2025-05-22,down,1,8.294965630666029,0.028591467486838162
ANGELONE,2025-05-23,up,1,6.3002543194448535,3.8936964783752304
ANGELONE,2025-05-26,up,2,1.088108631489737,-3.925531271314786
ANGELONE,2025-06-02,down,2,4.373936610651885,1.0816428610066708
ANGELONE,2025-06-05,up,2,-9.30746962425899,1.5956363260717588
ANGELONE,2025-10-27,up,1,1.7343998603541078,0.3190402631637612
ANGELONE,2025-11-07,down,3,9.475806310387647,0.8097167079726075
ANGELONE,2025-11-10,up,1,7.932713663823732,-1.202553082800284
ANGELONE,2025-11-12,up,3,5.982638536118112,-0.24812775929258235
ANGELONE,2025-11-13,up,4,4.547370246323745,-0.36900144902217713
ANGELONE,2025-11-17,up,6,-8.609965797999486,2.043698232872737
ANGELONE,2026-02-09,up,2,-16.440060430973602,0.5731985329325173
ANGELONE,2026-02-10,up,3,-19.016819683952235,1.5257006893406144
ANGELONE,2026-04-15,up,1,11.450392378886143,3.459780793764078
ANGELONE,2026-04-16,down,1,8.523959878391851,0.5344658996145224
ANGELONE,2026-04-17,up,1,4.683881490402464,6.466013581682173
ANGELONE,2026-04-20,up,2,-8.257721340579005,-2.046483945250055
ANGELONE,2026-04-22,down,1,-7.855143886410554,-0.4823457673947207
ANGELONE,2026-05-08,down,2,-0.497512437810943,-1.786797718723454
ANGELONE,2026-05-22,up,1,2.111058549379874,-0.8743024867487792
ANGELONE,2026-05-25,up,2,1.4168256112495614,-0.10888530662060969
ANGELONE,2026-05-26,down,1,0.5297502906780327,-1.553320885536158
ANGELONE,2026-06-15,up,2,-3.3050635534330075,1.6477480835479064
APARINDS,2023-09-26,down,1,-8.30090482279312,
APARINDS,2023-09-27,up,1,-9.874477515640068,
APARINDS,2024-02-07,up,2,-3.882914039299612,
APARINDS,2024-04-05,down,1,3.0328063021043628,
APARINDS,2024-04-23,up,3,10.95589856962671,
APARINDS,2024-04-24,up,4,6.507937180717982,
APARINDS,2024-04-25,up,5,5.259691292740132,
APARINDS,2024-05-14,up,3,-7.3099738362633175,
APARINDS,2024-06-25,up,2,-1.2990014529753902,
APARINDS,2024-09-11,down,1,-0.05475518667849011,
APARINDS,2024-09-12,up,1,-6.083672812771457,
APARINDS,2024-09-13,down,1,-10.26197174705079,
APARINDS,2024-09-16,up,1,-9.596570686155514,
APARINDS,2024-10-09,down,1,-3.260247952372408,
APARINDS,2024-10-10,up,1,-4.4096311450174674,
APARINDS,2025-05-16,down,1,-0.44837540691602396,
APARINDS,2025-06-03,down,3,-4.34694965494713,
APARINDS,2025-06-09,up,4,4.719122832439759,
APARINDS,2025-07-29,up,1,-11.291992545277862,
APARINDS,2025-07-30,up,2,-16.95000391245194,
APARINDS,2026-02-18,up,3,13.51913899888315,
APARINDS,2026-02-20,up,1,6.728791882674234,
APARINDS,2026-02-23,up,2,3.2471055395874693,
APARINDS,2026-02-25,up,1,1.6713180578554976,
APARINDS,2026-02-27,down,1,-11.943509134233155,
APARINDS,2026-04-09,down,1,14.651782760581256,
APARINDS,2026-04-10,up,1,14.533047761641637,
APARINDS,2026-04-17,up,1,11.238722820438207,
APARINDS,2026-04-20,up,2,5.2467520619164265,
APARINDS,2026-04-21,up,3,2.4632329442715983,
APARINDS,2026-04-29,up,1,3.7602496541829566,
APARINDS,2026-04-30,down,1,1.8654275775820572,
APARINDS,2026-05-12,down,4,3.4795041061154386,
APARINDS,2026-05-22,up,1,2.573740633442134,
APARINDS,2026-05-27,down,2,6.585484623426341,
APARINDS,2026-06-03,down,1,3.2026905238168757,
APARINDS,2026-06-05,down,1,-0.4621777476254918,
APARINDS,2026-06-10,down,1,12.222856368643598,
APARINDS,2026-06-11,down,2,11.655676412266924,
APARINDS,2026-06-12,up,1,10.69568656384079,
APARINDS,2026-06-15,up,2,8.025712376838111,
APARINDS,2026-06-16,up,3,2.4554487362864252,
APARINDS,2026-06-18,up,5,0.5835768048981116,
APARINDS,2026-06-24,up,1,-15.615950100245046,
APARINDS,2026-08-12,down,2,4.505927792242237,
APLAPOLLO,2023-08-16,up,2,2.960197486687677,-1.445895522388041
APLAPOLLO,2023-08-24,down,1,-0.5612990498135018,1.3218371616809277
APLAPOLLO,2023-08-25,down,2,-3.1108100701483954,1.9184397635167771
APLAPOLLO,2023-09-01,up,1,-5.722850590796003,0.6371650519333416
APLAPOLLO,2023-09-04,up,2,-11.722263148019952,0.2454699506488245
APLAPOLLO,2023-09-05,up,3,-8.635663533761019,0.9209908940795986
APLAPOLLO,2023-11-30,up,3,-8.389313594806215,-1.7858537652506556
APLAPOLLO,2025-05-15,up,2,7.7128656383262495,1.4868528451492669
APLAPOLLO,2025-05-16,down,1,5.79049820491595,0.23962301022366628
APLAPOLLO,2025-05-19,down,2,4.95407286585241,0.7213376325499565
APLAPOLLO,2025-05-20,down,3,4.050296647914209,-1.4092693855544014
APLAPOLLO,2025-05-22,down,1,3.229745272218465,-0.2305000510011479
APLAPOLLO,2025-05-26,up,2,2.555775226915613,-0.7952619925400084
APLAPOLLO,2025-06-04,up,1,-3.3035767231844537,2.136535044926635
APLAPOLLO,2025-06-05,up,2,-5.949200083055106,0.03665625409139395
APLAPOLLO,2025-06-09,up,4,-10.097272807376633,-2.4050582229121598
APLAPOLLO,2026-01-01,up,2,3.6050395202532615,2.3048625319621596
APLAPOLLO,2026-01-22,up,1,8.347716334273624,1.3779801958115678
APLAPOLLO,2026-01-23,down,1,7.200890707751584,1.8395911363513928
APLAPOLLO,2026-01-27,up,1,2.717355903210339,-0.5263500726805037
APLAPOLLO,2026-01-29,up,3,1.42420942497814,-3.577013568972598
APLAPOLLO,2026-02-03,up,1,3.364910199097193,-0.9878364754269509
APLAPOLLO,2026-02-09,up,2,2.8250955773854836,1.3914569461527693
APLAPOLLO,2026-02-10,up,3,-6.017546289974495,-0.7724035249636385
APLAPOLLO,2026-02-11,up,4,-4.838824496764149,0.9730826344266141
APLAPOLLO,2026-02-12,down,1,-6.1927041460912875,-0.981194210957459
APLAPOLLO,2026-08-10,up,1,2.907309585744877,1.0478668780346867
APLAPOLLO,2026-08-13,down,3,5.049493528902116,1.122409658662793
APLAPOLLO,2026-08-14,down,4,2.7184386797320714,0.46247297041086544
APLAPOLLO,2026-08-17,down,5,1.446080697038865,-1.3033925181145212
APLAPOLLO,2026-08-18,down,6,0.8741926354066898,-0.30424419444619044
APLAPOLLO,2026-08-20,up,1,2.597286892587025,0.38872097306823505
APLAPOLLO,2026-08-27,down,2,-2.9475230070983405,0.15276850526306784
APLAPOLLO,2026-08-28,up,1,-5.625770293505061,0.6064901588106464
APOLLOHOSP,2021-11-17,down,2,0.0339284306135168,9.614276271141886
APOLLOHOSP,2021-11-26,down,1,-18.505135752773118,-1.764190878931693
APOLLOHOSP,2022-03-14,up,5,-8.802736168223069,-0.878978115810547
APOLLOHOSP,2022-07-20,up,4,4.100472418166534,-0.17463845644216658
APOLLOHOSP,2022-07-21,up,5,3.019679482200921,-0.29330375432491396
APOLLOHOSP,2022-07-25,down,1,2.3242122953736732,-0.13599992915392933
APOLLOHOSP,2022-08-01,up,4,-3.247753037738954,0.8618198712370795
APOLLOHOSP,2022-08-02,up,5,-4.168239497563109,0.24868832692435117
APOLLOHOSP,2022-08-03,up,6,-5.369373504895448,-1.0764564960513145
APOLLOHOSP,2022-08-04,down,1,-3.5653215089424206,-0.29224017967945937
APOLLOHOSP,2022-08-08,up,2,-3.7568849028545626,-0.11723601927606797
APOLLOHOSP,2022-08-10,up,3,-4.104417050775632,0.9490388912767767
APOLLOHOSP,2022-09-20,up,2,-5.625637197034727,0.2949852507374784
APOLLOHOSP,2022-09-21,down,1,-7.620768741981054,-1.0486240248701928
APOLLOHOSP,2023-05-05,down,1,0.2988055201946116,0.32274063445192347
APOLLOHOSP,2023-05-08,up,1,-0.27292919178405484,-0.15581052956060715
APOLLOHOSP,2023-05-15,up,2,6.06409592995325,-1.2448487177844525
APOLLOHOSP,2023-06-01,down,2,8.295851296178135,0.42903111852106157
APOLLOHOSP,2023-06-02,up,1,7.134022480951963,1.9854348088831797
APOLLOHOSP,2023-06-07,up,4,3.6649737918448055,-0.28298568909012056
APOLLOHOSP,2023-06-15,down,1,1.6001342493879855,3.031469635947248
APOLLOHOSP,2023-06-16,up,1,-0.057679569312951706,-1.2504269436760196
APOLLOHOSP,2023-07-06,up,8,1.0605893364564078,1.4056639639979274
APOLLOHOSP,2023-11-16,up,4,3.5539816402485602,-0.6056231522697408
APOLLOHOSP,2023-11-17,down,1,2.8269623873228955,1.4858642703027503
APOLLOHOSP,2023-11-20,down,2,-1.6640047181225692,-0.37706101682266624
APOLLOHOSP,2023-12-01,up,4,-1.4507462269750304,0.053797144749889725
APOLLOHOSP,2023-12-27,up,4,3.89522605332151,-0.5036504886954063
APOLLOHOSP,2023-12-28,up,5,4.305247126680678,-0.06224346334817721
APOLLOHOSP,2024-01-11,up,3,7.680948990727687,-0.1402629526329524
APOLLOHOSP,2024-01-12,up,4,6.895090062248177,-1.4601128775673433
APOLLOHOSP,2024-01-16,down,1,6.314978693835971,-1.359147990929066
APOLLOHOSP,2024-01-18,down,3,5.315886254485402,-0.38686978070159306
APOLLOHOSP,2024-01-19,up,1,4.46692214118054,6.088451443344289
APOLLOHOSP,2024-01-23,down,1,2.912723961889907,0.04795962487400551
APOLLOHOSP,2024-02-09,up,1,-0.8947217326512713,0.7026796636599553
APOLLOHOSP,2024-02-12,down,1,-2.2127692738953875,1.661926402575875
APOLLOHOSP,2024-02-13,up,1,-9.686640103095023,0.1134076420612029
APOLLOHOSP,2024-02-14,up,2,-10.620490947524974,-0.3498826343061978
APOLLOHOSP,2024-02-21,down,1,-11.670096058487944,-0.7908138012956534
APOLLOHOSP,2024-02-22,up,1,-12.731215272541618,-1.1239683855268967
APOLLOHOSP,2024-07-08,down,1,2.2948352471224176,-1.023827510283537
APOLLOHOSP,2024-07-18,up,4,2.546780277396432,0.4033877178680978
APOLLOHOSP,2024-07-26,up,1,2.3203279822447964,3.1130385292429175
APOLLOHOSP,2024-07-29,up,2,-0.6025314376419622,-0.47219412363322943
APOLLOHOSP,2024-08-23,up,7,2.3549376886507156,-1.0048084414054803
APOLLOHOSP,2024-09-12,up,1,-4.317140904559391,0.23985969234605609
APOLLOHOSP,2024-09-17,up,2,-1.7735397893320903,-1.4792345926300743
APOLLOHOSP,2025-04-02,up,1,1.4947783405245163,-0.8673138148705961
APOLLOHOSP,2025-04-09,down,1,2.711772507125665,-0.018314974281741225
APOLLOHOSP,2025-04-15,up,2,-0.7791827690097453,-0.5112728049473825
APOLLOHOSP,2025-04-16,up,3,-3.969027797123481,0.545370777126597
APOLLOHOSP,2025-04-17,up,4,-2.032236995419512,1.1362266073852823
APOLLOHOSP,2025-04-21,up,5,-2.9457899448050107,0.19698462004698047
APOLLOHOSP,2025-04-25,down,2,-3.466393169774984,-3.7432118860420194
APOLLOHOSP,2025-06-27,up,4,4.492945750373933,2.269543289436826
APOLLOHOSP,2025-07-01,up,1,-1.7181522361612411,1.3131032630753658
APOLLOHOSP,2026-02-23,up,2,0.9684303385290027,-0.6531877768912842
APOLLOHOSP,2026-02-25,up,1,-6.644409107834259,0.410039845407173
APOLLOHOSP,2026-02-27,down,1,-9.213986255670935,-3.1658207494007273
APOLLOHOSP,2026-05-08,down,2,2.407300932666123,1.6179494732973643
APOLLOHOSP,2026-05-21,down,1,3.3706771764648646,1.0655767616684297
APOLLOHOSP,2026-05-22,up,1,0.45741725326635674,0.0007117488380892212
APOLLOHOSP,2026-06-09,up,1,1.008502833301117,-0.06387379943625371
APOLLOHOSP,2026-06-10,down,1,1.3378968016391823,-1.2025426535997141
APOLLOHOSP,2026-07-03,up,3,-0.09473726010765793,0.9320557985443623
APOLLOHOSP,2026-07-15,up,1,-0.9422162928374722,-0.7143055671363641
APOLLOTYRE,2021-10-11,up,3,-5.688947859539118,
APOLLOTYRE,2021-10-18,up,7,-6.157285721541994,
APOLLOTYRE,2022-09-06,down,1,8.687332567929595,
APOLLOTYRE,2022-09-07,down,2,3.039950656925039,
APOLLOTYRE,2022-09-08,up,1,2.498023998785315,
APOLLOTYRE,2022-09-12,up,3,6.561547860954642,
APOLLOTYRE,2022-09-15,down,2,-5.465664077910393,
APOLLOTYRE,2022-09-16,down,3,-10.759575310281344,
APOLLOTYRE,2022-12-05,up,1,-0.6989953337624422,
APOLLOTYRE,2022-12-20,down,1,3.0675782454741896,
APOLLOTYRE,2022-12-21,down,2,2.346710637785332,
APOLLOTYRE,2023-01-05,down,2,-7.237331211260612,
APOLLOTYRE,2023-05-24,down,1,5.946033471610446,
APOLLOTYRE,2023-05-25,up,1,4.748979206039605,
APOLLOTYRE,2023-05-26,up,2,3.4060435751929408,
APOLLOTYRE,2023-05-29,up,3,2.3822229479988355,
APOLLOTYRE,2023-07-10,up,1,1.9885740729081114,
APOLLOTYRE,2023-07-11,up,2,-1.340361074226215,
APOLLOTYRE,2023-07-12,down,1,-2.6070275304511115,
APOLLOTYRE,2023-11-16,up,4,2.586222678916794,
APOLLOTYRE,2023-11-17,down,1,1.8151652589060596,
APOLLOTYRE,2023-12-01,up,4,4.912219110535698,
APOLLOTYRE,2023-12-04,up,5,-3.7339101703334876,
APOLLOTYRE,2023-12-05,up,6,-3.830819524897,
APOLLOTYRE,2023-12-06,up,7,-5.4316969724382265,
APOLLOTYRE,2023-12-07,down,1,-2.8406381441248074,
APOLLOTYRE,2023-12-19,up,1,-2.0349180971128478,
APOLLOTYRE,2024-01-11,up,3,5.639528006035377,
APOLLOTYRE,2024-01-18,down,3,5.643475268136222,
APOLLOTYRE,2024-01-23,down,1,1.7920519258237677,
APOLLOTYRE,2024-01-30,down,1,-3.078589719254987,
APOLLOTYRE,2024-01-31,up,1,-4.422442948624283,
APOLLOTYRE,2024-02-05,down,1,-4.420577871526909,
APOLLOTYRE,2024-06-28,down,1,-0.9593410771641109,
APOLLOTYRE,2024-07-16,up,3,-5.9143998046550905,
APOLLOTYRE,2024-07-26,up,1,-13.429344539321031,
APOLLOTYRE,2024-09-25,up,5,-4.698560897766102,
APOLLOTYRE,2024-09-26,up,6,-8.386338607485989,
ARE&M,2022-11-10,down,2,3.8024738986810913,
ARE&M,2022-11-11,up,1,0.17055323697467983,
ARE&M,2022-11-16,up,2,1.3235643536263275,
ARE&M,2022-11-29,up,6,-0.8965101272163434,
ARE&M,2022-12-02,down,1,-8.19601922892228,
ARE&M,2022-12-05,up,1,-6.929948707364597,
ARE&M,2024-04-18,down,4,17.93112507095107,
ARE&M,2024-04-23,up,3,6.262457472025451,
ARE&M,2024-05-21,up,3,2.631952058506748,
ARE&M,2024-05-24,down,1,-9.040456447940304,
ARE&M,2024-05-27,down,2,12.61543851132565,
ARE&M,2024-05-28,down,3,9.873047674815737,
ARE&M,2024-06-06,up,2,28.169788862563184,
ARE&M,2024-06-07,up,3,22.881462990514436,
ARE&M,2024-06-10,down,1,13.067574851407082,
ARE&M,2024-06-25,up,2,1.516984485368722,
ARE&M,2024-06-26,up,3,-5.890071838431632,
ARE&M,2026-08-11,down,1,-8.513854508641472,
ARE&M,2026-08-12,down,2,-10.994309765341658,
ASAHIINDIA,2025-07-11,down,3,1.62686803006733,
ASAHIINDIA,2025-07-17,down,1,-3.8173347687163406,
ASHOKLEY,2021-09-30,down,3,10.227982876052955,0.8196536533653154
ASHOKLEY,2021-10-07,up,1,8.343040890892905,0.760137563662866
ASHOKLEY,2021-10-12,up,4,2.398537838584658,1.111403170058023
ASHOKLEY,2021-10-13,up,5,3.020609060584367,5.899076048329799
ASHOKLEY,2021-11-08,up,2,2.2935402345322986,-1.5063244312001456
ASHOKLEY,2021-11-09,down,1,0.7276470251177836,-1.0604257272808004
ASHOKLEY,2022-01-17,up,1,-4.420549581839895,0.07311332353132638
ASHOKLEY,2022-05-25,down,3,-5.717887287675827,-2.2493167963001715
ASHOKLEY,2022-06-02,up,1,-2.8285190157712137,0.8941307448770308
ASHOKLEY,2022-06-03,down,1,-3.529440114154847,-4.52859738150978
ASHOKLEY,2022-07-20,up,4,-3.1212408370510647,-1.3278068765217532
ASHOKLEY,2022-08-01,up,4,-3.7498610840669078,-0.5297158555170989
ASHOKLEY,2022-09-01,down,1,7.402069211762674,6.015606120381989
ASHOKLEY,2022-09-02,down,2,1.3586520314378125,0.8717878497421117
ASHOKLEY,2022-09-06,down,1,-0.28796683852552185,-1.5152857729747504
ASHOKLEY,2023-05-08,up,1,4.297380428478026,0.21662230872649957
ASHOKLEY,2023-05-09,up,2,3.448861525265623,-0.6998924373102566
ASHOKLEY,2023-05-11,down,1,2.407430033400537,-1.4992153327322955
ASHOKLEY,2023-05-15,up,2,-1.6195948603530796,1.4166275729045497
ASHOKLEY,2023-06-16,up,1,1.9705222385667964,3.7200184321719565
ASHOKLEY,2023-06-19,down,1,-1.3276935523880096,-0.17137018023410944
ASHOKLEY,2023-07-03,up,5,6.095148910714543,-1.985238280091195
ASHOKLEY,2023-07-20,up,6,6.699213820390915,0.18518741279782702
ASHOKLEY,2023-07-21,down,1,5.79190754902843,4.015072188266999
ASHOKLEY,2023-07-24,down,2,-0.06300209374290322,0.6159177289898343
ASHOKLEY,2023-08-09,up,1,-1.674105640652357,0.3849304241596352
ASHOKLEY,2023-08-10,down,1,-2.6640594357301484,-0.6296187654125873
ASHOKLEY,2023-08-11,down,2,-3.567608117217125,-1.8357594777532404
ASHOKLEY,2023-11-29,up,2,-6.673528907188187,-0.2504734543875342
ASHOKLEY,2023-11-30,up,3,-7.667140405634498,0.129486210855001
ASHOKLEY,2024-04-10,up,1,3.2125571575302603,-0.7485768196476839
ASHOKLEY,2024-05-03,down,1,11.697023855226707,0.3647275021008145
ASHOKLEY,2024-05-16,up,1,9.554221929852691,0.2032152254821451
ASHOKLEY,2024-05-17,up,2,8.735666225720351,1.181247319194756
ASHOKLEY,2024-05-21,up,3,7.44088570885606,0.4029669148381876
ASHOKLEY,2024-05-23,up,5,6.4270533214454195,-0.12194133682770225
ASHOKLEY,2024-05-24,down,1,10.118571102072638,0.5734095477703649
ASHOKLEY,2024-05-27,down,2,7.233258763762351,3.2658548982954727
ASHOKLEY,2024-05-28,down,3,3.0763819268224246,-2.8074707413048627
ASHOKLEY,2024-06-03,up,2,2.5893080384197242,1.313190069025616
ASHOKLEY,2024-06-12,up,2,-5.388279533112228,-0.47668803077288713
ASHOKLEY,2024-06-25,up,2,-6.352287610381624,-0.944409079463826
ASHOKLEY,2024-07-29,up,2,3.9440991185326846,2.5048706906436458
ASHOKLEY,2024-08-19,up,3,-5.532671523216259,-0.03272379420857785
ASHOKLEY,2024-08-20,up,4,-5.04903664482751,-1.1477235117272722
ASHOKLEY,2025-05-14,up,1,0.6688809952956731,0.6133427970840488
ASHOKLEY,2025-05-15,up,2,-1.3284578682145054,1.2318678795915972
ASHOKLEY,2025-05-16,down,1,0.3858991033371506,-0.8790809633637098
ASHOKLEY,2025-05-19,down,2,0.28188018514807567,1.0324096773778546
ASHOKLEY,2025-05-20,down,3,-1.3197095741583453,-0.3911605357238779
ASHOKLEY,2025-06-09,up,4,2.0105383462691417,-0.2106449058480453
ASHOKLEY,2025-06-27,up,4,-2.3976620994107245,0.19309335711477082
ASHOKLEY,2025-09-08,up,4,2.4847980802049197,3.06176792830799
ASHOKLEY,2025-09-19,down,1,2.7407716158510897,0.565277906641759
ASHOKLEY,2025-09-23,down,3,-5.339042851940501,-0.5882073041940772
ASHOKLEY,2025-11-11,up,2,4.040103466162326,2.006474380680623
ASHOKLEY,2025-11-13,up,4,7.6932366582137535,1.120410007712458
ASHOKLEY,2025-11-14,up,5,4.94864441732763,-1.7851496689171742
ASHOKLEY,2025-11-27,up,2,11.623134871880115,2.7945127753544297
ASHOKLEY,2025-12-02,down,3,0.6449239053814892,-1.535533715009041
ASHOKLEY,2025-12-15,down,1,3.5523623475640864,0.49232147136257787
ASHOKLEY,2025-12-16,down,2,2.139778521981195,-0.2831953600037296
ASHOKLEY,2025-12-18,down,4,4.402721068162796,1.472014249695186
ASHOKLEY,2025-12-19,up,1,3.307930972479145,0.9830229920930078
ASHOKLEY,2025-12-22,up,2,1.8108010806775043,0.9273713764658131
ASHOKLEY,2025-12-30,down,4,3.174537697620883,-0.3970653336232255
ASHOKLEY,2026-01-01,up,2,6.476599836751151,2.0736418587657512
ASHOKLEY,2026-01-02,up,3,3.492026041003271,1.3471135841949256
ASHOKLEY,2026-01-05,down,1,-0.350877832261387,-1.623458442777892
ASHOKLEY,2026-01-23,down,1,6.966213867572191,-0.07131493858931748
ASHOKLEY,2026-02-03,up,1,2.7940944420968172,0.7661849849341484
ASHOKLEY,2026-02-04,up,2,0.8749371623448354,-1.3552925030022256
ASHOKLEY,2026-02-09,up,2,1.3549107234325897,0.23472698831958905
ASHOKLEY,2026-02-10,up,3,-3.3517353772286373,1.4888707059292239
ASHOKLEY,2026-02-11,up,4,-4.251258736585872,-2.666763860090815
ASHOKLEY,2026-08-13,down,3,-5.861749296247454,-1.5481249560290289
ASIANPAINT,2021-12-28,up,2,5.54146706551828,0.9149725409606235
ASIANPAINT,2022-01-03,up,2,3.0617850199260888,0.349938998107846
ASIANPAINT,2022-01-04,up,3,-5.138783531705116,0.34399187422302635
ASIANPAINT,2022-01-05,up,4,-10.684307013905702,0.038331616115638845
ASIANPAINT,2022-01-07,up,1,-11.396407791550711,0.6268094555471393
ASIANPAINT,2022-07-18,up,2,2.205891735835075,-0.5491820238214151
ASIANPAINT,2022-07-20,up,4,7.640307630237264,-1.9448213478064025
ASIANPAINT,2022-07-21,up,5,6.943848590447432,0.2018562499216614
ASIANPAINT,2022-07-25,down,1,5.282331446598554,-0.3929507743796523
ASIANPAINT,2022-07-26,down,2,4.456542949404851,-0.44165161529027275
ASIANPAINT,2022-07-27,up,1,7.284703212514332,1.0251286719832997
ASIANPAINT,2022-07-28,up,2,5.833186162633441,2.3819176071957937
ASIANPAINT,2022-07-29,up,3,3.0260254321001767,1.3241733050638693
ASIANPAINT,2022-08-02,up,5,3.8325511043886484,0.9557280660779766
ASIANPAINT,2022-08-03,up,6,2.3153561804020617,0.9710241654638851
ASIANPAINT,2022-08-04,down,1,1.0319631540672614,0.2816543731458676
ASIANPAINT,2022-08-16,up,6,-3.107633834905432,0.24335289897567947
ASIANPAINT,2022-08-17,up,7,-2.1788307221726755,-0.0566260990286227
ASIANPAINT,2023-05-03,down,1,6.491100154461549,-0.012496773516146309
ASIANPAINT,2023-05-04,up,1,5.45940643469931,-0.20864829445285116
ASIANPAINT,2023-05-05,down,1,4.6206471678392536,0.46381119867355824
ASIANPAINT,2023-05-09,up,2,2.9129822935175076,-0.2598759630508374
ASIANPAINT,2023-05-11,down,1,3.325893637947841,1.5800388635841767
ASIANPAINT,2023-05-12,up,1,0.6626657901272592,-1.1895184613043952
ASIANPAINT,2023-05-31,down,1,4.583267423776527,2.0365714267411184
ASIANPAINT,2023-06-01,down,2,0.8469695469556004,0.1221795438081763
ASIANPAINT,2023-06-14,up,3,3.376756265851366,-0.3758712549720711
ASIANPAINT,2023-06-16,up,1,0.6815168209723277,-0.05029038655841589
ASIANPAINT,2023-06-19,down,1,1.6156439005491796,-0.707180533215912
ASIANPAINT,2023-07-18,up,4,-4.077365867806804,0.8490516034856066
ASIANPAINT,2023-07-24,down,2,-10.414148631956955,-0.21767668366298176
ASIANPAINT,2023-12-05,up,6,2.901055981452094,1.382648142699039
ASIANPAINT,2023-12-06,up,7,1.532275254587101,0.6161929333607263
ASIANPAINT,2023-12-15,up,3,-0.5442506358210308,-0.10401788776620569
ASIANPAINT,2023-12-19,up,1,-1.9576245057870478,-0.4900552696574412
ASIANPAINT,2023-12-26,up,3,-2.3646940299438257,0.12735169264128654
ASIANPAINT,2023-12-27,up,4,-4.886072829424526,-0.11321680951018598
ASIANPAINT,2024-08-21,up,5,2.570081088774634,0.5181429376244884
ASIANPAINT,2024-08-22,up,6,1.41840481586053,0.11131191159017284
ASIANPAINT,2024-09-06,down,3,2.876772146998352,0.012676903229480452
ASIANPAINT,2024-09-09,up,1,1.9719580148430227,-0.37335469467524307
ASIANPAINT,2024-09-11,down,1,-5.4426104592269375,1.1838814377118645
ASIANPAINT,2025-04-08,up,1,3.538984533497924,1.0177538702426991
ASIANPAINT,2025-04-11,up,1,0.749620019594599,-1.0934358285568213
ASIANPAINT,2025-04-16,up,3,-6.529440312479673,-0.0138237593181878
ASIANPAINT,2025-04-24,down,1,-5.431645259813078,-0.9836881652462659
ASIANPAINT,2025-07-08,up,3,-3.0646974101420144,1.7386759016185804
ASIANPAINT,2025-07-09,down,1,-3.3850022864725604,0.27435366687964535
ASIANPAINT,2025-08-14,up,2,0.25914929186379165,1.0197667779543451
ASIANPAINT,2025-08-18,up,3,-0.4032994294439485,1.5632713399567733
ASIANPAINT,2025-11-06,down,2,3.3877129800681693,1.5348166068791746
ASIANPAINT,2025-11-10,up,1,4.751803461904669,0.23617761983507624
ASIANPAINT,2025-11-12,up,3,10.233288643395365,6.670034035549999
ASIANPAINT,2025-11-13,up,4,3.5580176113134243,0.42786900171636333
ASIANPAINT,2025-11-17,up,6,1.0241415176914792,-1.314756953260099
ASIANPAINT,2025-12-02,down,3,-4.189612676394249,1.3110032826266549
ASIANPAINT,2025-12-04,up,1,-7.960532606874948,-0.9733747872985532
ASIANPAINT,2026-05-08,down,2,1.908488999070923,0.4018117828693102
ASIANPAINT,2026-05-13,up,1,1.5513787068863971,-0.035842181425616015
ASIANPAINT,2026-05-14,up,2,1.1706548420981733,-1.258163915451982
ASIANPAINT,2026-05-25,up,2,1.085156326669412,-1.0835439585451745
ASIANPAINT,2026-05-29,down,3,0.18690009679025454,1.0932842642350726
ASIANPAINT,2026-06-01,down,4,-1.9493846620217803,-4.918311277648968
ASIANPAINT,2026-06-15,up,2,-2.1948034998276134,-1.8510459135127277
ASTERDM,2024-12-20,down,5,-2.004222413429202,
ASTERDM,2024-12-23,up,1,-2.007207745907169,
ASTERDM,2025-04-15,up,2,1.1608671748524424,
ASTERDM,2025-04-22,up,6,2.429611248938479,
ASTERDM,2025-04-28,up,1,1.2677811937042982,
ASTERDM,2025-07-03,down,2,-3.4418989612297057,
ASTERDM,2026-05-21,down,1,5.311108381085661,
ASTRAL,2021-10-04,up,1,-3.219541098461154,5.352948006824065
ASTRAL,2021-10-05,up,2,-11.071972028230137,-2.3515960569821637
ASTRAL,2022-09-08,up,1,-10.794698230275923,0.7707067008664525
ASTRAL,2022-09-09,up,2,-12.321163766638154,1.489785526515175
ASTRAL,2023-05-16,down,1,8.952111391285777,5.223880597014929
ASTRAL,2023-05-25,up,1,4.175466759857871,0.9495634752833881
ASTRAL,2023-05-26,up,2,3.114476548175893,1.3396192359220738
ASTRAL,2023-05-29,up,3,1.819681333951939,0.1984823341635078
ASTRAL,2023-06-01,down,2,6.3921708583384085,-0.7973008144705029
ASTRAL,2023-06-02,up,1,5.72613386058618,1.8316149248314817
ASTRAL,2023-06-05,up,2,3.3079297350514736,0.029107185978349825
ASTRAL,2023-06-06,up,3,2.4955962845336854,0.7863711080388747
ASTRAL,2023-06-07,up,4,2.963171231254025,-0.07661959237875715
ASTRAL,2023-06-08,down,1,2.2117417486724467,0.8919109721792662
ASTRAL,2023-06-09,down,2,-0.14428172396222516,1.4694094930468582
ASTRAL,2023-06-12,up,1,-4.078853102599078,-1.8084305499739828
ASTRAL,2023-08-04,up,1,-3.0496129822885742,-0.6486441695681577
ASTRAL,2024-02-15,up,3,5.655858932638602,-0.4847883345421189
ASTRAL,2024-02-16,up,4,5.064702041357316,-0.2874728891623879
ASTRAL,2024-02-23,down,1,-1.2168546390661783,4.968998755970322
ASTRAL,2024-02-26,down,2,-7.30120281646659,-0.5022665980954355
ASTRAL,2024-05-10,up,1,5.226642080484334,0.6829628334817928
ASTRAL,2024-05-13,up,2,4.473252535553529,2.3084518091341932
ASTRAL,2024-05-14,up,3,1.5144228957602035,-1.1205173044952499
ASTRAL,2024-05-16,up,1,-4.245544362206067,1.5738829214776207
ASTRAL,2024-05-17,up,2,-5.660377358490565,-3.946699150146593
ASTRAL,2024-06-24,up,1,-2.153788678107338,3.442114107751393
ASTRAL,2024-06-25,up,2,-5.758655949425773,-0.4559387386289582
ASTRAL,2024-06-26,up,3,-7.3081816107093855,-1.721205614654464
ASTRAL,2025-05-26,up,2,5.086810843740497,2.3386485541044832
ASTRAL,2025-05-27,down,1,2.761415767591169,0.5274719465565791
ASTRAL,2025-05-28,down,2,2.2409752245563297,-0.41294808108747194
ASTRAL,2025-06-09,up,4,-2.509688057031134,0.1559583204726378
ASTRAL,2025-06-16,up,1,-4.549683584650454,0.2718862553794166
ASTRAL,2025-06-17,down,1,-5.68905988494286,-0.7386875235872337
ASTRAL,2025-06-18,down,2,-5.816850652121152,-0.8130127422743216
ASTRAL,2025-11-06,down,2,-3.3118556795029397,4.044120922594652
ASTRAL,2025-11-12,up,3,-11.223050907655052,0.31493423538171417
ASTRAL,2026-02-24,down,1,5.0551383847464715,0.28455064460046753
ASTRAL,2026-02-25,up,1,3.911735415731288,0.15703091534311486
ASTRAL,2026-03-06,down,1,2.580551616956539,-1.490247808744416
ASTRAL,2026-03-11,down,1,-11.140982138728218,0.3077533528281329
ATGL,2022-07-08,up,3,15.686301315740646,
ATGL,2022-07-11,down,1,14.874150994491275,
ATGL,2022-07-12,down,2,6.139575909865114,
ATGL,2022-07-13,down,3,3.529878628814398,
ATGL,2022-07-21,up,5,2.715718622450103,
ATGL,2022-07-25,down,1,1.8103432941153352,
ATGL,2022-07-27,up,1,6.410019643580966,
ATGL,2022-07-28,up,2,12.411635270183163,
ATGL,2022-07-29,up,3,13.117314394623158,
ATGL,2022-08-01,up,4,8.003366600440653,
ATGL,2022-08-02,up,5,3.5936519591235117,
ATGL,2022-08-03,up,6,5.4167800922306775,
ATGL,2022-08-04,down,1,6.692964469671958,
ATGL,2022-08-08,up,2,9.953330167453544,
ATGL,2022-08-16,up,6,7.263050068365007,
ATGL,2022-08-17,up,7,6.52711147441396,
ATGL,2022-08-30,up,1,-0.06306495690560077,
ATGL,2022-11-07,up,2,-5.73448546739983,
ATGL,2022-11-09,down,1,-5.990205021705508,
ATGL,2022-11-15,up,1,-5.468479059089382,
ATGL,2023-01-20,down,2,-25.277434321085003,
ATGL,2023-01-23,up,1,-25.96104610366211,
ATGL,2024-01-03,down,2,-5.700381942487875,
ATGL,2024-01-04,up,1,-7.077079291905508,
ATGL,2024-05-31,up,1,-10.299690811119856,
ATGL,2024-06-03,up,2,-16.50239369191777,
ATGL,2025-05-30,down,1,2.90822545516618,
ATGL,2026-04-28,down,1,-6.45694153008054,
ATGL,2026-05-25,up,2,7.598373617824716,
ATGL,2026-05-26,down,1,4.8364413785405125,
ATGL,2026-05-27,down,2,-1.4566283421278858,
ATGL,2026-05-29,down,3,-12.809448205602248,
ATHERENERG,2025-09-01,up,1,12.78032495474697,6.634581752779556
ATHERENERG,2025-09-08,up,4,13.414987060374028,1.9473686406177748
ATHERENERG,2025-09-09,up,5,3.1864193418504216,4.299750917555811
ATHERENERG,2025-09-22,down,2,2.4479551803070043,-1.9991214055654516
ATHERENERG,2025-10-06,up,3,11.511122841594702,0.5713579439518224
ATHERENERG,2025-10-07,up,4,9.637436261193933,0.3145538727689523
ATHERENERG,2025-10-08,down,1,7.067407379848301,-0.4819665413947294
ATHERENERG,2025-10-16,up,2,5.8331336259836775,-0.3509697462613315
ATHERENERG,2025-10-17,up,3,-9.239247235292991,-1.4855244817275626
ATHERENERG,2025-10-20,up,4,-10.284993866239557,4.03176153372542
ATHERENERG,2025-10-21,up,5,-12.93447013235478,4.890018676829144
ATHERENERG,2026-01-01,up,2,-18.669807252287075,-3.377847604084838
ATHERENERG,2026-02-19,down,1,-5.5674011754369594,-2.62056830431584
ATHERENERG,2026-03-20,up,1,3.9970905866224538,0.034994785547248775
ATHERENERG,2026-03-27,down,1,2.5466929505015834,-0.4412600700389402
ATHERENERG,2026-04-09,down,1,12.215317893258892,3.2106548005315316
ATHERENERG,2026-04-10,up,1,12.379846705238995,3.0486868563681213
ATHERENERG,2026-04-13,down,1,6.975545379300363,6.151519992622689
ATHERENERG,2026-04-27,up,1,1.7538900651837164,-0.1826311480571663
ATHERENERG,2026-04-28,down,1,1.050377381986567,-1.8108677134111684
ATHERENERG,2026-05-05,down,1,-0.6716929858552434,-2.35713508427412
ATHERENERG,2026-05-11,down,3,-2.700575661980864,-1.343283662459016
ATHERENERG,2026-06-03,down,1,-4.7892371765142165,1.4897608090010062
ATHERENERG,2026-06-08,down,2,2.995053386363322,-3.9188014084306166
ATHERENERG,2026-06-29,down,1,12.85726377563976,2.7894507774807398
ATHERENERG,2026-06-30,down,2,8.745888046108274,3.3992152171746115
ATHERENERG,2026-07-01,up,1,4.063955494163296,-1.572842095103888
ATHERENERG,2026-07-08,down,2,9.67100209140559,2.531049083295378
ATHERENERG,2026-07-09,up,1,6.2562004158829065,0.272937160495923
ATHERENERG,2026-07-13,up,3,3.785521579415607,-4.860603165639832
ATHERENERG,2026-07-15,up,1,15.1231758137232,5.169749990045758
ATHERENERG,2026-07-16,down,1,9.423313153378832,-4.18670341588574
ATHERENERG,2026-08-04,down,1,8.849276266430174,10.785179259138488
ATHERENERG,2026-08-10,up,1,6.648458557882031,-2.84650854388121
ATHERENERG,2026-08-11,down,1,5.806497042951375,0.26839167137175934
ATHERENERG,2026-08-12,down,2,4.786206925183789,2.1086870762783816
ATHERENERG,2026-08-28,up,1,1.21359458386201,6.86347625919721
ATHERENERG,2026-08-31,down,1,-4.312791868876465,3.40933369960017
ATHERENERG,2026-09-01,down,2,-9.1982571535133,-0.24842029878781036
ATUL,2025-05-02,up,1,5.040943712064516,
AUBANK,2022-01-31,up,1,5.740320225072115,0.22922328464378694
AUBANK,2022-02-01,up,2,-6.762897024593018,0.3948865537782176
AUBANK,2022-02-02,up,3,-6.623848247936803,2.2888505152938388
AUBANK,2022-02-03,down,1,-16.407421401779754,-1.8829890395775872
AUBANK,2022-04-05,down,1,6.367594619997741,-0.7316340941166954
AUBANK,2022-04-07,down,3,1.5088231155189646,1.1312485193082367
AUBANK,2022-04-08,up,1,-4.291103800761109,0.2417333705204916
AUBANK,2022-04-11,down,1,-4.450150649758888,-1.0601497613800692
AUBANK,2022-04-13,down,3,-10.167566491737102,-2.3830649226375566
AUBANK,2022-04-19,down,5,-11.237798334534032,-1.1309298617745323
AUBANK,2022-08-25,down,1,1.7954516033591883,-1.5836450612869424
AUBANK,2022-09-13,up,4,-11.051028627213844,-0.22939378065229832
AUBANK,2022-09-14,down,1,-12.259433245762985,0.06082812818235528
AUBANK,2022-09-15,down,2,-12.966292933062885,-1.0367835847673867
AUBANK,2023-05-09,up,2,4.446087360867312,1.5802324051118033
AUBANK,2023-05-10,up,3,2.8829907900470575,-1.337346476215251
AUBANK,2023-05-16,down,1,3.09480774820059,0.5091634084402274
AUBANK,2023-05-18,down,3,6.733760201152039,0.9541422771708552
AUBANK,2023-05-22,up,2,4.030117193669547,-0.2342783437310758
AUBANK,2023-05-23,up,3,3.285530681731541,-0.3341686759634199
AUBANK,2023-05-26,up,2,0.042041714893903404,0.24116074339053384
AUBANK,2023-05-29,up,3,-1.505297157043295,0.7080000264104269
AUBANK,2023-11-29,up,2,1.5943873947878773,0.38469332134043466
AUBANK,2023-11-30,up,3,2.198902982277451,-1.2859018192625804
AUBANK,2023-12-05,up,6,-0.07678149176857385,0.5740358126808953
AUBANK,2023-12-22,up,2,1.5169977298581605,-1.0638945523433807
AUBANK,2023-12-28,up,5,-7.044063597786899,0.034317122997440386
AUBANK,2024-01-04,up,1,-21.98362325841664,0.2685171628266092
AUBANK,2024-01-05,up,2,-22.49781910940237,-1.7534381324623372
AUBANK,2024-06-05,up,1,-0.7656803216030794,-0.18466203059025466
AUBANK,2024-06-25,up,2,-7.536646725066531,-0.5776664525003916
AUBANK,2024-06-26,up,3,-8.7629688453835,-0.4110421869907177
AUBANK,2024-09-19,up,1,-5.720829560889696,2.7593760814841772
AUBANK,2025-04-24,down,1,1.7230537307542093,1.1512040011030455
AUBANK,2025-04-29,up,2,0.7341010509039458,1.2496544939916143
AUBANK,2025-06-02,down,2,4.310613059592772,0.8941307448770308
AUBANK,2025-06-03,down,3,3.442563575046931,0.4685311307540019
AUBANK,2025-06-04,up,1,2.027480626003886,-0.633630751849501
AUBANK,2025-06-06,up,3,7.120225431110039,1.7945502838113025
AUBANK,2025-06-09,up,4,4.638949527675984,1.74145816252953
AUBANK,2025-06-18,down,2,6.2648509789824836,1.213676838736255
AUBANK,2025-06-19,down,3,4.468263016282092,-1.544254234657949
AUBANK,2025-06-26,up,3,2.870767674198915,0.7418175225554213
AUBANK,2025-07-01,up,1,-12.355698716011098,1.4345746993189579
AUBANK,2025-10-08,down,1,4.1102861807030155,-0.05619897871147472
AUBANK,2025-10-13,down,1,3.3285089612936636,-1.1802778779072876
AUBANK,2025-10-15,up,1,10.840159779073844,2.647569082247858
AUBANK,2025-10-16,up,2,6.678504898929294,-1.7366683056796228
AUBANK,2025-10-20,up,4,11.078515555763113,5.858911829061086
AUBANK,2025-10-23,up,6,0.4384994942918441,-0.463269543213396
AUBANK,2025-11-06,down,2,6.31595941788603,-1.6648972713113053
AUBANK,2025-11-07,down,3,6.480421939350722,1.1187828965209867
AUBANK,2025-11-10,up,1,3.959455265579237,0.07669812520252339
AUBANK,2025-11-18,down,1,4.801592005161237,-0.2980572770561407
AUBANK,2025-11-24,down,2,4.012678009274007,-1.0218318329221265
AUBANK,2025-11-25,down,3,3.3790020779150387,0.2894914703059026
AUBANK,2025-11-26,up,1,2.215473522003597,0.2911466445842281
AUBANK,2025-12-09,down,2,2.342766968656873,0.9534986387656152
AUBANK,2025-12-10,down,3,2.1338822654907386,0.24847393937683648
AUBANK,2026-01-05,down,1,0.9197360786633357,-0.0054130927951590024
AUBANK,2026-04-21,up,3,-2.1354765756088634,2.0159952115058832
AUBANK,2026-04-22,down,1,-4.068560780695252,-0.7887275864478904
AUBANK,2026-04-24,down,3,-8.031590054731764,-0.7041784349861802
AUBANK,2026-06-24,up,1,1.0195212937148979,1.6838180700722294
AUBANK,2026-07-06,up,4,-1.1521318451454765,-1.80675125248001
AUBANK,2026-08-21,up,2,1.9875647292320497,0.21638466366065146
AUBANK,2026-08-24,down,1,-7.698464428044327,0.0232593649402979
AUBANK,2026-08-25,up,1,-7.731134629286007,0.7884670209464151
AUROPHARMA,2021-12-31,up,1,-11.345198772727604,-0.16613715348110514
AUROPHARMA,2023-04-03,up,3,2.2346004478655646,-0.4592987039228946
AUROPHARMA,2023-04-06,up,5,5.714334405186916,0.8954517529345507
AUROPHARMA,2023-04-10,up,6,4.0994706714063245,-0.3862882616094576
AUROPHARMA,2023-04-11,up,7,5.903076122344886,-0.4975124378109319
AUROPHARMA,2023-04-12,up,8,4.792474806895974,1.8072164237678878
AUROPHARMA,2023-04-13,up,9,1.9838661121327261,-0.16195852534022226
AUROPHARMA,2023-04-18,down,2,3.9152065758165877,0.1687173845446921
AUROPHARMA,2023-04-19,down,3,3.1973122298696532,1.6162688789160828
AUROPHARMA,2023-04-25,up,2,7.261361517080811,0.33021386782201567
AUROPHARMA,2023-04-26,up,3,5.663228459946179,1.050912082090072
AUROPHARMA,2023-04-27,up,4,3.655496323826468,-0.1339223492767383
AUROPHARMA,2023-04-28,up,5,2.994788775432533,-0.7785021906006384
AUROPHARMA,2023-05-16,down,1,3.842907623619851,2.350892792957371
AUROPHARMA,2023-05-30,up,4,4.629577006960206,-0.2979567192597288
AUROPHARMA,2023-05-31,down,1,3.543348233783372,-0.42155634043522516
AUROPHARMA,2023-06-07,up,4,1.8714128323366497,0.7355262739999091
AUROPHARMA,2023-06-13,up,2,3.0777360969301393,0.5492577605527904
AUROPHARMA,2023-06-15,down,1,1.780785089048198,0.4269036071926635
AUROPHARMA,2023-06-23,down,2,6.22465706151325,0.5233910772636241
AUROPHARMA,2023-06-26,up,1,4.8608597525922725,2.483303880029264
AUROPHARMA,2023-06-28,up,3,4.441257192033987,0.9704013212739504
AUROPHARMA,2023-07-06,up,8,1.011422012433516,0.7230527849494628
AUROPHARMA,2023-07-19,up,5,8.678826494061575,-1.9412708465434192
AUROPHARMA,2023-07-21,down,1,7.359632808461147,-0.2148411991542143
AUROPHARMA,2023-07-26,up,2,9.082114679129605,0.7085752532712153
AUROPHARMA,2023-07-27,down,1,8.46583154534921,3.062840224489616
AUROPHARMA,2023-08-03,down,3,2.0591078864390377,-0.844273870697454
AUROPHARMA,2023-08-07,up,2,-3.6480218196411895,1.1416774270653685
AUROPHARMA,2023-08-09,up,1,-5.614783226723508,-0.2643937122423501
AUROPHARMA,2023-09-29,up,1,-4.051175337827695,0.5773587596741736
AUROPHARMA,2023-11-20,down,2,3.4972918657941943,-1.5758645197657017
AUROPHARMA,2023-11-21,up,1,0.5606656151249778,0.47814969805877183
AUROPHARMA,2023-11-22,up,2,0.9363638465544666,1.868145927326026
AUROPHARMA,2024-01-04,up,1,2.982564121970732,0.19222852548597125
AUROPHARMA,2024-01-05,up,2,1.9545786587616742,0.4780021461320949
AUROPHARMA,2024-01-08,down,1,1.2910432798127092,-0.6120437601177198
AUROPHARMA,2024-01-15,up,5,-12.836697569421606,0.7868169648727719
AUROPHARMA,2024-01-25,down,1,-15.175903183653539,-1.8028308417251449
AUROPHARMA,2024-04-29,up,1,3.0102214716254183,0.8408549628232675
AUROPHARMA,2024-04-30,down,1,1.3222637133901483,-1.224557443544727
AUROPHARMA,2024-05-13,up,2,3.0948294256758047,0.5222167997745775
AUROPHARMA,2024-05-21,up,3,5.087071077866145,2.002174110184707
AUROPHARMA,2024-05-24,down,1,1.3581753225661908,-2.679247208801183
AUROPHARMA,2024-06-05,up,1,-5.086428931345532,1.2358193053974453
AUROPHARMA,2024-06-07,up,3,-5.396324454073575,-0.6965914791061567
AUROPHARMA,2024-07-15,up,2,2.6114777641069953,2.15253520587535
AUROPHARMA,2024-07-29,up,2,3.4017090265589633,-1.2667723320637592
AUROPHARMA,2024-07-31,up,4,2.446201524012026,0.2751204015524866
AUROPHARMA,2024-08-02,down,1,1.1700708403894922,-1.3710092434470522
AUROPHARMA,2024-08-07,up,1,7.207961557300813,0.8193078257514141
AUROPHARMA,2024-08-08,down,1,6.079212688801028,0.06350618795010199
AUROPHARMA,2024-08-13,down,2,3.519317801199562,0.6310744541762725
AUROPHARMA,2024-08-26,up,8,0.595921491443896,-0.7162007939656823
AUROPHARMA,2024-08-28,up,10,-1.5845170723378321,-0.535875746194292
AUROPHARMA,2025-04-03,down,1,0.8041856448660178,-4.8391707912396225
AUROPHARMA,2025-11-13,up,4,1.7996571376440729,0.7259770717200409
AUROPHARMA,2025-11-14,up,5,-0.9287562288577078,-0.5300608256514683
AUROPHARMA,2025-11-17,up,6,-4.899562494363718,-0.09365463445746292
AUROPHARMA,2025-11-18,down,1,-6.710906151261764,-1.0747528423074582
AUROPHARMA,2026-03-10,up,1,6.6802052396226275,2.6183946573911765
AUROPHARMA,2026-03-11,down,1,3.3769012852250535,0.7503087257273888
AUROPHARMA,2026-03-25,up,2,1.183725706427019,-1.4022175496242628
AUROPHARMA,2026-04-01,up,1,2.786819617256775,-0.08603598548608815
AUROPHARMA,2026-04-16,down,1,2.532580823185082,0.20230009938715376
AUROPHARMA,2026-04-22,down,1,5.389832356921365,0.8447182930110042
AUROPHARMA,2026-04-23,down,2,3.6149702280197316,0.3263835918489999
AUROPHARMA,2026-05-06,up,1,-2.1064581570351293,0.5660273886434641
AUROPHARMA,2026-05-07,down,1,-4.091005569669337,-0.8114393011732557
AUROPHARMA,2026-05-08,down,2,-4.800325953025986,-1.2412047982891528
AUROPHARMA,2026-05-14,up,2,-3.857215492617272,-0.12932723092615728
AUROPHARMA,2026-05-20,up,1,-4.783274764352252,-0.9527525769843503
AUROPHARMA,2026-05-21,down,1,-4.777603287776511,-1.7259382101836418
AUROPHARMA,2026-07-03,up,3,-4.060791363202332,1.6066357788539154
AUROPHARMA,2026-08-07,down,1,0.16608247621670014,1.548058476829861
AUROPHARMA,2026-08-10,up,1,2.770553798864217,-1.3594218634081279
AUROPHARMA,2026-08-13,down,3,2.1865952805124156,-1.0629012876448685
AUROPHARMA,2026-08-31,down,1,1.6533111452508686,2.1339414579943705
AWL,2022-03-21,down,1,20.44281483797967,
AWL,2022-03-23,down,1,15.036104742743973,
AWL,2022-03-25,down,3,28.786078670941272,
AWL,2022-03-28,up,1,27.388539731417616,
AWL,2022-03-29,up,2,17.098562136707997,
AWL,2022-03-30,up,3,6.508878135364848,
AWL,2022-03-31,down,1,17.873671412211813,
AWL,2022-04-01,up,1,17.21235102388703,
AWL,2022-04-04,up,2,11.640069546863918,
AWL,2022-04-05,down,1,5.806530247058483,
AWL,2022-04-07,down,3,-0.9877529546738151,
AWL,2022-04-18,down,4,19.059018502555404,
AWL,2022-04-19,down,5,13.952283380952801,
AWL,2022-04-20,up,1,8.533338657060252,
AWL,2022-04-22,down,1,-9.310989171626872,
AWL,2022-04-25,down,2,-12.16050727142548,
AWL,2022-04-26,up,1,-15.94416935584757,
AWL,2022-04-27,down,1,-17.222701272481565,
AWL,2022-04-28,up,1,-17.222850770678267,
AWL,2022-08-18,up,8,-3.301177044894643,
AWL,2022-08-19,down,1,-1.456341487941304,
AWL,2022-09-09,up,2,8.052334365430358,
AWL,2022-09-12,up,3,7.1078209531451275,
AWL,2022-09-13,up,4,4.221683796592424,
AWL,2022-09-20,up,2,-4.008184882041399,
AWL,2022-09-21,down,1,-7.2072913891844115,
AWL,2022-09-22,down,2,-19.36740066896563,
AWL,2022-09-23,down,3,-19.84403745211647,
AWL,2025-11-21,down,1,-10.541022578553594,
AXISBANK,2021-10-25,up,1,-12.631519017480597,2.0772828017184386
AXISBANK,2022-04-08,up,1,-0.19125325545247263,-1.316281381155615
AXISBANK,2022-04-13,down,3,-16.348342629665336,-3.106191887006904
AXISBANK,2022-04-19,down,5,-16.846638658856104,-1.1087541051281957
AXISBANK,2022-07-19,up,3,5.685236607659383,2.149136265325824
AXISBANK,2022-07-20,up,4,3.3053140700036288,0.08210517538183026
AXISBANK,2022-07-21,up,5,3.826561773771986,-0.1493581776213282
AXISBANK,2022-07-22,up,6,3.255727088752436,1.5868513978590126
AXISBANK,2022-07-25,down,1,0.9307188943674438,-2.135577295283775
AXISBANK,2022-08-08,up,2,2.2028444841642347,0.33751280272604767
AXISBANK,2022-08-11,up,4,0.600161626756468,0.9461001438352712
AXISBANK,2022-08-16,up,6,-1.3593418192420326,0.7299492581792633
AXISBANK,2022-09-09,up,2,3.3887055792636067,0.36750378595999944
AXISBANK,2022-09-12,up,3,2.634235057186185,1.6555634832788435
AXISBANK,2022-09-20,up,2,-0.8224991341616139,-0.7550496300315235
AXISBANK,2022-10-21,up,6,1.8997103353099565,8.705679861639393
AXISBANK,2022-10-24,up,7,-6.054712704242293,-0.5304589407233773
AXISBANK,2022-12-08,up,1,1.2963491684246264,2.320640804691143
AXISBANK,2022-12-21,down,2,0.4998609986508251,-2.2468345754825814
AXISBANK,2023-01-03,up,2,-5.550982284023098,-0.020185290170260384
AXISBANK,2023-05-15,up,2,3.5594794193904766,-0.21433586330885657
AXISBANK,2023-05-29,up,3,1.78799125255249,-0.35834942629843214
AXISBANK,2023-06-05,up,2,4.366977748592671,0.688170053123538
AXISBANK,2023-06-06,up,3,2.835226358421772,1.4896152746493696
AXISBANK,2023-06-07,up,4,1.0502445881268585,-0.26176223769446283
AXISBANK,2023-06-13,up,2,-2.0381450208492358,-0.06167717595172428
AXISBANK,2023-09-11,up,7,-0.7417832886699949,0.6989102583276008
AXISBANK,2023-09-12,down,1,-0.5718419852926426,-0.601572594494526
AXISBANK,2023-09-13,up,1,-1.3890929306899724,-0.05910918604685733
AXISBANK,2023-09-14,up,2,-2.5276762695861765,-0.10615555457715864
AXISBANK,2023-09-15,up,3,-1.4853378035184273,-0.5802400945969954
AXISBANK,2023-09-20,down,2,-1.7801699323077957,-0.9941833757370011
AXISBANK,2024-05-23,up,5,3.062349682651333,1.1955927170430813
AXISBANK,2024-05-24,down,1,4.117551758808813,0.2893879090781537
AXISBANK,2024-05-27,down,2,3.467372095686616,0.4324173524899111
AXISBANK,2024-06-03,up,2,2.0524488272735564,1.8319772375580579
AXISBANK,2024-06-19,down,1,3.35983084348479,-0.001627842329399165
AXISBANK,2024-06-25,up,2,5.196333647023721,2.3054850615252587
AXISBANK,2024-06-26,up,3,2.5021557960442253,1.9341221555954302
AXISBANK,2024-06-27,up,4,1.3764156960530904,-1.2555441561611258
AXISBANK,2024-07-12,up,1,-13.33481824504984,0.6722898853502857
AXISBANK,2024-09-25,up,5,-10.737978539667992,-0.03615134420230648
AXISBANK,2024-09-26,up,6,-6.3024785133390715,-0.3409388932598789
AXISBANK,2025-04-15,up,2,5.2678800197455855,0.8225974075358744
AXISBANK,2025-04-16,up,3,2.5401172816256867,2.940977795528865
AXISBANK,2025-04-17,up,4,2.880526460948385,2.795006488827889
AXISBANK,2025-04-21,up,5,-0.962165142761251,2.0912842817739863
AXISBANK,2025-09-23,down,3,5.155650349616092,1.2712686868943113
AXISBANK,2025-10-03,up,2,4.016068103968462,0.5375535915192797
AXISBANK,2025-10-06,up,3,2.685227063336537,1.512638826071666
AXISBANK,2025-10-20,up,4,2.928534545895145,0.23021749135052616
AXISBANK,2025-10-21,up,5,-1.022612863883765,0.6577124441137672
AXISBANK,2025-10-23,up,6,-0.27261764735799776,0.7394334219082976
AXISBANK,2025-11-18,down,1,1.4120477053175984,0.054840784183762814
AXISBANK,2026-01-19,down,1,3.128357537893045,-0.7179552515544807
AXISBANK,2026-01-28,up,2,2.7714749409486705,-1.631950637494306
AXISBANK,2026-01-30,down,1,0.05471223192081709,-2.706419986534525
AXISBANK,2026-02-03,up,1,-0.6202000249048822,-1.1470536141187426
AXISBANK,2026-02-18,up,3,-10.332273372969613,0.3159943745955296
AXISBANK,2026-02-23,up,2,-13.8455821449449,0.5962342348964533
AXISBANK,2026-06-24,up,1,-5.580950430291387,0.14513964387514733
AXISBANK,2026-06-25,up,2,-4.632380741159237,-0.030903837748863516
BAJAJ-AUTO,2021-09-28,down,1,0.8702398753452689,-1.1262493210564828
BAJAJ-AUTO,2021-10-12,up,4,-6.712637972035784,0.767454093429687
BAJAJ-AUTO,2022-01-28,down,2,1.8741411598505175,-0.9701562476069014
BAJAJ-AUTO,2022-01-31,up,1,1.1448958509297391,-0.08691207046528371
BAJAJ-AUTO,2022-02-03,down,1,-3.6399056737527524,0.29881766355623895
BAJAJ-AUTO,2022-03-28,up,1,1.9565954833651977,-1.0381109827911184
BAJAJ-AUTO,2022-04-04,up,2,3.3832465450709837,0.007171829055474532
BAJAJ-AUTO,2022-04-05,down,1,2.670636680232197,0.2674854782292124
BAJAJ-AUTO,2022-04-26,up,1,-1.6595865518114428,0.38441784819387426
BAJAJ-AUTO,2022-05-31,down,1,-7.072120758603207,-1.159051133049982
BAJAJ-AUTO,2022-07-18,up,2,2.134134186016845,0.9763646383577296
BAJAJ-AUTO,2022-07-19,up,3,0.6209578088567369,0.20075063280091676
BAJAJ-AUTO,2022-07-22,up,6,0.004810717563796807,-0.8910661469344272
BAJAJ-AUTO,2023-04-03,up,3,5.35082545311083,0.7256204089172824
BAJAJ-AUTO,2023-04-05,up,4,4.04547730294087,0.3244104882346832
BAJAJ-AUTO,2023-04-06,up,5,3.219977120472506,-0.2973659557174657
BAJAJ-AUTO,2023-04-11,up,7,7.717800860933544,2.0780161653361384
BAJAJ-AUTO,2023-04-12,up,8,4.8456228761176945,1.5586384114493423
BAJAJ-AUTO,2023-04-27,up,4,2.2999289267946255,0.010805348258724479
BAJAJ-AUTO,2023-05-02,up,6,1.9577159782580233,0.5065400460511293
BAJAJ-AUTO,2023-05-08,up,1,2.5384560609799323,0.967482517651419
BAJAJ-AUTO,2023-05-12,up,1,0.5854488983034534,-1.0389931058681245
BAJAJ-AUTO,2023-06-08,down,1,-2.499867246641352,-0.23254100100272845
BAJAJ-AUTO,2023-09-18,down,1,-2.1323774921517824,0.024252402775415405
BAJAJ-AUTO,2023-10-19,down,2,3.202186799831108,4.31133584302581
BAJAJ-AUTO,2023-11-15,up,3,2.721953933357968,0.6881267357073506
BAJAJ-AUTO,2023-11-16,up,4,3.0231346362248335,-0.46348093298135273
BAJAJ-AUTO,2023-11-17,down,1,2.5009462009824013,-0.020788701776930374
BAJAJ-AUTO,2023-11-22,up,2,4.572319174742034,1.1177548224510225
BAJAJ-AUTO,2023-11-23,down,1,3.5283953172300153,2.524724822908153
BAJAJ-AUTO,2023-11-28,up,1,3.5376839846489094,0.3372399746235377
BAJAJ-AUTO,2023-11-29,up,2,2.172246160997071,0.41437359741600677
BAJAJ-AUTO,2023-11-30,up,3,1.2211479616470955,-1.2548291788060162
BAJAJ-AUTO,2023-12-04,up,5,1.5367336816099364,0.5601940757442581
BAJAJ-AUTO,2023-12-12,down,1,3.4712567437630737,0.17781375870953298
BAJAJ-AUTO,2023-12-15,up,3,4.972776093490894,-1.8242092163005652
BAJAJ-AUTO,2023-12-18,down,1,4.282476963928472,0.5577989577272513
BAJAJ-AUTO,2023-12-27,up,4,7.1683245621049,2.9216257686209612
BAJAJ-AUTO,2023-12-29,down,1,3.1377366348776192,-0.05833006253180839
BAJAJ-AUTO,2024-01-03,down,2,6.271441890002483,2.284177546953048
BAJAJ-AUTO,2024-01-09,up,1,2.52029094583901,0.07837717117407106
BAJAJ-AUTO,2024-01-25,down,1,8.705019364422672,2.124866947866444
BAJAJ-AUTO,2024-02-01,down,1,4.645906619485207,-0.6399177673951262
BAJAJ-AUTO,2024-02-05,down,1,3.149527191710577,-2.060712787457386
BAJAJ-AUTO,2024-02-13,up,1,5.1996576285482154,-0.18412921205402943
BAJAJ-AUTO,2024-02-14,up,2,4.391621436269855,1.8279326992793221
BAJAJ-AUTO,2024-02-16,up,4,8.312342654038996,2.4685859756756967
BAJAJ-AUTO,2024-02-19,up,5,4.487345126195597,0.08558233665301174
BAJAJ-AUTO,2024-03-06,up,1,4.102295539844669,0.5266067324197987
BAJAJ-AUTO,2024-03-07,up,2,2.5295711760605633,3.425894083891512
BAJAJ-AUTO,2024-03-11,down,1,-0.803572375078565,-4.222396808432682
BAJAJ-AUTO,2024-03-27,up,1,-3.292927627058062,0.7393969379621446
BAJAJ-AUTO,2024-04-02,down,1,-6.420860079642077,-0.9137178745044383
BAJAJ-AUTO,2024-06-05,up,1,-0.7772425956568241,1.0965903718120673
BAJAJ-AUTO,2024-06-06,up,2,-2.3207098033440454,-0.8614371126596465
BAJAJ-AUTO,2024-06-10,down,1,-3.959117595301931,-0.498530022948096
BAJAJ-AUTO,2024-06-14,up,4,-4.646113853249833,-0.7176506846299446
BAJAJ-AUTO,2024-08-22,up,6,11.330911906427254,-0.23734905520665928
BAJAJ-AUTO,2024-08-23,up,7,10.585814403906957,3.121388456528673
BAJAJ-AUTO,2024-08-26,up,8,5.997465558198689,-0.9105007165439494
BAJAJ-AUTO,2024-08-28,up,10,4.752784707122082,-0.36947143485603906
BAJAJ-AUTO,2024-08-29,up,11,3.320073541531743,0.6168411326475498
BAJAJ-AUTO,2024-08-30,up,12,4.736685237407445,0.1994635119334287
BAJAJ-AUTO,2024-09-02,up,13,4.0524363262191665,1.1843508998896857
BAJAJ-AUTO,2024-09-11,down,1,6.605158580520931,2.4164409576769463
BAJAJ-AUTO,2024-09-12,up,1,3.3869717225979867,1.424833083639343
BAJAJ-AUTO,2024-09-13,down,1,0.9473911904704035,-0.8797513377569399
BAJAJ-AUTO,2024-09-17,up,2,3.2252715185759673,-0.9446664368561453
BAJAJ-AUTO,2024-09-18,down,1,2.545031333074843,-1.8409285281286936
BAJAJ-AUTO,2024-09-23,up,3,4.188286959305021,0.9598581234156134
BAJAJ-AUTO,2024-09-24,up,4,1.444718175077786,-0.41713886142790146
BAJAJ-AUTO,2024-09-26,up,6,-19.301906055277605,0.6520225211350761
BAJAJ-AUTO,2024-09-27,down,1,-20.56873212674841,-1.4622025801650729
BAJAJ-AUTO,2025-05-26,up,2,-4.225416954049354,0.4400780052791431
BAJAJ-AUTO,2025-09-01,up,1,5.7939381705168325,0.595921491443896
BAJAJ-AUTO,2025-09-02,down,1,3.8624305856609364,-0.33786805942622733
BAJAJ-AUTO,2025-09-04,up,2,2.8157857952692433,-0.6337500296316634
BAJAJ-AUTO,2025-09-08,up,4,-7.263277348224384,-0.10390661755101949
BAJAJ-AUTO,2026-01-01,up,2,-2.805614405097301,1.1118063650676246
BAJAJ-AUTO,2026-01-06,down,2,-2.264801560146379,-0.6619114259351577
BAJAJ-AUTO,2026-01-08,down,4,-3.6478665102143037,-0.9693045935814992
BAJAJ-AUTO,2026-02-18,up,3,1.1758929421372466,0.11373144348749697
BAJAJ-AUTO,2026-02-25,up,1,-12.21386976346459,0.3630389233810094
BAJAJ-AUTO,2026-04-30,down,1,3.520307420903257,2.7679066982976064
BAJAJ-AUTO,2026-05-04,up,1,2.2166420263045383,0.35437545968515227
BAJAJ-AUTO,2026-05-07,down,1,2.6459209559456465,0.9032622618238006
BAJAJ-AUTO,2026-05-27,down,2,-6.900040189027001,-1.60617525187432
BAJAJ-AUTO,2026-07-22,down,3,7.172470978441137,3.6437132519222093
BAJAJ-AUTO,2026-07-23,down,4,2.5964367267100386,1.288499033253654
BAJAJ-AUTO,2026-07-28,down,1,4.112743141586228,0.4596644348639156
BAJAJ-AUTO,2026-07-29,up,1,3.3873618629607583,-1.129731038946613
BAJAJ-AUTO,2026-07-31,up,3,0.9520555391616448,-0.12649206275247016
BAJAJ-AUTO,2026-08-03,up,4,1.3053799166377056,0.8761198322451591
BAJAJ-AUTO,2026-09-01,down,2,-4.902527756928443,0.16693121367608033
BAJAJFINSV,2021-10-12,up,4,-3.8914101071463314,0.4271518598002899
BAJAJFINSV,2021-10-13,up,5,-5.242392938470686,-1.170736304943465
BAJAJFINSV,2021-10-18,up,7,-2.6530982815296977,1.7796743789206593
BAJAJFINSV,2021-10-19,down,1,-4.528926559121915,-0.6902634040204636
BAJAJFINSV,2022-01-17,up,1,-13.220901505352323,-0.2619596377341993
BAJAJFINSV,2022-01-18,down,1,-12.248897670752545,-1.5500204429439335
BAJAJFINSV,2022-03-30,up,3,-8.078524276454523,1.7106799559699848
BAJAJFINSV,2022-04-04,up,2,-14.724641840023144,-0.9576395479251043
BAJAJFINSV,2022-07-28,up,2,14.056782606428975,10.159703788517294
BAJAJFINSV,2022-08-08,up,2,8.759477304747975,0.29718313562083765
BAJAJFINSV,2022-08-10,up,3,7.489367130805746,1.6790430458455852
BAJAJFINSV,2022-08-11,up,4,6.906453001431911,0.11191810733286456
BAJAJFINSV,2022-08-17,up,7,8.305375700064953,5.172322482764646
BAJAJFINSV,2022-09-01,down,1,3.6006546377528537,2.715427024235151
BAJAJFINSV,2022-09-02,down,2,0.40570594110433955,-1.99930536523113
BAJAJFINSV,2022-09-13,up,4,-5.145049512088617,-1.3617817329714454
BAJAJFINSV,2023-04-27,up,4,4.073301157986586,0.6792050007137229
BAJAJFINSV,2023-05-05,down,1,3.758213148398193,-1.2555303456614597
BAJAJFINSV,2023-05-08,up,1,2.5896343247892695,0.7123600913563566
BAJAJFINSV,2023-05-09,up,2,1.3679793728011536,0.08082291181410461
BAJAJFINSV,2023-05-29,up,3,2.141585280441638,-0.10921341948889607
BAJAJFINSV,2023-06-16,up,1,8.672455417283565,1.5665607066460696
BAJAJFINSV,2023-06-19,down,1,7.022642562763748,1.354609866303802
BAJAJFINSV,2023-07-04,up,6,6.177408066622436,4.479850712917766
BAJAJFINSV,2023-07-20,up,6,-0.03311416345449514,-1.5107544065889544
BAJAJFINSV,2023-10-06,up,2,-2.4362786945223536,1.1379322378717749
BAJAJFINSV,2023-10-17,up,1,-5.044868838723227,0.3492817413683458
BAJAJFINSV,2023-11-28,up,1,1.7304062186369595,0.9097545999028123
BAJAJFINSV,2023-11-30,up,3,3.4437393316824494,0.3989063690556405
BAJAJFINSV,2023-12-01,up,4,2.526235778420949,0.6930331551850744
BAJAJFINSV,2023-12-04,up,5,1.9919648056657024,-0.04969539252254185
BAJAJFINSV,2023-12-07,down,1,0.4454603673031743,-1.0603918326425044
BAJAJFINSV,2023-12-14,up,2,-1.3343953088386318,0.3653398420816467
BAJAJFINSV,2024-04-09,down,1,-4.8646281618859195,0.3794190036889633
BAJAJFINSV,2024-08-30,up,12,6.378376243605621,0.8726134796706475
BAJAJFINSV,2024-09-02,up,13,5.103140620947411,2.6370794480344406
BAJAJFINSV,2024-09-06,down,3,0.2832832900536708,-1.5403353336849057
BAJAJFINSV,2024-09-16,up,1,0.019073142719605585,-2.9969468719540204
BAJAJFINSV,2024-09-26,up,6,-5.663041399112345,1.4552739602757825
BAJAJFINSV,2024-09-27,down,1,-12.000414153847249,0.6260011984275948
BAJAJFINSV,2025-01-21,down,1,1.2744076608828703,-1.5280330224596184
BAJAJFINSV,2025-01-23,up,2,0.5225131436975561,-0.497512437810943
BAJAJFINSV,2025-01-28,up,1,4.1930776468732445,0.11944530867042946
BAJAJFINSV,2025-01-29,up,2,2.908179357157059,1.558700731005347
BAJAJFINSV,2025-02-13,down,7,3.2231699585339335,0.9706034690055931
BAJAJFINSV,2025-02-14,down,8,3.370391035280851,-1.1524493084550058
BAJAJFINSV,2025-02-17,up,1,2.5899669568060224,0.8024785439386006
BAJAJFINSV,2025-02-18,down,1,0.906922861826498,-0.901022270969043
BAJAJFINSV,2025-02-27,down,7,-1.5191585136662522,-0.6404907186211894
BAJAJFINSV,2025-03-27,up,1,2.3849432729238007,0.3953941113441939
BAJAJFINSV,2025-03-28,down,1,0.6798000466534004,-1.1653143677585187
BAJAJFINSV,2025-04-17,up,4,1.9080373528834516,1.2470104813563365
BAJAJFINSV,2025-04-21,up,5,-1.5463448807190083,2.6392306920267616
BAJAJFINSV,2025-04-24,down,1,-4.494142190692552,-1.1409160591345224
BAJAJFINSV,2026-02-18,up,3,-13.072106676925577,0.13194368788662647
BAJAJFINSV,2026-07-02,up,2,3.9018458564130665,3.6598798076531436
BAJAJFINSV,2026-07-03,up,3,0.2880309073256315,0.7369156145127009
BAJAJFINSV,2026-07-28,down,1,5.156507855821801,0.5389718076285188
BAJAJFINSV,2026-07-31,up,3,3.9788205502052865,4.899666193454344
BAJAJFINSV,2026-08-03,up,4,-2.2026284580452193,1.3786036367503973
BAJAJFINSV,2026-08-05,up,1,-4.988123515439414,-2.151948097989842
BAJAJHFL,2025-03-21,up,5,-0.3147906321219418,
BAJAJHFL,2025-04-24,down,1,-7.962981398591551,
BAJAJHLDNG,2022-09-15,down,2,-7.483811145471265,-3.3599127649423965
BAJAJHLDNG,2024-07-22,down,2,-6.482727682147704,-0.7369409220191248
BAJAJHLDNG,2024-09-20,up,2,-2.571587731709002,1.938595560051648
BAJAJHLDNG,2024-12-30,down,1,-6.215194379650679,7.8260208848157875
BAJAJHLDNG,2025-03-28,down,1,-3.7702114427860534,-2.8373756218905366
BAJAJHLDNG,2025-06-06,up,3,-0.5819200336504737,0.740465634502474
BAJAJHLDNG,2025-06-27,up,4,-2.964052974563791,-1.8989559246023302
BAJAJHLDNG,2025-07-01,up,1,-3.114186851211065,-0.511284408407775
BAJFINANCE,2021-10-13,up,5,-5.518463233909299,0.05493346065414961
BAJFINANCE,2022-01-17,up,1,-10.790439957864262,-0.10615740624596581
BAJFINANCE,2022-01-19,down,2,-10.616832488654115,-4.693023241251259
BAJFINANCE,2022-03-31,down,1,-4.176307837392656,-1.106200764520926
BAJFINANCE,2022-04-04,up,2,-10.31418940482155,-0.6845253352216862
BAJFINANCE,2022-07-18,up,2,4.1560973441796545,0.38501101151113826
BAJFINANCE,2022-07-20,up,4,15.467686747897712,-0.8099761794125415
BAJFINANCE,2022-07-21,up,5,14.50163451308657,1.46677067044092
BAJFINANCE,2022-07-22,up,6,12.067875830546072,-1.1808535566582234
BAJFINANCE,2022-07-26,down,2,11.168179605313998,-1.3615220060112176
BAJFINANCE,2022-07-27,up,1,17.324623920521674,1.6581670489957956
BAJFINANCE,2022-07-28,up,2,16.490682357402253,11.041519511576814
BAJFINANCE,2022-07-29,up,3,5.3404315271230685,1.4771549671475315
BAJFINANCE,2022-08-01,up,4,3.1632501367345522,-1.2999712825335963
BAJFINANCE,2022-08-02,up,5,2.457619150847168,-0.2797264585502668
BAJFINANCE,2022-08-17,up,7,-2.3852047381522468,0.7398816082921034
BAJFINANCE,2022-09-20,up,2,-4.890890110665258,0.5554239385085147
BAJFINANCE,2022-09-22,down,2,-6.447079405815137,-0.7573663076022585
BAJFINANCE,2023-04-27,up,4,3.899770536586522,1.5202484547347295
BAJFINANCE,2023-04-28,up,5,1.6629420637884973,0.7044166781803529
BAJFINANCE,2023-05-02,up,6,0.9920298750215162,-1.4133562073477601
BAJFINANCE,2023-05-04,up,1,4.580764836921136,0.21403925251091138
BAJFINANCE,2023-05-05,down,1,4.406857231890426,-0.5682661971411096
BAJFINANCE,2023-05-08,up,1,3.613448753869153,2.619658004865233
BAJFINANCE,2023-05-09,up,2,-0.21067718603587915,-2.045394141833401
BAJFINANCE,2023-05-16,down,1,3.2732658322968566,0.018426386585601584
BAJFINANCE,2023-05-26,up,2,1.4110554428177435,0.46147615152889454
BAJFINANCE,2023-05-29,up,3,3.0504971950894078,-0.0949029717066674
BAJFINANCE,2023-05-30,up,4,2.2833715476220373,-0.026540402676455965
BAJFINANCE,2023-06-02,up,1,1.045649232071355,-0.31844947306625127
BAJFINANCE,2023-06-13,up,2,0.36918501609517484,0.07378549923233724
BAJFINANCE,2023-06-19,down,1,1.0793982148595394,1.6741859652121827
BAJFINANCE,2023-07-04,up,6,2.2943708767994897,5.972497301374546
BAJFINANCE,2023-07-05,up,7,-6.6140255237189916,-2.306651642552693
BAJFINANCE,2023-09-13,up,1,4.316193500442922,-0.27206741649163924
BAJFINANCE,2023-09-15,up,3,3.5843458191923583,-0.799524657102435
BAJFINANCE,2023-09-20,down,2,2.8524877525683,-0.9598333363586065
BAJFINANCE,2023-09-25,up,1,3.674122788283629,1.752253216894628
BAJFINANCE,2023-09-26,down,1,0.9944126014691967,-0.43286544741358846
BAJFINANCE,2023-10-03,down,1,2.885591727257819,1.07753436692557
BAJFINANCE,2023-10-04,down,2,1.9109821054912324,-1.2541832913340656
BAJFINANCE,2023-10-06,up,2,-7.177403537661798,0.23301735590317563
BAJFINANCE,2024-04-24,up,4,-8.533052955843756,-0.6317192966144636
BAJFINANCE,2024-06-14,up,4,-3.577673107903301,0.04584585604401337
BAJFINANCE,2024-06-18,up,5,-4.574145193195312,-0.9741022562729018
BAJFINANCE,2024-09-13,down,1,1.7846405174613,2.436877275819316
BAJFINANCE,2024-09-19,up,1,0.6478061328084594,-1.0805348258706382
BAJFINANCE,2025-01-23,up,2,1.118983990472655,-1.0525180102119558
BAJFINANCE,2025-01-28,up,1,11.428502060351953,1.2646695733855573
BAJFINANCE,2025-01-29,up,2,8.785499127264252,1.3513435909039195
BAJFINANCE,2025-01-30,up,3,7.665090993142543,1.265853546782325
BAJFINANCE,2025-02-03,down,2,0.7603402324934727,1.6051408350673757
BAJFINANCE,2025-02-04,up,1,0.08611242721032752,0.21816402057097672
BAJFINANCE,2025-02-05,down,1,2.0269650601344225,0.02109450309921712
BAJFINANCE,2025-02-06,down,2,0.854487673929305,-0.5403774054490218
BAJFINANCE,2025-02-27,down,7,4.0185355120792465,1.0891112728818708
BAJFINANCE,2025-03-21,up,5,1.4916407389719666,1.9337310174579958
BAJFINANCE,2025-03-25,up,7,-0.21369012469875104,-0.6388772440765078
BAJFINANCE,2025-04-15,up,2,-2.946778417496121,0.5364803528373985
BAJFINANCE,2025-04-22,up,6,-2.997094443409609,-0.8500159207151192
BAJFINANCE,2025-09-15,down,1,1.5725696544136358,-0.3737038448630825
BAJFINANCE,2025-09-24,down,4,0.27138324653566137,-1.3486270446430026
BAJFINANCE,2025-10-15,up,1,4.472365172271342,1.4025950164994416
BAJFINANCE,2025-10-16,up,2,2.4182965149850633,-1.1433916414224532
BAJFINANCE,2025-10-23,up,6,-6.939133533434749,-0.08634513383495301
BAJFINANCE,2026-02-13,down,2,-6.847996763391739,1.5928330198278884
BAJFINANCE,2026-02-23,up,2,-17.151652895687686,-1.4861950137789681
BAJFINANCE,2026-04-21,up,3,4.639789010614703,0.07863583171714428
BAJFINANCE,2026-04-30,down,1,3.1194243083224826,-1.3649457801955034
BAJFINANCE,2026-05-06,up,1,-4.9725705407258625,1.2629161882893314
BAJFINANCE,2026-05-07,down,1,-8.157383812644081,-1.8120778222707412
BAJFINANCE,2026-06-24,up,1,5.5986267528093325,1.385269598516481
BAJFINANCE,2026-06-25,up,2,0.5887130720699796,-2.359621168151005
BAJFINANCE,2026-06-30,down,2,4.519177627484017,-1.0120391774342319
BAJFINANCE,2026-07-01,up,1,3.966052921849106,-2.096914389798299
BAJFINANCE,2026-07-03,up,3,2.4709832055437086,0.8897260319126188
BAJFINANCE,2026-07-07,down,1,1.042575854816108,-1.9514953482326236
BAJFINANCE,2026-07-17,up,1,7.847118733463732,-0.11005136811245153
BAJFINANCE,2026-07-20,down,1,7.2765554534249155,0.019505683674236884
BAJFINANCE,2026-07-21,down,2,6.3521955047565415,-0.8423231171184598
BAJFINANCE,2026-07-31,up,3,1.4102954251300703,8.939667086990944
BAJFINANCE,2026-08-03,up,4,-6.935146240141021,0.5826274619088689
BALKRISIND,2023-06-14,up,3,1.2548939153032235,
BALKRISIND,2023-06-16,up,1,4.108654278559265,
BALKRISIND,2024-05-21,up,3,19.572299224008983,
BALKRISIND,2024-06-07,up,3,5.513639336006193,
BALKRISIND,2024-06-10,down,1,3.164238198387559,
BALKRISIND,2024-06-18,up,5,-3.396066790874308,
BALKRISIND,2024-07-31,up,4,-14.945164829963776,
BALKRISIND,2024-08-01,up,5,-15.576842434794925,
BALKRISIND,2025-07-17,down,1,-10.122718841268075,
BALKRISIND,2025-07-22,down,1,-13.652317840224914,
BALRAMCHIN,2022-01-06,down,1,2.629969521709019,
BALRAMCHIN,2022-01-13,up,5,-9.35607953535892,
BALRAMCHIN,2022-01-14,down,1,-1.5285675015417333,
BALRAMCHIN,2022-01-18,down,1,-2.3034411631540297,
BALRAMCHIN,2022-03-14,up,5,1.1733516834680158,
BALRAMCHIN,2022-03-21,down,1,-2.410277524317117,
BALRAMCHIN,2022-04-05,down,1,-10.552789529723771,
BALRAMCHIN,2022-04-06,down,2,-14.3892177745224,
BALRAMCHIN,2022-12-19,up,1,-4.717485387005094,
BALRAMCHIN,2022-12-21,down,2,-4.962837165948242,
BALRAMCHIN,2023-09-14,up,2,-0.32191981270118797,
BALRAMCHIN,2023-09-28,down,1,-6.418961920099164,
BALRAMCHIN,2024-06-14,up,4,-0.621493303886933,
BALRAMCHIN,2024-06-21,down,1,-2.0544978037039474,
BALRAMCHIN,2024-07-11,down,2,7.9755578561995,
BALRAMCHIN,2024-07-31,up,4,0.7719876865717623,
BALRAMCHIN,2024-08-08,down,1,15.005048182933356,
BALRAMCHIN,2024-08-12,down,1,13.658814598530622,
BALRAMCHIN,2024-08-13,down,2,12.277116586085812,
BALRAMCHIN,2024-08-16,up,2,8.606104389322521,
BALRAMCHIN,2024-08-19,up,3,9.577610621158229,
BALRAMCHIN,2024-08-20,up,4,5.824753269135652,
BALRAMCHIN,2024-08-22,up,6,1.085718418079007,
BALRAMCHIN,2024-08-28,up,10,-2.5626945401701073,
BALRAMCHIN,2024-08-30,up,12,0.04971334761443291,
BALRAMCHIN,2024-09-20,up,2,9.909293155798915,
BALRAMCHIN,2024-09-24,up,4,7.373482122285546,
BALRAMCHIN,2024-09-27,down,1,9.822282479769484,
BALRAMCHIN,2024-10-01,down,3,-8.13773348308221,
BALRAMCHIN,2026-08-20,up,1,4.816520727129503,
BANDHANBNK,2022-01-20,down,3,5.0952472382505,-3.0264085075087377
BANDHANBNK,2022-01-24,down,5,5.17453416432514,-1.7060446754083802
BANDHANBNK,2022-01-25,up,1,3.3418118411159714,2.349984449611875
BANDHANBNK,2022-02-03,down,1,-0.8469086313423357,-0.8317211206609998
BANDHANBNK,2022-04-01,up,1,5.834467917837061,1.851188680674598
BANDHANBNK,2022-04-04,up,2,3.2330626083588276,-0.0021652366975266624
BANDHANBNK,2022-04-12,down,2,1.4322309351679108,1.4925391537812915
BANDHANBNK,2022-04-21,up,2,-6.1584512225682175,-0.6748805268475655
BANDHANBNK,2022-04-26,up,1,-3.1899362619348115,-1.9607843137254832
BANDHANBNK,2022-09-15,down,2,-15.708908802394905,-2.350595202127015
BANDHANBNK,2022-12-13,up,2,-5.356566767893456,-1.0089874173390911
BANDHANBNK,2023-04-28,up,5,6.921532687440002,0.811730819586276
BANDHANBNK,2023-05-02,up,6,5.715996563300463,-0.3464935360219412
BANDHANBNK,2023-05-03,down,1,4.852083667683105,-0.7542956629821074
BANDHANBNK,2023-05-05,down,1,3.824996319793761,-2.5316361079487093
BANDHANBNK,2023-05-11,down,1,2.6662866542386254,0.5291491499043621
BANDHANBNK,2023-05-15,up,2,4.656988510374216,1.028218584428786
BANDHANBNK,2023-05-18,down,3,2.386913731446194,-1.0017821014255857
BANDHANBNK,2023-05-23,up,3,4.852295381989413,1.666453808330548
BANDHANBNK,2023-05-24,down,1,-1.6656104973758579,1.819214192075358
BANDHANBNK,2023-05-25,up,1,-6.213209924331686,0.07215829250695194
BANDHANBNK,2023-05-30,up,4,-7.570082767927255,-0.0858789434679319
BANDHANBNK,2023-06-01,down,2,-11.840715871457741,-0.7746266934900436
BANDHANBNK,2023-09-08,up,6,3.6596835105842107,1.9344433859736831
BANDHANBNK,2023-09-15,up,3,2.0128237543684424,0.9398594218157807
BANDHANBNK,2023-09-27,up,1,-10.126154151226451,0.7379378994522456
BANDHANBNK,2023-09-28,down,1,-12.676357737648559,-2.782258729694287
BANDHANBNK,2023-12-11,up,2,4.830769143948999,-1.7366468099555665
BANDHANBNK,2023-12-15,up,3,-5.4847961086541215,2.4016062041489095
BANDHANBNK,2024-01-03,down,2,-13.342236548416686,0.24768125400926877
BANDHANBNK,2024-01-04,up,1,-13.776073250926657,1.294801994839112
BANDHANBNK,2024-06-20,up,1,-5.580829494887185,2.5936951959641297
BANDHANBNK,2024-06-21,down,1,0.15714271683893166,-1.4225639138003343
BANDHANBNK,2024-07-04,up,2,-9.521827435810748,-2.847594842075596
BANDHANBNK,2025-04-03,down,1,3.3586191417400713,2.7648642035723148
BANDHANBNK,2025-04-16,up,3,5.836012848927741,-0.16980505385473244
BANDHANBNK,2025-04-21,up,5,-2.79300746147938,4.472949815230809
BANDHANBNK,2025-04-22,up,6,-1.4708258376887162,-0.24975109868506928
BANDHANBNK,2025-05-02,up,1,-3.42882169305202,-6.3312208503317535
BANDHANBNK,2025-05-19,down,2,8.440188989128794,-0.43346343317385294
BANDHANBNK,2025-06-02,down,2,-0.2964357716712662,-0.18153857648891547
BANDHANBNK,2025-06-09,up,4,5.0963381070136204,5.686963261629674
BANDHANBNK,2025-06-26,up,3,2.7758771964480733,0.2720591604827849
BANDHANBNK,2025-06-27,up,4,0.19898517492935586,-0.34214385523023694
BANDHANBNK,2025-06-30,down,1,-3.175134773462318,0.9581839275969228
BANDHANBNK,2026-02-06,up,1,7.950457555749746,0.25676854207061783
BANDHANBNK,2026-02-09,up,2,7.151731993450139,1.6050987015380658
BANDHANBNK,2026-02-10,up,3,4.998818805000549,1.9174462240210355
BANDHANBNK,2026-02-11,up,4,2.0821886712907522,-0.14086905651417014
BANDHANBNK,2026-02-18,up,3,5.615366186864734,0.46182920248967196
BANDHANBNK,2026-02-19,down,1,4.327379508667972,-2.3985723787789404
BANDHANBNK,2026-02-20,up,1,3.5576139927172568,-1.3463898882279501
BANDHANBNK,2026-02-24,down,1,5.904563318548539,2.746204208737013
BANDHANBNK,2026-02-25,up,1,-13.524147119376561,0.12072201435813223
BANDHANBNK,2026-02-26,up,2,-13.992503492606767,0.5067357234157299
BANDHANBNK,2026-04-21,up,3,2.188250614421383,-1.6718296715139247
BANDHANBNK,2026-04-27,up,1,10.645115149679407,0.24458641988762686
BANDHANBNK,2026-04-29,up,1,12.366236240494644,7.605510576091445
BANDHANBNK,2026-05-04,up,1,-4.133218242332138,0.46130198020732927
BANDHANBNK,2026-05-27,down,2,4.675696685193054,0.5967219269779722
BANDHANBNK,2026-05-29,down,3,-0.5787341853247807,0.333827615528115
BANDHANBNK,2026-06-15,up,2,-3.467383506896715,0.28849091659961523
BANDHANBNK,2026-06-16,up,3,-9.246921131106712,0.8357324062204352
BANKBARODA,2021-10-08,up,2,7.910331491876321,4.025320666792309
BANKBARODA,2021-10-11,up,3,4.147430960661613,-2.120448995460089
BANKBARODA,2021-10-18,up,7,16.54587936190486,4.2459577911339474
BANKBARODA,2021-10-19,down,1,12.432491580470817,-5.179984064574339
BANKBARODA,2021-10-21,down,3,10.773843980469433,0.8655305154532167
BANKBARODA,2021-10-22,down,4,9.618746564224079,-0.9125400313494181
BANKBARODA,2021-10-25,up,1,7.930572875616382,-1.008305487109562
BANKBARODA,2021-10-26,up,2,4.914553722034221,0.1976192877493954
BANKBARODA,2021-11-03,down,2,1.3247032556532368,-1.8401980707344112
BANKBARODA,2021-11-08,up,2,-18.23346015118782,1.2665455674889525
BANKBARODA,2021-11-09,down,1,-18.125536045144464,-1.5262021269087378
BANKBARODA,2021-11-10,down,2,-18.22603309743982,-5.045661650680255
BANKBARODA,2022-01-18,down,1,3.4951989516146087,-3.0717552965842776
BANKBARODA,2022-01-20,down,3,1.7228352889709475,-1.2720517928030972
BANKBARODA,2022-01-25,up,1,9.197601734915196,-1.0077816047965094
BANKBARODA,2022-01-27,down,1,5.49060133999657,4.243077636286663
BANKBARODA,2022-01-28,down,2,0.7941049312295334,-0.5453530919994121
BANKBARODA,2022-01-31,up,1,-3.0668254969284936,1.4645070180749897
BANKBARODA,2022-02-01,up,2,-4.765840043714764,-1.9202906408358422
BANKBARODA,2022-02-02,up,3,-5.550020161585967,-0.6795888554049223
BANKBARODA,2022-02-03,down,1,-6.321385023034853,-0.8586774905521177
BANKBARODA,2022-02-07,down,3,-7.744567079477238,1.3698250885743946
BANKBARODA,2022-02-08,up,1,-12.46837386554378,0.606186716255297
BANKBARODA,2022-03-28,up,1,5.121022189526703,1.94926720967028
BANKBARODA,2022-03-30,up,3,2.0538347739675222,-0.6734646404937372
BANKBARODA,2022-04-01,up,1,3.7872877535352734,0.5845068119045616
BANKBARODA,2022-04-04,up,2,2.4944008087729674,-0.4975124378109319
BANKBARODA,2022-04-05,down,1,-1.6030982283095518,-1.6456167658469134
BANKBARODA,2022-04-06,down,2,-4.676867687302089,1.1911169868901395
BANKBARODA,2022-04-07,down,3,-7.2434414575662025,-1.4435831800078125
BANKBARODA,2022-07-19,up,3,9.63283131852053,2.384004815958396
BANKBARODA,2022-07-20,up,4,7.207326200854158,-1.8623722553231858
BANKBARODA,2022-07-22,up,6,5.8953470202189,0.6331936515184822
BANKBARODA,2022-07-27,up,1,3.6306903555913816,1.204839765155663
BANKBARODA,2022-07-28,up,2,2.016234616391732,-0.7488897003469219
BANKBARODA,2022-08-02,up,5,4.525352485618539,0.872360389862159
BANKBARODA,2022-08-11,up,4,5.381633211074099,-0.9404640401170061
BANKBARODA,2022-08-16,up,6,4.703669196562488,-2.177891003278609
BANKBARODA,2022-08-17,up,7,3.951306226167084,-0.1797388102370956
BANKBARODA,2022-08-25,down,1,2.518906337223825,-0.8892545148274311
BANKBARODA,2022-08-26,up,1,1.717977381464264,-3.568094642601205
BANKBARODA,2022-08-30,up,1,6.261439114316247,-0.4975124378109319
BANKBARODA,2022-09-01,down,1,4.8451594941493425,2.0411959750856967
BANKBARODA,2022-09-02,down,2,2.8477335361307254,-2.4303257600352346
BANKBARODA,2022-09-06,down,1,2.1229187677257455,-1.530927796904502
BANKBARODA,2022-09-08,up,1,-2.700519542508839,2.4398303684529443
BANKBARODA,2022-09-09,up,2,-0.07062234872046158,-1.1022869680332947
BANKBARODA,2022-09-19,up,1,-9.090430451133502,0.23901482912540573
BANKBARODA,2022-11-07,up,2,9.990233075950371,4.6152655005264
BANKBARODA,2022-11-09,down,1,2.3656431461858363,2.2117098482216546
BANKBARODA,2022-11-10,down,2,-0.6464682575148095,0.0685178587554569
BANKBARODA,2022-11-23,up,2,1.2414213853179756,-0.29120343873106913
BANKBARODA,2022-11-24,up,3,0.3202326181383386,-0.14705409072667264
BANKBARODA,2022-12-02,down,1,0.4819544306738477,-0.727972127522547
BANKBARODA,2022-12-06,down,1,7.4969485427953675,-0.15488919619084385
BANKBARODA,2022-12-08,up,1,-4.91296548100194,6.30848387851457
BANKBARODA,2022-12-09,down,1,-2.4413292920175023,-0.9703299371606411
BANKBARODA,2023-01-03,up,2,-6.016624566544326,-1.1840943029459594
BANKBARODA,2023-04-17,down,1,3.107237402907481,1.4193015492369288
BANKBARODA,2023-04-18,down,2,1.4159934703163124,0.40295739464950575
BANKBARODA,2023-04-24,up,1,4.279054849399033,0.25230040115327146
BANKBARODA,2023-04-25,up,2,3.4704609472955505,1.3211444830564911
BANKBARODA,2023-04-27,up,4,-2.1384040070446253,-0.013310484547268686
BANKBARODA,2023-04-28,up,5,-3.145560877463316,1.1073663938372835
BANKBARODA,2023-06-19,down,1,4.736698494363734,2.5798873947914913
BANKBARODA,2023-06-20,up,1,1.646723967928132,-0.24224694094530097
BANKBARODA,2023-06-21,up,2,0.6653738503073381,0.3114462342331592
BANKBARODA,2023-07-03,up,5,4.739458981909106,0.5799478374626466
BANKBARODA,2023-07-04,up,6,4.110237299111463,0.9221756566432537
BANKBARODA,2023-07-05,up,7,1.5926732317232517,-0.3759901014093514
BANKBARODA,2023-07-07,down,1,-2.8171372062733124,1.363027609713341
BANKBARODA,2023-09-14,up,2,3.2555101172957013,0.7851632206986592
BANKBARODA,2023-09-18,down,1,-3.2977701015953764,1.2526486020543404
BANKBARODA,2023-12-13,up,1,6.258122505997066,2.594049316135094
BANKBARODA,2023-12-14,up,2,3.68101391083111,-0.8326881293330257
BANKBARODA,2023-12-15,up,3,2.87244983204753,-0.4753402980117949
BANKBARODA,2023-12-18,down,1,1.9636825828833526,-1.0249094547548854
BANKBARODA,2023-12-27,up,4,-2.2317605870429857,1.4535167300751217
BANKBARODA,2023-12-28,up,5,-3.072872238490032,-0.774201248935813
BANKBARODA,2024-01-04,up,1,-1.5482250836629796,0.4481289434559166
BANKBARODA,2024-01-31,up,1,8.163804178284995,2.622205102737185
BANKBARODA,2024-02-01,down,1,4.875621890547266,3.203975240982593
BANKBARODA,2024-02-02,up,1,1.8407622041695548,-0.42022102346260803
BANKBARODA,2024-02-05,down,1,0.45557652351271294,-1.6412191913993013
BANKBARODA,2024-02-09,up,1,1.5114855410447658,0.8670954194799796
BANKBARODA,2024-02-14,up,2,5.139967418810687,0.43276514103511854
BANKBARODA,2024-02-15,up,3,3.4495419581061615,1.375045842197009
BANKBARODA,2024-02-16,up,4,-0.1023740131416484,-0.9824545516157857
BANKBARODA,2024-03-06,up,1,-5.256865481063233,0.3549072232171824
BANKBARODA,2024-11-06,up,2,-5.702260276890758,0.650593187906634
BANKBARODA,2024-11-07,down,1,-7.12724119474244,-0.9874822075112144
BANKBARODA,2025-04-03,down,1,2.4992655061091718,1.6947322836020629
BANKBARODA,2025-04-04,down,2,0.45787552223488515,-8.21573474347339
BANKBARODA,2025-04-17,up,4,-8.064691379401268,-0.22652123878298402
BANKBARODA,2025-04-21,up,5,-5.345141809712151,2.080839675142787
BANKBARODA,2025-04-22,up,6,-7.277888232159024,0.752971322116136
BANKBARODA,2025-04-29,up,2,-6.677741502128076,-2.5395406380521957
BANKBARODA,2025-06-03,down,3,-7.653922650467171,-1.0023067304483657
BANKBARODA,2025-09-30,down,8,4.487239703621659,0.0028822206063594535
BANKBARODA,2025-10-03,up,2,3.46658772804469,1.675118936469211
BANKBARODA,2025-10-06,up,3,1.789903305483076,-0.23502923544990173
BANKBARODA,2025-10-27,up,1,6.097125394265723,-0.023869024006528683
BANKBARODA,2025-11-03,up,1,3.9874542029186832,3.1542868357480325
BANKBARODA,2025-12-01,down,2,-0.8180026019127262,0.19405859602694697
BANKBARODA,2026-01-02,up,3,-0.7931599561188718,1.4406324322168818
BANKINDIA,2022-11-21,down,3,15.341139339236886,0.2688718951692648
BANKINDIA,2022-11-22,up,1,14.605545352665562,2.8023129550182713
BANKINDIA,2022-11-24,up,3,10.926850994113146,0.7923383720383592
BANKINDIA,2022-11-25,up,4,7.928827994272258,-2.2305851502155027
BANKINDIA,2022-11-29,up,6,6.206561378032127,-0.9679751750626076
BANKINDIA,2022-12-05,up,1,16.337798192632857,1.5923917354366157
BANKINDIA,2022-12-06,down,1,13.94455942941546,4.278603494802802
BANKINDIA,2022-12-08,up,1,-9.486181226018086,6.400775863421604
BANKINDIA,2022-12-09,down,1,-13.230288614986874,-6.986803800315355
BANKINDIA,2022-12-15,down,1,-8.954499246726233,-8.664542463714797
BANKINDIA,2023-01-13,up,1,-18.014097767287417,0.12437652790329157
BANKINDIA,2023-01-16,down,1,-19.98769041390982,1.4515069250437662
BANKINDIA,2023-07-24,down,2,5.128064431780555,-0.6147102793732762
BANKINDIA,2023-07-31,up,1,2.2119972455451498,-0.9010637324831539
BANKINDIA,2023-08-01,down,1,2.654928013520119,-1.9877605131618847
BANKINDIA,2023-08-11,down,2,0.7420411375780089,-2.0751299870895856
BANKINDIA,2023-08-16,up,2,2.8614570790407745,-1.4336160795098252
BANKINDIA,2023-08-18,down,2,2.182878526383747,0.0495051042501915
BANKINDIA,2023-09-05,up,3,8.031275547272232,2.5641059009980927
BANKINDIA,2023-09-11,up,7,18.771226462142,5.398929662924634
BANKINDIA,2023-09-12,down,1,13.143964172987843,-1.2999472867257444
BANKINDIA,2023-09-13,up,1,10.362647369444321,2.8290226624050563
BANKINDIA,2023-09-14,up,2,7.354190081811884,2.452822814320399
BANKINDIA,2023-09-15,up,3,3.541335264583756,-3.113581937180754
BANKINDIA,2023-09-18,down,1,2.5480238796176335,-0.5884224168416163
BANKINDIA,2023-12-04,up,5,6.437093087004797,1.1905154852505317
BANKINDIA,2023-12-06,up,7,5.232762036462524,4.832977967306329
BANKINDIA,2023-12-11,up,2,-3.7371270279646818,0.8908956493464348
BANKINDIA,2023-12-12,down,1,-3.6484270744260305,-9.991705595557377
BANKINDIA,2024-01-03,down,2,4.693921695868486,0.6273009316528855
BANKINDIA,2024-01-12,up,4,18.19984398585501,5.5994474336716005
BANKINDIA,2024-01-15,up,5,11.204153770107684,0.11433054209206706
BANKINDIA,2024-01-16,down,1,8.61607669442388,-1.8421429586286675
BANKINDIA,2024-01-23,down,1,5.295936877021101,-4.552920328116771
BANKINDIA,2024-01-31,up,1,-8.67093105899075,-0.6751954513148473
BANKINDIA,2024-02-01,down,1,-9.575175363149757,3.0913370373428783
BANKINDIA,2024-02-02,up,1,-6.861037520943114,0.11502621915056022
BANKINDIA,2025-04-03,down,1,2.5026561472923925,1.8546886991892553
BANKINDIA,2025-04-21,up,5,-5.205250846985187,1.6079146945872536
BANKINDIA,2025-05-30,down,1,5.950808342158331,0.6004204200928953
BANKINDIA,2025-06-02,down,2,4.939779460814897,2.253595713442458
BANKINDIA,2025-06-03,down,3,2.2787449253633962,-1.177736586929401
BANKINDIA,2025-06-09,up,4,-7.4453572322026655,1.5634264250735885
BANKINDIA,2025-10-07,up,4,2.1149746753336363,-0.34013044114056257
BANKINDIA,2025-10-20,up,4,4.175916073852082,0.34801360478262655
BANKINDIA,2025-10-21,up,5,6.565684404542593,-0.07799022165931868
BANKINDIA,2025-10-23,up,6,5.722812568310642,2.166170339737783
BANKINDIA,2025-10-27,up,1,5.315294225053058,1.7678812900297602
BANKINDIA,2025-10-28,down,1,2.0650595630623103,0.05312126574288367
BANKINDIA,2025-11-07,down,3,2.147462304691361,1.0436557825832304
BANKINDIA,2025-11-10,up,1,1.123318066496437,0.23048583893703345
BANKINDIA,2025-11-12,up,3,-4.838448540950058,-0.42968110667112036
BANKINDIA,2025-11-17,up,6,-6.994128785047105,-0.7600693296681338
BANKINDIA,2025-11-26,up,1,-5.862222491908387,-0.9550729706169547
BANKINDIA,2026-01-16,up,1,7.7161533735644605,2.0073706039061445
BANKINDIA,2026-01-19,down,1,5.084424454179959,2.95647107598358
BANKINDIA,2026-01-20,down,2,0.7618605750636442,-3.1252381360823756
BANKINDIA,2026-01-22,up,1,1.3561610666459778,0.002017266153542252
BANKINDIA,2026-01-29,up,3,-0.4915979685965577,-3.097336391651262
BANKINDIA,2026-02-18,up,3,-4.9256644324294,0.2763968642487624
BANKINDIA,2026-02-23,up,2,-13.158331980190773,-0.18199400149162548
BANKINDIA,2026-02-24,down,1,-13.155355331679608,0.1462059910889879
BATAINDIA,2021-10-12,up,4,0.09508265852140596,
BATAINDIA,2021-10-14,up,6,0.5900532012915294,
BATAINDIA,2021-10-18,up,7,1.4088447691018136,
BATAINDIA,2021-10-20,down,2,-2.692961689545381,
BATAINDIA,2021-11-08,up,2,6.813074619979087,
BATAINDIA,2021-11-09,down,1,3.186398132882129,
BATAINDIA,2021-11-15,up,2,-17.050743786188548,
BATAINDIA,2022-01-21,down,4,-12.940434878820973,
BATAINDIA,2022-01-28,down,2,-8.081227614225739,
BATAINDIA,2022-01-31,up,1,-10.09806143116122,
BBTC,2024-06-28,down,1,17.19050893564895,
BBTC,2024-07-09,up,1,4.636668122950738,
BDL,2022-04-08,up,1,35.36579409081575,13.79399899495315
BDL,2022-04-11,down,1,15.091588332387197,2.9405662701682544
BDL,2022-04-12,down,2,9.550722883296059,-1.9512690704465707
BDL,2022-04-18,down,4,-13.067851188227186,10.206319917881679
BDL,2022-04-19,down,5,-27.162831140008382,-5.450124940906321
BDL,2022-06-01,down,2,-10.750137263705927,-0.3628466136817332
BDL,2022-08-11,up,4,-5.886905319147118,0.4205507784780682
BDL,2022-09-16,down,3,-8.096695938786603,4.85645543759019
BDL,2023-06-21,up,2,-1.0917988278191348,-4.111404237890448
BDL,2023-07-31,up,1,-6.0258797586921204,1.0515810087996957
BDL,2023-12-04,up,5,23.610218606399357,-0.008483267810011075
BDL,2023-12-06,up,7,20.003295823720514,0.8718200144290478
BDL,2023-12-07,down,1,16.690321399139286,-0.3487202658581934
BDL,2023-12-08,up,1,15.863986482187165,0.38893711878240644
BDL,2023-12-12,down,1,9.47457422922826,-1.6393232035575522
BDL,2023-12-26,up,3,8.742895311556275,5.915977060878341
BDL,2023-12-27,up,4,0.8968345640525621,0.6634809958884658
BDL,2024-01-15,up,5,-0.7407560734205565,-0.2429580352925398
BDL,2024-01-16,down,1,6.950709762726404,-3.139616833170411
BDL,2024-02-02,up,1,6.53461300052518,-1.410993854614595
BDL,2024-02-08,down,1,2.560965663485848,4.385180590388216
BDL,2024-02-27,up,1,-16.022166971341978,-1.6149315335387104
BDL,2024-04-16,down,3,5.5159809217457,2.056579458819763
BDL,2024-04-18,down,4,2.8780813987020704,-4.830685283261104
BDL,2024-04-23,up,3,-3.5173733466209556,1.7159962897377534
BDL,2024-04-24,up,4,-6.166386163982773,5.273859963228333
BDL,2024-04-25,up,5,-1.1708197910496376,-1.0562177568291475
BDL,2024-05-22,up,4,5.221234161249355,-1.3932625249409414
BDL,2024-05-23,up,5,8.380994241397332,4.299714935974874
BDL,2024-05-24,down,1,6.48582973086731,6.297451215861205
BDL,2024-07-03,up,1,-7.1892267174502145,-1.5747854833325858
BDL,2024-07-04,up,2,-16.13874651607755,0.574133381780273
BDL,2024-07-05,up,3,-14.749867247671977,1.0138838651132298
BDL,2024-12-13,up,1,-11.221729580187423,2.026304533436596
BDL,2024-12-16,down,1,-7.540727733879605,0.7004175659691914
BDL,2025-04-03,down,1,1.6588245853278005,-2.4620932061454437
BDL,2025-04-15,up,2,6.821539849959413,1.3960260533419033
BDL,2025-04-16,up,3,4.530351774695451,-1.7140480514828527
BDL,2025-04-21,up,5,2.5020428005502637,-1.4284088910954562
BDL,2025-04-28,up,1,19.041774086545015,2.2285831118380672
BDL,2025-04-29,up,2,3.149904047511365,1.6328967221987067
BDL,2025-05-05,up,2,11.12595279178754,-0.43389192146683353
BDL,2025-05-09,down,2,10.279816095403383,0.8157214453194062
BDL,2025-05-12,up,1,23.18345423889565,-2.0633494337676805
BDL,2025-05-13,down,1,22.17793173351026,8.952135250088865
BDL,2025-05-14,up,1,9.475224128738379,-0.5031326748144771
BDL,2025-05-16,down,1,5.660939613035332,2.6773417664793353
BDL,2025-05-23,up,1,0.6060176919366889,-1.965462892188985
BDL,2025-05-27,down,1,-3.2721975203622966,-5.371001194947745
BDL,2025-05-30,down,1,-4.969253656397887,0.6266683154651176
BDL,2026-01-09,down,5,-0.4277499893723724,-3.313442585221771
BDL,2026-04-23,down,2,4.2647324013925125,1.8693891196255752
BDL,2026-04-24,down,3,2.0700709330315314,-2.230109899040622
BDL,2026-05-07,down,1,-17.37733637384521,1.1006214952922644
BEL,2021-09-28,down,1,2.5484843955878134,-0.40305362293159286
BEL,2021-10-18,up,7,2.688240764780292,1.9441237722978455
BEL,2022-01-14,down,1,-8.196966609103429,0.84251755212843
BEL,2022-04-11,down,1,4.740541948507659,0.2214393378157986
BEL,2022-04-13,down,3,-9.59785998497611,-1.3794802833226982
BEL,2022-04-18,down,4,-11.372203537419178,1.3911492583867924
BEL,2022-04-19,down,5,-14.97836708289515,-1.8951336528612583
BEL,2022-07-28,up,2,3.056143386012078,-0.6425575817196938
BEL,2022-08-01,up,4,7.246353803771788,2.736587809392499
BEL,2022-08-11,up,4,3.005608122290493,-0.6010514293349756
BEL,2022-08-16,up,6,1.6134033374947565,0.5238989239660263
BEL,2022-08-23,up,1,2.749694754321519,0.9494304251942198
BEL,2022-08-26,up,1,5.752389826220594,-0.19990236927471816
BEL,2022-08-29,down,1,3.3481510155533467,0.6012464355334757
BEL,2022-09-01,down,1,8.021701772201627,2.421995976155422
BEL,2022-09-02,down,2,5.007999963322574,1.6891835570579161
BEL,2022-09-06,down,1,2.173388659327302,-1.4934413092394627
BEL,2022-09-12,up,3,-11.959077695511212,1.4996951885420273
BEL,2022-09-13,up,4,-10.351122505934917,-1.9030789533202253
BEL,2022-09-15,down,2,-7.153345012421674,-2.6967069064085303
BEL,2022-11-01,up,4,-2.593256689665324,-1.1353461336218729
BEL,2022-11-03,down,2,-3.4267070040022274,-0.3172570611814418
BEL,2023-04-18,down,2,3.9497945302599646,0.6754018827950015
BEL,2023-05-02,up,6,5.826187858105336,-0.2100685248137668
BEL,2023-05-03,down,1,4.567550971871648,1.2539571419591278
BEL,2023-05-04,up,1,3.144524944290761,-0.030583837565600902
BEL,2023-05-22,up,2,4.851597616363668,0.5904391012973464
BEL,2023-05-30,up,4,2.929002900550315,-1.6100178587200475
BEL,2023-06-01,down,2,2.197717534078625,0.20943511801465586
BEL,2023-06-05,up,2,5.507702434191253,1.9133407850614903
BEL,2023-06-09,down,2,4.686648227971246,1.1329879578930724
BEL,2023-06-12,up,1,2.574816403145941,-1.7674046083383743
BEL,2023-06-16,up,1,-1.2202920143391305,1.4700484005071512
BEL,2023-07-11,up,2,2.447509956393512,0.7590352437136794
BEL,2023-08-01,down,1,-0.4975124378109208,-1.4419172391384238
BEL,2023-09-04,up,2,3.0253424865316125,1.5874452040127718
BEL,2023-09-08,up,6,-2.6993651484139125,0.9004852200161118
BEL,2023-09-11,up,7,-4.255573713540284,-0.29064445932972527
BEL,2023-11-17,down,1,-0.15534430940979949,0.18682381899131073
BEL,2023-12-01,up,4,8.723846595652507,3.0622017679913904
BEL,2023-12-04,up,5,6.155849394211987,1.7533714179928106
BEL,2023-12-07,down,1,6.799338578067005,1.9347744474551787
BEL,2023-12-11,up,2,3.608840121141843,-0.43622917689505325
BEL,2023-12-15,up,3,10.158056805180316,3.982668720085969
BEL,2023-12-18,down,1,6.371783977107692,1.0809624010700292
BEL,2023-12-20,down,1,3.810079942025535,-5.860601936109622
BEL,2023-12-26,up,3,5.485048191397235,3.848311937168969
BEL,2024-01-01,up,1,0.41584570465977855,-0.06769443014924548
BEL,2024-01-05,up,2,0.03274330851794627,-0.9747393730827003
BEL,2024-01-15,up,5,-4.163253266189571,-0.36565119903348986
BEL,2024-01-19,up,1,-7.636583911707884,2.1175332274239844
BEL,2024-01-23,down,1,-6.713202719167621,-4.041996524961289
BEL,2024-02-27,up,1,0.7522801949266356,-0.8820645813241934
BEL,2024-03-04,up,3,-5.044158657315245,0.45466447665976073
BEL,2024-03-07,up,2,2.877425736813022,0.7593596686705562
BEL,2024-04-09,down,1,3.0687298478913494,0.8233170431030779
BEL,2024-04-10,up,1,0.7848534895170012,0.5457679793555492
BEL,2024-04-12,down,1,-2.8264355970520016,-1.7153895665800722
BEL,2024-04-15,down,2,-2.103749684667533,-1.7233264314266528
BEL,2024-04-26,down,1,2.880719830496936,-0.4560654990179658
BEL,2024-05-17,up,2,32.11027939323565,17.33001658374793
BEL,2024-05-21,up,3,27.003676465233227,10.40332356729332
BEL,2024-05-22,up,4,12.036986057867693,0.6627596269425995
BEL,2024-05-23,up,5,11.446281386209357,0.7265954935341101
BEL,2024-05-24,down,1,8.102517470123981,2.369167649213022
BEL,2024-05-27,down,2,5.723466821145018,-1.8910057166420025
BEL,2024-06-03,up,2,4.441508547974649,2.3904184350921787
BEL,2024-07-04,up,2,-3.3837072554432357,0.1964284156393603
BEL,2024-07-05,up,3,-4.3089145190940865,2.610967831808386
BEL,2024-07-08,down,1,-3.146440994058286,2.9126133790617903
BEL,2024-07-09,up,1,-6.3497286402868784,0.7470131059148954
BEL,2025-03-19,up,3,-2.516802983228228,2.6393609804228557
BEL,2025-03-20,up,4,-0.25638149526031606,2.22277127031012
BEL,2025-03-21,up,5,-1.8942471780116321,-0.7915640036167848
BEL,2025-03-24,up,6,-2.4313667884879986,0.49420670732716054
BEL,2025-04-29,up,2,7.663427371111187,2.2922809572136105
BEL,2025-05-12,up,1,12.52006211964427,0.08998651433240745
BEL,2025-05-13,down,1,11.412168050971117,3.788748564867994
BEL,2025-05-14,up,1,7.206379323658374,2.0802722140592422
BEL,2025-05-15,up,2,10.142926983579237,1.1129342028342926
BEL,2025-05-16,down,1,8.573939419710586,5.710760696938233
BEL,2025-05-19,down,2,2.6793839768924688,-0.9666741139455537
BEL,2025-05-21,up,1,5.869579517801737,2.0333406594870596
BEL,2025-05-22,down,1,3.001533155953151,0.8632275153195312
BEL,2025-05-23,up,1,2.2425027793120833,-0.9734793655550522
BEL,2025-05-28,down,2,1.4164877376149354,-0.07643395683458731
BEL,2025-06-06,up,3,0.1831434683561728,-0.6739830579511219
BEL,2025-06-10,up,5,5.532558305381796,-0.14649096085589397
BEL,2025-06-16,up,1,4.219474359848707,0.4805465343330928
BEL,2025-06-17,down,1,3.5367031090491663,-1.1985821457645263
BEL,2025-06-20,up,1,5.545890180996871,0.3571101547477529
BEL,2025-06-23,down,1,4.90231767989322,3.482585583420561
BEL,2025-06-24,up,1,-0.709519144214743,-0.9921995453273214
BEL,2025-07-01,up,1,-5.956733074716524,0.5640001150096552
BEL,2026-01-28,up,2,5.474758499953092,7.017886402128659
BEL,2026-02-03,up,1,-2.8137985257285947,-4.999594857848743
BEL,2026-02-18,up,3,0.5210967618863194,-0.8628812926737006
BEL,2026-03-06,down,1,-13.767345089142925,-0.05093018963545637
BELRISE,2025-07-08,up,3,9.769962956856592,
BELRISE,2025-07-09,down,1,7.312423564570225,
BELRISE,2025-07-10,down,2,4.317533487764957,
BELRISE,2025-07-11,down,3,3.680424726709819,
BELRISE,2025-07-16,up,2,8.031986736753138,
BELRISE,2025-07-18,down,2,5.141237980321844,
BELRISE,2025-07-22,down,1,8.943236317811643,
BELRISE,2025-07-23,up,1,7.126101059191359,
BELRISE,2025-07-24,down,1,4.598780298610783,
BELRISE,2025-07-30,up,2,15.218516330077625,
BELRISE,2025-07-31,down,1,14.361235663689964,
BELRISE,2025-08-01,down,2,9.786781251388167,
BELRISE,2025-08-04,up,1,7.483562064296101,
BELRISE,2025-08-05,down,1,6.885598393639647,
BELRISE,2025-08-19,up,4,-2.8759222859806144,
BELRISE,2025-09-10,up,6,-1.0598616855254317,
BELRISE,2025-09-15,down,1,5.141641847837675,
BELRISE,2025-09-19,down,1,-3.820395423220402,
BELRISE,2025-09-23,down,3,-6.129134277589099,
BELRISE,2025-11-28,down,1,-4.374386735677183,
BELRISE,2026-01-02,up,3,-15.577691438207674,
BELRISE,2026-03-06,down,1,-2.802159655863612,
BELRISE,2026-04-10,up,1,8.157840596537413,
BELRISE,2026-04-15,up,1,5.757092746977888,
BELRISE,2026-04-16,down,1,5.023572246029362,
BELRISE,2026-04-17,up,1,1.9421452485587798,
BELRISE,2026-04-20,up,2,-5.601379037253407,
BELRISE,2026-05-07,down,1,-3.838246555026037,
BELRISE,2026-06-09,up,1,6.0736561073095,
BELRISE,2026-06-15,up,2,-6.471867700921252,
BELRISE,2026-06-17,up,4,-5.908475663874569,
BELRISE,2026-06-22,up,1,-5.869678252100452,
BELRISE,2026-06-25,up,2,-9.539203700458199,
BELRISE,2026-08-07,down,1,5.9265813918252475,
BELRISE,2026-08-10,up,1,4.01990292677239,
BELRISE,2026-08-12,down,2,-9.54635259836849,
BEML,2021-12-07,up,1,-21.80378538127966,
BEML,2023-08-02,down,2,4.645624872369147,
BEML,2023-08-23,up,3,14.741350746560023,
BEML,2023-08-29,up,2,16.887874186827045,
BEML,2023-08-31,down,1,3.583205608070217,
BEML,2023-09-01,up,1,1.8261729291167539,
BEML,2023-09-08,up,6,-9.813550454117914,
BEML,2023-09-11,up,7,-12.6011821196652,
BEML,2023-12-19,up,1,17.12350793560715,
BEML,2023-12-22,up,2,11.427166818508727,
BEML,2023-12-26,up,3,9.232207755548494,
BEML,2023-12-27,up,4,-0.8390956996387033,
BEML,2024-01-05,up,2,19.848289417111985,
BEML,2024-01-08,down,1,11.121657214721314,
BEML,2024-01-29,up,1,16.202292674995977,
BEML,2024-01-30,down,1,14.932322263247366,
BEML,2024-01-31,up,1,-9.762609553169256,
BEML,2024-02-01,down,1,-11.745563296770722,
BEML,2024-02-02,up,1,-21.71438527208316,
BEML,2024-04-08,up,1,5.987062687458411,
BEML,2024-04-10,up,1,2.8899563764427816,
BEML,2024-04-24,up,4,3.698112526498565,
BEML,2024-06-03,up,2,-1.6414489626120021,
BEML,2024-07-04,up,2,-1.947227959861153,
BEML,2024-07-05,up,3,-3.209792170176695,
BEML,2024-12-06,down,1,-8.374166701818474,
BEML,2024-12-11,up,1,-6.4411754343363885,
BEML,2025-04-29,up,2,2.757469707445104,
BEML,2025-05-13,down,1,10.851234609156979,
BEML,2025-05-14,up,1,8.173287754353709,
BEML,2025-05-16,down,1,22.29776434634696,
BEML,2025-05-19,down,2,15.5637403293174,
BEML,2025-05-26,up,2,13.2002326032177,
BEML,2025-05-27,down,1,-0.5361365617687741,
BEML,2025-06-04,up,1,-0.5221184826239678,
BEML,2025-06-06,up,3,-2.352982265088066,
BEML,2025-06-20,up,1,-3.548575739299764,
BEML,2025-06-23,down,1,-3.3068311003394357,
BEML,2025-07-09,down,1,-14.100814987228194,
BEML,2025-07-10,down,2,-15.880576813438129,
BEML,2026-09-02,down,3,-3.4208313374008203,
BEML,2026-09-03,down,4,-3.2136914354476076,
BEML,2026-09-04,up,1,-5.167939040964431,
BERGEPAINT,2024-09-05,down,2,2.5730397221565227,
BERGEPAINT,2024-09-10,up,2,1.9119319787940459,
BERGEPAINT,2024-09-11,down,1,-2.4980138280242925,
BERGEPAINT,2024-09-12,up,1,-7.74873446930896,
BHARATFORG,2022-08-01,up,4,5.89477021720104,0.1055329413538475
BHARATFORG,2022-08-02,up,5,4.529201821697093,-1.2184507029576852
BHARATFORG,2022-08-12,up,5,2.145714293449408,4.808669831836743
BHARATFORG,2022-09-05,up,1,-6.3330907990525205,-0.3616523632851587
BHARATFORG,2022-09-09,up,2,-12.94086570803038,0.6244862704872789
BHARATFORG,2022-09-12,up,3,-13.78124993869374,-0.9432318273576712
BHARATFORG,2022-10-25,down,1,9.165949700120969,1.6222147408321952
BHARATFORG,2022-10-27,up,1,7.1781854933858025,1.1612689500907436
BHARATFORG,2022-10-28,up,2,4.963463557327841,0.7013849186405574
BHARATFORG,2022-10-31,up,3,4.116680518394844,-0.7948187785259408
BHARATFORG,2022-11-01,up,4,2.850564180279247,-0.26255969268179635
BHARATFORG,2022-11-02,down,1,2.1271135529853824,-0.4975124378109319
BHARATFORG,2022-11-03,down,2,0.7103212262387526,-1.3027348805107364
BHARATFORG,2022-11-07,up,2,-3.139426592903005,-0.012496311766563295
BHARATFORG,2022-11-09,down,1,-2.5218149195222916,0.0014701119970483845
BHARATFORG,2022-11-11,up,1,-4.416120274243241,-0.6093129856336255
BHARATFORG,2022-12-14,up,3,-5.047931076325673,0.39602161983185447
BHARATFORG,2022-12-15,down,1,-3.9162024993548927,-2.4635330482603357
BHARATFORG,2023-08-09,up,1,6.7560020746664895,3.500404054278161
BHARATFORG,2023-08-21,up,1,12.826811663277415,0.16516176544514316
BHARATFORG,2023-08-22,up,2,7.868810657444136,1.5601905987504772
BHARATFORG,2023-08-23,up,3,6.3806720486851765,2.139617130865057
BHARATFORG,2023-08-24,down,1,5.676991727353853,-0.6357785312476549
BHARATFORG,2023-08-29,up,2,6.808875004286641,1.0277859776982368
BHARATFORG,2023-09-04,up,2,4.422618454662919,-0.12470152948915736
BHARATFORG,2023-09-06,up,4,2.6655412549666746,0.004778424907669887
BHARATFORG,2023-09-11,up,7,1.515983309101232,-0.04112225329355734
BHARATFORG,2023-09-15,up,3,-1.4436766537013535,1.7235252309879323
BHARATFORG,2023-11-30,up,3,5.8256000592514345,0.21195271414762296
BHARATFORG,2023-12-01,up,4,5.230049041142459,3.3517241513014717
BHARATFORG,2023-12-04,up,5,2.055376896001393,-0.4504702538098204
BHARATFORG,2023-12-05,up,6,0.9834311410516383,-0.573677316486676
BHARATFORG,2023-12-11,up,2,2.9424320438415696,0.6813019020246003
BHARATFORG,2023-12-12,down,1,1.6947707254543865,-1.1357167657650824
BHARATFORG,2023-12-19,up,1,0.4232764328274019,0.42737282428748635
BHARATFORG,2023-12-27,up,4,1.9940985178275472,-1.019289825011116
BHARATFORG,2023-12-28,up,5,1.2940986491141393,0.024704896992644443
BHARATFORG,2024-01-01,up,1,0.37022059883433656,-0.04374868910594909
BHARATFORG,2024-01-09,up,1,-4.145970320996795,-0.2480391318450792
BHARATFORG,2024-04-24,up,4,15.074833602691285,1.6112851380955417
BHARATFORG,2024-04-25,up,5,13.579141208180268,6.5347511023275295
BHARATFORG,2024-05-08,down,4,18.074784448796755,5.880852149508886
BHARATFORG,2024-05-16,up,1,1.368498254536843,0.48779267958780625
BHARATFORG,2024-05-21,up,3,4.916678319520074,0.5493173853424071
BHARATFORG,2024-05-24,down,1,13.091520084128572,4.701686036448183
BHARATFORG,2024-05-28,down,3,0.5813171727784727,-2.7489829294758072
BHARATFORG,2024-06-03,up,2,6.797266718166983,0.015547263681603418
BHARATFORG,2024-06-14,up,4,7.703177430915664,3.4104402459004257
BHARATFORG,2024-06-20,up,1,-6.146350244352272,3.2235728800389163
BHARATFORG,2025-05-12,up,1,6.266187825461844,1.0327726826370176
BHARATFORG,2025-05-13,down,1,4.202427806668463,-0.7517827274742817
BHARATFORG,2025-05-14,up,1,2.6530901186260003,1.6271286153251463
BHARATFORG,2025-05-16,down,1,2.117663308340645,0.11689881258927226
BHARATFORG,2025-05-19,down,2,1.5708876416392625,-1.045951345634033
BHARATFORG,2025-06-03,down,3,1.0695152940898955,-0.6066606839266631
BHARATFORG,2025-06-06,up,3,1.3519973190629253,0.9882884877803422
BHARATFORG,2025-06-09,up,4,0.145577010664244,4.118941423797651
BHARATFORG,2025-10-28,down,1,6.4168080714609665,-0.7176189543557809
BHARATFORG,2025-11-03,up,1,4.991293087866766,0.41603771656284483
BHARATFORG,2025-11-11,up,2,6.144794450666979,3.4878752790480805
BHARATFORG,2025-11-19,up,1,-2.415629236656891,2.957924763143893
BHARATFORG,2026-02-09,up,2,4.3189321941924375,-1.0264499889545364
BHARATFORG,2026-02-11,up,4,12.73256475815112,3.1330668857321387
BHARATFORG,2026-02-12,down,1,7.965265682338085,3.5393984242197307
BHARATFORG,2026-02-13,down,2,3.7557941151061147,-1.5056228097813373
BHARATFORG,2026-02-19,down,1,2.1682334954677973,-2.427107625912217
BHARATFORG,2026-02-23,up,2,5.065078672710155,1.3419509820655318
BHARATFORG,2026-02-24,down,1,-3.659072667893526,1.1265760425294813
BHARATFORG,2026-02-25,up,1,-8.6244078980794,1.498194947576792
BHARATFORG,2026-02-26,up,2,-10.787099751355612,0.1853311585711337
BHARATFORG,2026-04-21,up,3,5.371437015463987,-0.1696998248333914
BHARATFORG,2026-04-22,down,1,3.5501357138101985,-1.3288648143096382
BHARATFORG,2026-04-29,up,1,3.0122129308813195,-1.5778264218679228
BHARATFORG,2026-05-07,down,1,-0.12500058472636466,2.538744773237256
BHARATFORG,2026-05-08,down,2,-5.598820545733096,-2.638194407965
BHARATFORG,2026-06-15,up,2,5.271982998166069,2.079494406268889
BHARATFORG,2026-06-19,down,1,4.188442172573392,0.031777175043301575
BHARATFORG,2026-06-22,up,1,2.4109822903871203,2.1839092954745842
BHARATFORG,2026-06-23,down,1,-1.1189413785821722,0.9807087242137635
BHARATFORG,2026-06-29,down,1,0.5583386412803426,-2.948918720985594
BHARATFORG,2026-07-17,up,1,3.576591081498681,0.35296851896597925
BHARATFORG,2026-07-20,down,1,2.60528746636981,0.018872575610462405
BHARATFORG,2026-08-07,down,1,-10.637183622759661,1.566079962031952
BHARTIARTL,2021-11-01,up,1,2.398521223365324,-0.7968656459690915
BHARTIARTL,2021-11-10,down,2,-0.4907221173356624,-0.15791350415158556
BHARTIARTL,2021-11-12,up,1,-0.026000499035983005,-0.3089043732946828
BHARTIARTL,2021-11-22,down,4,-6.219575635770536,-0.6308937884304866
BHARTIARTL,2021-11-23,up,1,-8.967634291269167,0.5620732455163369
BHARTIARTL,2021-11-24,down,1,-10.375845842138675,-0.7524809862685555
BHARTIARTL,2022-03-28,up,1,-1.1057784957223205,1.2042626346605356
BHARTIARTL,2022-03-29,up,2,-2.320149591256737,2.978999169687535
BHARTIARTL,2022-03-30,up,3,-3.659944054302533,-1.8016079497662374
BHARTIARTL,2022-04-04,up,2,-2.746305343304989,-0.7689228302570905
BHARTIARTL,2022-04-06,down,2,-5.119563472957777,-0.4975124378109319
BHARTIARTL,2022-08-17,up,7,5.290889749983418,0.2770378571270493
BHARTIARTL,2022-08-18,up,8,4.528070247376781,0.26456245728991856
BHARTIARTL,2022-08-23,up,1,2.692883898951881,-2.487292454243839
BHARTIARTL,2022-08-24,up,2,2.0014424279370058,-0.20272830844968448
BHARTIARTL,2022-09-06,down,1,3.4670175120944835,-0.32600353154302875
BHARTIARTL,2022-09-08,up,1,2.006308327642836,0.5430364517282849
BHARTIARTL,2022-09-13,up,4,2.5670647297100446,-0.4975124378109319
BHARTIARTL,2022-09-20,up,2,0.6665904920945431,-0.3087389897181603
BHARTIARTL,2022-09-30,up,1,0.1392005575557187,0.30150682148386565
BHARTIARTL,2022-10-03,down,1,-1.3215765679674862,-0.005534748999125316
BHARTIARTL,2022-10-31,up,3,2.302648630310822,-0.06300671806822589
BHARTIARTL,2022-11-17,down,1,-1.847319574466566,0.19802350717725847
BHARTIARTL,2022-11-22,up,1,-2.218504127011789,-0.608357394620429
BHARTIARTL,2023-05-25,up,1,4.539421882994565,1.8333773891007654
BHARTIARTL,2023-05-31,down,1,0.6541893022654399,0.5282230685603739
BHARTIARTL,2023-06-27,up,2,0.4251417499578469,0.2809770331189787
BHARTIARTL,2023-06-30,up,4,0.9148425410265393,0.23144631614373523
BHARTIARTL,2023-07-10,up,1,0.14959414781829938,0.16084542782912603
BHARTIARTL,2023-10-10,up,1,-2.936195954090337,0.7882389919756205
BHARTIARTL,2023-11-28,up,1,2.9206680366801407,1.0137918373537502
BHARTIARTL,2023-11-29,up,2,4.024414809964605,0.20746470078756296
BHARTIARTL,2023-11-30,up,3,2.0515582600914906,0.2830178968699748
BHARTIARTL,2023-12-04,up,5,-2.706409517910424,1.0837515740593773
BHARTIARTL,2024-01-10,up,2,2.7170542279956855,-0.6978427801910936
BHARTIARTL,2024-01-15,up,5,3.7877645354418066,2.127160302874742
BHARTIARTL,2024-01-16,down,1,1.3309527068553484,-1.6414219058790702
BHARTIARTL,2024-01-19,up,1,-0.42179651554780095,1.9967307598088624
BHARTIARTL,2024-01-23,down,1,-2.2925588925557405,-0.16915028145518818
BHARTIARTL,2024-01-24,up,1,-4.897506879238433,0.6438491616611586
BHARTIARTL,2024-01-25,down,1,-6.6643332749985245,-3.4975874396859785
BHARTIARTL,2024-03-06,up,1,2.673745119365045,2.0411800363250743
BHARTIARTL,2024-03-07,up,2,0.47123771513122303,-1.378946467911757
BHARTIARTL,2024-03-18,up,1,0.039545104245819473,-1.0345799130532018
BHARTIARTL,2024-03-19,down,1,-0.9018132935824874,-0.6834947797163871
BHARTIARTL,2024-04-19,up,1,4.19874735246657,1.2218639094523143
BHARTIARTL,2024-04-22,up,2,-1.4338221098038395,0.5385720836619257
BHARTIARTL,2024-04-23,up,3,-0.1545055543609064,3.0545125387622996
BHARTIARTL,2024-05-16,up,1,3.5846619928959544,2.0430049576747322
BHARTIARTL,2024-06-03,up,2,0.7931203965955591,-1.621955921463214
BHARTIARTL,2024-06-07,up,3,2.237942616144162,-0.45547561030578887
BHARTIARTL,2024-06-12,up,2,1.085078571062903,0.3578477899761179
BHARTIARTL,2024-06-13,up,3,0.303127427441896,-1.4493424248361086
BHARTIARTL,2024-06-26,up,3,1.3955651305725292,0.05264375591729209
BHARTIARTL,2024-06-27,up,4,-1.7211622062899057,3.287747262245344
BHARTIARTL,2024-07-18,up,4,2.278262810957221,-0.04501682520504646
BHARTIARTL,2024-08-28,up,10,3.5898943546805118,2.0220758840365782
BHARTIARTL,2024-08-30,up,12,4.253818466344295,1.6106747463079385
BHARTIARTL,2024-09-12,up,1,1.5130762196651215,2.1379037997842465
BHARTIARTL,2024-09-17,up,2,0.8974073874759236,-0.47947904724441326
BHARTIARTL,2024-09-19,up,1,0.4820640043379898,-0.4945321074338871
BHARTIARTL,2024-09-20,up,2,-1.433416898983897,-0.07315475921978454
BHARTIARTL,2024-09-23,up,3,-0.852591188593399,1.1537401296167538
BHARTIARTL,2024-09-24,up,4,-1.6489477269842734,-0.42377261033438307
BHARTIARTL,2024-09-26,up,6,-3.858269209128906,-1.1927490107428107
BHARTIARTL,2025-02-13,down,7,-5.31673791658519,-0.4800907154329015
BHARTIARTL,2025-03-26,down,1,2.835437796831708,-0.5289581296690882
BHARTIARTL,2025-04-15,up,2,5.913591674585961,1.0527037674881168
BHARTIARTL,2025-04-17,up,4,1.915827314461116,3.4193949177769856
BHARTIARTL,2025-06-20,up,1,6.4407145804765475,1.9860865613515077
BHARTIARTL,2025-06-26,up,3,-2.5229171697824126,1.5228426395939243
BHARTIARTL,2025-06-27,up,4,-6.285064126159778,-0.5172327230880791
BHARTIARTL,2025-10-27,up,1,1.7313071232191835,0.7059525786645038
BHARTIARTL,2025-11-04,down,1,1.33185713884858,-0.28062408441518194
BHARTIARTL,2025-11-18,down,1,-2.6361051264311097,0.406373333586596
BHARTIHEXA,2024-05-15,down,1,7.232653934627953,
BHEL,2021-10-05,up,2,5.955884565763236,0.2528833614510395
BHEL,2021-10-12,up,4,4.018703460163309,4.4557501578010195
BHEL,2021-10-13,up,5,0.1313720679254171,7.608031891604083
BHEL,2021-11-09,down,1,-19.953682823470544,-7.364393686260029
BHEL,2022-08-18,up,8,3.0913959911567535,1.5661058016657403
BHEL,2022-08-25,down,1,12.664185394692984,1.7838483413060269
BHEL,2022-08-29,down,1,7.906407356570755,0.8471144728226632
BHEL,2022-09-02,down,2,4.7222852104105595,-3.270533827484623
BHEL,2022-09-06,down,1,4.124850150235648,-1.7139242964537837
BHEL,2022-09-07,down,2,3.534186691162522,1.4377073273842855
BHEL,2022-09-08,up,1,-7.088661123438012,1.4083563332825788
BHEL,2022-09-09,up,2,-6.433295362352565,0.43972020842739656
BHEL,2022-10-18,up,3,10.196683023932774,5.702019792223756
BHEL,2022-10-19,up,4,2.2344945930319993,-3.229508498368183
BHEL,2022-10-25,down,1,7.871194841961393,1.5591988974618776
BHEL,2022-10-27,up,1,5.465707076821924,1.582678939795823
BHEL,2022-10-28,up,2,2.95461881308805,-0.15906860256539312
BHEL,2022-11-01,up,4,-0.23128910864779195,1.1664087588811878
BHEL,2022-11-04,up,1,6.382627393827689,-0.5624234350262824
BHEL,2022-11-25,up,4,17.012344836541725,7.2559281514505525
BHEL,2022-11-28,up,5,1.2566310674496206,-1.0418992553853035
BHEL,2022-12-01,up,8,-4.836450645746105,-0.14570276824146244
BHEL,2022-12-02,down,1,-13.83830772723561,6.435034245553273
BHEL,2023-04-28,up,5,0.8376685921928084,-0.3067709047364864
BHEL,2023-05-02,up,6,1.7797160256464606,3.1081065351293624
BHEL,2023-05-03,down,1,-3.395644932420172,5.057236135993048
BHEL,2023-06-09,down,2,2.163604132544039,-0.2661148348464759
BHEL,2023-06-16,up,1,6.429870573635066,0.6475104139154642
BHEL,2023-06-19,down,1,5.881580730514613,-1.2948958247914644
BHEL,2023-07-05,up,7,12.951780878130137,4.301817160708166
BHEL,2023-07-06,up,8,0.08841809515380827,-1.4030473544852207
BHEL,2023-07-13,up,1,-1.4327854470507995,-3.8748814673369325
BHEL,2023-07-24,down,2,3.5439736517844933,0.9860690872038003
BHEL,2023-07-25,up,1,0.6618392953534391,-1.2032007842104342
BHEL,2023-07-26,up,2,-0.19780309661142637,1.6004300848101227
BHEL,2023-07-27,down,1,-4.258773419891549,1.114458684094144
BHEL,2023-07-31,up,1,6.247611033063349,0.17221292407407773
BHEL,2023-08-01,down,1,4.786646441176412,-1.441111209189072
BHEL,2023-08-22,up,2,30.32480492541407,8.165285470145434
BHEL,2023-08-29,up,2,19.8342565994863,1.6588854771741657
BHEL,2023-08-30,up,3,17.190858590796832,4.06445550940453
BHEL,2023-08-31,down,1,20.98503553509259,1.58412956139804
BHEL,2023-09-01,up,1,18.505833987242347,11.9402985074627
BHEL,2023-09-04,up,2,5.453764426001939,1.3894718449897203
BHEL,2023-09-05,up,3,2.792124947294017,-2.0185202602582497
BHEL,2023-09-08,up,6,-9.124303051498106,1.4426389459105682
BHEL,2023-09-11,up,7,-13.309131684878583,-3.8618364153351625
BHEL,2023-11-17,down,1,7.5559323739721185,0.7387626469473663
BHEL,2023-11-23,down,1,14.684959677287157,-0.15008754366742094
BHEL,2023-11-24,down,2,13.889640938699044,5.229748088554365
BHEL,2023-11-28,up,1,18.29527219518321,3.0881668385629224
BHEL,2023-11-29,up,2,8.45644822378775,4.515443564493138
BHEL,2023-11-30,up,3,8.163997451442917,2.709348500578823
BHEL,2023-12-05,up,6,2.5168555071889864,0.12226005122153438
BHEL,2023-12-07,down,1,5.50057999293716,0.6801989104927575
BHEL,2023-12-15,up,3,3.92722530430607,-2.035371374720407
BHEL,2023-12-18,down,1,2.922556530007059,0.14374794550864323
BHEL,2023-12-20,down,1,1.774718009563503,-10.722545419430807
BHEL,2023-12-28,up,5,10.839865934680226,0.2861774216530444
BHEL,2023-12-29,down,1,14.021284911894139,2.093298976229163
BHEL,2024-01-01,up,1,1.1218320264803072,1.1467465388069753
BHEL,2024-01-17,down,2,10.912429027596593,1.9353112189663069
BHEL,2024-01-19,up,1,2.6294405291303447,3.376178754708903
BHEL,2024-01-30,down,1,-4.888635219691439,1.6423273941168048
BHEL,2024-02-02,up,1,-2.5558880402242523,-0.41263210463123867
BHEL,2024-02-05,down,1,-3.7270136359077277,-0.24421544746175972
BHEL,2024-03-04,up,3,-5.549146092536628,11.303601299422494
BHEL,2024-04-12,down,1,1.8653504435697466,-4.6606362666356755
BHEL,2024-04-25,up,5,8.188625569913754,1.4430077554041576
BHEL,2024-04-26,down,1,6.332164925457273,2.4087304181066083
BHEL,2024-04-30,down,1,12.668307669930833,-0.07394307885434381
BHEL,2024-05-02,up,1,11.521055497969579,3.4155111685545636
BHEL,2024-05-03,down,1,5.782498732658525,2.1205360032425347
BHEL,2024-05-21,up,3,-4.818097984303426,-2.6255649726030006
BHEL,2024-07-03,up,1,-4.957184867001951,1.4091588221414098
BHEL,2024-07-04,up,2,-6.6549212141792875,-1.3862070168991325
BHEL,2024-07-05,up,3,-7.772822801213919,-0.497512437810943
BHEL,2024-07-08,down,1,-1.9189784319135983,2.2836129909459046
BHEL,2024-07-09,up,1,-4.930571166950715,-0.21102800761850782
BHEL,2025-04-16,up,3,-2.946527581165581,1.8934102227133431
BHEL,2025-04-17,up,4,2.155596286746264,-0.822020463693196
BHEL,2025-04-22,up,6,3.822650903662783,-0.06376139068977604
BHEL,2025-04-29,up,2,-0.28348256285175566,-0.9041678938986886
BHEL,2025-05-26,up,2,2.036069648237415,0.2679207811563611
BHEL,2025-05-28,down,2,-4.879547257456829,0.8548816935822545
BHEL,2025-10-03,up,2,-3.6940515518451456,0.28112889940878905
BHEL,2025-11-10,up,1,7.880866389901531,1.5785477348213783
BHEL,2025-11-11,up,2,3.3768612115340435,3.3768612115340435
BHEL,2025-11-12,up,3,-3.6788299015889203,-1.1026535437495322
BHEL,2025-11-19,up,1,-5.936113256368536,-0.9763810462497857
BHEL,2025-11-27,up,2,-6.401646509476267,-1.2291463140395864
BHEL,2026-01-02,up,3,-15.136216528123203,2.046874496303719
BHEL,2026-01-05,down,1,-17.265926038232017,-0.547121098327974
BHEL,2026-01-07,down,3,-17.961281618025026,-0.3335333844756039
BHEL,2026-04-22,down,1,3.9113660997045496,-0.733013241917646
BHEL,2026-04-23,down,2,2.982710912850539,0.15244805862872912
BHEL,2026-04-27,up,1,9.941133247453205,1.9634435708363096
BHEL,2026-04-28,down,1,5.981389041506802,0.2895094563815759
BHEL,2026-04-29,up,1,5.385987979475848,-3.739730030609756
BHEL,2026-05-04,up,1,12.937130954951638,5.559882081190315
BHEL,2026-05-07,down,1,4.589831268839872,1.2730847276189783
BHEL,2026-05-14,up,2,2.057577156216972,0.9382030869257596
BHEL,2026-05-25,up,2,-8.521518319302801,-0.11654907399254455
BHEL,2026-05-27,down,2,-4.05497583329697,0.2352474463510834
BHEL,2026-08-27,down,2,-6.2834709110007765,-0.9425888455255604
BHEL,2026-08-31,down,1,-6.764671697345392,-0.7132326002499023
BIOCON,2021-12-08,up,2,-4.952262442088395,0.6588804066174347
BIOCON,2022-02-02,up,3,3.8727897227506247,0.9332422853055133
BIOCON,2022-02-03,down,1,1.9013662244388163,0.4977660957931729
BIOCON,2022-02-07,down,3,-12.278386852251288,1.564450036019105
BIOCON,2022-02-08,up,1,-15.17074550522649,-0.4729120519735952
BIOCON,2023-05-02,up,6,2.836220409892687,1.6471220449105317
BIOCON,2023-05-04,up,1,-0.6218078048620512,0.24829137572834892
BIOCON,2023-05-05,down,1,-1.6475940428950397,-0.18945520077630063
BIOCON,2023-05-09,up,2,-2.0579408876252425,0.3941583115956826
BIOCON,2023-05-10,up,3,-1.4022632956650738,-0.497512437810943
BIOCON,2024-01-02,down,1,11.631327146463487,2.6832019397152296
BIOCON,2024-01-03,down,2,8.274456819297814,6.304483171923514
BIOCON,2024-01-04,up,1,-9.031291310227186,-0.20022694838088828
BIOCON,2024-01-05,up,2,-10.124557173482762,1.351849745566125
BIOCON,2024-05-15,down,1,-0.33957198136301825,-0.497512437810943
BIOCON,2024-05-24,down,1,3.080484053585697,-1.194525477992947
BIOCON,2024-06-06,up,2,5.860424132054054,1.0055462866934262
BIOCON,2024-06-07,up,3,4.362771072851501,0.16929499931468417
BIOCON,2024-06-10,down,1,2.6807337368788042,-0.22050561637780852
BIOCON,2024-06-11,up,1,1.491094533555093,-0.2957660050129318
BIOCON,2024-06-26,up,3,-2.708675367597535,0.23954475585481472
BIOCON,2024-07-01,up,1,-3.777809148304012,0.8762874780097185
BIOCON,2024-07-02,down,1,-3.6536831950666593,-1.1204412102566286
BIOCON,2024-07-03,up,1,-0.5112563168715001,-0.2088154617199356
BIOCON,2024-07-05,up,3,-1.933878986133175,0.5458899612026613
BIOCON,2024-07-08,down,1,-3.699055044067967,-1.0601291169426763
BIOCON,2024-09-04,down,1,0.435326683709536,4.099069868051064
BIOCON,2024-09-05,down,2,-3.185015884515552,-0.36768142999192843
BIOCON,2025-01-14,up,1,-6.765184037666872,-0.20331716903532193
BIOCON,2025-01-16,up,3,-0.8152087582521617,0.1378802030714832
BIOCON,2025-01-20,up,1,-3.248963912851499,0.8031767673949863
BIOCON,2025-07-02,down,1,6.8943353375270355,1.8979937856782314
BIOCON,2025-07-03,down,2,4.381370792853412,0.10399371391480727
BIOCON,2025-07-04,up,1,3.2440838256456717,0.9964857078803124
BIOCON,2025-07-15,up,1,-3.0111208086489927,4.060847594488304
BIOCON,2025-07-16,up,2,-8.401798441639974,0.709733579865679
BIOCON,2025-11-12,up,3,5.009060232940854,4.279117641262009
BIOCON,2025-11-13,up,4,-5.475066521624427,0.9507288373938882
BIOCON,2026-02-25,up,1,-6.44989648873776,0.22591280929933344
BIOCON,2026-02-26,up,2,-4.484129347452958,-0.9488323239197238
BIOCON,2026-05-15,down,1,2.2573279148514924,0.4520325724798324
BIOCON,2026-05-26,down,1,-6.20256195400164,-0.6683223868019672
BIOCON,2026-08-06,up,2,-5.37143076810771,-2.747883930942896
BLS,2022-11-09,down,1,6.056369670133166,
BLS,2023-07-13,up,1,9.511345517638636,
BLS,2023-08-21,up,1,12.559806332323076,
BLS,2023-12-13,up,1,2.9287743718910075,
BLS,2023-12-28,up,5,3.6273344890324744,
BLS,2024-01-04,up,1,4.1664289738879035,
BLS,2024-01-08,down,1,13.997800060345211,
BLS,2024-01-09,up,1,10.08516566784281,
BLS,2024-01-10,up,2,6.621473724805349,
BLS,2024-01-11,up,3,5.753456299637327,
BLS,2024-01-12,up,4,7.7899220053640805,
BLS,2024-01-15,up,5,3.637485396237805,
BLS,2024-01-16,down,1,-0.017557825009273387,
BLS,2024-01-30,down,1,-6.9438470990699885,
BLS,2024-01-31,up,1,-9.972807536656658,
BLS,2024-02-01,down,1,-11.41722556477628,
BLS,2024-07-01,up,1,-10.206383770374872,
BLS,2024-07-02,down,1,-9.878800732251293,
BLS,2024-07-10,down,1,-5.578925645179133,
BLS,2024-08-26,up,8,8.012168844233347,
BLS,2024-08-28,up,10,0.8072522223546041,
BLS,2024-09-04,down,1,-14.283468411618783,
BLS,2024-09-05,down,2,0.436009796492165,
BLS,2024-09-13,down,1,-26.343707542351645,
BLS,2024-12-16,down,1,2.9613785978957585,
BLS,2024-12-18,down,3,1.3522796850305552,
BLS,2024-12-20,down,5,0.09470698426725654,
BLS,2025-01-03,down,1,-13.323154613523114,
BLS,2025-05-26,up,2,-11.397122143753592,
BLS,2026-04-16,down,1,-5.8509617755966525,
BLS,2026-05-07,down,1,-14.11543175029819,
BLUESTARCO,2024-09-26,up,6,-7.699366062210178,2.820844861704841
BLUESTARCO,2025-01-01,up,1,-8.838824543324264,2.3417907856867703
BLUESTARCO,2025-01-06,down,2,-22.763363635154622,-7.486063196657122
BLUESTARCO,2025-03-19,up,3,-11.69698516466411,0.5034847111192509
BLUESTARCO,2025-03-20,up,4,-10.110164552863466,-1.8790022057680322
BLUESTARCO,2025-03-25,up,7,-10.411354886022817,-2.4723372824313916
BLUESTARCO,2025-07-15,up,1,-7.232401966696866,-0.38093952886169014
BLUESTARCO,2025-07-17,down,1,-4.410034509582228,-1.5645644923903745
BLUESTARCO,2025-09-04,up,2,0.16463725959101616,-2.4839492832937626
BLUESTARCO,2026-02-13,down,2,-6.501071411375204,-0.2731269735013142
BLUESTARCO,2026-02-18,up,3,-3.534436996160628,-0.4135673408700802
BOSCHLTD,2021-10-06,down,1,2.4647566936100374,6.0689527898127205
BOSCHLTD,2021-10-07,up,1,-3.30748020614291,-0.2893237666672821
BOSCHLTD,2021-10-08,up,2,-1.1243887641071981,0.011689882240628613
BOSCHLTD,2021-10-11,up,3,-1.0195827022317472,-0.7755584566080165
BOSCHLTD,2021-10-13,up,5,-3.431262848557426,-1.8553520606574003
BOSCHLTD,2024-02-15,up,3,6.734887847143467,1.014999112683257
BOSCHLTD,2024-02-16,up,4,3.115406133942966,-0.4975124378109319
BOSCHLTD,2024-02-19,up,5,2.411377903042622,0.4203447697191054
BOSCHLTD,2024-03-04,up,3,2.864212529770249,-0.5992185579767106
BOSCHLTD,2024-03-05,down,1,1.294546863141921,1.8635635382410198
BOSCHLTD,2024-03-07,up,2,1.6474995627878686,-1.95568572516015
BOSCHLTD,2024-03-26,down,1,1.0247599747567726,0.31942095760932876
BOSCHLTD,2024-03-27,up,1,-0.2919094590055016,-1.6332484268305136
BOSCHLTD,2024-05-14,up,3,1.2194328500900742,2.288980478677183
BOSCHLTD,2024-06-18,up,5,2.191911472012209,0.9289422338120357
BOSCHLTD,2024-06-27,up,4,-1.5194995464349992,0.5374921047372139
BOSCHLTD,2024-09-20,up,2,7.8263935551122765,0.9665907815070485
BOSCHLTD,2024-09-23,up,3,4.964349260641265,0.7791554380873533
BOSCHLTD,2024-09-24,up,4,3.3086863200183725,-0.11298523174361197
BOSCHLTD,2024-09-25,up,5,2.2656718100970252,-0.4571190057829688
BOSCHLTD,2024-09-27,down,1,-1.850566064102055,1.1783133226682896
BOSCHLTD,2024-10-09,down,1,-5.726871698665759,0.6133583884384342
BOSCHLTD,2025-07-04,up,1,7.933451024447669,2.0274969239822527
BOSCHLTD,2025-07-07,up,2,5.621255189902796,-0.5803851370576263
BOSCHLTD,2025-07-11,down,3,9.29118852627342,0.720941248627538
BOSCHLTD,2025-07-14,down,4,6.165244347628351,1.0451617879594366
BOSCHLTD,2025-07-15,up,1,4.558162196782334,1.0349070757833978
BOSCHLTD,2025-07-18,down,2,2.217006589751036,-1.4194245603791456
BOSCHLTD,2025-07-29,up,1,4.750858433475957,1.9101140055706844
BOSCHLTD,2025-07-30,up,2,1.9702087766551024,-2.0351879684330054
BOSCHLTD,2025-08-01,down,2,-3.950241383843922,-1.3330482681676803
BOSCHLTD,2025-08-04,up,1,-3.477945406774119,0.5163233672052403
BOSCHLTD,2026-04-17,up,1,-1.4352183864325796,-0.4182696815893894
BOSCHLTD,2026-04-20,up,2,-4.2352492185179225,-0.8778435488302372
BOSCHLTD,2026-05-08,down,2,-4.840051954920533,-1.4308343638762766
BOSCHLTD,2026-06-12,up,1,3.8743700013621707,2.2268059960951714
BOSCHLTD,2026-06-18,up,5,3.5299692016110162,-0.24813276973526532
BOSCHLTD,2026-06-22,up,1,1.9961918801056688,-1.1731466126159162
BOSCHLTD,2026-06-25,up,2,1.2710412146182515,-0.8878139335194546
BOSCHLTD,2026-07-02,up,2,1.558175054412625,-0.4614477449649046
BOSCHLTD,2026-07-03,up,3,-0.30650586300648985,0.02775564290129484
BOSCHLTD,2026-08-11,down,1,11.082616698865365,2.671066203917438
BOSCHLTD,2026-08-12,down,2,5.9837424897371205,1.1336758828806914
BOSCHLTD,2026-08-13,down,3,3.7499993346629568,-0.33783154410891303
BOSCHLTD,2026-08-17,down,5,5.1489882301479994,-1.1389212660148473
BOSCHLTD,2026-08-18,down,6,4.234744984484662,1.5871824618787667
BOSCHLTD,2026-08-31,down,1,-3.8048221992295073,-0.07272035836268786
BPCL,2022-01-18,down,1,-7.583740109452797,-2.5643282163031245
BPCL,2022-04-20,up,1,-13.300339893454115,0.7394161269493216
BPCL,2022-04-21,up,2,-13.775496013404641,0.18731534553750873
BPCL,2022-08-16,up,6,-4.7660653967306565,1.2798397772530112
BPCL,2022-08-17,up,7,-2.6179380696186083,1.307712780365633
BPCL,2022-12-12,up,1,-3.363182312867463,1.0221619176843166
BPCL,2023-05-02,up,6,1.8074624347763635,0.8771416086396755
BPCL,2023-05-03,down,1,-0.9338089302127539,-0.7974667964411486
BPCL,2023-07-26,up,2,-9.624900381798064,-1.2570734115681104
BPCL,2023-11-15,up,3,2.418920980895156,0.355767853642619
BPCL,2023-11-16,up,4,1.7029778261741901,1.1718242053366357
BPCL,2023-11-17,down,1,-0.2991475875339433,-3.1381825535773733
BPCL,2023-11-23,down,1,3.7553557771476953,0.9445510858939743
BPCL,2023-11-28,up,1,11.052957702419008,2.5104224945406095
BPCL,2023-11-29,up,2,7.819672852851167,1.5116963262488348
BPCL,2023-11-30,up,3,5.697771250303285,0.7736063924885128
BPCL,2023-12-01,up,4,1.2940979198558633,0.9199019149267906
BPCL,2023-12-04,up,5,1.5717102403799643,5.721391747850735
BPCL,2023-12-05,up,6,-2.659674058963568,2.9705201686258453
BPCL,2023-12-06,up,7,-2.7216784460946775,-0.3826522171642144
BPCL,2023-12-28,up,5,3.0662691152159693,-0.9334488564842758
BPCL,2024-01-16,down,1,19.400844527440686,0.9352576004149515
BPCL,2024-01-19,up,1,15.527577887736932,1.074996446334331
BPCL,2024-01-29,up,1,13.73021801655745,1.2032989817576834
BPCL,2024-01-30,down,1,10.804172671287017,0.40543559941299545
BPCL,2024-02-02,up,1,17.07418618377583,8.75429297158079
BPCL,2024-02-05,down,1,9.0198896615451,0.8149308438495817
BPCL,2024-02-06,up,1,5.628447563733108,4.234263563381702
BPCL,2024-02-07,up,2,-1.3716231445385696,-1.5820542761997625
BPCL,2024-02-08,down,1,0.08827225390186655,-0.016048788316469498
BPCL,2024-02-15,up,3,-2.1654086987183296,4.302603703263075
BPCL,2024-02-16,up,4,-5.124652591416623,-0.05069982271971307
BPCL,2024-05-21,up,3,4.350729289986743,1.8052075774358745
BPCL,2024-05-23,up,5,1.865042685327234,-1.0633037574719784
BPCL,2024-05-24,down,1,1.3355557144546504,-0.08678328160324211
BPCL,2024-06-03,up,2,-11.110011501833084,0.49999113632281933
BPCL,2024-08-20,up,4,-1.5504436217426365,-0.5828821851575405
BPCL,2024-08-23,up,7,-4.219067229170637,-0.5394830946252593
BPCL,2025-03-21,up,5,8.915725486119452,2.809153429575506
BPCL,2025-04-03,down,1,7.084785459003418,0.9187723169489903
BPCL,2025-04-04,down,2,5.8537123896993615,-10.536539851286342
BPCL,2025-04-16,up,3,3.927804625770115,-0.0952071661951881
BPCL,2025-04-21,up,5,2.222936683607668,0.5741796403236687
BPCL,2025-04-22,up,6,0.951635989521793,-0.3183987337015748
BPCL,2025-04-28,up,1,3.5503157770204963,0.48621972567270966
BPCL,2025-04-29,up,2,2.7344304972774403,2.0784444002686975
BPCL,2025-04-30,down,1,1.2207598206854575,-2.0896840931220018
BPCL,2025-05-05,up,2,-0.34322109993636385,-0.9141009335114636
BPCL,2025-05-26,up,2,3.485688722591296,0.09144120409925183
BPCL,2025-06-11,up,6,1.0500278414259157,1.2798611117248448
BPCL,2025-07-04,up,1,-1.911826162948338,1.8891256754849373
BPCL,2025-07-07,up,2,-4.589797005339314,0.16068284182222392
BPCL,2025-07-08,up,3,-5.195959092985092,0.648802198983045
BPCL,2025-09-29,down,7,0.6453340237156713,0.8531292307172977
BPCL,2025-09-30,down,8,-2.7576020214652996,0.0895228870397391
BPCL,2025-10-01,up,1,-3.9421577501126737,-0.003339345441433217
BPCL,2025-10-08,down,1,-0.38304483265539924,-0.626293951934942
BPCL,2025-12-31,up,1,-6.317144929870954,2.2139072459897546
BPCL,2026-01-01,up,2,-9.996650453307442,-1.5286262985590104
BPCL,2026-08-03,up,4,-3.588611830443633,1.5580667716324603
BRIGADE,2026-04-21,up,3,-12.18584784834218,
BRIGADE,2026-04-22,down,1,-12.717327096805231,
BRIGADE,2026-04-28,down,1,-15.827492177974612,
BRITANNIA,2022-05-30,up,3,-6.183011697758656,-0.6849464793476701
BRITANNIA,2022-05-31,down,1,-5.678024500251466,0.3675167254265199
BRITANNIA,2022-07-04,up,1,5.8817039477093935,2.5152017689331174
BRITANNIA,2022-07-06,up,1,3.2679909238976235,2.556683464744136
BRITANNIA,2022-07-07,up,2,-0.2902641572682052,-0.7798856901641837
BRITANNIA,2022-07-22,up,6,-5.358517947071972,-0.7167781922378991
BRITANNIA,2022-07-29,up,3,-6.836397012851869,-1.2218140059754523
BRITANNIA,2022-11-29,up,6,6.494699063673592,1.1176212615623182
BRITANNIA,2022-11-30,up,7,4.695027882438119,0.9492242341870627
BRITANNIA,2022-12-01,up,8,2.645461376562741,-0.22312381379077095
BRITANNIA,2022-12-02,down,1,2.119489842477895,-0.21888973325752126
BRITANNIA,2022-12-15,down,1,1.167567374269729,-0.3298869533732818
BRITANNIA,2022-12-19,up,1,-3.175320616815569,0.4786546642484568
BRITANNIA,2023-02-02,down,2,-0.340797978831231,2.759909530981619
BRITANNIA,2023-02-03,up,1,-3.8196787020619127,-0.3026642245690492
BRITANNIA,2023-05-05,down,1,-0.7038261374557875,0.2424235550251952
BRITANNIA,2023-05-08,up,1,-1.821512622862076,-0.7754055774251145
BRITANNIA,2023-06-07,up,4,5.268678450898268,3.365590920266781
BRITANNIA,2023-06-09,down,2,1.396467576912741,-0.8163819996613864
BRITANNIA,2023-06-15,down,1,1.8222161812673665,-0.5884194426961531
BRITANNIA,2023-06-16,up,1,1.012897955587233,0.09911989568704982
BRITANNIA,2023-07-05,up,7,-2.4864840997069537,1.728220409187542
BRITANNIA,2023-07-06,up,8,-5.204788985049613,0.6335936428789601
BRITANNIA,2023-11-29,up,2,4.223276271008292,0.9576171090690533
BRITANNIA,2023-11-30,up,3,3.024740975707574,0.3446973554480426
BRITANNIA,2023-12-01,up,4,2.0982251640535354,1.8298778795261317
BRITANNIA,2023-12-06,up,7,5.2206966541337385,-0.33416921816157297
BRITANNIA,2023-12-08,up,1,5.339962965025635,-1.7865913745946704
BRITANNIA,2023-12-21,up,1,1.293927549136753,-0.20254458930641928
BRITANNIA,2023-12-22,up,2,0.7488771194051669,0.3139543886832019
BRITANNIA,2023-12-26,up,3,-1.5167827674048118,0.6215676347676835
BRITANNIA,2023-12-28,up,5,-4.85798078541989,-0.2025183010116116
BRITANNIA,2023-12-29,down,1,-4.225139811110157,-0.49098726977711005
BRITANNIA,2024-05-22,up,4,3.120700592017367,-0.2567456602107665
BRITANNIA,2024-06-04,down,1,1.7393033946251801,-0.07341702320551313
BRITANNIA,2024-06-05,up,1,-0.2053138814179789,0.43238481368450543
BRITANNIA,2024-06-28,down,1,1.2697942341047153,-0.040169707654369446
BRITANNIA,2024-07-15,up,2,0.3509583863627652,-0.37752666469547114
BRITANNIA,2024-07-16,up,3,-0.683835668606636,-0.5179343811488435
BRITANNIA,2024-07-18,up,4,-2.7879327453929292,-1.0051781906792456
BRITANNIA,2024-07-19,down,1,-3.5178868379806993,-1.2042793580660849
BRITANNIA,2024-09-10,up,2,1.973688556426123,-0.6335562067198874
BRITANNIA,2024-09-11,down,1,6.721795426983235,-0.35430331961240347
BRITANNIA,2024-09-12,up,1,6.067919271803546,0.9990472020394936
BRITANNIA,2024-09-17,up,2,4.312713194403139,-0.7208267329408269
BRITANNIA,2024-09-20,up,2,3.0358217696657475,-0.3336730004595334
BRITANNIA,2024-09-27,down,1,2.2898061535800096,-0.7791801434972601
BRITANNIA,2024-10-01,down,3,-10.099971063786938,0.7738546297340942
BRITANNIA,2025-02-01,down,1,-7.829176144797212,-0.1856264299160637
BRITANNIA,2025-04-03,down,1,5.101597754304654,-0.9216982286884057
BRITANNIA,2025-04-04,down,2,4.378895215719059,-9.646267679285303
BRITANNIA,2025-04-08,up,1,7.12070337028452,-0.5071728734965752
BRITANNIA,2025-04-09,down,1,6.334035961678075,3.5808965876082954
BRITANNIA,2025-04-11,up,1,3.0757295810945218,0.9302956134702667
BRITANNIA,2025-04-15,up,2,2.1472244330815515,-1.4233097807725636
BRITANNIA,2025-04-17,up,4,1.3729552291373182,0.20642835071245091
BRITANNIA,2025-04-23,up,7,1.7428808555218556,0.6816419271010732
BRITANNIA,2025-04-24,down,1,0.5694181821116251,-2.055767339976078
BRITANNIA,2025-05-12,up,1,0.5465245590363432,0.9860231944861964
BRITANNIA,2025-06-26,up,3,0.7691510188182038,1.4892405181347712
BRITANNIA,2026-01-07,down,3,-5.065636408919982,-0.2950246731341255
BRITANNIA,2026-08-13,down,3,-9.392964506091438,-1.2973999261642222
BSE,2021-10-11,up,3,-6.806627332788285,3.803328651991067
BSE,2021-10-12,up,4,-7.208784783131817,0.8749304021358206
BSE,2021-10-13,up,5,-6.395613028707913,-3.165538503103771
BSE,2021-11-04,up,1,6.354757279173562,-0.5759876762720495
BSE,2021-11-18,down,3,3.5390024008107757,2.2885570762085194
BSE,2021-11-22,down,4,1.1558613689372166,-6.921180155547868
BSE,2021-12-01,up,1,24.79977860170015,1.565340231736645
BSE,2021-12-02,up,2,22.19202435519856,13.818960990507634
BSE,2021-12-06,down,2,5.083759527056886,-3.8232891957041493
BSE,2021-12-08,up,2,15.730988585574046,4.4498312097791315
BSE,2021-12-10,down,1,8.103389725145504,-0.025711615717927128
BSE,2021-12-13,down,2,-14.310392060287757,-3.722127278645826
BSE,2021-12-14,down,3,-13.152992885247928,5.4176209473935755
BSE,2021-12-15,down,4,-18.333433788342013,-4.82371010673297
BSE,2022-01-19,down,2,4.201653671039307,1.5418803724700725
BSE,2022-01-20,down,3,1.6804125871411113,-0.8291828733412387
BSE,2022-02-03,down,1,-6.418335445806389,0.8716234062356332
BSE,2022-02-04,down,2,-12.440952753453782,-0.2284635526688894
BSE,2022-02-09,up,2,-7.440214961001878,-0.2984543813481344
BSE,2022-02-10,up,3,-9.385777693058383,-2.2312781694283412
BSE,2022-02-17,down,2,12.103987032120344,-1.8177994961366628
BSE,2023-07-03,up,5,12.444344761323745,7.184722795528953
BSE,2023-07-04,up,6,3.9985281383879245,-0.7923368724951474
BSE,2023-07-06,up,8,9.757783772373596,2.8071367286703452
BSE,2023-07-07,down,1,5.79621593616253,-1.288602921508697
BSE,2023-07-12,down,1,6.28297417140764,5.336058906540608
BSE,2023-07-27,down,1,8.244304251664424,0.5309331228125602
BSE,2023-07-28,down,2,5.00199138646833,0.5125949174441313
BSE,2023-08-01,down,1,12.875417599939908,3.414129387792597
BSE,2023-08-02,down,2,8.60590232982914,-1.7912764172543616
BSE,2023-08-08,down,1,10.055443020865273,0.7135812711397405
BSE,2023-08-09,up,1,8.45647779791452,2.8756403541809306
BSE,2023-08-24,down,1,3.6526706992642044,-4.144304935007503
BSE,2023-08-30,up,3,40.80460403607573,2.378219213263466
BSE,2023-08-31,down,1,33.25184523042961,7.279576855682657
BSE,2023-09-01,up,1,21.473012819415338,2.0338474258230654
BSE,2023-09-04,up,2,15.72362903706388,4.849827146794161
BSE,2023-09-05,up,3,9.543304271285336,-3.561864728680564
BSE,2023-09-06,up,4,8.180977051700289,-1.9963395516217508
BSE,2023-09-28,down,1,4.694244205580356,-2.962664156694006
BSE,2023-10-06,up,2,12.496337509739842,-0.20486253474628624
BSE,2023-10-09,down,1,7.818902358253665,-1.2723526325658874
BSE,2023-10-10,up,1,6.2465433655291225,0.12437810945273853
BSE,2023-10-11,up,2,3.9368380558848726,1.0673551328959974
BSE,2023-10-12,down,1,1.5903203495099438,-2.6117731054172477
BSE,2023-10-19,down,2,11.82729729111447,1.5331525319269401
BSE,2023-10-20,down,3,29.587848084703673,5.4160760175322675
BSE,2023-10-23,down,4,25.84817849202292,9.240498010158005
BSE,2023-10-25,down,5,11.569519268511863,-2.047047294967519
BSE,2023-10-31,down,1,4.867990942669964,-2.3128949268104715
BSE,2023-11-07,down,1,18.729029320419333,3.813116086456936
BSE,2023-11-08,up,1,13.734628704281327,1.3957013404459095
BSE,2023-11-13,up,2,15.107633496183048,13.565736935976446
BSE,2023-11-15,up,3,2.098022670487354,-2.572242626759391
BSE,2023-11-17,down,1,-1.7334609081706809,2.262501060744926
BSE,2023-11-20,down,2,-4.4145301697990025,-6.398475473953081
BSE,2023-11-30,up,3,-6.1701583229684775,0.5075607403324467
BSE,2023-12-01,up,4,-9.273346737157151,0.5857797051931568
BSE,2023-12-04,up,5,-10.714385687516348,-2.545520134702872
BSE,2024-04-12,down,1,8.444495205716551,-6.912986360025752
BSE,2024-04-23,up,3,-6.681692653410465,9.131487266004768
BSE,2024-04-24,up,4,-13.6438882316678,-3.9108792278749527
BSE,2024-08-23,up,7,4.097679376765728,-0.7712064212393344
BSE,2024-08-28,up,10,2.7221051384512363,-1.066095924435484
BSE,2024-09-05,down,2,19.814961991031698,1.3214598778312547
BSE,2024-09-06,down,3,17.9525532554198,-3.1027930397397707
BSE,2024-09-16,up,1,31.598701969457178,15.515972925921574
BSE,2024-09-17,up,2,20.27316579370064,-3.690567112399834
BSE,2024-09-18,down,1,17.941360026826626,8.985575681723956
BSE,2024-09-20,up,2,13.41139552357038,0.9149405804863564
BSE,2024-09-23,up,3,10.471100084070418,-2.9052239525750756
BSE,2024-10-03,down,4,6.525703652496473,-5.709550392568397
BSE,2024-10-07,down,6,5.645328981497855,-9.217784398248419
BSE,2024-10-09,down,1,4.656831658593008,-1.800933995046683
BSE,2024-10-11,down,1,-8.019628818365499,2.6947175385869437
BSE,2024-10-14,up,1,-11.15302369475566,6.281780774964618
BSE,2024-11-04,down,1,-2.5407890787895515,-2.2350696136979042
BSE,2024-11-05,up,1,-3.3102039018517604,1.4227136700338816
BSE,2024-11-06,up,2,-4.669085006566364,1.450586015179578
BSE,2024-11-07,down,1,-5.687554427531339,1.3416795137435988
BSE,2024-12-05,up,5,5.998767615805778,6.058003809694745
BSE,2024-12-06,down,1,0.6112295664534528,1.9095024320362697
BSE,2024-12-09,down,2,-2.683096869303614,0.26999986294424794
BSE,2024-12-12,down,1,-5.256216542576064,-0.5498515877756183
BSE,2024-12-17,down,2,-6.318353520540976,-0.3058253800714006
BSE,2024-12-19,down,4,-11.632233905832368,0.43419108475275525
BSE,2024-12-20,down,5,-11.574302201176568,-3.9708553113655287
BSE,2025-04-15,up,2,8.06143551368461,2.937756758844312
BSE,2025-04-17,up,4,15.386718598451687,-0.7795342028543262
BSE,2025-04-21,up,5,14.584360637658511,4.5764533574661925
BSE,2025-04-22,up,6,9.629269603004031,-0.7181660564616776
BSE,2025-04-23,up,7,8.00398755287235,0.1546574244880583
BSE,2025-04-24,down,1,7.151192481623481,0.5192338354673476
BSE,2025-04-29,up,2,4.901785013720161,0.595914086798377
BSE,2025-05-07,up,1,1.6582810014280858,-1.652135308948377
BSE,2025-05-08,down,1,1.0718586694130616,-5.547105739784097
BSE,2025-05-12,up,1,7.657242592655744,1.0324033424316648
BSE,2025-05-13,down,1,5.319856738153628,3.8090411309512406
BSE,2025-05-14,up,1,1.0330800119098038,-0.41624169107370435
BSE,2025-05-19,down,2,7.5390945057890235,0.9837944293329182
BSE,2025-05-20,down,3,6.783803231253005,-1.4958651232190645
BSE,2025-05-30,down,1,14.469828340493972,5.8230232554776995
BSE,2025-06-02,down,2,7.632841326013984,0.6121807320276007
BSE,2025-06-03,down,3,5.854178244968811,1.128604999637961
BSE,2025-06-04,up,1,-7.364681118209071,0.6910368255171884
BSE,2025-06-05,up,2,-8.25977033681503,3.9138251487897957
BSE,2025-06-06,up,3,-5.3532850600919275,1.2756641739895658
BSE,2025-06-09,up,4,-7.661021603665086,0.3125094403401807
BSE,2025-11-03,up,1,5.002961897687497,0.16897388549765857
BSE,2025-11-07,down,3,12.066748227961877,3.865615654749166
BSE,2025-11-12,up,3,0.688309914959162,2.0534562785327948
BSE,2025-11-13,up,4,-2.3689218916065458,-3.216352587664928
BSE,2025-11-18,down,1,-4.73158449500689,-0.6553693720714238
BSE,2025-11-19,up,1,-10.570733757777685,1.2829638524089804
BSE,2025-11-20,up,2,-7.86478100124347,-1.2007859203271742
BSE,2026-02-09,up,2,-6.8463467674350635,5.644114938144207
BSE,2026-02-10,up,3,-8.974987175203776,5.938604327753216
BSE,2026-02-11,up,4,-13.823181579195198,-1.1029379179232857
BSE,2026-04-15,up,1,5.166560826859223,2.1528695283763666
BSE,2026-04-16,down,1,5.4371653612780735,0.4620381435894938
BSE,2026-04-17,up,1,4.282201812220676,1.8060683580878534
BSE,2026-04-20,up,2,1.6354872862798908,-2.720203176459246
BSE,2026-04-28,down,1,7.3651378306297755,1.704363337374759
BSE,2026-04-29,up,1,5.311993562746986,-1.506320072740075
BSE,2026-05-04,up,1,4.283374249856697,0.4906091227984799
BSE,2026-05-05,down,1,6.991012915615014,0.16495419043267567
BSE,2026-05-06,up,1,6.002969260721458,2.0491211488730565
BSE,2026-05-07,down,1,3.758071667906604,1.8564228870176613
BSE,2026-05-14,up,2,6.906633465434475,1.2738036820467036
BSE,2026-05-18,up,1,4.550708633923928,1.2420732367484533
BSE,2026-05-19,down,1,3.286186275023062,0.36898237405138534
BSE,2026-05-26,down,1,-7.522578805441171,2.6011009327057577
BSOFT,2021-11-18,down,3,3.937516198447377,
BSOFT,2021-11-24,down,1,-0.705467052818054,
BSOFT,2021-12-13,down,2,5.437723662389815,
BSOFT,2021-12-14,down,3,3.132114740312608,
BSOFT,2021-12-17,down,1,1.558644102638973,
BSOFT,2021-12-23,up,3,2.9533258671645246,
BSOFT,2021-12-24,down,1,0.941845793316487,
BSOFT,2021-12-28,up,2,4.778852117265275,
BSOFT,2021-12-30,down,2,3.509975299106549,
BSOFT,2022-01-03,up,2,-3.1510263427516727,
BSOFT,2022-01-07,up,1,-17.324630200121494,
BSOFT,2022-01-10,up,2,-19.359251097896713,
BSOFT,2022-04-05,down,1,-12.966032777774572,
BSOFT,2022-04-11,down,1,-17.99036699893477,
BSOFT,2023-05-16,down,1,6.1814611201893355,
BSOFT,2023-05-19,up,1,2.1796845369564943,
BSOFT,2023-05-22,up,2,1.3164483747603928,
BSOFT,2023-05-23,up,3,0.23197794021097007,
BSOFT,2023-06-01,down,2,-0.9865335707843537,
BSOFT,2023-06-02,up,1,-2.386169276532568,
BSOFT,2023-07-14,up,2,9.20971586578252,
BSOFT,2023-07-17,up,3,5.039112105360677,
BSOFT,2023-07-19,up,5,1.6507504985738608,
BSOFT,2023-07-27,down,1,12.180993245567851,
BSOFT,2023-07-28,down,2,8.381245274265826,
BSOFT,2023-07-31,up,1,5.101990215987096,
BSOFT,2023-08-01,down,1,3.879020850962389,
BSOFT,2023-08-04,up,1,7.5560374034721045,
BSOFT,2023-08-07,up,2,5.637130306720484,
BSOFT,2023-08-08,down,1,4.027845313545297,
BSOFT,2023-08-17,down,1,3.728969382485725,
BSOFT,2023-08-24,down,1,7.450040519232504,
BSOFT,2023-08-25,down,2,5.846644623008235,
BSOFT,2023-08-29,up,2,3.831339661388755,
BSOFT,2023-08-31,down,1,-3.1533059404528996,
BSOFT,2023-09-01,up,1,-5.065413366882421,
BSOFT,2023-09-04,up,2,-9.334477030146504,
BSOFT,2023-10-11,up,2,1.4789923017778372,
BSOFT,2023-10-17,up,1,4.09826385041534,
BSOFT,2023-10-18,down,1,2.6211577419648524,
BSOFT,2023-11-01,down,2,8.821963789451193,
BSOFT,2023-11-03,up,2,4.100268501165361,
BSOFT,2023-11-06,up,3,2.7661040844733087,
BSOFT,2023-11-15,up,3,8.349913032493795,
BSOFT,2023-11-16,up,4,5.4500370145925014,
BSOFT,2023-11-20,down,2,4.01591651119404,
BSOFT,2023-12-01,up,4,1.8964699365145332,
BSOFT,2023-12-06,up,7,7.965212576014213,
BSOFT,2023-12-08,up,1,5.3538090972292895,
BSOFT,2023-12-13,up,1,2.1319221345663664,
BSOFT,2023-12-14,up,2,5.4984780123039645,
BSOFT,2023-12-15,up,3,-0.03307538784594888,
BSOFT,2023-12-20,down,1,1.6734278778277156,
BSOFT,2023-12-22,up,2,-0.47733157663740755,
BSOFT,2024-01-11,up,3,13.409493501519364,
BSOFT,2024-01-12,up,4,10.663786331500402,
BSOFT,2024-01-15,up,5,6.474838602933208,
BSOFT,2024-01-23,down,1,4.0897000147775975,
BSOFT,2024-01-24,up,1,2.8297776029437394,
BSOFT,2024-01-25,down,1,1.6122705950901928,
BSOFT,2024-01-30,down,1,-4.647634159435976,
BSOFT,2024-06-26,up,3,1.7934013868011967,
BSOFT,2024-07-01,up,1,2.8084729005297016,
BSOFT,2024-07-12,up,1,2.7801554307120835,
BSOFT,2024-07-15,up,2,1.486311590853484,
BSOFT,2024-07-18,up,4,-14.539374319045596,
BSOFT,2024-07-19,down,1,-15.10635251126019,
BSOFT,2025-11-12,up,3,3.8894751033837993,
BSOFT,2025-11-13,up,4,0.48262731406096826,
CAMS,2023-12-05,up,6,-9.955393541369851,-2.813727585573711
CAMS,2024-02-23,down,1,-4.206000623782691,3.1046039754930366
CAMS,2024-02-26,down,2,-10.607691306546174,-1.2868993103211546
CAMS,2024-02-27,up,1,-11.64122848331246,-1.4959638155096044
CAMS,2024-02-28,down,1,-9.134123563221019,-4.830477978121284
CAMS,2024-04-18,down,4,-0.07944433296210862,-2.348721508735374
CAMS,2024-04-24,up,4,-0.930203323547063,-2.3654760383099216
CAMS,2024-07-10,down,1,4.828542961298576,3.0230146314142337
CAMS,2024-07-30,up,3,-8.071911222965033,7.492630007694445
CAMS,2024-07-31,up,4,-7.596407687504925,-4.709257943088785
CAMS,2024-12-04,up,4,-3.9979898570346784,0.5468332611118454
CAMS,2024-12-05,up,5,-3.609987790017477,0.49281744636651137
CAMS,2025-06-02,down,2,3.4858348331169076,3.2273311578957298
CAMS,2025-06-03,down,3,0.8625964200654535,0.19446983224986614
CAMS,2025-06-05,up,2,-1.2987835321705221,0.15849354885322242
CAMS,2025-06-06,up,3,0.0361211611548784,0.06175070700000784
CAMS,2026-04-23,down,2,4.412795712868789,1.217818679344651
CAMS,2026-05-05,down,1,-3.1639535006745323,3.351891284959585
CAMS,2026-05-06,up,1,-5.9384709154562625,1.608066062574931
CAMS,2026-05-07,down,1,-4.131200358523868,1.246660721234072
CAMS,2026-05-08,down,2,-8.631068998682,-2.5754283475225237
CANBK,2021-10-12,up,4,5.009301264689059,2.5407285344445585
CANBK,2021-10-13,up,5,13.528112805234315,-0.550430411447822
CANBK,2021-10-14,up,6,12.540385813394606,2.7291686370154222
CANBK,2021-10-18,up,7,9.45274021145277,2.5130764260129723
CANBK,2021-10-25,up,1,4.495888070862408,-1.106462812834963
CANBK,2021-10-29,down,3,17.125213628534674,3.098963016244083
CANBK,2021-11-02,down,1,11.152444922610115,2.2784573211555914
CANBK,2021-11-03,down,2,7.323830146307975,0.029764753002559097
CANBK,2021-11-04,up,1,-8.23153917134083,-0.3675258090294231
CANBK,2021-11-08,up,2,-8.76784925841514,5.532939611082699
CANBK,2021-11-09,down,1,-16.393642536236143,-2.1154374967743306
CANBK,2022-01-14,down,1,5.481834770452343,-0.30039073401795235
CANBK,2022-01-17,up,1,4.92752305540145,-0.47572050709558944
CANBK,2022-01-20,down,3,4.016492675395367,-2.851706649751551
CANBK,2022-01-27,down,1,8.30100926269981,3.7197858386743388
CANBK,2022-01-28,down,2,-3.578084759647737,-0.8466480414553779
CANBK,2022-01-31,up,1,-4.230381634575176,3.969701505205281
CANBK,2022-02-01,up,2,-8.183141334745192,1.5754512350617311
CANBK,2022-02-02,up,3,-12.840229094635468,2.2030558064518146
CANBK,2022-04-01,up,1,-2.296911864340123,3.6153958676143905
CANBK,2022-04-04,up,2,-4.237899424852609,-0.06354710803662122
CANBK,2022-04-05,down,1,-4.471062489701727,-1.2758378830270423
CANBK,2022-04-06,down,2,-7.2992017277446415,0.04743112418041928
CANBK,2022-04-07,down,3,-8.520619822471032,-1.0549469177946968
CANBK,2022-07-19,up,3,4.829363252358809,1.2556345699365812
CANBK,2022-07-20,up,4,3.704937635061434,-2.298566104207478
CANBK,2022-07-21,up,5,2.854522806504467,0.8256640181673269
CANBK,2022-07-22,up,6,1.460336442308563,-0.25822615906502255
CANBK,2022-07-25,down,1,0.06028142072205256,-3.071963887556284
CANBK,2022-08-02,up,5,1.4967775114330006,-1.0491298895105916
CANBK,2022-08-17,up,7,3.2314617362455555,0.9140239731606492
CANBK,2022-08-18,up,8,0.911226342694782,-0.5596601213364805
CANBK,2022-08-26,up,1,-0.8675636271144427,-4.609185347944466
CANBK,2022-09-01,down,1,3.876449957504269,-0.009253102275275094
CANBK,2022-09-09,up,2,2.638326294368598,-1.5829959606559862
CANBK,2022-09-14,down,1,-16.317489136315956,2.291907631201817
CANBK,2022-10-28,up,2,5.448779684765648,-1.1960741441757072
CANBK,2022-11-01,up,4,4.802741157255008,-1.4457961631426763
CANBK,2022-11-04,up,1,8.391995820411125,0.4197904851659384
CANBK,2022-11-07,up,2,7.5984462277640885,3.1448428718227284
CANBK,2022-11-09,down,1,3.6656996373759076,-0.5134668690200739
CANBK,2022-11-22,up,1,2.9716782660974994,1.0793891464735417
CANBK,2022-11-23,up,2,1.9278569007987523,1.1815948865900205
CANBK,2022-11-24,up,3,-2.311085748649089,-0.23843385833653974
CANBK,2022-11-25,up,4,-6.15534361374227,-0.8445199901656708
CANBK,2023-04-25,up,2,3.990339133086507,0.5835019919531836
CANBK,2023-04-28,up,5,3.6304217349167,1.9824548042634005
CANBK,2023-05-02,up,6,1.3010986102010236,-0.9979960308434066
CANBK,2023-05-04,up,1,-7.274384444897574,-0.3737310429785312
CANBK,2023-05-05,down,1,-5.941090157858609,-2.4142655680718272
CANBK,2023-07-20,up,6,1.0558364800050235,-0.35097198561845344
CANBK,2023-07-24,down,2,-0.5551963595462395,-1.362749259674223
CANBK,2023-09-13,up,1,2.038017232026723,0.3248200961194492
CANBK,2023-09-14,up,2,1.3955672446653855,0.033638817520453834
CANBK,2023-09-18,down,1,3.3481879410715454,-0.11969068758677093
CANBK,2023-09-22,down,4,1.4687805450417368,1.336816397480578
CANBK,2023-11-13,up,2,8.15322831275196,3.352890600461733
CANBK,2023-11-15,up,3,0.6430933421884832,0.078924049314133
CANBK,2023-12-01,up,4,3.485986116141393,1.8950180300319364
CANBK,2023-12-04,up,5,1.0102860111285805,1.6157713177920252
CANBK,2023-12-05,up,6,0.3142758507514998,0.7897581682157595
CANBK,2023-12-06,up,7,0.34418424040412177,-0.7136271478855649
CANBK,2023-12-11,up,2,0.09999714374973045,1.1033639130158424
CANBK,2023-12-13,up,1,1.4281255195471632,0.3767651055762933
CANBK,2024-01-03,down,2,2.7713807594673012,2.1087687536999855
CANBK,2024-01-04,up,1,2.039774689526519,0.6313600960520027
CANBK,2024-01-05,up,2,1.7513126276897495,-1.6272510110798777
CANBK,2024-01-23,down,1,5.867191699736796,-3.1468251151332116
CANBK,2024-02-01,down,1,13.278966307817397,4.016004027162046
CANBK,2024-02-02,up,1,8.792670612458299,2.2018598726855965
CANBK,2024-02-05,down,1,5.189161671087894,-0.5641900543593703
CANBK,2024-02-07,up,2,10.745925354483198,6.586229237085184
CANBK,2024-02-08,down,1,4.215767957950511,1.7215439608642136
CANBK,2024-02-15,up,3,3.3717379444374362,0.9094888912741128
CANBK,2024-02-23,down,1,-0.9659999786617579,-2.28778701558795
CANBK,2024-03-05,down,1,-3.447029206368213,0.36657136576321303
CANBK,2024-04-02,down,1,3.9690200352997085,-0.050860476421332734
CANBK,2024-04-25,up,5,-11.985393517713671,-0.4087712776980612
CANBK,2024-04-26,down,1,-12.587800726327469,-0.2571525843960032
CANBK,2024-04-30,down,1,-13.119475739540643,-0.6408536027920242
CANBK,2025-05-13,down,1,5.691361210509394,3.5728225807549308
CANBK,2025-05-14,up,1,1.5666221772986155,0.0020252821607336102
CANBK,2025-05-16,down,1,3.5826803479982683,1.491227599935474
CANBK,2025-05-19,down,2,1.6558300520307156,-0.2317806626620289
CANBK,2025-05-28,down,2,4.282243700429822,1.68336538847218
CANBK,2025-05-30,down,1,-2.9670846963977926,1.945410833123562
CANBK,2025-06-02,down,2,-6.968798066420867,1.8062636660704623
CANBK,2025-06-03,down,3,-6.2523844383499005,-1.4721973699916235
CANBK,2025-06-09,up,4,-3.783370679429099,-0.24475163923487475
CANBK,2025-07-16,up,2,-6.58652527963921,0.910946202020213
CANBK,2025-09-22,down,2,3.964970325871664,-0.18657127166599174
CANBK,2025-09-23,down,3,2.818681253842925,1.9792415280381448
CANBK,2025-09-24,down,4,0.8227783966352931,0.1626360883635991
CANBK,2025-10-03,up,2,3.161432275662457,0.6608841882230765
CANBK,2025-10-06,up,3,1.6354761181583521,-0.15119588910438297
CANBK,2025-10-16,up,2,-0.24257453166178777,-1.602237470484258
CANBK,2025-10-28,down,1,1.6050835517337436,-0.6962991314025224
CANBK,2025-10-30,down,1,8.412934695996356,-0.7844626533352494
CANBK,2025-10-31,down,2,6.410226205448555,2.0372981787118993
CANBK,2025-11-03,up,1,3.0705067748125536,0.2921832369798816
CANBK,2025-11-10,up,1,0.9938011756104093,-1.0954354161078261
CANBK,2025-11-12,up,3,1.923762025902298,0.13047934099708058
CANBK,2025-11-14,up,5,2.000342693188162,0.600450234013139
CANBK,2025-11-17,up,6,-2.9038496728255425,1.6097207236939193
CANBK,2025-11-20,up,2,-3.18819588366277,-2.8518642265115024
CANBK,2025-12-01,down,2,-1.9329561688228858,-1.5545192837044253
CANBK,2026-04-22,down,1,-10.183474423276252,-0.8064176926449895
CANFINHOME,2021-10-01,down,4,-6.027031904740044,
CANFINHOME,2021-10-04,up,1,-6.01667744628922,
CANFINHOME,2024-07-01,up,1,-9.579282765632168,
CAPLIPOINT,2024-08-26,up,8,11.002885449397759,
CAPLIPOINT,2024-08-27,up,9,7.604837935640685,
CAPLIPOINT,2024-09-04,down,1,-4.565540648609723,
CAPLIPOINT,2024-09-05,down,2,-4.373423463843096,
CARTRADE,2025-07-28,down,3,16.258708896921647,
CARTRADE,2025-07-31,down,1,8.60732794620378,
CARTRADE,2025-08-04,up,1,4.784775932331375,
CARTRADE,2025-08-05,down,1,3.1622644608381822,
CARTRADE,2025-08-12,down,1,7.410774338227366,
CARTRADE,2025-08-13,up,1,5.125438714009767,
CARTRADE,2025-08-14,up,2,8.061755450464725,
CARTRADE,2025-08-18,up,3,6.653759805110848,
CARTRADE,2025-08-19,up,4,-0.5730699954961338,
CARTRADE,2025-10-28,down,1,14.887218739812669,
CARTRADE,2025-11-12,up,3,2.2560155198848575,
CARTRADE,2025-11-17,up,6,-14.430960462485077,
CARTRADE,2026-06-17,up,4,12.205018136175493,
CARTRADE,2026-07-01,up,1,1.9592029339762007,
CARTRADE,2026-07-08,down,2,3.2641669700279152,
CARTRADE,2026-07-14,down,1,2.691669855848966,
CARTRADE,2026-08-20,up,1,5.765391995255786,
CARTRADE,2026-08-21,up,2,4.686106175892268,
CARTRADE,2026-08-27,down,2,-0.34395260410544637,
CASTROLIND,2023-12-26,up,3,14.116824759365665,
CASTROLIND,2023-12-27,up,4,2.5517557097535004,
CASTROLIND,2023-12-28,up,5,1.6229455095512435,
CASTROLIND,2024-01-01,up,1,-9.43059947838294,
CASTROLIND,2024-01-29,up,1,12.778534040977751,
CASTROLIND,2024-01-30,down,1,8.202441691147522,
CASTROLIND,2024-02-16,up,4,-3.4381236417123096,
CASTROLIND,2024-03-01,up,2,-13.086579574368118,
CASTROLIND,2024-03-05,down,1,-14.656425285592057,
CASTROLIND,2024-07-01,up,1,12.749389702401492,
CASTROLIND,2024-07-02,down,1,22.013787632579664,
CASTROLIND,2024-07-03,up,1,20.303052779877007,
CASTROLIND,2024-07-04,up,2,5.551609936120494,
CASTROLIND,2024-07-05,up,3,4.126075637776205,
CASTROLIND,2024-07-15,up,2,-5.507055609325229,
CASTROLIND,2024-07-16,up,3,-5.694717914748915,
CASTROLIND,2024-08-21,up,5,-3.070195710787793,
CASTROLIND,2025-02-21,down,4,13.272241795546202,
CASTROLIND,2025-02-27,down,7,11.930057291119866,
CASTROLIND,2025-03-04,down,10,10.255397929646604,
CASTROLIND,2025-03-06,up,2,-3.920827146676198,
CCL,2025-05-20,down,3,4.064386464691649,
CCL,2025-05-27,down,1,3.257191088461764,
CCL,2025-05-30,down,1,-10.589907604832971,
CCL,2025-06-02,down,2,-9.320064985402832,
CCL,2025-06-04,up,1,-6.901954316813708,
CDSL,2021-12-13,down,2,-7.7947792039839925,-0.8096281453460308
CDSL,2021-12-14,down,3,-7.151578623833188,1.8979499123135568
CDSL,2021-12-15,down,4,-9.515998740339516,-1.78883225226677
CDSL,2022-09-06,down,1,-4.4280550373134275,0.2649587312479884
CDSL,2022-09-07,down,2,-7.056124966712574,5.364075020946069
CDSL,2022-09-08,up,1,-15.128803214239984,-1.189462977186384
CDSL,2023-06-22,down,1,5.273820292477005,-0.6859641187999421
CDSL,2023-06-28,up,3,6.68455238657899,4.373883967234327
CDSL,2023-07-03,up,5,5.483929743634031,1.9973270929307896
CDSL,2023-07-05,up,7,1.6586164410116622,2.3773260672858676
CDSL,2023-07-06,up,8,0.10364842454395617,-1.252070944107564
CDSL,2023-07-10,up,1,1.2173365890355115,-0.2425485845017672
CDSL,2023-07-12,down,1,-1.114353668148127,-0.574613876229213
CDSL,2023-10-13,down,2,3.3456131904005426,-0.9233433403595281
CDSL,2023-11-07,down,1,4.551729249469605,-1.4950093983257084
CDSL,2023-11-08,up,1,17.36072722805726,-0.7554788509228527
CDSL,2023-11-09,down,1,16.640722766535433,3.531422641394255
CDSL,2023-11-10,up,1,11.837869476148688,7.693880665605812
CDSL,2023-11-13,up,2,6.333544803944502,4.010150589335204
CDSL,2023-11-29,up,2,2.534247519813948,0.3391031753134932
CDSL,2023-11-30,up,3,1.4433425828950464,-1.141005323656774
CDSL,2023-12-04,up,5,0.8333165085987915,-0.22412309483557102
CDSL,2023-12-13,up,1,-3.90779798169707,0.6265095730756176
CDSL,2024-04-12,down,1,8.62741256618671,1.5451501221697583
CDSL,2024-04-15,down,2,-0.881732369249022,-2.9604452982611495
CDSL,2024-04-23,up,3,-3.1757391406527558,3.2928066025867953
CDSL,2024-04-24,up,4,-1.6387921483877355,-2.2986688331453897
CDSL,2024-05-07,down,3,-6.151320109706604,-4.337574191525229
CDSL,2024-08-22,up,6,-7.562022335972407,1.0177538702426991
CDSL,2024-08-23,up,7,-8.024284654221358,6.526584208432595
CDSL,2024-11-08,down,2,-0.6264956443668979,-2.469134302925946
CDSL,2024-12-02,up,2,2.7735862647980225,0.0705947909714455
CDSL,2024-12-04,up,4,6.244782259745163,2.3252531667901755
CDSL,2024-12-05,up,5,2.166506823756942,7.42268628637921
CDSL,2024-12-06,down,1,-5.183526691415374,0.014560811269848095
CDSL,2024-12-09,down,2,-7.851473312004353,-0.0783339752003509
CDSL,2024-12-12,down,1,-7.178830693507765,-0.255866790509085
CDSL,2024-12-16,down,1,-10.814389789641154,-0.870227182750849
CDSL,2025-05-28,down,2,12.482531228574612,2.5302753588762883
CDSL,2025-05-29,up,1,9.812273635454272,-1.1630856850172067
CDSL,2025-05-30,down,1,15.081293715306776,-0.7951125766445633
CDSL,2025-06-02,down,2,13.896415530335782,8.722795289959496
CDSL,2025-06-03,down,3,4.237355556031686,0.44008461813431765
CDSL,2025-06-04,up,1,0.32496757991113956,-1.4752825468035469
CDSL,2025-06-05,up,2,-0.4690229214678099,2.2773636718304235
CDSL,2025-06-06,up,3,-2.409955792070284,-0.996410704139461
CDSL,2025-06-10,up,5,-1.5057442654386688,-1.971502915643819
CDSL,2025-06-27,up,4,-5.1599466193164245,-1.2792379293208422
CDSL,2025-06-30,down,1,-4.151011285713279,-0.13769815733569724
CDSL,2026-07-10,up,2,-3.593533849192865,3.589234046708256
CDSL,2026-07-13,up,3,-8.827315179344097,-1.0491547804980628
CDSL,2026-08-26,down,1,-8.492933562277095,1.4397041341962957
CEATLTD,2023-05-22,up,2,12.43954632148312,
CEATLTD,2023-05-23,up,3,4.604650421382139,
CEATLTD,2023-05-25,up,1,3.9266584163502927,
CEATLTD,2023-07-06,up,8,14.739384905931807,
CEATLTD,2023-07-10,up,1,-2.111526627353366,
CEATLTD,2024-07-18,up,4,-6.631213587217177,
CEATLTD,2024-12-09,down,2,-1.0287472008916776,
CEATLTD,2025-05-06,down,1,9.379739250365704,
CEATLTD,2025-05-07,up,1,6.8501905614501535,
CEATLTD,2025-05-08,down,1,6.203231754327687,
CEATLTD,2025-05-12,up,1,1.7779822177971694,
CEATLTD,2025-05-14,up,1,-7.597175731291594,
CEATLTD,2025-05-21,up,1,-3.2765490139265774,
CEATLTD,2025-10-20,up,4,7.304536918058724,
CEATLTD,2025-10-21,up,5,-6.34138128029067,
CEATLTD,2025-10-23,up,6,-8.827127799092105,
CEMPRO,2024-10-03,down,4,-11.750190153778862,
CEMPRO,2024-10-04,down,5,-17.71983121466595,
CEMPRO,2026-04-30,down,1,22.12923189870033,
CEMPRO,2026-05-04,up,1,7.399221275655621,
CEMPRO,2026-05-26,down,1,13.626963732941121,
CEMPRO,2026-05-27,down,2,16.478877556984028,
CEMPRO,2026-05-29,down,3,12.180374386035586,
CEMPRO,2026-06-22,up,1,2.770696062863731,
CEMPRO,2026-06-23,down,1,0.9561529206992381,
CENTRALBK,2022-12-09,down,1,18.50521370327638,
CENTRALBK,2023-09-14,up,2,21.588049985169434,
CENTRALBK,2023-09-15,up,3,8.398403798381949,
CENTRALBK,2023-09-18,down,1,0.4353249646340318,
CENTRALBK,2024-01-15,up,5,38.29634143558644,
CENTRALBK,2024-01-16,down,1,37.139585672755885,
CENTRALBK,2024-01-19,up,1,35.75179046376926,
CENTRALBK,2024-01-23,down,1,34.147447355728474,
CENTRALBK,2024-01-30,down,1,28.314949644609854,
CENTRALBK,2024-02-01,down,1,25.478056127503823,
CENTRALBK,2024-02-02,up,1,23.071051053699843,
CENTRALBK,2024-02-05,down,1,16.282261873108595,
CENTRALBK,2024-02-07,up,2,-13.660718665619386,
CENTRALBK,2024-04-30,down,1,-4.341269722558105,
CENTRALBK,2024-06-03,up,2,-8.966721069081174,
CESC,2023-12-04,up,5,20.910747073253244,
CESC,2023-12-05,up,6,13.21292758253334,
CESC,2023-12-06,up,7,4.691008262870522,
CESC,2023-12-07,down,1,2.1145273698663036,
CESC,2023-12-13,up,1,10.392510730816085,
CESC,2023-12-14,up,2,8.28561455427883,
CESC,2023-12-28,up,5,6.174783861212951,
CESC,2023-12-29,down,1,3.848230922550755,
CESC,2024-01-01,up,1,3.303710737336263,
CESC,2024-01-05,up,2,-6.105303063405854,
CESC,2024-01-09,up,1,-0.35525573294546975,
CESC,2024-01-16,down,1,-2.877448174162889,
CESC,2024-01-19,up,1,-14.2267776460955,
CESC,2024-01-30,down,1,-16.45481734506672,
CESC,2024-04-29,up,1,3.501561520620422,
CESC,2024-05-02,up,1,-4.197476017362467,
CESC,2024-05-03,down,1,-6.576442546111871,
CESC,2024-06-26,up,3,12.600661855858286,
CESC,2024-06-27,up,4,-1.6564212628264907,
CESC,2024-07-08,down,1,-4.066117716963169,
CESC,2024-07-09,up,1,-8.143847462157716,
CESC,2024-07-11,down,2,-5.4821040261273986,
CESC,2024-08-01,up,5,2.8155880768809594,
CESC,2024-08-21,up,5,14.697530128294979,
CESC,2024-08-22,up,6,7.169580347415061,
CESC,2024-08-27,up,9,-1.9095120278561972,
CESC,2025-05-21,up,1,-2.496300725157119,
CGCL,2025-08-04,up,1,-0.2831974144647531,
CGCL,2025-08-05,down,1,-1.3090430053466329,
CGCL,2026-07-07,down,1,2.8993372204506374,
CGCL,2026-07-09,up,1,-8.044308104748776,
CGCL,2026-07-10,up,2,-9.713440083998215,
CGCL,2026-09-03,down,4,-3.106263992723457,
CGCL,2026-09-04,up,1,-6.370988724029935,
CGCL,2026-09-07,down,1,-10.33246516820493,
CGPOWER,2023-02-07,down,2,4.140115417649404,0.40777949153376625
CGPOWER,2023-02-10,down,1,-4.935416812650351,2.398800299899184
CGPOWER,2023-05-31,down,1,-5.0661175420554265,-1.1393797195941358
CGPOWER,2024-03-20,up,1,1.4925398178245564,4.631481766425605
CGPOWER,2024-03-21,up,2,-4.789396882698426,4.198547766787453
CGPOWER,2024-03-27,up,1,-3.7090209659059847,-0.29849379133575216
CGPOWER,2024-04-19,up,1,4.634765931950358,0.9567907750263505
CGPOWER,2024-04-23,up,3,3.1274807349752187,-0.8674101610904428
CGPOWER,2024-05-07,down,3,12.875058834914732,0.6461943157774375
CGPOWER,2024-05-13,up,2,9.112556873750922,0.523025896160223
CGPOWER,2024-05-14,up,3,13.616609134030377,1.3236645392008528
CGPOWER,2024-05-15,down,1,11.574480538484067,3.5671316619516835
CGPOWER,2024-05-17,up,2,5.132535934645488,1.877065787306731
CGPOWER,2024-06-03,up,2,4.373498724613123,2.0681346630078368
CGPOWER,2024-06-24,up,1,2.8078323105080516,0.8702158238518054
CGPOWER,2024-07-05,up,3,-6.684267398657218,5.919385983560099
CGPOWER,2024-09-24,up,4,7.8637719323537025,0.32900689175261455
CGPOWER,2024-09-25,up,5,6.161629519683531,-2.2568899581173363
CGPOWER,2024-10-10,up,1,-7.730503967433799,2.6302640552764434
CGPOWER,2024-10-11,down,1,-15.14114554449517,1.0569393421472117
CGPOWER,2024-12-06,down,1,-6.0091103422633125,0.6456820144503883
CGPOWER,2024-12-09,down,2,-7.781271871071116,0.515880178990491
CGPOWER,2025-09-10,up,6,-2.8044909884748948,1.0799098905999616
CGPOWER,2025-09-11,up,7,-3.4050526587839913,1.570071719325461
CGPOWER,2025-09-15,down,1,-5.775593877558071,0.10083773475804136
CGPOWER,2026-02-18,up,3,5.4220150757182894,1.611499834142971
CGPOWER,2026-02-19,down,1,-1.1381128766158488,-3.6309007795173764
CGPOWER,2026-02-24,down,1,-2.6384594985933596,-0.18084645898499563
CGPOWER,2026-02-26,up,2,-6.839432564384451,-0.6683614892569967
CGPOWER,2026-03-11,down,1,-6.790163078850786,-1.8875907811988335
CGPOWER,2026-04-17,up,1,12.095419166997768,1.3639952752489526
CGPOWER,2026-04-20,up,2,6.83222806854733,2.5138313583403127
CGPOWER,2026-04-21,up,3,4.745638871131175,-0.4233198553638795
CGPOWER,2026-04-22,down,1,2.980707160571372,0.24305471213967866
CGPOWER,2026-04-23,down,2,-0.11618408472233721,0.6345517919385202
CGPOWER,2026-04-24,down,3,-4.42679713073586,-2.7014599702275377
CGPOWER,2026-05-07,down,1,9.82987540100475,1.0827255603134134
CGPOWER,2026-05-11,down,3,6.205669622014498,-2.502782232354328
CGPOWER,2026-05-26,down,1,5.521690341049212,-0.7056572148329998
CGPOWER,2026-05-27,down,2,4.857736532401202,4.969537080223874
CGPOWER,2026-05-29,down,3,-0.5081177890862931,-1.4575298128725933
CGPOWER,2026-06-04,up,1,1.5734825419776,0.0031091363259294624
CGPOWER,2026-06-17,up,4,-4.793258036073567,1.3733877267091632
CGPOWER,2026-07-01,up,1,-6.350303066795748,0.538648681707854
CHALET,2025-01-02,up,2,-17.993205421720283,
CHAMBLFERT,2021-12-03,down,1,-6.212226774518614,
CHAMBLFERT,2021-12-16,up,1,2.15699670586591,
CHAMBLFERT,2022-01-14,down,1,-5.832474425226586,
CHAMBLFERT,2022-01-17,up,1,-17.36000717613726,
CHAMBLFERT,2022-01-18,down,1,-15.81920580970505,
CHAMBLFERT,2022-04-04,up,2,7.444638983547436,
CHAMBLFERT,2022-04-05,down,1,1.680441613185435,
CHAMBLFERT,2022-04-11,down,1,5.982691584096345,
CHAMBLFERT,2022-04-12,down,2,3.1651558160119775,
CHAMBLFERT,2022-04-18,down,4,-13.814914846833448,
CHAMBLFERT,2023-12-04,up,5,8.055403876763002,
CHAMBLFERT,2023-12-05,up,6,11.506690464202318,
CHAMBLFERT,2023-12-06,up,7,15.382956944045123,
CHAMBLFERT,2023-12-07,down,1,7.218149986516953,
CHAMBLFERT,2023-12-12,down,1,6.540982723444211,
CHAMBLFERT,2023-12-13,up,1,5.724860989490255,
CHAMBLFERT,2023-12-26,up,3,4.877661606381456,
CHAMBLFERT,2023-12-27,up,4,2.8833872081530654,
CHAMBLFERT,2023-12-28,up,5,1.5190729296227445,
CHAMBLFERT,2024-01-04,up,1,-4.921269938964956,
CHAMBLFERT,2024-04-26,down,1,-2.9682017005827843,
CHAMBLFERT,2024-04-29,up,1,-7.349311196326447,
CHAMBLFERT,2024-06-19,down,1,13.23243139818766,
CHAMBLFERT,2024-06-20,up,1,3.799587233399726,
CHAMBLFERT,2024-06-21,down,1,-10.46283502950831,
CHAMBLFERT,2024-07-09,up,1,-3.8120912465213097,
CHAMBLFERT,2025-02-20,down,3,0.12360170323721942,
CHAMBLFERT,2025-02-21,down,4,-0.426913954046082,
CHAMBLFERT,2025-02-27,down,7,-1.0002295862260757,
CHAMBLFERT,2025-03-06,up,2,2.604419662132984,
CHAMBLFERT,2025-03-21,up,5,11.726819090215756,
CHAMBLFERT,2025-03-24,up,6,10.382847028218855,
CHAMBLFERT,2025-03-26,down,1,6.118943675053101,
CHAMBLFERT,2025-03-27,up,1,5.542574666603106,
CHAMBLFERT,2025-04-02,up,1,4.37543719003719,
CHAMBLFERT,2025-04-09,down,1,3.7200184321719565,
CHAMBLFERT,2025-04-11,up,1,6.874185583512404,
CHAMBLFERT,2025-04-15,up,2,4.9066771339176585,
CHAMBLFERT,2025-04-17,up,4,8.327940211194962,
CHAMBLFERT,2025-04-21,up,5,7.116274098258724,
CHAMBLFERT,2025-04-22,up,6,4.409364644512093,
CHAMBLFERT,2025-04-30,down,1,3.3349774973722157,
CHAMBLFERT,2025-05-06,down,1,-16.451944807702223,
CHENNPETRO,2022-04-29,down,1,18.654304034175762,
CHENNPETRO,2022-05-04,down,3,1.656780084156595,
CHENNPETRO,2022-05-19,down,2,-11.135840586134293,
CHENNPETRO,2022-05-20,up,1,11.583529768939439,
CHENNPETRO,2022-06-08,down,4,-15.656594667250134,
CHENNPETRO,2023-05-17,down,2,20.3949082923341,
CHENNPETRO,2023-05-18,down,3,14.508934998042221,
CHENNPETRO,2023-05-19,up,1,8.726302530915397,
CHENNPETRO,2023-05-24,down,1,3.210995265109573,
CHENNPETRO,2023-05-25,up,1,-4.597957938809916,
CHENNPETRO,2023-09-12,down,1,3.6234879117385876,
CHENNPETRO,2023-09-14,up,2,-0.2839148753707721,
CHENNPETRO,2023-09-15,up,3,-1.0779481138865732,
CHENNPETRO,2023-09-20,down,2,-3.5772708583167945,
CHENNPETRO,2023-10-17,up,1,5.961425451516655,
CHENNPETRO,2023-11-03,up,2,4.4216443982052045,
CHENNPETRO,2023-11-15,up,3,7.402970904928918,
CHENNPETRO,2023-11-16,up,4,2.6572582370367304,
CHENNPETRO,2023-11-30,up,3,6.8576752326314105,
CHENNPETRO,2023-12-01,up,4,4.5588083322261275,
CHENNPETRO,2023-12-08,up,1,0.9853683189560813,
CHENNPETRO,2023-12-19,up,1,0.5413240029875421,
CHENNPETRO,2023-12-20,down,1,-2.4516338483253186,
CHENNPETRO,2024-01-11,up,3,24.52502261657321,
CHENNPETRO,2024-01-15,up,5,6.793070732958073,
CHENNPETRO,2024-02-02,up,1,-8.652724748854546,
CHENNPETRO,2024-02-05,down,1,-10.123970550663831,
CHENNPETRO,2024-02-08,down,1,0.17445380870617644,
CHENNPETRO,2024-02-15,up,3,-8.209743233495537,
CHENNPETRO,2024-02-19,up,5,-14.349644796146633,
CHENNPETRO,2024-04-24,up,4,-5.843835288421884,
CHENNPETRO,2024-04-26,down,1,-19.344707491235468,
CHENNPETRO,2024-07-15,up,2,-7.932247730725461,
CHENNPETRO,2024-07-16,up,3,-10.776865780148936,
CHENNPETRO,2025-03-21,up,5,7.161746092315635,
CHENNPETRO,2025-03-24,up,6,-3.8905228078613407,
CHENNPETRO,2025-03-26,down,1,-4.03306237640928,
CHENNPETRO,2025-04-16,up,3,-8.397972316461855,
CHENNPETRO,2025-05-29,up,1,-16.85343312301687,
CHENNPETRO,2025-07-03,down,2,7.9513343537019665,
CHENNPETRO,2025-07-04,up,1,5.657004407670452,
CHENNPETRO,2025-07-18,down,2,-18.12039546512959,
CHENNPETRO,2025-07-22,down,1,-16.559336844588124,
CHENNPETRO,2025-10-07,up,4,-0.754906867181071,
CHENNPETRO,2025-11-06,down,2,7.25929957707705,
CHENNPETRO,2025-11-10,up,1,4.853343538080934,
CHENNPETRO,2025-11-17,up,6,-15.175728149276202,
CHENNPETRO,2025-11-18,down,1,-15.53270710859188,
CHENNPETRO,2026-02-11,up,4,2.9208807796534897,
CHENNPETRO,2026-03-04,down,3,2.606185474062128,
CHENNPETRO,2026-03-05,up,1,-5.634869132597875,
CHENNPETRO,2026-03-17,up,2,-8.02041283039594,
CHENNPETRO,2026-03-20,up,1,-9.444146786640461,
CHENNPETRO,2026-04-17,up,1,2.90247838164992,
CHENNPETRO,2026-04-22,down,1,7.983890073442312,
CHENNPETRO,2026-04-29,up,1,-8.751798577376025,
CHENNPETRO,2026-04-30,down,1,-12.039803107424806,
CHENNPETRO,2026-06-09,up,1,-7.889125799573549,
CHENNPETRO,2026-06-10,down,1,-2.6997503929514277,
CHENNPETRO,2026-07-22,down,3,3.0636495241747053,
CHENNPETRO,2026-07-23,down,4,0.29699411686814337,
CHENNPETRO,2026-08-11,down,1,2.1539232041126732,
CHENNPETRO,2026-08-19,down,7,9.757162924741202,
CHENNPETRO,2026-09-09,down,3,-1.7792393962391295,
CHENNPETRO,2026-09-10,up,1,-10.515366343083832,
CHENNPETRO,2026-09-11,down,1,-12.898684760684553,
CHOICEIN,2026-07-09,up,1,-1.410941027775925,
CHOICEIN,2026-07-10,up,2,-2.167773770688819,
CHOLAFIN,2021-11-08,up,2,-6.562913548810412,0.43623257760307954
CHOLAFIN,2021-11-09,down,1,-13.36902558547891,-2.2632825878098117
CHOLAFIN,2021-11-11,down,3,-13.432688714264994,-1.6866011061729025
CHOLAFIN,2021-11-12,up,1,-16.238192699354247,-0.037657347544650666
CHOLAFIN,2022-01-18,down,1,6.7990137796856365,0.358000393532687
CHOLAFIN,2022-01-20,down,3,7.4022876364235435,2.522531114396087
CHOLAFIN,2022-01-21,down,4,3.064052389995142,0.6693404595575103
CHOLAFIN,2022-01-24,down,5,1.1415299893209996,-3.7531410267204635
CHOLAFIN,2022-02-04,down,2,0.6893208430754472,0.5492577605527904
CHOLAFIN,2022-02-10,up,3,-4.263024952698702,-1.1372163520654843
CHOLAFIN,2022-03-23,down,1,0.3752527477765666,-1.37028601230621
CHOLAFIN,2022-03-24,down,2,-1.246829477430178,-0.15009515803364737
CHOLAFIN,2022-03-25,down,3,-0.17916197285355873,-0.5652472829860145
CHOLAFIN,2022-04-08,up,1,2.7365352299538515,0.45051284918262713
CHOLAFIN,2022-04-11,down,1,1.1642814060774498,-1.6428966053419036
CHOLAFIN,2022-07-29,up,3,11.429762042245484,0.29528487825023486
CHOLAFIN,2022-08-01,up,4,11.639831123307287,2.7097674837933017
CHOLAFIN,2022-08-02,up,5,5.817749685047358,0.546055145744262
CHOLAFIN,2022-08-03,up,6,5.843529474475484,1.4832350490782575
CHOLAFIN,2022-08-04,down,1,3.2594047258388548,0.18437232533763392
CHOLAFIN,2022-08-05,up,1,2.471545201176384,0.46191782130493575
CHOLAFIN,2022-08-16,up,6,1.3598688724038688,-0.1879476007857428
CHOLAFIN,2022-08-17,up,7,0.626278923907031,-0.805143588548618
CHOLAFIN,2022-08-25,down,1,-4.522335192211524,-1.8018521624089123
CHOLAFIN,2022-09-02,down,2,-8.898351985075681,-2.4959447323527284
CHOLAFIN,2023-02-08,up,1,-3.2421910738002935,0.44892847115092227
CHOLAFIN,2023-04-27,up,4,10.98399129786587,0.559532135497065
CHOLAFIN,2023-04-28,up,5,10.32352963386467,1.5633617211492368
CHOLAFIN,2023-05-02,up,6,8.18383611833462,-0.36088654612742577
CHOLAFIN,2023-05-04,up,1,15.891658079342253,5.628964806400116
CHOLAFIN,2023-05-05,down,1,6.91901819029852,1.5540852438836739
CHOLAFIN,2023-05-08,up,1,3.8152629074970523,-0.40288923679586697
CHOLAFIN,2023-05-12,up,1,2.893443512640581,-0.783796122215541
CHOLAFIN,2023-05-18,down,3,4.191689188680847,1.2597249050658066
CHOLAFIN,2023-05-22,up,2,1.7058619546911125,-0.018925415498005638
CHOLAFIN,2023-05-23,up,3,1.075309790081791,-0.16787807295748358
CHOLAFIN,2023-06-07,up,4,2.704436432062285,0.03847456828194318
CHOLAFIN,2023-06-13,up,2,7.541794095302334,1.4571239020980231
CHOLAFIN,2023-06-15,down,1,5.336230705277045,0.2683071253743563
CHOLAFIN,2023-06-16,up,1,3.5408577338679637,-0.06357318203550344
CHOLAFIN,2023-06-19,down,1,2.8588291446448144,-0.38754063458129595
CHOLAFIN,2023-07-03,up,5,-1.3288556709148969,1.3245482039208945
CHOLAFIN,2023-07-04,up,6,-4.6096029703470265,0.4543608488171591
CHOLAFIN,2023-09-08,up,6,5.717570287299778,3.657536493357405
CHOLAFIN,2023-09-11,up,7,1.334575840381591,-0.8832114622982279
CHOLAFIN,2023-09-14,up,2,1.0183255483767528,0.6414338298103672
CHOLAFIN,2023-09-15,up,3,3.203096905428593,0.8138877277533263
CHOLAFIN,2023-09-28,down,1,-4.738402791360718,-0.0962927298988836
CHOLAFIN,2023-10-03,down,1,0.274972619495939,-0.2147970805176147
CHOLAFIN,2023-10-11,up,2,-7.307089957988355,-0.887189619614126
CHOLAFIN,2023-12-28,up,5,2.0553423520546676,-2.436742871854991
CHOLAFIN,2024-01-04,up,1,-4.239843449708536,1.5564933880981346
CHOLAFIN,2024-04-08,up,1,6.109893245289588,-0.9418169098106222
CHOLAFIN,2024-06-13,up,3,4.037221621905029,4.284308168089779
CHOLAFIN,2024-06-14,up,4,-2.4185249453622104,-0.006886094752012184
CHOLAFIN,2024-06-19,down,1,-3.085664970000912,-0.9067070405341271
CHOLAFIN,2024-09-05,down,2,4.066616361979913,1.9166539114187975
CHOLAFIN,2024-09-06,down,3,1.2079723286809951,-2.9160218541933625
CHOLAFIN,2024-09-12,up,1,4.427114449667546,0.985306665811625
CHOLAFIN,2024-09-13,down,1,2.958921389628033,-0.38093411435931035
CHOLAFIN,2024-09-18,down,1,1.9900482272413145,-0.18539673027583303
CHOLAFIN,2024-09-19,up,1,1.426920392092712,-0.6123561072334693
CHOLAFIN,2024-09-23,up,3,-7.337534827219228,1.1022922051375783
CHOLAFIN,2025-02-13,down,7,2.143680579462459,-1.239455548683721
CHOLAFIN,2025-02-27,down,7,1.971582566906549,0.8812407095619701
CHOLAFIN,2025-03-04,down,10,4.310453275706694,0.5019929793361078
CHOLAFIN,2025-03-06,up,2,2.9975626163853075,-0.11295024162952805
CHOLAFIN,2025-03-19,up,3,-2.1094559753316644,0.63018242122721
CHOLAFIN,2025-03-21,up,5,0.9452120948007181,0.5926140161311544
CHOLAFIN,2025-03-24,up,6,0.1637007753571007,0.1444390948483587
CHOLAFIN,2025-05-21,up,1,-2.3971359323009644,0.2914673354787567
CHOLAFIN,2025-05-27,down,1,-6.835482361109857,0.04163409323043599
CHOLAFIN,2025-05-28,down,2,-5.454759208262572,-1.6951157735834221
CHOLAFIN,2025-09-22,down,2,2.261433790882772,1.2796490111637748
CHOLAFIN,2025-10-06,up,3,2.782527869821183,-1.108735357749524
CHOLAFIN,2025-10-15,up,1,3.1067005430669647,0.989374704481194
CHOLAFIN,2025-10-24,down,1,-0.9810461060112075,1.7861483665906563
CHOLAFIN,2025-10-27,up,1,-3.7561609390624584,-1.649959100676457
CHOLAFIN,2026-05-04,up,1,6.835366456777536,2.5978970442845917
CHOLAFIN,2026-05-05,down,1,-6.69454131235121,1.445468302627262
CHOLAFIN,2026-05-06,up,1,-5.732604716396306,2.970657226494744
CHOLAFIN,2026-05-07,down,1,-11.25001724718201,-2.569520403438863
CHOLAFIN,2026-06-24,up,1,5.651450582435524,3.1678850053828755
CHOLAFIN,2026-06-25,up,2,2.1238786654635966,0.14265751585598174
CHOLAFIN,2026-07-06,up,4,-2.608786907294891,1.5810238284942102
CHOLAFIN,2026-07-07,down,1,-6.110530674953873,-1.4776504144767055
CHOLAFIN,2026-08-06,up,2,-2.453231780768783,-0.450698706464403
CHOLAHLDNG,2024-07-26,up,1,2.1337181709880193,
CIEINDIA,2023-05-24,down,1,4.224571672431865,
CIEINDIA,2023-06-07,up,4,3.500530970990501,
CIEINDIA,2023-06-09,down,2,-0.7282897746303862,
CIEINDIA,2023-06-19,down,1,3.867539888412286,
CIPLA,2022-02-09,up,2,-2.9980416567773727,0.5400526045476584
CIPLA,2022-03-15,down,1,-3.224896312388903,1.2893942386366986
CIPLA,2022-04-07,down,3,-7.874362508862576,-2.039866735660123
CIPLA,2022-08-01,up,4,5.033196825372888,0.9253906731187422
CIPLA,2022-08-04,down,1,-1.8197096194132345,0.37108347689294163
CIPLA,2022-09-20,up,2,2.3148135012234228,2.4358786321085235
CIPLA,2022-09-28,down,6,2.3752649287902328,-0.8892523075472059
CIPLA,2022-09-30,up,1,1.742435635348305,-0.9277577236956769
CIPLA,2022-10-03,down,1,1.9635884772998935,0.45957937139988747
CIPLA,2022-10-25,down,1,-3.136491455764634,1.2286351868375789
CIPLA,2022-10-27,up,1,-5.832041020869971,-0.14301378021743805
CIPLA,2023-06-13,up,2,1.568035401900758,-0.1312106513082001
CIPLA,2023-06-15,down,1,3.350710974509985,1.1358337463288404
CIPLA,2023-06-16,up,1,1.6815944690609541,0.12437810945273853
CIPLA,2023-06-19,down,1,0.9597299351872035,0.1644165618280624
CIPLA,2023-06-26,up,1,0.674489857244831,0.010353832460840984
CIPLA,2023-07-26,up,2,18.65811724539965,4.468242591187188
CIPLA,2023-07-27,down,1,16.45941946131819,7.723468357535701
CIPLA,2023-08-04,up,1,3.3417401932284374,-2.4885433359314812
CIPLA,2023-08-08,down,1,-0.7023433617676877,2.016762884691503
CIPLA,2023-11-15,up,3,1.620411996243698,-0.8131991585745846
CIPLA,2023-11-22,up,2,-4.868512642023015,0.2921898444286475
CIPLA,2024-01-02,down,1,4.337885891806148,1.33931359805175
CIPLA,2024-01-03,down,2,2.9250596180091737,0.9737305689451636
CIPLA,2024-01-10,up,2,7.185783620125674,1.9253864915436125
CIPLA,2024-01-11,up,3,5.294033026755085,-1.0430423046707715
CIPLA,2024-01-23,down,1,6.47508906319616,4.626123115764469
CIPLA,2024-02-05,down,1,2.6691088826700016,0.8885380526097775
CIPLA,2024-02-08,down,1,1.1081410903971856,-1.797166511194026
CIPLA,2024-02-19,up,5,2.259358491268415,0.28093625615714934
CIPLA,2024-02-27,up,1,0.9624525772808479,0.11332186074806128
CIPLA,2024-06-05,up,1,1.466675476295931,-0.7984271048108837
CIPLA,2024-06-10,down,1,-2.1635531448397027,1.5398568583765426
CIPLA,2024-06-14,up,4,-4.600142496535686,0.7214090732668099
CIPLA,2024-06-18,up,5,-3.986763767116863,0.16287575613080918
CIPLA,2024-08-28,up,10,1.4559211473941902,-0.3623719219952415
CIPLA,2024-08-30,up,12,-0.7186574771240073,1.1201648930070585
CIPLA,2024-09-02,up,13,-0.8294421934145979,-1.7175888270655415
CIPLA,2024-09-17,up,2,0.01730585285013575,-0.4290671277487279
CIPLA,2026-05-06,up,1,6.730787230360624,1.7757245598328364
CIPLA,2026-05-07,down,1,4.194766051076626,-1.730414980491124
CIPLA,2026-05-14,up,2,1.0749116922185165,3.628284901831913
CLEAN,2021-10-06,down,1,-9.346910135484688,
CLEAN,2021-10-07,up,1,-8.025835903889455,
CLEAN,2021-10-08,up,2,-9.368739287911321,
CLEAN,2021-10-11,up,3,-10.901422061560407,
CLEAN,2021-12-06,down,2,-1.4467700559701369,
COALINDIA,2021-09-28,down,1,15.861865348693115,2.1363769388352383
COALINDIA,2021-09-29,down,2,11.721592560014681,5.880130180721155
COALINDIA,2021-10-05,up,2,-0.5732726703964408,1.0177538702426991
COALINDIA,2021-10-06,down,1,-1.523047335407146,-2.573604588336631
COALINDIA,2022-01-13,up,5,-0.868332933787952,1.8200920861531023
COALINDIA,2022-01-20,down,3,0.7877459770492923,-2.3805537970929658
COALINDIA,2022-02-09,up,2,11.442787910000195,1.9146690788481857
COALINDIA,2022-02-10,up,3,8.580214599521675,-1.3200951867858413
COALINDIA,2022-03-28,up,1,2.109891183031487,1.1354061896338363
COALINDIA,2022-04-08,up,1,-7.667951401744711,-1.785163506125964
COALINDIA,2022-04-19,down,5,-8.48073350721017,0.07807735909535207
COALINDIA,2022-04-20,up,1,-16.750807805127955,-1.5011060572942436
COALINDIA,2022-04-21,up,2,-17.682325164708644,-0.2554728219391289
COALINDIA,2022-04-22,down,1,-18.612800334989,-4.4460239649290685
COALINDIA,2022-07-19,up,3,6.7541957800321795,0.8669260557174985
COALINDIA,2022-07-25,down,1,4.8897262360704685,0.02383446228806374
COALINDIA,2022-07-26,down,2,4.213687732014759,-0.15219048099446297
COALINDIA,2022-07-27,up,1,3.3935080274495544,-0.15490822438007923
COALINDIA,2022-07-29,up,3,8.16648761243326,3.1428224730008614
COALINDIA,2022-08-01,up,4,4.748086870484314,-0.23991454370491105
COALINDIA,2022-08-02,up,5,0.29403612378871014,0.08450960818311426
COALINDIA,2022-08-10,up,3,5.31920235336194,3.510067613600598
COALINDIA,2022-08-11,up,4,3.790415187167584,-1.1519842241795808
COALINDIA,2022-08-26,up,1,4.627648690910546,-3.0162855782729925
COALINDIA,2022-08-30,up,1,2.4403869032062264,0.510381756525824
COALINDIA,2022-09-01,down,1,0.9179183080417985,-2.3988338561967137
COALINDIA,2022-09-07,down,2,-11.422616505700056,1.0572126279743799
COALINDIA,2022-09-08,up,1,-11.05900037270846,-1.2459653378750324
COALINDIA,2022-10-18,up,3,1.7719508828933694,0.7725561731876551
COALINDIA,2022-10-28,up,2,4.743772107265243,0.7309133345617669
COALINDIA,2022-11-02,down,1,2.714835789365022,-2.0233790711331245
COALINDIA,2022-11-07,up,2,-9.42722629142818,1.8545070130958852
COALINDIA,2022-11-09,down,1,-10.038035610013074,2.115246699958795
COALINDIA,2023-04-18,down,2,2.3583998646069304,1.0818961092403434
COALINDIA,2023-05-02,up,6,1.4310780715200755,0.05351434595195492
COALINDIA,2023-05-03,down,1,0.9901023823327026,-0.7489362421155055
COALINDIA,2023-05-29,up,3,-7.254863662404776,0.5436514937379178
COALINDIA,2023-09-20,down,2,6.078847102569984,-0.34010587941207815
COALINDIA,2023-09-26,down,1,4.408752087314305,-0.8418117027320093
COALINDIA,2023-09-27,up,1,3.548833168310761,-0.4462949836862129
COALINDIA,2023-09-29,up,1,2.5807580463610202,0.4834721367354522
COALINDIA,2023-10-10,up,1,2.562814129849711,1.8604415880158154
COALINDIA,2023-10-12,down,1,1.7861512111573274,-0.497512437810943
COALINDIA,2023-10-13,down,2,1.9007136888656628,-0.8999003608026968
COALINDIA,2023-10-16,down,3,0.5908190524699375,0.19069646276241858
COALINDIA,2023-10-17,up,1,0.6921395169771083,0.676281363478215
COALINDIA,2023-11-06,up,3,1.5104185895844946,-0.7014412123501623
COALINDIA,2023-11-09,down,1,8.781711672875891,1.0282726879596416
COALINDIA,2023-11-10,up,1,9.023446034226046,2.108870133155505
COALINDIA,2023-11-13,up,2,7.434619173505341,9.524432633174795
COALINDIA,2023-11-15,up,3,0.056862034692617414,0.3553660270078307
COALINDIA,2023-12-04,up,5,3.6107822303214743,0.4342697318466593
COALINDIA,2023-12-06,up,7,1.4234417377090525,-2.211169764243004
COALINDIA,2023-12-19,up,1,4.566824417781823,1.286670097786935
COALINDIA,2023-12-20,down,1,2.5164945272370787,-5.516365137526513
COALINDIA,2023-12-28,up,5,5.0824432940377084,2.0984406974017933
COALINDIA,2024-01-01,up,1,-2.3705036144847758,0.7771583641230206
COALINDIA,2024-01-02,down,1,-1.5779380815674426,1.5604501413491567
COALINDIA,2024-01-29,up,1,3.1895857796825577,2.1940722615275243
COALINDIA,2024-02-02,up,1,6.226923805329787,1.2853032638032502
COALINDIA,2024-02-05,down,1,4.06703634263661,4.65525157672424
COALINDIA,2024-02-07,up,2,-4.204032562899174,0.34086503027408455
COALINDIA,2024-02-08,down,1,-6.1904625789416245,-0.14102228888190904
COALINDIA,2024-02-15,up,3,-2.6209116325648707,2.4327758589094417
COALINDIA,2024-02-16,up,4,-6.152356369532197,-0.17703941736124662
COALINDIA,2024-05-03,down,1,1.1016140278739872,3.511109303345017
COALINDIA,2024-06-03,up,2,-7.969761058738111,0.4830914751700055
COALINDIA,2024-07-30,up,3,3.7252009558514487,0.4717898845163715
COALINDIA,2024-08-01,up,5,2.0108742087623366,1.0927146618965322
COALINDIA,2024-08-23,up,7,-8.897014818813709,0.7196694914900048
COALINDIA,2025-03-21,up,5,-0.21007899991297707,1.9644320353768174
COALINDIA,2025-12-23,up,3,9.918970310193775,3.7281596227585423
COALINDIA,2025-12-24,down,1,6.190578686305015,0.20975692659515044
COALINDIA,2026-01-02,up,3,2.03589235090309,3.9781737734911893
COALINDIA,2026-01-05,down,1,2.873290773830206,-1.076688733283515
COALINDIA,2026-01-14,down,2,1.1771860597366457,-1.5228414543294266
COALINDIA,2026-01-28,up,2,-5.900362441187723,0.4029625627518518
COALINDIA,2026-01-29,up,3,-7.146634245484817,1.2874856084004849
COALINDIA,2026-03-12,down,2,0.47906595701969756,2.649240167754474
COCHINSHIP,2022-10-10,down,2,3.4205695950723314,0.291744714958031
COCHINSHIP,2022-10-27,up,1,3.714096081393947,0.08124923481029889
COCHINSHIP,2022-10-28,up,2,2.58496845629852,-3.1220290422744768
COCHINSHIP,2022-11-02,down,1,11.835194522819448,1.946256780714628
COCHINSHIP,2022-11-03,down,2,7.665068625358384,-0.4722110778206279
COCHINSHIP,2022-11-11,up,1,6.485399226391353,4.1631428617145305
COCHINSHIP,2022-11-14,down,1,0.49052024363747115,1.387353619397036
COCHINSHIP,2022-11-15,up,1,-5.6386209987221765,-1.2466507787728176
COCHINSHIP,2023-06-16,up,1,-0.5060595633397114,-0.2669693616579982
COCHINSHIP,2023-06-19,down,1,8.357934621328432,-0.5561085231173268
COCHINSHIP,2023-07-11,up,2,12.703341225343712,8.852387452442967
COCHINSHIP,2023-07-17,up,3,-2.170443453531523,-1.7707143346401444
COCHINSHIP,2023-07-25,up,1,16.903846716044633,-0.027205433652677247
COCHINSHIP,2023-08-16,up,2,36.08218800396019,15.822659866279952
COCHINSHIP,2023-08-17,down,1,5.2160138730957595,6.765442858699222
COCHINSHIP,2023-08-18,down,2,-4.375518562227121,-6.498794331370106
COCHINSHIP,2023-09-04,up,2,23.69281838249777,-0.7133529748221901
COCHINSHIP,2023-09-05,up,3,20.93825933050153,0.5101731842345858
COCHINSHIP,2023-09-07,up,5,1.7004375213330425,24.119527104601744
COCHINSHIP,2023-11-23,down,1,3.4296283746289236,-1.0483854597025055
COCHINSHIP,2023-11-29,up,2,10.939202174829266,1.9293775027302784
COCHINSHIP,2023-11-30,up,3,7.95355295334097,1.2104132863970163
COCHINSHIP,2023-12-04,up,5,4.563385957885058,-2.8666192845297256
COCHINSHIP,2023-12-06,up,7,11.323237734340408,4.8843891349369395
COCHINSHIP,2023-12-07,down,1,5.6598938308418,-0.9894919940893088
COCHINSHIP,2023-12-08,up,1,4.186923319479674,-3.571191673697971
COCHINSHIP,2023-12-19,up,1,2.9555605545508845,-1.5237028490789006
COCHINSHIP,2023-12-26,up,3,19.452089747812916,2.93220423281102
COCHINSHIP,2023-12-27,up,4,14.936109065173241,-2.2226977047093532
COCHINSHIP,2024-01-10,up,2,19.938334420109705,11.590256643808928
COCHINSHIP,2024-01-16,down,1,12.962843762306942,-1.7121651262847482
COCHINSHIP,2024-01-17,down,2,8.641601216777929,5.4844498583523915
COCHINSHIP,2024-01-18,down,3,-9.753033883055162,-1.6180359463941474
COCHINSHIP,2024-01-31,up,1,-7.989271717546098,2.1603169461540395
COCHINSHIP,2024-04-01,up,3,14.880051665568118,3.6074488876697286
COCHINSHIP,2024-04-02,down,1,27.543905895392907,0.44993499551850835
COCHINSHIP,2024-04-03,down,2,24.94697537107593,7.386837128300328
COCHINSHIP,2024-04-05,down,1,14.813027138214462,1.341224644347383
COCHINSHIP,2024-04-08,up,1,11.47394581204717,2.1825971338776062
COCHINSHIP,2024-04-23,up,3,1.5674829585221595,7.923953001211004
COCHINSHIP,2024-04-24,up,4,-7.089556034524636,-0.7384931270162709
COCHINSHIP,2024-04-25,up,5,6.410500452081069,0.036474888290038976
COCHINSHIP,2024-05-17,up,2,37.28437746826998,8.218033918001243
COCHINSHIP,2024-05-21,up,3,30.756113695246068,14.143549550752388
COCHINSHIP,2024-05-22,up,4,11.63815213941717,-2.609593541725319
COCHINSHIP,2024-05-23,up,5,16.841191865606152,10.593900014264545
COCHINSHIP,2024-05-24,down,1,9.136493123851054,7.987195803926128
COCHINSHIP,2024-05-27,down,2,4.029120292931898,-2.259635378372904
COCHINSHIP,2024-06-14,up,4,15.439473947228155,1.2887918110341179
COCHINSHIP,2024-06-18,up,5,11.458802431806504,7.965917538743095
COCHINSHIP,2024-06-19,down,1,3.8413785178297077,-3.717583816283543
COCHINSHIP,2024-07-03,up,1,0.8897642442995846,0.367231698706072
COCHINSHIP,2024-07-04,up,2,-0.5480110612184563,9.68301004114629
COCHINSHIP,2024-07-05,up,3,-8.598946540360453,5.814330392752187
COCHINSHIP,2024-07-08,down,1,-8.860281356555111,-3.2760241999220674
COCHINSHIP,2025-04-29,up,2,7.923490249388809,6.304066357531268
COCHINSHIP,2025-04-30,down,1,1.2724050652127339,-4.949109239475158
COCHINSHIP,2025-05-14,up,1,17.965789896524242,0.02404981499029013
COCHINSHIP,2025-05-15,up,2,30.094801234546132,2.3802013292824054
COCHINSHIP,2025-05-16,down,1,27.680378067529453,13.515392469964604
COCHINSHIP,2025-05-19,down,2,13.109503201022221,-3.8174697114042755
COCHINSHIP,2025-06-04,up,1,3.5796626622982552,2.3176798932168508
COCHINSHIP,2025-06-05,up,2,-4.331219709641432,10.756562017498727
COCHINSHIP,2025-06-06,up,3,-14.536562934408826,0.6145782706739489
COCHINSHIP,2026-04-23,down,2,11.144532302475362,-0.058899457373073894
COCHINSHIP,2026-04-24,down,3,9.45582467989512,3.488756255061909
COCHINSHIP,2026-04-29,up,1,5.194966105787713,2.8240706649174996
COCHINSHIP,2026-05-07,down,1,-17.97193669774372,2.2975012577561627
COCHINSHIP,2026-05-08,down,2,-22.019378120056356,-3.9835650171053727
COCHINSHIP,2026-08-26,down,1,-14.216413608188772,0.6095798134903019
COCHINSHIP,2026-08-27,down,2,-0.43352369982881944,-1.2653772935963148
COFORGE,2021-10-19,down,1,-7.98769915064681,0.7862192840847548
COFORGE,2021-10-20,down,2,-10.693611223151755,-2.989227485278101
COFORGE,2021-12-30,down,2,5.966820538887241,2.228288963264702
COFORGE,2022-01-03,up,2,-18.950181693147027,1.2083358875433658
COFORGE,2022-01-04,up,3,-20.050870523786134,1.2042235999436768
COFORGE,2022-08-19,down,1,-9.521706590261825,-3.4684836441648548
COFORGE,2022-10-18,up,3,-3.3348081787054396,1.211700510356195
COFORGE,2022-10-19,up,4,0.8925444677251093,-1.5057490354892789
COFORGE,2022-10-20,up,5,3.4972626051043676,-0.712582031606368
COFORGE,2022-10-21,up,6,2.522003177721177,0.14032402092105656
COFORGE,2023-02-02,down,2,-1.369833269105003,-0.7206121857082248
COFORGE,2023-05-16,down,1,3.39614847249996,-0.009029846082764248
COFORGE,2023-05-19,up,1,4.295209058628724,0.04384714299392467
COFORGE,2023-05-22,up,2,3.1210106509112157,1.2816934746480158
COFORGE,2023-05-23,up,3,1.2032188242794062,-2.7893613128236905
COFORGE,2023-05-26,up,2,2.5438440750152003,1.5285563134553426
COFORGE,2023-05-31,down,1,1.5951253381788488,0.7379965148792023
COFORGE,2023-06-02,up,1,-2.7887337279163926,0.11823548181488786
COFORGE,2023-06-21,up,2,1.7337617008856387,-1.9169310472232581
COFORGE,2023-06-27,up,2,4.75535067921129,0.48500658819543574
COFORGE,2023-07-07,down,1,2.7751079722185823,-1.3727798177214146
COFORGE,2023-07-14,up,2,0.9281988981912237,2.2052478035251344
COFORGE,2023-07-17,up,3,-0.9733468470207618,-0.024686233387949397
COFORGE,2023-08-07,up,2,3.045476885228604,0.9918656264254588
COFORGE,2023-08-08,down,1,8.189394946486406,0.14369608249245047
COFORGE,2023-08-09,up,1,6.875545418795692,0.47393503424462136
COFORGE,2023-08-10,down,1,5.38369487975765,1.1250208276825768
COFORGE,2023-08-11,down,2,2.6608625718596013,0.3194511704337266
COFORGE,2023-08-14,up,1,1.495365551176242,-2.060179291427189
COFORGE,2023-08-31,down,1,3.361388491385875,0.4778003338554049
COFORGE,2023-09-05,up,3,-5.9448180298050435,1.8082638937695572
COFORGE,2023-09-06,up,4,-9.533076924191153,-1.115540310868024
COFORGE,2023-12-08,up,1,5.4246667879415345,-0.5463204587488613
COFORGE,2023-12-12,down,1,3.48177826200069,-1.5059921214186534
COFORGE,2023-12-14,up,2,-1.00848338249665,3.475035681564309
COFORGE,2023-12-15,up,3,-4.949260267525524,3.0964287522018408
COFORGE,2024-01-12,up,4,2.9678134704778536,5.150900110547418
COFORGE,2024-02-07,up,2,-2.1079277369963956,0.3951509762517791
COFORGE,2024-02-12,down,1,-3.830675138038686,-0.09597936809696561
COFORGE,2024-06-21,down,1,7.340038702925544,-2.098867038149399
COFORGE,2024-06-28,down,1,6.328862051551565,-1.6691902804816472
COFORGE,2024-07-01,up,1,5.792237101416031,-0.38989683265430175
COFORGE,2024-07-02,down,1,4.922290473502167,1.3879432162248628
COFORGE,2024-07-04,up,2,3.3538496663414685,2.599140820183976
COFORGE,2024-07-08,down,1,0.23441774189179032,-1.0676352437637093
COFORGE,2024-07-12,up,1,-1.8013693498909356,0.41253264934377754
COFORGE,2024-07-19,down,1,-3.153099024810946,-2.6111440104511385
COFORGE,2024-07-23,down,3,-5.293757700905621,-0.41491467555768713
COFORGE,2024-07-24,down,4,-7.796451162203965,-2.4922761421041884
COFORGE,2024-09-05,down,2,5.047291974668733,1.1004934931217347
COFORGE,2024-09-06,down,3,2.935174009440833,-0.8649749241302906
COFORGE,2024-09-10,up,2,3.948698140279805,0.884519826046648
COFORGE,2024-09-11,down,1,1.5431181454928389,-0.13267986851407398
COFORGE,2024-09-13,down,1,3.5097233242789017,0.737469426273285
COFORGE,2024-09-16,up,1,3.4294999102316037,-2.195454374852712
COFORGE,2024-09-27,down,1,-4.187387330087667,-2.6256639092243184
COFORGE,2024-10-03,down,4,-5.003587308162427,-1.87543525566648
COFORGE,2024-10-07,down,6,3.7633836335819293,-0.132995233319122
COFORGE,2024-10-08,up,1,3.228542161788872,0.5405335144370804
COFORGE,2024-10-09,down,1,2.356716254282887,0.6123528759989671
COFORGE,2024-10-15,down,1,0.8069610789050774,-0.7642751390500413
COFORGE,2024-11-07,down,1,4.777536418790862,-0.8529586334347639
COFORGE,2024-11-08,down,2,4.22729121687162,-0.4887502957891199
COFORGE,2024-11-11,down,3,3.188912225918994,0.9894487710885302
COFORGE,2024-11-12,down,4,2.55100219450648,-0.25983884654173783
COFORGE,2024-11-19,up,1,1.545594045602039,-0.6310332429881882
COFORGE,2024-11-22,up,1,11.052837889451839,1.0307366105611449
COFORGE,2024-11-25,up,2,9.65873322736841,2.6714720248777857
COFORGE,2024-11-27,up,1,5.417035869400122,-0.5204406776063375
COFORGE,2024-12-05,up,5,4.275768814403769,-0.5542090119204479
COFORGE,2024-12-09,down,2,2.5807030657391428,-1.0547035135072824
COFORGE,2024-12-10,down,3,1.8386056033826481,-0.3313981013131295
COFORGE,2024-12-12,down,1,6.201461397313146,0.8441523435124942
COFORGE,2024-12-17,down,2,2.7162624616484443,0.06674495586256324
COFORGE,2024-12-18,down,3,3.70599052615439,-2.9459911351713997
COFORGE,2024-12-20,down,5,1.000320041287095,-2.7890075761430433
COFORGE,2024-12-30,down,1,-12.024935945808558,-1.4831850558460369
COFORGE,2025-05-12,up,1,7.35794231138116,4.478233756725114
COFORGE,2025-05-13,down,1,2.550296360458515,-2.1491567727178307
COFORGE,2025-05-14,up,1,1.92952009010956,-0.04281552641095532
COFORGE,2025-05-15,up,2,1.0896064460474308,-0.6732084134946192
COFORGE,2025-05-29,up,1,2.473400997925035,0.6397900297809622
COFORGE,2025-06-05,up,2,4.689790993666443,1.7730035909475195
COFORGE,2025-06-09,up,4,6.859674840085295,0.8906361051883582
COFORGE,2025-06-10,up,5,5.97979630931218,1.1562685189013377
COFORGE,2025-06-25,up,2,-0.1048079912935207,-0.019900497512426174
COFORGE,2025-06-27,up,4,-2.3720422253836304,0.6051536512687195
COFORGE,2025-07-08,up,3,-15.226630086644178,-1.1651761272689187
COFORGE,2025-10-27,up,1,-0.38585616800651534,2.8298430393691065
COFORGE,2025-11-19,up,1,3.749807250422288,2.0009124682265567
COFORGE,2025-11-20,up,2,-0.2095155057435516,-2.0334852249738633
COFORGE,2025-11-27,up,2,3.6238274291611416,0.9781600472215324
COFORGE,2025-11-28,down,1,2.1628126298988137,-0.28967434368626366
COFORGE,2025-12-04,up,1,-13.99921627255637,1.2499486040870034
COFORGE,2026-05-19,down,1,0.570780756794953,1.165877655648262
COFORGE,2026-06-01,down,4,-6.166511550012633,1.039834733721312
COFORGE,2026-06-02,up,1,-1.6265621933086005,-1.04210966520496
COFORGE,2026-06-25,up,2,0.24296796230640627,-1.2644402959248513
COFORGE,2026-07-13,up,3,10.10842525468938,0.9000694059875913
COFORGE,2026-07-14,down,1,8.379863934270926,-2.290988623907575
COFORGE,2026-07-28,down,1,12.439713478496639,9.07857145122064
COFORGE,2026-07-29,up,1,6.573695986502415,0.025622248342194176
COFORGE,2026-08-05,up,1,5.512551521331854,1.6945907441731523
COFORGE,2026-08-06,up,2,4.733602680111759,-1.3433921651181957
COFORGE,2026-08-11,down,1,2.745355042505948,-0.6940484472272468
COFORGE,2026-08-20,up,1,9.157975576419354,2.4067191202207017
COFORGE,2026-08-26,down,1,5.459650601919797,-1.329841952151034
COFORGE,2026-08-28,up,1,-9.250404143737633,3.503956927759555
COHANCE,2026-04-27,up,1,3.5902926222592724,
COHANCE,2026-04-28,down,1,-2.546972098721789,
COLPAL,2023-07-27,down,1,4.0684464313288204,4.7668936616029445
COLPAL,2023-07-28,down,2,-2.1517941212474745,0.044918418667649895
COLPAL,2023-10-20,down,3,-0.06491681431086693,-0.37222026104278827
COLPAL,2023-12-01,up,4,7.07712124990485,2.948352350393635
COLPAL,2023-12-04,up,5,3.9429285352942767,-0.2823388008896033
COLPAL,2023-12-05,up,6,0.5547500891681434,0.06197386768580504
COLPAL,2023-12-06,up,7,-0.15993758727375074,-0.22189620762544937
COLPAL,2023-12-13,up,1,2.5834750747443014,2.7699401058117745
COLPAL,2023-12-14,up,2,-0.2254635003833272,-1.2806720333708332
COLPAL,2023-12-26,up,3,3.339649863267402,0.5261398843869669
COLPAL,2023-12-27,up,4,0.9072875795818947,-0.2916329198944245
COLPAL,2023-12-28,up,5,-0.04887193773982501,0.7783184582822678
COLPAL,2024-05-07,down,3,-6.8720100178972565,-1.2800372948088778
COLPAL,2024-07-16,up,3,7.8979880899615384,-0.003945297690477467
COLPAL,2024-07-22,down,2,6.1743595439009535,-1.0320805220135343
COLPAL,2024-07-23,down,3,5.623645183878678,-0.5430038536196391
COLPAL,2024-07-29,up,2,9.73680435090538,2.4518592684005913
COLPAL,2024-07-30,up,3,7.491392959322418,2.9389035411377495
COLPAL,2024-08-07,up,1,2.539822140695658,0.5482956894800495
COLPAL,2024-08-08,down,1,1.802261483685963,0.11595514747333446
COLPAL,2024-08-16,up,2,4.086502920015889,0.8709988668494484
COLPAL,2024-08-19,up,3,3.463364294207172,-0.11674532392478287
COLPAL,2024-08-21,up,5,1.6176104065643848,0.05456340780363167
COLPAL,2024-08-30,up,12,0.11104455731241192,0.22591690179873947
COLPAL,2025-04-24,down,1,-1.3884171195652106,0.16241563002967752
CONCOR,2022-04-06,down,2,-8.768212213533388,1.3372852051797723
CONCOR,2022-07-28,up,2,5.19454949314111,0.02389444132142593
CONCOR,2022-07-29,up,3,4.013610782218402,2.0731134944731444
CONCOR,2022-08-01,up,4,-4.10363679110346,-0.9987544260239845
CONCOR,2022-08-02,up,5,-3.1509137931220565,-0.4975124378109319
CONCOR,2022-10-31,up,3,-8.524917625754902,-0.5597403850043037
CONCOR,2022-11-09,down,1,-5.282760549916121,-0.2705228947327831
CONCOR,2023-12-14,up,2,4.310857900127862,0.3933486474511527
CONCOR,2024-01-02,down,1,3.6801148612861434,0.23470919300034865
CONCOR,2024-01-03,down,2,-6.590305191556755,-0.23824597854030793
CONCOR,2024-01-04,up,1,-3.8448119525566704,2.7380242004589217
CONCOR,2024-02-08,down,1,2.5234122106860823,0.45371162388960773
CONCOR,2024-02-09,up,1,1.2365545501712205,-1.7412922723487045
CONCOR,2024-02-16,up,4,-2.115687630653018,0.8543830559397669
CONCOR,2024-02-19,up,5,-6.747921990856254,0.9642768931432011
CONCOR,2024-02-21,down,1,-14.929881544741551,-1.7177716674045995
CONCOR,2024-04-25,up,5,10.778555160224258,2.921483014472881
CONCOR,2024-04-26,down,1,6.881604706519284,6.483393310129193
CONCOR,2024-05-17,up,2,8.815642393388146,3.60305573413493
CONCOR,2024-06-03,up,2,-6.583698927159453,4.842336604835928
CONCOR,2025-05-27,down,1,-1.4362203478557212,1.3405088411579502
CONCOR,2025-05-28,down,2,-3.1674214124779776,0.3279758404072908
CONCOR,2025-05-29,up,1,-7.575817965491149,-0.2054983225018736
CONCOR,2025-06-03,down,3,-6.2525514481903794,-0.7490951715508731
CONCOR,2025-06-04,up,1,-5.60340992899615,1.3500912644472063
CONCOR,2025-06-05,up,2,-7.06529498766807,-0.8055696748455743
CONCOR,2026-07-27,up,1,6.199009833644298,2.3880597014925398
CONCOR,2026-07-28,down,1,3.045810546682648,1.3755233992692295
CONCOR,2026-08-13,down,3,-4.773668909339667,0.12004819184239235
CONCOR,2026-08-14,down,4,-5.60735073465537,-1.519480097179815
COROMANDEL,2024-06-20,up,1,0.017187863036860485,
COROMANDEL,2024-07-08,down,1,3.574448009526421,
COROMANDEL,2024-08-12,down,1,2.7579239950482393,
COROMANDEL,2024-08-16,up,2,-4.628410824275653,
COROMANDEL,2025-01-01,up,1,-4.852308601117117,
COROMANDEL,2025-01-02,up,2,-4.930362511415087,
COROMANDEL,2025-04-01,down,2,7.672703495104538,
COROMANDEL,2025-04-03,down,1,8.29852200302259,
COROMANDEL,2025-04-11,up,1,8.35235586772023,
COROMANDEL,2025-04-15,up,2,4.242012816663832,
COROMANDEL,2025-04-29,up,2,5.791237601904586,
COROMANDEL,2025-05-02,up,1,3.5545270164855314,
COROMANDEL,2025-05-08,down,1,-1.7359778377679436,
COROMANDEL,2025-05-12,up,1,-2.976775501405138,
COROMANDEL,2025-05-13,down,1,-5.206671880393188,
COROMANDEL,2025-05-15,up,2,-7.751080373004859,
COROMANDEL,2025-07-24,down,1,2.138419475790543,
COROMANDEL,2025-07-29,up,1,-4.067178372748015,
COROMANDEL,2025-07-30,up,2,-6.010184515638251,
COROMANDEL,2025-07-31,down,1,-9.434798122694177,
CPPLUS,2025-09-04,up,2,0.46518486370046297,
CPPLUS,2026-04-28,down,1,0.6281403799123897,
CPPLUS,2026-05-06,up,1,6.1113368889025965,
CPPLUS,2026-06-01,down,4,15.461951519203554,
CPPLUS,2026-06-02,up,1,13.33525849405195,
CPPLUS,2026-06-03,down,1,10.279422577922137,
CPPLUS,2026-06-05,down,1,2.320823190859156,
CPPLUS,2026-06-22,up,1,1.1363543530296116,
CPPLUS,2026-06-30,down,2,-7.116823604653866,
CRAFTSMAN,2024-07-02,down,1,-7.085836196871531,
CRAFTSMAN,2024-07-03,up,1,-10.525600532716982,
CRAFTSMAN,2026-05-08,down,2,-0.5938417253142037,
CRAFTSMAN,2026-05-29,down,3,4.16579508556556,
CREDITACC,2025-04-21,up,5,3.7565289421529924,
CREDITACC,2025-05-27,down,1,-0.8060161686271106,
CREDITACC,2025-07-23,up,1,-3.9919414217509774,
CREDITACC,2025-07-24,down,1,-3.4149042946869823,
CREDITACC,2026-05-05,down,1,-3.9153637886311876,
CROMPTON,2022-08-25,down,1,-1.4351646091843695,2.8459655332682576
CROMPTON,2022-08-26,up,1,-5.499084665258735,-2.9141359633542363
CROMPTON,2022-09-13,up,4,-6.200128553686435,-3.8299099331247644
CROMPTON,2023-06-05,up,2,2.430074718011954,0.627109789593483
CROMPTON,2023-06-08,down,1,0.6780613763262222,-1.0063355421361941
CROMPTON,2023-06-13,up,2,1.9904824857198689,0.8073811185077773
CROMPTON,2023-06-14,up,3,-0.014241404776837996,-0.6873655289791225
CROMPTON,2023-06-15,down,1,-1.768345724303766,1.2541625222320718
CROMPTON,2024-04-22,up,2,5.254456586332257,2.014844747529998
CROMPTON,2024-04-23,up,3,2.3307196637883276,-0.3689582164761229
CROMPTON,2024-04-24,up,4,1.6576032502960913,-0.40172367221406047
CROMPTON,2024-04-26,down,1,0.60842186900949,-0.46591238616253694
CROMPTON,2024-04-30,down,1,6.60420709148839,0.7566547044418837
CROMPTON,2024-05-02,up,1,5.936574681568008,1.6679500747781129
CROMPTON,2024-05-06,down,2,2.0692246950733573,-2.4938737205952632
CROMPTON,2024-05-08,down,4,16.75156966558955,1.7964108222454422
CROMPTON,2024-05-09,down,5,13.85408545491067,-2.5456622850619115
CROMPTON,2024-05-17,up,2,18.699657342146736,15.0101133643725
CROMPTON,2024-05-21,up,3,2.596352438813976,-2.942655851370146
CROMPTON,2024-06-05,up,1,3.351399171547431,0.4430553186725028
CROMPTON,2024-06-06,up,2,1.1731436135295592,-0.7431975922854828
CROMPTON,2024-06-10,down,1,0.4516353875147594,1.120907337401289
CROMPTON,2024-06-11,up,1,-1.5627939347644726,-1.5388607707025548
CROMPTON,2024-06-12,up,2,-3.152171968913997,0.3557738245877351
CROMPTON,2024-06-13,up,3,-3.739857452517492,0.08986942501190143
CROMPTON,2024-06-14,up,4,-1.8509674600706738,0.08587457547748478
CROMPTON,2024-06-18,up,5,-0.8106335695683864,-0.2655719073629492
CROMPTON,2024-06-19,down,1,-2.5138320088679778,-1.5690408605283257
CROMPTON,2024-07-30,up,3,3.230245065477888,-0.9276411515128702
CROMPTON,2024-08-01,up,5,1.035289207582868,-2.850683454247238
CROMPTON,2024-08-19,up,3,2.9905226312257893,0.12967478035841307
CROMPTON,2024-08-21,up,5,3.19056625415719,1.654772270610283
CROMPTON,2024-09-02,up,13,-7.789534655206287,-2.9902437486100997
CROMPTON,2026-02-16,up,1,-9.568336028624081,0.663992922265555
CROMPTON,2026-04-29,up,1,3.719927990494787,-0.5340293408245267
CROMPTON,2026-05-06,up,1,6.962781755118863,0.816715051111272
CROMPTON,2026-05-07,down,1,4.722126082976996,0.8897652154342017
CROMPTON,2026-05-08,down,2,2.559399495091874,-1.4315688617534739
CROMPTON,2026-05-15,down,1,-14.550596794406989,-0.6139305513737425
CUB,2024-06-25,up,2,-5.349557932132065,
CUB,2024-06-28,down,1,-7.65583893111037,
CUB,2024-07-04,up,2,-7.452615431555398,
CUB,2024-11-04,down,1,-1.0469798097829552,
CUB,2024-11-06,up,2,-0.8674623223578926,
CUB,2025-11-14,up,5,2.3913679644228303,
CUB,2025-11-17,up,6,-2.9163559480642975,
CUMMINSIND,2022-04-01,up,1,-10.194156444237812,0.037775269924167354
CUMMINSIND,2022-04-04,up,2,-10.456468698855891,-2.316938876402108
CUMMINSIND,2022-04-11,down,1,-11.963425280285644,-3.0805857843645756
CUMMINSIND,2022-08-12,up,5,-3.202290156062537,-0.9964939754988689
CUMMINSIND,2022-11-28,up,5,0.9740567908445019,-0.5403719842471344
CUMMINSIND,2022-12-01,up,8,6.71992151916474,-0.028032291228707873
CUMMINSIND,2022-12-05,up,1,4.90985708356797,-0.3666317485564452
CUMMINSIND,2022-12-07,down,2,4.113416559754746,0.21685402271862664
CUMMINSIND,2022-12-09,down,1,-6.879161857555427,2.3998617874610106
CUMMINSIND,2023-02-15,up,2,2.603964493734723,0.8150053195058016
CUMMINSIND,2023-02-16,up,3,1.696051280645161,-0.1928508102475801
CUMMINSIND,2023-03-06,up,2,-3.0205499892893672,-0.34154732354474415
CUMMINSIND,2023-03-08,up,3,-0.6278003656542075,1.5052659254352507
CUMMINSIND,2023-03-09,down,1,-3.3646675880655286,-0.7347125700143953
CUMMINSIND,2023-03-15,down,5,-7.40191047403862,-0.4388763610701507
CUMMINSIND,2023-05-26,up,2,4.860847913398381,1.8756020951741448
CUMMINSIND,2023-05-29,up,3,3.348201521130001,-0.4975124378109319
CUMMINSIND,2023-05-30,up,4,2.4181943535014128,-0.5428517967104751
CUMMINSIND,2023-06-05,up,2,3.3838670891245703,-0.3685042191452492
CUMMINSIND,2023-06-06,up,3,2.5600336732039652,0.7711365625736821
CUMMINSIND,2023-06-13,up,2,2.8066238027945056,2.0032100834209032
CUMMINSIND,2023-06-14,up,3,3.1638345071181018,-0.12060907583294478
CUMMINSIND,2023-06-19,down,1,0.7629247663163863,0.46713276605392373
CUMMINSIND,2023-06-20,up,1,0.46189604086293023,0.25161473046864113
CUMMINSIND,2023-06-28,up,3,-0.03858856513422326,-0.34106198566912216
CUMMINSIND,2023-06-30,up,4,-2.83677391095003,0.430971116424117
CUMMINSIND,2023-12-04,up,5,3.2267357443923617,1.359454670659166
CUMMINSIND,2023-12-05,up,6,1.5992503548560633,-0.847820915226416
CUMMINSIND,2023-12-26,up,3,-0.7530225991953743,-0.4999716886247674
CUMMINSIND,2024-01-15,up,5,1.6977599055589376,-1.3135303000503251
CUMMINSIND,2024-01-25,down,1,18.162060620187994,-0.9088686105531041
CUMMINSIND,2024-01-29,up,1,17.40703147884495,3.0425213581510624
CUMMINSIND,2024-01-31,up,1,12.294578618421603,-0.0957234997119416
CUMMINSIND,2024-02-02,up,1,11.51568482503491,-0.31418716539766134
CUMMINSIND,2024-02-05,down,1,10.6712823638466,0.9429973170680839
CUMMINSIND,2024-02-06,up,1,8.361269030837203,0.6383935569249211
CUMMINSIND,2024-02-08,down,1,13.430411225270312,6.815674618320222
CUMMINSIND,2024-02-19,up,5,3.7116609177980653,0.33643135735699214
CUMMINSIND,2024-02-22,up,1,0.5478263596646604,2.6775062920144643
CUMMINSIND,2024-02-23,down,1,-3.2456696293824194,-0.4868105452440097
CUMMINSIND,2024-03-11,down,1,1.9742166114266047,-1.628698879849333
CUMMINSIND,2024-03-21,up,2,7.371300795879887,0.02031024986179908
CUMMINSIND,2024-03-22,up,3,6.7621699898234855,0.5459388581015023
CUMMINSIND,2024-03-26,down,1,5.32986027608735,0.8525891573341049
CUMMINSIND,2024-03-27,up,1,4.0242640180587985,-0.44917952375891357
CUMMINSIND,2024-04-12,down,1,1.3835370480468567,-1.2366134392115757
CUMMINSIND,2024-04-16,down,3,4.167771944669196,0.17675417684086536
CUMMINSIND,2024-04-18,down,4,3.0307450170202976,-0.7579220995642122
CUMMINSIND,2024-04-23,up,3,4.0540178163743334,0.5050227293906806
CUMMINSIND,2024-04-24,up,4,3.177650018414835,1.2597005196141486
CUMMINSIND,2024-04-29,up,1,3.6666848526861306,0.9919805003081095
CUMMINSIND,2024-05-03,down,1,9.850148319381002,2.3626685558718385
CUMMINSIND,2024-05-13,up,2,5.360961252211149,0.7482724959263942
CUMMINSIND,2024-05-14,up,3,7.324995401506995,0.9719423263635951
CUMMINSIND,2024-05-15,down,1,5.777857465014646,2.615849374443613
CUMMINSIND,2024-05-16,up,1,2.2224192213876837,1.0605718706682588
CUMMINSIND,2024-05-17,up,2,-0.07077308101876012,1.813445309740569
CUMMINSIND,2024-05-21,up,3,-1.2153068321733906,-1.664417932698914
CUMMINSIND,2024-06-24,up,1,-2.47763647950755,2.514028198117657
CUMMINSIND,2024-06-25,up,2,-0.3967988752881957,-2.2206042955951966
CUMMINSIND,2025-05-29,up,1,5.144078070119518,3.5753436222226265
CUMMINSIND,2025-05-30,down,1,1.4815578186412992,1.3419683305826435
CUMMINSIND,2025-06-02,down,2,-1.3506301599905735,0.5582861076195211
CUMMINSIND,2025-06-03,down,3,-0.8925283708337894,-0.6172146784872545
CUMMINSIND,2025-06-04,up,1,-1.6970870235746394,-0.6278336978456145
CUMMINSIND,2025-06-06,up,3,-1.7574862029534177,0.09125967794165746
CUMMINSIND,2025-07-21,up,1,5.0751761951339125,0.13731619296031283
CUMMINSIND,2025-08-08,down,1,2.486220374406578,1.9639327546319585
CUMMINSIND,2025-08-22,down,1,3.347265809319988,0.2857293850015097
CUMMINSIND,2025-09-04,up,2,4.032229493428097,-0.06731348344745092
CUMMINSIND,2025-09-09,up,5,2.4301305541903684,1.2590733573898394
CUMMINSIND,2025-09-10,up,6,1.5326453064214096,-0.8136454510852875
CUMMINSIND,2025-09-16,up,1,-4.931994484233282,-0.011541802586567673
CUMMINSIND,2025-09-17,up,2,-4.3991501564732305,-0.055412745684557674
CUMMINSIND,2025-09-18,up,3,-4.6795010454971475,-1.338717042805293
CUMMINSIND,2025-10-27,up,1,0.6097485655417234,1.9583413131511573
CUMMINSIND,2025-10-29,up,1,0.5828619712292538,0.17369216278553257
CUMMINSIND,2025-10-30,down,1,-1.2358934833331392,0.09044611429140925
CUMMINSIND,2025-11-07,down,3,1.2290724270107134,-2.8207168063382304
CUMMINSIND,2025-12-12,up,2,-6.5371009489538,-1.4365178343113127
CUMMINSIND,2026-02-16,up,1,4.683729938407799,0.7474082765079215
CUMMINSIND,2026-02-17,up,2,7.048453869145477,1.0366668858351469
CUMMINSIND,2026-02-18,up,3,5.4161336908680635,1.490251744509652
CUMMINSIND,2026-02-23,up,2,-4.586621277793013,1.0325295459419959
CUMMINSIND,2026-02-24,down,1,-4.2014397876687815,0.11168646563104456
CUMMINSIND,2026-04-10,up,1,4.056701469355595,1.8119820135453102
CUMMINSIND,2026-04-20,up,2,-0.8797765399708668,0.17673746977751037
CUMMINSIND,2026-04-21,up,3,-0.5909687971702438,-2.7271567278526865
CUMMINSIND,2026-04-27,up,1,-0.8504086546576195,-0.7371811045868037
CUMMINSIND,2026-05-07,down,1,11.987908464400077,0.6079675379056626
CUMMINSIND,2026-05-08,down,2,10.57360689179474,-1.855031626528103
CUMMINSIND,2026-05-27,down,2,6.873042196425283,11.288077398121255
CYIENT,2023-05-17,down,2,7.5487721175882205,
CYIENT,2023-05-19,up,1,6.178118216773143,
CYIENT,2023-05-22,up,2,8.584192749783526,
CYIENT,2023-06-02,up,1,2.6154572355823413,
CYIENT,2023-06-30,up,4,-3.621653908014877,
CYIENT,2023-12-04,up,5,14.499323532319842,
CYIENT,2023-12-19,up,1,2.5344292551343406,
CYIENT,2023-12-21,up,1,-5.758467081552377,
CYIENT,2023-12-22,up,2,-2.9755638936421747,
CYIENT,2024-09-11,down,1,-3.623142521573375,
CYIENT,2024-09-12,up,1,-11.36045655477047,
CYIENT,2024-09-16,up,1,-14.807470752882102,
CYIENT,2026-08-26,down,1,11.419641043707163,
CYIENT,2026-08-28,up,1,-0.920327540766408,
CYIENT,2026-08-31,down,1,-5.85430853806338,
CYIENT,2026-09-01,down,2,-11.975358108784917,
DABUR,2022-04-28,up,1,-12.959339614843168,0.42817118190079384
DABUR,2022-12-07,down,2,-5.440238910182105,0.5990211435543236
DABUR,2023-06-15,down,1,2.7404165184848894,1.1082158266927378
DABUR,2024-05-27,down,2,1.8451708915442122,0.4008062652791633
DABUR,2024-05-28,down,3,0.7571620369311693,-0.5323665746627904
DABUR,2024-06-04,down,1,3.4385788131620076,0.5509634980533695
DABUR,2024-06-05,up,1,2.030692678412316,2.192432050197235
DABUR,2024-07-16,up,3,1.5814542330041093,-0.18605618720850536
DABUR,2024-07-23,down,3,-7.398495145480344,-0.6503580408250387
DABUR,2024-09-09,up,1,-5.08246243334165,1.6203618241157125
DABUR,2024-09-10,up,2,-7.366464822628805,-0.033600164000058275
DABUR,2025-02-01,down,1,-6.757662436616418,-0.93745777979648
DABUR,2025-07-07,up,2,4.453612680722219,2.523171494518839
DABUR,2025-07-09,down,1,2.029924372504621,0.6556938810917234
DABUR,2025-07-11,down,3,1.3904449356276105,1.2291659859128057
DABUR,2025-08-01,down,2,-2.9581803093722603,-0.010998026148045792
DABUR,2025-09-04,up,2,-8.278364609729005,0.3267663128089682
DABUR,2026-01-23,down,1,-3.3723814401055874,-2.198005910695111
DALBHARAT,2023-12-14,up,2,-0.46837148267552253,
DALBHARAT,2025-05-13,down,1,2.458990937944483,
DALBHARAT,2025-05-14,up,1,1.4226246304351653,
DALBHARAT,2025-05-15,up,2,0.24138647015456982,
DALBHARAT,2025-05-16,down,1,0.6054272912492165,
DALBHARAT,2025-05-22,down,1,2.1025620058243932,
DALBHARAT,2025-09-08,up,4,1.394261252252127,
DALBHARAT,2025-09-17,up,2,-8.120619399812146,
DATAPATTNS,2024-03-01,up,2,-18.939230236312365,
DATAPATTNS,2024-03-04,up,3,-9.484388949572399,
DATAPATTNS,2024-04-10,up,1,-0.2871756513877055,
DATAPATTNS,2024-04-24,up,4,-3.037415704645441,
DATAPATTNS,2024-05-17,up,2,-5.877640757850811,
DATAPATTNS,2024-05-21,up,3,-23.014611391285744,
DATAPATTNS,2024-07-05,up,3,-4.468416012944065,
DATAPATTNS,2025-04-28,up,1,29.936734045021375,
DATAPATTNS,2025-04-29,up,2,24.849311938259078,
DATAPATTNS,2025-05-16,down,1,19.527365024428068,
DATAPATTNS,2025-05-19,down,2,7.367214584719317,
DATAPATTNS,2025-06-03,down,3,6.175048339330447,
DATAPATTNS,2025-06-04,up,1,-8.268367522932074,
DATAPATTNS,2025-06-05,up,2,-6.427320284922889,
DATAPATTNS,2025-06-06,up,3,-12.459879303261213,
DATAPATTNS,2026-02-19,down,1,10.26144224865475,
DATAPATTNS,2026-02-20,up,1,8.99908084220069,
DATAPATTNS,2026-02-26,up,2,4.780172840246277,
DATAPATTNS,2026-02-27,down,1,1.9051071220687943,
DATAPATTNS,2026-03-02,down,2,0.9845497513997659,
DATAPATTNS,2026-03-05,up,1,-8.682391576875181,
DATAPATTNS,2026-03-06,down,1,-11.741699194613563,
DATAPATTNS,2026-04-16,down,1,8.399125638711524,
DATAPATTNS,2026-04-17,up,1,7.761291271722515,
DATAPATTNS,2026-04-20,up,2,6.136912229826774,
DATAPATTNS,2026-04-21,up,3,15.756129121856777,
DATAPATTNS,2026-04-22,down,1,7.8817859876072704,
DATAPATTNS,2026-04-23,down,2,-0.7152141480499585,
DATAPATTNS,2026-04-29,up,1,-6.562794711530118,
DATAPATTNS,2026-06-09,up,1,4.701036376278345,
DATAPATTNS,2026-06-10,down,1,-2.097732219583892,
DATAPATTNS,2026-06-17,up,4,-9.727095146883114,
DATAPATTNS,2026-06-18,up,5,-9.871465184608486,
DATAPATTNS,2026-06-19,down,1,-13.000521457261183,
DATAPATTNS,2026-08-18,down,6,6.113751344628238,
DATAPATTNS,2026-08-21,up,2,-0.20819439428516606,
DCMSHRIRAM,2025-07-23,up,1,-8.305001092016573,
DCMSHRIRAM,2025-07-24,down,1,-12.321078657741857,
DEEPAKFERT,2024-06-20,up,1,13.251808871224767,
DEEPAKFERT,2024-07-03,up,1,11.728029773009974,
DEEPAKFERT,2024-07-04,up,2,10.345035074778618,
DEEPAKFERT,2024-07-05,up,3,9.251658839318733,
DEEPAKFERT,2024-07-09,up,1,7.430797858663429,
DEEPAKFERT,2024-07-16,up,3,5.218507987124865,
DEEPAKFERT,2024-07-24,down,4,13.765748372565056,
DEEPAKFERT,2024-07-26,up,1,11.726910429400462,
DEEPAKFERT,2024-07-29,up,2,8.280457970854926,
DEEPAKFERT,2024-07-30,up,3,12.253744681418667,
DEEPAKFERT,2024-07-31,up,4,6.60618628448193,
DEEPAKFERT,2024-08-06,down,3,5.382682172387598,
DEEPAKFERT,2024-08-07,up,1,3.3332842205556767,
DEEPAKFERT,2024-08-08,down,1,2.729884352908374,
DEEPAKFERT,2024-08-21,up,5,-1.6739485939333054,
DEEPAKFERT,2024-08-26,up,8,-10.595628992690587,
DEEPAKFERT,2024-11-05,up,1,0.7463207077427647,
DEEPAKFERT,2024-11-06,up,2,1.3414373445273853,
DEEPAKFERT,2024-11-28,down,1,3.8722970475841834,
DEEPAKFERT,2024-11-29,up,1,3.1162848146859767,
DEEPAKFERT,2024-12-03,up,3,2.0724888228839777,
DEEPAKFERT,2025-06-11,up,6,6.527805675563436,
DEEPAKFERT,2025-06-12,down,1,5.3911598591448895,
DEEPAKFERT,2025-06-30,down,1,-3.781583191550708,
DEEPAKFERT,2026-04-21,up,3,6.199467131175296,
DEEPAKNTR,2021-10-04,up,1,13.669879680667707,
DEEPAKNTR,2021-10-05,up,2,-2.962284088859135,
DEEPAKNTR,2021-10-06,down,1,-7.682121972113531,
DEEPAKNTR,2021-10-11,up,3,-22.685055951132792,
DEEPAKNTR,2021-10-19,down,1,-21.418340582246522,
DEEPAKNTR,2022-01-03,up,2,3.472854453701091,
DEEPAKNTR,2022-01-10,up,2,-8.053703363321551,
DEEPAKNTR,2022-01-11,up,3,-9.767510618360486,
DEEPAKNTR,2022-01-12,up,4,-11.45595955044929,
DEEPAKNTR,2022-01-13,up,5,-11.11681753346443,
DEEPAKNTR,2022-01-14,down,1,-12.374925184533847,
DEEPAKNTR,2022-04-01,up,1,-0.9485608727072492,
DEEPAKNTR,2022-04-05,down,1,-2.6556074175308586,
DEEPAKNTR,2022-04-07,down,3,-3.0064374837455055,
DEEPAKNTR,2022-04-08,up,1,-4.057533361479448,
DEEPAKNTR,2022-08-05,up,1,1.2777326140063439,
DEEPAKNTR,2022-08-12,up,5,-3.265229620254295,
DEEPAKNTR,2022-08-16,up,6,-3.166800126659708,
DEEPAKNTR,2022-08-17,up,7,-3.511520036999216,
DEEPAKNTR,2022-09-12,up,3,-2.89812834719001,
DEEPAKNTR,2022-09-13,up,4,-4.029056039169133,
DEEPAKNTR,2022-10-19,up,4,1.2127245101665407,
DEEPAKNTR,2022-10-31,up,3,-7.720923821597115,
DEEPAKNTR,2022-11-02,down,1,-10.4371235706891,
DEEPAKNTR,2023-05-24,down,1,4.881473147801496,
DEEPAKNTR,2023-06-15,down,1,3.898940039064036,
DEEPAKNTR,2023-06-19,down,1,-5.858812577216832,
DEEPAKNTR,2023-06-20,up,1,-12.984758932794804,
DEEPAKNTR,2023-06-21,up,2,-14.940600699555585,
DEEPAKNTR,2023-06-22,down,1,-15.066891689960082,
DEEPAKNTR,2023-09-07,up,5,-8.8989443468377,
DEEPAKNTR,2023-09-08,up,6,-10.447761194029837,
DEEPAKNTR,2023-12-26,up,3,-0.7782683606087692,
DEEPAKNTR,2024-01-01,up,1,-10.656547445501296,
DEEPAKNTR,2024-04-26,down,1,5.121284751689648,
DEEPAKNTR,2024-05-06,down,2,-9.7431991454218,
DEEPAKNTR,2024-07-02,down,1,9.039086414347409,
DEEPAKNTR,2024-07-09,up,1,11.80497302983985,
DEEPAKNTR,2024-07-11,down,2,11.155651952352596,
DEEPAKNTR,2024-07-12,up,1,10.158033960158154,
DEEPAKNTR,2024-07-15,up,2,9.22294110699291,
DEEPAKNTR,2024-07-24,down,4,6.701679835794905,
DEEPAKNTR,2024-07-25,down,5,4.691740762684549,
DEEPAKNTR,2024-07-26,up,1,3.3875155735082263,
DEEPAKNTR,2024-07-29,up,2,-4.97545642584779,
DEEPAKNTR,2024-07-30,up,3,-2.610872003674458,
DEEPAKNTR,2024-08-01,up,5,-10.090647809699316,
DELHIVERY,2023-07-10,up,1,3.29649403552279,0.48519288017823126
DELHIVERY,2024-01-31,up,1,-3.9444320319627635,3.7510083995392796
DELHIVERY,2024-02-01,down,1,-8.272685885154607,3.8876367158592773
DELHIVERY,2024-02-02,up,1,-4.602328732946259,-0.89644495835971
DELHIVERY,2024-02-05,down,1,-4.516760751714988,-4.204383742178619
DELHIVERY,2024-02-27,up,1,-3.887876631337328,0.15567548449637592
DELHIVERY,2024-08-19,up,3,-4.41355248190175,1.7118312464770247
DELHIVERY,2024-08-20,up,4,-4.901491213764297,0.5690827891233763
DELHIVERY,2025-05-13,down,1,11.840796019900512,1.6039820429104568
DELHIVERY,2025-05-14,up,1,9.083175474437489,0.7602494356241385
DELHIVERY,2025-05-19,down,2,12.7533179811264,6.734347930352924
DELHIVERY,2025-05-27,down,1,-2.919455458607345,-1.7558452663766988
DELHIVERY,2025-05-30,down,1,-3.764957347447717,-3.6977259369327276
DELHIVERY,2025-06-03,down,3,0.43478234962908147,-1.682853790176797
DELHIVERY,2025-07-08,up,3,5.596265585983895,3.306400957015687
DELHIVERY,2025-07-09,down,1,-0.8247449969435605,2.2415299369095365
DELHIVERY,2025-07-10,down,2,-0.22770047899289825,-2.8671793022999603
DELHIVERY,2025-07-18,down,2,7.69132207742429,-0.7424746823837758
DELHIVERY,2025-07-23,up,1,4.410887709240607,0.42988199724323106
DELHIVERY,2025-07-24,down,1,3.029049178331733,-2.7964681025125726
DELHIVERY,2025-08-04,up,1,5.9337835251317195,1.9377469535714065
DELHIVERY,2025-08-11,up,1,1.628609091295674,-0.2849002849002802
DELHIVERY,2025-08-14,up,2,0.26334051849030704,-0.8673708867249275
DELHIVERY,2025-08-20,up,5,-1.2950472823870185,-1.1481311148552553
DELHIVERY,2025-08-25,up,1,-0.9452983947836557,-1.070263543611083
DELHIVERY,2025-10-29,up,1,0.41373811237113145,0.24805217216470332
DELHIVERY,2026-02-26,up,2,-4.679138978751696,-0.2833561643148741
DELHIVERY,2026-04-21,up,3,0.9270915908293764,-1.1155428523685118
DELHIVERY,2026-05-07,down,1,-5.599932868255486,1.2033007409929297
DELHIVERY,2026-07-01,up,1,-1.9039462104747829,3.256341301919008
DELHIVERY,2026-07-02,up,2,-9.189344999115923,-0.05853087503657761
DELHIVERY,2026-07-06,up,4,-9.191904554895414,0.47818920793485375
DEVYANI,2021-11-08,up,2,7.036011268120257,
DEVYANI,2021-11-12,up,1,-10.592431669273772,
DEVYANI,2021-11-18,down,3,-5.0190147438766815,
DEVYANI,2021-12-07,up,1,4.338542011618318,
DEVYANI,2021-12-08,up,2,-0.2860584086241791,
DEVYANI,2021-12-09,up,3,-10.648065271401885,
DEVYANI,2021-12-10,down,1,-13.745344525979874,
DEVYANI,2021-12-14,down,3,-11.928410250432798,
DEVYANI,2022-08-17,up,7,-10.028853172479879,
DEVYANI,2022-08-18,up,8,-9.933897156584292,
DEVYANI,2026-08-20,up,1,-6.728428087874205,
DEVYANI,2026-08-21,up,2,-7.240822091768761,
DEVYANI,2026-08-25,up,1,-9.02344302473833,
DEVYANI,2026-08-26,down,1,-9.477568933100699,
DIVISLAB,2022-03-23,down,1,-0.07803333779957677,-0.46356392654252065
DIVISLAB,2022-03-30,up,3,-2.3697083403748764,-1.5547643365382724
DIVISLAB,2022-07-28,up,2,-6.925749574275109,0.4655544961155167
DIVISLAB,2022-07-29,up,3,-8.9425501783027,-1.1393949440785978
DIVISLAB,2022-08-04,down,1,-10.427783888050557,0.4413327611367146
DIVISLAB,2022-08-05,up,1,-9.971147112079827,-0.3445885327460929
DIVISLAB,2022-08-10,up,3,-9.7947751026497,-0.741877651058831
DIVISLAB,2023-04-18,down,2,4.18483240833083,0.42171417207699236
DIVISLAB,2023-04-19,down,3,2.5503239993780236,1.0802096739604305
DIVISLAB,2023-05-09,up,2,5.386622505184513,1.967705326587188
DIVISLAB,2023-05-10,up,3,3.0008252256364276,-0.04757711456452318
DIVISLAB,2023-06-01,down,2,0.8015496299749403,-0.7761808406058002
DIVISLAB,2023-06-15,down,1,4.462281064478035,0.42365340881378444
DIVISLAB,2023-06-16,up,1,3.8513905319372377,-0.7510457277452698
DIVISLAB,2023-07-05,up,7,0.2776356762702159,2.082684909839494
DIVISLAB,2023-08-07,up,2,-4.1358923200161435,2.8879195216255704
DIVISLAB,2023-11-30,up,3,-4.5353249472652735,-0.16508233542790185
DIVISLAB,2024-04-25,up,5,1.7610999627700519,0.18033238040393584
DIVISLAB,2024-04-26,down,1,3.089330438189153,3.306208056531812
DIVISLAB,2024-04-29,up,1,-0.015888647179418403,-1.1380335263518893
DIVISLAB,2024-05-21,up,3,6.143885735523935,1.0490291086557857
DIVISLAB,2024-05-22,up,4,4.8324965798988595,0.02231034942468124
DIVISLAB,2024-05-23,up,5,3.9867281142027533,0.5105252884591627
DIVISLAB,2024-05-24,down,1,10.73510877999453,3.6295959220641105
DIVISLAB,2024-05-27,down,2,9.476569249560573,1.1171686477790654
DIVISLAB,2024-05-28,down,3,4.8553972509556065,-0.4746855308225828
DIVISLAB,2024-05-29,down,4,3.840573081659948,0.46210482686164234
DIVISLAB,2024-06-05,up,1,2.308825208039278,0.22634449465042117
DIVISLAB,2024-06-10,down,1,0.6661718015144702,-0.06797792208423914
DIVISLAB,2024-06-13,up,3,0.4725596730090098,-0.2804950167374476
DIVISLAB,2024-07-26,up,1,-0.45480750752673327,2.57724254265157
DIVISLAB,2024-07-29,up,2,-3.559127439724441,1.8576576091734909
DIVISLAB,2024-08-01,up,5,-2.407771377157819,-2.29221102501026
DIVISLAB,2024-09-10,up,2,3.8988107923026982,3.5386799946153236
DIVISLAB,2024-09-12,up,1,-1.3042813219237837,-0.5857401550146135
DIVISLAB,2024-09-17,up,2,7.740773692885972,-1.9329133639885643
DIVISLAB,2024-10-09,down,1,9.794153279233942,6.536391964546273
DIVISLAB,2024-10-11,down,1,-2.5832930642905705,1.3184609894076882
DIVISLAB,2024-10-14,up,1,-4.666705088556178,-0.65662494931511
DIVISLAB,2024-10-15,down,1,-7.2600110912957145,-2.6248038825519404
DIVISLAB,2024-12-02,up,2,-6.24891457959742,0.6516504597188888
DIVISLAB,2025-05-14,up,1,5.464943324614069,-0.6497794532491996
DIVISLAB,2025-05-16,down,1,6.700876833500624,1.3634572857954552
DIVISLAB,2025-05-19,down,2,6.017437720459884,3.5467923705842397
DIVISLAB,2025-05-26,up,2,-0.7572131883461064,-0.20071158005645628
DIVISLAB,2025-06-12,down,1,0.1422094375888916,-1.4681249384175588
DIVISLAB,2025-07-01,up,1,-3.6447576147669802,-0.09682150092995556
DIVISLAB,2025-10-31,down,2,-5.491214576854331,0.1415625383166308
DIVISLAB,2025-11-03,up,1,-5.828789631179876,-0.08628444493399279
DIVISLAB,2025-11-06,down,2,-5.939281164813847,-0.37432992335147963
DIVISLAB,2026-04-27,up,1,1.8095241391004713,0.048486218724774766
DIVISLAB,2026-04-29,up,1,1.2150159689451323,-0.15347771323940274
DIVISLAB,2026-05-04,up,1,3.2474090346800377,0.5735502957006755
DIVISLAB,2026-05-06,up,1,1.3062030670617064,-0.050310246520191004
DIVISLAB,2026-05-13,up,1,-3.261877788654355,0.16241563002967752
DIVISLAB,2026-05-14,up,2,-4.074967230803761,0.23391050569570027
DIVISLAB,2026-07-14,down,1,5.615048768229558,3.80630258679302
DIVISLAB,2026-07-15,up,1,1.9595095204424595,1.0415771596343104
DIVISLAB,2026-07-16,down,1,0.26945762320729205,-0.6875581166473133
DIVISLAB,2026-07-20,down,1,-0.5446381085102092,-1.4669548064817794
DIVISLAB,2026-07-29,up,1,7.179039951998267,4.910665285685489
DIVISLAB,2026-07-30,up,2,9.174661322790678,0.19608423317958312
DIVISLAB,2026-07-31,up,3,7.53112743162494,5.042938494727167
DIVISLAB,2026-08-03,up,4,5.510765086803326,3.942586203715681
DIVISLAB,2026-08-12,down,2,-0.4627416209575186,-1.0248698267543932
DIVISLAB,2026-08-25,up,1,5.983800159910624,0.2538609695355465
DIVISLAB,2026-08-26,down,1,5.129336450004529,2.92183658299503
DIVISLAB,2026-08-27,down,2,5.3562223164835165,0.12417179831245573
DIVISLAB,2026-08-28,up,1,4.124187804148671,0.4703259657994341
DIVISLAB,2026-08-31,down,1,2.776301877881382,-0.6960880602381647
DIVISLAB,2026-09-08,down,2,-3.745243361727324,0.6376168171501329
DIXON,2021-10-08,up,2,12.864504966702462,5.930929465026824
DIXON,2021-10-11,up,3,6.959110681015002,0.2024154202933115
DIXON,2021-10-19,down,1,-5.354535560800599,-2.054877476864425
DIXON,2021-11-09,down,1,-10.480376290059256,-1.2732228298620196
DIXON,2022-07-20,up,4,-1.5580751760124079,0.1177654655029059
DIXON,2022-07-21,up,5,-3.633210021961819,-0.1706152080134915
DIXON,2022-08-17,up,7,8.316140529309045,-0.3187577486548965
DIXON,2022-08-18,up,8,7.055347300182202,0.45825008550037793
DIXON,2022-08-23,up,1,5.417540869897741,-1.6814905559622728
DIXON,2022-08-26,up,1,-1.6076198450518442,-5.892225618893487
DIXON,2022-09-02,down,2,3.989520693893267,-2.0158268916174116
DIXON,2022-09-06,down,1,7.1771262505140765,-1.275368936068011
DIXON,2022-09-07,down,2,6.219501399414651,2.9428808633067627
DIXON,2022-09-08,up,1,-5.176178361900529,0.4270927397828306
DIXON,2022-09-09,up,2,-6.404881402844909,1.80197165580549
DIXON,2022-09-13,up,4,-5.809381042386319,-2.235547155054418
DIXON,2023-05-25,up,1,7.715677820776112,0.25090709366579755
DIXON,2023-05-26,up,2,6.386954346865359,0.8012133572712576
DIXON,2023-05-29,up,3,4.755451891657958,0.3464728336332934
DIXON,2023-05-31,down,1,8.227412272605417,3.5882241108436963
DIXON,2023-06-01,down,2,3.7734379983097366,0.26789131266744537
DIXON,2023-06-08,down,1,3.4590971771577106,0.8621488829146262
DIXON,2023-06-09,down,2,11.236112306089119,-1.8147490241205877
DIXON,2023-06-12,up,1,10.218510545048233,1.3290300110351039
DIXON,2023-06-13,up,2,8.434020374318884,2.819237147595355
DIXON,2023-06-14,up,3,-4.557030181901201,-0.7584653698440413
DIXON,2023-06-15,down,1,-5.327797823489777,3.199477373762183
DIXON,2023-06-19,down,1,-6.139194400978953,0.18723586369231437
DIXON,2023-08-22,up,2,0.9686647095156875,0.3817889535514096
DIXON,2023-08-23,up,3,0.03804409247212259,-0.7148962239448053
DIXON,2023-09-01,up,1,-4.018154234873627,-0.24428739939205135
DIXON,2023-09-05,up,3,1.795385911729297,-1.1966435376264406
DIXON,2023-10-16,down,3,-2.570171882690697,0.7117743686540168
DIXON,2023-10-17,up,1,-1.4476676740710293,0.8085962083802967
DIXON,2023-10-19,down,2,-4.719727840856591,-0.6898811296471408
DIXON,2023-10-23,down,4,-6.2222519688552635,-3.2996452714008306
DIXON,2023-12-01,up,4,13.403293864999434,8.729356881869844
DIXON,2023-12-04,up,5,5.070381216842801,-0.8264454027403167
DIXON,2023-12-11,up,2,1.599132353460142,3.764137203704121
DIXON,2023-12-12,down,1,-1.2639895007384827,-1.173818407960181
DIXON,2023-12-29,down,1,-7.809068338252533,-0.8602189538334915
DIXON,2024-02-19,up,5,7.69622522911555,4.391515844756455
DIXON,2024-02-20,up,6,2.350950026848153,-1.7394671283815777
DIXON,2024-02-26,down,2,0.5931548106272055,-3.211608288475354
DIXON,2024-03-04,up,3,4.813619125040258,0.8013282057363735
DIXON,2024-03-07,up,2,2.600887165733834,-0.7186290768380177
DIXON,2024-03-26,down,1,8.939661066113192,-0.1506864967909638
DIXON,2024-03-27,up,1,8.094166454045792,2.233690049815773
DIXON,2024-03-28,up,2,5.436672061379855,0.16850153516221322
DIXON,2024-04-01,up,3,6.929074941913127,-0.49882641746741285
DIXON,2024-04-02,down,1,6.271538690396028,3.3263464294799983
DIXON,2024-04-24,up,4,6.945547729534729,1.5840252576526215
DIXON,2024-04-26,down,1,8.462569962686572,3.9685694052602916
DIXON,2024-04-29,up,1,3.333690448940385,-1.7345016523054535
DIXON,2024-05-17,up,2,15.591932909506134,4.788656661449542
DIXON,2024-05-21,up,3,8.550164647958614,1.8956222563248692
DIXON,2024-05-22,up,4,7.281068259659218,1.410234967278523
DIXON,2024-06-03,up,2,8.199331199827565,3.2966718990357524
DIXON,2024-06-07,up,3,3.183281012508332,0.6020777633337193
DIXON,2024-06-10,down,1,1.7651445936197385,-0.47630237598530467
DIXON,2024-06-12,up,2,20.671612175045095,0.8113481118232402
DIXON,2024-06-13,up,3,19.68097375589344,5.378141623448274
DIXON,2024-06-14,up,4,13.736387661324102,3.5798909657501765
DIXON,2024-06-18,up,5,8.07780096995321,0.2661878952450847
DIXON,2024-06-21,down,1,6.958186480784301,-1.1751041279013719
DIXON,2024-06-25,up,2,6.032818288976638,-0.3262814285596827
DIXON,2024-06-27,up,4,5.437477657130185,-0.3708650114768619
DIXON,2024-06-28,down,1,-6.171113755301816,0.7557933644328108
DIXON,2024-07-01,up,1,-7.7196108902151455,2.172485993769735
DIXON,2024-07-03,up,1,-13.452829761823404,1.3008367777597618
DIXON,2024-08-20,up,4,2.879058580781324,-1.466566660270907
DIXON,2024-08-23,up,7,-7.091095533362591,3.1914729756788995
DIXON,2024-08-26,up,8,3.9253441019624358,-0.46000054048760397
DIXON,2024-09-16,up,1,9.77785842822363,5.846149193243511
DIXON,2024-09-17,up,2,2.780066655906599,-0.5399864649433428
DIXON,2024-09-19,up,1,1.809844081951506,-2.1800864423704325
DIXON,2024-09-24,up,4,0.3251120539081498,-0.6699162631772504
DIXON,2024-10-08,up,1,-4.346386461179397,-0.14062670507304365
DIXON,2024-10-09,down,1,-4.978531528975716,1.4967029812315902
DIXON,2024-10-10,up,1,-6.316116094216251,-0.5068423886259055
DIXON,2024-10-11,down,1,-6.891041481335036,-0.30279196937497144
DIXON,2024-10-14,up,1,-5.438936910566284,0.001342379243407521
DIXON,2024-10-15,down,1,-6.3211177045547355,0.13340279905220687
DIXON,2024-10-21,down,1,0.48890444752487383,-0.7800804933638106
DIXON,2024-12-02,up,2,8.236369799549115,5.801073176544969
DIXON,2024-12-03,up,3,4.551549993257975,-0.16490139291183148
DIXON,2024-12-04,up,4,3.3713125559464263,1.6344751148863912
DIXON,2024-12-09,down,2,0.45238501942654885,-1.2354088087798143
DIXON,2024-12-12,down,1,5.954821770424101,-0.7563258066467182
DIXON,2024-12-13,up,1,0.828721560735679,1.8055788473363643
DIXON,2024-12-16,down,1,1.8079702925706487,3.86102767050851
DIXON,2024-12-17,down,2,-10.854579200578973,0.3936333172505302
DIXON,2025-07-16,up,2,2.960199004975128,0.4975124378109541
DIXON,2025-07-23,up,1,-3.5098065901495556,0.37956116076154345
DIXON,2025-07-24,down,1,-3.3508443146317624,0.344160772715707
DIXON,2025-08-01,down,2,-0.21018720411729586,-0.9255683982116514
DIXON,2025-09-04,up,2,2.5860573398474473,-0.09457773002253811
DIXON,2026-04-28,down,1,-4.3506244998782195,-1.0585185958320142
DIXON,2026-05-05,down,1,0.592338008105231,-2.170904854768829
DIXON,2026-06-15,up,2,6.908525023909262,-0.5891506966173798
DIXON,2026-06-16,up,3,9.629904308684335,1.5625804723793157
DIXON,2026-06-17,up,4,7.712050002226478,4.117330353926074
DIXON,2026-07-06,up,4,14.10929542013255,4.764713979509572
DIXON,2026-07-07,down,1,8.126036484245457,-1.9136527102315948
DIXON,2026-07-09,up,1,7.433952594870252,2.7535736026624846
DIXON,2026-07-10,up,2,-0.12437810945272743,-2.2900204858062545
DIXON,2026-07-16,down,1,0.7081484948741945,2.8286933117732893
DIXON,2026-08-20,up,1,-7.678104323742108,1.649826469029425
DLF,2021-10-04,up,1,-3.299577821304389,-1.985746422775836
DLF,2021-10-11,up,3,-0.8663403995059271,-1.730777637162162
DLF,2021-10-14,up,6,-0.6111256930622089,-2.451661815013495
DLF,2021-10-18,up,7,-1.0791312451436053,-0.9001726624000672
DLF,2021-11-08,up,2,-14.228306875123685,1.2302833858568452
DLF,2022-04-06,down,2,-6.707009485880566,1.3339725178005413
DLF,2022-04-07,down,3,-9.340261174527154,-0.43584753382749364
DLF,2022-07-18,up,2,3.328426570383125,-1.0721008459025239
DLF,2022-07-19,up,3,2.6058501608000384,1.3116236996834063
DLF,2022-07-20,up,4,1.498594499126371,-1.7640095541118228
DLF,2022-07-27,up,1,1.9579916973283096,1.4805325599401176
DLF,2022-07-28,up,2,-1.763176595246041,3.9323038951470934
DLF,2022-07-29,up,3,-4.59162204419793,-0.23839137645106367
DLF,2022-08-18,up,8,0.4035450174740829,0.6609900046983919
DLF,2022-09-13,up,4,-14.528343504154096,-1.9679925495674322
DLF,2022-11-07,up,2,-0.3579074543180183,1.025484820793987
DLF,2022-11-09,down,1,0.2243302303950978,-1.3687036985180367
DLF,2022-11-11,up,1,1.6303553064071163,-0.46040000203858567
DLF,2022-11-14,down,1,2.51213070450218,-0.006142128861852392
DLF,2022-12-01,up,8,-7.270898012723947,1.7970881330023447
DLF,2022-12-05,up,1,-14.660929586302707,-0.4975124378109319
DLF,2023-04-18,down,2,2.9765362139220652,0.7355931528757464
DLF,2023-05-03,down,1,8.608276073248167,-0.8339003768954578
DLF,2023-05-08,up,1,7.319641181840897,0.17875426232418778
DLF,2023-05-15,up,2,10.550787066979073,7.252117881507969
DLF,2023-05-16,down,1,2.325698189663994,-1.7522727166886853
DLF,2023-05-22,up,2,-0.7989116814206443,-0.26887173535131703
DLF,2023-05-26,up,2,1.1879176289123272,-1.0455348592380953
DLF,2023-06-02,up,1,3.0210813577799644,0.6480766753785616
DLF,2023-06-05,up,2,2.0559131234896277,-0.7710948523199757
DLF,2023-06-06,up,3,1.016943003226256,-0.10636019478894587
DLF,2023-06-13,up,2,-0.28798785109860336,0.7695915651343865
DLF,2023-09-08,up,6,0.6703571345152426,1.268308636541482
DLF,2023-10-06,up,2,3.3379919858744778,0.633817987401053
DLF,2023-10-13,down,2,4.197811572355725,-1.0221301226730817
DLF,2023-11-09,down,1,2.9273238614960784,-0.9111409858773123
DLF,2023-11-13,up,2,6.270747582251324,0.5173099665150005
DLF,2023-11-15,up,3,5.662393637721563,1.2194486142550254
DLF,2023-11-16,up,4,3.4542217741730052,-0.2584961379861195
DLF,2023-11-21,up,1,1.8557194320082626,-0.5602691178027808
DLF,2023-12-04,up,5,8.456548577719136,1.2312840804256986
DLF,2023-12-06,up,7,6.384394420712658,-0.6724154411834493
DLF,2023-12-11,up,2,4.838059180943399,-0.017917483796414668
DLF,2023-12-12,down,1,3.32837377140236,-1.5019894647056442
DLF,2023-12-14,up,2,5.1650496269163515,2.8221712182247227
DLF,2023-12-15,up,3,1.4870089691917387,-0.426636673275127
DLF,2023-12-22,up,2,6.856412495219599,0.9830940913161612
DLF,2023-12-28,up,5,4.577534933438421,-0.3120946357740739
DLF,2024-01-04,up,1,7.479017441647784,3.4499186693073725
DLF,2024-01-05,up,2,2.7357459952200625,-1.0504847452830535
DLF,2024-01-09,up,1,-4.890831108545079,1.6894967571730035
DLF,2024-01-10,up,2,-0.6919987443574915,0.0671296731977078
DLF,2024-01-11,up,3,-2.2619187309568134,-0.596914007033178
DLF,2024-01-12,up,4,-1.4308564766079335,-0.8560161456476423
DLF,2024-01-15,up,5,1.4707075063484343,-1.3559267734997937
DLF,2024-02-07,up,2,9.111318287811333,1.9692865247756597
DLF,2024-02-15,up,3,4.128594482466719,0.6237897368320144
DLF,2024-02-16,up,4,2.8542192548782097,0.23893882131846844
DLF,2024-02-21,down,1,6.631876590934782,2.3061804262185515
DLF,2024-02-23,down,1,3.3915993262534805,-0.3588136818000742
DLF,2024-02-26,down,2,2.4490792218981206,-0.4975124378109319
DLF,2024-02-27,up,1,1.8581891742024625,-0.06572332437987383
DLF,2024-03-04,up,3,-4.764455529143752,0.5895018261173446
DLF,2024-12-09,down,2,3.1155115135423683,-0.1512160773856852
DLF,2024-12-11,up,1,1.7695997710833078,0.003755353745882317
DLF,2024-12-16,down,1,-8.597276984896475,-0.2325960949303929
DLF,2025-05-26,up,2,0.8814625617080685,-1.1202798450281937
DLF,2025-05-29,up,1,2.0451206594518156,0.056331173237245125
DLF,2025-06-02,down,2,2.3471880345431018,0.890751748207741
DLF,2025-06-05,up,2,3.1999446399392895,0.6293905434565872
DLF,2025-06-06,up,3,1.3599951858053183,6.231461653502635
DLF,2026-04-22,down,1,-4.829735925888556,-1.4439099858323035
DLF,2026-05-07,down,1,-4.414170637950365,-0.1252702268365824
DLF,2026-07-01,up,1,4.431263621962023,0.2827458658522408
DLF,2026-07-02,up,2,4.870250188983816,1.1158741598403354
DLF,2026-07-03,up,3,3.3297999068241824,2.0490076367432275
DLF,2026-07-06,up,4,0.6398685040872598,-1.187280736000107
DLF,2026-07-10,up,2,-4.118696777703579,-1.1737605935682405
DLF,2026-08-24,down,1,0.4619644807925205,0.01856997860509857
DMART,2021-10-11,up,3,14.052243523447228,6.537767008228501
DMART,2021-10-12,up,4,-9.530856098510544,-1.7926894453353048
DMART,2021-10-13,up,5,-10.547363333358728,5.580371889276825
DMART,2021-10-18,up,7,-15.397989456759987,-11.079099586962403
DMART,2021-11-04,up,1,3.0401189187154065,-0.6429231712003602
DMART,2021-11-08,up,2,2.296922069415186,-2.0813650161650044
DMART,2021-11-10,down,2,-3.5343245690563796,1.403691867371104
DMART,2021-11-11,down,3,-4.496521299751222,0.3970188121890761
DMART,2021-11-17,down,2,-5.936977947273425,0.08779631255488862
DMART,2022-07-28,up,2,5.108485027765375,2.847788106220417
DMART,2022-07-29,up,3,3.629312498805204,1.6041357886958263
DMART,2022-08-01,up,4,1.5323428811823137,0.8135791630084821
DMART,2022-08-12,up,5,5.036552185937371,0.3783491622268764
DMART,2022-08-16,up,6,0.3938548580893153,0.29633006610441104
DMART,2022-08-17,up,7,-0.6317053741379142,-0.2043274109957749
DMART,2022-08-18,up,8,-1.6611378067694305,0.6010954690271131
DMART,2022-08-19,down,1,-1.5859675000947315,-3.2014948072935367
DMART,2022-08-30,up,1,-5.222419013311896,-1.1464177949645937
DMART,2022-09-01,down,1,-3.0845728432015607,0.003278166174647268
DMART,2023-06-13,up,2,6.858796782858612,0.7503600418957923
DMART,2023-06-14,up,3,2.5237380219955474,0.6188340151553451
DMART,2023-06-15,down,1,1.336897096652434,5.142735520259678
DMART,2023-06-16,up,1,-5.329414765267726,2.66847580280416
DMART,2023-11-28,up,1,6.265523012862717,0.5594509301370287
DMART,2023-11-30,up,3,4.561012624046401,0.327670824029469
DMART,2023-12-01,up,4,3.901238440401489,0.4568274227047642
DMART,2023-12-04,up,5,3.0429804007185757,-1.6183164278731343
DMART,2023-12-06,up,7,-0.6044142747917425,1.7399985669946272
DMART,2023-12-07,down,1,-2.6984859571901,-0.9515251213989884
DMART,2024-03-11,down,1,4.915738562001448,0.7801947269169274
DMART,2024-03-21,up,2,9.731582875017741,1.7478929024371759
DMART,2024-03-22,up,3,9.059464468302657,1.3279520284373403
DMART,2024-03-26,down,1,6.72994121156143,2.949057966144353
DMART,2024-03-27,up,1,2.49453711610117,-2.362032464608199
DMART,2024-03-28,up,2,1.9620583314949647,0.31466317211648054
DMART,2024-04-01,up,3,1.3583356176900763,-1.741293532338295
DMART,2024-04-04,up,1,-2.842065701815377,0.6509265519094587
DMART,2024-04-08,up,1,-2.817834376632211,-1.4060092894488285
DMART,2024-04-10,up,1,-3.586530329476245,-0.37386985997245326
DMART,2024-04-23,up,3,-4.2879754793492815,-0.8410753855368602
DMART,2024-06-18,up,5,-2.3992263649862733,3.1373743527261855
DMART,2024-07-12,up,1,-3.5322442864666237,2.6553726700067948
DMART,2024-07-15,up,2,-2.620668943252036,-0.8336901020489673
DMART,2024-07-24,down,4,-4.4225078193945055,-0.8058082939292666
DMART,2024-09-10,up,2,-8.624622989662434,-1.1817667483942529
DMART,2024-09-24,up,4,-13.489082305713119,-1.3922861376727824
DMART,2025-03-25,up,7,2.4266240245124804,1.040777942999993
DMART,2025-03-27,up,1,7.473395436725339,0.26837636465879555
DMART,2025-03-28,down,1,6.1303055750927316,0.10534841094407277
DMART,2025-04-15,up,2,3.3350728814810493,0.5578708768160245
DMART,2025-04-16,up,3,-4.847657826978768,-0.6387508871539938
DMART,2025-04-17,up,4,-5.695439539188573,1.6488483724402592
DMART,2025-04-21,up,5,-8.030914391964439,-1.2669198922376945
DMART,2025-04-22,up,6,-9.030149519463526,0.0978399939790986
DMART,2025-04-23,up,7,-9.868049125066236,-0.2142986493483101
DMART,2025-04-24,down,1,-8.049404576186914,-1.1976138478715037
DMART,2025-06-30,down,1,-8.142948337758682,0.19648697417395944
DMART,2025-07-01,up,1,-8.686373619318077,1.7778004177066986
DMART,2025-08-14,up,2,8.4551502913643,1.7732767965136897
DMART,2025-08-18,up,3,7.268160044429228,3.80417202756993
DMART,2025-08-19,up,4,0.3343989660057334,0.7720243716476283
DMART,2025-08-20,up,5,-2.0322256240146497,1.131117261835013
DMART,2025-08-26,down,1,-1.3880386619237295,0.445274595144296
DMART,2025-09-04,up,2,-5.706501756850447,-0.06480333886581535
DMART,2026-04-17,up,1,-4.274711822149602,0.9701809465590072
DOMS,2025-09-04,up,2,0.287424142837045,
DRREDDY,2022-04-08,up,1,-9.880047040763007,-0.0009001571191102897
DRREDDY,2022-07-05,down,1,1.4407027385193505,-0.9482598333361292
DRREDDY,2022-07-11,down,1,-8.44991306974151,-0.4396017081631398
DRREDDY,2022-07-14,down,4,-9.661093734412141,0.08399429435228534
DRREDDY,2022-10-27,up,1,-2.0186618489246744,-0.3308416043734219
DRREDDY,2023-02-09,up,2,-2.843122380621743,-0.556155894078314
DRREDDY,2023-03-29,up,1,4.153640821915183,0.2880730401245257
DRREDDY,2023-03-31,up,2,3.5184724112531596,1.1108368569549887
DRREDDY,2023-04-03,up,3,1.7066503788606413,-0.6364064793618396
DRREDDY,2023-04-10,up,6,3.088735969142542,0.8077275238327797
DRREDDY,2023-04-11,up,7,3.5850016340870594,-0.6820409005142136
DRREDDY,2023-04-12,up,8,2.3306869730084223,1.2023035776482116
DRREDDY,2023-06-15,down,1,5.0640127115882505,1.9282227646949535
DRREDDY,2023-06-16,up,1,2.349224966503738,1.4699942314207792
DRREDDY,2023-06-19,down,1,0.5881553061489075,-1.7261881087509034
DRREDDY,2023-06-26,up,1,2.809991026621783,-0.14893490608127724
DRREDDY,2023-06-28,up,3,4.446751890377754,0.07858640197611066
DRREDDY,2023-06-30,up,4,3.776540614019086,0.2838329180909094
DRREDDY,2023-07-06,up,8,-0.019571651848204752,-0.014787576598085383
DRREDDY,2023-07-20,up,6,1.7394807089426756,0.44880319965434623
DRREDDY,2023-07-24,down,2,8.28759929373184,-0.030861424194428277
DRREDDY,2023-07-25,up,1,7.44807798785263,-0.43986227889752927
DRREDDY,2023-07-27,down,1,6.407847028235447,-0.09877530253443734
DRREDDY,2023-07-31,up,1,3.983462598488119,-0.11051938490701518
DRREDDY,2023-08-01,down,1,3.2045620206692327,-0.3797274015544416
DRREDDY,2023-08-09,up,1,-2.0440785021890284,1.9497585654876914
DRREDDY,2023-08-10,down,1,-5.658876982201799,-1.0006226502393467
DRREDDY,2023-08-18,down,2,-6.095169472310036,-1.277830597310503
DRREDDY,2023-11-30,up,3,-3.9949657096586044,0.2483007735419429
DRREDDY,2023-12-01,up,4,-3.4534191917567347,-0.497512437810943
DRREDDY,2024-02-06,up,1,2.481376749038633,-0.22891475915687298
DRREDDY,2024-02-12,down,1,1.3445805224687746,1.5829389271626138
DRREDDY,2024-02-19,up,5,-2.16937322362184,-0.30889929189192866
DRREDDY,2024-07-03,up,1,3.1793205767794985,-1.2652785455438686
DRREDDY,2024-07-12,up,1,2.3589622249994946,1.4265863704907344
DRREDDY,2024-07-15,up,2,0.4230132118318686,-0.27697020941437334
DRREDDY,2024-07-24,down,4,-1.710051866744089,-1.7974846905032815
DRREDDY,2024-08-08,down,1,0.22014755840815692,-0.5117622871794625
DRREDDY,2025-01-08,down,1,-15.93970074533464,-1.7962218231211025
DRREDDY,2025-06-04,up,1,6.718322747955097,0.02468381012119547
DRREDDY,2025-06-05,up,2,6.010237031911925,1.7896281299613737
DRREDDY,2025-06-06,up,3,2.968357809210209,1.3346646810793894
DRREDDY,2025-06-10,up,5,-4.4057328984778765,1.0747616320204934
DRREDDY,2025-06-12,down,1,-5.704117606252601,-1.0524929821834728
DRREDDY,2026-02-23,up,2,-1.4113581810938136,0.40866511563559804
DRREDDY,2026-02-25,up,1,-3.5620377201445064,-0.7850518380057792
EICHERMOT,2022-01-10,up,2,-7.920874846502612,-1.185774156488817
EICHERMOT,2022-01-17,up,1,-9.63631850066572,-0.20783320060080435
EICHERMOT,2022-04-21,up,2,-6.902032057261753,0.6869479973928616
EICHERMOT,2022-04-28,up,1,0.7432726723328287,-0.14220438116833156
EICHERMOT,2022-05-31,down,1,-3.814260285549176,-1.4174512863525557
EICHERMOT,2022-07-07,up,2,3.720271989039148,0.4914036129215038
EICHERMOT,2022-07-08,up,3,5.880337920144063,-1.4730270217539587
EICHERMOT,2022-07-11,down,1,4.998249765844998,1.3588677135573546
EICHERMOT,2022-07-18,up,2,2.583984723081012,-1.5746523535854928
EICHERMOT,2022-07-20,up,4,1.3901066907692217,-1.6571400040908957
EICHERMOT,2022-07-22,up,6,6.764475559461625,0.4300260190529315
EICHERMOT,2022-08-04,down,1,4.480743461933034,-1.3426106335262866
EICHERMOT,2022-08-11,up,4,3.9087387659894057,-1.0733910612742537
EICHERMOT,2022-08-16,up,6,5.55925502085306,1.7280763445063352
EICHERMOT,2022-08-17,up,7,3.1571645066111875,1.2293410267632643
EICHERMOT,2022-08-19,down,1,0.2766852184684643,-1.5683652707955131
EICHERMOT,2022-08-23,up,1,1.7729258669621606,-0.6111049139238656
EICHERMOT,2022-08-25,down,1,1.188023994163534,-1.6412191913993124
EICHERMOT,2022-09-12,up,3,-1.0588716578962654,1.5593865298829002
EICHERMOT,2022-09-13,up,4,-3.008176184760114,-3.3260379778562665
EICHERMOT,2022-09-15,down,2,-3.7961138380736004,0.9719249680404607
EICHERMOT,2022-09-20,up,2,-6.290986484465599,0.8031736741131112
EICHERMOT,2022-09-21,down,1,-7.60568983686195,-2.0479758633435985
EICHERMOT,2022-10-31,up,3,-10.994708114451491,2.5760862452712585
EICHERMOT,2023-05-02,up,6,9.055175994542841,1.282806869497466
EICHERMOT,2023-05-12,up,1,7.479008503883544,5.462726703841603
EICHERMOT,2023-05-15,up,2,0.20493829686387688,0.08899982609229529
EICHERMOT,2023-11-17,down,1,-0.2200449128453963,-1.0742813475065893
EICHERMOT,2023-12-01,up,4,1.686720703323319,0.2639861914915276
EICHERMOT,2023-12-04,up,5,1.7797065896782094,5.3214937968385945
EICHERMOT,2024-04-08,up,1,9.073044478527613,3.7218766214937693
EICHERMOT,2024-04-10,up,1,3.282862837389988,-0.3460707271196739
EICHERMOT,2024-04-12,down,1,2.5311779123414313,-2.4485416056969855
EICHERMOT,2024-04-18,down,4,0.9247629995458695,-1.8305384973407168
EICHERMOT,2024-04-22,up,2,3.3357110781040866,0.1305310684986516
EICHERMOT,2024-04-23,up,3,2.3910590927747055,0.8336245195427638
EICHERMOT,2024-04-24,up,4,2.724598376144516,0.22875321882376287
EICHERMOT,2024-04-25,up,5,2.1632729163434616,-0.07635532987467775
EICHERMOT,2024-04-30,down,1,4.227558911843987,-1.2460087922119611
EICHERMOT,2024-05-13,up,2,2.5638607653375223,-1.3555860809852383
EICHERMOT,2024-05-23,up,5,0.7308055863682661,1.1713651859337482
EICHERMOT,2024-05-24,down,1,0.8771277327602744,-0.6365154993201672
EICHERMOT,2024-06-14,up,4,-3.2477887811536155,0.5281165616850325
EICHERMOT,2024-06-18,up,5,-2.837678235465735,-0.5981216264481337
EICHERMOT,2024-07-26,up,1,-3.731597196179892,0.6825170629265909
EICHERMOT,2025-01-24,down,1,3.8862036000580025,0.028646040040358756
EICHERMOT,2025-02-03,down,2,-13.702611731844561,1.5849933006660821
EICHERMOT,2025-04-15,up,2,4.64419981540265,-0.06528443754079127
EICHERMOT,2025-04-16,up,3,4.041605898884204,0.5499764091187131
EICHERMOT,2025-04-17,up,4,-2.4416107738394977,0.6601097531878874
EICHERMOT,2025-04-21,up,5,-5.659350870527069,1.1650695868919092
EICHERMOT,2025-04-22,up,6,-7.479249081098982,-1.6611352116922773
EICHERMOT,2025-07-01,up,1,-4.794409657954713,-0.4625071651417345
EICHERMOT,2025-08-18,up,3,5.7885750574755646,1.7813017704666478
EICHERMOT,2025-08-26,down,1,3.7224038327740683,3.5489826161746674
EICHERMOT,2025-08-28,down,2,0.6240937021815274,-1.4749120740900845
EICHERMOT,2025-09-02,down,1,1.6057664632969981,0.40389280552104445
EICHERMOT,2025-09-04,up,2,6.153640065171961,0.4526522054723259
EICHERMOT,2025-09-08,up,4,3.534168869639598,0.5252302467996683
EICHERMOT,2025-09-09,up,5,-0.10519830752776516,0.2580555168084864
EICHERMOT,2025-09-19,down,1,-1.1055871694800712,0.15348521609368504
EICHERMOT,2025-09-23,down,3,-2.241428933984957,-1.4616288747201445
EICHERMOT,2026-01-06,down,2,-6.562072861456237,-0.38496055221927117
EICHERMOT,2026-02-26,up,2,-15.545124500348372,0.48039898786169655
EICHERMOT,2026-06-22,up,1,-5.538816091685539,-0.9906129239041994
EICHERMOT,2026-07-28,down,1,2.076592949614131,0.06042173483291613
EICHERMOT,2026-08-03,up,4,0.9705570508115269,0.681962194073793
EICHERMOT,2026-08-11,down,1,-1.700052572587929,-1.3238733509397416
EIDPARRY,2024-06-19,down,1,1.8491834242553074,
EIDPARRY,2024-07-09,up,1,5.55589158153087,
EIDPARRY,2024-07-12,up,1,4.863181043027076,
EMAMILTD,2024-05-31,up,1,12.362259783473606,
EMAMILTD,2024-06-03,up,2,7.632679498753769,
EMAMILTD,2024-06-04,down,1,7.915561308342456,
EMAMILTD,2024-06-05,up,1,3.0041916395322055,
EMAMILTD,2024-06-07,up,3,-3.6896089237119623,
EMAMILTD,2024-07-01,up,1,6.264408852142833,
EMAMILTD,2024-07-09,up,1,1.6722868771064103,
EMAMILTD,2024-07-10,down,1,0.026686549993626407,
EMAMILTD,2024-07-18,up,4,-3.9477894480594244,
EMAMILTD,2024-07-22,down,2,-1.224835552829362,
EMAMILTD,2024-08-01,up,5,-4.68542244682274,
EMMVEE,2026-04-29,up,1,-9.7394969596462,
EMMVEE,2026-05-25,up,2,9.002203021308697,
EMMVEE,2026-05-26,down,1,17.592283976289625,
EMMVEE,2026-05-27,down,2,13.005217809454805,
EMMVEE,2026-05-29,down,3,8.555347887994103,
EMMVEE,2026-06-01,down,4,3.603810039900379,
EMMVEE,2026-06-04,up,1,2.793804366763686,
EMMVEE,2026-06-09,up,1,0.14377552696933638,
EMMVEE,2026-06-12,up,1,1.6315818588326536,
EMMVEE,2026-06-15,up,2,-5.702702126223103,
EMMVEE,2026-07-01,up,1,-5.552572263991595,
EMMVEE,2026-07-02,up,2,-10.804823915891081,
ENDURANCE,2025-07-01,up,1,-6.8699436627239425,
ENGINERSIN,2023-05-16,down,1,6.413747079143994,
ENGINERSIN,2023-05-24,down,1,7.012112314016328,
ENGINERSIN,2023-05-25,up,1,-1.3179649287207384,
ENGINERSIN,2023-05-29,up,3,2.191743982788763,
ENGINERSIN,2023-06-07,up,4,5.9050303775304736,
ENGINERSIN,2023-06-20,up,1,5.083276615394516,
ENGINERSIN,2023-07-25,up,1,7.992348423643247,
ENGINERSIN,2023-07-28,down,2,0.8641724687608043,
ENGINERSIN,2023-07-31,up,1,1.5488091820589522,
ENGINERSIN,2023-08-22,up,2,-6.777879026946021,
ENGINERSIN,2023-12-14,up,2,10.003514512384637,
ENGINERSIN,2023-12-28,up,5,4.77738397982308,
ENGINERSIN,2023-12-29,down,1,22.86640628326808,
ENGINERSIN,2024-01-01,up,1,21.411541923346398,
ENGINERSIN,2024-01-02,down,1,16.51697697814467,
ENGINERSIN,2024-01-03,down,2,5.344121057300466,
ENGINERSIN,2024-01-11,up,3,8.051627305002441,
ENGINERSIN,2024-01-12,up,4,18.8527210648235,
ENGINERSIN,2024-01-15,up,5,17.377455985039635,
ENGINERSIN,2024-01-19,up,1,11.849357985776777,
ENGINERSIN,2024-01-23,down,1,9.725635998705062,
ENGINERSIN,2024-02-02,up,1,-10.394923178210401,
ENGINERSIN,2024-05-16,up,1,7.502088682515651,
ENGINERSIN,2024-05-17,up,2,8.686446508503431,
ENGINERSIN,2024-05-21,up,3,6.280329666709039,
ENGINERSIN,2024-05-23,up,5,-8.827703519013685,
ENGINERSIN,2024-05-24,down,1,-8.20204111144579,
ENGINERSIN,2024-07-04,up,2,7.5627449345451625,
ENGINERSIN,2024-07-05,up,3,6.9651741293532465,
ENGINERSIN,2024-07-08,down,1,4.545147565340724,
ENGINERSIN,2024-07-11,down,2,-10.518328180545634,
ENGINERSIN,2024-07-12,up,1,-19.622226814484243,
ENGINERSIN,2025-05-30,down,1,8.583596406366944,
ENGINERSIN,2025-06-10,up,5,-0.9046607162679243,
ENGINERSIN,2025-07-04,up,1,-6.382769494791618,
ENGINERSIN,2025-07-09,down,1,-12.634629697645483,
ENGINERSIN,2025-07-11,down,3,-17.89854558017685,
ENGINERSIN,2026-04-17,up,1,11.412502175771966,
ENGINERSIN,2026-04-20,up,2,3.5097582530979166,
ENGINERSIN,2026-04-27,up,1,-5.838435314210377,
ENGINERSIN,2026-05-07,down,1,-13.001033718861466,
ENGINERSIN,2026-09-01,down,2,-1.592396216906522,
ENRIN,2025-07-30,up,2,3.049451236280909,
ENRIN,2025-08-05,down,1,2.5964711035519894,
ENRIN,2025-08-21,up,6,4.330185026030575,
ENRIN,2025-08-25,up,1,2.3843671691080592,
ENRIN,2025-08-28,down,2,1.7398747392630032,
ENRIN,2025-09-01,up,1,2.068227941678691,
ENRIN,2025-09-23,down,3,-11.185697690051066,
ENRIN,2026-02-16,up,1,1.4891208868163863,
ENRIN,2026-02-24,down,1,-3.0318823185899735,
ENRIN,2026-02-25,up,1,-6.369792051631351,
ENRIN,2026-04-23,down,2,-6.047409815882654,
ENRIN,2026-04-29,up,1,4.492115678574926,
ENRIN,2026-05-20,up,1,12.746738162352766,
ENRIN,2026-05-21,down,1,7.251381833142534,
ENRIN,2026-05-27,down,2,2.1705725853963465,
ENRIN,2026-05-29,down,3,-0.16158666641276076,
ENRIN,2026-06-19,down,1,-11.046133595987362,
ENRIN,2026-06-22,up,1,-12.282537956349582,
ESCORTS,2021-10-18,up,7,0.31677300276540254,
ESCORTS,2021-11-18,down,3,11.634022081783279,
ESCORTS,2021-11-26,down,1,-1.5578119306158156,
ESCORTS,2022-08-29,down,1,11.612525935797912,
ESCORTS,2022-08-30,up,1,4.345281765018649,
ESCORTS,2022-09-02,down,2,1.5572955468254657,
ESCORTS,2022-09-19,up,1,-1.8794914317302291,
ESCORTS,2022-09-20,up,2,-2.3372432040707825,
ESCORTS,2022-09-23,down,3,-8.637782376088875,
ESCORTS,2022-11-25,up,4,4.424216024361649,
ESCORTS,2022-12-01,up,8,-9.910491831402446,
ESCORTS,2023-08-02,down,2,3.0461384112150602,
ESCORTS,2023-08-16,up,2,9.065030321622757,
ESCORTS,2023-08-17,down,1,7.572093716871864,
ESCORTS,2023-08-18,down,2,4.011710042562711,
ESCORTS,2023-08-22,up,2,3.4436719163958296,
ESCORTS,2023-08-24,down,1,9.448870400986342,
ESCORTS,2023-08-25,down,2,7.7347452494494595,
ESCORTS,2023-08-30,up,3,-1.0531327736318263,
ESCORTS,2023-09-25,up,1,2.2765444858717343,
ESCORTS,2023-09-27,up,1,3.258933198590408,
ESCORTS,2023-10-10,up,1,-8.971444041291443,
ESCORTS,2023-10-11,up,2,-10.99001067209089,
ESCORTS,2024-04-26,down,1,2.0409418200030505,
ESCORTS,2024-04-30,down,1,6.118387814650705,
ESCORTS,2024-05-02,up,1,3.249147294137833,
ESCORTS,2024-05-08,down,4,5.96759642068998,
ESCORTS,2024-05-13,up,2,4.128993470062459,
ESCORTS,2024-05-14,up,3,3.0643975158230807,
ESCORTS,2024-05-16,up,1,5.540507621340773,
ESCORTS,2024-05-17,up,2,7.387100501602295,
ESCORTS,2024-05-21,up,3,7.716269519863084,
ESCORTS,2024-06-05,up,1,7.56549763351595,
ESCORTS,2024-06-10,down,1,4.35845224110929,
ESCORTS,2024-06-11,up,1,2.985314711621001,
ESCORTS,2024-06-13,up,3,-1.4246232561850314,
ESCORTS,2024-06-14,up,4,-4.126876642639821,
ESCORTS,2024-06-18,up,5,0.06926131243538691,
ESCORTS,2024-06-21,down,1,-10.499877668139613,
ETERNAL,2022-08-18,up,8,-7.357206438629083,-0.5712658717167418
ETERNAL,2022-09-13,up,4,0.12780014505584525,0.12780014505584525
ETERNAL,2022-11-11,up,1,-8.973650267182599,9.52644636337987
ETERNAL,2022-11-14,down,1,-11.455645994944163,-5.841295783140021
ETERNAL,2023-04-25,up,2,6.428212703775338,1.8695044147037487
ETERNAL,2023-04-27,up,4,7.876456993147496,-0.1691201287697175
ETERNAL,2023-04-28,up,5,6.90618096569815,4.953561530903827
ETERNAL,2023-05-04,up,1,1.4623896453457075,-1.2513191617669173
ETERNAL,2023-05-22,up,2,1.155861409305281,-5.2321441980333505
ETERNAL,2023-05-25,up,1,5.902801847020944,0.17229423251470255
ETERNAL,2023-05-31,down,1,3.502952981659746,-0.061104687569535354
ETERNAL,2023-06-02,up,1,5.899076048329799,1.3503952405939046
ETERNAL,2023-06-07,up,4,1.8133440019996616,1.6774137104382136
ETERNAL,2023-06-08,down,1,-0.4311733973362153,2.222226270988825
ETERNAL,2023-06-09,down,2,-1.4097775200381135,2.043814479153916
ETERNAL,2023-06-12,up,1,-4.5796618806508205,-0.625077783034933
ETERNAL,2023-07-13,up,1,9.288582089374021,6.068637455940196
ETERNAL,2023-07-14,up,2,12.33772148238561,-2.028323532347487
ETERNAL,2023-07-27,down,1,11.349413082247306,-0.08899960710103683
ETERNAL,2023-07-28,down,2,10.250146730429233,0.5425850328252935
ETERNAL,2023-08-03,down,3,3.779098775463674,1.4982394617172101
ETERNAL,2023-08-04,up,1,3.948579365684024,9.632831143659914
ETERNAL,2023-08-07,up,2,-4.238972333718705,-0.5480757300716066
ETERNAL,2023-08-30,up,3,3.592344873297426,3.592344873297426
ETERNAL,2023-09-07,up,5,1.6248063565037274,-0.546871841431662
ETERNAL,2023-09-11,up,7,0.8246155975986769,0.2859747167436977
ETERNAL,2023-09-15,up,3,2.170764818679416,0.5212798912475947
ETERNAL,2023-09-18,down,1,0.31223121191608083,-3.498299777816549
ETERNAL,2023-10-03,down,1,7.889124353585508,-1.066096635035385
ETERNAL,2023-10-05,up,1,6.972218072708469,-0.027717885740630166
ETERNAL,2023-10-11,up,2,4.940790897455805,1.5764162638477242
ETERNAL,2023-10-12,down,1,3.172657033410897,-0.45220580071071437
ETERNAL,2023-10-17,up,1,2.3579673377044363,0.6007490143103533
ETERNAL,2023-10-18,down,1,1.5064808298443255,-2.4143703610080336
ETERNAL,2023-11-03,up,2,-1.8444919957051331,3.93447476514468
ETERNAL,2023-11-06,up,3,-6.265174950260466,2.5315470017950537
ETERNAL,2023-11-07,down,1,-4.794026966245202,-2.0233790711331245
ETERNAL,2023-12-18,down,1,6.9054750660758835,2.686567164179121
ETERNAL,2023-12-19,up,1,3.699765165637303,0.3881591904541848
ETERNAL,2024-01-05,up,2,5.085265355296542,1.5153195066532898
ETERNAL,2024-01-10,up,2,3.3720287451630915,-0.27639354946907835
ETERNAL,2024-01-11,up,3,2.2796434442619695,2.3161871699957093
ETERNAL,2024-01-12,up,4,0.5046665209809786,-3.3608933748523473
ETERNAL,2024-02-01,down,1,13.586998881308698,-0.6376546480570178
ETERNAL,2024-02-02,up,1,13.751800614875332,0.5425832509924344
ETERNAL,2024-02-08,down,1,13.223431599502566,0.5289919473924432
ETERNAL,2024-02-09,up,1,12.319757146471044,1.8635635382410198
ETERNAL,2024-02-12,down,1,11.595266663412506,1.4412825738924884
ETERNAL,2024-02-16,up,4,-3.216324738189069,-1.5912898032115375
ETERNAL,2024-02-20,up,6,-3.9703265853582415,0.6497621823588373
ETERNAL,2024-02-21,down,1,-5.934306964259772,-3.0792313893403866
ETERNAL,2024-03-01,up,2,2.6552111526097377,-0.9984169014506827
ETERNAL,2024-03-04,up,3,-0.09606322953404911,-2.0746412032058625
ETERNAL,2024-04-05,down,1,1.6873273297451474,0.8713080647111626
ETERNAL,2024-04-08,up,1,1.3960405679676713,-0.10842555311727509
ETERNAL,2024-04-09,down,1,1.169410678565952,0.015386982612719535
ETERNAL,2024-04-10,up,1,-0.3957211648956238,-0.31937188557692453
ETERNAL,2024-05-03,down,1,-7.568884595051006,0.1567796182592618
ETERNAL,2024-05-06,down,2,-9.80957425440555,-2.5834203472683503
ETERNAL,2024-07-02,down,1,3.323150115340212,1.811411953819131
ETERNAL,2024-07-03,up,1,0.7922649752440281,-1.1850758471972145
ETERNAL,2024-07-11,down,2,6.546702885797395,1.8273120379411534
ETERNAL,2024-07-12,up,1,6.382906022830381,2.251929726150559
ETERNAL,2024-07-15,up,2,4.333872112178483,2.51096143025078
ETERNAL,2024-08-01,up,5,13.037751279661801,5.2264642304537645
ETERNAL,2024-08-02,down,1,8.44517523660584,6.191730423512709
ETERNAL,2024-08-19,up,3,-6.03137856505117,-6.459811268584403
ETERNAL,2024-09-20,up,2,-7.566376612765335,1.4303547913970815
ETERNAL,2024-09-23,up,3,-5.065122241023968,1.200482230485811
ETERNAL,2024-11-27,up,1,4.755119373570338,-0.056582186537545986
ETERNAL,2024-12-05,up,5,-5.907122769427076,3.0401967926883655
ETERNAL,2025-05-15,up,2,5.707486401777362,-0.04428948280723599
ETERNAL,2025-05-16,down,1,4.069945570456435,-0.27847177507697163
ETERNAL,2025-06-26,up,3,3.5591297755513507,1.9862189951683984
ETERNAL,2025-07-14,down,4,1.1593155669850086,1.233772725329163
ETERNAL,2025-07-22,down,1,12.184350577081982,6.75694435115155
ETERNAL,2025-07-24,down,1,1.7882455662201036,-0.9131012545205652
ETERNAL,2025-08-13,up,1,5.258697786365563,0.09410000929159779
ETERNAL,2025-08-14,up,2,4.461765661021122,0.8967880015477991
ETERNAL,2025-08-18,up,3,1.3382196706496874,-1.5242698076011418
ETERNAL,2025-08-20,up,5,0.8550063185943868,-0.2208623664056053
ETERNAL,2025-09-05,up,3,2.1790760796369657,0.10736590603215301
ETERNAL,2025-09-22,down,2,1.770558969856606,-0.21948720894607865
ETERNAL,2025-10-09,up,1,-7.795520601758376,-0.5990769714407262
ETERNAL,2025-10-10,up,2,-7.627329223375023,-0.4975124378109319
ETERNAL,2025-10-15,up,1,-13.599617283897448,0.6331976481230184
ETERNAL,2025-10-16,up,2,-14.546402816421844,-4.9428312691003224
ETERNAL,2026-07-01,up,1,7.648670254887957,4.896080345933895
ETERNAL,2026-07-02,up,2,2.623017344338341,-0.01879197237235619
ETERNAL,2026-07-03,up,3,0.7029832624517063,-1.2456599055010842
ETERNAL,2026-07-07,down,1,1.9226315596807098,-0.2554938176655641
ETERNAL,2026-07-08,down,2,0.8018285866094876,-1.7626685155087918
ETERNAL,2026-07-09,up,1,-1.084696253024553,-1.1182414221554082
ETERNAL,2026-07-28,down,1,5.126539175854661,3.129833739824095
ETERNAL,2026-07-29,up,1,2.712245225485499,-1.4604397367998567
ETERNAL,2026-08-06,up,2,3.15107122195577,-1.2366666928281367
ETERNAL,2026-08-14,down,4,2.0701931957330055,-1.1511121350804787
ETERNAL,2026-08-20,up,1,-1.3853789197043498,1.0332950631458226
ETERNAL,2026-08-21,up,2,-2.012009965393724,-2.1634597181520054
EXIDEIND,2022-12-02,down,1,-7.293059045805316,
EXIDEIND,2023-07-06,up,8,2.902389324693422,
EXIDEIND,2023-07-12,down,1,0.524439295209711,
EXIDEIND,2023-08-01,down,1,1.8255028360145031,
EXIDEIND,2023-12-29,down,1,8.797738566671342,
EXIDEIND,2024-01-01,up,1,3.98278648500463,
EXIDEIND,2024-01-03,down,2,3.2820255996196757,
EXIDEIND,2024-01-05,up,2,2.5438557467116985,
EXIDEIND,2024-01-11,up,3,4.028054337803644,
EXIDEIND,2024-01-12,up,4,1.9900497512437942,
EXIDEIND,2024-02-02,up,1,-2.708678828081801,
EXIDEIND,2024-02-05,down,1,-6.038156298655095,
EXIDEIND,2024-04-18,down,4,-4.336733452631281,
EXIDEIND,2024-05-02,up,1,-1.9331435062402536,
EXIDEIND,2024-05-17,up,2,-4.8532220527216285,
EXIDEIND,2024-05-21,up,3,-6.559981082826827,
EXIDEIND,2024-05-24,down,1,-7.504014602045917,
EXIDEIND,2024-05-27,down,2,5.998760101799294,
EXIDEIND,2024-05-28,down,3,4.950313416544683,
EXIDEIND,2024-06-06,up,2,8.570014472301413,
EXIDEIND,2024-06-11,up,1,4.665785095854935,
EXIDEIND,2024-06-12,up,2,3.901092392409322,
EXIDEIND,2024-06-13,up,3,2.8830185688715426,
EXIDEIND,2024-06-18,up,5,4.668508073458355,
EXIDEIND,2024-06-20,up,1,-1.1814924753562606,
EXIDEIND,2024-06-25,up,2,-3.9904923431800188,
EXIDEIND,2024-10-11,down,1,-13.567389057503899,
EXIDEIND,2025-09-01,up,1,5.357750307145204,
EXIDEIND,2025-09-02,down,1,2.8477141408906004,
EXIDEIND,2025-09-08,up,4,-8.64440167183853,
EXIDEIND,2026-04-29,up,1,-5.921915943542954,
EXIDEIND,2026-05-04,up,1,-6.959931260731855,
EXIDEIND,2026-06-24,up,1,4.459550610534402,
EXIDEIND,2026-07-02,up,2,5.489607312289069,
EXIDEIND,2026-07-09,up,1,1.830649739434831,
EXIDEIND,2026-07-17,up,1,4.512244394508058,
EXIDEIND,2026-07-20,down,1,3.1835496360045568,
EXIDEIND,2026-07-21,down,2,1.6238631337461173,
EXIDEIND,2026-07-22,down,3,0.09950518673993436,
EXIDEIND,2026-07-30,up,2,7.677164796579428,
EXIDEIND,2026-08-05,up,1,5.67017674562682,
EXIDEIND,2026-08-07,down,1,-7.7204690431918905,
EXIDEIND,2026-08-11,down,1,-12.004943699243075,
FACT,2022-12-16,down,2,43.720878729341585,
FACT,2022-12-19,up,1,19.82537826478903,
FACT,2022-12-21,down,2,8.934003165800085,
FACT,2022-12-28,down,1,-3.88248630266389,
FACT,2022-12-29,up,1,-6.081833946848459,
FACT,2022-12-30,down,1,-14.610252218153242,
FACT,2023-01-02,up,1,-12.224067630426728,
FACT,2023-06-20,up,1,12.275718686255278,
FACT,2023-06-21,up,2,6.075569372435563,
FACT,2023-06-27,up,2,11.516889873684487,
FACT,2023-06-28,up,3,3.656767858203569,
FACT,2023-07-05,up,7,-2.9809145571471074,
FACT,2023-07-13,up,1,-4.245061245127824,
FACT,2023-09-15,up,3,-6.204787337415308,
FACT,2023-10-16,down,3,22.990231660817773,
FACT,2023-10-17,up,1,12.503764818660823,
FACT,2023-11-01,down,2,-9.401959237773362,
FACT,2023-12-15,up,3,-6.135988153621497,
FACT,2024-01-02,down,1,-3.1237525455627746,
FACT,2024-06-19,down,1,17.733369807916645,
FACT,2024-06-20,up,1,10.793507388455614,
FACT,2024-06-21,down,1,-0.5522646408779197,
FACT,2024-07-08,down,1,-6.689374790168268,
FACT,2024-07-09,up,1,-8.620797844836115,
FACT,2024-12-10,down,3,-6.490899474195921,
FACT,2024-12-17,down,2,-10.261603527178165,
FACT,2025-05-05,up,2,1.7943424240000505,
FACT,2025-05-06,down,1,1.0166558511789159,
FACT,2025-05-13,down,1,4.612722482093923,
FACT,2025-05-14,up,1,24.64453514693943,
FACT,2025-05-15,up,2,23.55045412111223,
FACT,2025-06-03,down,3,8.007602323767404,
FACT,2025-06-05,up,2,-9.845708083789528,
FEDERALBNK,2021-10-12,up,4,9.793891174706815,1.2651065265192107
FEDERALBNK,2021-10-13,up,5,8.004112505781237,5.934632847314836
FEDERALBNK,2021-10-14,up,6,2.20176040198774,0.5610246639144778
FEDERALBNK,2021-10-18,up,7,0.5964971496004834,0.07554171733772375
FEDERALBNK,2021-10-21,down,3,3.2144958875272467,0.2242641180029592
FEDERALBNK,2021-10-22,down,4,1.0762544946266717,6.609808102345416
FEDERALBNK,2021-10-25,up,1,-8.310854113538058,-3.0392004275652806
FEDERALBNK,2022-01-13,up,5,-1.097525912268893,0.4525082609487363
FEDERALBNK,2022-01-28,down,2,-0.25339446413034095,-0.8881026856777607
FEDERALBNK,2022-02-10,up,3,-9.916437231319119,0.37192824796301593
FEDERALBNK,2022-04-01,up,1,-3.2752518232011085,1.1889673234203757
FEDERALBNK,2022-04-04,up,2,-5.557782674152167,0.42695758200899103
FEDERALBNK,2022-07-18,up,2,9.53178677958686,0.2929770966441536
FEDERALBNK,2022-07-19,up,3,6.878400393477735,4.564387515185042
FEDERALBNK,2022-07-20,up,4,2.6032613436270724,-2.348721508735385
FEDERALBNK,2022-08-02,up,5,3.63895749995935,0.5934281185175472
FEDERALBNK,2022-08-24,up,2,3.528602585329832,1.537667920227337
FEDERALBNK,2022-08-25,down,1,1.7639063767195928,0.15482029537317032
FEDERALBNK,2022-08-30,up,1,5.201813167820291,-1.3974018247806308
FEDERALBNK,2022-09-01,down,1,3.7662794362033125,1.148905116238641
FEDERALBNK,2022-09-02,down,2,-2.4608264339333275,0.5885794105986664
FEDERALBNK,2022-09-05,up,1,-10.058828624394833,1.0420161807143558
FEDERALBNK,2022-10-14,up,1,7.74529718272543,3.623892372457238
FEDERALBNK,2022-10-18,up,3,2.914218025468851,-0.4225248243968416
FEDERALBNK,2022-10-21,up,6,1.8397896818024062,0.20738730286185003
FEDERALBNK,2022-11-03,down,2,-3.0216541909878325,0.5999414691249871
FEDERALBNK,2022-11-04,up,1,-3.455883040341423,-1.1469079088376022
FEDERALBNK,2023-04-28,up,5,-7.463419977229191,-0.6074959761674825
FEDERALBNK,2023-05-03,down,1,-9.953157974741622,0.1571047368473355
FEDERALBNK,2023-05-04,up,1,-11.32551466791939,0.7255817159536271
FEDERALBNK,2023-07-20,up,6,-2.424311789305511,-0.5338692358650143
FEDERALBNK,2023-08-23,up,3,5.498802821405024,4.154181205448215
FEDERALBNK,2023-08-24,down,1,3.211091634304797,-2.0369299742191704
FEDERALBNK,2023-08-29,up,2,0.8796846218733334,0.15665406410314553
FEDERALBNK,2023-09-08,up,6,1.801565936068683,0.34773468833051435
FEDERALBNK,2023-09-11,up,7,1.012134173165813,0.5760078983380712
FEDERALBNK,2023-12-04,up,5,1.4464083214669632,2.797271918552924
FEDERALBNK,2023-12-05,up,6,0.6885714083532335,1.233521183600872
FEDERALBNK,2024-06-12,up,2,6.77540750665846,2.9800660741264196
FEDERALBNK,2024-06-18,up,5,3.1166272513270643,-0.5032005962625985
FEDERALBNK,2024-06-19,down,1,2.472885208874831,-0.6386907710764778
FEDERALBNK,2024-06-20,up,1,1.7510418236170722,0.7809634938903409
FEDERALBNK,2024-07-03,up,1,3.078889681914565,1.2851512189498093
FEDERALBNK,2024-07-05,up,3,4.583465897200911,1.565279433976663
FEDERALBNK,2024-07-08,down,1,2.4046470653553254,0.08717423642901068
FEDERALBNK,2024-07-11,down,2,4.021509518207345,3.212285391713654
FEDERALBNK,2024-07-12,up,1,1.7275866815095853,0.45315990829044583
FEDERALBNK,2024-07-23,down,3,1.7313154005868414,-0.8849187122115132
FEDERALBNK,2024-07-25,down,5,-0.6584732372718172,-4.887328065554575
FEDERALBNK,2024-11-25,up,2,1.1170573741698497,-0.08448095240188858
FEDERALBNK,2024-12-04,up,4,-8.274338796045766,0.41194486101649996
FEDERALBNK,2025-04-21,up,5,0.07843463935104378,2.4074853400409824
FEDERALBNK,2025-04-22,up,6,-2.763731373679257,-0.4288395903469633
FEDERALBNK,2025-06-02,down,2,0.6502755067688826,0.728093399549179
FEDERALBNK,2025-06-03,down,3,0.4967954748151149,1.4959041517252025
FEDERALBNK,2025-10-20,up,4,9.471983713197375,4.638428216187496
FEDERALBNK,2025-10-23,up,6,2.2551447976301375,-1.3198444259461706
FEDERALBNK,2025-10-27,up,1,4.777575396223699,0.2738259929529363
FEDERALBNK,2025-10-28,down,1,3.441126713114895,-0.07445763826481322
FEDERALBNK,2025-11-03,up,1,2.4393797357783464,-0.35506830567554326
FEDERALBNK,2025-11-18,down,1,6.136262988476027,1.7040707695542334
FEDERALBNK,2025-11-19,up,1,3.2285403753931963,-0.594295187956495
FEDERALBNK,2025-11-24,down,2,6.20939567754788,-0.5375561242141669
FEDERALBNK,2025-11-25,down,3,3.851418384938299,1.1976970329072634
FEDERALBNK,2025-11-26,up,1,2.097535818847529,-0.8460980104796012
FEDERALBNK,2025-12-02,down,3,1.7055652541010602,-0.7657178773547102
FEDERALBNK,2025-12-15,down,1,-3.102089603846747,0.18193846823961746
FEDERALBNK,2025-12-19,up,1,-5.663810694798011,-0.08719062475227579
FEDERALBNK,2025-12-22,up,2,-7.5266711913840485,0.2628934703811092
FEDERALBNK,2026-01-29,up,3,-0.1164180701005435,-0.6880701946982093
FEDERALBNK,2026-02-03,up,1,1.5811782473891478,-1.9062168498341192
FEDERALBNK,2026-02-23,up,2,-10.820687773070325,0.502601882251863
FEDERALBNK,2026-04-20,up,2,-3.905365108183878,-0.1938446407799943
FEDERALBNK,2026-06-09,up,1,1.3320533484292296,1.1394659295508536
FEDERALBNK,2026-06-12,up,1,3.6968536136400054,0.7592287522985686
FEDERALBNK,2026-06-15,up,2,3.1593974419209525,-0.7475636722023893
FEDERALBNK,2026-06-17,up,4,2.2759083806537683,0.09125777539245039
FEDERALBNK,2026-06-24,up,1,1.079702746112865,0.05375349915910377
FEDERALBNK,2026-06-30,down,2,6.196844523559575,0.11106546776820103
FEDERALBNK,2026-07-03,up,3,4.487340218034808,-1.8597454212275544
FEDERALBNK,2026-07-13,up,3,3.877862480539318,-1.479735011293648
FEDERALBNK,2026-07-17,up,1,9.91107233728279,0.9809792050150534
FEDERALBNK,2026-07-21,down,2,5.011568880227579,0.03926812011261216
FEDERALBNK,2026-08-03,up,4,-1.091926843400648,0.7880834713189344
FINCABLES,2023-03-06,up,2,2.6605875022994496,
FINCABLES,2023-03-23,down,1,1.3922323035743256,
FINCABLES,2024-05-27,down,2,13.917319653205794,
FINCABLES,2024-06-06,up,2,3.061573382064431,
FINCABLES,2024-06-10,down,1,6.1463170816041135,
FINCABLES,2024-06-12,up,2,-0.0052301737155091566,
FINCABLES,2024-06-14,up,4,2.035276631634164,
FINCABLES,2026-09-09,down,3,3.104248762721573,
FINCABLES,2026-09-10,up,1,-1.4665064513235015,
FINCABLES,2026-09-11,down,1,-5.121002713100853,
FIVESTAR,2024-09-26,up,6,-1.7827264458408876,
FIVESTAR,2024-10-15,down,1,-8.480434366628376,
FIVESTAR,2024-10-16,down,2,-21.713335974992287,
FIVESTAR,2024-10-24,down,4,-23.21672633035571,
FIVESTAR,2024-12-27,up,2,-16.89888650004543,
FIVESTAR,2025-06-30,down,1,-6.420434634277294,
FIVESTAR,2026-04-21,up,3,-3.032610166568739,
FIVESTAR,2026-07-03,up,3,3.2112166440524836,
FIVESTAR,2026-07-06,up,4,1.5585793264158099,
FLUOROCHEM,2024-10-10,up,1,-4.412769806165784,
FLUOROCHEM,2024-10-11,down,1,-8.89111004482379,
FLUOROCHEM,2024-10-17,down,3,-9.842239633586125,
FLUOROCHEM,2025-09-19,down,1,-2.7990010470690163,
FLUOROCHEM,2025-09-22,down,2,-6.534349626495118,
FLUOROCHEM,2025-09-23,down,3,-7.842956099927479,
FLUOROCHEM,2026-08-13,down,3,-0.5059876833881649,
FORCEMOT,2025-05-02,up,1,11.488179351135175,4.285364138582182
FORCEMOT,2025-05-05,up,2,5.624433584986077,-0.14404001307846137
FORCEMOT,2025-05-12,up,1,10.44461609488061,0.8497166007486845
FORCEMOT,2025-05-14,up,1,7.894484623614351,-3.7029801678307606
FORCEMOT,2025-05-15,up,2,6.928588990736473,0.8931773033980628
FORCEMOT,2025-05-16,down,1,-1.9682989953550112,-2.648148975126141
FORCEMOT,2025-05-28,down,2,13.522710175752106,4.999227849384913
FORCEMOT,2025-05-29,up,1,5.558589084472776,1.4828409772099205
FORCEMOT,2025-05-30,down,1,2.675633000552713,1.844380795036793
FORCEMOT,2025-06-05,up,2,0.3146252726322851,-0.27885997730698886
FORCEMOT,2025-06-12,down,1,24.07519526388844,-4.279116324064914
FORCEMOT,2025-06-13,down,2,21.604066327427883,2.11201688252014
FORCEMOT,2025-06-16,up,1,17.66837017560232,2.100750385622474
FORCEMOT,2025-06-17,down,1,13.454006562930054,-0.8574150523975699
FORCEMOT,2025-06-30,down,1,14.029891668533768,10.149096862660457
FORCEMOT,2025-07-09,down,1,16.894057320758193,1.8832219271739614
FORCEMOT,2025-07-16,up,2,11.555804117585389,-0.9635662437228243
FORCEMOT,2025-07-17,down,1,10.392417979626778,-2.296166905910768
FORCEMOT,2025-07-24,down,1,12.951662976172361,8.742809170455757
FORCEMOT,2025-08-11,up,1,7.840534581781067,0.49229443419225305
FORCEMOT,2025-08-12,down,1,11.341416243180902,1.369826470862856
FORCEMOT,2025-08-13,up,1,9.440150360246836,5.12945969006029
FORCEMOT,2025-08-19,up,4,6.543079224902404,2.465666776143749
FORCEMOT,2025-08-21,up,6,-13.616396867625614,2.776337346500135
FORCEMOT,2026-01-02,up,3,1.0727804668846153,1.2388235232723588
FORCEMOT,2026-02-17,up,2,-13.943257763080796,2.481603956266576
FORCEMOT,2026-02-18,up,3,-17.457728670996687,-3.560305437031841
FORTIS,2021-11-26,down,1,-8.128534339840055,-5.3188526872737345
FORTIS,2024-07-26,up,1,-0.033548341063893705,-0.7585033041660139
FORTIS,2024-08-13,down,2,5.890087974331437,-0.4879093687291558
FORTIS,2024-08-16,up,2,2.5538025631751227,0.004839725951422125
FORTIS,2024-08-19,up,3,1.6509565374200674,-2.9133778576891034
FORTIS,2024-08-23,up,7,7.150883775964645,1.4558588466079714
FORTIS,2024-09-02,up,13,5.785457754384171,-0.14404001307847247
FORTIS,2024-11-25,up,2,-0.7823342091685337,0.11485263219375152
FORTIS,2024-12-30,down,1,-10.802639750493059,-3.6368227449856128
FORTIS,2025-05-22,down,1,9.189196004966105,0.6449892765288068
FORTIS,2025-06-05,up,2,4.0371685636137356,1.3791352737274165
FORTIS,2025-06-06,up,3,2.3946194894707062,0.8302358284097533
FORTIS,2025-06-10,up,5,0.9064794259659559,0.79002374810071
FORTIS,2025-06-26,up,3,3.0970467356313147,0.9212281831332492
FORTIS,2025-06-27,up,4,0.19260569786629933,-0.8739405118166954
FORTIS,2025-07-04,up,1,4.911977917316723,0.010592877097659326
FORTIS,2025-07-22,down,1,3.5195137857628733,-0.4608287322795501
FORTIS,2025-07-23,up,1,7.557104815270321,1.0842096918253885
FORTIS,2025-07-24,down,1,5.7213930348258835,0.9794746921567121
FORTIS,2025-07-28,down,3,3.519121738630071,-0.8546753989440492
FORTIS,2025-07-31,down,1,2.9376231772675565,0.11964609870120935
FORTIS,2025-08-01,down,2,2.285246533375118,-0.49172848563053817
FORTIS,2025-08-07,up,1,5.307466412698281,1.1210144222882024
FORTIS,2025-08-11,up,1,4.045828105791527,1.4221333583086526
FORTIS,2025-08-12,down,1,3.917035861540774,0.5805210135670702
FORTIS,2025-08-13,up,1,2.533992034386112,0.752318353358028
FORTIS,2025-08-20,up,5,1.186934977365195,0.961991199157386
FORTIS,2025-08-21,up,6,-1.4657586203622008,-2.706963341370905
FORTIS,2025-09-10,up,6,2.575665880396194,0.8810103433839922
FORTIS,2025-10-06,up,3,8.460386542263333,4.375109780970221
FORTIS,2025-10-09,up,1,2.7923348670595205,-0.31917345093979144
FORTIS,2025-10-13,down,1,-5.4561763750227925,1.5991298513787777
FORTIS,2026-02-26,up,2,-13.25978930448829,2.224823685703914
FORTIS,2026-02-27,down,1,-17.63605460970329,-6.861343206288584
FORTIS,2026-04-27,up,1,2.2816758143026528,2.329594197788154
FORTIS,2026-04-28,down,1,1.2266408651874006,-1.0220284582275085
FORTIS,2026-05-11,down,3,-4.336802315304833,0.8611655738425705
FSL,2021-10-14,up,6,-6.297377731479137,
FSL,2024-02-06,up,1,-5.58244965594108,
FSL,2024-02-07,up,2,-3.3033868327755345,
FSL,2024-02-08,down,1,-3.7495322109051155,
FSL,2024-07-08,down,1,8.366594810140793,
FSL,2024-07-09,up,1,6.8445360065119365,
FSL,2024-07-26,up,1,15.821374300512181,
FSL,2024-07-29,up,2,13.965944244310325,
FSL,2024-07-30,up,3,11.23583567769324,
FSL,2024-08-01,up,5,15.344266433450237,
FSL,2024-08-06,down,3,-1.012228109077351,
FSL,2024-08-16,up,2,-1.248708938028631,
FSL,2024-08-19,up,3,-4.845009477851114,
FSL,2024-09-10,up,2,1.9480172104149096,
FSL,2024-09-11,down,1,0.26915962532492177,
FSL,2024-09-24,up,4,0.8019064162253509,
FSL,2024-09-25,up,5,-0.7323229847719159,
FSL,2024-10-23,down,3,6.952250068894483,
FSL,2024-10-28,up,1,-6.503396306730325,
FSL,2024-11-06,up,2,-3.4720544876065906,
FSL,2024-11-07,down,1,-6.38220580332306,
FSL,2024-12-11,up,1,2.3832341371446297,
FSL,2024-12-12,down,1,2.728351373555782,
FSL,2025-01-07,up,1,-20.57407906034313,
FSL,2026-05-25,up,2,-11.243288723990908,
FSL,2026-07-29,up,1,18.653060470996373,
FSL,2026-07-30,up,2,8.119371685464039,
FSL,2026-07-31,up,3,-9.558169417811602,
FSL,2026-08-03,up,4,-10.182728419533781,
FSL,2026-08-04,down,1,-17.199022642218576,
FSL,2026-08-05,up,1,-19.488702467298335,
GABRIEL,2026-08-03,up,4,-6.998335988527272,
GABRIEL,2026-08-04,down,1,-13.145040039749368,
GABRIEL,2026-08-05,up,1,-15.704168818950205,
GAIL,2021-09-28,down,1,1.6202205850150753,-1.6186643759999897
GAIL,2021-10-01,down,4,-8.661024711474086,1.289220519309442
GAIL,2021-10-05,up,2,-10.345983865185527,-1.2159446716986877
GAIL,2021-10-06,down,1,-12.876230532706023,-0.7043137472430128
GAIL,2022-01-19,down,2,-3.4962185039973948,0.592924713634746
GAIL,2022-02-04,down,2,-13.52680624803858,-1.7304600033173245
GAIL,2022-04-11,down,1,-2.3435131396081554,0.13800031537782864
GAIL,2022-04-12,down,2,-3.916219512554253,0.7320258742696595
GAIL,2022-04-18,down,4,-12.590443712714084,-0.5562150745511807
GAIL,2022-04-19,down,5,-12.23624335340281,-0.11884283834630027
GAIL,2022-08-01,up,4,-11.127257210615326,-1.2039164815627168
GAIL,2022-11-25,up,4,3.3233003925131177,0.4173358535329408
GAIL,2022-12-14,up,3,-0.4975124378109319,0.28473981038632523
GAIL,2022-12-15,down,1,0.5874008866248559,0.4324110165305539
GAIL,2022-12-16,down,2,-1.6603987259292352,-1.761517595575346
GAIL,2023-01-06,down,3,4.243130248936744,-0.14069154270348605
GAIL,2023-03-08,up,3,-4.13230650400962,1.2744468963331368
GAIL,2023-07-24,down,2,-0.010193549246495515,-0.14310115884108576
GAIL,2023-07-25,up,1,-0.36658678024010793,2.295537180974261
GAIL,2023-07-26,up,2,-3.6016511679881735,-0.6675995647762889
GAIL,2023-07-31,up,1,-1.507260272205313,0.21772614653674527
GAIL,2023-09-01,up,1,2.1736991715610054,2.424121080509356
GAIL,2023-09-04,up,2,-1.1077075629906008,0.4787972795862405
GAIL,2023-09-05,up,3,-2.5478691807691134,-1.1005578169757224
GAIL,2023-09-08,up,6,-3.152995997373287,0.7130715369767282
GAIL,2023-09-11,up,7,-6.289281009871484,-0.38168189755196646
GAIL,2023-10-12,down,1,-4.641804758747991,1.7522390236254903
GAIL,2023-11-30,up,3,9.41032192069613,3.31912451009988
GAIL,2023-12-01,up,4,7.9179411153020185,3.0614462418990573
GAIL,2023-12-04,up,5,5.442932106017673,3.486933556167293
GAIL,2023-12-14,up,2,3.891290362298605,0.8054104505471615
GAIL,2023-12-15,up,3,2.270200067024475,-1.4425794733625596
GAIL,2023-12-22,up,2,10.209931708241227,1.704019751594399
GAIL,2023-12-26,up,3,8.435946644824433,0.6719605521161354
GAIL,2023-12-28,up,5,3.1936110296475695,0.7959587550067093
GAIL,2023-12-29,down,1,5.4218968645245225,2.5404865244909924
GAIL,2024-01-01,up,1,-4.797380093832704,1.1982104085474843
GAIL,2024-01-29,up,1,4.618748518141436,2.9133311906007764
GAIL,2024-01-30,down,1,1.325084368735352,-1.4657661765235974
GAIL,2024-02-02,up,1,3.578154425612068,1.1889704022261638
GAIL,2024-02-05,down,1,1.85185185185186,-1.3266998341625036
GAIL,2024-02-19,up,5,1.8233263193499605,-2.0980886452456105
GAIL,2024-03-04,up,3,-4.496682309213773,1.9655482213099873
GAIL,2024-03-05,down,1,-6.6100246407517105,0.09569012978687397
GAIL,2024-04-08,up,1,6.404095845029256,5.340312777702105
GAIL,2024-04-09,down,1,0.4637436494902003,0.8088089728983228
GAIL,2024-04-10,up,1,-4.873886302260944,-1.89217949981062
GAIL,2024-04-18,down,4,-1.7762269701442346,-3.8600457480596373
GAIL,2024-06-03,up,2,0.37365977401568884,8.520338967681894
GAIL,2024-07-08,down,1,2.914630387883599,2.527184923694592
GAIL,2024-07-09,up,1,3.599698826454989,-1.1681987324600906
GAIL,2024-07-15,up,2,2.4225285099794824,1.2451585463670867
GAIL,2024-07-31,up,4,-2.594839475520938,1.100451624229537
GAIL,2024-08-20,up,4,-8.66619030335174,-1.1619723015794947
GAIL,2025-06-11,up,6,-3.893195034026864,1.9711537988459815
GAIL,2026-04-21,up,3,1.5609437553443906,0.06218525900769656
GAIL,2026-04-22,down,1,-0.43015653403652987,1.64561806352852
GAIL,2026-04-23,down,2,-3.2833423312117027,-0.9986019080390096
GAIL,2026-06-15,up,2,1.1356753665573427,2.5538197410057695
GAIL,2026-06-16,up,3,-4.97262624227075,-0.9972424183071205
GALLANTT,2026-04-15,up,1,21.09396836044497,
GALLANTT,2026-04-16,down,1,6.177927701531316,
GALLANTT,2026-05-11,down,3,-26.6592115452596,
GESHIP,2024-06-14,up,4,10.474236271088323,
GESHIP,2024-06-18,up,5,7.696806152306568,
GESHIP,2024-07-04,up,2,6.495407517938201,
GESHIP,2024-07-05,up,3,13.498016786288215,
GESHIP,2024-07-08,down,1,11.809580292365474,
GESHIP,2024-07-11,down,2,-8.4991593988763,
GESHIP,2024-08-19,up,3,-9.603200036062542,
GESHIP,2026-04-01,up,1,-5.3884252121880305,
GESHIP,2026-04-06,up,3,-1.6646774648523488,
GESHIP,2026-05-15,down,1,-7.110932087555288,
GESHIP,2026-05-18,up,1,-8.456736603675562,
GESHIP,2026-05-19,down,1,-21.329764539836937,
GICRE,2023-01-04,down,1,-11.597493154461825,
GICRE,2023-11-28,up,1,1.7223968111873544,
GICRE,2023-12-20,down,1,-9.90188659158605,
GICRE,2024-02-05,down,1,12.974383194328398,
GICRE,2024-02-08,down,1,-13.650922078303529,
GICRE,2024-06-14,up,4,1.1961438845743189,
GICRE,2024-07-16,up,3,-8.908147806614053,
GICRE,2024-12-20,down,5,-6.057818693455907,
GLAND,2023-05-05,down,1,-25.170364535940216,
GLAND,2023-07-31,up,1,1.6439707687542437,
GLAND,2023-08-08,down,1,13.882331967887751,
GLAND,2023-08-09,up,1,7.556312252804798,
GLAND,2023-08-31,down,1,1.2090256875950889,
GLAND,2023-09-01,up,1,-6.997280564763542,
GLAND,2026-05-18,up,1,16.55394813798454,
GLAND,2026-05-19,down,1,2.2436548038297532,
GLAND,2026-05-20,up,1,0.9290194901001136,
GLAND,2026-05-21,down,1,-1.923875679962661,
GLAND,2026-05-25,up,2,-8.529086585138646,
GLAND,2026-06-11,down,2,5.3506074549805716,
GLAND,2026-06-30,down,2,6.565032878446919,
GLAND,2026-07-07,down,1,-4.433061448629838,
GLAND,2026-08-10,up,1,9.002117504884065,
GLAND,2026-08-11,down,1,6.543631933442673,
GLAND,2026-08-14,down,4,-2.3621020126909364,
GLAND,2026-09-03,down,4,2.769427645794087,
GLAND,2026-09-04,up,1,2.1419345326243677,
GLAND,2026-09-07,down,1,1.4194755817368288,
GLAXO,2025-03-05,up,1,2.886362349051641,
GLAXO,2025-03-10,down,1,1.5891781677270345,
GLAXO,2025-03-19,up,3,-8.459272725457323,
GLAXO,2025-03-20,up,4,0.6636396636107822,
GLENMARK,2023-05-12,up,1,4.791996239698237,5.107656301472319
GLENMARK,2023-05-15,up,2,0.9497103031399945,-1.6860082261235143
GLENMARK,2023-05-19,up,1,1.266431741373708,-5.70916569449288
GLENMARK,2023-06-06,up,3,4.256605276160097,1.0447939904572046
GLENMARK,2023-06-07,up,4,6.115040517371728,4.442273589751533
GLENMARK,2023-06-08,down,1,1.247360674191622,-3.380665829790508
GLENMARK,2023-09-21,down,3,-2.492121295014038,-8.247992568657281
GLENMARK,2023-12-18,down,1,5.926227266204509,-2.5533488975743035
GLENMARK,2023-12-22,up,2,5.033028183662314,-0.8520343649921269
GLENMARK,2024-01-02,down,1,5.107365645118023,3.439176621824913
GLENMARK,2024-01-04,up,1,0.27898889462862897,-0.8719986873445329
GLENMARK,2024-01-31,up,1,-13.435492538224059,-0.09031612821359669
GLENMARK,2024-03-07,up,2,3.341845614044603,0.7700003747286743
GLENMARK,2024-03-11,down,1,1.3753202920194108,-1.4261885753159453
GLENMARK,2024-06-03,up,2,2.94418189712109,-1.1446755649406004
GLENMARK,2024-06-06,up,2,1.309741863081726,0.3296071595472405
GLENMARK,2024-06-13,up,3,3.292049670939634,-0.07372748036316157
GLENMARK,2024-06-14,up,4,2.3240754581554723,-0.12210554416053343
GLENMARK,2024-06-18,up,5,1.643701795024488,-0.03638867921123001
GLENMARK,2024-07-11,down,2,5.5193347342708865,-0.42566948650250014
GLENMARK,2024-07-15,up,2,4.612941021449668,0.5637542006547536
GLENMARK,2024-07-16,up,3,3.2019498104258526,-0.0829462941783432
GLENMARK,2024-07-22,down,2,2.413650039919557,-0.4975124378109319
GLENMARK,2024-07-24,down,4,1.7257342591631586,-1.6610850693893564
GLENMARK,2024-07-31,up,4,2.807380403026194,0.7751846106280214
GLENMARK,2024-08-12,down,1,4.987196686924222,1.2457926003406339
GLENMARK,2024-08-16,up,2,10.025530243519242,3.5676862782101137
GLENMARK,2024-08-19,up,3,6.1159936358815115,3.006540899563115
GLENMARK,2024-08-21,up,5,4.906047130044966,1.8165663137422072
GLENMARK,2024-08-23,up,7,2.272270726000847,0.13144796646999968
GLENMARK,2024-08-26,up,8,1.6928429881623908,-0.6589995567469531
GLENMARK,2024-08-27,up,9,1.0635969711559667,-0.3837147884113046
GLENMARK,2024-08-30,up,12,-5.203319838525644,0.6550498041841157
GLENMARK,2024-09-16,up,1,-1.7409367153345068,-1.1489662419471025
GLENMARK,2025-06-11,up,6,7.059796039930721,0.10682931441337029
GLENMARK,2025-06-12,down,1,6.3227090437753874,-2.698173529368364
GLENMARK,2025-06-13,down,2,4.979523803846342,0.7894414331795829
GLENMARK,2025-06-16,up,1,0.1444419971899924,-0.4321299365812714
GLENMARK,2025-06-23,down,1,3.4118326193108617,-0.29113690805231407
GLENMARK,2025-06-25,up,2,2.128795301600439,0.1022888788026588
GLENMARK,2025-06-26,up,3,0.9297093956547764,-0.5550615919822421
GLENMARK,2025-06-30,down,1,4.45592923450584,-0.0067353239334710935
GLENMARK,2025-07-02,down,1,3.247934049371226,-0.27752256776983897
GLENMARK,2025-07-03,down,2,6.619806244237347,-0.43031781520177503
GLENMARK,2025-07-04,up,1,6.05280661062928,2.2707750150191996
GLENMARK,2025-07-07,up,2,2.7791088265050723,0.4093580981756828
GLENMARK,2025-07-10,down,2,12.9872649063687,10.885387637568478
GLENMARK,2025-07-11,down,3,7.1621086664658495,12.463728112367845
GLENMARK,2025-12-22,up,2,2.906968538670296,1.7355886594459191
GLENMARK,2025-12-23,up,3,0.5643953994762807,-0.14191786440960197
GLENMARK,2026-01-07,down,3,-4.107915468187118,0.9437965598359632
GLENMARK,2026-03-10,up,1,-3.759287055209082,3.3355285472312257
GLENMARK,2026-03-11,down,1,-6.503196125260969,0.9772544052894183
GLENMARK,2026-04-23,down,2,5.1361091748701515,2.8310511674365157
GLENMARK,2026-04-24,down,3,1.3707444240911748,-2.496498785450796
GLENMARK,2026-04-28,down,1,-0.23751979128753264,1.427282896005888
GLENMARK,2026-04-29,up,1,-1.907612129993741,-1.6165692828513212
GLENMARK,2026-08-24,down,1,6.552305975222206,1.328487076814966
GLENMARK,2026-08-25,up,1,4.487998421254891,-0.6138430531320349
GLENMARK,2026-08-26,down,1,3.365863783108436,0.8998789612450153
GLENMARK,2026-08-27,down,2,-2.4207548220241626,-0.3962891544312952
GLENMARK,2026-08-28,up,1,-3.4617572363624616,1.441259978038567
GMDCLTD,2022-03-03,down,2,15.988104145288684,
GMDCLTD,2022-03-04,down,3,8.899946595269226,
GMDCLTD,2022-03-07,down,4,4.420193353647561,
GMDCLTD,2022-03-08,up,1,2.093698130025312,
GMDCLTD,2022-03-14,up,5,1.2441397327610737,
GMDCLTD,2022-03-24,down,2,19.170925461863476,
GMDCLTD,2022-03-25,down,3,16.4873413894584,
GMDCLTD,2022-03-28,up,1,8.945651208531768,
GMDCLTD,2022-03-29,up,2,6.780068224991376,
GMDCLTD,2022-04-04,up,2,-2.800466149011205,
GMDCLTD,2022-04-05,down,1,-4.83543175919201,
GMDCLTD,2022-04-06,down,2,-12.97606652487543,
GMDCLTD,2022-04-07,down,3,-21.66680418860546,
GMDCLTD,2023-08-25,down,2,28.396741767345148,
GMDCLTD,2023-08-28,up,1,23.98258642738085,
GMDCLTD,2023-09-06,up,4,8.665715567934807,
GMDCLTD,2023-09-11,up,7,17.22589855888956,
GMDCLTD,2023-09-14,up,2,6.738420343354967,
GMDCLTD,2023-09-29,up,1,26.101343014235788,
GMDCLTD,2023-10-03,down,1,17.47653546301715,
GMDCLTD,2023-10-05,up,1,12.094217474622226,
GMDCLTD,2023-10-10,up,1,4.146425795537678,
GMDCLTD,2023-10-11,up,2,-7.179450038957769,
GMDCLTD,2023-10-12,down,1,-19.34062900640351,
GMDCLTD,2023-10-16,down,3,-24.84174087423554,
GMDCLTD,2023-11-22,up,2,1.001346005386461,
GMDCLTD,2023-12-04,up,5,-6.753251080251488,
GMDCLTD,2024-01-05,up,2,6.603446725318474,
GMDCLTD,2024-01-08,down,1,-1.2200309947382526,
GMDCLTD,2024-01-09,up,1,-2.8661127837686595,
GMDCLTD,2024-02-02,up,1,-22.651636416653975,
GMDCLTD,2024-02-05,down,1,-23.082765995546627,
GMDCLTD,2024-04-25,up,5,-9.438657210061852,
GMDCLTD,2024-04-26,down,1,-10.043320150212553,
GMDCLTD,2024-05-03,down,1,-10.003192027301811,
GMDCLTD,2025-06-09,up,4,-1.02652079244957,
GMDCLTD,2025-06-10,up,5,-0.39087434616095207,
GMDCLTD,2025-06-30,down,1,3.472123721087428,
GMDCLTD,2025-07-01,up,1,1.7224820641626115,
GMDCLTD,2025-09-10,up,6,14.159030653493797,
GMDCLTD,2025-09-11,up,7,13.19648798871691,
GMDCLTD,2025-09-12,up,8,9.821201134992585,
GMDCLTD,2025-09-15,down,1,8.04407138226848,
GMDCLTD,2025-09-19,down,1,7.448989889461899,
GMDCLTD,2025-09-23,down,3,1.8631353787239568,
GMDCLTD,2025-10-10,up,2,-6.500360138738026,
GMDCLTD,2026-02-09,up,2,-12.487004815312375,
GMDCLTD,2026-04-07,up,4,23.83913764510781,
GMDCLTD,2026-04-13,down,1,20.936653050959777,
GMDCLTD,2026-04-15,up,1,12.031842739427878,
GMDCLTD,2026-04-16,down,1,5.955450153127262,
GMDCLTD,2026-04-17,up,1,-11.630330142787049,
GMRAIRPORT,2021-10-01,down,4,8.720352989033685,4.427099426591563
GMRAIRPORT,2021-10-11,up,3,-5.264098547481044,3.554084746278474
GMRAIRPORT,2021-10-13,up,5,-6.7993361819586156,-0.7186262680922373
GMRAIRPORT,2022-01-04,up,3,-9.025707621652312,-0.9078267799550788
GMRAIRPORT,2022-01-05,up,4,-9.378973816143843,-4.0693986897246015
GMRAIRPORT,2022-01-11,up,3,-1.5775451898838555,1.1189621827139673
GMRAIRPORT,2023-08-24,down,1,0.9062545762822394,5.6130150293172365
GMRAIRPORT,2023-12-08,up,1,20.13484951393427,11.25903384809237
GMRAIRPORT,2023-12-11,up,2,9.04285370547504,3.883986893558422
GMRAIRPORT,2023-12-13,up,1,7.727493446407441,4.116510027130182
GMRAIRPORT,2023-12-14,up,2,2.6238903122081103,-1.007130205176332
GMRAIRPORT,2023-12-19,up,1,1.583339946615303,-3.713376088432707
GMRAIRPORT,2023-12-29,down,1,3.2572984135924132,1.2547345359728457
GMRAIRPORT,2024-01-01,up,1,-7.822848945456751,-1.4131795012666593
GMRAIRPORT,2024-01-03,down,2,-8.71886351910871,-0.6184219846179784
GMRAIRPORT,2024-01-04,up,1,-9.488701072948501,1.6603764931460985
GMRAIRPORT,2024-01-08,down,1,-8.551087992155237,2.2453696025690917
GMRAIRPORT,2024-02-08,down,1,-8.453355138601381,-1.587353448065687
GMRAIRPORT,2024-02-20,up,6,-19.46567350551551,-2.587222187702365
GMRAIRPORT,2024-06-19,down,1,-0.9544085168465832,-0.18276214986925332
GMRAIRPORT,2024-06-27,up,4,-9.153334392892976,-1.6832392008266805
GMRAIRPORT,2025-04-04,down,2,4.274308313620123,-7.912357892815636
GMRAIRPORT,2025-04-08,up,1,4.2480206241723995,1.36046653108568
GMRAIRPORT,2025-04-09,down,1,0.16313274043906478,-0.20775562554907756
GMRAIRPORT,2025-04-11,up,1,0.042817196210287456,0.01982799161359683
GMRAIRPORT,2025-04-22,up,6,-0.3724229022299075,-1.0660980810234366
GMRAIRPORT,2025-04-24,down,1,3.0323118402782567,1.5049870984791047
GMRAIRPORT,2025-04-25,down,2,1.2479498538861211,-5.500430806859546
GMRAIRPORT,2025-05-16,down,1,-4.4412734487098255,1.5297613881963823
GMRAIRPORT,2025-07-08,up,3,3.1157688060111433,0.49092456155939157
GMRAIRPORT,2025-07-09,down,1,2.0457475157130256,0.9697535578468308
GMRAIRPORT,2025-07-17,down,1,-4.064785377984581,0.6668767588875912
GMRAIRPORT,2025-07-18,down,2,-6.935538466908575,-1.3948719122999997
GMRAIRPORT,2025-11-14,up,5,6.703866844080886,0.26377403144537404
GMRAIRPORT,2025-11-18,down,1,8.691340963551974,4.528265401014719
GMRAIRPORT,2025-11-21,down,1,2.82398218818678,-0.6588404391198788
GMRAIRPORT,2025-11-26,up,1,1.7180355960713989,0.638424172054397
GMRAIRPORT,2025-11-28,down,1,-5.769167736246972,1.0709928167558447
GMRAIRPORT,2025-12-02,down,3,-4.773576596984464,-2.5039030352260627
GMRAIRPORT,2026-05-04,up,1,-2.5589540781067344,-1.2517000878689455
GMRAIRPORT,2026-05-07,down,1,-0.5470510654008165,-0.259699810506997
GMRAIRPORT,2026-05-08,down,2,-4.549207642510311,-2.641369451025688
GMRAIRPORT,2026-06-15,up,2,10.007657249266755,3.1955612422039703
GMRAIRPORT,2026-06-16,up,3,5.952917190654139,-0.5159461737792137
GMRAIRPORT,2026-06-18,up,5,3.5366185875451706,-0.6595982127154065
GMRAIRPORT,2026-06-30,down,2,2.5252865792862567,0.5279200944993789
GMRAIRPORT,2026-07-01,up,1,0.9244556485916045,-0.11129739531242633
GMRAIRPORT,2026-07-07,down,1,-6.303634338008068,-1.0703166707460299
GODFRYPHLP,2024-07-15,up,2,-8.947061698209879,5.882145175903197
GODFRYPHLP,2024-08-29,up,11,19.699499171318145,1.8945340565051039
GODFRYPHLP,2024-09-02,up,13,9.132417872821975,1.4713306505429458
GODFRYPHLP,2024-09-03,up,14,5.752210239592981,-3.1714612088891703
GODFRYPHLP,2024-09-06,down,3,5.91210819188146,2.99101664851118
GODFRYPHLP,2024-09-13,down,1,-7.3036417235033735,1.364077250785023
GODFRYPHLP,2024-09-16,up,1,-8.687674557153969,8.534893579488823
GODFRYPHLP,2025-07-15,up,1,5.649173487401726,0.6419515326592906
GODFRYPHLP,2025-09-16,up,1,-9.381951922434794,-1.8598283749039934
GODFRYPHLP,2026-04-29,up,1,6.428600220254066,-0.5809023845812611
GODFRYPHLP,2026-05-06,up,1,5.002015655089398,0.44216859434884626
GODFRYPHLP,2026-05-07,down,1,-2.5131830620235607,-0.32669271667412625
GODFRYPHLP,2026-05-08,down,2,-5.882568810372602,1.2223639932536834
GODREJCP,2022-09-02,down,2,1.5476160042341425,-1.3939286473049206
GODREJCP,2022-09-07,down,2,-6.597361528744439,0.36259014891057983
GODREJCP,2023-04-06,up,5,-0.27764319061808207,-1.3105093450559324
GODREJCP,2023-05-26,up,2,2.867305982166468,1.8001802017989732
GODREJCP,2023-05-29,up,3,0.8976032385600519,-0.9420531536116883
GODREJCP,2023-05-31,down,1,-0.06058055456934497,0.38105408435253896
GODREJCP,2023-12-01,up,4,4.697140884118056,1.359112422138975
GODREJCP,2023-12-21,up,1,1.7125165266428377,0.13990417064055904
GODREJCP,2023-12-26,up,3,4.388786526156618,1.7218612551086476
GODREJCP,2023-12-27,up,4,2.698183459697434,0.8642916802847234
GODREJCP,2023-12-29,down,1,6.887702997343381,0.9119555578297689
GODREJCP,2024-01-01,up,1,5.024574044255559,0.39370680270354175
GODREJCP,2024-01-02,down,1,4.078655970733536,0.3553762646257619
GODREJCP,2024-01-03,down,2,-5.763780066962942,0.024830716121426732
GODREJCP,2024-01-04,up,1,-6.687270931240674,1.9190371109938376
GODREJCP,2024-01-05,up,2,-3.427322531474364,-2.4053975273904737
GODREJCP,2024-02-01,down,1,5.850929567736052,5.905695906580566
GODREJCP,2024-02-22,up,1,-3.466670553482565,0.3144239738806176
GODREJCP,2024-02-28,down,1,-3.502172255724323,-3.3180553923296885
GODREJCP,2024-07-23,down,3,-6.535510388448584,2.0940488513822464
GODREJCP,2024-09-11,down,1,-12.207324287180976,-1.7703921959399738
GODREJCP,2025-04-03,down,1,5.687094783374769,-0.5102750608885098
GODREJCP,2025-04-08,up,1,7.183176027015614,1.1628360254981818
GODREJCP,2025-04-09,down,1,4.789460749387153,6.177295244667103
GODREJCP,2025-04-11,up,1,1.0559691534322013,-1.6367361613171094
GODREJCP,2025-05-05,up,2,0.1627304538975638,-1.5461335011127009
GODREJCP,2026-01-07,down,3,-8.548361127917092,-1.210678339604554
GODREJCP,2026-02-24,down,1,-12.42970087824623,0.19961095426637154
GODREJIND,2024-09-24,up,4,-15.450835709094957,
GODREJIND,2025-03-20,up,4,-7.920746713528192,
GODREJIND,2025-03-24,up,6,-8.238403803685635,
GODREJPROP,2021-09-29,down,2,5.82153651366919,-0.6641361660622902
GODREJPROP,2021-10-07,up,1,-5.889642974185083,3.177060754319694
GODREJPROP,2021-10-14,up,6,-2.6071339026429885,0.5035587663929197
GODREJPROP,2021-11-03,down,2,-14.483355214903526,-0.43222078427830324
GODREJPROP,2022-12-02,down,1,-12.433334036050992,0.017543521258112094
GODREJPROP,2022-12-05,up,1,-10.542994732022827,0.8179228000498195
GODREJPROP,2023-04-27,up,4,5.072021762008205,0.7586582471112324
GODREJPROP,2023-05-03,down,1,3.5055430971815404,-0.10988278701961063
GODREJPROP,2023-05-08,up,1,2.188760340310303,-0.7918984956872266
GODREJPROP,2023-05-16,down,1,-0.04746413416573114,-2.2590263402510247
GODREJPROP,2023-06-15,down,1,4.099211323405294,3.9741735220639507
GODREJPROP,2023-07-06,up,8,3.918439806908225,-0.29792421494778676
GODREJPROP,2023-07-13,up,1,4.784531925696944,0.5337316396503144
GODREJPROP,2023-07-14,up,2,3.6653806845009074,1.473101454696324
GODREJPROP,2023-07-27,down,1,-6.834873252783691,1.098670408189717
GODREJPROP,2023-07-28,down,2,-9.84064875376378,2.249442807937463
GODREJPROP,2023-11-10,up,1,0.9129706270996518,-0.9144272313387769
GODREJPROP,2023-11-15,up,3,3.4989472058640114,-0.2676131520927605
GODREJPROP,2023-11-21,up,1,1.9320756169332265,-0.3473113465544242
GODREJPROP,2023-12-04,up,5,7.137130341463815,0.04298852963067201
GODREJPROP,2023-12-11,up,2,4.920408248877095,-2.075301243144878
GODREJPROP,2023-12-14,up,2,12.191517727756551,4.742125040025025
GODREJPROP,2024-01-03,down,2,13.831036672280206,0.9676275051426764
GODREJPROP,2024-01-04,up,1,17.39360973500219,6.747814326426127
GODREJPROP,2024-01-05,up,2,8.114641798582456,-1.0224293665139994
GODREJPROP,2024-01-08,down,1,7.342024296117922,-3.717238986113214
GODREJPROP,2024-01-12,up,4,6.799225218933769,0.5856798670834884
GODREJPROP,2024-01-15,up,5,5.834063918645294,0.5889567990191358
GODREJPROP,2024-01-19,up,1,3.7143891230791537,-0.785560559400178
GODREJPROP,2024-01-29,up,1,-3.7499609716636018,3.57596043197157
GODREJPROP,2024-02-22,up,1,-2.5892088240992095,2.02260121931499
GODREJPROP,2024-02-23,down,1,-3.5641492699426403,3.034835347293652
GODREJPROP,2024-02-27,up,1,-0.41559076792242466,-0.8951208284631029
GODREJPROP,2024-03-04,up,3,-9.87244450640038,-0.9408353295836558
GODREJPROP,2024-05-06,down,2,3.035061581637799,5.216238004634355
GODREJPROP,2024-05-07,down,3,-3.6972995494021,-3.8142620232172297
GODREJPROP,2024-06-03,up,2,3.0646494118607315,0.3169372267805004
GODREJPROP,2024-06-24,up,1,3.032285388543099,-0.25662520194379423
GODREJPROP,2024-06-28,down,1,3.198024517726483,4.722707639028156
GODREJPROP,2024-07-01,up,1,-2.6065325546182017,-1.2731404362117837
GODREJPROP,2024-07-02,down,1,-5.4983470990412675,0.10736590603215301
GODREJPROP,2024-07-16,up,3,-15.988617275329952,0.19436781270176784
GODREJPROP,2025-05-05,up,2,-0.04822750984211366,-1.2448508735555475
GODREJPROP,2025-05-28,down,2,8.180611807063375,-2.2120939076808455
GODREJPROP,2025-06-03,down,3,6.987729804716225,-0.4541448943149007
GODREJPROP,2025-06-06,up,3,0.7521351164505363,5.729389912844685
GODREJPROP,2025-06-10,up,5,-7.640462216688759,-1.9141309693760933
GODREJPROP,2025-10-27,up,1,-8.30371307168617,-0.9195806288403219
GODREJPROP,2026-04-21,up,3,4.255364521372584,1.3498950362801576
GODREJPROP,2026-04-22,down,1,0.8783738813945563,-0.9200309479038049
GODREJPROP,2026-04-29,up,1,2.2362524224806224,0.26664681846986227
GODREJPROP,2026-05-04,up,1,-6.6510528882458,1.4145722303427144
GODREJPROP,2026-07-01,up,1,7.873434843267879,3.4243924147195015
GODREJPROP,2026-07-02,up,2,3.3089259140150373,-0.04316317953609872
GODREJPROP,2026-07-03,up,3,7.007564463880156,1.1379512232453814
GODREJPROP,2026-07-06,up,4,5.981628162184838,2.3545025851386736
GODREJPROP,2026-07-07,down,1,3.4554257714595638,-1.9768328719551032
GODREJPROP,2026-07-08,down,2,2.938597799908127,-3.9625833934284316
GODREJPROP,2026-07-10,up,2,0.9697717415316554,1.5499798085555794
GODREJPROP,2026-07-13,up,3,-2.7453959774618286,-0.17173254401516846
GODREJPROP,2026-07-29,up,1,-7.911218988820579,-1.1810743421822312
GPIL,2025-09-04,up,2,7.729889583271032,
GPIL,2025-09-15,down,1,-4.056212421593464,
GPIL,2025-09-24,down,4,-12.289728813819977,
GPIL,2026-04-28,down,1,-1.987644353589324,
GRANULES,2024-06-26,up,3,3.5424381850147846,
GRANULES,2024-07-03,up,1,8.043603366165542,
GRANULES,2024-07-04,up,2,9.754844891300142,
GRANULES,2024-07-05,up,3,8.711755648438203,
GRANULES,2024-07-31,up,4,8.458127009144523,
GRANULES,2024-08-02,down,1,8.030818388386574,
GRANULES,2024-08-06,down,3,5.5041686014143165,
GRANULES,2024-08-07,up,1,4.1658363081573,
GRANULES,2024-08-12,down,1,3.7832031902571783,
GRANULES,2024-08-28,up,10,-21.958971302936416,
GRANULES,2024-08-30,up,12,-21.298016392574937,
GRANULES,2024-12-18,down,3,2.214887759891959,
GRANULES,2024-12-19,down,4,1.1816399349846574,
GRANULES,2024-12-20,down,5,0.6686272628266821,
GRANULES,2025-01-06,down,2,-11.614655920806506,
GRANULES,2025-09-09,up,5,-2.4686139614427893,
GRANULES,2025-09-12,up,8,3.715277869404776,
GRANULES,2025-09-15,down,1,3.2159595916401607,
GRANULES,2025-09-17,up,2,3.9360438424230537,
GRANULES,2025-09-18,up,3,3.422555921119974,
GRANULES,2026-05-06,up,1,4.356436891833715,
GRANULES,2026-05-08,down,2,0.9981264368220888,
GRANULES,2026-05-19,down,1,-0.5759273767560469,
GRANULES,2026-05-27,down,2,-0.06947917415330851,
GRANULES,2026-05-29,down,3,-2.1268626350668396,
GRANULES,2026-07-07,down,1,-4.115263245280099,
GRANULES,2026-07-09,up,1,-5.607891000327159,
GRANULES,2026-07-13,up,3,-6.963295783134004,
GRAPHITE,2022-01-12,up,4,-2.006511559847801,
GRAPHITE,2022-01-13,up,5,-2.4517435279742705,
GRAPHITE,2022-01-18,down,1,-8.104468868312209,
GRAPHITE,2023-06-20,up,1,-1.91049815529305,
GRAPHITE,2023-12-27,up,4,-2.527813979519722,
GRAPHITE,2024-03-04,up,3,1.6998520366356074,
GRAPHITE,2024-03-11,down,1,-2.1987367820769377,
GRAPHITE,2024-04-02,down,1,6.342895410377869,
GRAPHITE,2024-04-03,down,2,4.363332558351041,
GRAPHITE,2024-04-10,up,1,-4.740088859242919,
GRAPHITE,2024-04-25,up,5,-19.8002368150498,
GRAPHITE,2024-09-25,up,5,-4.68838474524953,
GRAPHITE,2025-06-04,up,1,-2.282783480492212,
GRAPHITE,2026-01-05,down,1,-0.9838027905584745,
GRAPHITE,2026-01-06,down,2,-1.0909813646129418,
GRAPHITE,2026-01-28,up,2,4.592611025961535,
GRAPHITE,2026-01-29,up,3,2.203267540937248,
GRAPHITE,2026-02-25,up,1,-11.400444585582726,
GRAPHITE,2026-02-26,up,2,-16.90789852854878,
GRAPHITE,2026-02-27,down,1,-23.832765353226073,
GRAPHITE,2026-04-16,down,1,5.750178037169373,
GRAPHITE,2026-04-17,up,1,6.187763568016447,
GRAPHITE,2026-04-20,up,2,3.134490180107785,
GRAPHITE,2026-05-08,down,2,-5.761810208267604,
GRAPHITE,2026-05-15,down,1,-12.870503424478496,
GRAPHITE,2026-08-04,down,1,1.9701474869968427,
GRAPHITE,2026-08-05,up,1,-4.502560236985332,
GRAPHITE,2026-09-09,down,3,6.028426733699965,
GRASIM,2021-09-28,down,1,1.5729504485652024,-1.4577302009868176
GRASIM,2021-09-30,down,3,1.227212847428194,-1.953487535481957
GRASIM,2021-10-14,up,6,7.3837021699696415,2.333797674298821
GRASIM,2021-10-18,up,7,0.28729052314078185,-1.5065516863722261
GRASIM,2021-11-02,down,1,2.4445981784549486,-3.314950732204369
GRASIM,2021-11-08,up,2,-3.69757718956345,2.0382879935574083
GRASIM,2021-11-09,down,1,-10.007872540667517,-1.0440202494634843
GRASIM,2021-11-11,down,3,-9.813135575918775,-1.661963708366343
GRASIM,2022-01-17,up,1,-9.227100936544819,1.8777590896299046
GRASIM,2022-04-08,up,1,-2.684792546141246,3.407726601795491
GRASIM,2022-04-11,down,1,-10.46559420289751,0.4051321255326368
GRASIM,2022-07-20,up,4,4.691104866098317,-0.5628898760696388
GRASIM,2022-07-22,up,6,4.8613055443561315,3.1326521703442634
GRASIM,2022-07-27,up,1,4.435345309447314,1.1933839356483844
GRASIM,2022-07-29,up,3,1.3057905434487038,0.09618279953866882
GRASIM,2022-08-03,up,6,4.541574488485134,-0.1636581302338791
GRASIM,2022-08-05,up,1,3.886789047236938,-0.9346954246416628
GRASIM,2022-08-12,up,5,2.892834278575207,0.20573269897665725
GRASIM,2022-08-26,up,1,5.3504418010244414,-1.64122241364687
GRASIM,2022-09-01,down,1,2.922149108114036,-0.8856494070576537
GRASIM,2022-09-06,down,1,3.8790260621822004,-0.7442000214833211
GRASIM,2022-09-07,down,2,2.8887065962025726,1.0288782938849605
GRASIM,2022-09-08,up,1,1.4670195488029503,0.49467599571022536
GRASIM,2022-09-09,up,2,0.46523112386704923,-1.92900319168966
GRASIM,2022-09-13,up,4,-6.801517405728308,-2.3682344960101465
GRASIM,2022-11-02,down,1,-3.1143693803749373,-1.6162115983467285
GRASIM,2023-04-12,up,8,1.7161586774339321,-0.7604943930847763
GRASIM,2023-07-24,down,2,0.8383101392753334,-1.0945494677470746
GRASIM,2023-08-07,up,2,-3.3511662636954043,-0.3526827087282136
GRASIM,2023-09-13,up,1,2.241400227592538,0.6944458304947609
GRASIM,2023-09-15,up,3,-2.284888250624295,0.8264749620233713
GRASIM,2023-10-11,up,2,-3.9932636649101294,0.7191757709479774
GRASIM,2023-10-12,down,1,-4.824145638038624,0.18260201363680117
GRASIM,2023-12-04,up,5,0.9933143427644398,0.4248033383759564
GRASIM,2023-12-12,down,1,-1.7819966916090002,-1.369635445391415
GRASIM,2024-01-01,up,1,-4.689297297075868,-1.3474472511178948
GRASIM,2024-03-01,up,2,-0.6726594820848919,-0.4531708658135236
GRASIM,2024-04-23,up,3,6.6570986415006805,2.21475027206135
GRASIM,2024-04-30,down,1,3.1847635369270932,0.21773241868592308
GRASIM,2024-05-02,up,1,-0.39345608771789164,-0.35265045727451705
GRASIM,2024-05-03,down,1,-2.9871075964488236,1.0039525050116627
GRASIM,2024-06-27,up,4,6.449034080766225,2.2946869075789245
GRASIM,2024-06-28,down,1,5.383472041642867,-0.06458959218502702
GRASIM,2024-07-01,up,1,4.854703331833843,0.9157556632243269
GRASIM,2024-07-02,down,1,1.7870667886628278,-0.24910623456037007
GRASIM,2024-07-09,up,1,0.008519644383020442,0.1615893152171477
GRASIM,2024-07-10,down,1,-1.1743254868000097,0.8971920852150372
GRASIM,2024-07-11,down,2,-4.228522289322334,-0.6832669261037649
GRASIM,2024-07-26,up,1,-9.375468063030112,-0.25511862022810083
GRASIM,2024-09-13,down,1,-2.416540226050712,0.5355360482420357
GRASIM,2024-09-16,up,1,-2.658911545456888,-1.5639914041795322
GRASIM,2025-04-03,down,1,0.015536525466242068,-0.5937010597271808
GRASIM,2025-04-15,up,2,3.1143065144202176,0.4736079362945178
GRASIM,2025-04-17,up,4,0.10836792318831279,0.5536490879895162
GRASIM,2025-04-21,up,5,-2.7697030298767578,-1.2764442998526415
GRASIM,2025-06-24,up,1,4.630024524646115,1.3132696235725216
GRASIM,2025-06-25,up,2,-1.8967602489278201,0.8591119108628753
GRASIM,2025-06-26,up,3,-3.1819429469562066,1.3574407246217168
GRASIM,2025-10-27,up,1,-5.703938704146106,0.12384299712195901
GRASIM,2025-10-28,down,1,-6.917357616421116,-0.09394396986606157
GRASIM,2025-10-29,up,1,-7.591384644481081,-0.4840676220682405
GRASIM,2026-02-10,up,3,-9.18257523168201,0.829275979473687
GRASIM,2026-04-22,down,1,1.6777395996560696,-1.6581144744876375
GRASIM,2026-04-28,down,1,1.0989769648720893,-0.9541535197086559
GRASIM,2026-05-04,up,1,1.829176524442233,-1.098396489805098
GRASIM,2026-05-06,up,1,8.990106482339822,0.27642775890868165
GRASIM,2026-05-07,down,1,7.372008268789232,0.7720964229275928
GRASIM,2026-05-11,down,3,5.314926620449012,-0.510863424017105
GRASIM,2026-05-21,down,1,2.7516277415651214,5.150434056575093
GRASIM,2026-06-15,up,2,0.5391000142968005,0.195665119620414
GRASIM,2026-06-17,up,4,-0.21929615686098192,-1.263397120586185
GRAVITA,2024-06-21,down,1,-5.187852158925188,
GRAVITA,2024-08-16,up,2,11.917800386415923,
GRAVITA,2024-08-19,up,3,-5.71047413403456,
GRAVITA,2024-09-13,down,1,-5.576400384673763,
GROWW,2026-01-14,down,2,-6.579543316456005,
GROWW,2026-01-16,up,1,-2.388882821265803,
GROWW,2026-01-30,down,1,-6.375340556809384,
GROWW,2026-04-15,up,1,7.0883890519735315,
GROWW,2026-04-16,down,1,0.021265510013823707,
GROWW,2026-04-21,up,3,-12.543086431229867,
GROWW,2026-04-22,down,1,-12.818833783970863,
GROWW,2026-04-29,up,1,-2.1210416163608747,
GROWW,2026-07-02,up,2,3.9822901681785483,
GRSE,2022-10-13,down,1,4.848892468792787,
GRSE,2022-11-02,down,1,6.426418092173458,
GRSE,2022-11-03,down,2,-2.513379985597819,
GRSE,2022-11-23,up,2,4.086975159744388,
GRSE,2023-06-21,up,2,0.8608254439920193,
GRSE,2023-08-16,up,2,22.582880882300806,
GRSE,2023-08-17,down,1,0.7068570699063415,
GRSE,2023-08-28,up,1,8.473140703376814,
GRSE,2023-09-07,up,5,-6.504921857479429,
GRSE,2023-09-08,up,6,-14.541532915740296,
GRSE,2024-01-10,up,2,2.4122078614150277,
GRSE,2024-01-11,up,3,1.7094065447706752,
GRSE,2024-01-16,down,1,1.0271998518546432,
GRSE,2024-01-23,down,1,0.17501977701988025,
GRSE,2024-04-23,up,3,-3.6377227396284573,
GRSE,2024-04-24,up,4,-7.516080647940626,
GRSE,2024-04-25,up,5,5.935709336082251,
GRSE,2024-05-17,up,2,40.19642770387326,
GRSE,2024-05-21,up,3,29.56771785974428,
GRSE,2024-05-23,up,5,23.577102257975913,
GRSE,2024-05-24,down,1,6.7299986000776135,
GRSE,2024-05-27,down,2,1.2873331504364982,
GRSE,2024-06-13,up,3,23.79516885794093,
GRSE,2024-06-14,up,4,23.10033107369227,
GRSE,2024-06-18,up,5,14.785160427791034,
GRSE,2024-06-19,down,1,2.561875412562453,
GRSE,2024-06-25,up,2,20.56868272245289,
GRSE,2024-06-26,up,3,11.13921915844507,
GRSE,2024-06-27,up,4,6.152861962159606,
GRSE,2024-07-01,up,1,22.109831069519558,
GRSE,2024-07-02,down,1,15.007468022732828,
GRSE,2024-07-04,up,2,-4.490216569287819,
GRSE,2024-07-05,up,3,-14.28286459226853,
GRSE,2025-04-21,up,5,10.41857730354183,
GRSE,2025-04-29,up,2,20.01733339915639,
GRSE,2025-04-30,down,1,7.783276476381018,
GRSE,2025-05-14,up,1,20.780297639796874,
GRSE,2025-05-15,up,2,21.086477630463563,
GRSE,2025-05-16,down,1,17.155266265679693,
GRSE,2025-05-19,down,2,7.128418500150624,
GRSE,2025-05-22,down,1,17.352170445482518,
GRSE,2025-05-23,up,1,9.910165618280843,
GRSE,2025-05-28,down,2,8.235535607408885,
GRSE,2025-05-29,up,1,6.481857019251569,
GRSE,2025-06-03,down,3,10.432899094355852,
GRSE,2025-06-04,up,1,8.988722291734174,
GRSE,2025-06-05,up,2,0.2834608137174621,
GRSE,2025-06-23,down,1,-22.301890197927854,
GRSE,2026-04-21,up,3,11.474566710508816,
GRSE,2026-04-22,down,1,10.018455802021764,
GRSE,2026-04-23,down,2,8.112195429214442,
GRSE,2026-04-24,down,3,3.993635603339607,
GRSE,2026-04-29,up,1,-9.636112744643665,
GVT&D,2024-10-17,down,3,-10.564155582314072,-4.441827263037057
GVT&D,2024-12-16,down,1,0.7236569087956779,2.718729584401225
GVT&D,2024-12-17,down,2,-2.2404568366490962,2.0236186136816325
GVT&D,2024-12-19,down,4,-7.209876510991475,0.9076214602476318
GVT&D,2024-12-20,down,5,-11.442786069651723,3.806548652088426
GVT&D,2024-12-23,up,1,-13.866448692960077,-3.6925464421014076
GVT&D,2025-05-28,down,2,4.6190718391742935,-0.8412648714721027
GVT&D,2025-05-29,up,1,2.690304415189426,0.12609735362039132
GVT&D,2025-06-02,down,2,-0.9705766685384143,-1.1325308036153503
GVT&D,2025-06-03,down,3,3.1428267529964637,1.0076708804708234
GVT&D,2025-06-04,up,1,0.44173998711667384,-0.46396551468845804
GVT&D,2025-06-05,up,2,0.22143617174246177,0.4473914490306763
GVT&D,2025-06-06,up,3,-0.8834959542832976,-5.901281668423907
GVT&D,2025-06-25,up,2,-5.071358273150839,-2.0180581051627566
GVT&D,2025-07-24,down,1,2.3397862174277417,-0.615733215112535
GVT&D,2025-07-30,up,2,12.942170884253645,5.581517156101468
GVT&D,2025-07-31,down,1,11.75925924262977,9.697952197282756
GVT&D,2025-08-01,down,2,6.439339539341393,4.476154010183597
GVT&D,2025-08-04,up,1,1.3722141571999469,-2.2039081940552485
GVT&D,2025-08-13,up,1,-6.167280156891353,0.014507223744053555
GVT&D,2025-08-18,up,3,-7.135746051354708,-4.031584129168664
GVT&D,2025-09-17,up,2,3.226260555635463,0.9119346588137844
GVT&D,2025-09-19,down,1,1.7913892670103237,1.6588915263438642
GVT&D,2025-09-22,down,2,-1.927275806690687,-3.797458434462375
GVT&D,2025-10-03,up,2,-10.07466330071124,0.9569249399649538
GVT&D,2026-02-25,up,1,-1.1622473877535788,0.2355312141546717
GVT&D,2026-02-26,up,2,-5.362023842942721,-1.0120030663641422
GVT&D,2026-03-06,down,1,-7.4057142115661385,-4.541708634740393
GVT&D,2026-04-20,up,2,6.198339796462937,0.612558302968158
GVT&D,2026-04-23,down,2,10.604198486319994,5.078855463238874
GVT&D,2026-04-24,down,3,2.031780780238601,-0.711496282030688
GVT&D,2026-05-07,down,1,8.0600447975822,1.3254986253224965
GVT&D,2026-05-08,down,2,5.191590684332392,-4.455321994083905
GVT&D,2026-05-21,down,1,4.605867246824236,-1.2978005415282823
GVT&D,2026-05-27,down,2,5.269238671145349,3.063597479940383
GVT&D,2026-05-29,down,3,-1.0925885667639301,-2.1003787851520794
GVT&D,2026-06-17,up,4,6.9431902350924,-0.42020643601453633
GVT&D,2026-06-18,up,5,-5.885945171505291,0.5309618830115381
GVT&D,2026-06-19,down,1,-7.459280434595639,4.596697364242619
HAL,2022-01-28,down,2,-8.071956261697865,-1.1019635483731305
HAL,2022-04-01,up,1,11.6784565850101,1.9429983660698813
HAL,2022-04-04,up,2,8.519974471937974,1.3699580076218965
HAL,2022-04-07,down,3,4.905817992355499,-0.678666081333823
HAL,2022-04-11,down,1,-3.9605921878429484,2.6698584998948283
HAL,2022-04-13,down,3,-7.923464519454548,-1.8551645544244155
HAL,2022-04-18,down,4,-10.367414558340371,1.0400521621403147
HAL,2022-05-31,down,1,-2.91246601662295,-0.6050826946349175
HAL,2022-06-01,down,2,-5.379617701340377,0.9907726325636856
HAL,2022-06-07,down,3,-7.1294602846327155,-1.72020345062045
HAL,2022-06-17,down,6,-10.798560310396821,-2.6269106571482292
HAL,2022-07-28,up,2,10.6451441271304,4.534488372974899
HAL,2022-07-29,up,3,5.577762294180211,-0.741990294229089
HAL,2022-08-08,up,2,8.589801394691676,3.580991441718573
HAL,2022-08-10,up,3,8.450388352625104,-0.17254584225834257
HAL,2022-08-11,up,4,6.962070671932397,2.235789356636353
HAL,2022-08-16,up,6,2.59840917258789,-0.06234931399896615
HAL,2022-08-17,up,7,2.0742658647986856,-1.1350748429149737
HAL,2022-08-18,up,8,1.206702607803889,-0.9225077777061719
HAL,2022-09-02,down,2,10.682996613547257,0.8447391261547255
HAL,2022-09-07,down,2,7.058860871604122,-0.6408582729488854
HAL,2022-09-09,up,2,-4.979189670271078,-0.4975124378109319
HAL,2022-09-12,up,3,-5.6722101670033,6.166898442476643
HAL,2022-11-07,up,2,3.6445550933657422,0.6621902144290148
HAL,2022-11-16,up,2,4.031309294295049,2.87716511779208
HAL,2022-11-22,up,1,-1.0329105896230484,0.1347384776901439
HAL,2022-11-24,up,3,-5.6312857342894045,-0.9849748294019078
HAL,2022-12-02,down,1,-12.520500068284225,0.12282231547671163
HAL,2023-03-03,up,1,3.675581336403866,-1.6942235267666361
HAL,2023-03-08,up,3,-5.453901156685781,3.3044325346740955
HAL,2023-03-10,down,2,-6.7510164829254755,-1.5529391240925228
HAL,2023-04-28,up,5,4.28530495773487,2.000588529995073
HAL,2023-05-02,up,6,2.6798229248487626,-0.18794052411275075
HAL,2023-05-03,down,1,1.530852451044451,1.7091265644959552
HAL,2023-05-04,up,1,-0.9454673316711237,-2.400924139198457
HAL,2023-05-16,down,1,3.3504592177432624,1.453390386693587
HAL,2023-05-17,down,2,0.93141134050585,0.2002220863586368
HAL,2023-06-05,up,2,16.619411649562245,2.845271288768103
HAL,2023-06-06,up,3,11.675534005969856,3.8104725919410942
HAL,2023-06-07,up,4,7.974658751120844,1.760096286825319
HAL,2023-06-08,down,1,8.526867821795303,1.8736106700540045
HAL,2023-06-09,down,2,7.837015350410592,5.321090796010908
HAL,2023-06-16,up,1,-1.1141672906028965,2.094789211835568
HAL,2023-06-19,down,1,0.30777535820321056,-0.16464256176654812
HAL,2023-07-11,up,2,2.5820360853183066,2.7112740771060073
HAL,2023-07-31,up,1,-1.9475942351580788,-0.04396855933045396
HAL,2023-08-23,up,3,2.3394451404911587,4.739460591777966
HAL,2023-09-08,up,6,-4.30656634579083,1.949773481009598
HAL,2023-09-11,up,7,-7.863612897198857,-1.4326974242701462
HAL,2023-11-20,down,2,3.441033755959211,-0.5436852858676233
HAL,2023-11-24,down,2,24.646729327807225,6.022724402904744
HAL,2023-11-28,up,1,19.995318726502997,3.082985781885794
HAL,2023-11-29,up,2,15.710776513152581,1.0178103932878768
HAL,2023-11-30,up,3,14.645044398656925,5.3707269890735265
HAL,2023-12-01,up,4,10.51941998909911,3.16665445277704
HAL,2023-12-04,up,5,8.043784981343304,0.27462297885574305
HAL,2023-12-05,up,6,10.247733562288207,0.46433839875392735
HAL,2023-12-08,up,1,2.1109508959952894,-1.010531160452277
HAL,2023-12-11,up,2,-0.1900494006280229,0.2872226806811984
HAL,2023-12-18,down,1,-0.48340330635624484,-0.508098593218631
HAL,2024-01-03,down,2,4.336884063099866,0.06264694590671915
HAL,2024-01-04,up,1,2.6186695117221603,2.7238079782136104
HAL,2024-01-05,up,2,2.7266017011626342,2.878343034655373
HAL,2024-03-04,up,3,4.126058942766475,1.354426605144643
HAL,2024-03-05,down,1,2.291583699012101,-0.12902619523279535
HAL,2024-03-07,up,2,3.6632129063491004,2.495100833172481
HAL,2024-03-11,down,1,1.5722257833881148,0.7261234320300236
HAL,2024-04-12,down,1,8.374669450189831,-0.04717823011632927
HAL,2024-04-15,down,2,6.784804445641779,-1.8922883142086566
HAL,2024-04-16,down,3,6.136881838695052,0.6857603872529427
HAL,2024-04-18,down,4,5.031216767180369,-2.5985612983480344
HAL,2024-04-22,up,2,4.221460404238764,0.3475193036938551
HAL,2024-04-23,up,3,6.4154281394047,-0.07704005807576131
HAL,2024-04-24,up,4,5.808622696154231,2.7938324679361637
HAL,2024-04-25,up,5,1.3606953027829771,-0.001244995724491993
HAL,2024-05-14,up,3,27.101679373544552,1.0043374741964817
HAL,2024-05-15,down,1,25.810833318114245,2.63762253279336
HAL,2024-05-16,up,1,22.590257934576364,10.21177228948904
HAL,2024-05-21,up,3,10.180026816962862,2.5743835960672756
HAL,2024-05-22,up,4,5.563555984834556,1.0144350117993417
HAL,2024-05-23,up,5,5.781815402379387,-0.710135117413202
HAL,2024-05-24,down,1,5.0953903094929975,3.4782028172775314
HAL,2024-06-03,up,2,2.378590411877024,-4.808423483179114
HAL,2024-06-18,up,5,1.2498144409519352,1.9882220053297095
HAL,2024-07-04,up,2,-10.930749494430215,0.5011439154592123
HAL,2024-07-05,up,3,-10.123099667116398,-0.2956055949323022
HAL,2024-07-08,down,1,-12.372470745402842,-0.2507492661956823
HAL,2024-12-12,down,1,-10.191531612324633,1.520295518117587
HAL,2024-12-13,up,1,-13.594023122496978,-1.1579222173424553
HAL,2025-04-01,down,2,0.0864377533038363,-1.7719970246577899
HAL,2025-04-28,up,1,8.69407118901857,1.969081465704714
HAL,2025-04-29,up,2,6.855530784843777,3.3145966690708573
HAL,2025-05-14,up,1,9.137737947960755,2.6950807460026205
HAL,2025-05-15,up,2,5.17649554761106,1.0786003289098511
HAL,2025-05-16,down,1,1.6685934384497836,4.739460591777966
HAL,2025-06-10,up,5,-4.349092204096916,-0.020445716622352617
HAL,2026-05-04,up,1,7.82480296582464,2.7944348053523527
HAL,2026-05-05,down,1,3.6668530475346683,0.345763607751004
HAL,2026-05-07,down,1,-8.447079308162554,1.980742997997731
HAL,2026-05-08,down,2,-11.740295651512033,-0.8460575497719836
HAL,2026-08-03,up,4,4.8516253600279,-0.26308807216859353
HAL,2026-08-06,up,2,3.3197724813828433,3.8681117515432684
HAL,2026-08-07,down,1,-2.284534948364225,-1.3015729433639711
HAL,2026-08-12,down,2,-4.3976099402484925,0.39250981274534524
HAL,2026-08-17,down,5,-4.430366558650856,-0.2534330849461863
HAVELLS,2022-04-18,down,4,-5.3413846669173815,-0.957541937742945
HAVELLS,2022-04-19,down,5,-5.760512724360756,-1.1031616143383216
HAVELLS,2022-04-21,up,2,-5.896318301807968,0.5083291368464637
HAVELLS,2022-04-27,down,1,-9.097366638377647,-1.1708375416152217
HAVELLS,2022-07-15,up,1,2.6014861173764947,0.41864337240937743
HAVELLS,2022-07-19,up,3,1.3037598107535686,-0.10028522776432958
HAVELLS,2022-08-01,up,4,5.098386159136115,0.4611195840759752
HAVELLS,2022-08-02,up,5,3.773476007433829,-0.7283766780944445
HAVELLS,2022-08-04,down,1,2.5873385731559617,0.03882107801267409
HAVELLS,2022-08-17,up,7,4.504271183796726,1.2373392423700835
HAVELLS,2022-08-18,up,8,2.3489846579517026,0.39983044060658557
HAVELLS,2022-08-19,down,1,1.5867907135834747,-1.8809581609369852
HAVELLS,2022-08-30,up,1,-4.5429749916022,0.6355068152622101
HAVELLS,2023-01-19,down,1,1.1300415582661039,-0.2098142085935284
HAVELLS,2023-09-08,up,6,-1.3012172040529957,4.257125778252235
HAVELLS,2023-09-11,up,7,-4.630904926130164,-0.42907881500336975
HAVELLS,2024-01-11,up,3,-6.2099693944218775,1.308635999744756
HAVELLS,2024-02-27,up,1,1.0515881520650527,2.2825786142695925
HAVELLS,2024-02-28,down,1,-0.2927300858645232,2.8628818678621215
HAVELLS,2024-03-04,up,3,-4.451932311727635,0.016048788316491702
HAVELLS,2024-04-26,down,1,12.030885138802061,4.392848247585435
HAVELLS,2024-04-30,down,1,6.525484661718517,1.0305293766039059
HAVELLS,2024-05-02,up,1,4.790028009942882,-1.0840319240217666
HAVELLS,2024-05-14,up,3,3.146285359241796,0.9588465178105965
HAVELLS,2024-05-15,down,1,7.796026801353406,0.16129613912252427
HAVELLS,2024-05-16,up,1,7.013873728334774,1.35980974591845
HAVELLS,2024-05-17,up,2,5.347212151340641,1.7322351826302818
HAVELLS,2024-05-21,up,3,3.3213042253533276,2.585972577445883
HAVELLS,2024-05-24,down,1,-2.454261623769438,0.7009280654861838
HAVELLS,2024-05-31,up,1,-1.1772319914227447,2.3454157782516027
HAVELLS,2024-06-03,up,2,-2.1915663298275767,-4.378012347119342
HAVELLS,2024-09-11,down,1,4.93875102634358,1.2394271902107734
HAVELLS,2024-09-12,up,1,3.552365087987419,1.170974396311153
HAVELLS,2024-09-13,down,1,1.8471523357228792,-1.153914651435406
HAVELLS,2024-09-20,up,2,-4.5676216052707215,1.174798277519984
HAVELLS,2024-09-23,up,3,-6.497584235397447,0.8629485841082252
HAVELLS,2026-07-30,up,2,2.5428615076791505,1.6570846522336868
HAVELLS,2026-07-31,up,3,2.1466516623747767,-0.6942509810743736
HAVELLS,2026-08-03,up,4,1.3849017823251986,0.447599146433153
HAVELLS,2026-08-04,down,1,0.3295455269306524,0.15949922396019112
HAVELLS,2026-08-17,down,5,-12.20817971983854,-0.8334134400611037
HBLENGINE,2023-06-21,up,2,-1.884864870869185,
HBLENGINE,2023-06-27,up,2,5.873945498484967,
HBLENGINE,2023-08-16,up,2,16.412090747722008,
HBLENGINE,2023-08-17,down,1,12.417327794364375,
HBLENGINE,2023-08-18,down,2,5.897586837415658,
HBLENGINE,2023-08-22,up,2,-9.261308693838998,
HBLENGINE,2023-08-23,up,3,-8.502259771799913,
HBLENGINE,2023-08-24,down,1,-10.320679961738733,
HBLENGINE,2024-07-08,down,1,8.945527919111363,
HBLENGINE,2024-07-15,up,2,-9.093826265462123,
HBLENGINE,2024-07-16,up,3,-5.467627984221346,
HBLENGINE,2024-08-26,up,8,-5.565176590709154,
HBLENGINE,2024-12-06,down,1,-2.684043715003759,
HBLENGINE,2024-12-16,down,1,-15.366667761892339,
HBLENGINE,2025-05-30,down,1,-3.6782573468952195,
HBLENGINE,2025-06-02,down,2,-6.846990878501725,
HBLENGINE,2025-06-05,up,2,-5.730671725600899,
HBLENGINE,2025-07-07,up,2,-13.884674957673383,
HBLENGINE,2025-08-13,up,1,20.365912373615803,
HBLENGINE,2025-08-14,up,2,6.949206188948565,
HBLENGINE,2025-08-19,up,4,9.552548493442048,
HBLENGINE,2025-08-20,up,5,6.886730070781466,
HBLENGINE,2025-08-29,down,3,6.633352031017803,
HBLENGINE,2025-09-01,up,1,4.06649242326913,
HBLENGINE,2025-09-02,down,1,1.8764522302839426,
HBLENGINE,2025-09-03,up,1,0.5037284607148251,
HBLENGINE,2025-09-10,up,6,-0.4633205344447444,
HBLENGINE,2025-09-15,down,1,-1.4981881033398148,
HBLENGINE,2025-10-17,up,3,4.570601523500506,
HBLENGINE,2025-10-27,up,1,13.428089451823633,
HBLENGINE,2025-10-28,down,1,9.607356583311532,
HBLENGINE,2025-10-29,up,1,8.859800716446674,
HBLENGINE,2025-10-30,down,1,7.315802416431683,
HBLENGINE,2025-11-10,up,1,-16.217302205760873,
HBLENGINE,2026-01-05,down,1,-25.987150280867542,
HBLENGINE,2026-04-22,down,1,6.981759733835036,
HBLENGINE,2026-04-23,down,2,3.3353206912538402,
HBLENGINE,2026-05-06,up,1,-2.2903500515440656,
HBLENGINE,2026-05-07,down,1,-5.078574744166087,
HCLTECH,2021-12-30,down,2,2.922648069434408,1.1110728114623214
HCLTECH,2022-01-03,up,2,0.5652899714993609,-0.4937665405745584
HCLTECH,2022-01-11,up,3,-19.96506902293347,0.5495676575718811
HCLTECH,2022-01-12,up,4,-20.445989636387786,-1.0880316518298572
HCLTECH,2022-10-13,down,1,4.048339590842032,2.7802032430843004
HCLTECH,2022-10-14,up,1,2.3546175870553743,1.1775483453829505
HCLTECH,2022-10-21,up,6,3.1061747789036476,0.6696721670241379
HCLTECH,2022-10-24,up,7,2.4153940173246014,0.09182898415351914
HCLTECH,2022-10-31,up,3,4.373542187027146,0.3876984397560346
HCLTECH,2022-11-01,up,4,3.1091596094645624,0.6794957442597171
HCLTECH,2022-11-11,up,1,5.404426402531137,2.175858184578061
HCLTECH,2022-11-16,up,2,1.6164994140316358,-1.4870499003755366
HCLTECH,2022-11-24,up,3,-6.767567051505496,1.5373490763229691
HCLTECH,2022-12-01,up,8,-9.20480140802573,-0.7028502349667565
HCLTECH,2023-01-24,down,1,0.12557004302158337,0.2979064967532752
HCLTECH,2023-02-02,down,2,-4.790985850048701,0.39859714002048463
HCLTECH,2023-05-22,up,2,2.4939951868669485,0.7665726207283896
HCLTECH,2023-05-23,up,3,1.0368361757788103,-2.5241006917184228
HCLTECH,2023-05-26,up,2,0.9844467457693629,0.7909605400499231
HCLTECH,2023-05-29,up,3,-0.7418231173031087,-1.4878670032947627
HCLTECH,2023-06-20,up,1,2.4076025479598195,1.291247897398451
HCLTECH,2023-07-05,up,7,-7.158766835279662,-0.514161508097577
HCLTECH,2023-08-23,up,3,3.1514958382125924,-0.4933339228002098
HCLTECH,2023-09-04,up,2,4.415162680322249,2.9788297008680464
HCLTECH,2023-09-05,up,3,1.0332950631458226,-0.1067556479998788
HCLTECH,2023-09-07,up,5,2.6379710946824453,0.8319618311962484
HCLTECH,2023-09-08,up,6,3.2704398125472656,1.0500440382118947
HCLTECH,2023-09-11,up,7,2.249567052670054,0.7133957699709814
HCLTECH,2023-09-12,down,1,1.075245588302698,-0.6757111228625878
HCLTECH,2023-09-15,up,3,-2.8045336446757774,0.2920370086860302
HCLTECH,2023-11-30,up,3,1.3828323154978728,0.03760335678062443
HCLTECH,2023-12-08,up,1,4.26386405645387,0.9839672442187419
HCLTECH,2023-12-11,up,2,2.74551734959938,0.01454816355137556
HCLTECH,2023-12-14,up,2,2.7881535959800807,2.013365042128945
HCLTECH,2023-12-15,up,3,1.5111179641032146,4.4521956422528985
HCLTECH,2023-12-18,down,1,-2.9302369638738446,-0.19840676377630428
HCLTECH,2024-01-10,up,2,2.4993733540637164,-0.21478766954129425
HCLTECH,2024-01-12,up,4,7.140029296488404,6.232761919843766
HCLTECH,2024-01-15,up,5,3.901713298459475,1.5501271776167558
HCLTECH,2024-02-02,up,1,1.1691698053252875,-1.2483013129795495
HCLTECH,2024-02-06,up,1,2.7731980136067147,0.3717995543468744
HCLTECH,2024-02-08,down,1,1.7643194667100515,0.11907304600082824
HCLTECH,2024-02-12,down,1,-1.0863024374958674,1.1511025099747219
HCLTECH,2024-02-15,up,3,-0.4148383061509775,-1.0880316518298572
HCLTECH,2024-06-21,down,1,2.9059847221729385,-2.805944760846746
HCLTECH,2024-07-02,down,1,2.215064274778844,-0.024151380456316485
HCLTECH,2024-07-04,up,2,4.01941861709314,1.5392767028620469
HCLTECH,2024-07-12,up,1,5.232739744712256,1.6710375631200813
HCLTECH,2024-07-15,up,2,3.908933975457174,-0.5610517018991845
HCLTECH,2024-08-01,up,5,0.9088297116242483,-2.0066809521919193
HCLTECH,2024-08-19,up,3,2.2040306931219167,-0.14087269744467168
HCLTECH,2024-08-20,up,4,1.5368233710896684,-0.43846051640903383
HCLTECH,2024-08-26,up,8,6.053606917253207,1.3104986774091332
HCLTECH,2024-08-30,up,12,2.376808826927057,-0.08123280979192016
HCLTECH,2024-09-02,up,13,1.8290715710979732,1.7389387814028323
HCLTECH,2024-12-05,up,5,2.034171386283501,-0.1839652498211053
HCLTECH,2024-12-13,up,1,-0.29074489899781897,0.6179965021448686
HCLTECH,2025-05-12,up,1,4.299270028104241,3.622800705987994
HCLTECH,2025-05-13,down,1,0.7499814361030754,-3.1707135961981048
HCLTECH,2025-05-15,up,2,-3.7806614093464197,-0.2735243347810945
HCLTECH,2025-06-11,up,6,1.492652511882131,1.8706086757081852
HCLTECH,2025-06-17,down,1,0.10661390927697578,-0.5838162016806314
HCLTECH,2025-10-23,up,6,0.9480317518677062,-1.1457371124831695
HCLTECH,2025-10-29,up,1,2.3600936909515147,0.02905454475765623
HCLTECH,2025-11-12,up,3,5.203709629021058,1.2046302297139322
HCLTECH,2025-11-19,up,1,3.110747846806916,2.900316238144618
HCLTECH,2025-12-05,up,2,-2.949365086759681,0.15710919088767206
HCLTECH,2026-01-28,up,2,-14.879385997515316,-0.6532075162797857
HCLTECH,2026-07-24,down,5,5.064039510059648,2.3549712486601315
HCLTECH,2026-07-27,up,1,3.3235078525866157,1.4519877103510659
HCLTECH,2026-07-28,down,1,-0.8793331882414379,2.6334177157191885
HCLTECH,2026-07-29,up,1,-1.7728015045395118,0.021502027863684603
HCLTECH,2026-07-30,up,2,-3.020561272585065,-3.072057562662578
HCLTECH,2026-08-03,up,4,-3.9767236930464467,-0.07623560753443615
HDFCAMC,2022-08-16,up,6,-2.031876240893493,5.7761048131775405
HDFCAMC,2023-06-20,up,1,13.643221818457473,5.004821778854507
HDFCAMC,2023-06-30,up,4,17.855520076831798,8.079247073986885
HDFCAMC,2023-07-13,up,1,6.7068869416216925,-1.3443421191912552
HDFCAMC,2023-07-14,up,2,5.717194061050157,0.2575654610589728
HDFCAMC,2023-07-17,up,3,5.070465956600723,-0.6059160974586253
HDFCAMC,2023-07-19,up,5,4.239917886936317,0.03989194038118704
HDFCAMC,2023-07-20,up,6,5.932803812415455,3.4682949994085055
HDFCAMC,2023-08-10,down,1,-6.37948030744111,-0.15480252207421552
HDFCAMC,2023-08-11,down,2,-6.058619572341328,-2.0333320945790545
HDFCAMC,2023-09-15,up,3,2.2689642169627433,0.8144803692774705
HDFCAMC,2023-10-10,up,1,3.8105053832045765,1.5019895044325438
HDFCAMC,2023-10-13,down,2,-1.63472437861093,1.847987190089051
HDFCAMC,2023-10-17,up,1,-6.106924102105449,-0.7043835403096055
HDFCAMC,2023-11-30,up,3,1.5043306637525067,0.1725605668964958
HDFCAMC,2023-12-05,up,6,3.5436808239104334,1.119295224212391
HDFCAMC,2023-12-14,up,2,1.8881093907927582,-0.13689407290157218
HDFCAMC,2023-12-19,up,1,5.658717047336359,1.4125371808853426
HDFCAMC,2023-12-20,down,1,3.5925665716210142,-2.119250170955711
HDFCAMC,2023-12-26,up,3,-0.8183915765243688,-1.7901475352870233
HDFCAMC,2024-01-04,up,1,5.890641404196684,0.9706304305963753
HDFCAMC,2024-01-08,down,1,3.9385057313737315,0.41076881700083945
HDFCAMC,2024-01-09,up,1,3.268481279785873,0.8575955778863609
HDFCAMC,2024-01-11,up,3,3.325067904894219,2.2720552067150734
HDFCAMC,2024-01-31,up,1,5.845099231709727,0.6917281082076343
HDFCAMC,2024-02-07,up,2,3.1975124056885074,0.3248221701410481
HDFCAMC,2024-02-13,up,1,4.501878206359811,1.1204141892165342
HDFCAMC,2024-02-15,up,3,1.6930949089027925,-0.041574391230547736
HDFCAMC,2024-02-16,up,4,1.1073205367944094,1.2154424161082478
HDFCAMC,2024-02-26,down,2,-6.2173571414410596,0.04607721723026703
HDFCAMC,2024-02-27,up,1,-8.09517299387712,-0.6527447569324996
HDFCAMC,2024-05-28,down,3,1.2400671065536883,-1.473972207912544
HDFCAMC,2024-07-03,up,1,-2.751113228000268,-0.7514979526407561
HDFCAMC,2024-07-04,up,2,-2.6519256913723144,0.30756868669590265
HDFCAMC,2024-08-20,up,4,5.398694877982235,0.5734582068343652
HDFCAMC,2024-08-21,up,5,3.8910635377406244,1.302625404614477
HDFCAMC,2024-08-22,up,6,2.02751875829712,0.05027857635599986
HDFCAMC,2024-08-27,up,9,-0.8774726890366402,1.0637789753246363
HDFCAMC,2025-05-13,down,1,2.9461349017765315,-1.1783636872299774
HDFCAMC,2025-05-15,up,2,5.9564128858052845,2.360777930603053
HDFCAMC,2025-05-16,down,1,3.1441356252737362,0.5052602172413545
HDFCAMC,2025-05-19,down,2,1.8753634319496504,0.5367149511505742
HDFCAMC,2025-06-03,down,3,-0.6033051937714751,-2.3122009114619035
HDFCAMC,2025-06-06,up,3,3.7147360696284215,2.798154445627632
HDFCAMC,2025-06-09,up,4,0.15840378717317805,1.0882652622576483
HDFCAMC,2025-06-27,up,4,2.4917930057687165,-0.0979021520376877
HDFCAMC,2025-06-30,down,1,1.4945389509205098,-0.21512584829059822
HDFCAMC,2025-07-15,up,1,4.759473864079822,0.4626243008707398
HDFCAMC,2025-07-16,up,2,6.655402234112473,1.051347038392958
HDFCAMC,2025-07-17,down,1,5.057193065427756,2.5348560088652716
HDFCAMC,2025-07-18,down,2,-0.2554139279272616,0.24671631479442624
HDFCAMC,2025-07-21,up,1,-2.7082858017060008,-0.07304395194307478
HDFCAMC,2025-08-04,up,1,1.2322059587925205,-0.41015292283096416
HDFCAMC,2025-08-25,up,1,-2.023234199561841,-0.2771304055580126
HDFCAMC,2026-02-17,up,2,-14.45658272705832,0.11047221254849582
HDFCAMC,2026-02-18,up,3,-15.757566298864678,-2.370337229849351
HDFCAMC,2026-05-06,up,1,-4.343085533996083,-0.3390409481525136
HDFCBANK,2021-10-11,up,3,2.6600427647189173,-1.1363238834868672
HDFCBANK,2021-10-14,up,6,-3.3805487127469336,2.9440177752016794
HDFCBANK,2021-10-18,up,7,-7.43030410079778,-1.3541787410948136
HDFCBANK,2022-08-01,up,4,1.1244399191414178,-0.26234568352706544
HDFCBANK,2022-08-11,up,4,1.5750350803956925,0.4153544205577786
HDFCBANK,2022-08-16,up,6,-1.0781071952027155,0.10310619938536103
HDFCBANK,2022-10-31,up,3,8.510513480369841,1.2603137793256058
HDFCBANK,2022-11-01,up,4,7.0183145961821625,0.7645351347401963
HDFCBANK,2022-11-11,up,1,4.584987136647545,4.903865238880822
HDFCBANK,2023-04-17,down,1,-1.0193441711619622,-2.0835276227701094
HDFCBANK,2023-05-04,up,1,-5.733253943002026,-4.011431951484479
HDFCBANK,2023-12-04,up,5,4.612237392165386,3.5554872663313253
HDFCBANK,2023-12-05,up,6,2.045600235292233,1.1351401288764107
HDFCBANK,2023-12-08,up,1,2.3983166031875447,0.17332791977422435
HDFCBANK,2023-12-11,up,2,1.4083630891990273,-0.5456132526566515
HDFCBANK,2023-12-21,up,1,1.5504340344011602,0.3759193095116631
HDFCBANK,2023-12-27,up,4,-9.462894140041023,0.6537102225593561
HDFCBANK,2023-12-28,up,5,-13.345664037616622,-1.0514378007413727
HDFCBANK,2024-06-18,up,5,6.49379591012651,0.3985715210105045
HDFCBANK,2024-06-19,down,1,5.733362098908601,3.1662580502100024
HDFCBANK,2024-06-20,up,1,1.9723200016370512,-0.3217369569455175
HDFCBANK,2024-06-25,up,2,2.411018791163877,1.0706674051634613
HDFCBANK,2024-07-02,down,1,-7.0404062018742835,3.7939137959421165
HDFCBANK,2024-07-03,up,1,-7.282427402062208,0.9277191904470294
HDFCBANK,2024-09-20,up,2,-4.048690554553424,1.2390056697316298
HDFCBANK,2024-09-23,up,3,-3.9673677966039045,0.645803869228101
HDFCBANK,2024-09-24,up,4,-4.246420270918705,-0.8467697044299283
HDFCBANK,2024-12-04,up,4,-3.0237959973838158,0.7263657377445831
HDFCBANK,2024-12-05,up,5,-4.058794499353091,-0.9243327597935114
HDFCBANK,2025-04-15,up,2,3.0002949079058983,1.7632378170307161
HDFCBANK,2025-04-17,up,4,3.37947698819967,1.6258525891559295
HDFCBANK,2025-04-21,up,5,-0.34719746644568117,0.29552447261458337
HDFCBANK,2025-04-22,up,6,-0.16595649105157761,0.9409340210347228
HDFCBANK,2026-07-06,up,4,-8.814047754663024,3.9412602415432207
HDFCBANK,2026-07-07,down,1,-11.99743622069298,-1.1676405208997043
HDFCLIFE,2022-09-13,up,4,-11.67443841611725,-2.00128987345386
HDFCLIFE,2023-04-17,down,1,2.96222501232708,0.155268642728279
HDFCLIFE,2023-04-24,up,1,3.198298720968884,0.17195578128941236
HDFCLIFE,2023-05-10,up,3,5.731984550236069,0.32356389818908315
HDFCLIFE,2023-05-11,down,1,2.8045243537470066,0.19115150318724794
HDFCLIFE,2023-05-26,up,2,3.092383348101535,0.1181435381643059
HDFCLIFE,2023-05-29,up,3,2.1840847209154246,-0.987414264282005
HDFCLIFE,2023-05-31,down,1,0.42318326990367083,0.25424865604597446
HDFCLIFE,2023-06-16,up,1,11.128319723851309,1.5928038548612689
HDFCLIFE,2023-06-19,down,1,7.948066530280529,1.4439995146220186
HDFCLIFE,2023-06-20,up,1,5.545406861879987,2.033552428635832
HDFCLIFE,2023-06-21,up,2,2.951172256460999,-0.860121455976337
HDFCLIFE,2023-06-27,up,2,1.5605302718054936,0.5955901025062715
HDFCLIFE,2023-07-11,up,2,-5.809685006484511,-0.9517912039123222
HDFCLIFE,2023-07-13,up,1,-8.067718724522166,-0.6355506672196642
HDFCLIFE,2023-09-11,up,7,-5.812943220499999,0.6845368746624558
HDFCLIFE,2023-11-29,up,2,3.9631937191351385,-0.512206410478977
HDFCLIFE,2023-11-30,up,3,3.4360803662385475,1.491217633920039
HDFCLIFE,2023-12-12,down,1,-8.772681598191589,1.1489316009878792
HDFCLIFE,2024-03-15,down,1,0.15815247271107058,0.31614308797114354
HDFCLIFE,2024-03-26,down,1,-6.329076403122292,-2.2882457820443847
HDFCLIFE,2024-07-04,up,2,2.3289390585890413,-0.09373221560416978
HDFCLIFE,2024-07-08,down,1,9.962670432865606,1.6599022743876368
HDFCLIFE,2024-07-09,up,1,7.620406287173842,-0.1855904553595522
HDFCLIFE,2024-07-10,down,1,6.372090274387365,0.545977015237753
HDFCLIFE,2024-07-15,up,2,4.479551177855368,-0.3033991183372886
HDFCLIFE,2024-07-16,up,3,3.310605582115489,-0.6894539647441689
HDFCLIFE,2024-07-24,down,4,6.847438469627054,1.1735217044548385
HDFCLIFE,2024-07-25,down,5,1.6252108957527378,0.7038915664732137
HDFCLIFE,2024-07-26,up,1,-0.48299392409945074,2.1076085218927565
HDFCLIFE,2024-07-31,up,4,1.7447971410552876,0.2032093055847506
HDFCLIFE,2024-08-21,up,5,-2.725589795935124,0.4712183173146922
HDFCLIFE,2024-08-27,up,9,-5.2557343508530145,0.3090829513239468
HDFCLIFE,2024-08-28,up,10,-6.347449726435272,-0.8258608857187766
HDFCLIFE,2024-09-02,up,13,-3.2891653954675415,0.23363476538484917
HDFCLIFE,2024-09-03,up,14,-4.891984083952739,-0.8010330038096813
HDFCLIFE,2025-03-24,up,6,2.950237429361535,-0.2199362193336607
HDFCLIFE,2025-04-01,down,2,1.880718052603858,0.2325803301644669
HDFCLIFE,2025-04-02,up,1,0.45040530894040476,-1.858801110837549
HDFCLIFE,2025-04-15,up,2,5.450660797477713,-0.7172881999647274
HDFCLIFE,2025-04-16,up,3,4.593641292763229,0.7049540696473677
HDFCLIFE,2025-04-30,down,1,2.5343596382013,0.8861638917927461
HDFCLIFE,2025-05-23,up,1,-1.6987775974015018,2.407717381391139
HDFCLIFE,2025-05-26,up,2,0.5340020157976966,-0.6694276270937882
HDFCLIFE,2025-05-28,down,2,-3.02257226080741,-0.2633622539865432
HDFCLIFE,2025-06-30,down,1,-7.722239827456412,-0.11726678009253977
HEG,2023-06-15,down,1,9.733565540113043,
HEG,2023-06-20,up,1,-7.0916861324826,
HEG,2024-03-22,up,3,0.8923293031045221,
HEG,2024-04-02,down,1,15.078357664887054,
HEG,2024-04-05,down,1,10.88058410481576,
HEG,2024-04-08,up,1,10.151452374258563,
HEG,2024-04-09,down,1,7.838366297712884,
HEG,2024-04-10,up,1,9.099955323701113,
HEG,2024-04-12,down,1,-2.183475020845005,
HEG,2024-04-15,down,2,-2.3867977435703125,
HEG,2024-04-18,down,4,-5.792677696395554,
HEG,2024-09-25,up,5,6.345614358528318,
HEG,2024-10-10,up,1,-15.424845374953655,
HEG,2024-10-15,down,1,-16.027859438474035,
HEG,2025-03-25,up,7,8.754057307866358,
HEG,2025-03-26,down,1,-6.540962969382558,
HEG,2025-06-03,down,3,-8.091124472284372,
HEG,2025-07-31,down,1,-13.982483283930025,
HEG,2026-04-15,up,1,0.050594485201127526,
HEG,2026-04-16,down,1,-0.5226688277335967,
HEG,2026-04-17,up,1,-7.171177103412529,
HEG,2026-04-20,up,2,-10.405415950951236,
HEG,2026-04-23,down,2,-8.334437607546686,
HEG,2026-04-29,up,1,-14.050866094106972,
HEG,2026-07-23,down,4,8.653166701244208,
HEG,2026-07-30,up,2,3.1975754721445204,
HEG,2026-08-05,up,1,1.9904098422200533,
HEG,2026-08-14,down,4,5.382827980441651,
HEG,2026-08-18,down,6,3.1610735593781136,
HEG,2026-09-01,down,2,0.0,
HEROMOTOCO,2022-01-20,down,3,-1.274645108172634,-1.8157405973099783
HEROMOTOCO,2022-01-21,down,4,-4.4913152818854,-1.191694873462712
HEROMOTOCO,2022-02-03,down,1,-0.8667704024249434,-1.3537547115622939
HEROMOTOCO,2022-05-20,up,1,4.12730686039311,0.11696227703823503
HEROMOTOCO,2022-05-23,down,1,3.5535626550907917,0.13261348597028988
HEROMOTOCO,2022-05-27,up,2,-9.067785501970405,0.38881498590737085
HEROMOTOCO,2022-05-30,up,3,-10.50832833305667,1.2539707753719265
HEROMOTOCO,2022-05-31,down,1,-10.787057556905522,-0.05309150350554237
HEROMOTOCO,2022-07-06,up,1,-1.4344422838415527,1.2027792684849326
HEROMOTOCO,2022-07-07,up,2,-2.6437148818933,-0.27344269700930735
HEROMOTOCO,2022-11-28,up,5,0.060257083271220147,0.1520121374260608
HEROMOTOCO,2022-11-29,up,6,-1.613542528863332,0.4943169733314656
HEROMOTOCO,2022-11-30,up,7,-3.3199548298794235,0.10028607895102848
HEROMOTOCO,2022-12-01,up,8,-5.133544052826567,-0.35839676138704757
HEROMOTOCO,2023-04-24,up,1,2.4495269189765523,0.29930437725858017
HEROMOTOCO,2023-04-28,up,5,0.02277483929995494,-0.2638759174971472
HEROMOTOCO,2023-05-08,up,1,4.343878672230983,0.2951720234772859
HEROMOTOCO,2023-05-15,up,2,5.7033083375680915,2.7741914441516746
HEROMOTOCO,2023-05-17,down,2,1.5839882332363997,0.41886336070109387
HEROMOTOCO,2023-05-29,up,3,4.0434756688194184,-0.12163748631766058
HEROMOTOCO,2023-06-01,down,2,5.3053159960483764,0.9620947142640945
HEROMOTOCO,2023-06-02,up,1,4.644505511935448,2.9481907960117626
HEROMOTOCO,2023-06-07,up,4,-3.6003640713306306,1.4705225510995845
HEROMOTOCO,2023-06-08,down,1,-2.798859089705874,-0.20024408525514126
HEROMOTOCO,2023-07-04,up,6,7.009474845911723,3.932392830368703
HEROMOTOCO,2023-07-05,up,7,2.9655516040290486,2.746247735624441
HEROMOTOCO,2023-07-06,up,8,-1.5969976356591808,-1.1876305734881631
HEROMOTOCO,2023-07-25,up,1,0.9615900437054181,-0.2595797517876086
HEROMOTOCO,2023-07-31,up,1,-7.770152949520826,0.5958030750088161
HEROMOTOCO,2023-11-17,down,1,7.615906523761939,1.2518492713757823
HEROMOTOCO,2023-11-21,up,1,5.386152480432904,0.040050014357140284
HEROMOTOCO,2023-11-22,up,2,9.816159331289075,0.23373416194067964
HEROMOTOCO,2023-11-23,down,1,8.768522986460159,3.575248907219364
HEROMOTOCO,2023-11-28,up,1,6.230400195418961,1.0368001997652865
HEROMOTOCO,2023-11-29,up,2,4.644912153674863,4.219805054112036
HEROMOTOCO,2023-11-30,up,3,1.4764396782950717,1.3897580326527104
HEROMOTOCO,2023-12-14,up,2,4.188798603760069,0.8985193737836905
HEROMOTOCO,2023-12-15,up,3,3.6179621329905043,-0.6478119780589653
HEROMOTOCO,2023-12-26,up,3,5.163537949913577,2.4104997851671417
HEROMOTOCO,2023-12-28,up,5,5.458865821936376,1.4223674320275714
HEROMOTOCO,2024-01-11,up,3,8.99620528952072,0.6711091166701655
HEROMOTOCO,2024-01-16,down,1,3.5594242374880958,-2.020407589828399
HEROMOTOCO,2024-01-23,down,1,2.7111632847001133,-0.967074738666196
HEROMOTOCO,2024-01-29,up,1,7.114648198835871,0.9644758662826325
HEROMOTOCO,2024-01-30,down,1,5.60925314306846,-1.7345703912867938
HEROMOTOCO,2024-02-01,down,1,4.771084467329811,-1.8634839530361824
HEROMOTOCO,2024-02-02,up,1,3.5308001899725383,-0.45216961707883474
HEROMOTOCO,2024-02-07,up,2,1.928797117423131,-0.41548942863933735
HEROMOTOCO,2024-02-09,up,1,0.9378791898175587,2.0670190272156885
HEROMOTOCO,2024-02-12,down,1,-1.097683703992225,-4.458212592601574
HEROMOTOCO,2024-05-14,up,3,3.3354947364836685,1.584177978790846
HEROMOTOCO,2024-05-15,down,1,1.3581901482983216,-0.2226997006158915
HEROMOTOCO,2024-05-16,up,1,0.32534164982456204,0.1264498592672636
HEROMOTOCO,2024-05-24,down,1,-0.20200245981668585,-1.317621482252418
HEROMOTOCO,2024-05-28,down,3,8.314465040106821,-1.016259911553341
HEROMOTOCO,2024-06-03,up,2,7.757861410650113,-1.6401247351757742
HEROMOTOCO,2024-06-04,down,1,7.145870109604413,-0.47878784474315594
HEROMOTOCO,2024-06-05,up,1,6.444784775180024,5.196583871747107
HEROMOTOCO,2024-06-11,up,1,-4.027829736365696,-0.23951117360473395
HEROMOTOCO,2024-06-18,up,5,-5.173397222188636,-2.0236249217699287
HEROMOTOCO,2024-09-05,down,2,4.080408543569236,-0.13086000075074322
HEROMOTOCO,2024-09-10,up,2,-0.42630609079535864,-2.2305269651054727
HEROMOTOCO,2024-09-17,up,2,5.040818396855862,1.5581506765138586
HEROMOTOCO,2024-09-18,down,1,2.920673496409476,-0.24730266916420662
HEROMOTOCO,2024-09-23,up,3,-10.863927705181908,0.23184063016801204
HEROMOTOCO,2024-09-24,up,4,-13.504935943270757,-1.5550267983752586
HEROMOTOCO,2025-05-19,down,2,-0.8076759830517255,0.5515626086847636
HEROMOTOCO,2025-06-11,up,6,-3.857302845687305,-0.08292316451664616
HEROMOTOCO,2025-08-13,up,1,5.246264433351078,0.7272635126574389
HEROMOTOCO,2025-08-18,up,3,8.853873949331259,3.456847399593266
HEROMOTOCO,2025-08-20,up,5,1.5355214586727728,-0.5555991205676181
HEROMOTOCO,2025-08-28,down,2,1.0244036352602848,-1.7593542452307598
HEROMOTOCO,2025-09-02,down,1,1.6024545018987313,0.7416572428285528
HEROMOTOCO,2025-09-04,up,2,-0.6644784838740758,-0.5624436779466002
HEROMOTOCO,2025-11-25,down,3,3.557267390934249,0.06999224410269012
HEROMOTOCO,2025-11-26,up,1,2.902326151582968,0.3115837649534825
HEROMOTOCO,2025-11-27,up,2,1.9228620969347965,-0.4003736604967334
HEROMOTOCO,2025-11-28,down,1,1.7493179264965741,-0.016048788316469498
HEROMOTOCO,2025-12-01,down,2,1.1132827607434947,0.9537980876192842
HEROMOTOCO,2025-12-05,up,2,-12.796276842836662,-1.1398682857167386
HEROMOTOCO,2026-07-30,up,2,3.920042892556097,2.3022400270126475
HEROMOTOCO,2026-07-31,up,3,6.5912200687118006,0.8295324974300744
HEROMOTOCO,2026-08-03,up,4,4.856919070787602,0.7069090811785861
HEROMOTOCO,2026-08-04,down,1,2.4909333016266633,1.6435996011153975
HEROMOTOCO,2026-08-05,up,1,-0.6927545646721711,0.8159345974373622
HEROMOTOCO,2026-08-06,up,2,-3.2009104346802264,-3.357881931272644
HEROMOTOCO,2026-08-07,down,1,-3.1774230498247236,-0.3246149789713382
HEROMOTOCO,2026-08-10,up,1,-6.501972894149921,0.3259564247727109
HEXT,2025-05-30,down,1,-0.8291873963515606,
HFCL,2022-01-14,down,1,-12.177514171153836,
HFCL,2022-01-17,up,1,-14.818627448603072,
HFCL,2022-11-01,up,4,-5.5084344474197415,
HFCL,2023-08-29,up,2,8.38054085938964,
HFCL,2023-08-30,up,3,7.788699470729754,
HFCL,2023-08-31,down,1,5.767207968426047,
HFCL,2023-09-01,up,1,2.67258881098853,
HFCL,2023-09-05,up,3,-3.7910460460300666,
HFCL,2023-09-06,up,4,-6.059763295324605,
HFCL,2023-12-27,up,4,-3.5962024287782723,
HFCL,2024-01-01,up,1,6.617939923817939,
HFCL,2024-01-03,down,2,18.628956276531426,
HFCL,2024-01-04,up,1,13.646368002051169,
HFCL,2024-01-23,down,1,-0.39159592483131167,
HFCL,2024-01-24,up,1,-2.5105743361944155,
HFCL,2024-01-25,down,1,-6.809233325856545,
HFCL,2024-02-08,down,1,-1.8693297830023825,
HFCL,2024-02-20,up,6,-25.937233158565075,
HFCL,2024-02-21,down,1,-20.389228540261318,
HFCL,2024-02-22,up,1,-22.547093066743084,
HFCL,2024-02-26,down,2,-25.5223447813519,
HFCL,2024-07-05,up,3,-7.375202550426518,
HFCL,2024-07-08,down,1,2.007073044355212,
HFCL,2024-08-08,down,1,3.8296068485696555,
HFCL,2024-08-13,down,2,1.8719278848637666,
HFCL,2024-08-21,up,5,0.08099456292991469,
HFCL,2024-08-22,up,6,0.7755792729848388,
HFCL,2024-09-03,up,14,2.428647041570531,
HFCL,2024-09-04,down,1,1.653029114758886,
HFCL,2024-09-05,down,2,-1.741694534578886,
HFCL,2024-09-18,down,1,-19.331515563560853,
HFCL,2024-09-19,up,1,-19.998771574227614,
HFCL,2024-09-23,up,3,-20.68421365311953,
HFCL,2025-06-04,up,1,0.32554774944737463,
HFCL,2025-06-06,up,3,-5.4345767507025915,
HFCL,2025-06-09,up,4,-6.605795555904759,
HFCL,2025-06-10,up,5,-7.8275787999129705,
HFCL,2026-02-10,up,3,-8.983277845301696,
HFCL,2026-02-18,up,3,0.8156512954995643,
HFCL,2026-02-19,down,1,-3.3577017708746437,
HFCL,2026-04-10,up,1,16.568421981795755,
HFCL,2026-04-13,down,1,12.045896023776503,
HFCL,2026-04-15,up,1,5.807260599722186,
HFCL,2026-04-16,down,1,16.402642501848884,
HFCL,2026-04-17,up,1,15.327759793411788,
HFCL,2026-04-20,up,2,10.352608915856344,
HFCL,2026-04-21,up,3,8.892408180892675,
HFCL,2026-04-22,down,1,6.692669758150194,
HFCL,2026-04-27,up,1,13.746537048057128,
HFCL,2026-04-28,down,1,6.9997529852561025,
HFCL,2026-04-30,down,1,29.37152724065428,
HFCL,2026-05-04,up,1,17.787636473587874,
HFCL,2026-05-05,down,1,26.103074305650242,
HFCL,2026-05-11,down,3,9.724283274524526,
HFCL,2026-05-12,down,4,6.739027565851208,
HFCL,2026-05-13,up,1,5.5225293924368035,
HFCL,2026-05-25,up,2,11.432531323608043,
HFCL,2026-05-26,down,1,16.042498851158914,
HFCL,2026-05-27,down,2,18.067531082545617,
HFCL,2026-05-29,down,3,18.20854789190014,
HFCL,2026-06-02,up,1,10.306305673075267,
HFCL,2026-06-03,down,1,8.974954517764688,
HFCL,2026-06-04,up,1,4.581643908242428,
HFCL,2026-06-19,down,1,7.163423847176009,
HFCL,2026-06-22,up,1,2.0611362224010055,
HFCL,2026-07-06,up,4,-12.952843809561543,
HFCL,2026-07-07,down,1,-16.761661522502003,
HFCL,2026-08-24,down,1,4.3587534763432245,
HFCL,2026-08-25,up,1,2.1748916240923233,
HFCL,2026-08-27,down,2,-13.282543075669306,
HFCL,2026-08-28,up,1,-14.382982613042595,
HFCL,2026-08-31,down,1,-16.95384365197511,
HINDALCO,2021-10-04,up,1,0.3020587129765495,-2.076917002290124
HINDALCO,2021-10-14,up,6,-8.572370140113616,4.0597816011799015
HINDALCO,2021-10-18,up,7,-11.667414760169503,4.1320649560096845
HINDALCO,2022-01-06,down,1,4.875415239482761,-0.5801716023174586
HINDALCO,2022-01-07,up,1,3.968522068486613,1.8174491981041374
HINDALCO,2022-01-12,up,4,2.5738064149162243,0.48291110991225406
HINDALCO,2022-01-13,up,5,4.330105092868353,0.5256226273494313
HINDALCO,2022-01-18,down,1,-0.204570865007625,-3.29021971457113
HINDALCO,2022-01-21,down,4,-0.7596885583336044,-3.099893140412846
HINDALCO,2022-02-02,up,3,1.3061942791613435,-1.0376554334249222
HINDALCO,2022-02-04,down,2,2.4775810895421024,1.3163255341405167
HINDALCO,2022-02-07,down,3,8.021858540787097,-0.9681959172914811
HINDALCO,2022-02-09,up,2,7.059638516279354,2.198806661867647
HINDALCO,2022-02-10,up,3,4.866917117153768,0.11477795367491606
HINDALCO,2022-02-28,up,2,10.700835745450332,4.660456052225892
HINDALCO,2022-03-02,down,1,6.690069229036255,5.309164432721469
HINDALCO,2022-03-04,down,3,2.086233416884853,-4.952243260700961
HINDALCO,2022-03-07,down,4,0.13846821024832145,-0.4975124378109319
HINDALCO,2022-03-24,down,2,-11.304870471585371,1.006897546358121
HINDALCO,2022-03-25,down,3,-14.067481619257538,-1.2443391657824043
HINDALCO,2022-03-28,up,1,-14.05205694235072,-0.6473318783136728
HINDALCO,2022-07-28,up,2,12.327933045630623,1.1997837648672682
HINDALCO,2022-07-29,up,3,10.793283702553813,5.7331936144703555
HINDALCO,2022-08-01,up,4,5.0648912331209495,0.02769556045689736
HINDALCO,2022-08-04,down,1,2.3155265968093364,-1.6715459601452154
HINDALCO,2022-08-10,up,3,-4.6568556992211185,2.6047591143589344
HINDALCO,2022-11-14,down,1,9.092273628165316,3.379209294451657
HINDALCO,2022-12-01,up,8,5.942243470107478,2.001327641993167
HINDALCO,2022-12-02,down,1,-8.37879460298321,-0.5721672673109413
HINDALCO,2022-12-05,up,1,-6.303935688399198,1.0043333916386121
HINDALCO,2023-01-18,up,2,-10.746914676385055,-0.9894057109244514
HINDALCO,2023-05-02,up,6,-6.651723191074598,0.3329059164100201
HINDALCO,2023-07-14,up,2,4.7323125223746265,1.3815988981075833
HINDALCO,2023-07-27,down,1,1.353852190242133,-1.2972118260482612
HINDALCO,2023-07-31,up,1,-2.500119047313343,0.6715755047157934
HINDALCO,2023-08-01,down,1,-0.9270968417491532,-1.1955870942105373
HINDALCO,2023-09-04,up,2,3.4222837959659858,1.0620876807186708
HINDALCO,2023-09-14,up,2,-5.0451582344034795,2.6353102220639357
HINDALCO,2023-11-28,up,1,5.2381666324536,0.5682396198171791
HINDALCO,2023-11-29,up,2,4.273610353622637,-0.29591784579873215
HINDALCO,2023-12-12,down,1,2.1932674229223403,-0.46928285623212274
HINDALCO,2023-12-14,up,2,11.901028854970729,2.736087436540613
HINDALCO,2023-12-15,up,3,10.374031854679888,1.5164105374582126
HINDALCO,2023-12-18,down,1,7.787685098236996,1.0865580172471745
HINDALCO,2023-12-20,down,1,6.098605058988915,-4.6934552858158725
HINDALCO,2023-12-26,up,3,0.8158486923718566,1.2420415405490104
HINDALCO,2023-12-27,up,4,-4.026390634721311,4.153421676197122
HINDALCO,2023-12-28,up,5,-9.135307234193412,0.5914168336667913
HINDALCO,2024-04-03,down,2,2.033382839450426,2.276076065664734
HINDALCO,2024-04-04,up,1,0.2690707033382811,-2.473589264904763
HINDALCO,2024-04-09,down,1,7.2771693373703705,0.5481089817069407
HINDALCO,2024-04-10,up,1,6.295286945165213,1.775107217649441
HINDALCO,2024-04-12,down,1,4.634695576939207,1.1638739972311685
HINDALCO,2024-04-15,down,2,3.92173249753609,0.09880398307602345
HINDALCO,2024-04-24,up,4,3.9493848443707957,1.141237749672297
HINDALCO,2024-04-25,up,5,2.2800975302973425,1.5778922815148366
HINDALCO,2024-04-26,down,1,6.463436859042626,0.5308992572089499
HINDALCO,2024-05-15,down,1,5.358253919526579,0.25439739692136865
HINDALCO,2024-05-16,up,1,4.726741948216051,-1.4034531439917175
HINDALCO,2024-05-21,up,3,0.5408411705782434,4.365557765671468
HINDALCO,2024-05-29,down,4,-3.6590358382943444,0.37830929387125956
HINDALCO,2024-09-27,down,1,-0.031196181361869968,1.3745339899172704
HINDALCO,2024-09-30,down,2,-5.415513379872127,-0.8520827515493989
HINDALCO,2024-10-03,down,4,-10.220288211843286,-3.467635770973654
HINDALCO,2024-10-21,down,1,-14.749740605271722,-3.582097685097174
HINDALCO,2025-03-05,up,1,3.4828902594133293,0.8292884612638218
HINDALCO,2025-03-06,up,2,-0.30977189524076243,1.9205820836853738
HINDALCO,2025-03-07,up,3,-4.317847110617445,-0.17914900698002834
HINDALCO,2025-03-10,down,1,-6.506905817349717,-2.0159748276339817
HINDALCO,2025-03-21,up,5,-21.250266647307527,-1.1983822763994012
HINDALCO,2025-07-02,down,1,-1.1584408448421901,-0.36248125509200646
HINDALCO,2025-09-02,down,1,4.615616479732942,0.05451245851189057
HINDALCO,2025-09-03,up,1,3.8808180939818637,1.962301536056743
HINDALCO,2025-09-12,up,8,3.4531543571383327,0.5100454352979344
HINDALCO,2025-09-15,down,1,2.220597993041551,-1.1786710652903043
HINDALCO,2025-09-25,down,5,1.7117648109731487,-2.7784837197739054
HINDALCO,2025-10-03,up,2,0.846936321894276,1.0990229300520404
HINDALCO,2025-10-20,up,4,4.5096194783420085,0.2694011563791898
HINDALCO,2025-10-23,up,6,-1.3455985299785755,1.9399452111093618
HINDALCO,2025-10-24,down,1,-2.319988956395924,3.8627640565651156
HINDALCO,2025-10-27,up,1,-5.469625591698934,0.886974684953934
HINDALCO,2025-10-28,down,1,-6.8731558093148575,0.550380822331964
HINDALCO,2025-12-12,up,2,10.509242892559566,1.7050335851673148
HINDALCO,2025-12-18,down,4,7.573084906217109,-0.2941496895086493
HINDALCO,2025-12-22,up,2,6.558828493075541,0.26222144708298867
HINDALCO,2025-12-24,down,1,5.587730301798399,-1.307353960368518
HINDALCO,2025-12-29,down,3,4.396979740820117,-2.1102114939093086
HINDALCO,2026-01-01,up,2,6.8086506328959295,0.3968919447705277
HINDALCO,2026-01-02,up,3,6.099333409363816,3.5616590072670373
HINDALCO,2026-01-05,down,1,2.5123480153659283,0.43602888410945173
HINDALCO,2026-01-06,down,2,1.353765421495079,0.897576626580876
HINDALCO,2026-01-27,up,1,-6.417215526094299,-0.029085015381558055
HINDALCO,2026-01-28,up,2,-8.17486173194938,2.0531858474126974
HINDALCO,2026-01-29,up,3,-10.591895915129045,-1.2774232047128464
HINDALCO,2026-04-16,down,1,0.11599271600213346,-0.6413021597216018
HINDALCO,2026-04-27,up,1,4.156640783570298,0.06891538512372453
HINDALCO,2026-04-28,down,1,0.11825313992042119,0.5754164013500151
HINDALCO,2026-05-14,up,2,5.689211485057144,1.2307205963687728
HINDALCO,2026-05-21,down,1,3.52760641785419,-1.0377974381486132
HINDALCO,2026-05-27,down,2,-12.706517281677632,4.4962674323785645
HINDALCO,2026-05-29,down,3,-15.293547478029057,-2.566888262327871
HINDCOPPER,2021-10-18,up,7,-7.782579453263072,
HINDCOPPER,2021-10-19,down,1,-15.256718600287144,
HINDCOPPER,2023-07-31,up,1,22.60403173916634,
HINDCOPPER,2023-08-01,down,1,9.528537138930737,
HINDCOPPER,2023-08-03,down,3,3.575117291674079,
HINDCOPPER,2023-08-04,up,1,2.901238831373565,
HINDCOPPER,2023-08-11,down,2,8.447602966090638,
HINDCOPPER,2023-08-31,down,1,-3.0432191372138373,
HINDCOPPER,2023-09-01,up,1,-6.011889653161595,
HINDCOPPER,2023-09-04,up,2,-7.568903849473219,
HINDCOPPER,2023-11-29,up,2,15.846177121340332,
HINDCOPPER,2023-12-01,up,4,10.151491448240723,
HINDCOPPER,2023-12-04,up,5,9.26144224701202,
HINDCOPPER,2023-12-07,down,1,7.024922513105847,
HINDCOPPER,2023-12-08,up,1,6.386137564417371,
HINDCOPPER,2023-12-18,down,1,40.0549336650083,
HINDCOPPER,2023-12-19,up,1,35.46875195809367,
HINDCOPPER,2023-12-20,down,1,28.539902753127365,
HINDCOPPER,2023-12-21,up,1,26.424765629992297,
HINDCOPPER,2023-12-22,up,2,22.063308629931623,
HINDCOPPER,2023-12-26,up,3,15.9075313089724,
HINDCOPPER,2023-12-27,up,4,8.252029342075051,
HINDCOPPER,2023-12-28,up,5,5.527904509526116,
HINDCOPPER,2024-01-04,up,1,1.1977416389983064,
HINDCOPPER,2024-01-05,up,2,0.15122838793368842,
HINDCOPPER,2024-01-08,down,1,0.3180732146317311,
HINDCOPPER,2024-01-25,down,1,-2.2523766995985794,
HINDCOPPER,2024-01-31,up,1,-16.387320443045216,
HINDCOPPER,2024-02-02,up,1,-11.424270258531777,
HINDCOPPER,2024-04-04,up,1,13.448038212183233,
HINDCOPPER,2024-04-05,down,1,10.051595756868647,
HINDCOPPER,2024-04-08,up,1,15.552749390612131,
HINDCOPPER,2024-04-09,down,1,13.34760840215714,
HINDCOPPER,2024-04-12,down,1,2.937820207697528,
HINDCOPPER,2024-04-22,up,2,-5.630999434401252,
HINDCOPPER,2024-04-26,down,1,0.803089601859841,
HINDCOPPER,2024-04-29,up,1,0.04135340839490631,
HINDCOPPER,2024-05-21,up,3,-24.302055048701554,
HINDCOPPER,2025-05-23,up,1,12.144483087355407,
HINDCOPPER,2025-05-26,up,2,9.257961730919707,
HINDCOPPER,2025-05-27,down,1,6.789488826553258,
HINDCOPPER,2025-05-28,down,2,5.862941708569158,
HINDCOPPER,2025-06-06,up,3,1.7170915055577884,
HINDCOPPER,2025-06-10,up,5,3.4254067459263737,
HINDCOPPER,2025-06-11,up,6,-1.465007294826648,
HINDCOPPER,2025-06-26,up,3,0.9546680100898541,
HINDCOPPER,2025-06-27,up,4,-1.9764980572824276,
HINDCOPPER,2025-06-30,down,1,-3.1470046845031407,
HINDCOPPER,2025-07-03,down,2,-4.776063161856925,
HINDCOPPER,2025-09-22,down,2,10.993041922529478,
HINDCOPPER,2025-09-23,down,3,6.940744068168936,
HINDCOPPER,2025-09-24,down,4,16.13407127710309,
HINDCOPPER,2025-09-25,down,5,15.431127566077896,
HINDCOPPER,2025-09-30,down,8,9.46776507086453,
HINDCOPPER,2025-10-01,up,1,7.678544542217414,
HINDCOPPER,2025-10-03,up,2,6.601444216239316,
HINDCOPPER,2025-10-06,up,3,5.422836635310735,
HINDCOPPER,2025-10-07,up,4,4.420260053187786,
HINDCOPPER,2025-10-09,up,1,-2.9504921866371214,
HINDCOPPER,2025-10-29,up,1,1.3049737542665252,
HINDCOPPER,2025-12-12,up,2,6.076383516677986,
HINDCOPPER,2025-12-15,down,1,0.21377384270200306,
HINDCOPPER,2025-12-22,up,2,11.13677639073456,
HINDCOPPER,2025-12-23,up,3,18.616995599901507,
HINDCOPPER,2025-12-24,down,1,16.676659496135194,
HINDCOPPER,2025-12-26,down,2,24.021527808730813,
HINDCOPPER,2025-12-29,down,3,10.076632632800253,
HINDCOPPER,2026-01-05,down,1,15.440748497044932,
HINDCOPPER,2026-01-06,down,2,-0.008730419312408255,
HINDCOPPER,2026-01-28,up,2,-0.7739040191295898,
HINDCOPPER,2026-01-29,up,3,-11.113170629889035,
HINDCOPPER,2026-08-17,down,5,-11.206455696362072,
HINDCOPPER,2026-08-21,up,2,-11.229358822402835,
HINDCOPPER,2026-08-24,down,1,-15.79505634278895,
HINDPETRO,2021-09-28,down,1,9.362307734282794,1.6935578270695917
HINDPETRO,2021-09-29,down,2,6.714045191343221,1.3011378558196451
HINDPETRO,2021-09-30,down,3,3.9832368171415666,-0.9274012166497148
HINDPETRO,2021-10-01,down,4,3.33076814706863,-1.7133658555770426
HINDPETRO,2021-10-05,up,2,8.574776169893482,2.087602698155222
HINDPETRO,2021-10-06,down,1,-0.1352862584337422,-1.0959815451399013
HINDPETRO,2021-10-07,up,1,-2.860282029575867,1.0828866272214022
HINDPETRO,2021-10-08,up,2,-4.109362084426493,-1.1737765223679308
HINDPETRO,2021-10-12,up,4,-4.319261639710237,0.7358063257125735
HINDPETRO,2021-10-13,up,5,-2.644825531908279,-2.614582075500338
HINDPETRO,2021-10-14,up,6,4.014389815032238,0.5702984620276741
HINDPETRO,2021-10-18,up,7,2.465637132536913,-0.5864055006791213
HINDPETRO,2021-11-08,up,2,-13.535967377741931,1.7292801830099735
HINDPETRO,2021-11-15,up,2,-13.498984337821385,0.31329863407973946
HINDPETRO,2022-08-16,up,6,-5.99030017822707,1.8537136583702596
HINDPETRO,2022-08-17,up,7,-2.5769583001705176,3.3504298709760905
HINDPETRO,2022-08-18,up,8,-7.774980735861425,-0.8163699874124575
HINDPETRO,2022-12-12,up,1,-3.646971365840046,2.3065136214333704
HINDPETRO,2023-07-03,up,5,4.838129299790128,3.1076529055427793
HINDPETRO,2023-07-06,up,8,-1.4299748146994529,2.3846545828672516
HINDPETRO,2023-07-26,up,2,-14.774948955397383,-1.1812709003959698
HINDPETRO,2023-11-15,up,3,6.6517835638665535,2.8322967612153915
HINDPETRO,2023-11-16,up,4,3.2966719707618886,2.1267945851413117
HINDPETRO,2023-11-17,down,1,-0.5279594905482576,-5.140761153530171
HINDPETRO,2023-11-28,up,1,11.929151206288747,1.6726951196567086
HINDPETRO,2023-11-29,up,2,8.587497296128067,-1.3627514600908386
HINDPETRO,2023-12-01,up,4,4.690222795527577,0.6364212071819031
HINDPETRO,2023-12-04,up,5,7.264996973932369,6.385429840115919
HINDPETRO,2023-12-05,up,6,0.1318376421572287,1.4823132705632291
HINDPETRO,2023-12-07,down,1,6.148689156438847,-2.4036903604582216
HINDPETRO,2023-12-28,up,5,15.172071837014034,1.3392538772090568
HINDPETRO,2024-01-09,up,1,1.2062972807197037,-1.1790363252231928
HINDPETRO,2024-01-11,up,3,10.211372971851818,0.7424607257471738
HINDPETRO,2024-01-12,up,4,8.708888421774152,0.6254909958897104
HINDPETRO,2024-01-16,down,1,7.234989231854683,-1.067854325373363
HINDPETRO,2024-01-18,down,3,5.881129255661244,-0.6707836099427156
HINDPETRO,2024-01-19,up,1,5.285260029878014,2.690013795041657
HINDPETRO,2024-01-23,down,1,3.813445346260047,-5.4986550880558145
HINDPETRO,2024-01-30,down,1,1.9744027962340427,-1.0398752784329113
HINDPETRO,2024-02-02,up,1,9.856657734987673,1.9013786948459677
HINDPETRO,2024-02-05,down,1,7.946691264087735,2.3238464467796316
HINDPETRO,2024-02-06,up,1,4.493484625782762,0.7814940051351638
HINDPETRO,2024-02-14,up,2,-6.714116799788505,0.9370924546481696
HINDPETRO,2024-02-15,up,3,-7.837859880923248,4.758541583301912
HINDPETRO,2024-02-16,up,4,-12.143612569336227,-2.677403381505572
HINDPETRO,2024-05-03,down,1,3.2842240217587193,-0.24725171416343228
HINDPETRO,2024-05-23,up,5,8.116131528325887,-0.12624017496714046
HINDPETRO,2024-05-24,down,1,6.3892940583409,-0.7623918620875969
HINDPETRO,2024-05-27,down,2,5.297082062192238,0.7048024210171366
HINDPETRO,2024-06-03,up,2,-11.440141342096844,3.075050280512359
HINDPETRO,2024-07-25,down,5,7.885231377359769,3.428063489806954
HINDPETRO,2024-07-26,up,1,4.478933644004046,1.904910642035551
HINDPETRO,2024-07-29,up,2,3.959779495146143,-1.6380563856647212
HINDPETRO,2024-07-30,up,3,4.154289630122587,2.1862177244376335
HINDPETRO,2024-07-31,up,4,0.6789326547102847,-2.800865069294145
HINDPETRO,2024-08-21,up,5,2.218654416594923,1.5181042549870627
HINDPETRO,2024-08-22,up,6,0.48108617442224055,-1.8023032135478179
HINDPETRO,2024-08-29,up,11,6.809498307388839,1.1222676199031056
HINDPETRO,2024-08-30,up,12,6.080378014958887,1.2899573986355772
HINDPETRO,2024-09-02,up,13,4.147108339201266,0.3448380913809945
HINDPETRO,2024-09-04,down,1,-5.177311184605637,1.388034210901834
HINDPETRO,2024-09-05,down,2,-6.199563742217984,-0.2307538106851692
HINDPETRO,2024-12-13,up,1,-6.51813103395309,-0.2812041491853656
HINDPETRO,2024-12-26,up,1,-13.736805233973326,-0.1650473416962006
HINDPETRO,2025-04-03,down,1,4.611353475503033,-0.23003263253623674
HINDPETRO,2025-04-04,down,2,0.6721733458171286,-6.9573289272215515
HINDPETRO,2025-04-09,down,1,7.929322418763718,1.2536875735297937
HINDPETRO,2025-04-11,up,1,6.464159859782037,0.4116605619696845
HINDPETRO,2025-04-16,up,3,5.391119907392361,0.261062331806694
HINDPETRO,2025-04-21,up,5,4.21951547888848,0.6722091680666287
HINDPETRO,2025-04-22,up,6,2.208258482902692,-0.6222022718487596
HINDPETRO,2025-05-05,up,2,2.4301227823676497,1.2936558671570841
HINDPETRO,2025-05-26,up,2,-4.4606944383085985,0.2757946048824067
HINDPETRO,2025-05-28,down,2,-6.098921922383605,-0.163812902061522
HINDPETRO,2025-07-07,up,2,-6.0532654766314975,-0.4641124923807416
HINDPETRO,2025-09-24,down,4,3.3632542753604167,-0.7899947645663485
HINDPETRO,2025-09-29,down,7,5.135573616022993,2.0535345991547382
HINDPETRO,2025-10-01,up,1,-2.0611388691681887,-1.9382852334525191
HINDPETRO,2025-10-06,up,3,0.00011058964444199404,1.0285301631633548
HINDPETRO,2025-10-07,up,4,1.6045791592997238,-2.0469890537576085
HINDPETRO,2025-10-29,up,1,3.5996474916234478,1.8870787673831435
HINDPETRO,2025-10-30,down,1,-0.28620963710616065,-0.6982462294106262
HINDPETRO,2025-10-31,down,2,-3.770620664752067,0.06359436648593064
HINDPETRO,2025-11-03,up,1,-6.4273767990815855,-0.5694531061081087
HINDPETRO,2025-11-04,down,1,-4.8152740934917615,-1.191619648793596
HINDPETRO,2025-11-12,up,3,-8.738760854857563,-1.388457377567831
HINDPETRO,2025-12-31,up,1,-6.406601996355954,3.4349831704711065
HINDPETRO,2026-01-05,down,1,-14.982492098311418,-2.508763366252509
HINDUNILVR,2022-05-23,down,1,-6.900764391680858,0.8585691643994808
HINDUNILVR,2022-06-01,down,2,-8.21228457143719,-4.372609315232867
HINDUNILVR,2022-07-05,down,1,7.460006751213877,0.4103625473674599
HINDUNILVR,2022-07-06,up,1,5.958598384528435,3.3390262617261968
HINDUNILVR,2022-07-07,up,2,1.8580883011453109,-1.7923076504450797
HINDUNILVR,2022-07-15,up,1,3.9999489845812475,1.4681629387633288
HINDUNILVR,2022-07-18,up,2,2.4579189685472347,-1.4233758392682039
HINDUNILVR,2022-07-22,up,6,0.054883504769631664,0.09271859023183282
HINDUNILVR,2022-08-17,up,7,-4.198142944042749,-0.1889700085691115
HINDUNILVR,2022-12-07,down,2,-4.7165913333167335,-0.60630690771033
HINDUNILVR,2022-12-09,down,1,-6.305299634264405,-1.141402968987626
HINDUNILVR,2023-06-01,down,2,-1.4498367247252397,0.6163213781837262
HINDUNILVR,2024-05-27,down,2,4.067395457766332,-0.3641107723319048
HINDUNILVR,2024-06-04,down,1,1.0142354915439578,4.646962317021175
HINDUNILVR,2024-06-05,up,1,-2.396352555367065,3.068250683875684
HINDUNILVR,2024-07-01,up,1,6.55969894609143,-0.31518245946822177
HINDUNILVR,2024-07-12,up,1,1.8687958218001954,-0.4217298882586151
HINDUNILVR,2024-07-16,up,3,3.443760505226301,1.7831848524002547
HINDUNILVR,2024-07-18,up,4,-0.1980938912090724,0.013693002875547755
HINDUNILVR,2024-07-23,down,3,-0.8519502300237458,-0.6132448844996974
HINDUNILVR,2024-09-09,up,1,3.360819734908671,1.847338512961083
HINDUNILVR,2024-09-20,up,2,-6.350001038587749,0.059871332521854725
HINDUNILVR,2024-09-23,up,3,-7.417605790529236,0.522689755680017
HINDUNILVR,2025-04-23,up,7,-2.5983982344356615,0.23862602317279435
HINDUNILVR,2025-07-31,down,1,5.191952334166405,0.4717482756301017
HINDUNILVR,2025-08-01,down,2,4.218025167537176,-0.5755842209119177
HINDUNILVR,2025-08-19,up,4,1.2841069967835184,-0.42088364492515185
HINDUNILVR,2025-08-20,up,5,-0.23115778659283936,1.4849308964260954
HINDUNILVR,2025-08-26,down,1,-4.592709914165171,2.0271775451102814
HINDUNILVR,2025-08-28,down,2,-4.845456678598681,-1.9762537100771471
HINDZINC,2024-04-30,down,1,9.035244779254237,-0.5439033752058564
HINDZINC,2024-05-03,down,1,18.15288364303762,6.573676207040591
HINDZINC,2024-05-08,down,4,9.298825002168565,-1.6622585598266015
HINDZINC,2024-05-10,up,1,51.46035485671619,8.083810924841917
HINDZINC,2024-05-13,up,2,36.35491478090782,6.42783173131487
HINDZINC,2024-05-16,up,1,25.872342688090065,-0.7097617713480275
HINDZINC,2024-05-17,up,2,13.1270682941933,7.569115373894553
HINDZINC,2024-05-21,up,3,11.950346034526849,23.433877340144726
HINDZINC,2024-05-22,up,4,-7.903995006570408,1.5297403396508535
HINDZINC,2025-06-03,down,3,4.097518893909258,-0.0528309440682162
HINDZINC,2025-06-05,up,2,10.115528335246848,5.2075232096222335
HINDZINC,2025-06-06,up,3,-9.346629469760103,2.3053745357718647
HINDZINC,2025-06-09,up,4,-11.813024678450157,3.2223899745149387
HINDZINC,2025-06-10,up,5,-15.879585406258101,0.5018040010835279
HINDZINC,2025-09-30,down,8,8.701535332038524,2.940196101578163
HINDZINC,2025-10-01,up,1,5.3319898669700105,-0.6825747081571132
HINDZINC,2025-10-03,up,2,4.329445353155581,1.2234931000845606
HINDZINC,2025-10-06,up,3,2.638237267976762,-1.519387765328295
HINDZINC,2025-10-09,up,1,-5.117201990902931,2.091105346277744
HINDZINC,2025-10-14,down,2,-9.73288659478696,-1.6567647200888658
HINDZINC,2025-12-10,down,3,9.665568876016328,0.8497531599933383
HINDZINC,2025-12-11,up,1,16.818160198361465,2.661301542830441
HINDZINC,2025-12-12,up,2,13.436576515916654,5.132229002719013
HINDZINC,2025-12-15,down,1,6.349911724823287,-1.1024728560588115
HINDZINC,2025-12-17,down,3,5.329011991819743,1.0568089852415419
HINDZINC,2025-12-18,down,4,2.6680162635919435,0.0441840260228199
HINDZINC,2025-12-22,up,2,4.608613574316678,2.1225202425522394
HINDZINC,2025-12-23,up,3,6.616214690494671,0.8796020513233804
HINDZINC,2025-12-24,down,1,5.758779167853878,4.271493871018595
HINDZINC,2025-12-26,down,2,3.0139674993268306,3.139938020523747
HINDZINC,2025-12-29,down,3,0.6875925410890327,-5.345661483764463
HINDZINC,2026-01-14,down,2,4.08961722314285,0.030009339706582594
HINDZINC,2026-01-20,down,2,7.8444129270344165,1.1412106457694637
HINDZINC,2026-01-21,down,3,3.8286807791275024,-0.9115741871026151
HINDZINC,2026-01-23,down,1,-10.78842591606871,4.044683856040776
HINDZINC,2026-01-27,up,1,-18.562122404044914,-0.21722374045265447
HINDZINC,2026-04-22,down,1,3.636389292581632,-0.15921095221037573
HINDZINC,2026-04-27,up,1,3.872797568264952,2.956180561010524
HINDZINC,2026-05-06,up,1,4.813055902309538,1.3250558897738962
HINDZINC,2026-05-07,down,1,3.95944717850647,-1.0819044947540934
HINDZINC,2026-05-12,down,4,-5.906853141379087,1.7139925777015508
HINDZINC,2026-05-13,up,1,-8.02208238014861,2.663110014413217
HOMEFIRST,2024-10-09,down,1,-12.045348171908222,
HONASA,2024-08-26,up,8,6.113135111842372,
HONASA,2024-09-10,up,2,-15.96541653680552,
HONASA,2026-05-22,up,1,14.576554614016146,
HONASA,2026-05-27,down,2,3.022622842058964,
HONASA,2026-05-29,down,3,-1.839121884846917,
HONASA,2026-06-11,down,2,4.549040774031532,
HONASA,2026-06-30,down,2,-0.03213196744215052,
HONASA,2026-07-01,up,1,-2.2211983120943524,
HONASA,2026-07-06,up,4,-4.827821563544488,
HONAUT,2024-06-12,up,2,5.312640407835656,
HSCL,2022-02-03,down,1,-20.808803044932876,
HSCL,2022-02-07,down,3,-19.397840066453043,
HSCL,2022-04-05,down,1,-15.589917671159325,
HSCL,2022-08-05,up,1,9.897438477023934,
HSCL,2022-09-05,up,1,3.299922559417623,
HSCL,2023-08-28,up,1,29.604296193198532,
HSCL,2023-09-06,up,4,-13.188445877111132,
HSCL,2023-09-28,down,1,0.054406725929911914,
HSCL,2023-10-03,down,1,-0.36107177978251803,
HSCL,2024-08-26,up,8,5.669759802109731,
HSCL,2024-09-02,up,13,3.7513411663838925,
HSCL,2024-09-10,up,2,6.177742187080559,
HSCL,2024-09-11,down,1,4.1178565361848385,
HSCL,2024-09-16,up,1,3.0715050503747676,
HSCL,2024-09-17,up,2,-0.5721786594576006,
HSCL,2024-09-18,down,1,-3.871509439520837,
HSCL,2025-07-15,up,1,-10.117862750197649,
HSCL,2026-04-21,up,3,7.135010131477415,
HSCL,2026-04-22,down,1,16.585242311799185,
HSCL,2026-04-23,down,2,13.96610012023416,
HSCL,2026-04-24,down,3,11.223880955852096,
HSCL,2026-04-29,up,1,-9.296492742897078,
HSCL,2026-04-30,down,1,-9.818205603044749,
HSCL,2026-05-04,up,1,-5.40088021431303,
HSCL,2026-05-06,up,1,-5.978969875775785,
HSCL,2026-06-05,down,1,4.046331808450021,
HSCL,2026-06-10,down,1,-5.536782503804383,
HSCL,2026-06-17,up,4,-8.570796933929048,
HSCL,2026-06-18,up,5,-7.766429298136501,
HSCL,2026-07-21,down,2,-4.461928339955145,
HSCL,2026-08-14,down,4,-16.982938335258236,
HUDCO,2022-11-30,up,7,-1.4469636273595432,
HUDCO,2022-12-13,up,2,-9.961064113198182,
HUDCO,2022-12-14,up,3,-8.199221383766542,
HUDCO,2022-12-15,down,1,-9.24403079467112,
HUDCO,2023-08-18,down,2,6.0158770887560165,
HUDCO,2023-08-23,up,3,2.311023419263858,
HUDCO,2023-08-24,down,1,0.5540370591021526,
HUDCO,2023-08-30,up,3,-6.029044014268736,
HUDCO,2023-09-04,up,2,10.586969870180884,
HUDCO,2023-09-05,up,3,9.172814190055046,
HUDCO,2023-09-27,up,1,4.2731600567884165,
HUDCO,2023-09-29,up,1,-20.669132239750667,
HUDCO,2023-10-04,down,2,-21.182996919000672,
HUDCO,2023-12-04,up,5,4.72155330937698,
HUDCO,2023-12-05,up,6,3.191909052219577,
HUDCO,2023-12-07,down,1,5.9543014381819415,
HUDCO,2023-12-12,down,1,17.368661643333038,
HUDCO,2023-12-13,up,1,28.261007215898015,
HUDCO,2023-12-14,up,2,26.54066780799269,
HUDCO,2023-12-28,up,5,10.613798846787237,
HUDCO,2024-01-15,up,5,18.407586946242827,
HUDCO,2024-01-16,down,1,15.898393881697404,
HUDCO,2024-01-17,down,2,14.064693002518025,
HUDCO,2024-01-19,up,1,45.92280963234965,
HUDCO,2024-01-23,down,1,25.690561851164073,
HUDCO,2024-01-29,up,1,20.728119918519326,
HUDCO,2024-01-31,up,1,12.158634799250144,
HUDCO,2024-02-01,down,1,10.526910900045227,
HUDCO,2024-02-02,up,1,-4.082102465574556,
HUDCO,2024-02-26,down,2,-15.173894102704178,
HUDCO,2024-04-04,up,1,9.963753349882731,
HUDCO,2024-04-26,down,1,25.335530099387384,
HUDCO,2024-04-29,up,1,-0.7098523572863336,
HUDCO,2024-05-16,up,1,13.548905108806153,
HUDCO,2024-05-21,up,3,16.600672597630496,
HUDCO,2024-05-22,up,4,4.278749821082362,
HUDCO,2024-05-23,up,5,3.692068190270281,
HUDCO,2024-06-03,up,2,-1.482153844093037,
HUDCO,2024-06-21,down,1,3.6384200296366798,
HUDCO,2024-06-27,up,4,2.4544836625165045,
HUDCO,2024-07-03,up,1,6.841175759101281,
HUDCO,2024-07-04,up,2,2.857423409269444,
HUDCO,2024-07-05,up,3,-3.7454527508620883,
HUDCO,2024-07-08,down,1,-7.576573912173846,
HUDCO,2024-07-12,up,1,-17.441678149664984,
HUDCO,2024-12-09,down,2,-6.545697902490311,
HUDCO,2024-12-10,down,3,-5.86906828352729,
HUDCO,2024-12-16,down,1,-6.8874387598749305,
HUDCO,2024-12-17,down,2,-8.50221945942683,
HUDCO,2025-04-09,down,1,2.7312469611551204,
HUDCO,2025-04-11,up,1,-0.23203243944700525,
HUDCO,2025-04-15,up,2,-2.0926558220831004,
HUDCO,2025-04-16,up,3,-4.118631416390961,
HUDCO,2025-04-17,up,4,-5.5378984825469875,
HUDCO,2025-04-21,up,5,-5.3936816786531505,
HUDCO,2025-04-22,up,6,-8.035772431090871,
HUDCO,2025-05-30,down,1,-7.201553338007194,
HUDCO,2025-06-02,down,2,-6.220321559395892,
HUDCO,2025-06-03,down,3,-6.616436652784852,
HUDCO,2026-04-24,down,3,9.973636969744714,
HUDCO,2026-04-27,up,1,5.78924243316381,
HUDCO,2026-04-28,down,1,4.681225901894925,
HUDCO,2026-04-29,up,1,3.8570014164232225,
HUDCO,2026-04-30,down,1,2.984844885095006,
HUDCO,2026-05-04,up,1,1.1753526877382514,
HUDCO,2026-05-07,down,1,-10.39933319824068,
HUDCO,2026-05-08,down,2,-12.775081861925475,
HYUNDAI,2025-05-14,up,1,2.0117970662442586,0.3221926107386919
HYUNDAI,2025-05-15,up,2,0.9715014186394644,1.2300963754114491
HYUNDAI,2025-05-16,down,1,0.6982475110006048,0.909265526635461
HYUNDAI,2025-05-19,down,2,3.6546165210168624,0.08654698758077117
HYUNDAI,2025-06-09,up,4,4.377456569277816,1.4535167300751217
HYUNDAI,2025-06-20,up,1,3.843932864154631,-0.6378851790644124
HYUNDAI,2025-06-24,up,1,6.4741228750889945,1.047411891824579
HYUNDAI,2025-06-25,up,2,4.639952715131179,1.7465455830253829
HYUNDAI,2025-06-27,up,4,-1.7394999576743508,-0.45580850334420164
HYUNDAI,2025-06-30,down,1,-4.167647144497599,-0.27290185640644893
HYUNDAI,2025-08-18,up,3,11.000067890859588,6.226572088620785
HYUNDAI,2025-08-19,up,4,0.9881436149947742,4.197640883590448
HYUNDAI,2025-09-08,up,4,0.7448211163649132,-1.0199875767022415
HYUNDAI,2025-09-18,up,3,-5.091087750275869,1.7805671770377618
HYUNDAI,2025-09-19,down,1,-13.264602110817659,2.56600388683097
HYUNDAI,2025-09-22,down,2,-15.778192653376378,-1.1784383923512665
HYUNDAI,2026-06-15,up,2,-1.359159174858282,1.6042995623777312
HYUNDAI,2026-07-31,up,3,7.811367808027181,7.485817562763608
HYUNDAI,2026-08-03,up,4,-0.5425769702213534,-0.497512437810943
HYUNDAI,2026-08-13,down,3,-4.894802028056466,-1.6686498663687876
ICICIAMC,2026-01-30,down,1,2.296059048115673,
ICICIAMC,2026-02-03,up,1,3.433694740110882,
ICICIAMC,2026-02-12,down,1,-0.4975124378109319,
ICICIAMC,2026-02-24,down,1,-4.625295766495596,
ICICIAMC,2026-02-25,up,1,-11.539402608646544,
ICICIAMC,2026-04-21,up,3,-5.022990006237027,
ICICIAMC,2026-04-22,down,1,-8.851905652535418,
ICICIBANK,2022-01-18,down,1,-3.6306026691676707,-2.0460520457323272
ICICIBANK,2022-04-11,down,1,-4.305340605910379,-0.6025543706454806
ICICIBANK,2022-04-19,down,5,-8.012841946235817,-1.2380979177448292
ICICIBANK,2022-07-19,up,3,2.9644460269274475,1.6066888051687434
ICICIBANK,2022-07-20,up,4,1.799186648976181,-0.1285103365445739
ICICIBANK,2022-07-22,up,6,2.659394835115836,1.1975159872827046
ICICIBANK,2022-07-25,down,1,0.8268708512324086,-0.7822003006826228
ICICIBANK,2022-07-29,up,3,3.268204425294896,-0.14466376148721816
ICICIBANK,2022-08-05,up,1,1.7564131288201112,0.2997499137360471
ICICIBANK,2022-08-10,up,3,4.818422508396236,1.5993285687485592
ICICIBANK,2022-08-11,up,4,3.5035826486522703,0.7798069683273345
ICICIBANK,2022-08-12,up,5,1.8910051924990068,1.2192370182591228
ICICIBANK,2022-08-16,up,6,0.6424120824170876,0.01857203500523763
ICICIBANK,2022-09-08,up,1,-5.730955169249164,1.6695947055698213
ICICIBANK,2022-09-09,up,2,-4.783364297380743,-0.028056867351389236
ICICIBANK,2023-04-13,up,9,4.622629499817332,2.3246980113969196
ICICIBANK,2023-04-17,down,1,3.116646470219231,0.19772899737806604
ICICIBANK,2023-05-02,up,6,3.064449794057289,-0.5948068773549031
ICICIBANK,2023-07-18,up,4,1.730001467936737,0.13600229339556513
ICICIBANK,2023-07-20,up,6,-2.899595481412154,0.24274855240693505
ICICIBANK,2023-07-24,down,2,-4.660632520986663,-0.7409417714629329
ICICIBANK,2023-12-14,up,2,-3.1580576834698726,1.7098663795676483
ICICIBANK,2024-03-01,up,2,0.7764868342283959,0.5254103315199821
ICICIBANK,2024-03-06,up,1,-0.4839355370430676,-0.9092824941346
ICICIBANK,2024-07-05,up,3,-2.294200965063342,-0.988980247421789
ICICIBANK,2024-07-09,up,1,-2.7156148851838924,0.31526134124850724
ICICIBANK,2024-09-03,up,14,0.5423233856908682,-0.4453182409711043
ICICIBANK,2024-09-16,up,1,1.9841109160591452,-0.2639981340809783
ICICIBANK,2024-09-17,up,2,5.23001121063853,-0.7805454125848987
ICICIBANK,2024-09-18,down,1,4.67997612033173,0.7616643124278344
ICICIBANK,2024-09-20,up,2,-5.72139303482585,1.875239188672051
ICICIBANK,2025-04-17,up,4,6.000851959736497,5.086105222079129
ICICIBANK,2025-04-21,up,5,2.299205576188279,-0.22207619391286793
ICICIBANK,2025-05-02,up,1,0.20812649715353793,-0.3799087636167875
ICICIBANK,2026-06-24,up,1,3.703238962504485,0.43276053131307
ICICIBANK,2026-06-25,up,2,1.1204159812898018,0.39812729570916083
ICICIBANK,2026-07-03,up,3,2.28572786091783,-0.0017705068961149095
ICICIBANK,2026-07-06,up,4,1.2052448201334887,0.31532307378163704
ICICIBANK,2026-07-17,up,1,-1.3307502959730155,0.30100717626107
ICICIBANK,2026-07-20,down,1,-2.0908054838681966,0.5213794038575692
ICICIGI,2023-06-07,up,4,2.3987373992013783,0.15622297216655312
ICICIGI,2023-06-20,up,1,3.869647877386151,1.332240519529071
ICICIGI,2023-06-21,up,2,2.068907608639159,0.08262476280795905
ICICIGI,2023-07-21,down,1,-3.0683511121026408,-0.8369941284288029
ICICIGI,2024-02-06,up,1,12.740105248038036,4.458026430450279
ICICIGI,2024-02-07,up,2,7.694570495642461,1.3236407111387072
ICICIGI,2024-02-08,down,1,5.596412621257074,-0.8950087065459411
ICICIGI,2024-02-12,down,1,4.498190913794375,-2.2676424996198152
ICICIGI,2024-02-27,up,1,-2.0852531336083446,3.02417128514596
ICICIGI,2024-06-26,up,3,6.390847059290383,-0.32210024911945023
ICICIGI,2024-06-27,up,4,3.7802395223880625,-1.0960098602138757
ICICIGI,2024-07-01,up,1,3.141951520563535,0.10312007612847118
ICICIGI,2024-07-02,down,1,3.663353956570825,-0.11752476026847258
ICICIGI,2024-07-03,up,1,5.559863022549605,0.09476427386876374
ICICIGI,2024-07-05,up,3,4.659383180702248,-0.4361195044681576
ICICIGI,2024-07-16,up,3,3.422029432496787,-1.056691722193781
ICICIGI,2024-07-18,up,4,2.4928397315916895,-0.6674189561111987
ICICIGI,2024-07-25,down,5,5.276213797086005,1.2082444918265933
ICICIGI,2024-07-26,up,1,1.9862544189042097,-0.29496284480902135
ICICIGI,2024-07-29,up,2,3.7236985160084446,-1.3342179787395159
ICICIGI,2024-07-31,up,4,1.1261035725501856,0.5278013333563036
ICICIGI,2024-08-01,up,5,0.3251047323715728,-2.270824097335089
ICICIGI,2024-08-16,up,2,10.804909532684936,0.11243394900803949
ICICIGI,2024-08-20,up,4,4.8950417500910115,0.47324353840554334
ICICIGI,2024-08-23,up,7,0.37093347228467355,0.31145087570279006
ICICIGI,2024-08-27,up,9,-2.031415960608962,1.197729023346561
ICICIGI,2024-08-28,up,10,-3.4964113532453323,-1.418831767090456
ICICIGI,2024-08-30,up,12,-3.983161212689257,-1.8243933983096094
ICICIGI,2024-09-02,up,13,-4.513169273023343,0.0403410719250763
ICICIGI,2024-09-04,down,1,1.8098131591988809,1.2262472107555045
ICICIGI,2024-09-05,down,2,-0.7393434946346256,-0.6733895700463455
ICICIGI,2024-09-23,up,3,-7.948874408075824,-0.6485070631347511
ICICIGI,2025-06-06,up,3,5.2472287532415285,5.132440806667371
ICICIGI,2025-06-09,up,4,0.8269433814755756,0.021398909529013466
ICICIGI,2025-06-25,up,2,-1.6256120475751756,0.8552090183192584
ICICIGI,2025-06-30,down,1,-4.400438492833347,-0.09106362189319483
ICICIGI,2025-07-01,up,1,-4.9119774579998055,-0.4005975724224453
ICICIGI,2025-11-04,down,1,-1.8643718721435332,-0.9026910108875019
ICICIPRULI,2023-06-16,up,1,13.244034969158314,1.824468417646563
ICICIPRULI,2023-06-19,down,1,9.444456536668078,1.5350252239340945
ICICIPRULI,2023-06-20,up,1,7.059638516279376,1.8056170850933029
ICICIPRULI,2023-06-21,up,2,4.526796517617848,-0.24279184772175721
ICICIPRULI,2023-06-22,down,1,3.512507799496589,-2.2372184512478577
ICICIPRULI,2023-06-27,up,2,2.4644883182584065,0.2946562993749957
ICICIPRULI,2023-07-10,up,1,-1.1457350437070635,2.3512665638925956
ICICIPRULI,2023-07-11,up,2,-4.534088786944846,-1.15366609474018
ICICIPRULI,2023-07-13,up,1,-6.277196888007364,-1.2446000678076108
ICICIPRULI,2024-03-06,up,1,9.725217144058673,2.583553935171401
ICICIPRULI,2024-03-07,up,2,6.958527022806993,2.102237806730889
ICICIPRULI,2024-03-11,down,1,3.808687654166154,0.5142335035693613
ICICIPRULI,2024-03-28,up,2,-3.4204318672965695,0.16753228845141077
ICICIPRULI,2024-04-01,up,3,-6.712362549781615,0.21553866077796968
ICICIPRULI,2024-04-08,up,1,-8.939431762936312,-0.5922728557115176
ICICIPRULI,2024-07-02,down,1,10.53620392148309,-0.5373166163926801
ICICIPRULI,2024-07-03,up,1,9.389710198020197,0.7472572866565885
ICICIPRULI,2024-07-04,up,2,8.292207785228122,-1.1058556199717184
ICICIPRULI,2024-07-09,up,1,7.125074987063718,-0.15804326582580241
ICICIPRULI,2024-07-10,down,1,5.885345501162353,0.8293832563586401
ICICIPRULI,2024-07-24,down,4,7.06450104816847,1.9099230724251681
ICICIPRULI,2024-07-25,down,5,2.7193762788878306,0.25856207036056844
ICICIPRULI,2024-07-26,up,1,1.7926652549502764,2.478309533285006
ICICIPRULI,2024-07-31,up,4,-0.5449978711594472,-0.17865446079357028
ICICIPRULI,2024-08-21,up,5,-0.15178196103430297,-0.9562653474989524
ICICIPRULI,2024-09-03,up,14,3.7041390928059137,-0.30086720547459755
ICICIPRULI,2024-09-04,down,1,2.816854322419493,0.4578097999706099
IDBI,2021-10-12,up,4,0.3873926346716017,
IDBI,2021-10-13,up,5,-12.571393329761705,
IDBI,2021-10-14,up,6,-16.091774561180404,
IDBI,2021-10-18,up,7,-16.175749512264193,
IDBI,2022-12-06,down,1,-3.8977732977646284,
IDBI,2022-12-07,down,2,-11.79329210132325,
IDBI,2022-12-15,down,1,-9.954360429258656,
IDBI,2023-01-06,down,3,-6.1908766793744245,
IDBI,2023-01-09,up,1,-12.997824785875189,
IDBI,2023-09-18,down,1,-6.191121355517703,
IDBI,2024-01-24,up,1,10.855523339048268,
IDBI,2024-01-29,up,1,6.650654772116438,
IDBI,2024-02-01,down,1,5.438715513342385,
IDBI,2024-02-02,up,1,1.2247476959605041,
IDBI,2024-02-05,down,1,-1.3751479090550633,
IDBI,2024-05-03,down,1,-3.7713219477279902,
IDBI,2024-07-24,down,4,-1.9234707269598972,
IDBI,2024-07-25,down,5,-5.603824323513729,
IDBI,2024-07-26,up,1,-7.541426921429261,
IDBI,2024-07-29,up,2,-9.673025091952924,
IDBI,2025-05-30,down,1,-4.780728043339,
IDBI,2025-06-02,down,2,-8.189546179269735,
IDBI,2025-06-03,down,3,-10.468268282333149,
IDBI,2025-06-05,up,2,-7.305827830732259,
IDBI,2025-10-31,down,2,-5.48458011834827,
IDBI,2025-11-20,up,2,-9.96898522567884,
IDBI,2026-01-02,up,3,-6.346135242424444,
IDBI,2026-01-05,down,1,-14.283379302374632,
IDBI,2026-02-17,up,2,-13.086550165780386,
IDBI,2026-02-27,down,1,-21.20155314766795,
IDBI,2026-07-14,down,1,-2.5716760196363264,
IDBI,2026-07-15,up,1,-5.186462612480502,
IDEA,2021-10-05,up,2,-15.71070534226251,-3.7868554713539893
IDEA,2021-12-02,up,2,23.157793061336896,-3.8768407717272857
IDEA,2021-12-03,down,1,21.32645213411881,9.119829914888067
IDEA,2021-12-06,down,2,11.009576818783007,0.5178229542821544
IDEA,2021-12-09,up,3,-12.111369568214837,3.896911899452915
IDEA,2021-12-10,down,1,-8.541128607233073,-1.093337962291585
IDEA,2021-12-31,up,1,-21.913610213143485,1.149879698753109
IDEA,2022-09-07,down,2,-5.186109247246817,3.149169553334241
IDEA,2023-07-27,down,1,-16.43990275740149,-5.994887325385911
IDEA,2023-09-06,up,4,8.113285545507253,1.894374370167884
IDEA,2023-09-08,up,6,7.29760779430686,-2.3316666062106806
IDEA,2023-09-11,up,7,5.8344623180925925,3.1207563865244037
IDEA,2023-09-15,up,3,4.240702820548781,7.686673072533368
IDEA,2023-09-18,down,1,0.7514775461501033,-8.824080567547831
IDEA,2023-10-13,down,2,4.825670762340217,-0.906981460027867
IDEA,2023-11-10,up,1,-9.511676157031058,-2.9244049589375543
IDEA,2023-11-16,up,4,-11.170791104645051,-0.4975124378109319
IDEA,2023-11-20,down,2,-11.59069887683356,-3.8590829202383548
IDEA,2023-12-29,down,1,3.619834492844265,11.16830168426457
IDEA,2024-01-01,up,1,-7.53922460638512,4.707235401268917
IDEA,2024-06-03,up,2,8.945721981773168,-0.4975124378109319
IDEA,2024-06-12,up,2,9.331397141822517,1.5046713468145345
IDEA,2024-06-14,up,4,7.110806208780707,0.9884865006995369
IDEA,2024-06-18,up,5,6.411562660325298,0.3882641105122042
IDEA,2024-06-19,down,1,5.286834945657004,-0.8480870507811544
IDEA,2024-06-25,up,2,-5.246624570289815,-1.3557836109557853
IDEA,2024-06-26,up,3,-5.842220520583464,3.766879886282881
IDEA,2024-06-27,up,4,-14.504357069302465,2.8964602625008107
IDEA,2024-06-28,down,1,-15.449492138089093,-5.33961109045743
IDEA,2025-07-16,up,2,-13.047376009004541,0.39890856954880594
IDEA,2025-09-19,down,1,3.658312530612662,0.9273428076836954
IDEA,2025-09-23,down,3,-1.2872113045457212,-1.2872113045457212
IDEA,2025-10-07,up,4,5.6035338842227445,2.6084707414527397
IDEA,2025-10-08,down,1,2.1859417868017372,-2.5369433809932063
IDEA,2025-10-23,up,6,5.536156151479199,0.7727410194057649
IDEA,2025-10-24,down,1,-9.51493371333616,-0.2902207369957943
IDEA,2025-10-27,up,1,5.586061154444555,4.142507985752397
IDEA,2025-11-12,up,3,1.6216137960117782,-0.7864812741015248
IDEA,2025-11-13,up,4,1.6924992273907424,0.07379771679245639
IDEA,2025-11-14,up,5,-0.31290247963245976,1.9023642023854759
IDEA,2025-12-05,up,2,4.227468243054111,-0.31221491990786054
IDEA,2025-12-11,up,1,7.502239191199589,1.210303849276806
IDEA,2025-12-12,up,2,5.221017761892455,4.253268949842148
IDEA,2025-12-22,up,2,-10.671079924885262,-1.6554748514781892
IDEA,2025-12-23,up,3,-8.96056268756994,-1.2369958750022114
IDEA,2026-02-11,up,4,-12.86071612618651,-0.2417242598057867
IDEA,2026-05-05,down,1,10.176393533928362,0.40705908158957804
IDEA,2026-05-06,up,1,7.061869394514275,0.11779134702532001
IDEA,2026-05-11,down,3,11.59239114138806,4.7211530066243235
IDEA,2026-05-13,up,1,8.227968170624766,3.4249489406380063
IDEA,2026-05-14,up,2,3.8019809745130306,-0.19040628850123253
IDEA,2026-05-15,down,1,2.7710971510920723,-3.158009626351288
IDEA,2026-05-19,down,1,10.848611156246978,0.32358580172526796
IDEA,2026-05-21,down,1,8.012569100356327,-0.933929899320618
IDEA,2026-05-22,up,1,6.456193521091502,0.14767769112533635
IDEA,2026-05-25,up,2,5.619156714081552,0.21373036963696634
IDEA,2026-05-26,down,1,4.869550195448635,0.279296600644785
IDEA,2026-05-27,down,2,4.057182965001904,0.34335286364606254
IDEA,2026-05-29,down,3,3.4018182085487014,-1.1241911703076202
IDEA,2026-06-03,down,1,-1.3933046991103204,2.6722347508597144
IDEA,2026-06-04,up,1,-7.289264232554804,-0.5634533019509003
IDEA,2026-06-15,up,2,-9.632164544688171,-2.2591988109529115
IDEA,2026-08-25,up,1,-0.8451814252892764,6.1081717993400675
IDEA,2026-09-07,down,1,-7.683441380877043,0.861988299948413
IDEA,2026-09-09,down,3,-9.508579859991173,-0.37059914902455304
IDFCFIRSTB,2021-10-26,up,2,-6.913942778159465,2.47128020014884
IDFCFIRSTB,2021-10-27,down,1,-11.38646247453401,-1.717828829210366
IDFCFIRSTB,2022-08-02,up,5,7.183379563144632,1.4808960440396701
IDFCFIRSTB,2022-08-04,down,1,4.97340930464425,-1.8652493952779015
IDFCFIRSTB,2022-08-08,up,2,3.6671809328653993,0.6280812934636115
IDFCFIRSTB,2022-08-11,up,4,1.5984397195420996,-0.27688102237865
IDFCFIRSTB,2022-08-17,up,7,0.15496123113514226,-0.2800239803798621
IDFCFIRSTB,2022-08-23,up,1,9.528193393674345,-1.6833557749126538
IDFCFIRSTB,2022-08-24,up,2,8.820801059658745,4.750736570534397
IDFCFIRSTB,2022-08-25,down,1,3.474441149115637,0.9283180511051592
IDFCFIRSTB,2022-09-05,up,1,0.8844604893183394,0.5883266611567572
IDFCFIRSTB,2022-09-08,up,1,2.514768372908427,-0.10882936886035255
IDFCFIRSTB,2022-09-15,down,2,2.2904814342576296,1.5213771472311066
IDFCFIRSTB,2022-10-12,up,1,3.1109185616151613,-0.22688424237553573
IDFCFIRSTB,2022-10-18,up,3,2.256572915885835,0.39090262970860046
IDFCFIRSTB,2022-10-19,up,4,1.1755395816307246,-0.057235944172928654
IDFCFIRSTB,2022-10-21,up,6,-1.4468042048220942,0.7969691527600853
IDFCFIRSTB,2022-10-25,down,1,-2.038855181610455,-2.3813779690366133
IDFCFIRSTB,2022-11-28,up,5,1.5194311339828959,-0.8336707683910483
IDFCFIRSTB,2022-12-05,up,1,4.502612501414771,0.6691846529392587
IDFCFIRSTB,2022-12-14,up,3,-13.82954615926174,2.429030037103974
IDFCFIRSTB,2022-12-15,down,1,-16.55645922256882,-2.229363114080418
IDFCFIRSTB,2023-04-28,up,5,10.973955122956358,5.570728843561468
IDFCFIRSTB,2023-05-02,up,6,7.1256620125180525,2.3912682347304592
IDFCFIRSTB,2023-05-09,up,2,1.789901069365829,-1.4887272844648747
IDFCFIRSTB,2023-05-15,up,2,2.7512423844314515,1.3157516977652106
IDFCFIRSTB,2023-05-16,down,1,0.6121807320276007,-0.27557154616669743
IDFCFIRSTB,2023-05-26,up,2,4.535978074458669,2.858147903702135
IDFCFIRSTB,2023-05-29,up,3,4.761900423940579,-0.21322395416888407
IDFCFIRSTB,2023-05-30,up,4,3.578145672039912,0.7673410598014518
IDFCFIRSTB,2023-06-01,down,2,1.851847634386683,1.0917655139288662
IDFCFIRSTB,2023-06-05,up,2,1.4003572014246624,0.24807218801048414
IDFCFIRSTB,2023-06-13,up,2,7.677100657146729,0.8425884047774668
IDFCFIRSTB,2023-06-14,up,3,6.799336650082943,2.023219271481147
IDFCFIRSTB,2023-06-15,down,1,3.1254590076984723,2.8666788586727554
IDFCFIRSTB,2023-06-16,up,1,-1.3069838709650505,2.1176949221560326
IDFCFIRSTB,2023-06-19,down,1,0.0462225435964525,-1.2224831945174874
IDFCFIRSTB,2023-07-11,up,2,5.683517332833632,0.9568534913005466
IDFCFIRSTB,2023-07-12,down,1,4.5375495393420895,0.10190013786490759
IDFCFIRSTB,2023-07-24,down,2,2.8035124988114113,-0.9101394305644828
IDFCFIRSTB,2023-07-31,up,1,6.263107895823761,1.2937670292292758
IDFCFIRSTB,2023-08-01,down,1,3.6155505263445686,-0.497512437810943
IDFCFIRSTB,2023-08-17,down,1,2.800600311076318,-1.4478153883627831
IDFCFIRSTB,2023-08-22,up,2,8.844662187111352,2.4875588150826022
IDFCFIRSTB,2023-08-23,up,3,5.902914560432659,0.04033884630900708
IDFCFIRSTB,2023-08-31,down,1,4.658330732221794,-2.4110169788950864
IDFCFIRSTB,2023-09-04,up,2,-0.75717445344895,2.7222949712492728
IDFCFIRSTB,2023-09-05,up,3,-1.954869036878426,0.25629428614504235
IDFCFIRSTB,2023-12-19,up,1,-8.311273163266097,-0.7707207964795959
IDFCFIRSTB,2024-04-26,down,1,-9.707469293385863,-2.770852221731457
IDFCFIRSTB,2025-05-12,up,1,-0.9445490786556321,-0.497512437810943
IDFCFIRSTB,2025-06-06,up,3,4.121473634920303,4.322923920094834
IDFCFIRSTB,2025-06-27,up,4,6.007888644734316,-0.6622099798689662
IDFCFIRSTB,2025-07-01,up,1,-1.731961937612858,4.7930105532453915
IDFCFIRSTB,2025-07-04,up,1,-9.624538823816842,-0.9321280978027313
IDFCFIRSTB,2025-10-20,up,4,5.2473699426451414,2.9680777905195965
IDFCFIRSTB,2025-10-23,up,6,5.188341751022985,1.5735808894917325
IDFCFIRSTB,2025-10-31,down,2,-3.1797161785632078,1.8245882911404943
IDFCFIRSTB,2025-12-19,up,1,-0.1204755307087857,0.15052395999071155
IDFCFIRSTB,2025-12-22,up,2,-2.885573211035808,0.3336249159761939
IDFCFIRSTB,2026-01-02,up,3,-3.390026611130381,-0.1851247910836351
IDFCFIRSTB,2026-04-29,up,1,-3.5888720370067295,-1.6126643551552244
IDFCFIRSTB,2026-06-09,up,1,4.159005306330443,0.6189627591091318
IDFCFIRSTB,2026-06-12,up,1,7.769878715691703,4.17710107182212
IDFCFIRSTB,2026-06-15,up,2,3.7453938188421576,1.045357214066911
IDFCFIRSTB,2026-06-22,up,1,-0.2710555032268691,1.2638182091229133
IDFCFIRSTB,2026-07-27,up,1,2.3299538465285208,2.017126031763228
IEX,2021-09-29,down,2,11.827811719239811,3.6484276089653322
IEX,2021-09-30,down,3,7.55479496666327,-0.4666019170141644
IEX,2021-10-08,up,2,26.118038558090227,7.417034819082224
IEX,2021-10-11,up,3,19.429826621212843,11.101458139726628
IEX,2021-10-12,up,4,5.3141657015941535,-1.7620042695444371
IEX,2021-10-13,up,5,3.934791424900319,-1.6409388189194907
IEX,2021-10-19,down,1,-5.260029853736114,2.539807740003064
IEX,2021-11-09,down,1,-7.436594704781108,-1.3648955475076163
IEX,2022-04-04,up,2,-7.680282240601654,2.248840722079626
IEX,2022-04-05,down,1,-11.619711279611177,1.1090248806522762
IEX,2022-04-06,down,2,-13.831446982340434,-0.5979185806587628
IEX,2022-04-07,down,3,-16.258708896921625,-4.378109452736312
IEX,2023-03-17,up,2,-17.22143870413213,-2.6324832186776725
IEX,2023-05-02,up,6,-0.6560568792272847,-1.7658679691417545
IEX,2023-05-05,down,1,-1.696333761283897,0.3227382913681742
IEX,2023-11-23,down,1,8.852411547340665,0.5375342646994463
IEX,2023-12-07,down,1,11.146400191699168,4.530543037431345
IEX,2023-12-27,up,4,-6.854793329461373,-1.6045013116543494
IEX,2023-12-28,up,5,-8.139553018606016,1.3740077044245957
IEX,2023-12-29,down,1,-14.37589132570155,3.3847696103296965
IEX,2024-01-01,up,1,-21.20073195747578,-2.6919973460917013
IEX,2024-04-24,up,4,-4.745358487608087,-1.5272962743515972
IEX,2024-04-25,up,5,-3.1210546006402717,2.5099562945671616
IEX,2024-04-29,up,1,-0.5285119894346324,-3.2253027054660377
IEX,2024-06-06,up,2,9.571081249256054,-0.5885448629231682
IEX,2024-06-11,up,1,12.476421675438143,0.8093840934088936
IEX,2024-06-12,up,2,9.661235715811145,1.7612715393968026
IEX,2024-06-13,up,3,7.902634433278766,2.0954720292661655
IEX,2024-06-18,up,5,3.203507618097934,1.7372686151196914
IEX,2024-07-01,up,1,-10.670759875834646,1.4139580755591519
IEX,2024-07-02,down,1,-8.651483280554462,-1.021209740769824
IEX,2024-08-07,up,1,2.3748755549761302,0.7349485688053381
IEX,2024-08-08,down,1,1.3754728270217953,-2.2409853112410283
IEX,2024-08-28,up,10,13.077546419942298,0.8857715767132568
IEX,2024-08-30,up,12,11.557549910027532,-0.6662862538111103
IEX,2024-09-05,down,2,14.09230977503826,-0.23059027905182328
IEX,2024-09-06,down,3,12.747502778268437,-2.0330275283162336
IEX,2024-09-09,up,1,12.084282173690397,0.25168562061017585
IEX,2024-09-10,up,2,11.329857390426268,-0.12078638807906383
IEX,2024-09-12,up,1,9.60841982241536,-0.7493609009868063
IEX,2024-09-13,down,1,8.460424863020544,-0.5382973992414608
IEX,2024-09-16,up,1,7.919847264406177,0.11113716518587058
IEX,2024-09-17,up,2,7.157553894285051,-0.6228580738341538
IEX,2024-09-18,down,1,5.258573848323667,0.36875953946489126
IEX,2024-09-19,up,1,3.9629390107803975,-1.6484617873851026
IEX,2024-09-20,up,2,-12.496223050485211,0.17652968509460631
IEX,2024-09-23,up,3,-18.272058665705103,2.5864784173264654
IEX,2025-04-25,down,2,1.9317711456047215,-2.003562014032967
IEX,2025-05-19,down,2,3.616245914008953,-1.9331174458475653
IEX,2025-06-09,up,4,-10.807820283135051,2.616498873108508
IFCI,2023-09-26,down,1,10.558321315878993,
IFCI,2023-09-27,up,1,3.689963827966003,
IFCI,2023-12-05,up,6,1.3994127449000304,
IFCI,2023-12-14,up,2,0.5143746928427451,
IFCI,2023-12-19,up,1,-4.522694023190265,
IFCI,2024-01-08,down,1,0.3140902440862625,
IFCI,2024-01-12,up,4,26.152126742757442,
IFCI,2024-01-15,up,5,24.572751406763558,
IFCI,2024-01-23,down,1,72.42147244987169,
IFCI,2024-01-30,down,1,17.671765938836504,
IFCI,2024-02-06,up,1,-18.348973189828744,
IFCI,2024-02-07,up,2,-33.20857409949207,
IFCI,2024-02-08,down,1,-33.47175193854079,
IFCI,2024-05-16,up,1,-0.8590124142435207,
IFCI,2024-05-17,up,2,-5.165745207469719,
IFCI,2024-05-21,up,3,7.291048927165478,
IFCI,2024-06-11,up,1,-4.11435033645634,
IFCI,2024-07-08,down,1,5.99277734048651,
IFCI,2024-07-12,up,1,24.211650961907495,
IFCI,2024-07-15,up,2,16.017132322059435,
IFCI,2024-07-24,down,4,-10.800872709888354,
IFCI,2024-07-25,down,5,-16.16662852726597,
IFCI,2025-05-26,up,2,24.263228283780425,
IFCI,2025-05-27,down,1,1.0689351031131666,
IFCI,2025-05-28,down,2,-1.792905654199406,
IFCI,2025-05-29,up,1,-20.591488274636994,
IFCI,2026-02-05,down,1,5.73776090125071,
IFCI,2026-02-09,up,2,-4.607572389963432,
IFCI,2026-05-07,down,1,7.8285260022823655,
IFCI,2026-05-08,down,2,5.569901448945158,
IFCI,2026-05-27,down,2,20.784752717837705,
IFCI,2026-05-29,down,3,16.477295822667347,
IFCI,2026-06-01,down,4,13.988464607150085,
IFCI,2026-06-02,up,1,17.77362774226967,
IFCI,2026-06-03,down,1,16.550217430077808,
IFCI,2026-06-04,up,1,2.7463392672784748,
IFCI,2026-06-12,up,1,-8.17723731888912,
IFCI,2026-06-15,up,2,-9.404143668721531,
IFCI,2026-06-17,up,4,-16.626284413467275,
IFCI,2026-08-25,up,1,16.20244997091451,
IFCI,2026-08-26,down,1,14.771055747607997,
IFCI,2026-08-27,down,2,12.255701382215411,
IFCI,2026-08-28,up,1,10.919329764712149,
IFCI,2026-09-02,down,3,-8.354383478319416,
IFCI,2026-09-03,down,4,-24.930579617474113,
IFCI,2026-09-04,up,1,-26.532990316272954,
IGL,2022-09-12,up,3,-10.680346089245173,
IGL,2023-05-09,up,2,-4.283804313179318,
IGL,2024-01-18,down,3,-2.651439162838487,
IGL,2024-01-19,up,1,-1.5501480257958167,
IGL,2024-04-15,down,2,-6.990838062307992,
IGL,2024-06-28,down,1,10.478289405134378,
IGL,2024-07-01,up,1,4.265793417558239,
IGL,2024-07-02,down,1,3.2658192512641016,
IGL,2024-07-10,down,1,0.2707438461761136,
IGL,2024-07-18,up,4,-0.6350227823715637,
IGL,2024-07-31,up,4,-3.3501409769342683,
IGL,2025-05-19,down,2,0.6631172185825651,
IGL,2025-05-20,down,3,-0.8784595527686845,
IGL,2025-06-30,down,1,3.8187049467257816,
IGL,2025-07-02,down,1,2.531734722756118,
IGL,2025-07-04,up,1,-10.119569163669384,
IIFL,2024-06-28,down,1,-8.87502446392362,
IIFL,2024-07-02,down,1,-11.375235034762065,
IIFL,2024-09-13,down,1,-3.1725308705011113,
IIFL,2024-09-20,up,2,-12.136267408291157,
IIFL,2025-05-14,up,1,3.4168672633070774,
IIFL,2025-07-10,down,2,-3.1801775436542723,
IIFL,2025-07-14,down,4,-18.64600210297196,
IIFL,2025-07-15,up,1,-19.09504772367989,
IIFL,2025-07-18,down,2,-19.948278905466765,
IIFL,2025-11-03,up,1,0.48498554180773645,
IIFL,2025-11-17,up,6,-1.4040961936076513,
IIFL,2025-11-18,down,1,0.3159755096974193,
IIFL,2025-11-26,up,1,-1.181925366827663,
IIFL,2025-11-28,down,1,-2.720169613243295,
IIFL,2026-05-26,down,1,0.6322756548430286,
IIFL,2026-06-03,down,1,4.507467545087085,
IIFL,2026-06-04,up,1,0.9281972638363056,
IIFL,2026-06-16,up,3,-3.678473558661899,
IIFL,2026-07-16,down,1,1.4270789469760459,
IIFL,2026-07-21,down,2,7.262449496961465,
IIFL,2026-07-22,down,3,7.77857067056158,
IIFL,2026-07-28,down,1,5.36901381457473,
IIFL,2026-07-29,up,1,5.604204695692072,
IIFL,2026-07-30,up,2,5.1855160708594195,
IIFL,2026-07-31,up,3,9.187715625740346,
IIFL,2026-08-10,up,1,8.574301493011482,
IIFL,2026-08-11,down,1,7.881642472322414,
IIFL,2026-08-13,down,3,7.325330948268394,
IIFL,2026-08-14,down,4,6.038230508421627,
IIFL,2026-08-20,up,1,-2.614260404467861,
IIFL,2026-08-21,up,2,-3.843095273316277,
IIFL,2026-08-24,down,1,-15.855157564113775,
INDHOTEL,2021-10-08,up,2,14.478693223502193,1.2629385243679625
INDHOTEL,2021-10-12,up,4,-6.3257212861559715,1.2415422450490432
INDHOTEL,2021-10-13,up,5,-9.427515696499611,6.069330447825072
INDHOTEL,2021-10-14,up,6,-9.766356074367044,-1.957673877138999
INDHOTEL,2021-11-09,down,1,-18.404741915110577,0.6946783976902848
INDHOTEL,2022-01-31,up,1,-9.285346118233306,1.8273120379411534
INDHOTEL,2022-02-01,up,2,-6.895728702828096,0.18557100083109734
INDHOTEL,2022-02-02,up,3,-8.944997861858806,-2.6316153754482707
INDHOTEL,2022-03-23,down,1,5.356933424266774,0.011572881414134706
INDHOTEL,2022-03-25,down,3,8.178325567010237,3.368403344735582
INDHOTEL,2022-03-29,up,2,5.937656839902394,2.1609522237085343
INDHOTEL,2022-03-30,up,3,3.4372662780333574,-0.7035217288299589
INDHOTEL,2022-04-06,down,2,3.9608474936924543,3.21102994051512
INDHOTEL,2022-04-08,up,1,0.5965727528305598,-0.8296396927982785
INDHOTEL,2022-04-13,down,3,-8.043177718342331,-3.546655500833773
INDHOTEL,2022-05-02,down,2,-16.724477375010448,0.8786288581455359
INDHOTEL,2022-05-04,down,3,-16.912613224558115,-2.9522773300985627
INDHOTEL,2022-07-25,down,1,4.648841588760844,1.1856936227917725
INDHOTEL,2022-07-28,up,2,2.59416785434321,0.18531755796578064
INDHOTEL,2022-07-29,up,3,2.7941577556452213,-0.5163173895997297
INDHOTEL,2022-08-01,up,4,2.484952600409507,0.8073160164105087
INDHOTEL,2022-08-03,up,6,2.1765054448109167,0.10277457192444661
INDHOTEL,2022-08-10,up,3,6.514295675373893,-2.0697369595245707
INDHOTEL,2022-08-11,up,4,0.8308672364371716,-0.28209803706373826
INDHOTEL,2022-08-17,up,7,0.19818877991033546,-1.264560647296098
INDHOTEL,2022-08-29,down,1,3.983632266691828,0.2787524106528716
INDHOTEL,2022-08-30,up,1,8.403505218033303,-0.4275591438129944
INDHOTEL,2022-09-01,down,1,7.011783234678326,2.1609445359296098
INDHOTEL,2022-09-02,down,2,12.394720242547397,0.10838492106546305
INDHOTEL,2022-09-05,up,1,11.135235434248703,3.330146235013376
INDHOTEL,2022-09-07,down,2,6.674839259967391,-0.9927144658135267
INDHOTEL,2022-09-13,up,4,4.98934652580727,-1.2678783716186581
INDHOTEL,2022-09-14,down,1,3.825300242391383,0.6687145167820985
INDHOTEL,2022-09-15,down,2,1.8048033180699585,1.8810387542365303
INDHOTEL,2022-09-16,down,3,-0.9721124724540453,-5.376979051208409
INDHOTEL,2022-10-03,down,1,-5.380162385100517,1.6331020605615088
INDHOTEL,2022-12-12,up,1,-4.933161839288114,-0.047953006054057834
INDHOTEL,2023-04-26,up,3,7.993757343346508,-0.20571628660217556
INDHOTEL,2023-04-28,up,5,6.494715309616761,-1.5333902244185849
INDHOTEL,2023-05-02,up,6,5.821469120922873,-0.3831435076101064
INDHOTEL,2023-05-03,down,1,5.0367102481116754,1.37561081887132
INDHOTEL,2023-05-08,up,1,3.7764365039954617,1.5780179591139865
INDHOTEL,2023-05-09,up,2,2.5487568060849064,-0.44429930374029203
INDHOTEL,2023-05-25,up,1,3.7203700618769764,0.6492179308137613
INDHOTEL,2023-05-31,down,1,3.041547864325733,-0.42084944684652736
INDHOTEL,2023-06-02,up,1,1.2219443170092381,-0.5979170501285713
INDHOTEL,2023-06-16,up,1,-4.098336798652502,1.1720791015765064
INDHOTEL,2023-09-06,up,4,-5.699573734489094,0.5498821681068522
INDHOTEL,2023-09-07,up,5,-5.573702466606322,-1.2440107652915144
INDHOTEL,2023-12-04,up,5,3.9001318760357506,0.45145432681339415
INDHOTEL,2023-12-05,up,6,2.4347375525185955,-0.5887872659821936
INDHOTEL,2023-12-18,down,1,0.7522678246881132,0.41750561923772356
INDHOTEL,2024-01-04,up,1,4.30266518113418,2.1267289924006283
INDHOTEL,2024-01-15,up,5,2.741115025947649,2.0379886214504372
INDHOTEL,2024-01-19,up,1,3.075806114240587,0.7593803897876228
INDHOTEL,2024-01-29,up,1,7.43607067542944,2.3688143643920467
INDHOTEL,2024-02-02,up,1,4.2090242896747565,0.28691237024440763
INDHOTEL,2024-02-07,up,2,3.6681068106307446,1.7202966132449982
INDHOTEL,2024-02-08,down,1,1.369389746207017,-0.884103830939198
INDHOTEL,2024-02-09,up,1,0.8248086228553442,0.4496814312919595
INDHOTEL,2024-02-19,up,5,2.4641949908893457,-0.111206678540543
INDHOTEL,2024-02-20,up,6,-0.4792349991543543,0.2607280527413325
INDHOTEL,2024-02-21,down,1,-1.670890802888525,1.0820353613319567
INDHOTEL,2024-02-22,up,1,-4.013098651688384,2.2074564611182623
INDHOTEL,2024-02-23,down,1,-5.667135372307863,1.4304314429988807
INDHOTEL,2024-04-01,up,3,1.5825936996605616,0.7221449536128022
INDHOTEL,2024-04-04,up,1,-6.265428603362344,-0.2481347386480981
INDHOTEL,2024-06-14,up,4,6.940051328217933,3.346903899196163
INDHOTEL,2024-06-18,up,5,3.1877729177943293,0.8521455348739826
INDHOTEL,2024-06-20,up,1,-4.2010375904771085,2.3397351240503017
INDHOTEL,2024-06-21,down,1,-7.922033806854378,-0.9547654128973515
INDHOTEL,2024-06-24,up,1,-9.150232723103224,-0.34395921626434456
INDHOTEL,2024-06-25,up,2,-10.809483262777942,0.30798925703685587
INDHOTEL,2024-09-10,up,2,3.5505507967309002,2.6714995485868753
INDHOTEL,2024-09-12,up,1,-5.531906904743844,-0.24043871907424297
INDHOTEL,2024-09-23,up,3,0.2906226415218871,1.120986299056348
INDHOTEL,2024-09-24,up,4,-2.136555054715439,-0.9350488412631752
INDHOTEL,2024-11-19,up,1,11.202405546996808,1.044746232430449
INDHOTEL,2024-11-21,down,1,9.407623657758446,2.778045823333719
INDHOTEL,2024-11-22,up,1,6.919090648601589,1.1270179713676498
INDHOTEL,2024-11-25,up,2,6.271786947291291,-0.876343272517599
INDHOTEL,2024-12-04,up,4,5.117080334132673,0.2519167837877756
INDHOTEL,2024-12-05,up,5,4.209957349721294,0.06884158184847777
INDHOTEL,2024-12-06,down,1,3.5067792449227975,0.04687807164784896
INDHOTEL,2024-12-09,down,2,2.349515722929496,-0.4137748122450491
INDHOTEL,2024-12-11,up,1,1.1216575129570527,-1.100275611277135
INDHOTEL,2024-12-13,up,1,3.4522555397596966,0.7191551765275417
INDHOTEL,2024-12-16,down,1,3.2752586683693963,0.5878819540080293
INDHOTEL,2024-12-17,down,2,1.9373422388954564,0.4878847751293325
INDHOTEL,2024-12-30,down,1,-15.105137237421628,-1.0813695161523973
INDHOTEL,2026-06-15,up,2,3.6608875105146987,1.0126397706709644
INDHOTEL,2026-06-18,up,5,6.8451652682406605,0.8659296943245298
INDHOTEL,2026-06-19,down,1,5.163980699838233,1.7670865236690592
INDHOTEL,2026-06-22,up,1,2.6968276459844898,-0.347354249592402
INDHOTEL,2026-07-06,up,4,1.1563786194660253,-0.3630496167809527
INDHOTEL,2026-07-07,down,1,0.4100874291145029,-1.0714352840717534
INDIACEM,2021-10-14,up,6,-8.716561696924163,
INDIACEM,2021-11-10,down,2,-18.391273509939598,
INDIACEM,2022-01-14,down,1,-13.106910964772789,
INDIACEM,2022-08-30,up,1,19.59390504737413,
INDIACEM,2022-09-07,down,2,10.975437737461835,
INDIACEM,2022-09-09,up,2,9.056882949851008,
INDIACEM,2022-09-13,up,4,-3.290565973746451,
INDIACEM,2022-09-14,down,1,-3.9448094336438033,
INDIACEM,2022-09-16,down,3,-14.574802578450608,
INDIACEM,2022-09-19,up,1,-14.283150583981662,
INDIACEM,2022-09-20,up,2,-14.792289511395563,
INDIACEM,2023-06-09,down,2,-6.234189453396432,
INDIACEM,2023-08-10,down,1,12.696076527020272,
INDIACEM,2023-08-11,down,2,3.812924127150197,
INDIACEM,2023-09-01,up,1,-7.583562847794645,
INDIACEM,2023-09-04,up,2,-12.210354826033253,
INDIACEM,2023-12-07,down,1,-1.59971495908664,
INDIACEM,2023-12-08,up,1,-2.694619769609985,
INDIACEM,2023-12-11,up,2,-4.818161434872403,
INDIACEM,2024-01-04,up,1,-6.521933567248961,
INDIACEM,2024-06-26,up,3,43.920628104228584,
INDIACEM,2024-06-27,up,4,27.28564967370939,
INDIACEM,2024-06-28,down,1,-1.4798769905393416,
INDIACEM,2024-07-15,up,2,11.556040933543677,
INDIACEM,2024-07-16,up,3,15.271916668258779,
INDIACEM,2024-07-18,up,4,12.802170933098722,
INDIACEM,2024-07-22,down,2,3.1248424658948837,
INDIACEM,2024-07-25,down,5,0.9688159786337414,
INDIACEM,2024-07-26,up,1,-0.7965652892683028,
INDIACEM,2024-07-29,up,2,-3.7447382329938494,
INDIAMART,2021-10-13,up,5,-13.485487557541697,
INDIAMART,2021-10-14,up,6,-23.730898669264867,
INDIAMART,2023-08-08,down,1,-6.06501109853056,
INDIANB,2021-10-21,down,3,-3.8275476173952105,0.4701873461996131
INDIANB,2021-10-22,down,4,-4.753852861335139,3.8715769593956617
INDIANB,2021-10-25,up,1,-12.12175834059429,0.975606489758496
INDIANB,2023-09-27,up,1,0.9435552794575974,-1.229487552360331
INDIANB,2024-01-25,down,1,10.383931654243161,-2.4778698376497488
INDIANB,2024-01-29,up,1,8.839936477743082,0.1464506493660478
INDIANB,2024-01-30,down,1,8.184955868743526,2.2486691834454398
INDIANB,2024-01-31,up,1,7.7344227071532545,-0.3276776551947691
INDIANB,2024-02-01,down,1,3.5061427407464762,3.653335769684629
INDIANB,2024-02-02,up,1,-1.3892800150192341,3.2572984135924132
INDIANB,2024-02-05,down,1,-6.299352067390307,0.6251349736151601
INDIANB,2024-02-08,down,1,-8.068734116594179,-3.4034675160588113
INDIANB,2024-06-03,up,2,-11.224583063754,1.0194421115623964
INDIANB,2024-07-31,up,4,-9.007487328787189,-0.4069828207237003
INDIANB,2025-04-29,up,2,2.2961876143432702,-3.3079371364016286
INDIANB,2025-05-19,down,2,7.459024003264281,2.595308023232601
INDIANB,2025-05-30,down,1,4.774992210670215,-0.336765285044871
INDIANB,2025-06-02,down,2,3.117448000074652,3.133274206375547
INDIANB,2025-06-03,down,3,-0.5280365361888584,-2.7866800964502447
INDIANB,2025-09-29,down,7,5.559461998460802,0.19156296081919155
INDIANB,2025-09-30,down,8,4.696655381349468,2.4481258015979446
INDIANB,2025-10-03,up,2,1.489793323747901,0.14313486017878407
INDIANB,2025-10-06,up,3,0.401413227287728,-1.7068531946144883
INDIANB,2025-10-10,up,2,4.673120112429663,-0.15665924543585286
INDIANB,2025-10-13,down,1,3.8542027648172272,0.17247352027929264
INDIANB,2025-10-16,up,2,2.7798764647506635,-1.1100461058582756
INDIANB,2025-10-20,up,4,5.298930188800388,1.5827834375767402
INDIANB,2025-10-23,up,6,3.1425320006260415,0.13133315969720005
INDIANB,2025-10-24,down,1,1.1992326994221258,-2.2357760215626965
INDIANB,2025-10-31,down,2,2.895147524148256,0.05155450296843167
INDIANB,2025-11-03,up,1,0.7646663626195149,-0.2767717491007571
INDIANB,2026-01-22,up,1,-4.451972467934695,3.4054478946762057
INDIANB,2026-01-29,up,3,0.8284541593724937,-0.6016188010422696
INDIANB,2026-01-30,down,1,-0.10667062006521899,-8.46096582943845
INDIANB,2026-02-17,up,2,6.776666253731611,0.5020771149343517
INDIANB,2026-02-18,up,3,6.070145419392725,1.688109993878406
INDIANB,2026-02-19,down,1,3.751798038982823,-2.096944921447119
INDIANB,2026-02-23,up,2,-6.096809974895856,2.4797273475144044
INDIANB,2026-02-26,up,2,-11.724696112057153,-0.7285913698296564
INDIGO,2021-11-12,up,1,-7.772097113704401,2.8414972119269466
INDIGO,2021-11-15,up,2,-16.74779328785676,0.5724298152689045
INDIGO,2021-11-16,down,1,-16.054544735848342,-0.15949974120901267
INDIGO,2022-07-28,up,2,5.362109919450542,0.5048268052603833
INDIGO,2022-07-29,up,3,4.6837872275018455,1.9033793915540054
INDIGO,2022-08-02,up,5,9.14850640543985,2.492282918564803
INDIGO,2022-08-03,up,6,6.236386172970443,2.8209389175211763
INDIGO,2022-08-04,down,1,-2.0572415684584566,-0.46751893773803177
INDIGO,2022-08-05,up,1,-0.3591748888069457,3.010271383894847
INDIGO,2022-12-07,down,2,3.848134893210542,0.008089633135144325
INDIGO,2022-12-08,up,1,1.7414459090669965,0.5526171839929317
INDIGO,2022-12-12,up,1,0.1274416096855635,0.6274024543232226
INDIGO,2022-12-20,down,1,-1.263100786646243,0.03139405747356605
INDIGO,2023-01-20,down,2,-4.820780510274247,-1.9657082636544532
INDIGO,2023-05-03,down,1,4.837668096544334,3.7463219366178135
INDIGO,2023-05-11,down,1,1.4618918990353835,2.30926322515137
INDIGO,2023-05-12,up,1,0.5449594925508006,-1.2622931769777357
INDIGO,2023-05-18,down,3,2.2800993879216858,-0.7994272245189227
INDIGO,2023-05-29,up,3,3.73986172933638,-0.4100759465480497
INDIGO,2023-05-30,up,4,3.092920920185449,0.32925259906877447
INDIGO,2023-06-07,up,4,4.079560847817976,0.05790769123168449
INDIGO,2023-06-08,down,1,3.217461332005933,-0.15885843288130364
INDIGO,2023-06-09,down,2,1.9693394630354355,0.1655533414934407
INDIGO,2023-06-23,down,2,1.090930887730024,-2.0160242961897223
INDIGO,2023-06-27,up,2,7.099174113132367,0.8925380277018169
INDIGO,2023-06-28,up,3,6.783966341925618,3.3563558621952705
INDIGO,2023-06-30,up,4,1.1450348059361737,-0.8430100671277585
INDIGO,2023-07-06,up,8,-4.964440848074403,1.153596352744346
INDIGO,2023-07-12,down,1,-5.983890901729838,0.054059310377208014
INDIGO,2023-11-29,up,2,2.6512631308131196,0.5963324409616
INDIGO,2023-11-30,up,3,10.020526240443651,-0.1579755601113786
INDIGO,2023-12-01,up,4,9.319072183686995,2.492936203304419
INDIGO,2023-12-04,up,5,7.672312142295601,2.0325350170571133
INDIGO,2023-12-06,up,7,3.7210536060664046,0.9167995427055597
INDIGO,2023-12-07,down,1,2.607044773894307,-0.1860223095945468
INDIGO,2023-12-13,up,1,0.5038897775535789,0.6431094695101836
INDIGO,2024-01-01,up,1,1.9214298181326805,-1.4564928762634044
INDIGO,2024-01-10,up,2,2.019457221980714,0.9656906821252864
INDIGO,2024-01-15,up,5,0.13747983902367977,-1.0055078291764663
INDIGO,2024-02-23,down,1,1.426361425749345,0.7787665000413835
INDIGO,2024-03-12,up,1,6.519824202962066,-1.1075828704423807
INDIGO,2024-03-19,down,1,4.753592568604836,-2.9858231055117757
INDIGO,2024-03-26,down,1,7.178054932641564,4.651784499759604
INDIGO,2024-03-27,up,1,2.1078021552817683,0.5817716349268753
INDIGO,2024-04-01,up,3,0.22638499385014832,0.6495852097999189
INDIGO,2024-04-02,down,1,-0.6740989310671575,-2.8207625924491553
INDIGO,2024-04-10,up,1,3.90529000650337,4.38086205510384
INDIGO,2024-04-26,down,1,6.7188188693869,3.932816721576571
INDIGO,2024-04-29,up,1,2.915683415751058,-0.9233790764205052
INDIGO,2024-05-02,up,1,6.588097240085311,3.4007472439319564
INDIGO,2024-05-03,down,1,3.6680359570241183,-2.2339599119564513
INDIGO,2024-05-15,down,1,-4.105850715476667,2.1429641948965683
INDIGO,2024-05-17,up,2,4.843860437064551,-0.302362261606004
INDIGO,2024-05-23,up,5,3.0942868788502276,2.0422561046159027
INDIGO,2024-05-24,down,1,2.365018228641369,-4.5077369752997924
INDIGO,2024-06-10,down,1,-4.149619220689782,-0.7456483170183881
INDIGO,2024-07-26,up,1,-5.746962972192593,-0.26699740511596515
INDIGO,2024-09-12,up,1,-6.843553339797747,1.2941305756622334
INDIGO,2024-12-06,down,1,3.0019567452449714,-0.16364081963951005
INDIGO,2024-12-24,down,1,-5.67159325981732,2.8616127386285717
INDIGO,2024-12-26,up,1,-14.704845360031593,0.719651999238824
INDIGO,2025-02-24,down,5,9.037864685100372,-0.6069761204976154
INDIGO,2025-03-05,up,1,7.477140532158133,2.516044853670296
INDIGO,2025-03-06,up,2,0.732020978724468,1.059681175567917
INDIGO,2025-03-07,up,3,-0.5391239480195376,-2.9203466833308434
INDIGO,2025-03-19,up,3,5.952227972176294,4.138080525612797
INDIGO,2025-03-20,up,4,0.9804237865149723,-0.11842720985146826
INDIGO,2025-04-09,down,1,2.6591709784092643,-0.23158764256488995
INDIGO,2025-04-15,up,2,1.4112722238758701,-0.5920067279934549
INDIGO,2025-04-17,up,4,-4.2379276238965975,0.3771120086867086
INDIGO,2025-04-21,up,5,1.7320803390455275,1.3819789939193194
INDIGO,2025-04-22,up,6,-1.687755152646364,-0.09174787593522193
INDIGO,2026-06-12,up,1,7.617030630694477,3.498564957602235
INDIGO,2026-06-15,up,2,5.542126503724787,3.293058516939129
INDIGO,2026-06-18,up,5,4.852650544958115,0.9180507396741033
INDIGO,2026-06-24,up,1,3.5967806334439967,3.5869433168896903
INDIGO,2026-06-25,up,2,-0.14554379155845565,2.753914982330219
INDUSINDBK,2021-10-11,up,3,1.5031888649357894,-2.271723117644475
INDUSINDBK,2021-10-14,up,6,-11.71649907535378,1.5823890580542344
INDUSINDBK,2021-10-18,up,7,0.6572057888285077,0.07575292262966826
INDUSINDBK,2021-10-19,down,1,-0.5420220345193072,-3.7059668620530783
INDUSINDBK,2022-02-11,down,1,-15.436057156829087,-2.787952260183102
INDUSINDBK,2022-04-01,up,1,2.7458821958696644,2.1747502613315817
INDUSINDBK,2022-04-04,up,2,-0.13371140606380783,1.8646391609774993
INDUSINDBK,2022-05-02,down,2,-12.305731155314925,1.0795453145367784
INDUSINDBK,2022-07-28,up,2,7.948187904189363,3.3915567986781525
INDUSINDBK,2022-07-29,up,3,4.111793971319888,1.4535167300751217
INDUSINDBK,2022-08-02,up,5,4.72898870368621,0.79135237557868
INDUSINDBK,2022-08-11,up,4,2.49354437060072,-0.09870033474532747
INDUSINDBK,2022-08-16,up,6,1.0617082312958548,-0.959340844739609
INDUSINDBK,2022-08-18,up,8,0.4594972555401089,0.23271613295023919
INDUSINDBK,2022-08-25,down,1,-0.4975124378109319,-1.3465744183977613
INDUSINDBK,2022-09-09,up,2,3.3015163991039653,1.5706524316974724
INDUSINDBK,2022-09-13,up,4,5.535559833931125,-0.5797486580262246
INDUSINDBK,2022-09-14,down,1,2.5202992036539085,4.065486042628708
INDUSINDBK,2022-09-16,down,3,-1.6915383224185065,-0.4162859173519995
INDUSINDBK,2022-09-20,up,2,-5.801403109601278,-0.1806255347466479
INDUSINDBK,2022-12-09,down,1,1.7223445003356597,-1.049384795548336
INDUSINDBK,2022-12-13,up,2,1.2194479962297722,1.2847048590680865
INDUSINDBK,2022-12-14,up,3,-1.9287683656167842,0.448645149483351
INDUSINDBK,2022-12-15,down,1,-3.754894929810959,-2.2390038669025447
INDUSINDBK,2023-04-28,up,5,1.4977352323311655,0.32048986661949996
INDUSINDBK,2023-05-10,up,3,5.865649622473268,0.628674391984263
INDUSINDBK,2023-05-11,down,1,4.60962520953232,0.9157267310637263
INDUSINDBK,2023-05-12,up,1,2.5000020243833188,0.2155866986681465
INDUSINDBK,2023-05-15,up,2,1.3179591674299385,-0.04261650330513733
INDUSINDBK,2023-05-17,down,2,4.278377848767434,1.2797544655918758
INDUSINDBK,2023-05-23,up,3,2.202810978828884,-0.17935900036188945
INDUSINDBK,2023-05-24,down,1,0.9201310842564814,-0.3365109319368065
INDUSINDBK,2023-05-29,up,3,1.4911335252621116,0.20825620191575744
INDUSINDBK,2023-06-05,up,2,0.8095155062994186,-0.19087919416781451
INDUSINDBK,2023-06-06,up,3,0.22603126242257687,-0.2309437061459585
INDUSINDBK,2023-06-08,down,1,3.944900386735961,-1.7754168666141101
INDUSINDBK,2023-06-09,down,2,3.3167870943731748,0.48330193711243474
INDUSINDBK,2023-06-30,up,4,3.9643851054403045,1.940278280912855
INDUSINDBK,2023-07-04,up,6,1.5434687536990621,-1.6202351195760523
INDUSINDBK,2023-07-05,up,7,1.9079602826523878,-0.4082885429380956
INDUSINDBK,2023-07-19,up,5,-0.8249407899572736,0.4108341342565769
INDUSINDBK,2023-09-14,up,2,-2.637564149792615,-0.19421891937478897
INDUSINDBK,2023-11-09,down,1,0.7463151406018165,-0.23145410481860695
INDUSINDBK,2023-12-27,up,4,3.095238040437609,0.05906765278791415
INDUSINDBK,2023-12-28,up,5,2.521769205729174,0.43532338308458485
INDUSINDBK,2024-01-04,up,1,-4.050078101460242,1.6598381283161823
INDUSINDBK,2024-01-11,up,3,-13.32161241094376,-0.3261652110482238
INDUSINDBK,2024-01-12,up,4,-14.0074717307625,0.4926272690100708
INDUSINDBK,2024-01-15,up,5,-14.50205110871632,0.1548267934137426
INDUSINDBK,2024-06-19,down,1,-6.770770086944378,0.4243501174558517
INDUSINDBK,2024-09-13,down,1,-7.4227352889758125,0.7394960218056079
INDUSINDBK,2024-09-17,up,2,-9.43548188902591,-0.7641632606819937
INDUSINDBK,2024-09-19,up,1,-10.335807188866742,-0.54763963557527
INDUSINDBK,2025-04-29,up,2,-9.001141119508716,-3.085832717749737
INDUSINDBK,2025-05-02,up,1,-7.341225280398167,-0.14715156611307956
INDUSINDBK,2025-06-10,up,5,0.04949827304663312,-0.568091222465994
INDUSINDBK,2025-07-01,up,1,-4.76674378312395,-1.1186970934205065
INDUSINDBK,2025-11-11,up,2,4.44659617860903,1.9591874958138966
INDUSINDBK,2025-11-12,up,3,1.7491643366610132,3.563321678829112
INDUSINDBK,2025-11-13,up,4,-1.6372889276412783,-1.523311278658246
INDUSINDBK,2025-12-04,up,1,-2.098770911182135,-0.5090294502523407
INDUSINDBK,2026-01-01,up,2,8.072794550349037,2.5232651319351485
INDUSINDBK,2026-01-06,down,2,3.2748346181182164,-0.005467169646267145
INDUSINDBK,2026-01-14,down,2,-2.7679851356982255,1.6868708824200773
INDUSINDBK,2026-01-16,up,1,-2.699590828625875,-0.5971315498163543
INDUSINDBK,2026-02-26,up,2,-13.126034924288255,0.6310589098735386
INDUSINDBK,2026-04-27,up,1,4.147076758247725,1.457207024905549
INDUSINDBK,2026-04-29,up,1,4.265611620921406,-0.2221873477108005
INDUSINDBK,2026-05-04,up,1,1.8421406481108127,-1.9927416338913262
INDUSINDBK,2026-05-06,up,1,-1.56391602676762,0.12015215036729199
INDUSINDBK,2026-05-08,down,2,-5.777684237296143,-1.820171886799682
INDUSINDBK,2026-05-27,down,2,-0.09843828983424618,-0.9657620362425678
INDUSINDBK,2026-07-03,up,3,11.320726840656103,1.3291349188647938
INDUSINDBK,2026-07-06,up,4,8.151996012939989,2.685670890431213
INDUSINDBK,2026-07-07,down,1,0.9670567992380974,-0.14365231390164324
INDUSINDBK,2026-07-21,down,2,-3.2870307025505863,1.4196838543314438
INDUSINDBK,2026-07-22,down,3,-5.273412734650329,-3.495254991055874
INDUSTOWER,2021-09-28,down,1,-7.77224137578203,-3.510892792484832
INDUSTOWER,2022-07-12,down,2,0.11867547743649176,1.7846547081108444
INDUSTOWER,2023-06-07,up,4,0.8214226007603243,-0.926929447345548
INDUSTOWER,2023-06-13,up,2,-1.6446946819839825,3.9704352989009317
INDUSTOWER,2023-06-14,up,3,-1.2120797348978751,-0.6761542620826622
INDUSTOWER,2023-07-18,up,4,4.292922479022909,-1.594114095272059
INDUSTOWER,2023-07-26,up,2,-7.917556816919847,3.766879886282881
INDUSTOWER,2023-09-06,up,4,2.6144771433068703,0.04370314151389554
INDUSTOWER,2023-09-08,up,6,1.2812172927377574,0.3254820360526933
INDUSTOWER,2023-09-11,up,7,-2.939608458097076,0.8014756504682863
INDUSTOWER,2023-09-29,up,1,-9.367095958993932,-1.6699306172600181
INDUSTOWER,2023-12-14,up,2,9.688375144861826,2.6444030195425183
INDUSTOWER,2024-01-24,up,1,-2.329520988164935,2.5264124316325187
INDUSTOWER,2024-02-26,down,2,-3.435976938119978,0.11044573466680863
INDUSTOWER,2024-02-29,up,1,-6.261493737342905,-0.5368534343465514
INDUSTOWER,2024-03-01,up,2,-7.106316829229753,3.537949347500291
INDUSTOWER,2024-03-04,up,3,2.195814063015966,0.7455692903259425
INDUSTOWER,2024-03-05,down,1,0.05568896358354447,-3.7429561573606884
INDUSTOWER,2024-03-22,up,3,12.135273706200756,7.455751399237043
INDUSTOWER,2024-03-26,down,1,5.269430819001175,2.557698901798333
INDUSTOWER,2024-03-28,up,2,24.746797832979837,2.3305421962495743
INDUSTOWER,2024-04-01,up,3,18.400314772343474,6.895072035212513
INDUSTOWER,2024-04-05,down,1,10.496029334693912,-1.4318080956718604
INDUSTOWER,2024-04-08,up,1,9.219112215660786,1.6531438502945583
INDUSTOWER,2024-04-12,down,1,1.5135520608214659,-3.2439593575063874
INDUSTOWER,2024-04-15,down,2,-0.11253619018929406,-0.2606053681092124
INDUSTOWER,2024-04-18,down,4,-3.812791562262119,0.3533105367088174
INDUSTOWER,2024-04-19,up,1,-7.682167900032876,-1.017733452732117
INDUSTOWER,2024-04-23,up,3,-5.396525635253835,0.5265777391294746
INDUSTOWER,2024-07-04,up,2,1.85579677603398,0.3912348394989662
INDUSTOWER,2024-07-18,up,4,1.597791218257938,2.608894847639398
INDUSTOWER,2024-07-23,down,3,-5.042722309444814,2.8879574986197865
INDUSTOWER,2024-07-26,up,1,-5.261053777315938,1.5844094139358944
INDUSTOWER,2024-07-30,up,3,-5.838293189623278,-0.7191215415129126
INDUSTOWER,2024-08-30,up,12,-14.218185250473503,1.6346034379451035
INDUSTOWER,2025-04-15,up,2,5.522489087323312,-0.5505553788954898
INDUSTOWER,2025-04-16,up,3,0.9324945236102833,0.33448685170511805
INDUSTOWER,2025-04-17,up,4,2.1236743369629663,2.367808052959619
INDUSTOWER,2025-04-21,up,5,-1.5203551106880209,2.084539305511246
INDUSTOWER,2025-04-22,up,6,-3.7778142255754044,-2.805872955126676
INDUSTOWER,2025-06-27,up,4,-4.2478489827705745,-1.37575768563849
INDUSTOWER,2025-07-01,up,1,-6.778168779514071,-1.2972945900484145
INDUSTOWER,2025-07-03,down,2,-6.296380774182586,-0.5908529356523751
INDUSTOWER,2025-11-04,down,1,3.6952936709331308,0.19276219231942893
INDUSTOWER,2025-11-06,down,2,1.2558353606417327,-0.6853711305022991
INDUSTOWER,2025-11-12,up,3,-0.5589488968515077,-0.22719051811889157
INDUSTOWER,2025-11-13,up,4,-2.6053109055271806,-1.6604385348345518
INDUSTOWER,2026-01-01,up,2,-5.430294514405176,0.2578521472005324
INDUSTOWER,2026-01-02,up,3,-4.411107601808095,-0.6219371038214905
INDUSTOWER,2026-01-09,down,5,-1.4903090393394658,-2.9516096646810652
INDUSTOWER,2026-02-09,up,2,-1.256992076570962,1.0434552899220906
INDUSTOWER,2026-02-10,up,3,-2.3693750907142763,0.3404733207892585
INDUSTOWER,2026-02-11,up,4,-2.696226853635053,0.6772855000109157
INDUSTOWER,2026-02-12,down,1,-4.703181593522066,-1.0245383253225326
INDUSTOWER,2026-02-18,up,3,-7.788106054013211,-0.08031123209945035
INDUSTOWER,2026-05-29,down,3,-7.65054682876698,-0.3515265491811248
INFY,2021-12-23,up,3,2.462716214158589,1.1743643979815976
INFY,2021-12-24,down,1,3.1237239291569407,-0.5830311061217452
INFY,2021-12-28,up,2,1.8895924217377846,-0.08639993422199232
INFY,2021-12-30,down,2,-4.286787609105991,-0.8071633151341184
INFY,2022-01-14,down,1,-9.711908859260898,0.7761276881440571
INFY,2022-01-17,up,1,-10.597038149751747,-1.0585985959525868
INFY,2022-10-31,up,3,1.7843838733225592,0.6790935624418237
INFY,2022-11-01,up,4,1.0274513875081492,1.1497076941838769
INFY,2022-11-14,down,1,2.964545452302003,-0.3174618598475787
INFY,2022-11-16,up,2,1.49210599568812,-0.53799123567283
INFY,2022-11-24,up,3,-4.73363449996752,0.8877319069081402
INFY,2022-11-28,up,5,-8.768204259363909,-1.8774768994519353
INFY,2022-12-01,up,8,-8.407761685787873,-0.34707021289078765
INFY,2023-02-02,down,2,-1.6455266434840854,1.3228065611896822
INFY,2023-02-03,up,1,-2.7735344434579368,0.19533067628358936
INFY,2023-02-09,up,2,-8.713683815619133,0.01715639739996444
INFY,2023-07-14,up,2,-0.3854979386301638,3.0545919878131267
INFY,2023-07-17,up,3,-3.0720523257836585,-0.21918380127334824
INFY,2023-07-18,up,4,-5.1863614380153304,1.3473398444179274
INFY,2023-07-19,up,5,-6.122483392645551,-0.9654155826291921
INFY,2023-08-30,up,3,2.2989278292259385,0.20770679006432147
INFY,2023-08-31,down,1,1.4729332967227338,-0.892299934588825
INFY,2023-09-04,up,2,3.2940398688396044,0.8099199713741179
INFY,2023-09-05,up,3,1.6076065648585436,0.30798554263122835
INFY,2023-09-12,down,1,-1.8026109872759544,0.9853943729386971
INFY,2023-09-14,up,2,-2.451202381985418,0.36197748797541784
INFY,2023-12-08,up,1,6.333601081529583,0.37827113585762184
INFY,2023-12-14,up,2,-1.0289008894114104,1.1664008946007831
INFY,2023-12-15,up,3,-1.8804060439035708,3.2527601023259134
INFY,2024-01-23,down,1,1.1663373666604082,-0.8320735312293159
INFY,2024-01-30,down,1,0.26034928365596954,-2.4099429596033284
INFY,2024-02-02,up,1,1.8251906839692245,-0.21784568282845473
INFY,2024-02-06,up,1,-3.676266581787735,0.11044573466680863
INFY,2024-06-27,up,4,9.33935681885869,0.4478521421539483
INFY,2024-06-28,down,1,7.908882697721054,-1.6889717732753051
INFY,2024-07-01,up,1,7.222778145783515,-0.015193082627462662
INFY,2024-07-02,down,1,6.458766476333611,1.06352885879486
INFY,2024-07-04,up,2,4.109647362210955,0.44216272986383753
INFY,2024-07-12,up,1,11.68173614686796,2.605250401033965
INFY,2024-07-16,up,3,8.191681892278346,-1.0157545605306684
INFY,2024-07-18,up,4,7.575363187470718,5.5771819363074515
INFY,2024-07-19,down,1,5.899639585599048,1.4610869702375018
INFY,2024-07-26,up,1,0.6248609894197843,2.178908903742549
INFY,2024-07-29,up,2,-1.0682143625010743,-1.1263398574869798
INFY,2024-09-02,up,13,-3.279606520351852,0.31849976157143356
INFY,2024-12-12,down,1,-2.471967764815952,-0.9125253409393852
INFY,2025-12-04,up,1,2.062201528807739,1.0081998582121
INFY,2025-12-05,up,2,1.2324275326385692,0.6288118871519588
INFY,2025-12-19,up,1,-2.6865929782287856,1.465948246776927
INFY,2025-12-22,up,2,-3.8585562482705282,0.951522238370095
INFY,2026-08-10,up,1,-5.0131094598285575,-0.47237510850558495
INOXWIND,2023-11-13,up,2,14.407639082439694,4.7607491000283275
INOXWIND,2023-11-15,up,3,9.086353543721582,0.6594932315168389
INOXWIND,2023-11-22,up,2,6.486116209457116,-0.6104505120346104
INOXWIND,2023-11-23,down,1,5.055169300059847,1.0252976242064449
INOXWIND,2023-11-28,up,1,19.63732284357762,2.747133895738707
INOXWIND,2023-12-04,up,5,31.468740760092096,11.448120339773492
INOXWIND,2023-12-06,up,7,14.967683576253643,1.2532644694416506
INOXWIND,2023-12-07,down,1,12.655115228455438,2.9336078229541984
INOXWIND,2023-12-08,up,1,42.94281349033939,-0.9473165396263528
INOXWIND,2023-12-11,up,2,41.77751881514642,7.5870630263044525
INOXWIND,2023-12-12,down,1,30.435317309934717,0.3109452736318463
INOXWIND,2023-12-15,up,3,26.40612216589675,-3.0890369473046575
INOXWIND,2023-12-20,down,1,23.840798565635836,-0.8045431117933988
INOXWIND,2023-12-21,up,1,15.467801746629096,0.3172654244489648
INOXWIND,2023-12-22,up,2,12.444239060288552,-2.4275175844913233
INOXWIND,2023-12-26,up,3,9.621022346520958,-2.169998791590577
INOXWIND,2024-01-03,down,2,-12.851783580784282,-4.07106259746045
INOXWIND,2024-02-19,up,5,-8.661982733211914,5.121762781372019
INOXWIND,2024-02-27,up,1,-31.113073291607417,-3.0674632396839763
INOXWIND,2024-08-12,down,1,16.742601816677304,14.108405022073022
INOXWIND,2024-08-13,down,2,5.137485634965477,6.608104620984712
INOXWIND,2024-09-10,up,2,0.45553005960115023,2.021537880219171
INOXWIND,2024-09-11,down,1,-6.985395496554936,-2.519920721595259
INOXWIND,2024-09-13,down,1,-17.61626257708908,-0.19669958070691607
INOXWIND,2024-09-18,down,1,-14.222401199203095,-2.145127543743297
INOXWIND,2024-09-20,up,2,-17.263525374122256,0.11860440110147419
INOXWIND,2024-09-23,up,3,-14.30539679718892,-2.7937236892460637
INOXWIND,2025-05-26,up,2,-9.292293727597233,0.4066739589225099
INOXWIND,2025-05-28,down,2,-13.125354372437869,-0.4975124378109319
INOXWIND,2025-06-02,down,2,-14.405376442778206,-5.054490107890796
INOXWIND,2025-10-24,down,1,0.20162598570503398,-0.9208477315192365
INOXWIND,2025-10-29,up,1,-12.432732955705895,-0.9287486736067274
INOXWIND,2026-05-05,down,1,-9.07759546796133,-0.24238103382280274
INOXWIND,2026-05-06,up,1,-10.711497704009421,0.6487683299395863
INTELLECT,2023-08-16,up,2,2.214295399313726,
INTELLECT,2024-02-29,up,1,-6.996382276162416,
INTELLECT,2024-03-01,up,2,-9.905342616050095,
INTELLECT,2024-03-13,down,1,-5.281448208596129,
INTELLECT,2024-12-23,up,1,20.479619103224888,
INTELLECT,2024-12-26,up,1,-9.383195897102791,
INTELLECT,2025-05-14,up,1,12.666388691749386,
INTELLECT,2025-05-15,up,2,18.91638445535122,
INTELLECT,2025-05-16,down,1,11.912037022858502,
INTELLECT,2025-05-19,down,2,5.9761388766893075,
INTELLECT,2025-05-27,down,1,8.860097735415074,
INTELLECT,2025-05-29,up,1,6.825821692393896,
INTELLECT,2025-05-30,down,1,3.8082555819682895,
INTELLECT,2025-06-02,down,2,2.898272517068934,
INTELLECT,2025-06-03,down,3,0.9311860283961026,
IOB,2022-12-13,up,2,-5.715541193114149,
IOB,2022-12-14,up,3,-17.23919841131025,
IOB,2022-12-15,down,1,-6.56834674886666,
IOB,2022-12-16,down,2,-15.51160489699328,
IOB,2023-08-24,down,1,5.240104990036842,
IOB,2023-09-08,up,6,18.74164470972324,
IOB,2023-09-11,up,7,17.323828618103533,
IOB,2023-09-12,down,1,11.975738734127805,
IOB,2023-09-14,up,2,31.943028762704053,
IOB,2023-09-15,up,3,28.253545877187424,
IOB,2023-09-18,down,1,19.353673654472136,
IOB,2023-09-20,down,2,1.6016960929707391,
IOB,2023-10-04,down,2,-21.622652836578315,
IOB,2023-12-19,up,1,-7.434506458036772,
IOB,2024-01-29,up,1,17.87056220652865,
IOB,2024-01-30,down,1,12.415789591131233,
IOB,2024-01-31,up,1,11.296110428953575,
IOB,2024-02-01,down,1,55.39947619915895,
IOB,2024-02-02,up,1,50.38658769300275,
IOB,2024-02-05,down,1,39.04163659924747,
IOB,2024-02-08,down,1,-20.6312679764328,
IOC,2021-09-28,down,1,8.20739419680201,1.8349051088579538
IOC,2021-09-29,down,2,4.321010051308161,2.3534491524118017
IOC,2021-10-05,up,2,3.7883885375422643,1.0855629275053902
IOC,2021-10-06,down,1,2.3976589346211163,-0.5737000108869239
IOC,2021-10-18,up,7,3.1374441403235087,0.3469691131860353
IOC,2021-11-08,up,2,-10.853143948227606,4.256498675243581
IOC,2022-01-28,down,2,-4.2895935861614,0.0949993940238425
IOC,2022-01-31,up,1,-6.645438640924217,-1.3198434902972789
IOC,2022-04-19,down,5,-4.686692608498399,0.6939033547974205
IOC,2022-04-20,up,1,-8.652223251499858,0.5872897202171767
IOC,2022-04-21,up,2,-10.12917264693204,-0.05297244808949442
IOC,2022-12-05,up,1,-4.106405193009843,-0.7552869798006956
IOC,2022-12-09,down,1,-2.1601542426227582,-1.52067812656147
IOC,2022-12-12,up,1,-0.9420015188097208,0.5819638129390903
IOC,2023-01-11,down,2,-3.5071518312661087,2.880658436214012
IOC,2023-05-23,up,3,3.2085656464751144,0.06401402537095091
IOC,2023-05-30,up,4,1.0976126845699374,-0.5525115429487304
IOC,2023-06-13,up,2,3.0175210902011695,-0.28120598286588416
IOC,2023-07-03,up,5,5.267654968395719,2.4918360380945304
IOC,2023-07-06,up,8,1.7732880343296786,2.650642404250636
IOC,2023-07-07,down,1,-4.072756603726768,1.718126855890767
IOC,2023-11-28,up,1,4.603976160382217,1.749010196040679
IOC,2023-11-29,up,2,6.1909633731216385,-0.5433197026522452
IOC,2023-11-30,up,3,5.078254763430157,2.3130348024080982
IOC,2023-12-01,up,4,9.496962345391102,1.2714206744057543
IOC,2023-12-04,up,5,8.103629607394414,4.785421915247179
IOC,2023-12-05,up,6,4.2607541664597015,0.04989990166333058
IOC,2023-12-07,down,1,2.6534021988041445,1.2852417295845076
IOC,2023-12-15,up,3,4.010561926496359,1.0864022323015199
IOC,2023-12-18,down,1,1.9711416341499088,-0.4576930848127714
IOC,2023-12-26,up,3,4.894828382950056,1.0768879860680203
IOC,2023-12-28,up,5,10.849949556398265,0.12003835719662792
IOC,2024-01-08,down,1,6.155699653212232,-0.2757477254399232
IOC,2024-01-15,up,5,19.09591395783865,1.0743445155312115
IOC,2024-01-16,down,1,17.456192873663845,3.1076501550219904
IOC,2024-01-17,down,2,12.289254805724891,-0.8766372698352121
IOC,2024-01-19,up,1,11.287025717869614,3.498987280324939
IOC,2024-01-23,down,1,8.566338146332498,-7.395378027449439
IOC,2024-02-02,up,1,20.61898372748887,9.79923007551129
IOC,2024-02-05,down,1,5.885438963740075,5.31872998414098
IOC,2024-02-06,up,1,-2.715540253736659,5.679278657189912
IOC,2024-02-07,up,2,-10.447764459164176,0.5189075570986024
IOC,2024-02-08,down,1,-14.494484082729597,-0.11014224297074549
IOC,2024-09-05,down,2,-5.900956862275342,-0.5579171538577121
IOC,2025-03-21,up,5,1.6520465087195513,1.0216095097034028
IOC,2025-03-24,up,6,0.13626593369138185,-0.08742121961538007
IOC,2025-04-21,up,5,5.540540982471298,2.713428957767894
IOC,2025-05-02,up,1,2.4612490397197595,3.1298164830011466
IOC,2025-05-05,up,2,-0.8496931815332731,3.100298939946522
IOC,2025-07-04,up,1,-2.188051905111754,1.179722972070052
IOC,2025-07-07,up,2,-3.3976821429157034,1.3420937008725264
IOC,2025-09-30,down,8,2.7473499386488243,-0.19890745843939017
IOC,2025-10-06,up,3,1.1654509504894106,1.3225744271458728
IOC,2025-10-09,up,1,3.838369969824962,-0.9877692918027092
IOC,2025-10-29,up,1,6.591756435692897,3.0471219989409937
IOC,2025-10-30,down,1,1.7024512023885663,-0.6312122441867074
IOC,2025-11-03,up,1,-2.2720097165160658,0.03840394890366472
IOC,2025-11-04,down,1,-2.331850331396357,0.28105315042894485
IOC,2025-11-10,up,1,-4.6963202987925445,-1.2285034099787318
IOC,2025-11-11,up,2,-5.751598553116056,0.2630221105563324
IOC,2025-11-12,up,3,-5.877267983568291,-0.9563417143503283
IOC,2026-02-25,up,1,-18.672750533277526,0.18494632461836247
IOC,2026-02-26,up,2,-19.35859102713754,1.2943971673924137
IOC,2026-02-27,down,1,-20.653688580490126,-3.4218657267589436
IPCALAB,2024-04-18,down,4,-3.992808240855239,
IPCALAB,2024-12-30,down,1,5.815437982533989,
IPCALAB,2024-12-31,down,2,3.188534735457549,
IPCALAB,2025-01-01,up,1,-8.690079450256194,
IPCALAB,2025-01-02,up,2,-8.284534902430508,
IPCALAB,2026-08-25,up,1,-0.21104310045954033,
IPCALAB,2026-08-26,down,1,-0.8988563011825712,
IRB,2021-10-11,up,3,12.671250974306192,
IRB,2021-10-18,up,7,11.997508185741745,
IRB,2021-10-21,down,3,0.5241628738148485,
IRB,2021-10-22,down,4,-11.557686920742983,
IRB,2021-10-25,up,1,-25.81371434859996,
IRB,2022-12-13,up,2,-11.66080845803269,
IRB,2022-12-14,up,3,1.5039777938336663,
IRB,2023-10-18,down,1,4.367058119414513,
IRB,2023-10-20,down,3,-4.853294423965615,
IRB,2023-11-07,down,1,5.747413825617986,
IRB,2023-11-09,down,1,4.580541359742241,
IRB,2023-11-17,down,1,8.771216590687402,
IRB,2023-11-20,down,2,0.6624926680798948,
IRB,2023-11-24,down,2,2.0603920264342213,
IRB,2023-12-08,up,1,5.422251965794067,
IRB,2023-12-12,down,1,0.8372751779166299,
IRB,2023-12-14,up,2,1.903030040614162,
IRB,2023-12-15,up,3,0.45580844491055483,
IRB,2023-12-18,down,1,7.950808092944239,
IRB,2024-01-04,up,1,7.318036673068429,
IRB,2024-01-09,up,1,36.815926927342765,
IRB,2024-01-10,up,2,-1.2345646879277528,
IRB,2024-01-19,up,1,25.187282565518878,
IRB,2024-01-23,down,1,23.630553477048878,
IRB,2024-01-29,up,1,28.608655486199332,
IRB,2024-02-01,down,1,-3.3753862011238978,
IRB,2024-02-05,down,1,-4.071596121131227,
IRB,2024-05-02,up,1,3.7426502925383964,
IRB,2024-05-27,down,2,0.8143199888718033,
IRB,2024-07-16,up,3,-13.461211607505419,
IRB,2024-12-10,down,3,-1.408251198101551,
IRCON,2022-11-29,up,6,-2.909221241048332,
IRCON,2022-12-06,down,1,-16.119328010091937,
IRCON,2022-12-07,down,2,-10.303330177209046,
IRCON,2023-04-27,up,4,14.877123481931909,
IRCON,2023-05-03,down,1,-9.322060185726977,
IRCON,2023-05-26,up,2,3.8104706869235505,
IRCON,2023-05-29,up,3,3.1283286827070933,
IRCON,2023-06-07,up,4,-1.9616456211060007,
IRCON,2023-06-21,up,2,-10.986217498540451,
IRCON,2023-07-27,down,1,3.41351560062626,
IRCON,2023-08-01,down,1,2.316702398872117,
IRCON,2023-08-07,up,2,4.61273577617316,
IRCON,2023-08-09,up,1,9.385572959574052,
IRCON,2023-08-22,up,2,15.439140066147194,
IRCON,2023-08-24,down,1,11.984093784078276,
IRCON,2023-08-29,up,2,11.200985256275242,
IRCON,2023-08-30,up,3,10.620807678235877,
IRCON,2023-08-31,down,1,9.478426997407642,
IRCON,2023-09-01,up,1,13.178781747843239,
IRCON,2023-09-04,up,2,11.005897467516412,
IRCON,2023-09-11,up,7,4.307070138780866,
IRCON,2023-09-12,down,1,-11.884298746396704,
IRCON,2023-10-17,up,1,-0.4653396722755665,
IRCON,2023-11-17,down,1,0.861302960610999,
IRCON,2023-11-20,down,2,-4.867057120100348,
IRCON,2023-12-01,up,4,-3.9007824047786355,
IRCON,2023-12-04,up,5,-3.6219204130734206,
IRCON,2023-12-19,up,1,4.325673009679165,
IRCON,2024-01-03,down,2,10.926638911152043,
IRCON,2024-01-04,up,1,1.1547477194672418,
IRCON,2024-01-10,up,2,5.550315216555868,
IRCON,2024-01-11,up,3,2.7769301189167317,
IRCON,2024-01-15,up,5,13.674361404901703,
IRCON,2024-01-16,down,1,8.090926562668056,
IRCON,2024-01-19,up,1,-9.235226644999617,
IRCON,2024-01-23,down,1,-16.273087728279357,
IRCON,2024-02-19,up,5,-12.381239437500756,
IRCON,2024-04-08,up,1,1.157369760981286,
IRCON,2024-07-05,up,3,16.544733155905057,
IRCON,2024-07-08,down,1,6.119182684342883,
IRCON,2024-07-09,up,1,0.1866564912266222,
IRCON,2024-07-12,up,1,-20.947685007747275,
IRCON,2024-07-15,up,2,-25.668558431497356,
IRCON,2024-12-11,up,1,-5.584202023366414,
IRCON,2025-06-04,up,1,-4.256493154198204,
IRCON,2025-06-05,up,2,-9.72956202533073,
IRCON,2026-05-07,down,1,-15.966135551840289,
IRCTC,2021-10-04,up,1,11.726897951770244,
IRCTC,2021-10-05,up,2,33.740929204589335,
IRCTC,2021-10-06,down,1,29.178975671750273,
IRCTC,2021-10-07,up,1,20.54030964219922,
IRCTC,2021-10-08,up,2,13.99507417989103,
IRCTC,2021-10-14,up,6,-19.375970862529513,
IRCTC,2021-10-19,down,1,-29.141792445508862,
IRCTC,2022-01-14,down,1,-6.369058358440061,
IRCTC,2022-01-17,up,1,-8.162931181869414,
IRCTC,2022-08-11,up,4,4.88517184029118,
IRCTC,2022-08-18,up,8,2.445753863098643,
IRCTC,2022-08-19,down,1,-0.731475706809126,
IRCTC,2022-09-15,down,2,-0.012102776837474849,
IRCTC,2022-10-19,up,4,0.6819687939212171,
IRCTC,2022-11-02,down,1,-4.768487220910156,
IRCTC,2023-06-16,up,1,-6.835534119681153,
IRCTC,2023-06-19,down,1,-8.160683577388772,
IRCTC,2023-08-11,down,2,2.3957727377426963,
IRCTC,2023-08-28,up,1,0.7687710079231413,
IRCTC,2023-09-04,up,2,4.682122932502586,
IRCTC,2023-09-06,up,4,1.4744920899768088,
IRCTC,2023-09-08,up,6,-2.214036146954179,
IRCTC,2023-12-04,up,5,2.3497562731318977,
IRCTC,2023-12-05,up,6,20.825434212097328,
IRCTC,2023-12-06,up,7,20.004956313401756,
IRCTC,2023-12-07,down,1,16.652369011335153,
IRCTC,2023-12-08,up,1,14.762367162425004,
IRCTC,2023-12-12,down,1,13.629430595199699,
IRCTC,2023-12-14,up,2,11.238061614681438,
IRCTC,2023-12-18,down,1,14.285746562184709,
IRCTC,2023-12-19,up,1,5.359528109515388,
IRCTC,2024-01-05,up,2,2.1993742128432414,
IRCTC,2024-01-08,down,1,1.4689398595580716,
IRCTC,2024-01-10,up,2,3.626110566650076,
IRCTC,2024-01-11,up,3,-0.27100870301087765,
IRCTC,2024-01-12,up,4,0.9085704467294287,
IRCTC,2024-01-15,up,5,-1.2474012474012364,
IRCTC,2024-01-19,up,1,-7.223063256598861,
IRCTC,2024-01-23,down,1,-6.495030543250269,
IRCTC,2024-04-12,down,1,-4.7586819755385035,
IRCTC,2024-05-02,up,1,1.8968780788822803,
IREDA,2024-01-16,down,1,19.712553767620243,4.853512925822279
IREDA,2024-01-19,up,1,39.217568253775895,22.03503528556794
IREDA,2024-01-23,down,1,31.04039607058069,15.78604421383709
IREDA,2024-01-24,up,1,13.512437810945288,6.348258706467691
IREDA,2024-01-25,down,1,25.985222605216784,9.375842919410893
IREDA,2024-01-29,up,1,20.012422792373165,8.292459803696527
IREDA,2024-01-30,down,1,14.323196389306103,-2.367548570480338
IREDA,2024-02-01,down,1,8.886510397992664,1.7620952882422491
IREDA,2024-02-02,up,1,-13.297021451105294,6.306292678927172
IREDA,2024-02-05,down,1,-15.163990123811445,9.577720059528527
IREDA,2024-02-06,up,1,-24.741530828137314,3.5593471705447577
IREDA,2024-04-29,up,1,4.977907170024531,1.5592411952762397
IREDA,2024-05-21,up,3,-6.813808980708169,3.5092973751781775
IREDA,2024-05-22,up,4,-9.839334613189665,1.871591083448343
IREDA,2024-05-23,up,5,-7.240909999076772,-2.2748010180841383
IREDA,2024-05-27,down,2,-8.970055582575354,-0.39525039654275673
IREDA,2024-06-03,up,2,-6.438336679303647,-3.935608009905167
IREDA,2024-06-26,up,3,4.569278743350735,-0.19197455798926066
IREDA,2024-07-02,down,1,19.52912063323393,2.898476797722216
IREDA,2024-07-03,up,1,17.298676418297276,6.2772242745787965
IREDA,2024-07-04,up,2,8.53295042269384,-2.722091218510181
IREDA,2024-07-05,up,3,23.546312444372397,1.0354409405542775
IREDA,2024-07-08,down,1,21.671814394152644,7.655684725868905
IREDA,2024-07-09,up,1,13.433233864182847,-3.416413161322751
IREDA,2024-07-11,down,2,-0.30164139930268785,10.823831196961798
IREDA,2024-07-12,up,1,-17.84071899040893,3.17197543988732
IREDA,2024-07-15,up,2,-22.897827137467928,-5.660527507934454
IREDA,2024-12-11,up,1,-2.0560882693315685,-1.1579271782679368
IREDA,2025-06-05,up,2,2.489246728632577,-2.678845251140616
IREDA,2025-06-09,up,4,-5.428163716160805,2.4986794461482775
IREDA,2026-04-22,down,1,-4.634800630191805,4.0994706714063245
IRFC,2022-11-22,up,1,7.12985177633676,0.5425805782432569
IRFC,2022-11-24,up,3,10.540009849726317,2.79727183531715
IRFC,2022-11-30,up,7,-11.461974107617456,-8.994966049300801
IRFC,2022-12-20,down,1,-7.80965254704692,3.8037477368773276
IRFC,2023-05-02,up,6,2.104855642161807,3.176427900312162
IRFC,2023-05-03,down,1,-0.7906045225157254,5.657275996831768
IRFC,2023-05-04,up,1,-11.676014719115024,-4.913707490239361
IRFC,2023-07-31,up,1,22.696862619151027,7.050952135872368
IRFC,2023-08-01,down,1,15.376429519311397,5.1809714242780025
IRFC,2023-08-03,down,3,18.71099917624943,11.671852680988316
IRFC,2023-08-04,up,1,6.970668914020406,0.9302308256206704
IRFC,2023-08-07,up,2,1.9746006651926384,5.579763314972186
IRFC,2023-08-16,up,2,6.678147722923855,-4.324531190202818
IRFC,2023-09-01,up,1,65.83748424667534,12.906465693889402
IRFC,2023-09-04,up,2,49.25373134328361,22.837141725003328
IRFC,2023-09-08,up,6,0.6854782391364722,7.389078704079433
IRFC,2023-09-11,up,7,-4.199329216674419,16.16070202249564
IRFC,2023-09-12,down,1,-12.75932155445062,-6.247068137542334
IRFC,2023-12-11,up,2,17.964241132007874,7.523795353820617
IRFC,2023-12-12,down,1,10.60474856910638,0.2784536081182676
IRFC,2023-12-14,up,2,15.14680755082518,9.28018865211515
IRFC,2023-12-15,up,3,3.5363738993172023,-0.8078065306317272
IRFC,2023-12-19,up,1,1.7235251637451876,0.8844604893183616
IRFC,2023-12-20,down,1,4.747198464937474,-10.888903731707067
IRFC,2024-01-11,up,3,54.53619572630073,4.688912200976936
IRFC,2024-01-12,up,4,47.93370336137137,26.176075008010713
IRFC,2024-01-18,down,3,-12.217281449056793,-1.2898328348587285
IRFC,2024-05-27,down,2,-1.8993200105548724,-3.4309247274822763
IRFC,2024-06-03,up,2,-9.369130576016305,-2.458662595533223
IRFC,2024-07-05,up,3,19.53602124558156,6.38008044046825
IRFC,2024-07-08,down,1,12.975588208192068,9.011081954071853
IRFC,2024-07-09,up,1,5.023423018780515,-4.516257220798304
IRFC,2024-07-12,up,1,-16.29733518587042,2.84349599725795
IRFC,2024-07-15,up,2,-21.79920122772301,-3.1580068300190667
IRFC,2025-06-03,down,3,-3.7807202459520073,-2.2605899256935458
IRFC,2025-06-04,up,1,-3.7590947738823433,1.6400952818484082
IRFC,2025-06-05,up,2,-5.1882751820647055,-1.4397319575730538
IRFC,2025-06-09,up,4,-4.719644197456541,-0.6992087210957343
ITC,2021-10-12,up,4,-3.874666251811365,-0.10625243560182795
ITC,2021-10-13,up,5,-4.428475646395091,3.6996119685218876
ITC,2021-10-14,up,6,-7.437700587692497,3.5079703452661093
ITC,2021-10-18,up,7,-15.469434202132549,-0.6685144098749984
ITC,2022-03-16,up,1,2.9442687437158943,1.0894187611297346
ITC,2022-03-17,up,2,2.2664462709975908,0.6899640037208776
ITC,2022-03-21,down,1,8.58503060708471,-0.8421639142387916
ITC,2022-03-22,up,1,7.555062946702051,0.9884935518528648
ITC,2022-03-23,down,1,6.2682615420094345,-0.021333689526048527
ITC,2022-03-24,down,2,5.032587786960074,0.13001618084613753
ITC,2022-03-28,up,1,3.8860314009884434,-0.2841548165757879
ITC,2022-04-05,down,1,3.282045517329224,-0.6903479004271684
ITC,2022-04-06,down,2,1.7634795147437154,-1.960507230640407
ITC,2022-04-08,up,1,-1.8577122977157856,1.5427933393685755
ITC,2022-04-11,down,1,-3.014219345349456,-1.2192157576764728
ITC,2022-07-11,down,1,0.7697120363872934,-0.9875106135123435
ITC,2022-07-20,up,4,2.61874554067143,0.18940218837346645
ITC,2022-07-21,up,5,2.5091474446024,-0.33140235521668115
ITC,2022-08-01,up,4,2.6739373223781726,0.8361213656945532
ITC,2022-08-02,up,5,1.7097081914492884,0.1791570948694643
ITC,2022-08-30,up,1,2.4304017417387636,-0.48193485559361315
ITC,2022-09-05,up,1,1.2362975937396659,1.2669818288708612
ITC,2022-09-09,up,2,0.6461974953726468,-0.07614612236359619
ITC,2022-09-13,up,4,-2.990290286589481,-1.1841439875944215
ITC,2022-09-14,down,1,-0.007426781123343051,-0.08168047210623808
ITC,2022-09-21,down,1,-3.7058502431035034,-0.08731306411231543
ITC,2022-09-22,down,2,-4.273535914605797,0.16544898332331304
ITC,2022-11-02,down,1,1.6153655919495025,-0.27213199569383617
ITC,2022-11-03,down,2,0.7453959608133554,-1.1259420079521965
ITC,2022-11-09,down,1,-5.632230129833371,-0.3587310536586896
ITC,2023-02-06,down,1,-0.04487908433035148,-0.7044382711939634
ITC,2023-02-23,down,5,-3.603355788129481,-0.1509951118791153
ITC,2023-04-17,down,1,2.0394137478311425,-0.022614583387736698
ITC,2023-04-21,down,1,2.8015270886886157,1.318811550767962
ITC,2023-04-25,up,2,0.958622727141023,-0.012139177172465487
ITC,2023-04-27,up,4,1.0183059249649462,0.5731830256711756
ITC,2023-04-28,up,5,1.2546266354055868,1.5526095737778745
ITC,2023-05-05,down,1,2.4399587921380084,0.08301535689128059
ITC,2023-05-24,down,1,3.3334870279092765,0.5378959765890423
ITC,2023-05-25,up,1,2.786807789985968,1.4822323490684797
ITC,2023-05-26,up,2,1.8975682188473009,0.07595898397685374
ITC,2023-05-29,up,3,1.3706066405644757,-1.336487689686361
ITC,2023-06-16,up,1,2.7176118527096227,0.832884062657846
ITC,2023-07-05,up,7,4.637068994617977,1.4904061252235756
ITC,2023-07-20,up,6,-6.441362580271759,1.8531007570512958
ITC,2023-07-21,down,1,-9.556936762421541,-0.5479036448109098
ITC,2023-12-29,down,1,2.1897204270519,-0.7544563299549001
ITC,2024-01-03,down,2,-3.8117988389145707,1.3285133243348346
ITC,2024-04-10,up,1,0.4900551300652811,-0.09559388091159304
ITC,2024-07-12,up,1,1.8303430536786403,-0.5949593708861944
ITC,2024-07-15,up,2,1.0060285418026726,-0.4545578195468747
ITC,2024-07-18,up,4,4.927951499553029,0.4085062174826737
ITC,2024-07-19,down,1,4.0032318187758875,0.2843053207026047
ITC,2024-07-23,down,3,1.6919774082431172,2.937186368731859
ITC,2024-07-24,down,4,0.462707920962635,-1.9778484592458345
ITC,2024-08-16,up,2,-0.15920253074049873,0.4477622756881239
ITC,2024-08-19,up,3,0.9924613094419499,-1.1290237854768903
ITC,2025-04-23,up,7,-0.005486716732649999,-1.1726056406728858
ITCHOTELS,2025-04-01,down,2,-5.632193850231348,
ITCHOTELS,2025-05-22,down,1,2.257640955796991,
ITCHOTELS,2025-05-23,up,1,-1.8297290434047597,
ITCHOTELS,2025-06-10,up,5,0.22573390849436326,
ITCHOTELS,2025-07-18,down,2,-5.282108738304614,
ITCHOTELS,2025-07-21,up,1,-11.359866314195543,
ITI,2022-07-19,up,3,-5.958506874837277,
ITI,2023-09-14,up,2,2.4523605384712432,
ITI,2023-10-09,down,1,28.575427040244893,
ITI,2023-10-10,up,1,19.411800417247594,
ITI,2023-10-13,down,2,17.859786544388932,
ITI,2023-10-16,down,3,1.319291252336563,
ITI,2023-10-17,up,1,-8.77259935279101,
ITI,2023-10-18,down,1,-18.6891422024829,
ITI,2023-12-08,up,1,-3.176122554291083,
ITI,2024-01-16,down,1,5.347459135899868,
ITI,2024-01-17,down,2,-13.85743871919496,
ITI,2024-12-06,down,1,7.849137876678425,
ITI,2024-12-09,down,2,-3.9790736651714176,
ITI,2024-12-10,down,3,0.8497948822619783,
ITI,2024-12-31,down,2,16.92181920820466,
ITI,2025-01-03,down,1,-7.301722123507004,
ITI,2025-01-06,down,2,-16.07267041627599,
ITI,2025-01-07,up,1,-40.6341129357769,
ITI,2026-04-22,down,1,-5.871223649350665,
J&KBANK,2022-12-13,up,2,-7.077513198717844,
J&KBANK,2023-01-03,up,2,-4.109527607445296,
J&KBANK,2023-09-07,up,5,13.019804990273553,
J&KBANK,2023-09-08,up,6,3.299922559417623,
J&KBANK,2023-09-13,up,1,8.340820560835693,
J&KBANK,2023-09-15,up,3,4.933244608741694,
J&KBANK,2023-09-18,down,1,3.3085907724659025,
J&KBANK,2023-10-06,up,2,-4.089659904294618,
J&KBANK,2023-10-11,up,2,-9.254421974123128,
J&KBANK,2024-01-05,up,2,-0.6879842657435575,
J&KBANK,2026-03-11,down,1,-6.776792025838896,
J&KBANK,2026-03-12,down,2,-7.576587935141688,
JAINREC,2025-11-10,up,1,-4.023854890880674,
JAINREC,2025-11-11,up,2,-5.1111541193379795,
JAINREC,2025-11-13,up,4,-16.19258106407773,
JAINREC,2025-11-17,up,6,-15.598015337967496,
JAINREC,2025-11-18,down,1,-14.164307350117223,
JBMA,2023-06-28,up,3,28.278149482472713,
JBMA,2023-06-30,up,4,10.852232590760536,
JBMA,2023-07-03,up,5,-1.5115423663854544,
JBMA,2023-07-04,up,6,-0.8095609429510708,
JBMA,2023-07-05,up,7,-3.565058803019927,
JBMA,2023-07-14,up,2,-13.761231758594217,
JBMA,2025-05-23,up,1,-5.9296764586909685,
JBMA,2025-09-23,down,3,-14.987406233336586,
JBMA,2026-01-07,down,3,-16.809642238481914,
JBMA,2026-04-28,down,1,0.2661723730123633,
JBMA,2026-05-11,down,3,-2.9194681324443916,
JBMA,2026-05-12,down,4,-4.582264691989568,
JBMA,2026-06-03,down,1,5.946497243221938,
JBMA,2026-06-04,up,1,1.5687359353362185,
JBMA,2026-06-19,down,1,-2.9225361554938267,
JINDALSAW,2023-06-01,down,2,-7.1390098355918035,
JINDALSAW,2024-08-09,up,1,3.098963016244083,
JINDALSAW,2024-08-22,up,6,6.118658616316752,
JINDALSAW,2024-08-23,up,7,2.3014406804780174,
JINDALSAW,2025-06-27,up,4,-7.579984025739539,
JINDALSAW,2026-02-10,up,3,-11.844060747470165,
JINDALSAW,2026-02-11,up,4,-14.30601936655609,
JINDALSTEL,2021-10-13,up,5,-1.5674260109445837,1.4329982968242838
JINDALSTEL,2021-10-14,up,6,-4.5333680000347325,1.5372844421384757
JINDALSTEL,2021-10-18,up,7,-9.377747904249823,1.9144033678885286
JINDALSTEL,2021-10-19,down,1,-13.825665598255998,-5.084123849300126
JINDALSTEL,2022-01-14,down,1,1.1948671102794295,0.8227859496246381
JINDALSTEL,2022-01-17,up,1,-0.2850026305303621,-0.8280840497941533
JINDALSTEL,2022-02-11,down,1,-0.10364374106847096,-4.942602015333131
JINDALSTEL,2022-03-11,up,4,7.94492677772678,2.387075711924158
JINDALSTEL,2022-03-14,up,5,5.53544183554604,-2.377647887676948
JINDALSTEL,2022-03-21,down,1,4.451025060866698,0.08527155994944025
JINDALSTEL,2022-03-22,up,1,10.10134013249193,0.29690098412060717
JINDALSTEL,2022-03-23,down,1,9.437745917730545,2.2911584132639495
JINDALSTEL,2022-03-24,down,2,5.905785197124214,2.085090684376256
JINDALSTEL,2022-03-25,down,3,2.9047710264926474,-0.5257012163744745
JINDALSTEL,2022-03-29,up,2,1.6280560271462186,-0.4975124378109319
JINDALSTEL,2022-03-31,down,1,0.7726191114326042,-1.703210511292308
JINDALSTEL,2022-04-04,up,2,-3.8240120833811786,0.8824334342949935
JINDALSTEL,2022-04-05,down,1,-4.915630893565536,-2.421972393887162
JINDALSTEL,2022-04-06,down,2,-3.6724575691012395,0.7778218751149257
JINDALSTEL,2022-04-08,up,1,-8.522761530520972,-0.3392886426414665
JINDALSTEL,2022-04-11,down,1,-8.578267573458431,-0.5936057714882481
JINDALSTEL,2022-08-04,down,1,1.909403994674319,-2.6145851684354793
JINDALSTEL,2022-08-11,up,4,3.907119751815258,-1.4058117168985418
JINDALSTEL,2022-08-12,up,5,3.3899759510258365,0.5300717597658267
JINDALSTEL,2022-08-16,up,6,1.594965709228835,-0.25420033463923186
JINDALSTEL,2022-08-18,up,8,1.0434804553119292,1.4407665948463988
JINDALSTEL,2022-08-30,up,1,2.9441765096341,0.3393333596496184
JINDALSTEL,2022-09-06,down,1,4.641270541477982,-0.8866438818771027
JINDALSTEL,2022-09-12,up,3,3.6635434073925888,0.4322068367311749
JINDALSTEL,2022-09-13,up,4,-1.439391299414794,-1.1366440336309291
JINDALSTEL,2022-09-14,down,1,0.22151609932550276,0.6750544759180688
JINDALSTEL,2022-10-25,down,1,9.510366304004814,0.6994419681290553
JINDALSTEL,2022-10-27,up,1,7.805269222520894,2.3828253921251985
JINDALSTEL,2022-11-02,down,1,4.3719803937781965,-1.8073142159755973
JINDALSTEL,2022-11-04,up,1,4.092663184718681,0.5665750026940586
JINDALSTEL,2022-11-07,up,2,3.1410589995995775,2.7482600720116324
JINDALSTEL,2022-11-11,up,1,6.980652252376007,0.24132044926319374
JINDALSTEL,2022-11-14,down,1,6.086483007846355,1.7796589193336931
JINDALSTEL,2022-11-15,up,1,3.1111367726166295,1.2250184680141496
JINDALSTEL,2022-11-23,up,2,1.2506319305656044,-0.4597124147484255
JINDALSTEL,2022-11-30,up,7,2.4202251123962126,0.9987655706430232
JINDALSTEL,2022-12-01,up,8,-0.4329648170754208,4.104134048392183
JINDALSTEL,2022-12-02,down,1,-7.97468553975309,0.27477065008665313
JINDALSTEL,2022-12-27,up,2,2.992102312806555,0.6979216625298879
JINDALSTEL,2022-12-28,down,1,3.3543012379251502,-1.6410256904346388
JINDALSTEL,2023-05-02,up,6,-12.085041191677314,0.26204853594622435
JINDALSTEL,2023-05-04,up,1,-12.740641482299775,-1.055528538416639
JINDALSTEL,2023-05-09,up,2,-13.22005567045399,-2.2617742853502043
JINDALSTEL,2023-07-04,up,6,9.411587588448377,1.2225904731152148
JINDALSTEL,2023-07-05,up,7,1.4708228861277428,0.9038110014873535
JINDALSTEL,2023-07-14,up,2,3.829363731894886,0.3459975497805301
JINDALSTEL,2023-07-17,up,3,2.5415576701039555,-1.5773843958501899
JINDALSTEL,2023-07-25,up,1,3.854289231327046,2.179341570395543
JINDALSTEL,2023-07-31,up,1,1.1335556062548546,-0.19960079840317668
JINDALSTEL,2023-08-09,up,1,2.838634129087114,-0.20293027702291688
JINDALSTEL,2023-08-11,down,2,2.1842542159431932,0.5664496708549294
JINDALSTEL,2023-08-31,down,1,-0.5411840276261182,0.121193593117086
JINDALSTEL,2023-09-01,up,1,0.4124373877025578,2.116789393790075
JINDALSTEL,2023-12-01,up,4,6.06471164002147,2.4886681818768297
JINDALSTEL,2023-12-04,up,5,3.2268360582687228,-2.334568039413465
JINDALSTEL,2023-12-11,up,2,5.7943490283961285,3.203581520153187
JINDALSTEL,2023-12-12,down,1,0.04920452681649312,2.7827893499535516
JINDALSTEL,2023-12-14,up,2,-1.530779398112525,-2.5969447621962183
JINDALSTEL,2024-02-23,down,1,3.969040585761685,-0.5480564686488054
JINDALSTEL,2024-03-01,up,2,-4.448600934840696,4.760188556837219
JINDALSTEL,2024-03-04,up,3,0.47941813187850624,1.245290180254055
JINDALSTEL,2024-04-01,up,3,7.39204597332257,0.33960515393192114
JINDALSTEL,2024-04-02,down,1,7.3339655471925,1.6896071681695934
JINDALSTEL,2024-04-03,down,2,3.0237673395177245,0.44223327805419377
JINDALSTEL,2024-04-05,down,1,0.886124472034977,-0.5843341702244653
JINDALSTEL,2024-04-18,down,4,-0.11646322937964859,-3.3956431435057555
JINDALSTEL,2024-04-22,up,2,-0.44435939958327175,-1.9964255204679149
JINDALSTEL,2024-05-02,up,1,2.6335786164415564,-0.5079992813195933
JINDALSTEL,2024-05-14,up,3,10.79497835529384,2.3009950248756184
JINDALSTEL,2024-05-15,down,1,8.169613079947059,0.787632301696406
JINDALSTEL,2024-05-16,up,1,6.501630040065454,0.130167996102859
JINDALSTEL,2024-05-17,up,2,-5.403916325205782,-0.09849876869254537
JINDALSTEL,2024-05-21,up,3,-7.064867838428235,4.332425848777777
JINDALSTEL,2024-05-22,up,4,-4.875626410100642,-1.423116973273153
JINDALSTEL,2024-10-03,down,4,-13.141474090125271,-0.8593032076907647
JINDALSTEL,2025-03-19,up,3,-14.152728012767291,-0.7106255002716888
JINDALSTEL,2025-06-10,up,5,-3.3228716881946063,-0.9091194701600358
JINDALSTEL,2025-08-13,up,1,1.9157177841804485,-0.988088660981068
JINDALSTEL,2025-09-23,down,3,-0.08894779588073387,-0.18757198698171607
JINDALSTEL,2026-01-28,up,2,9.137286791951693,1.39519792342635
JINDALSTEL,2026-01-29,up,3,7.386421228444462,1.2584181435181474
JINDALSTEL,2026-02-04,up,2,2.9280429960758303,-1.4750270720414793
JINDALSTEL,2026-02-06,up,1,1.6772697200967857,0.4513339486638568
JINDALSTEL,2026-02-09,up,2,1.1056218470358425,-0.22197070672986818
JINDALSTEL,2026-02-16,up,1,4.407539765958957,-0.2501988813183309
JINDALSTEL,2026-02-18,up,3,3.685945339902341,0.5340235905251234
JINDALSTEL,2026-02-24,down,1,-4.823715259949768,0.23697018036927808
JINDALSTEL,2026-02-25,up,1,-8.674372044139167,2.0702936928262083
JINDALSTEL,2026-04-20,up,2,-5.898850852580928,-0.03254754266052151
JINDALSTEL,2026-04-21,up,3,-4.684667267587872,-1.149359177139353
JINDALSTEL,2026-08-20,up,1,1.4898874469198686,-1.0716501822887303
JIOFIN,2024-01-12,up,4,13.520798951932967,-0.22263888768782047
JIOFIN,2024-02-02,up,1,10.050460529038041,0.14708912252381356
JIOFIN,2024-02-05,down,1,8.938411545717951,10.48528278214027
JIOFIN,2024-02-20,up,6,5.475420643969864,-1.0895860683962977
JIOFIN,2024-02-21,down,1,22.323057681918222,0.32795734955768374
JIOFIN,2024-02-22,up,1,20.16318877479644,3.320405710993013
JIOFIN,2024-02-23,down,1,15.912415686616544,10.958481688997356
JIOFIN,2024-03-11,down,1,2.1044221717606337,2.9336078229541984
JIOFIN,2024-03-12,up,1,-0.09657654070635013,0.5670566268876964
JIOFIN,2024-04-01,up,3,3.2369427651441685,-0.6911542325279574
JIOFIN,2024-04-04,up,1,4.556842197559274,-1.3717825206136403
JIOFIN,2024-04-05,down,1,3.5334542374003464,1.7208715744778447
JIOFIN,2024-04-08,up,1,0.4448181223178249,-1.5194817006942474
JIOFIN,2024-04-18,down,4,0.5136665994272205,-0.7207610068494574
JIOFIN,2024-04-23,up,3,-8.512523651291815,1.0149993208538932
JIOFIN,2025-04-25,down,2,0.6897790681593463,-3.335512105173888
JIOFIN,2025-04-30,down,1,-0.01068778757900013,-0.01068778757900013
JIOFIN,2025-05-02,up,1,-0.6486722917991572,-1.895755503149077
JIOFIN,2025-05-13,down,1,2.6916697090524133,0.8531908407556354
JIOFIN,2025-05-15,up,2,3.8519155507434233,1.0321586027349117
JIOFIN,2025-05-16,down,1,2.093318454182813,0.37213562310076664
JIOFIN,2025-05-19,down,2,0.8628337449577472,-0.8018035622158748
JIOFIN,2025-05-23,up,1,3.794607606210487,0.7135412332281765
JIOFIN,2025-05-27,down,1,6.335196848468416,3.4692973835727114
JIOFIN,2025-05-28,down,2,3.3582535733859276,-0.8881824813957495
JIOFIN,2025-06-09,up,4,3.908195031525752,1.6803992711359683
JIOFIN,2025-06-26,up,3,3.8095246544985972,2.4880495147524107
JIOFIN,2025-06-27,up,4,0.7585950986777057,3.954500515348469
JIOFIN,2025-06-30,down,1,-4.138580779569335,-0.8298850801302327
JIOFIN,2025-07-09,down,1,-3.975154752550991,-0.9172258389371968
JKCEMENT,2025-06-27,up,4,2.7733585935254546,
JKTYRE,2023-10-17,up,1,5.625472587267288,
JKTYRE,2023-11-02,up,1,6.8429564637837,
JKTYRE,2023-11-08,up,1,-0.34208740918103553,
JKTYRE,2023-11-16,up,4,-4.673112219894648,
JKTYRE,2023-12-29,down,1,8.364032256022691,
JKTYRE,2024-01-02,down,1,-0.9259803409826683,
JKTYRE,2024-07-10,down,1,2.6159498834791073,
JKTYRE,2024-07-15,up,2,-14.597227924953026,
JKTYRE,2025-11-04,down,1,3.9211116906553656,
JKTYRE,2025-11-13,up,4,0.39203986795741663,
JMFINANCIL,2024-01-05,up,2,2.9551025346722826,
JMFINANCIL,2024-01-19,up,1,-11.10391650389736,
JMFINANCIL,2024-01-25,down,1,-8.1310650948489,
JMFINANCIL,2024-09-05,down,2,14.739300635919882,
JMFINANCIL,2024-09-13,down,1,6.89783233849266,
JMFINANCIL,2024-09-16,up,1,6.30170347404746,
JMFINANCIL,2024-09-24,up,4,18.061711015521098,
JMFINANCIL,2024-09-27,down,1,-0.26011312842962875,
JMFINANCIL,2024-09-30,down,2,-9.426551053710675,
JMFINANCIL,2024-10-01,down,3,-1.1719115911329903,
JMFINANCIL,2024-10-11,down,1,-10.488778552611622,
JMFINANCIL,2024-10-15,down,1,-12.422925009290376,
JMFINANCIL,2025-06-09,up,4,9.782067613815148,
JMFINANCIL,2025-06-25,up,2,7.1481326670578715,
JMFINANCIL,2025-06-27,up,4,3.8322030651122496,
JMFINANCIL,2025-06-30,down,1,3.2191497414149284,
JMFINANCIL,2025-07-03,down,2,7.9802452338590735,
JMFINANCIL,2025-07-08,up,3,5.444333794702971,
JMFINANCIL,2025-07-23,up,1,6.792488532024565,
JMFINANCIL,2025-08-22,down,1,-8.351102254392895,
JPPOWER,2022-01-04,up,3,6.948254616322536,
JPPOWER,2022-01-06,down,1,15.049751243781117,
JPPOWER,2022-01-07,up,1,11.172529507092598,
JPPOWER,2022-01-10,up,2,2.9140035904462236,
JPPOWER,2022-01-11,up,3,-3.7246221942703994,
JPPOWER,2022-01-12,up,4,-11.281028053201325,
JPPOWER,2023-09-04,up,2,14.810565163280565,
JPPOWER,2023-09-05,up,3,10.244230989082403,
JPPOWER,2023-09-07,up,5,15.242989101776994,
JPPOWER,2023-09-08,up,6,1.5228406345891399,
JPPOWER,2023-09-14,up,2,-5.447884859391616,
JPPOWER,2023-09-18,down,1,-5.2812860537685635,
JPPOWER,2023-11-08,up,1,-10.58692405055066,
JPPOWER,2023-11-09,down,1,-12.723069186018876,
JPPOWER,2023-11-10,up,1,-10.116084970249661,
JPPOWER,2023-11-16,up,4,-9.035674891508794,
JPPOWER,2024-01-01,up,1,16.25720043868817,
JPPOWER,2024-01-02,down,1,13.146642818610266,
JPPOWER,2024-01-03,down,2,-1.1117276381070074,
JPPOWER,2024-01-04,up,1,1.9146667784126326,
JPPOWER,2024-01-05,up,2,2.993805057081955,
JPPOWER,2024-01-30,down,1,14.45662149444209,
JPPOWER,2024-01-31,up,1,11.870021422617105,
JPPOWER,2024-02-01,down,1,6.743910833936195,
JPPOWER,2024-02-05,down,1,0.798092817505669,
JPPOWER,2024-02-06,up,1,-2.991309023198341,
JPPOWER,2024-02-07,up,2,-7.178732681513312,
JPPOWER,2024-02-08,down,1,-11.42684552810188,
JPPOWER,2024-02-09,up,1,-20.484913676581463,
JPPOWER,2024-02-12,down,1,-23.150208029934262,
JPPOWER,2025-06-11,up,6,4.084839852974742,
JPPOWER,2025-06-30,down,1,22.552005444600496,
JPPOWER,2025-07-01,up,1,20.199002950741107,
JPPOWER,2025-07-07,up,2,40.386155330358584,
JPPOWER,2025-07-08,up,3,19.149196044013685,
JPPOWER,2025-07-11,down,3,-16.023904343820494,
JPPOWER,2025-07-14,down,4,-22.119781517504823,
JPPOWER,2026-04-15,up,1,8.451549961157268,
JPPOWER,2026-04-16,down,1,4.703872398956688,
JPPOWER,2026-04-17,up,1,-0.34900730809859226,
JPPOWER,2026-04-23,down,2,-4.692218901007072,
JPPOWER,2026-04-29,up,1,-10.438116350589544,
JPPOWER,2026-05-27,down,2,-9.627519951224961,
JPPOWER,2026-05-29,down,3,-21.69870098065696,
JSL,2023-12-11,up,2,8.341695377782244,
JSL,2023-12-13,up,1,6.906904718384443,
JSL,2023-12-28,up,5,4.139240225894447,
JSL,2024-01-02,down,1,-2.7265876842676784,
JSL,2024-01-03,down,2,-10.721397083592432,
JSL,2024-01-04,up,1,-9.019714397338397,
JSL,2024-01-05,up,2,-6.751075147680552,
JSL,2024-02-27,up,1,1.3605411163640557,
JSL,2024-03-04,up,3,-8.647283828237972,
JSL,2024-03-05,down,1,3.022708264518381,
JSL,2024-03-06,up,1,1.7681426040377035,
JSL,2024-03-26,down,1,-2.593045291431517,
JSL,2024-04-01,up,3,2.2608660522506874,
JSL,2024-05-31,up,1,8.868230488821261,
JSWCEMENT,2026-06-15,up,2,3.4783267191637712,
JSWCEMENT,2026-06-17,up,4,2.254056205807342,
JSWENERGY,2023-07-05,up,7,-2.6606099935106875,0.8336245195427638
JSWENERGY,2023-07-06,up,8,-7.079639043809605,-0.5456723800932317
JSWENERGY,2023-07-07,down,1,-6.784225907253749,-1.5346615630117855
JSWENERGY,2023-07-10,up,1,-9.03619226018998,-3.979150548744048
JSWENERGY,2023-08-10,down,1,15.365205189095477,5.960433026940959
JSWENERGY,2023-08-11,down,2,7.696810067310511,0.9657594381035972
JSWENERGY,2023-08-14,up,1,9.410845779060795,3.7055937549381524
JSWENERGY,2023-08-16,up,2,5.683024450760277,2.822955802257865
JSWENERGY,2023-08-30,up,3,-2.192198751288532,-3.698591146145347
JSWENERGY,2023-09-05,up,3,5.32181154401532,1.8782663200388017
JSWENERGY,2023-09-06,up,4,2.0767151066169776,-0.9114609164587506
JSWENERGY,2023-09-08,up,6,12.986949821656157,2.4819131719499232
JSWENERGY,2023-09-11,up,7,10.171520302439419,8.4309200309574
JSWENERGY,2023-09-26,down,1,-10.063306781078085,0.01433164115334229
JSWENERGY,2023-09-27,up,1,-9.525796742257642,-2.28741167731773
JSWENERGY,2023-10-03,down,1,-18.09887017354812,-2.2643567965663136
JSWENERGY,2023-12-04,up,5,1.8218928666689838,-1.541244824826915
JSWENERGY,2023-12-06,up,7,-7.305698012978512,0.6810530051329922
JSWENERGY,2023-12-07,down,1,-8.112675920505662,3.332527412176489
JSWENERGY,2023-12-08,up,1,-11.494590433306628,-2.008396196889728
JSWENERGY,2024-01-19,up,1,-0.05632921727787288,5.268667275545358
JSWENERGY,2024-01-23,down,1,-6.409128434878286,-7.326114525412142
JSWENERGY,2024-02-08,down,1,-0.7026355017812791,-0.5658867924677069
JSWENERGY,2024-02-26,down,2,-7.90798901168448,0.22731880998025922
JSWENERGY,2024-04-04,up,1,6.932365704093457,-0.5145596928716634
JSWENERGY,2024-04-08,up,1,5.144805772462191,3.7857072254620983
JSWENERGY,2024-04-19,up,1,-1.039826492660112,2.1747502613315817
JSWENERGY,2024-04-22,up,2,-1.9229863270440295,-3.994979194828996
JSWENERGY,2024-06-13,up,3,8.473906112959373,-0.7673275421731018
JSWENERGY,2024-06-14,up,4,7.65490047384545,3.2439693335784225
JSWENERGY,2024-06-18,up,5,4.757372679408034,3.1432674855690568
JSWENERGY,2024-06-21,down,1,-0.5811538574639785,1.7678681896994952
JSWENERGY,2024-06-24,up,1,-1.5294390400974023,2.2360723853261266
JSWENERGY,2024-09-20,up,2,-10.329166265569656,0.1464531592927365
JSWENERGY,2024-09-23,up,3,-12.766752127385539,-0.05639944671825825
JSWENERGY,2024-09-24,up,4,-13.726964198758552,-1.1233142463781598
JSWENERGY,2025-03-24,up,6,-12.261609677915198,-0.1520176893310965
JSWENERGY,2025-06-05,up,2,-6.390132486142209,0.1258414823893217
JSWENERGY,2025-06-06,up,3,-7.207606605667349,1.7230942652206593
JSWENERGY,2025-06-09,up,4,-0.8488498585403792,1.9807893425190182
JSWENERGY,2026-04-27,up,1,-6.594326027229391,1.4208843048917785
JSWENERGY,2026-04-28,down,1,-7.136779078380895,1.0931462940780623
JSWINFRA,2023-11-06,up,3,15.538012417252588,
JSWINFRA,2023-11-07,down,1,11.086042391053308,
JSWINFRA,2023-11-08,up,1,5.628304457548272,
JSWINFRA,2023-11-17,down,1,1.5345686132335334,
JSWINFRA,2023-12-01,up,4,-4.635908591806592,
JSWINFRA,2023-12-04,up,5,-6.547438263685745,
JSWINFRA,2023-12-05,up,6,-7.820300759304411,
JSWINFRA,2023-12-06,up,7,-10.646934254179586,
JSWINFRA,2023-12-07,down,1,-15.368031933793336,
JSWINFRA,2024-02-23,down,1,-12.119729222738751,
JSWINFRA,2024-02-26,down,2,-9.584153552329743,
JSWINFRA,2024-05-22,up,4,4.707782159321283,
JSWINFRA,2024-05-27,down,2,3.075444135659877,
JSWINFRA,2024-05-28,down,3,2.216036695821111,
JSWINFRA,2024-05-29,down,4,1.3010347742619555,
JSWINFRA,2024-06-14,up,4,2.8031973105036245,
JSWINFRA,2024-06-18,up,5,-0.14306506747367997,
JSWINFRA,2024-06-21,down,1,12.840836230995478,
JSWINFRA,2024-06-24,up,1,10.533978525879606,
JSWINFRA,2024-06-25,up,2,8.05312781428178,
JSWINFRA,2024-06-28,down,1,-4.809283218142236,
JSWINFRA,2024-07-01,up,1,-6.5091174463896895,
JSWINFRA,2024-07-04,up,2,-4.671178196253079,
JSWINFRA,2024-09-23,up,3,1.7822790611180972,
JSWINFRA,2024-09-27,down,1,-12.566970326263615,
JSWINFRA,2026-06-23,down,1,11.699773580659944,
JSWINFRA,2026-06-24,up,1,9.752749737275114,
JSWINFRA,2026-07-13,up,3,-3.6881216586715837,
JSWSTEEL,2022-03-24,down,2,5.654827890696179,0.6236423516221778
JSWSTEEL,2022-03-25,down,3,4.2598023660796125,-0.15177759569076077
JSWSTEEL,2022-03-28,up,1,3.6250236204986797,0.1872947718393636
JSWSTEEL,2022-03-29,up,2,2.923752004783431,2.025927166871444
JSWSTEEL,2022-04-11,down,1,-7.913846914495837,0.10750749867043385
JSWSTEEL,2022-04-13,down,3,-12.906438698643862,-1.909805809661358
JSWSTEEL,2022-04-19,down,5,-17.331785256203393,-3.4401639616474466
JSWSTEEL,2022-07-28,up,2,5.95416841027705,2.6665303154974174
JSWSTEEL,2022-07-29,up,3,3.6130398132348196,0.7166041123765732
JSWSTEEL,2022-08-02,up,5,0.6977611485522894,0.8995583703945265
JSWSTEEL,2022-08-03,up,6,2.1127132202277465,-0.04588762447848005
JSWSTEEL,2022-08-04,down,1,-2.1839971471230846,0.14997468354398524
JSWSTEEL,2022-08-12,up,5,0.03792396997033265,-0.5415188246248426
JSWSTEEL,2022-11-11,up,1,1.7740083868934997,0.3916418007455569
JSWSTEEL,2022-11-14,down,1,0.963425190924494,-0.7111389195391449
JSWSTEEL,2022-11-29,up,6,3.3263549037996,0.2536043614340011
JSWSTEEL,2022-11-30,up,7,2.301368613534849,1.0236221564784431
JSWSTEEL,2022-12-01,up,8,0.9636923427323918,-0.3640684838053243
JSWSTEEL,2022-12-05,up,1,0.1632385147690929,-0.23321205677891976
JSWSTEEL,2023-05-02,up,6,-4.81019149011227,-1.1734804239671104
JSWSTEEL,2023-06-14,up,3,1.9690626473141792,1.26618364474278
JSWSTEEL,2023-06-20,up,1,-0.3193718855769023,-1.6235924706311744
JSWSTEEL,2023-06-28,up,3,2.5514481737450856,-0.5228165854808786
JSWSTEEL,2023-07-03,up,5,1.9100546397514462,0.3259635478485068
JSWSTEEL,2023-07-10,up,1,0.5426920001802671,0.3949693705775692
JSWSTEEL,2023-11-29,up,2,6.222461692926484,0.4832751979372052
JSWSTEEL,2023-11-30,up,3,5.093002671687263,0.7921243956078738
JSWSTEEL,2023-12-01,up,4,3.3439435538179074,0.9615013748866197
JSWSTEEL,2023-12-04,up,5,2.4753503141882627,-0.37542349601683567
JSWSTEEL,2023-12-06,up,7,1.1106664722317694,-0.1421449403067765
JSWSTEEL,2023-12-08,up,1,4.576708341539537,0.4755396452053251
JSWSTEEL,2023-12-12,down,1,2.1199016209508814,-0.33429275686335247
JSWSTEEL,2023-12-15,up,3,1.013250484530892,-2.665622750751795
JSWSTEEL,2023-12-27,up,4,-7.115386731930073,0.914077226785337
JSWSTEEL,2023-12-28,up,5,-9.285108838782541,-0.4410731368681198
JSWSTEEL,2024-04-09,down,1,-1.3606869085649342,-0.5539293399580814
JSWSTEEL,2024-04-25,up,5,1.2883866919153553,1.5730130031825773
JSWSTEEL,2024-04-26,down,1,-0.7108740610429654,-1.7010832909009066
JSWSTEEL,2024-07-04,up,2,-6.042819741468852,-1.0922124341147366
JSWSTEEL,2024-08-26,up,8,2.3538473154817163,1.5579973692456006
JSWSTEEL,2024-09-13,down,1,1.9910901650517454,-0.10265621298194416
JSWSTEEL,2024-09-16,up,1,0.4336101866836195,-0.6458797778119862
JSWSTEEL,2024-09-27,down,1,-3.291029101733145,-1.0690248365108679
JSWSTEEL,2024-09-30,down,2,-5.893049100961378,0.48881857704607956
JSWSTEEL,2024-10-03,down,4,-7.7032349203849275,0.37911665131085126
JSWSTEEL,2025-02-07,down,3,1.1765801649268992,0.9640800298247765
JSWSTEEL,2025-03-05,up,1,3.7599190943312433,1.7165534677232808
JSWSTEEL,2025-03-06,up,2,2.0048542590556773,-0.20137408197108408
JSWSTEEL,2025-03-19,up,3,-4.592265012386621,0.00830993904841204
JSWSTEEL,2025-03-20,up,4,-4.203908822648927,-0.022333414113762107
JSWSTEEL,2025-03-21,up,5,-4.599345824184542,0.466507763122892
JSWSTEEL,2025-03-24,up,6,-5.6807660045781745,-0.6098932832931503
JSWSTEEL,2025-09-23,down,3,3.7764585173542864,0.5268276193818533
JSWSTEEL,2025-09-24,down,4,1.8600335579831873,-0.40217244908404837
JSWSTEEL,2025-09-26,down,6,-0.4375237360248585,-3.1543402710821344
JSWSTEEL,2025-10-03,up,2,0.12442510499248716,-1.0257449044340339
JSWSTEEL,2025-10-29,up,1,-1.872970286512321,1.305676569744607
JSWSTEEL,2026-01-27,up,1,3.0375164947800792,1.9943940315495512
JSWSTEEL,2026-01-29,up,3,-0.7882644881063272,-0.8205724623635002
JSWSTEEL,2026-02-09,up,2,1.2847448562908426,-0.497512437810943
JSWSTEEL,2026-02-10,up,3,-3.8044774767017397,-0.9891921926315939
JSWSTEEL,2026-04-21,up,3,-0.8164786377679478,-0.1863240482497419
JSWSTEEL,2026-04-28,down,1,-1.5562165140469486,-1.5715562511267822
JSWSTEEL,2026-05-14,up,2,-1.2359334871035466,1.0716381603940395
JSWSTEEL,2026-05-15,down,1,-3.948865841399818,-2.4784195408866783
JSWSTEEL,2026-08-26,down,1,-6.353685647567531,1.3020804043085477
JSWSTEEL,2026-08-27,down,2,-7.331350376079149,-0.927877304612279
JUBLFOOD,2022-07-13,down,3,-2.3376248539781708,-1.0597675650802052
JUBLFOOD,2022-08-17,up,7,1.5761569319892255,2.1781847067185334
JUBLFOOD,2022-08-18,up,8,-2.1260310558500417,1.7742730222913838
JUBLFOOD,2022-09-12,up,3,-1.7595595417092547,0.4849757242729291
JUBLFOOD,2022-09-13,up,4,0.35808606871099435,-3.191051113857457
JUBLFOOD,2022-09-14,down,1,0.4929511944067544,0.6108637600457545
JUBLFOOD,2023-05-17,down,2,2.861304166634193,-0.27846139548709514
JUBLFOOD,2023-05-25,up,1,1.9644047802226172,0.4051892899388454
JUBLFOOD,2023-09-11,up,7,-2.244291006908228,0.05121451565701651
JUBLFOOD,2023-09-27,up,1,-3.9251974109296928,0.16444039104372976
JUBLFOOD,2023-11-29,up,2,1.7830312893807543,1.9006830332195301
JUBLFOOD,2023-12-04,up,5,-0.2081654982206027,-1.5409403372657837
JUBLFOOD,2023-12-20,down,1,0.10506338901146162,-4.448690318164017
JUBLFOOD,2024-05-23,up,5,0.7850005650587688,-2.734213862361601
JUBLFOOD,2024-05-28,down,3,5.087615670066636,-1.1708959061757063
JUBLFOOD,2024-05-29,down,4,2.936274045905507,-0.4781171969789
JUBLFOOD,2024-05-30,down,5,1.4430132249390715,-3.3748574750519067
JUBLFOOD,2024-06-05,up,1,4.700941441016049,1.8783826806749504
JUBLFOOD,2024-06-18,up,5,1.1518519013102635,1.1518519013102635
JUBLFOOD,2024-06-21,down,1,4.738982534388536,-1.0373577332203898
JUBLFOOD,2024-06-24,up,1,3.4800844816428977,2.0767568992423158
JUBLFOOD,2024-06-25,up,2,1.4859460852442163,-2.740824369900019
JUBLFOOD,2024-07-10,down,1,2.9829828512480283,0.11972304798733013
JUBLFOOD,2024-07-16,up,3,2.943542558581669,-0.6924533065613026
JUBLFOOD,2024-08-02,down,1,6.98406099427149,-2.189282705080775
JUBLFOOD,2024-08-12,down,1,5.767369057938865,5.250009128596855
JUBLFOOD,2024-08-22,up,6,0.8888802839499332,-0.3459935011387971
JUBLFOOD,2024-09-13,down,1,2.798787313404638,0.8106574407119593
JUBLFOOD,2024-09-19,up,1,-10.607542664188173,1.0204469923421389
JUBLFOOD,2024-09-20,up,2,-12.146580667100281,0.6659706366392681
JUBLFOOD,2024-09-23,up,3,-13.395326593286105,-0.8071181107423442
JUBLFOOD,2024-12-04,up,4,4.91039370167885,0.2955466938432405
JUBLFOOD,2024-12-05,up,5,6.079054078012347,-0.8196033345090448
JUBLFOOD,2024-12-06,down,1,6.814150159371324,2.9874171275747097
JUBLFOOD,2024-12-10,down,3,5.2475389427203645,0.15744227731548932
JUBLFOOD,2024-12-11,up,1,4.4479391445624294,0.011159132417071227
JUBLFOOD,2024-12-27,up,2,3.6165986480273915,-0.6937508592916863
JUBLFOOD,2025-01-01,up,1,-3.9153828835473914,1.4653573505567064
JUBLFOOD,2025-01-02,up,2,-7.65470727240567,1.3757141696418396
JUBLFOOD,2025-01-03,down,1,-12.138219490504188,2.0231124128713196
JUBLFOOD,2025-01-06,down,2,-17.982360464579394,-1.3707903307549674
JUBLFOOD,2025-04-15,up,2,-3.735700677809106,0.2977033180144639
JUBLFOOD,2025-04-23,up,7,-4.270684252038793,0.5175333233191859
JUBLFOOD,2025-04-30,down,1,-6.79417424760711,-1.1610449937546674
JUBLFOOD,2026-08-10,up,1,-0.3568846210530885,-0.5577779988332199
JUBLFOOD,2026-08-13,down,3,-3.5048710542282313,-1.0170567065820868
JUBLFOOD,2026-08-14,down,4,-4.825418524129221,-0.5862359055599509
JUBLFOOD,2026-08-26,down,1,-10.04669550519951,-4.680053455655364
JUBLINGREA,2021-10-18,up,7,-17.746808680719507,
JUBLINGREA,2024-09-04,down,1,7.3929791443396065,
JUBLINGREA,2024-09-05,down,2,0.7446048244674541,
JUBLINGREA,2024-09-16,up,1,5.91636419258077,
JUBLINGREA,2024-09-26,up,6,3.585127796133847,
JUBLINGREA,2024-10-03,down,4,-14.81522666802011,
JUBLINGREA,2025-07-03,down,2,4.1027318334294405,
JUBLINGREA,2025-07-07,up,2,-1.9252631389119368,
JUBLINGREA,2025-07-08,up,3,-3.5110486851733125,
JUBLINGREA,2025-07-09,down,1,-1.427786142804155,
JUBLPHARMA,2024-09-13,down,1,1.0846285618693718,
JUBLPHARMA,2024-09-16,up,1,-7.658127360599187,
JWL,2024-05-09,down,5,25.15407138899166,
JWL,2024-05-10,up,1,23.3555968936332,
JWL,2024-05-13,up,2,11.203376375460184,
JWL,2024-05-14,up,3,9.207416999230933,
JWL,2024-05-16,up,1,5.866463515506859,
JWL,2024-05-17,up,2,5.262662392794826,
JWL,2024-05-21,up,3,4.989073324963966,
JWL,2024-05-22,up,4,3.566251972579848,
JWL,2024-05-27,down,2,15.591770573369313,
JWL,2024-05-30,down,5,13.058523123301757,
JWL,2024-05-31,up,1,10.298677020123526,
JWL,2024-06-03,up,2,6.532380731631493,
JWL,2024-06-12,up,2,4.998454843457911,
JWL,2024-06-13,up,3,1.2432230253384802,
JWL,2024-07-04,up,2,-13.43949971678441,
JWL,2024-07-05,up,3,-15.577538203381735,
JWL,2024-12-11,up,1,-1.916342331021692,
JWL,2024-12-12,down,1,-10.431058556734097,
JWL,2025-04-15,up,2,-11.64854454590224,
JWL,2025-04-22,up,6,-2.8554559401420154,
JWL,2026-04-28,down,1,0.35129202036667806,
JWL,2026-05-05,down,1,-2.575452016683044,
JYOTICNC,2025-11-24,down,2,-5.794996485983084,
JYOTICNC,2026-06-24,up,1,3.48491830688642,
JYOTICNC,2026-07-01,up,1,0.18797585517282833,
JYOTICNC,2026-07-10,up,2,0.849397077856251,
JYOTICNC,2026-07-15,up,1,5.572634367103602,
JYOTICNC,2026-07-16,down,1,4.1499803170693905,
JYOTICNC,2026-08-18,down,6,12.475631308216716,
JYOTICNC,2026-08-19,down,7,3.7958180744646075,
JYOTICNC,2026-08-21,up,2,1.4753354311553668,
JYOTICNC,2026-08-24,down,1,-3.5618267325638664,
JYOTICNC,2026-08-25,up,1,-4.237569688391741,
JYOTICNC,2026-08-26,down,1,-4.390268332060088,
JYOTICNC,2026-08-27,down,2,-5.627208095097558,
JYOTICNC,2026-08-28,up,1,-7.459338367553736,
JYOTICNC,2026-09-08,down,2,-8.121604552900441,
KAJARIACER,2025-08-07,up,1,-3.8979525872544385,
KAJARIACER,2025-08-08,down,1,-5.511684214084589,
KALYANKJIL,2023-06-28,up,3,11.253325870068043,2.4673078378915747
KALYANKJIL,2023-06-30,up,4,6.493623087010625,1.7867206934079727
KALYANKJIL,2023-07-03,up,5,3.017884858590225,0.43992275431845584
KALYANKJIL,2023-07-06,up,8,13.438041122319454,2.8886958169796584
KALYANKJIL,2023-07-07,down,1,11.900153083668009,5.187430473347865
KALYANKJIL,2023-07-11,up,2,3.1180452403196224,6.135990380539136
KALYANKJIL,2023-07-12,down,1,-4.8249339781647915,2.2460218926996456
KALYANKJIL,2023-07-17,up,3,-5.894989208509626,-1.6309858540160316
KALYANKJIL,2023-08-17,down,1,11.354340763629779,-1.603095632946372
KALYANKJIL,2023-08-29,up,2,9.72071820510001,0.22146497744781612
KALYANKJIL,2023-08-30,up,3,-3.3330207253169597,1.2124484574528527
KALYANKJIL,2023-08-31,down,1,-5.2296606290875065,8.627262612023422
KALYANKJIL,2023-10-11,up,2,5.465955897194075,1.1373396700690819
KALYANKJIL,2023-10-12,down,1,3.4949883969426,-0.46104905820755215
KALYANKJIL,2023-10-16,down,3,15.16059592871295,3.7484436173618185
KALYANKJIL,2023-10-17,up,1,10.657781644195751,3.083197815932226
KALYANKJIL,2023-10-18,down,1,7.387844882670769,0.9058175807305835
KALYANKJIL,2023-11-06,up,3,3.5759693108839086,4.2682985696014475
KALYANKJIL,2023-11-07,down,1,-0.2366713530218889,4.274307043953329
KALYANKJIL,2023-11-08,up,1,-1.8025058467023958,2.948270854020807
KALYANKJIL,2023-11-09,down,1,-4.938067545791036,-4.457247725495006
KALYANKJIL,2024-01-10,up,2,-12.552573214762175,-1.6554156700201106
KALYANKJIL,2024-03-01,up,2,0.06415488177455853,3.346786803731927
KALYANKJIL,2024-03-04,up,3,0.8261065983411475,-0.42465539424415555
KALYANKJIL,2024-03-11,down,1,2.9845342579752687,-4.639947300039349
KALYANKJIL,2024-06-28,down,1,9.722219691743117,4.529436152570487
KALYANKJIL,2024-07-15,up,2,6.1776061776061875,-0.6127615947170373
KALYANKJIL,2024-07-16,up,3,4.8118151500714745,0.004982123979924147
KALYANKJIL,2024-07-19,down,1,3.1894934333958735,-0.7962020266281122
KALYANKJIL,2024-07-22,down,2,2.4448606939068807,-1.7969852231380368
KALYANKJIL,2024-07-23,down,3,2.666262332647218,2.178816144738005
KALYANKJIL,2024-07-24,down,4,0.7337479556320359,4.524997969930933
KALYANKJIL,2024-08-26,up,8,2.9039324086878926,-0.44926687283639577
KALYANKJIL,2024-09-02,up,13,9.748079242001296,1.7474393470721994
KALYANKJIL,2024-09-03,up,14,6.3365324992045835,-0.34324501523389506
KALYANKJIL,2024-09-04,down,1,4.8731857216925745,-0.3453679614161542
KALYANKJIL,2024-09-05,down,2,4.116984382522881,-1.9702247774410542
KALYANKJIL,2024-09-11,down,1,9.674186592499613,-0.27230876924316805
KALYANKJIL,2024-09-12,up,1,8.56843489795236,3.7233584748494364
KALYANKJIL,2024-09-13,down,1,4.630150981654801,3.584567374615011
KALYANKJIL,2024-09-23,up,3,-0.23181821201069264,2.557971158891803
KALYANKJIL,2024-10-15,down,1,-14.3614337888895,-1.4033965535554138
KALYANKJIL,2024-12-02,up,2,4.722050044889814,-2.0910631409276292
KALYANKJIL,2024-12-09,down,2,1.6583747927031656,3.2172470978441225
KALYANKJIL,2025-04-16,up,3,-1.4090702477949413,-0.2506338879737058
KALYANKJIL,2025-04-17,up,4,1.2235654269413754,-0.7326317373435254
KALYANKJIL,2025-04-22,up,6,3.032921294554325,-1.7796218559977706
KALYANKJIL,2025-04-23,up,7,2.3353924785517233,-1.0788631767290835
KALYANKJIL,2025-05-12,up,1,5.744647845060635,0.13508085817537374
KALYANKJIL,2025-05-13,down,1,3.76557133341322,1.4195079647633557
KALYANKJIL,2025-05-14,up,1,1.4026091785644512,-1.4966473885760556
KALYANKJIL,2025-05-26,up,2,-8.184744316305625,0.08365038400366398
KALYANKJIL,2025-07-17,down,1,2.183165213457472,0.4628556754623814
KALYANKJIL,2025-07-23,up,1,-15.818769252333475,-0.0893808235279514
KALYANKJIL,2025-11-04,down,1,-4.793343323197707,0.2104883672084501
KALYANKJIL,2026-06-30,down,2,13.827248521755342,-0.17632945665474464
KALYANKJIL,2026-07-09,up,1,28.488919200527498,13.505048327370828
KALYANKJIL,2026-07-10,up,2,27.576409118261935,4.499822316986513
KALYANKJIL,2026-07-13,up,3,18.2338270720384,6.120204583704836
KALYANKJIL,2026-07-14,down,1,7.452958566681889,-0.10467020237238112
KALYANKJIL,2026-07-15,up,1,6.830338850432427,1.3530501152241303
KALYANKJIL,2026-07-16,down,1,9.859048782573065,-2.1227799297523275
KALYANKJIL,2026-07-17,up,1,8.949493410902654,2.7798462031566773
KALYANKJIL,2026-07-21,down,2,4.817897626316481,-0.5836617776916131
KALYANKJIL,2026-07-22,down,3,4.231314471283287,2.47513625774487
KALYANKJIL,2026-07-28,down,1,-0.5636310828023516,1.155352804085874
KALYANKJIL,2026-07-29,up,1,-3.0705698663749503,2.7595247982672655
KALYANKJIL,2026-07-30,up,2,-6.564547902166062,-0.5131952682106533
KARURVYSYA,2026-01-27,up,1,16.139853652387636,
KARURVYSYA,2026-01-29,up,3,6.342343127596917,
KARURVYSYA,2026-02-03,up,1,9.27388800863942,
KARURVYSYA,2026-02-09,up,2,3.5226307450268113,
KARURVYSYA,2026-02-24,down,1,-13.895564062051058,
KARURVYSYA,2026-02-25,up,1,-20.221902935772818,
KARURVYSYA,2026-05-07,down,1,-7.033346000877061,
KARURVYSYA,2026-07-21,down,2,6.411944185323404,
KARURVYSYA,2026-07-22,down,3,-2.3847083375033495,
KARURVYSYA,2026-08-03,up,4,-3.286099016573585,
KAYNES,2024-06-25,up,2,4.65784735596213,-0.003703566534563052
KAYNES,2024-06-26,up,3,3.578370541386877,-2.2568884457867755
KAYNES,2024-07-05,up,3,-5.490800678781116,5.121907502410061
KAYNES,2024-07-08,down,1,2.865541562318441,-2.15329795877941
KAYNES,2024-07-29,up,2,8.857978814787447,6.496533931948578
KAYNES,2024-08-13,down,2,5.620646006530872,1.3391241404270726
KAYNES,2024-08-14,up,1,0.09761524983207259,2.206264136857916
KAYNES,2024-08-16,up,2,-7.122445846373759,1.3716188251801098
KAYNES,2024-08-19,up,3,-11.687243291102057,0.8202748254886982
KAYNES,2024-08-20,up,4,-13.43096533631093,-2.513697926875935
KAYNES,2024-09-12,up,1,-0.5270676321363355,3.6402147677454533
KAYNES,2024-09-17,up,2,-2.61442770150343,1.3845996384415526
KAYNES,2024-09-18,down,1,-1.8401166951713455,-1.6309752032973024
KAYNES,2024-09-24,up,4,-0.6837980075241945,-2.2867203515685053
KAYNES,2024-11-26,down,1,4.880929874190354,-0.21867634824209725
KAYNES,2024-12-02,up,2,15.286059531472018,2.816266953981117
KAYNES,2024-12-03,up,3,11.442250458919933,-1.2324027675431282
KAYNES,2024-12-11,up,1,9.241763426506644,0.03643777546347149
KAYNES,2024-12-12,down,1,8.585392019375737,0.4259503633673223
KAYNES,2024-12-16,down,1,6.120807738002676,5.525599621129906
KAYNES,2024-12-17,down,2,-4.274010674463358,-0.023042908820714025
KAYNES,2024-12-19,down,4,-10.076333271795868,-0.587811376187497
KAYNES,2025-01-01,up,1,-31.5664607553492,-2.045044699382248
KAYNES,2025-05-13,down,1,-3.8186682000161842,4.591621764971232
KAYNES,2025-05-14,up,1,-9.668430001889284,0.44713143145034273
KAYNES,2025-05-15,up,2,-11.750027293002073,2.5826977962850384
KAYNES,2025-05-16,down,1,-11.800416414678839,-3.0520149022902676
KAYNES,2025-07-02,down,1,-8.416919326818528,0.3868478888287452
KAYNES,2025-07-03,down,2,-10.718264112582832,-2.603176555993114
KAYNES,2025-09-01,up,1,10.346762133893117,4.211598124034532
KAYNES,2025-09-03,up,1,4.1079890295920185,0.544824170381375
KAYNES,2025-09-04,up,2,3.15765108497561,-0.40961271381606545
KAYNES,2025-09-08,up,4,7.026196578435395,1.1034294616384166
KAYNES,2025-09-12,up,8,3.041336800299721,-0.4906006228927451
KAYNES,2025-09-19,down,1,1.6851579775921666,-3.1440003164872055
KAYNES,2025-09-24,down,4,-5.279918062353484,0.9995295494750422
KAYNES,2025-09-25,down,5,-7.212971941144541,-0.9866305512427176
KAYNES,2025-10-07,up,4,-10.012031346535288,-1.2389035216076372
KAYNES,2026-04-17,up,1,5.185308694643198,-0.4503325006074199
KAYNES,2026-04-21,up,3,-5.505420630859459,-1.4029457668652157
KAYNES,2026-04-22,down,1,-6.102207470498245,3.189482556919443
KAYNES,2026-05-08,down,2,-25.39549443792273,0.7322935882386084
KAYNES,2026-08-24,down,1,-13.752476528852764,-1.8705567383539567
KAYNES,2026-08-25,up,1,-15.020582717797403,-0.9970935619304622
KAYNES,2026-08-26,down,1,-15.722276892778686,0.08757662955085621
KEC,2024-07-03,up,1,-7.41031683686828,
KEC,2024-09-05,down,2,4.431403354743324,
KEC,2024-09-06,down,3,0.9114789415395563,
KEC,2024-09-26,up,6,-4.354758739752695,
KEC,2024-09-30,down,2,-10.322616441265897,
KEC,2024-11-28,down,1,16.015313092827334,
KEC,2024-12-03,up,3,7.378520595070737,
KEC,2024-12-04,up,4,5.064497073178975,
KEC,2024-12-20,down,5,-24.505100684544256,
KEC,2025-05-26,up,2,8.639268114404297,
KEC,2025-05-27,down,1,4.790334044065392,
KEC,2025-06-09,up,4,-0.3847660993252733,
KEC,2025-06-25,up,2,-5.290164540196796,
KEC,2025-06-26,up,3,-6.719072485553301,
KEC,2025-09-23,down,3,-5.116475786615016,
KEI,2023-12-14,up,2,6.874124513766966,0.022762006958676473
KEI,2024-04-12,down,1,-0.37410856942441395,2.1004637387475267
KEI,2024-04-24,up,4,-0.08843294611500241,-2.8291197812781665
KEI,2024-05-16,up,1,1.497123022401703,2.1644084897276983
KEI,2024-06-10,down,1,11.674470549324024,5.868483205594077
KEI,2024-06-11,up,1,3.973032903807572,-2.617518341611258
KEI,2024-06-13,up,3,-0.32328730951550755,2.0892441651243265
KEI,2024-06-14,up,4,-6.320312889556101,-1.7023736973243775
KEI,2024-07-04,up,2,-6.19259665965547,0.7793018609952629
KEI,2024-07-05,up,3,-8.284387263003545,-0.8365328383635351
KEI,2024-12-10,down,3,-1.8686549955481246,0.3379005862725215
KEI,2024-12-11,up,1,-2.9308793722021664,0.6611863408990004
KEI,2025-05-13,down,1,2.2193787375512475,0.7878984408550505
KEI,2025-05-15,up,2,4.836376981476942,1.4216521693948714
KEI,2025-05-27,down,1,5.860684393525095,0.4995757951215207
KEI,2025-05-28,down,2,4.522513212751211,2.35274520868356
KEI,2025-05-29,up,1,2.0707342942636098,-0.04813757951720454
KEI,2025-06-06,up,3,2.039989957969257,2.309937021350139
KEI,2025-06-09,up,4,0.1521082923030992,0.9047146870807987
KEI,2025-07-15,up,1,-2.0172994688433143,-0.0739227976906287
KEI,2025-07-17,down,1,-2.3426951489360137,0.41490891249373885
KEI,2025-07-18,down,2,-4.088363128025296,-1.893396545985937
KEI,2025-10-08,down,1,-3.6263785847798435,0.784725355603455
KEI,2025-10-14,down,2,-9.640235869065062,0.9979006700601145
KEI,2025-10-15,up,1,-10.502545949568965,0.8233092335522496
KEI,2026-02-20,up,1,5.86191058908172,2.907027162444731
KEI,2026-02-23,up,2,2.8088398134718418,-1.015297646433444
KEI,2026-02-25,up,1,-6.917092072046948,1.5561812306298384
KEI,2026-02-26,up,2,-9.248610700642923,0.20057321881397083
KEI,2026-02-27,down,1,-21.544225130030537,-3.2598320391718394
KEI,2026-03-02,down,2,-19.658069729629723,-0.2443749939149531
KEI,2026-04-21,up,3,1.589177967576183,-3.080273189821281
KEI,2026-04-29,up,1,0.4777996041625654,-1.9674445212785274
KEI,2026-05-05,down,1,4.122292971144836,-0.8959127868623518
KEI,2026-05-06,up,1,5.512162615902194,-0.6544399818712021
KEI,2026-05-21,down,1,3.264317878746481,-0.21878496045227847
KEI,2026-05-22,up,1,2.3438087243198735,0.06624103279637694
KEI,2026-05-27,down,2,5.059361750648073,1.9207033558819697
KEI,2026-06-15,up,2,4.027841525975173,0.8204623418660795
KEI,2026-06-17,up,4,-9.735741581945334,1.7286754632634072
KEI,2026-08-17,down,5,-19.81159816814505,0.26448527130495947
KFINTECH,2024-08-09,up,1,14.134252108650735,14.427860696517424
KFINTECH,2024-08-27,up,9,-4.600753845173367,7.053960001565218
KFINTECH,2024-09-20,up,2,5.371649720294025,0.039842577441007165
KFINTECH,2024-09-23,up,3,4.21212476456414,-0.6212068390161307
KFINTECH,2024-10-01,down,3,-11.684893217873405,-2.4485416056969966
KFINTECH,2024-12-05,up,5,6.349955973877841,1.0952976759006416
KFINTECH,2024-12-18,down,3,20.5966824438665,-1.376119782990337
KFINTECH,2024-12-19,down,4,17.97442323163496,4.103799600326874
KFINTECH,2024-12-20,down,5,9.490902369973387,-1.3192753929741396
KFINTECH,2024-12-24,down,1,-7.275047353818187,-0.053306554554966024
KFINTECH,2024-12-26,up,1,-10.090787272246182,1.1437875369976203
KFINTECH,2024-12-30,down,1,-27.910675961227405,-2.951365729212896
KFINTECH,2025-06-23,down,1,-1.6082397635128531,3.6445640920880207
KFINTECH,2025-06-24,up,1,-4.085180943392119,-0.40893159027617365
KFINTECH,2025-06-25,up,2,-6.7382421829540124,-2.1704343778185087
KFINTECH,2025-10-27,up,1,-6.587750900669064,1.5611597186481418
KFINTECH,2025-10-28,down,1,-8.614818571483617,-1.595587427886025
KFINTECH,2026-08-17,down,5,-4.508666032645603,1.0862450082972819
KFINTECH,2026-08-21,up,2,-8.71796552647387,-0.2084489477026219
KIRLOSENG,2025-11-12,up,3,9.23887102822496,
KIRLOSENG,2025-11-17,up,6,-0.7869698029737471,
KIRLOSENG,2025-11-18,down,1,-0.4088609005712285,
KIRLOSENG,2025-11-19,up,1,-3.5744621838542323,
KIRLOSENG,2025-11-20,up,2,-6.305667039905893,
KIRLOSENG,2025-12-17,down,3,-6.985599463913406,
KIRLOSENG,2025-12-18,down,4,-10.76400752716552,
KIRLOSENG,2025-12-22,up,2,-12.148006376396115,
KIRLOSENG,2026-03-06,down,1,-10.328997463795975,
KIRLOSENG,2026-06-23,down,1,0.5184097857525716,
KIRLOSENG,2026-07-13,up,3,-11.540978639687093,
KOTAKBANK,2021-09-28,down,1,-2.554769795200884,-0.4056479320652451
KOTAKBANK,2021-10-21,down,3,0.8514154099149129,4.749949066406445
KOTAKBANK,2021-10-22,down,4,-3.161687743399444,-0.6360323910645338
KOTAKBANK,2021-10-26,up,2,-7.211154809170283,-0.5720803432541888
KOTAKBANK,2021-10-27,down,1,-10.072402574529683,-2.796287780631568
KOTAKBANK,2022-09-14,down,1,-10.244382821652298,0.0363553047901366
KOTAKBANK,2022-11-16,up,2,-2.037579149573576,0.6453752645135369
KOTAKBANK,2023-04-13,up,9,3.7336175704778096,1.1055590655167036
KOTAKBANK,2023-04-17,down,1,2.886835761498996,0.9172823653501583
KOTAKBANK,2023-04-28,up,5,1.2598152189140066,-0.2791465609409238
KOTAKBANK,2023-05-05,down,1,-0.8060490564687162,-1.2726864716476882
KOTAKBANK,2023-12-22,up,2,-1.2416031217328816,-0.4148365994849246
KOTAKBANK,2023-12-26,up,3,-2.1729557981360115,0.2621280777511448
KOTAKBANK,2023-12-27,up,4,-6.751130048647058,0.13126167246995113
KOTAKBANK,2023-12-28,up,5,-7.41319262143959,-0.38810829941017255
KOTAKBANK,2024-06-26,up,3,1.0794802032558115,-0.8986713074583319
KOTAKBANK,2024-06-27,up,4,-0.19067792109257464,-0.15780398867466516
KOTAKBANK,2024-06-28,down,1,-4.85277531567877,-2.41935209307903
KOTAKBANK,2024-07-05,up,3,-3.407822939391447,-0.17175372977709102
KOTAKBANK,2024-07-09,up,1,-3.177942164169334,-1.298156882061341
KOTAKBANK,2024-09-23,up,3,-2.103974511246287,-0.048118905480498686
KOTAKBANK,2025-02-07,down,3,-1.8609756032471614,-0.799934160195892
KOTAKBANK,2025-02-13,down,7,0.23467888963493166,-0.32078085123422584
KOTAKBANK,2025-03-21,up,5,3.0149059766608755,1.8796770659946338
KOTAKBANK,2025-03-24,up,6,3.7954787887213293,3.406504473178762
KOTAKBANK,2025-03-25,up,7,-0.3221299926113086,-0.9188932475468481
KOTAKBANK,2025-04-17,up,4,-4.772671116810667,0.2561184667693839
KOTAKBANK,2025-04-21,up,5,-4.048743861184545,2.001499191750322
KOTAKBANK,2025-04-22,up,6,-7.925431214935497,0.5497916987704743
KOTAKBANK,2025-06-24,up,1,1.083837654281905,1.0156787022056468
KOTAKBANK,2025-10-16,up,2,-3.8603520507239475,1.248227267562796
KOTAKBANK,2025-10-20,up,4,-6.34293958331188,-0.533457443492058
KOTAKBANK,2025-12-11,up,1,0.8392884705376691,0.22371614742047186
KOTAKBANK,2026-06-25,up,2,-5.593683115558134,-2.5553497718221463
KOTAKBANK,2026-08-26,down,1,1.7082077298237852,1.8920177437933505
KOTAKBANK,2026-08-27,down,2,-1.0814920809506745,1.2067447377807294
KPIL,2024-07-19,down,1,-3.944813209550646,
KPITTECH,2021-11-30,down,1,-4.169523769600136,0.2985870531996504
KPITTECH,2021-12-01,up,1,0.45245731694627533,-0.497512437810943
KPITTECH,2022-01-06,down,1,-0.47385506476137484,3.76012173679936
KPITTECH,2022-01-07,up,1,-3.679451757460761,10.64310350090043
KPITTECH,2022-01-10,up,2,-17.359864091003306,-0.09950248756217528
KPITTECH,2022-08-18,up,8,-2.0447569357625484,0.09232398266934005
KPITTECH,2022-08-19,down,1,0.9907726325636856,-2.8957733700620714
KPITTECH,2022-09-22,down,2,8.378254023130038,8.507707222445848
KPITTECH,2022-09-23,down,3,0.6023314004209412,-3.8929979184197605
KPITTECH,2022-10-07,down,1,3.613859835765476,-2.0620169312957626
KPITTECH,2022-10-21,up,6,-4.69638376246293,3.356832606818072
KPITTECH,2022-10-24,up,7,-6.239374325843505,-0.40054326461419487
KPITTECH,2022-10-25,down,1,-4.754674225043553,0.36486813167262433
KPITTECH,2022-10-27,up,1,-7.917262341674636,-0.993944958819748
KPITTECH,2023-02-06,down,1,-1.6969259230255496,-4.548594736763589
KPITTECH,2023-02-09,up,2,2.738097057997102,-0.6917672766991401
KPITTECH,2023-02-10,down,1,0.39561376335568443,3.098963016244105
KPITTECH,2023-02-13,down,2,-3.3668850853833976,-4.61644979589696
KPITTECH,2023-03-31,up,2,-1.4120800080637097,1.0866433130635844
KPITTECH,2023-05-18,down,3,3.8653323064022027,0.6157279664543713
KPITTECH,2023-05-24,down,1,10.771935864605764,2.5868640699686196
KPITTECH,2023-05-25,up,1,7.093371422712225,2.358509692658406
KPITTECH,2023-05-31,down,1,2.839711826438629,2.5350063798418976
KPITTECH,2023-06-01,down,2,-1.572422588933442,2.778153744084011
KPITTECH,2023-06-02,up,1,-5.0393639557692715,0.5300684084659002
KPITTECH,2023-06-07,up,4,-5.442406025428392,-0.8430071862907451
KPITTECH,2023-08-04,up,1,4.257774891405264,2.322895812745873
KPITTECH,2023-08-07,up,2,1.6920584219473511,-0.05700874223174557
KPITTECH,2023-08-23,up,3,-2.9505193295864984,1.1790665295370095
KPITTECH,2023-09-01,up,1,-12.980856849539723,-0.5678740727259934
KPITTECH,2023-11-10,up,1,9.649070446121977,4.8369470591939745
KPITTECH,2023-11-13,up,2,6.9145128103673015,2.1393197837708655
KPITTECH,2023-11-16,up,4,13.477556040024607,3.412009556981599
KPITTECH,2023-11-17,down,1,-2.5455054047033743,2.5062089542873034
KPITTECH,2023-11-20,down,2,-7.971438841039314,4.320232279531977
KPITTECH,2024-02-12,down,1,-11.382031341796917,-2.3545879137757297
KPITTECH,2024-05-27,down,2,-4.24652478065749,-0.8080829268436007
KPITTECH,2024-06-28,down,1,13.28036357033402,0.19168341715798398
KPITTECH,2024-07-01,up,1,9.27584380166968,-1.2033449696346787
KPITTECH,2024-07-03,up,1,7.957123383352593,0.3994538019814975
KPITTECH,2024-07-04,up,2,6.934079105631907,0.13301198628632438
KPITTECH,2024-07-12,up,1,-3.214885038121096,5.571016162699838
KPITTECH,2025-05-12,up,1,5.291556572775757,0.5151989303477267
KPITTECH,2025-05-13,down,1,3.723801581086339,0.4331131473199079
KPITTECH,2025-05-14,up,1,-3.1925208769345015,-0.6443795781241324
KPITTECH,2025-05-15,up,2,-4.69096391066921,1.3357718056951517
KPITTECH,2025-06-17,down,1,-10.897809497675038,-1.7210783126109575
KPITTECH,2025-06-19,down,3,-11.529294982303606,-3.227527805906094
KPITTECH,2025-09-17,up,2,-15.45485434290227,0.3728109621617737
KPITTECH,2025-09-18,up,3,-15.916954781759019,-0.037916652304292864
KPITTECH,2026-06-02,up,1,-8.486351901475086,-1.121060694660747
KPRMILL,2025-05-09,down,2,-7.896834643544793,
KPRMILL,2026-06-24,up,1,-6.836299441864591,
LALPATHLAB,2023-07-11,up,2,-2.9075663985070443,
LALPATHLAB,2026-05-04,up,1,15.399852417414305,
LALPATHLAB,2026-05-08,down,2,3.3295048908171365,
LALPATHLAB,2026-05-11,down,3,2.1219175910732746,
LALPATHLAB,2026-05-19,down,1,-8.07447150748758,
LALPATHLAB,2026-07-07,down,1,3.0523806527789743,
LALPATHLAB,2026-07-13,up,3,1.8886910715268268,
LALPATHLAB,2026-07-14,down,1,0.7162090108648433,
LAURUSLABS,2022-02-11,down,1,-3.741969404135337,-1.2083791045948589
LAURUSLABS,2022-03-09,up,2,4.949704034571689,2.1716258501346175
LAURUSLABS,2022-03-10,up,3,7.640367411685989,-1.741293532338295
LAURUSLABS,2022-03-11,up,4,5.975047546035306,2.1002646646848033
LAURUSLABS,2022-03-14,up,5,2.6630388216338563,-1.353328498127726
LAURUSLABS,2022-03-21,down,1,1.1386002525908712,-0.9983638852716137
LAURUSLABS,2022-03-23,down,1,-0.3073442236091628,0.5443098063211194
LAURUSLABS,2022-03-25,down,3,-2.7537453307681647,-3.234317627436134
LAURUSLABS,2022-08-10,up,3,3.3329417741408074,0.5406476411331518
LAURUSLABS,2022-08-11,up,4,1.8850409697333204,-0.15336368013573187
LAURUSLABS,2022-08-16,up,6,-2.4334899709929747,0.984996141117378
LAURUSLABS,2022-08-17,up,7,-3.58172046495554,2.062649117085469
LAURUSLABS,2023-08-30,up,3,-2.3225550121174665,0.0025000625015758615
LAURUSLABS,2023-12-26,up,3,-2.195188089653921,3.451934639598231
LAURUSLABS,2024-01-01,up,1,-9.523604267657415,-1.790197095895174
LAURUSLABS,2024-01-02,down,1,-9.616979484054767,-1.7036728737707785
LAURUSLABS,2024-04-30,down,1,0.2714017760056642,1.34120522361314
LAURUSLABS,2024-09-05,down,2,5.587249554745921,2.461516961169319
LAURUSLABS,2024-09-10,up,2,-6.8491575196477195,1.2293434917737711
LAURUSLABS,2024-11-08,down,2,1.492336949633466,-1.1013953943452393
LAURUSLABS,2024-11-22,up,1,11.307373274468402,2.0538333971169775
LAURUSLABS,2024-11-25,up,2,9.365965601076521,3.2049080579720224
LAURUSLABS,2024-11-26,down,1,5.334275781904774,1.4433222978957438
LAURUSLABS,2024-11-27,up,1,2.801415420813158,-1.512573120655103
LAURUSLABS,2024-11-29,up,1,0.15622982992768986,1.0159377521003377
LAURUSLABS,2024-12-02,up,2,-1.1783231935170502,1.0735794710657443
LAURUSLABS,2024-12-03,up,3,-3.0530138858868683,-0.6513495769138955
LAURUSLABS,2024-12-05,up,5,-0.7174988650233027,-0.3113724598203582
LAURUSLABS,2024-12-27,up,2,3.6111812943093513,1.5998123522561025
LAURUSLABS,2025-01-01,up,1,-6.067485614389712,1.6087065144883228
LAURUSLABS,2025-03-21,up,5,2.4103010708385497,1.4383079016458078
LAURUSLABS,2025-03-24,up,6,1.3255550852093512,1.1077586864270295
LAURUSLABS,2025-04-03,down,1,1.4592603203627652,-1.6620679383239079
LAURUSLABS,2025-06-27,up,4,12.622422838141167,3.014683448102007
LAURUSLABS,2025-06-30,down,1,9.63216198571908,3.1333482597615037
LAURUSLABS,2025-07-01,up,1,6.2089825973297375,2.10980692041427
LAURUSLABS,2025-07-02,down,1,2.951907131011633,0.39800995024876773
LAURUSLABS,2025-07-04,up,1,3.400846734836249,1.2271365767042797
LAURUSLABS,2025-07-09,down,1,5.13674575534433,1.9399571702737095
LAURUSLABS,2025-07-14,down,4,10.603233830845781,2.7052238805970186
LAURUSLABS,2025-07-15,up,1,0.5846898438321979,-1.2791029745532034
LAURUSLABS,2025-07-24,down,1,6.04972691769794,0.06896066070922746
LAURUSLABS,2025-07-28,down,3,-3.337923198906456,4.559942603766043
LAURUSLABS,2025-07-29,up,1,-3.3065413042420944,0.42963489971798996
LAURUSLABS,2025-07-30,up,2,-3.089345597175641,-5.36537097916775
LAURUSLABS,2025-08-19,up,4,1.4894859848402886,0.07424888058011891
LAURUSLABS,2025-08-20,up,5,0.52388655548401,-1.6648314450379065
LAURUSLABS,2025-09-08,up,4,2.6374760009942655,-0.058390549803566394
LAURUSLABS,2025-09-10,up,6,1.4361719928471572,-1.1622227475805436
LAURUSLABS,2025-09-18,up,3,-4.28569334383484,1.090901583814019
LAURUSLABS,2025-10-28,down,1,4.196833189565763,0.3560066816210128
LAURUSLABS,2025-10-29,up,1,3.466253969547717,-0.47683963019687914
LAURUSLABS,2025-11-03,up,1,2.4183488866622582,0.06008334507991986
LAURUSLABS,2025-11-04,down,1,1.6812642322908466,0.0509929475371651
LAURUSLABS,2025-11-06,down,2,1.0212616222103232,-1.405750153895835
LAURUSLABS,2025-11-10,up,1,3.1583126027950215,0.127628851789785
LAURUSLABS,2025-11-14,up,5,2.1113314607002387,-0.8885930751249882
LAURUSLABS,2025-11-17,up,6,1.1651080916329715,0.8365090221821081
LAURUSLABS,2025-11-18,down,1,0.11891523707681095,-1.953646402135667
LAURUSLABS,2025-12-01,down,2,0.6289261165748572,-1.007786305831726
LAURUSLABS,2025-12-19,up,1,4.199537428370093,0.9240818217060465
LAURUSLABS,2025-12-22,up,2,2.898287288829926,1.3521524882736058
LAURUSLABS,2025-12-24,down,1,-3.269972483525607,0.6986338188426755
LAURUSLABS,2025-12-30,down,4,-10.032480241241847,-0.2789435152909303
LAURUSLABS,2025-12-31,up,1,-8.886017342537045,0.37213562310076664
LAURUSLABS,2026-01-06,down,2,-13.453288713450718,-0.7731650581709215
LAURUSLABS,2026-01-07,down,3,-15.32636640431001,-0.6817741614623007
LAURUSLABS,2026-02-25,up,1,-4.440281601111639,2.854787083611976
LAURUSLABS,2026-02-26,up,2,-8.954625346894474,0.3786332758330735
LAURUSLABS,2026-04-15,up,1,4.65257341911387,1.1174963774455149
LAURUSLABS,2026-04-16,down,1,3.2559643432360064,0.03363963102638312
LAURUSLABS,2026-04-17,up,1,2.1877208204246434,-0.4975124378109319
LAURUSLABS,2026-05-04,up,1,10.101549364831296,1.9056375547864546
LAURUSLABS,2026-05-06,up,1,7.230758062357312,0.6198231447505309
LAURUSLABS,2026-05-07,down,1,4.9889710690557365,-0.04997298002147321
LAURUSLABS,2026-05-08,down,2,12.894714123592777,0.21804430322565072
LAURUSLABS,2026-05-11,down,3,11.133479409486169,2.3238259702127673
LAURUSLABS,2026-05-12,down,4,8.616862102029588,-0.6766877068660859
LAURUSLABS,2026-05-14,up,2,9.872298174264094,1.927499831596391
LAURUSLABS,2026-05-19,down,1,6.494147274267981,-0.08711597617460098
LAURUSLABS,2026-05-20,up,1,4.951554173771444,1.0320542144367728
LAURUSLABS,2026-05-21,down,1,4.158678925700343,-1.0594725583104037
LAURUSLABS,2026-05-27,down,2,3.1374412609720403,-0.056694125582568144
LAURUSLABS,2026-06-04,up,1,5.349713279648993,2.077541226398605
LAURUSLABS,2026-06-05,down,1,2.785233381050589,-0.6154934492475173
LAURUSLABS,2026-06-23,down,1,3.5972150923470725,2.4716804596034425
LAURUSLABS,2026-06-29,down,1,3.922305257351022,0.0158042274314818
LAURUSLABS,2026-07-03,up,3,4.051321386290585,0.3017858214387159
LAURUSLABS,2026-07-13,up,3,2.458764132512692,-0.369534961846707
LAURUSLABS,2026-07-14,down,1,1.7780603943026163,-0.472085439175407
LAURUSLABS,2026-07-21,down,2,0.8950545812902222,0.25233370844757186
LAURUSLABS,2026-07-24,down,5,12.940701086975315,1.0384657935904595
LAURUSLABS,2026-07-27,up,1,12.246219286911742,5.86817465467695
LAURUSLABS,2026-07-28,down,1,4.189341626940246,1.0800709625696792
LAURUSLABS,2026-07-29,up,1,2.56323101698519,0.8013282057363735
LAURUSLABS,2026-07-31,up,3,-0.32604360797237053,0.7249026580922857
LAURUSLABS,2026-08-03,up,4,-1.8920494390035292,-1.3473079034066582
LAURUSLABS,2026-08-04,down,1,1.0126380339333219,0.35228582945361353
LAURUSLABS,2026-08-10,up,1,3.4041282216214386,-0.7976371326378073
LAURUSLABS,2026-08-26,down,1,3.6275772622850644,0.6681593704768174
LAURUSLABS,2026-08-27,down,2,2.049934405088183,1.1483645637419437
LAURUSLABS,2026-08-31,down,1,-0.06634229348164711,-3.0434608277127295
LAURUSLABS,2026-09-11,down,1,-3.0168848850377183,0.520415823694842
LEMONTREE,2023-08-31,down,1,3.3931452616656976,
LEMONTREE,2023-09-08,up,6,4.221797333703048,
LEMONTREE,2023-09-11,up,7,-0.4975124378109319,
LEMONTREE,2023-09-12,down,1,-1.1264788492050815,
LEMONTREE,2023-09-15,up,3,-6.142478488544145,
LEMONTREE,2023-10-05,up,1,-6.635515982817175,
LEMONTREE,2023-10-06,up,2,-8.651417392407934,
LEMONTREE,2024-01-02,down,1,10.388085668637315,
LEMONTREE,2024-01-03,down,2,-0.3114569220417307,
LEMONTREE,2024-01-15,up,5,1.3329233979327393,
LEMONTREE,2024-01-23,down,1,-2.5809536408099354,
LEMONTREE,2024-02-05,down,1,-3.0400462262322736,
LEMONTREE,2025-09-04,up,2,-3.558246396246245,
LEMONTREE,2025-09-05,up,3,-6.495849020984834,
LEMONTREE,2025-09-08,up,4,-8.650063579877953,
LENSKART,2026-01-16,up,1,-1.089725072861636,
LENSKART,2026-02-12,down,1,10.41222505262407,
LENSKART,2026-02-27,down,1,-6.378053447583842,
LENSKART,2026-03-20,up,1,1.6655782197739555,
LENSKART,2026-04-10,up,1,-3.965882547826338,
LENSKART,2026-04-15,up,1,-11.983430976395182,
LENSKART,2026-07-09,up,1,1.2492500503870296,
LENSKART,2026-07-27,up,1,3.5939351933163,
LENSKART,2026-08-10,up,1,8.611020127707913,
LENSKART,2026-08-13,down,3,5.38024468879994,
LENSKART,2026-08-18,down,6,10.42165144504743,
LENSKART,2026-08-19,down,7,7.882466482285855,
LENSKART,2026-08-20,up,1,6.9618917847097395,
LENSKART,2026-08-21,up,2,3.109619057908075,
LENSKART,2026-08-24,down,1,-0.7073645638410841,
LENSKART,2026-09-02,down,3,-0.3574583538801468,
LENSKART,2026-09-04,up,1,-1.3441628679589979,
LENSKART,2026-09-10,up,1,-3.5998335103709533,
LGEINDIA,2026-02-18,up,3,0.963890636218645,
LGEINDIA,2026-02-25,up,1,0.32325681238478676,
LGEINDIA,2026-02-27,down,1,-6.741546334869986,
LGEINDIA,2026-08-14,down,4,2.481937529669609,
LGEINDIA,2026-08-17,down,5,-5.558316819768338,
LICHSGFIN,2021-10-04,up,1,2.0693494411464064,-0.3517965231752296
LICHSGFIN,2021-10-05,up,2,1.2368298825356394,-0.0528085827843916
LICHSGFIN,2021-10-18,up,7,-5.072589851919118,0.6955131620289379
LICHSGFIN,2021-10-19,down,1,-5.030682605016679,-3.7107613842095044
LICHSGFIN,2022-02-10,up,3,-16.076181974720992,-1.1716485425427026
LICHSGFIN,2022-09-01,down,1,2.5385182607305268,1.2012193746287814
LICHSGFIN,2022-09-05,up,1,2.097384183478934,0.4460863335671972
LICHSGFIN,2023-08-04,up,1,-1.2848844369666823,0.6306574423891931
LICHSGFIN,2023-08-07,up,2,-2.8947509615108835,1.11975862313074
LICHSGFIN,2023-09-01,up,1,7.554240220822561,1.9888835561613583
LICHSGFIN,2023-09-14,up,2,3.424509660924735,0.7484354896134082
LICHSGFIN,2023-09-26,down,1,0.8762475152981564,-1.9346741165203296
LICHSGFIN,2023-10-03,down,1,-6.036523995371357,0.26974956198626554
LICHSGFIN,2023-12-08,up,1,6.298976766636022,0.9845067052384193
LICHSGFIN,2024-01-01,up,1,2.944686163279564,3.4862609841991743
LICHSGFIN,2024-01-04,up,1,4.923536972431353,0.37685037029266955
LICHSGFIN,2024-01-05,up,2,4.009568880337011,0.022535406590762364
LICHSGFIN,2024-01-29,up,1,7.066358982365717,2.0322118222447116
LICHSGFIN,2024-01-30,down,1,4.430218326664925,1.6272122077952256
LICHSGFIN,2024-02-01,down,1,1.7684073485561003,0.6037591439136181
LICHSGFIN,2024-02-02,up,1,0.6780840824583745,0.31756972964824826
LICHSGFIN,2024-02-05,down,1,2.0969249895332664,0.10655985804017831
LICHSGFIN,2024-02-07,up,2,0.018401991424887854,-1.3320739042113061
LICHSGFIN,2024-02-26,down,2,-13.097100572120258,0.7814827034015259
LICHSGFIN,2024-02-27,up,1,-12.058128768483478,-1.9416541066570425
LICHSGFIN,2024-04-18,down,4,-0.26441694109725633,-4.204515622523253
LICHSGFIN,2024-04-23,up,3,-5.726622144532579,0.779882538205201
LICHSGFIN,2024-04-24,up,4,-3.6899031473560995,-0.4680196806941095
LICHSGFIN,2024-06-25,up,2,5.683744081036246,0.8382688257718707
LICHSGFIN,2024-06-26,up,3,1.982524708793143,-0.5487745649268794
LICHSGFIN,2024-06-27,up,4,-2.5807393070358398,-0.8889034944513097
LICHSGFIN,2024-06-28,down,1,-1.3549206094488508,-0.5534316810615891
LICHSGFIN,2024-07-01,up,1,-5.374966261456338,0.497632266100978
LICHSGFIN,2024-07-16,up,3,-16.668332372405402,-1.6269789744712715
LICHSGFIN,2025-04-24,down,1,-0.16800934614666918,-0.9556009054374481
LICHSGFIN,2025-07-16,up,2,-7.542934426907788,2.583856878034241
LICHSGFIN,2025-07-18,down,2,-11.529229491663218,-2.3193343760356644
LICHSGFIN,2026-04-17,up,1,4.436497353833246,-0.1926086271215155
LICHSGFIN,2026-04-21,up,3,6.246101002639115,3.5541317093864766
LICI,2022-12-08,up,1,5.302272052848078,0.43891234808237645
LICI,2022-12-09,down,1,9.047480628181592,-0.2451546180791242
LICI,2022-12-13,up,2,3.8717119027410707,2.3728858112205042
LICI,2022-12-14,up,3,0.8896134353680196,-0.003093492381101015
LICI,2022-12-19,up,1,-3.270535901647831,0.31808172253486866
LICI,2022-12-20,down,1,-4.085906832537667,-0.463976041598535
LICI,2023-12-07,down,1,4.929536239000165,4.697611151007419
LICI,2023-12-13,up,1,1.7318188065161388,0.44375773051423817
LICI,2023-12-14,up,2,0.8095537623707072,0.14681449367410782
LICI,2023-12-27,up,4,4.077662842910912,-0.37631574163287107
LICI,2023-12-28,up,5,3.453913591821167,-0.3047628179953965
LICI,2023-12-29,down,1,6.137967205260675,-1.1218184547831411
LICI,2024-01-01,up,1,5.238703033176417,0.6697715466393417
LICI,2024-01-16,down,1,15.032473694713634,1.5754560530679917
LICI,2024-01-17,down,2,10.431174746925098,-1.603095632946372
LICI,2024-01-23,down,1,8.21281066065156,-4.858092840825112
LICI,2024-01-30,down,1,4.613503025370114,-1.7438426028697274
LICI,2024-01-31,up,1,4.071264159405863,-0.29954682982337166
LICI,2024-02-05,down,1,13.154770671408379,3.8177731898284106
LICI,2024-02-07,up,2,-3.006746306508956,3.442133419452831
LICI,2024-02-08,down,1,-3.0751018438314404,9.168443496801704
LICI,2024-02-09,up,1,-10.517286825968409,-3.3609203912207453
LICI,2024-06-03,up,2,-0.4881870855763193,-1.8733377872763968
LICI,2024-07-18,up,4,-3.902388071197993,-1.5479097901680672
LICI,2024-07-22,down,2,-4.939897959043272,-0.4578918529586473
LICI,2024-07-24,down,4,-6.299796738766162,-1.053006450455829
LICI,2024-07-26,up,1,-9.035387802170924,1.3390018716360919
LICI,2024-08-01,up,5,-11.773631792089045,-2.571515951726322
LICI,2025-05-28,down,2,6.438160864218823,7.451751978091425
LICI,2025-05-29,up,1,-2.6072145166506355,-1.179755232277424
LICI,2025-06-02,down,2,-2.3518839103119693,-0.1650743725707282
LICI,2025-06-09,up,4,-0.02477022777650495,-0.9805354705272995
LICI,2026-02-25,up,1,-14.060681737052805,-1.7259395627227114
LICI,2026-07-10,up,2,-4.153530806776818,-0.7006234215502727
LINDEINDIA,2022-03-23,down,1,13.9303496710669,
LINDEINDIA,2022-03-24,down,2,-0.3432667552878188,
LINDEINDIA,2022-03-29,up,2,9.478033900300131,
LINDEINDIA,2022-03-30,up,3,6.5884518617290055,
LINDEINDIA,2022-03-31,down,1,4.567876965973894,
LINDEINDIA,2022-04-01,up,1,2.866247472039407,
LINDEINDIA,2022-04-05,down,1,0.5259208908001245,
LINDEINDIA,2022-04-08,up,1,-14.923367619470573,
LINDEINDIA,2024-04-02,down,1,8.947299661828612,
LINDEINDIA,2024-04-03,down,2,2.138924779597251,
LINDEINDIA,2024-05-16,up,1,-8.801127511012874,
LINDEINDIA,2024-05-17,up,2,-11.88039278577726,
LINDEINDIA,2024-05-21,up,3,-5.4098719528929635,
LINDEINDIA,2024-06-12,up,2,-2.69723312693515,
LLOYDSME,2025-01-02,up,2,9.084204758075277,
LLOYDSME,2025-01-03,down,1,1.3598637311129647,
LLOYDSME,2025-01-10,down,3,-15.55237677462431,
LLOYDSME,2025-06-30,down,1,-2.4492904443128682,
LLOYDSME,2026-04-06,up,3,5.573708626262475,
LLOYDSME,2026-04-15,up,1,6.615440870113143,
LLOYDSME,2026-04-16,down,1,8.339985647129033,
LLOYDSME,2026-04-17,up,1,6.523726835379073,
LLOYDSME,2026-04-20,up,2,2.4613291604515863,
LLOYDSME,2026-04-22,down,1,3.84747099328826,
LLOYDSME,2026-04-23,down,2,2.244125241610395,
LLOYDSME,2026-04-27,up,1,-2.6326334231253967,
LLOYDSME,2026-04-28,down,1,-5.74317739214274,
LLOYDSME,2026-04-29,up,1,-3.147523281607989,
LLOYDSME,2026-05-04,up,1,0.40543828500818613,
LLOYDSME,2026-05-05,down,1,-1.2430944772521602,
LLOYDSME,2026-05-06,up,1,-2.2768573244874246,
LLOYDSME,2026-05-25,up,2,-4.877848124079309,
LLOYDSME,2026-05-26,down,1,-3.47422227810118,
LLOYDSME,2026-05-27,down,2,-6.452749572699923,
LLOYDSME,2026-07-27,up,1,4.6715167153017045,
LLOYDSME,2026-07-29,up,1,1.9497552813375618,
LLOYDSME,2026-07-31,up,3,0.5187083775820778,
LLOYDSME,2026-08-10,up,1,-15.366998428936874,
LODHA,2023-05-30,up,4,26.98946125446713,0.3433536542639004
LODHA,2023-05-31,down,1,25.017350833467034,1.1764941561744013
LODHA,2023-06-01,down,2,21.91811978993443,0.26492433046656494
LODHA,2023-06-02,up,1,19.621244610337897,-2.319285548101302
LODHA,2023-06-09,down,2,12.797144483742674,-0.24854874916492298
LODHA,2023-06-13,up,2,12.072065388471987,9.245106729594422
LODHA,2023-06-14,up,3,4.557304390390149,-6.227273648814757
LODHA,2023-06-30,up,4,4.341671330406394,-2.329756617048495
LODHA,2023-07-03,up,5,4.637167575252388,0.742640702169739
LODHA,2023-07-04,up,6,3.9003946911351894,0.666221122213817
LODHA,2023-07-06,up,8,0.17731748373186473,-0.15321317288986558
LODHA,2023-11-20,down,2,1.1759371091100146,-2.0013554718417703
LODHA,2023-11-28,up,1,4.599902786173904,-2.1651518941604775
LODHA,2023-12-01,up,4,2.090417659351851,1.781170483460559
LODHA,2023-12-04,up,5,0.44733153822493765,-1.880085859012992
LODHA,2023-12-27,up,4,14.308038403369295,0.7527805996197179
LODHA,2023-12-28,up,5,12.308823739935871,2.164076735663256
LODHA,2024-01-05,up,2,6.85274027773799,-3.4959788209638742
LODHA,2024-01-12,up,4,-6.107960008892932,1.08353273833397
LODHA,2024-02-05,down,1,-3.8257564504977304,-2.1443885930777173
LODHA,2024-02-29,up,1,-2.2778161075074466,-1.7884416798933045
LODHA,2024-03-05,down,1,-5.4187182003605505,0.4267834524871894
LODHA,2024-03-07,up,2,-4.951881247600898,-2.9282733553382623
LODHA,2024-03-11,down,1,-10.053041626755377,-3.7230075226867054
LODHA,2024-04-23,up,3,-5.615667625554554,-0.8982304042175038
LODHA,2024-04-24,up,4,-6.078300290789129,0.6744950672772587
LODHA,2024-05-31,up,1,10.960941729409557,0.955527812297885
LODHA,2024-06-03,up,2,9.442067717168268,2.774191942361104
LODHA,2024-06-10,down,1,2.9757240141064623,0.07132178095099473
LODHA,2024-06-13,up,3,1.3492300870511231,2.082637715784652
LODHA,2024-06-14,up,4,-1.3210902387218337,-0.9782007835219875
LODHA,2024-06-18,up,5,-2.2071371638659243,0.2414403266255638
LODHA,2024-07-09,up,1,-12.566734996342044,0.2747631685024343
LODHA,2024-12-04,up,4,6.077725275968882,3.1483096198286153
LODHA,2024-12-05,up,5,0.953844921851088,-1.6823625009562693
LODHA,2024-12-06,down,1,0.4340246218542232,-2.8335190072325322
LODHA,2024-12-10,down,3,-2.8188081359611816,-0.31238002484262894
LODHA,2024-12-11,up,1,-3.48530956912394,-0.21818337792562925
LODHA,2024-12-12,down,1,-4.500000082000333,0.05877442407338229
LODHA,2024-12-16,down,1,-7.490491326858118,1.3585442780872148
LODHA,2024-12-17,down,2,-9.489268002464101,0.4442287604165207
LODHA,2025-05-16,down,1,9.110865203818165,0.3877573311111826
LODHA,2025-05-19,down,2,1.4265635847977132,0.7852049105948389
LODHA,2025-05-26,up,2,5.192309026693609,0.05759209531146503
LODHA,2025-05-28,down,2,2.6161708464480293,-0.22675736961450532
LODHA,2025-06-06,up,3,-4.609077888489788,2.621372409942224
LODHA,2026-02-18,up,3,-21.74422117530278,-0.9027261880641957
LODHA,2026-04-29,up,1,2.7050696657374473,1.487426175404516
LODHA,2026-05-04,up,1,2.4936646022772013,-1.0482382761465514
LODHA,2026-05-06,up,1,-6.782502198682128,1.4568658855774075
LODHA,2026-05-07,down,1,-1.7697646379062126,1.2930585782937598
LODHA,2026-05-08,down,2,-8.39616351233522,-1.8720853889380162
LODHA,2026-07-01,up,1,8.203836783162387,1.703417071023483
LODHA,2026-07-02,up,2,19.206005312859496,1.4923398185732184
LODHA,2026-07-03,up,3,16.914937739889837,4.342272157194849
LODHA,2026-07-06,up,4,11.696697718007186,2.6786991983643427
LODHA,2026-07-07,down,1,7.965685126318034,-0.9276906820315456
LODHA,2026-07-08,down,2,16.912732572235043,-0.47953863343110914
LODHA,2026-07-09,up,1,12.114753023976444,2.5177144580129873
LODHA,2026-07-28,down,1,-0.15951925658058697,6.344829291817633
LODHA,2026-07-29,up,1,-8.539951597282414,-1.3592039954161583
LT,2021-10-19,down,1,3.4215015808445104,1.5331492100908006
LT,2021-11-03,down,2,-5.31648603197109,1.1718213138597777
LT,2021-11-08,up,2,-8.583690992416571,0.15777501978329056
LT,2021-11-09,down,1,-9.047832250597398,-1.577127565371439
LT,2021-11-11,down,3,-8.747590270742279,-1.7184317142206917
LT,2022-01-03,up,2,1.8011032102941416,0.224387522103342
LT,2022-01-11,up,3,2.4698733785015525,0.44423406020290823
LT,2022-01-13,up,5,-4.715333392811017,1.0070614668592492
LT,2022-01-14,down,1,-7.583815765921487,0.2748701048723934
LT,2022-01-17,up,1,-8.960283086084775,0.7499370769279423
LT,2022-07-20,up,4,4.933706401415194,-0.9591901574216632
LT,2022-07-21,up,5,4.218869016701587,0.5648133762145902
LT,2022-07-22,up,6,2.916834179968464,-0.7196950762119569
LT,2022-07-27,up,1,1.9628836725954502,0.5891851300763085
LT,2022-07-29,up,3,0.05755910822706767,-1.1264097211113877
LT,2022-08-10,up,3,2.8717286054380287,1.5414088535833814
LT,2022-08-11,up,4,0.9707780768426266,-0.6041032118464851
LT,2022-08-18,up,8,3.2600436887288753,0.3127817565452995
LT,2022-08-19,down,1,2.822642414938681,1.5228786549127848
LT,2022-09-02,down,2,-4.9582347733586385,-0.29533652867989035
LT,2022-09-05,up,1,1.1559481511384417,0.26445268176611414
LT,2022-09-06,down,1,0.44064183383867306,-2.0938911784538106
LT,2022-10-28,up,2,1.500761328950606,0.21651887577647244
LT,2022-10-31,up,3,1.6969557463500706,1.8071776064291
LT,2022-11-01,up,4,-0.7469215505419347,-0.4070412656086764
LT,2022-11-17,down,1,3.498180010817631,-0.6436963078827018
LT,2022-11-25,up,4,2.5938269815968917,-0.2873932446384453
LT,2022-12-07,down,2,3.5321002179564465,-0.025936667374015787
LT,2022-12-08,up,1,1.8902665391268947,0.6163213781837262
LT,2022-12-09,down,1,0.43803745282211537,-1.6915467561616992
LT,2022-12-14,up,3,-6.111207732775947,-0.39095867026892606
LT,2023-01-20,down,2,-4.004802952524056,-1.7522967617632057
LT,2023-04-28,up,5,-4.520682403728104,2.224804599163277
LT,2023-05-02,up,6,-7.694541125367249,0.13672026764657286
LT,2023-06-19,down,1,3.4972218248306985,-1.1267213858491054
LT,2023-06-30,up,4,5.774309995163773,1.355201494539826
LT,2023-07-21,down,1,5.15513486878707,4.813389217798814
LT,2023-07-24,down,2,1.4676137616349783,0.30771000488885036
LT,2023-07-26,up,2,0.04941177358093185,0.6698860199335188
LT,2023-07-31,up,1,-0.4064271062539926,-0.3116203012602514
LT,2023-08-23,up,3,5.092345410009336,1.4408477095044336
LT,2023-09-07,up,5,5.878732896855787,3.8612039208667515
LT,2023-09-08,up,6,2.573675434570233,1.2114117229372612
LT,2023-09-12,down,1,0.7374809723122544,0.005318749744165352
LT,2023-09-28,down,1,0.08225246207134163,1.0008922008825527
LT,2023-10-03,down,1,-5.125572798385214,-0.31043794168930106
LT,2023-10-05,up,1,-6.173532138281002,0.7149665115741666
LT,2023-12-01,up,4,8.029088393809047,4.612077429959349
LT,2023-12-04,up,5,5.54958600651112,3.270451772012084
LT,2023-12-06,up,7,1.0555651560384405,0.832635357878253
LT,2023-12-08,up,1,-0.7922309273852624,-1.4298270834422921
LT,2023-12-15,up,3,2.510702302441281,1.1222954992479606
LT,2023-12-19,up,1,0.5809514889897338,-0.5258930674635898
LT,2023-12-27,up,4,0.79954697919975,0.06704068310929845
LT,2024-01-09,up,1,3.6405648790492906,-0.7770177368374931
LT,2024-01-19,up,1,2.007279299249709,0.07057420188758545
LT,2024-01-29,up,1,-9.352960407655198,0.9863175976761118
LT,2024-03-07,up,2,1.7765634677767483,0.04869805285863116
LT,2024-03-27,up,1,-2.556889883222546,0.3048654920038141
LT,2024-03-28,up,2,-3.622316896990063,0.9347485364340047
LT,2024-04-01,up,3,-5.155147738793941,0.4535832445264898
LT,2024-12-04,up,4,3.390806142909142,-0.2054653733681744
LT,2024-12-05,up,5,2.416212258865391,-0.5753501073511136
LT,2024-12-09,down,2,-7.577204032777662,1.3214053317347485
LT,2025-05-09,down,2,8.305180764577269,3.528091729692995
LT,2025-05-12,up,1,5.300363230046212,2.656116918195206
LT,2025-05-15,up,2,0.20673787975384883,0.19022938940906897
LT,2025-05-26,up,2,-1.0429258118551887,-0.4975124378109319
LT,2025-05-30,down,1,-0.7819987875462675,-0.42706555293646753
LT,2025-08-12,down,1,-3.000395681043222,-0.20861553815847422
LT,2025-10-23,up,6,1.4899839398163417,0.3787238091474743
LT,2025-10-29,up,1,0.7855829318972329,-0.6472903919938489
LT,2025-10-30,down,1,-0.294381621616413,-0.8839551020078495
LT,2026-02-17,up,2,3.6330496271909762,1.5015270769310973
LT,2026-02-18,up,3,1.6749724124015097,0.41001193371259514
LT,2026-02-20,up,1,-21.06365519576281,0.8934588340018701
LT,2026-02-23,up,2,-22.052607123834132,0.08046328720860974
LTF,2022-04-21,up,2,-16.56243580782365,-2.7766230876431264
LTF,2022-12-15,down,1,-7.2008395138820624,-2.487563787252056
LTF,2023-06-15,down,1,12.695941091211104,4.488644604806491
LTF,2023-06-21,up,2,4.236810492053333,1.257454727156948
LTF,2023-06-30,up,4,1.501942918740795,1.9724086329600876
LTF,2023-07-03,up,5,2.2190141983656764,5.051970510533921
LTF,2023-07-20,up,6,-8.036130969700196,-4.120440137933334
LTF,2023-10-17,up,1,1.2273477022077595,0.4008487914726855
LTF,2023-10-18,down,1,0.1781743523114221,-2.9157244832437534
LTF,2023-11-15,up,3,6.227485367478347,3.2424065522334455
LTF,2023-12-01,up,4,4.796574226940198,1.508322886715474
LTF,2023-12-06,up,7,1.8677971223996614,-0.3376947515533191
LTF,2023-12-14,up,2,7.865367430517489,2.2480406542793707
LTF,2023-12-15,up,3,0.6508262241548657,0.12321423510162077
LTF,2023-12-29,down,1,2.737846382662057,0.7233769801300527
LTF,2024-01-03,down,2,-0.07843037454393631,0.4903336420011062
LTF,2024-01-04,up,1,-2.361725850295615,1.0754173511833054
LTF,2024-01-05,up,2,-3.03996508425457,-0.7575346012198558
LTF,2024-01-31,up,1,-1.1355383293078503,1.5905554017642487
LTF,2024-06-21,down,1,2.8012146352561107,-0.497512437810943
LTF,2024-06-26,up,3,1.3145356297512123,-3.1356325118668815
LTF,2024-07-01,up,1,-7.53898681722307,1.8867324330821056
LTF,2024-07-02,down,1,-9.271796215739393,-1.9771951281893685
LTF,2024-09-23,up,3,-8.250242312848465,1.3806154093217282
LTF,2024-09-24,up,4,-10.459031032709598,-1.2435526634719252
LTF,2024-09-25,up,5,-11.543303041539922,-0.38588963811776456
LTF,2025-05-13,down,1,0.5045272814807822,-0.08626942612998123
LTF,2025-05-14,up,1,0.552722475703904,0.552722475703904
LTF,2025-05-15,up,2,2.8454160532868755,0.16434623678056592
LTF,2025-05-16,down,1,2.1086687262184434,-2.5468097316343807
LTF,2025-06-06,up,3,8.01121589333411,3.5193011168843658
LTF,2025-06-09,up,4,3.6795178060705647,0.6633527638702841
LTF,2025-06-10,up,5,1.953738380361325,-0.6758810829415429
LTF,2025-06-24,up,1,3.717834261546571,2.985828686509162
LTF,2025-06-25,up,2,0.41603698802050726,-0.27529995272164154
LTF,2025-06-26,up,3,-2.6131328667796105,0.9502757093180936
LTF,2025-07-01,up,1,0.17765055444720623,0.029204712037556035
LTF,2025-07-07,up,2,-4.224410651883447,-1.4268693022189916
LTF,2025-07-21,up,1,-6.739974460772524,-0.12060763261459995
LTF,2025-07-23,up,1,-5.878177557396535,0.21772683934049297
LTF,2025-09-03,up,1,6.3645773908547865,0.6277831615719931
LTF,2025-09-04,up,2,5.110595819409558,-0.004729435227002199
LTF,2025-09-05,up,3,4.183687113791534,0.13788625948922828
LTF,2025-09-08,up,4,2.989156862318798,0.15623724097677538
LTF,2025-09-15,down,1,4.0758133716986,-0.034707602151773376
LTF,2025-09-16,up,1,3.2680060084280926,0.6087639539349876
LTF,2025-09-17,up,2,6.6369032986980825,0.3149047660693238
LTF,2025-09-18,up,3,5.577973820009374,0.866205035436729
LTF,2025-09-22,down,2,2.593215784262126,-1.2275424135944957
LTF,2025-10-01,up,1,5.175940203040796,2.1853473055190253
LTF,2025-10-03,up,2,2.2921292968725915,1.570745132531992
LTF,2025-10-13,down,1,2.077438748847671,0.7429748277069326
LTF,2025-10-14,down,2,4.196354735343233,-2.0248834486594203
LTF,2025-10-15,up,1,3.6144689253973405,-1.8311295427964724
LTF,2025-10-16,up,2,2.2478663292026635,-0.9508065035975566
LTF,2025-11-03,up,1,10.538090989996828,1.9637365285554154
LTF,2025-11-04,down,1,7.908392619948068,-0.58636980807657
LTF,2025-11-07,down,3,9.262089167161204,6.341202041817895
LTF,2025-11-10,up,1,0.21927437175588427,-2.0939813031803256
LTF,2025-11-26,up,1,-0.39854184419485517,1.9108659768920733
LTF,2025-11-28,down,1,-3.6265216038398163,0.6899103427244091
LTF,2026-01-06,down,2,-13.031916701621816,-1.3939293750170667
LTF,2026-04-27,up,1,1.1906767436383525,-2.953992384910098
LTF,2026-05-06,up,1,-6.82494029176417,-0.17667495914710507
LTF,2026-05-07,down,1,-5.883123621655539,-0.497512437810943
LTF,2026-06-25,up,2,9.222269551781315,-0.1300960367504156
LTF,2026-06-30,down,2,5.709274604393255,1.0865182238231963
LTF,2026-07-01,up,1,4.286261002678926,0.14032402092105656
LTF,2026-07-03,up,3,-3.6778153862068175,3.9108256187417423
LTF,2026-07-06,up,4,-5.5633685674968625,1.5893160025055142
LTF,2026-07-07,down,1,-7.983125914083688,-2.302337792853937
LTFOODS,2025-07-03,down,2,-2.3482562772076943,
LTFOODS,2025-07-17,down,1,-9.824034134993143,
LTFOODS,2026-08-24,down,1,-4.129242166064695,
LTFOODS,2026-09-08,down,2,-9.439729457288715,
LTM,2021-10-14,up,6,13.6850216569796,1.891393041846512
LTM,2021-10-19,down,1,8.427041539276248,7.95436756504746
LTM,2021-10-20,down,2,-2.1119014506747247,-1.6857650979325678
LTM,2021-11-11,down,3,-4.572523875906198,0.4756633263856225
LTM,2021-11-12,up,1,-5.495453098675462,3.468429135232931
LTM,2021-11-15,up,2,-10.21496012445684,-1.551970398489233
LTM,2021-11-17,down,2,-10.263018047560823,0.5077004058207324
LTM,2021-12-28,up,2,3.7421900553461285,0.03683733150856572
LTM,2022-01-03,up,2,-19.323511515280835,2.043436714823077
LTM,2022-07-28,up,2,7.03844109901548,2.123215808244727
LTM,2022-07-29,up,3,4.738060229199337,1.636647814278347
LTM,2022-08-04,down,1,2.928995148353386,1.5347255449742025
LTM,2022-08-05,up,1,1.2443767646901582,-0.20298361493101824
LTM,2022-08-11,up,4,-9.7939587224406,0.5677493438019043
LTM,2022-11-01,up,4,4.415680931442378,0.018579302656851482
LTM,2022-11-11,up,1,-3.515106133821555,3.379209915093373
LTM,2022-11-14,down,1,-8.0930304603828,2.1493517633507597
LTM,2022-11-15,up,1,-12.565165600534334,-1.4181214206530846
LTM,2023-02-16,up,3,-2.7792162024945832,1.8281932095680853
LTM,2023-05-16,down,1,5.097190884978531,-0.03287170126851091
LTM,2023-05-19,up,1,0.18902989618712063,0.06335753383397424
LTM,2023-05-22,up,2,0.6550399328654866,2.476314037103
LTM,2023-05-29,up,3,0.11608019501021527,-0.8940156757554996
LTM,2023-07-04,up,6,-7.372318097014919,3.2124273470125475
LTM,2023-07-05,up,7,-8.321383882902822,-0.8813514819399626
LTM,2023-09-01,up,1,1.8454421010261068,0.670173014505826
LTM,2023-09-04,up,2,0.4209251950166415,0.4705526809404281
LTM,2023-09-05,up,3,0.5548447787780519,0.7777135754776454
LTM,2023-09-14,up,2,-6.65680255815515,-0.8569728777284569
LTM,2023-12-06,up,7,5.019995983991632,0.08197303057688732
LTM,2023-12-08,up,1,4.317999888736224,0.662494662522839
LTM,2023-12-11,up,2,2.7932946440460293,0.29795409466397693
LTM,2023-12-14,up,2,0.2957703295165093,1.7079550700107804
LTM,2023-12-15,up,3,-2.1422659986947035,2.4216720254552904
LTM,2023-12-20,down,1,-4.580873663660768,-4.2206474415933055
LTM,2023-12-27,up,4,-11.351178595810897,-0.29420242314820433
LTM,2024-06-21,down,1,0.38467056766053886,-1.117948837263405
LTM,2024-06-27,up,4,5.139986410082997,1.4486315907349834
LTM,2024-06-28,down,1,2.8752599752444707,-0.8205754475308802
LTM,2024-07-01,up,1,1.7417481828244208,-0.4966031368387247
LTM,2024-07-12,up,1,3.211866834184951,0.6140468827036116
LTM,2024-07-18,up,4,-6.148012864871266,1.635044392179874
LTM,2024-07-19,down,1,-7.4625177214050815,-1.272453929728301
LTM,2024-08-28,up,10,8.84275119756024,4.907433860186927
LTM,2024-09-06,down,3,1.786665730471193,-1.5565616523093184
LTM,2024-09-10,up,2,-1.1983506146934664,-0.2762396399964895
LTM,2024-09-13,down,1,-2.9043519483316516,0.061315885471247
LTM,2024-09-17,up,2,-0.689489100483931,-1.3301692374945273
LTM,2024-09-19,up,1,-2.0783837552548756,-3.2178345249484153
LTM,2024-12-05,up,5,3.888204850313959,0.2043633139174439
LTM,2024-12-06,down,1,2.9334429219859848,-0.20182261109936706
LTM,2024-12-09,down,2,-3.2693102041715716,-0.4741873514179873
LTM,2024-12-10,down,3,-3.8575359045677104,2.5410397168591725
LTM,2024-12-12,down,1,-14.117474071495506,-0.38741285234824563
LTM,2025-05-20,down,3,2.8108983811986565,-1.080194958066949
LTM,2025-05-29,up,1,1.4512467717646027,-1.012683244867385
LTM,2025-06-10,up,5,-0.17756874790035848,1.817374259777349
LTM,2025-06-12,down,1,-2.6995417768823415,-2.946242159267931
LTM,2025-06-17,down,1,-2.8498171083118473,-0.2170453424819696
LTM,2025-09-17,up,2,0.14753054508898078,0.5345563348289284
LTM,2025-09-18,up,3,0.00511768855941952,0.9738230230186495
LTM,2025-11-12,up,3,3.3441488211118475,2.098204629028788
LTM,2025-11-19,up,1,5.49620762515679,1.0177538702426991
LTM,2025-11-20,up,2,3.242687044987025,-1.1483401011171956
LTM,2025-11-28,down,1,2.361285021289894,0.008903112086922071
LTM,2025-12-01,down,2,1.8096974305481295,-0.23754512870004518
LTM,2025-12-03,down,4,-0.7069574407753798,-0.3525120511432389
LTM,2025-12-04,up,1,-3.3946330440614347,0.29479402632939244
LTM,2025-12-05,up,2,-4.547538165757581,0.2223163536795747
LTM,2026-07-28,down,1,10.715697904310018,3.6572770784275566
LTM,2026-07-29,up,1,6.384593142193573,0.3236157294355779
LTM,2026-07-30,up,2,3.9809863339275164,-2.77888415196188
LTM,2026-08-03,up,4,2.5720952921991724,3.2745361488611513
LTM,2026-08-10,up,1,-4.300206999826028,1.1803978856465003
LTM,2026-08-11,down,1,-4.119218649413659,0.5452517946689328
LTTS,2021-10-14,up,6,5.606532759418226,
LTTS,2021-10-19,down,1,1.5451785319968714,
LTTS,2021-11-11,down,3,9.67690195362283,
LTTS,2021-11-12,up,1,8.16440684911013,
LTTS,2021-11-16,down,1,0.40299387771018935,
LTTS,2021-11-17,down,2,-1.305821841657051,
LTTS,2021-11-18,down,3,-7.059927323262216,
LTTS,2022-01-03,up,2,-4.706223937370158,
LTTS,2022-01-04,up,3,-21.24130826146705,
LTTS,2022-03-24,down,2,1.335097403460006,
LTTS,2022-03-25,down,3,0.4332363321539079,
LTTS,2022-03-30,up,3,-19.853989705907406,
LTTS,2022-04-01,up,1,-16.804598055677133,
LTTS,2022-04-05,down,1,-17.93618302465164,
LTTS,2022-08-08,up,2,6.585620049595131,
LTTS,2022-08-11,up,4,5.892960425765437,
LTTS,2022-08-16,up,6,-2.6287884567602116,
LTTS,2022-08-17,up,7,-2.9579001377121217,
LTTS,2022-08-18,up,8,-3.1289712571222927,
LTTS,2022-09-12,up,3,-11.992944040955923,
LTTS,2022-12-01,up,8,-0.056151596570397366,
LTTS,2022-12-02,down,1,-12.051105236380755,
LTTS,2023-05-11,down,1,0.13312934047011726,
LTTS,2023-05-22,up,2,-1.1909019368036455,
LTTS,2023-05-23,up,3,-0.3513322740873792,
LTTS,2023-07-14,up,2,4.334055971696249,
LTTS,2023-07-17,up,3,2.6425099638668126,
LTTS,2023-12-15,up,3,-0.3197471037008959,
LTTS,2023-12-18,down,1,-1.4034511107571257,
LTTS,2024-01-09,up,1,2.5292790932291087,
LTTS,2024-01-12,up,4,2.1407863395906057,
LTTS,2024-01-31,up,1,-5.671967065722394,
LTTS,2024-04-04,up,1,-18.281726453933935,
LTTS,2024-06-21,down,1,1.2323438311833135,
LTTS,2024-07-01,up,1,1.5916414410765078,
LTTS,2024-07-02,down,1,0.8283985832748364,
LTTS,2025-02-04,up,1,-14.745769202983805,
LTTS,2025-02-05,down,1,-17.025000605592567,
LUPIN,2022-08-24,up,2,-5.70378636992841,-3.1291007436014984
LUPIN,2022-11-14,down,1,1.6271395787557763,0.42625070931814335
LUPIN,2022-11-30,up,7,-1.5458036422496768,0.5769876463042056
LUPIN,2022-12-01,up,8,-0.8468725562086998,-0.3745884094441543
LUPIN,2022-12-02,down,1,-2.6962462515132124,0.03610230105413059
LUPIN,2023-05-10,up,3,6.607919472720369,-0.6959881443844407
LUPIN,2023-05-12,up,1,4.007727962002194,1.0451133533528223
LUPIN,2023-05-15,up,2,3.304112756294364,1.1628940422212297
LUPIN,2023-06-27,up,2,5.706642768104708,-1.8743400549393607
LUPIN,2023-06-30,up,4,4.67795251928278,0.29271712866736355
LUPIN,2023-07-07,down,1,2.780987976099736,-1.2679587010547055
LUPIN,2023-07-12,down,1,5.844286948215638,1.6092177548738595
LUPIN,2023-08-03,down,3,7.363449341309702,3.0194962268361714
LUPIN,2023-08-04,up,1,5.92185118402091,2.0119177007996702
LUPIN,2023-08-07,up,2,1.2785763676925521,0.2867345672165733
LUPIN,2023-08-16,up,2,-0.5872351497696271,0.9380509535281245
LUPIN,2023-08-17,down,1,-1.2107919185434746,-2.2004650213036436
LUPIN,2023-09-06,up,4,-0.13172472967676319,0.9127451284614674
LUPIN,2023-09-12,down,1,1.4513937385975506,-1.0518700871323339
LUPIN,2023-09-29,up,1,-0.04824298203669475,0.20848242126287886
LUPIN,2023-11-28,up,1,2.3716777089702212,0.14186097624329097
LUPIN,2023-11-30,up,3,-0.27533395001664296,1.6369527493364622
LUPIN,2023-12-01,up,4,-2.4181437320422994,0.9641676248119957
LUPIN,2023-12-28,up,5,6.724070079291056,3.0884022645187637
LUPIN,2024-01-02,down,1,5.324072015208259,2.7641999538898787
LUPIN,2024-01-03,down,2,0.9864944495450834,-0.3452145913276361
LUPIN,2024-01-04,up,1,0.40039731836167824,0.35461980752740097
LUPIN,2024-01-18,down,3,3.573364673343815,0.5463874432661386
LUPIN,2024-01-23,down,1,2.4980378931920733,-0.010344536411011074
LUPIN,2024-01-24,up,1,1.437831381109933,-1.2702842371048462
LUPIN,2024-01-29,up,1,1.9091456296427278,0.47056365219459995
LUPIN,2024-01-31,up,1,4.9883268145147985,1.0407935227785936
LUPIN,2024-02-01,down,1,3.6672378552895957,1.97082256736536e-05
LUPIN,2024-02-05,down,1,4.9539155979073435,3.403842219297837
LUPIN,2024-02-07,up,2,1.2374285527129603,6.476710575767064
LUPIN,2024-02-08,down,1,0.4161784337127328,0.044507570720053735
LUPIN,2024-03-04,up,3,-3.0987900962613057,1.1347154162469897
LUPIN,2024-07-10,down,1,4.4380062676427245,-0.3063190771369517
LUPIN,2024-07-29,up,2,2.83465371420053,0.09953343931974334
LUPIN,2024-07-31,up,4,11.7446798329355,1.0357352451345836
LUPIN,2024-08-01,up,5,9.211686848224577,0.7348672101058051
LUPIN,2024-08-02,down,1,7.3250765223702885,-3.516352972157577
LUPIN,2024-08-07,up,1,5.999741656040625,1.3054661757680996
LUPIN,2024-08-08,down,1,6.443329600049141,0.5392087809979795
LUPIN,2024-08-09,up,1,4.540443143460848,1.3848027029995658
LUPIN,2024-08-27,up,9,5.984111500621059,2.487723224180871
LUPIN,2024-08-28,up,10,1.6007594506528777,0.49568586621733246
LUPIN,2024-08-30,up,12,-3.9115378171661774,0.7908463392127141
LUPIN,2024-09-04,down,1,-2.7266792071223844,0.07182397869807122
LUPIN,2024-09-05,down,2,-4.679479127549058,-0.6303684962831402
LUPIN,2025-01-02,up,2,-9.832025278770162,0.12912797852071556
LUPIN,2025-11-13,up,4,2.0388254804409423,0.18046543477465704
LUPIN,2025-12-01,down,2,0.5729695716987226,-0.5688779051115755
LUPIN,2026-01-07,down,3,-0.8291851470367928,2.3079004212156917
LUPIN,2026-02-25,up,1,-1.003159192987757,0.7863884805699994
LUPIN,2026-02-26,up,2,0.4889908552737854,0.8134978225136313
LUPIN,2026-03-05,up,1,-0.5613970965550608,-0.2973425866580559
LUPIN,2026-05-06,up,1,-4.8687723773509495,2.5907799241403406
LUPIN,2026-05-07,down,1,-8.238395206890504,-1.8733093378167975
LUPIN,2026-07-03,up,3,-3.466212575388039,1.3961054129566053
LUPIN,2026-07-06,up,4,-3.3450241737703945,0.17626694532677512
M&M,2021-10-07,up,1,8.866120779236542,4.018448718499745
M&M,2021-10-08,up,2,4.831775841088493,-1.4837939065616257
M&M,2021-10-11,up,3,3.9884349855124013,-1.2757441841073858
M&M,2021-10-13,up,5,-3.76648882061299,3.471561858298533
M&M,2021-11-16,down,1,-11.80568499868091,0.6983452418757308
M&M,2022-04-12,down,2,5.2380202454772595,-0.36466250085166463
M&M,2022-04-13,down,3,4.5039931032824665,-0.6466455813546323
M&M,2022-04-19,down,5,3.478043572093892,-0.7871587033972394
M&M,2022-04-21,up,2,-3.2537082804651285,1.0566856690327864
M&M,2022-04-22,down,1,-1.656925918989549,-0.45941239252994537
M&M,2022-04-26,up,1,-2.0736846164684297,-0.2830674215131057
M&M,2022-05-30,up,3,1.8128834405737981,3.3928635496425663
M&M,2022-05-31,down,1,-3.354489012114492,1.7890532511644963
M&M,2022-06-01,down,2,-6.145209924207451,-0.3114865583992765
M&M,2022-06-24,up,2,6.034275198039518,3.917408532624367
M&M,2022-06-27,up,3,4.947579351092379,0.19701399933789165
M&M,2022-06-28,up,4,2.982807317578784,0.5020559303936967
M&M,2022-07-07,up,2,1.9602220249462565,5.136629285229399
M&M,2022-07-08,up,3,1.73025308448016,-1.3711459759643052
M&M,2022-08-01,up,4,5.605865969576818,3.057928031130963
M&M,2022-08-02,up,5,0.37504267485908294,0.39894229819197324
M&M,2022-08-05,up,1,2.93984238270113,-2.0706742965016622
M&M,2022-08-16,up,6,1.7335161047788539,0.590796019900508
M&M,2022-08-30,up,1,0.08847405881007298,-1.9528990919153166
M&M,2022-09-01,down,1,-0.8455801287053144,-0.22132497860033462
M&M,2023-01-23,up,1,2.6096146046134416,-0.6389164435163353
M&M,2023-01-31,up,2,-0.06133937998978878,2.503944420631199
M&M,2023-05-12,up,1,4.9714389680652005,1.0058601150565893
M&M,2023-05-15,up,2,3.497991246866494,0.14051970821358228
M&M,2023-05-29,up,3,7.399263868683392,2.3617910555995714
M&M,2023-06-05,up,2,3.014558644854448,2.8487211655841227
M&M,2023-06-06,up,3,-0.39807923877666074,1.0507809864400475
M&M,2023-06-07,up,4,-1.8969766385183329,-0.6522320339939269
M&M,2023-06-30,up,4,8.757556524233113,3.22417552323071
M&M,2023-07-03,up,5,5.482174945132323,1.2732368274983807
M&M,2023-07-06,up,8,-3.8617547928826546,2.7471682669194086
M&M,2023-07-07,down,1,-5.950316307446613,0.4059472977224532
M&M,2023-09-01,up,1,0.19712604186223892,0.49751396564741146
M&M,2023-09-18,down,1,-3.858117001314565,0.08318281313510756
M&M,2023-11-29,up,2,2.6789580401174184,0.6901612755848108
M&M,2023-11-30,up,3,0.1429927493688421,1.5006264167441552
M&M,2023-12-04,up,5,-0.721482622899905,-0.8021104313926997
M&M,2023-12-05,up,6,0.27177255049382065,0.28068467132622565
M&M,2023-12-15,up,3,0.8986463330764582,0.05804524693029389
M&M,2024-02-23,down,1,-3.661138811517517,0.4367832200499855
M&M,2024-03-01,up,2,-5.226162415671731,0.013489316690273867
M&M,2024-04-08,up,1,5.828604374548574,2.8176854981286414
M&M,2024-04-09,down,1,2.808911725810348,0.04839011325141751
M&M,2024-04-22,up,2,1.7557568219105368,-1.0920969973568284
M&M,2024-04-30,down,1,5.888742053620777,0.9999275845922861
M&M,2024-05-02,up,1,4.131252558954879,1.3833552385605463
M&M,2024-05-06,down,2,2.199405792024045,0.6731050629207092
M&M,2024-05-09,down,5,0.8306637501665826,-1.747952307380496
M&M,2024-05-14,up,3,4.572958845960762,0.5849251065212391
M&M,2024-05-15,down,1,13.851765987855934,1.2085995719723908
M&M,2024-05-16,up,1,12.043629730705629,4.148794034385217
M&M,2024-05-17,up,2,8.451437520240823,4.037234858617933
M&M,2024-05-23,up,5,11.152830842448669,0.7414343775650423
M&M,2024-06-03,up,2,8.628176371314122,0.1430570949384702
M&M,2024-06-05,up,1,7.1160049599751085,2.9006417048687005
M&M,2024-06-07,up,3,3.607751435861428,3.0727495496292834
M&M,2024-06-10,down,1,-0.5825314503316248,-2.1144832425014526
M&M,2024-06-14,up,4,-1.6921595192350702,2.226221629206715
M&M,2024-06-18,up,5,-1.1899092453550142,0.4819757289587612
M&M,2024-09-26,up,6,-6.335265558520509,0.19764625585947382
M&M,2024-09-27,down,1,-6.690742553937379,-1.5572098642326448
M&M,2025-05-02,up,1,0.950038531768671,-1.1877838507831195
M&M,2025-05-05,up,2,2.162519110178285,4.4975156768242375
M&M,2025-05-06,down,1,-0.6348007391385635,-1.2199219950265072
M&M,2025-06-20,up,1,-2.645323171728886,0.21842705150625363
M&M,2025-08-18,up,3,4.54743034488041,2.1000325068486037
M&M,2026-07-28,down,1,7.217757367011113,0.4240366676234286
M&M,2026-07-31,up,3,4.7363124264460765,3.629732312288869
M&M,2026-08-05,up,1,0.564996087384162,-0.9569755838412464
M&M,2026-08-07,down,1,-4.83065899208277,0.16473233256795172
M&M,2026-08-10,up,1,-6.825537596458354,-0.48331766901087425
M&MFIN,2021-10-04,up,1,-0.2324551943906572,
M&MFIN,2021-10-05,up,2,-0.10730660423372562,
M&MFIN,2021-10-19,down,1,3.4217387917730546,
M&MFIN,2021-11-03,down,2,-15.513436680588322,
M&MFIN,2021-11-09,down,1,-16.754956501060224,
M&MFIN,2023-05-02,up,6,8.845000878357512,
M&MFIN,2023-05-04,up,1,1.3457868558231834,
M&MFIN,2023-05-08,up,1,-1.409282874082518,
M&MFIN,2023-05-09,up,2,-3.4334895058158232,
M&MFIN,2023-06-19,down,1,6.008044250487687,
M&MFIN,2023-06-21,up,2,0.7368182651856348,
M&MFIN,2023-06-28,up,3,-4.060920566754566,
M&MFIN,2023-06-30,up,4,-4.671073943275839,
M&MFIN,2023-07-03,up,5,-6.684643793733159,
M&MFIN,2024-06-24,up,1,-3.660614565203124,
M&MFIN,2024-09-13,down,1,-12.881237382067434,
M&MFIN,2024-09-26,up,6,-13.760570188370592,
M&MFIN,2025-11-20,up,2,1.5313202482247767,
M&MFIN,2025-11-21,down,1,-1.3101867090443142,
M&MFIN,2025-11-24,down,2,-2.265328238140496,
M&MFIN,2025-11-25,down,3,-5.543838315842398,
M&MFIN,2025-11-28,down,1,2.664760063658589,
M&MFIN,2025-12-01,down,2,5.198628092179169,
M&MFIN,2025-12-19,up,1,-3.317420992204956,
M&MFIN,2025-12-22,up,2,-5.373407271171993,
M&MFIN,2025-12-23,up,3,-11.471592695425636,
M&MFIN,2026-07-10,up,2,2.2347896650420918,
M&MFIN,2026-07-21,down,2,12.908082068045946,
M&MFIN,2026-07-22,down,3,7.931417293696819,
M&MFIN,2026-07-29,up,1,5.700369985451514,
M&MFIN,2026-07-30,up,2,2.6307885338537895,
M&MFIN,2026-07-31,up,3,1.9102144017735245,
M&MFIN,2026-08-03,up,4,1.3511028912870593,
M&MFIN,2026-08-10,up,1,-9.421774592564935,
MAHABANK,2022-12-07,down,2,12.219560798531592,0.36174909016775114
MAHABANK,2022-12-08,up,1,9.755281380604819,2.5278997140363746
MAHABANK,2022-12-09,down,1,6.691503754846062,-6.542820658994264
MAHABANK,2022-12-13,up,2,-8.578126146464381,4.731120317443538
MAHABANK,2022-12-14,up,3,-6.864480599442146,0.983179408631063
MAHABANK,2023-07-19,up,5,9.96845298867759,1.3226620033206737
MAHABANK,2023-07-20,up,6,7.670602212816524,-2.725180069800248
MAHABANK,2023-07-21,down,1,6.400147839988568,1.2635889787477428
MAHABANK,2023-07-24,down,2,4.701454114614889,-1.9416704255987294
MAHABANK,2023-08-02,down,2,3.351433135460802,-4.489020412746569
MAHABANK,2023-08-08,down,1,9.946722452812406,2.748672314678835
MAHABANK,2023-08-09,up,1,5.499899851262735,1.9559777165648606
MAHABANK,2023-08-11,down,2,10.073800553376655,0.031045146476693652
MAHABANK,2023-08-14,up,1,6.811310316610419,-0.8821811410245184
MAHABANK,2023-08-18,down,2,0.2610911475432687,-2.267561747516633
MAHABANK,2023-08-23,up,3,4.785811346122659,0.2572453606749736
MAHABANK,2023-08-24,down,1,3.3486014087624083,-2.2344560858509444
MAHABANK,2023-09-04,up,2,9.107919717948754,3.0737325586839503
MAHABANK,2023-09-05,up,3,5.32760534785599,-0.37862526416670983
MAHABANK,2023-09-11,up,7,11.940304050276263,3.9196576922577275
MAHABANK,2023-09-15,up,3,10.064204119069476,0.39189866506330606
MAHABANK,2023-09-18,down,1,6.609806341808033,1.871591083448343
MAHABANK,2023-10-04,down,2,-20.049561509545764,-4.369204445916863
MAHABANK,2023-12-11,up,2,-3.9832636491341944,0.13626783593052583
MAHABANK,2023-12-18,down,1,-4.850743105557809,-0.60115928080543
MAHABANK,2023-12-19,up,1,-6.780794341414797,-0.7035185886316797
MAHABANK,2024-01-15,up,5,22.8185840655456,3.797555712201306
MAHABANK,2024-01-18,down,3,14.356445975025455,-0.21185645765638972
MAHABANK,2024-01-23,down,1,13.16523463131254,-3.2300632894078807
MAHABANK,2024-01-29,up,1,8.836505211725898,-1.2224877701861314
MAHABANK,2024-01-31,up,1,7.659897336848287,0.040337478482443956
MAHABANK,2024-02-01,down,1,6.508457481534546,1.4535208427339574
MAHABANK,2024-02-02,up,1,16.477977112999255,0.6341828805700445
MAHABANK,2024-02-05,down,1,13.01725632068842,2.8811797518139004
MAHABANK,2024-02-06,up,1,-6.579949403170627,-2.7589338266020835
MAHABANK,2024-02-07,up,2,-10.463212833525848,6.3007963623285645
MAHABANK,2024-02-08,down,1,-13.721151560956635,-7.362244847326515
MAHABANK,2024-04-01,up,3,0.9217013942059538,3.287053770632653
MAHABANK,2024-04-02,down,1,-0.8015643061506816,-1.1056161744904314
MAHABANK,2024-04-03,down,2,1.1471544212504625,0.9228790752152882
MAHABANK,2024-04-04,up,1,0.019957357713984436,-3.3066486877975976
MAHABANK,2024-04-25,up,5,-3.5334444810041665,0.033772340170235005
MAHABANK,2024-04-26,down,1,-4.191166535413016,3.7238098172136525
MAHABANK,2024-04-29,up,1,-3.1499540244679713,2.3699943453145744
MAHABANK,2024-04-30,down,1,-4.187939253585638,-1.6812348480495287
MAHABANK,2024-06-03,up,2,-9.571021317282668,0.19830915353304945
MAHABANK,2026-01-14,down,2,-1.1762538969694036,-0.09027676824243658
MAHABANK,2026-02-18,up,3,-3.4517142462602624,1.8981972799066993
MAHABANK,2026-02-19,down,1,-5.558174579536656,-2.9559601315672146
MAHABANK,2026-02-23,up,2,-6.423496153577557,-0.7966596353381261
MAHABANK,2026-02-24,down,1,-8.249314333424973,1.1087202398497586
MAHABANK,2026-02-25,up,1,-9.769209958639157,2.6754651380606065
MAHABANK,2026-02-26,up,2,-12.882119892715982,0.593289782862616
MAHABANK,2026-02-27,down,1,-18.3004628478752,-7.380095431216793
MAHABANK,2026-04-17,up,1,12.084843552037317,0.507428779266772
MAHABANK,2026-04-20,up,2,6.836696146983234,5.514356960476285
MAHABANK,2026-04-21,up,3,3.407594118079138,4.209297287451097
MAHABANK,2026-04-22,down,1,-0.8149462945767572,-2.6340689192076217
MAHABANK,2026-05-06,up,1,-3.004756686894694,2.155073411196118
MAHABANK,2026-05-07,down,1,-6.267834676083773,0.8741154733531653
MAHABANK,2026-06-10,down,1,3.104658371947777,-0.9108740855025554
MAHABANK,2026-06-12,up,1,9.759145567791471,3.630880275778825
MAHABANK,2026-06-15,up,2,6.577356918046595,2.0916857254776655
MAHABANK,2026-06-29,down,1,-12.149778151515122,2.1755309631877884
MANAPPURAM,2021-10-01,down,4,9.272543002680367,2.4588433557577005
MANAPPURAM,2021-10-04,up,1,6.972066565652524,0.49475781852943435
MANAPPURAM,2021-10-05,up,2,5.080043619593355,0.17937523268014566
MANAPPURAM,2021-10-06,down,1,7.428413802177669,-0.9259424291983454
MANAPPURAM,2021-10-07,up,1,10.629309225832518,3.4421309168083836
MANAPPURAM,2021-10-11,up,3,0.9537808361154587,-1.84695457169608
MANAPPURAM,2021-10-13,up,5,5.26488388285502,-0.6238808458335687
MANAPPURAM,2021-10-18,up,7,9.382699677107432,-1.2479082946401765
MANAPPURAM,2021-10-22,down,4,7.491200366758277,-1.1857677711748504
MANAPPURAM,2021-10-27,down,1,4.4716364857510404,-2.5520670604995632
MANAPPURAM,2021-11-08,up,2,-7.008338201050224,3.7722734424925575
MANAPPURAM,2021-11-09,down,1,-19.26729986431478,-1.1080986447379315
MANAPPURAM,2022-12-02,down,1,-2.963814709256196,2.8192384452769614
MANAPPURAM,2022-12-05,up,1,-8.489182388785144,0.20641566476919948
MANAPPURAM,2023-06-21,up,2,-0.30467815958963307,-1.6159488975604042
MANAPPURAM,2023-06-30,up,4,-1.6030933060690145,1.40866548483638
MANAPPURAM,2023-07-11,up,2,0.7705194304435503,-2.101183732651657
MANAPPURAM,2023-07-26,up,2,8.044111996127313,1.5255026720284004
MANAPPURAM,2023-07-27,down,1,5.540704118387918,1.9543739037181984
MANAPPURAM,2023-08-09,up,1,5.931989190680698,-1.8384215682940241
MANAPPURAM,2023-08-10,down,1,5.132772234382443,1.2086344325507037
MANAPPURAM,2023-08-11,down,2,3.850663135220689,-0.3963961424032325
MANAPPURAM,2023-08-17,down,1,2.759422164504266,-0.3313426155152843
MANAPPURAM,2023-11-29,up,2,5.357379996007228,-0.4975124378109319
MANAPPURAM,2023-11-30,up,3,4.776368962189226,0.6609167342226829
MANAPPURAM,2023-12-04,up,5,2.5765051464656796,0.3679842985355952
MANAPPURAM,2023-12-14,up,2,2.6265423441163893,1.1083082816560452
MANAPPURAM,2023-12-18,down,1,0.8448036194942166,-1.9826189890244539
MANAPPURAM,2024-01-05,up,2,2.5160199027626007,-1.8926678761048032
MANAPPURAM,2024-01-30,down,1,-5.00554171827533,0.01846496994684088
MANAPPURAM,2024-02-07,up,2,-8.892784236930884,1.640908282859277
MANAPPURAM,2024-04-30,down,1,-17.512436292657796,0.09950096927473506
MANAPPURAM,2024-06-26,up,3,14.300423718065435,0.31808484653075286
MANAPPURAM,2024-06-27,up,4,11.668878979793739,5.87702272234909
MANAPPURAM,2024-07-10,down,1,3.9530440915339637,-0.8359455899092816
MANAPPURAM,2024-07-11,down,2,-6.610468155731041,-1.2345707128780137
MANAPPURAM,2024-07-12,up,1,-7.254533892588066,2.9336078229541984
MANAPPURAM,2024-07-15,up,2,0.7959925040950555,-1.9057966523232328
MANAPPURAM,2024-12-13,up,1,-1.936162897590521,-0.38810225193850467
MANAPPURAM,2024-12-16,down,1,-1.9035847581130638,-0.30357114465583424
MANAPPURAM,2025-01-17,down,1,3.235128637948592,1.205734385906454
MANAPPURAM,2025-01-23,up,2,-0.24237296109932416,-1.7531720902068448
MANAPPURAM,2025-02-04,up,1,0.8009873272408319,1.0813413932091454
MANAPPURAM,2025-02-05,down,1,0.5209222733399077,-1.1394575083074843
MANAPPURAM,2025-02-07,down,3,-4.525562019533358,0.22178265300007993
MANAPPURAM,2025-03-19,up,3,5.845541095842299,1.6574407790150847
MANAPPURAM,2025-03-20,up,4,4.851035628058731,4.837119762492903
MANAPPURAM,2025-03-21,up,5,2.6337225286959365,6.923323179676855
MANAPPURAM,2025-06-06,up,3,14.937711666840148,3.194768195197173
MANAPPURAM,2025-06-09,up,4,11.728967922655409,5.797589858244789
MANAPPURAM,2025-06-10,up,5,4.269475202874196,-1.154002703976753
MANAPPURAM,2025-06-13,down,2,0.026749112409030218,0.8764273199456607
MANAPPURAM,2025-06-16,up,1,-3.9524600728038095,-1.698765530690527
MANAPPURAM,2025-12-24,down,1,-4.0553701947457,6.097944444533732
MANAPPURAM,2025-12-26,down,2,0.6986540626810589,-0.8752542834264077
MANAPPURAM,2026-01-07,down,3,-11.32315899028612,-0.341747739214171
MANAPPURAM,2026-05-04,up,1,7.135007966644058,1.1309731684344015
MANAPPURAM,2026-05-06,up,1,5.691252943682246,0.3062233260193503
MANAPPURAM,2026-05-07,down,1,3.295924659386684,0.6294060578326155
MANAPPURAM,2026-05-20,up,1,-3.624554667383495,0.9409193534120064
MANAPPURAM,2026-05-22,up,1,-2.582945360945166,0.28451905889834705
MANAPPURAM,2026-05-25,up,2,-3.388699458908917,-0.8931541290364886
MANAPPURAM,2026-07-03,up,3,6.132985335415353,-1.760457839819518
MANAPPURAM,2026-07-06,up,4,6.7242049376117,2.2161899582517908
MANAPPURAM,2026-07-21,down,2,6.447529375229166,1.1560693641618602
MANAPPURAM,2026-07-23,down,4,3.865889819182766,-2.7844403914447535
MANAPPURAM,2026-07-27,up,1,3.254398383514512,-0.4138299858424288
MANAPPURAM,2026-07-29,up,1,-6.802077765442749,1.6953798500610073
MANAPPURAM,2026-07-30,up,2,-6.620329568618,-1.513522767805764
MANKIND,2024-01-02,down,1,-0.5244550418607274,2.836468851693441
MANKIND,2024-01-03,down,2,-1.4627527333001655,-0.9088864146563957
MANKIND,2024-01-11,up,3,-4.163150767607748,2.397982419379918
MANKIND,2024-04-01,up,3,0.8459487948446975,-2.44648440950489
MANKIND,2024-04-02,down,1,0.12311816301004974,-0.11092053967849402
MANKIND,2024-04-23,up,3,-9.923522881460467,-0.8696208555620588
MANKIND,2024-08-26,up,8,3.72181951699897,-1.008251977187169
MANKIND,2024-08-30,up,12,1.5673287495579835,2.4696777550157867
MANKIND,2024-09-02,up,13,-0.7873544191440929,-4.199921201870948
MANKIND,2024-09-20,up,2,6.072111261083357,0.5867542035606244
MANKIND,2024-09-23,up,3,6.994869657416625,1.533150573662323
MANKIND,2024-09-24,up,4,4.264794183981602,2.3027451858904424
MANKIND,2024-10-11,down,1,-2.828301074885131,2.511123798131387
MANKIND,2024-10-14,up,1,-3.3531780612763296,-1.566174328425729
MANKIND,2024-12-18,down,3,8.385831680010813,0.3140147665562809
MANKIND,2024-12-19,down,4,4.683596136641377,1.520469541001157
MANKIND,2024-12-23,up,1,-9.248101184716672,1.2726916492619589
MANKIND,2025-09-18,up,3,-6.752193019383512,0.21514392787325143
MANKIND,2026-04-23,down,2,2.905303582942964,2.3596082784621553
MANKIND,2026-05-07,down,1,-0.26239697477800084,-0.17003384645862818
MANKIND,2026-05-08,down,2,-3.2009782879366178,1.092028230180353
MANKIND,2026-05-11,down,3,-6.338725331705131,-0.2916329198944245
MANKIND,2026-05-15,down,1,-6.546950413520037,-0.612471599918718
MANKIND,2026-05-19,down,1,-6.726965483668568,-1.8281861295806223
MANKIND,2026-05-20,up,1,-7.412229333675613,1.964786837718635
MANKIND,2026-05-21,down,1,-9.742711294716877,-4.098554844823488
MANKIND,2026-07-15,up,1,1.2782085816543276,-1.348622362526386
MAPMYINDIA,2024-06-21,down,1,0.11363097891858853,
MAPMYINDIA,2024-07-15,up,2,-14.864609312086309,
MAPMYINDIA,2026-07-14,down,1,-6.8941049128842575,
MAPMYINDIA,2026-07-29,up,1,-15.99605861885065,
MARICO,2023-05-11,down,1,2.515476182620957,0.0645421331191276
MARICO,2023-08-04,up,1,0.7072222911051806,-0.841722360358399
MARICO,2023-08-09,up,1,-2.515434905576752,0.06683074557487512
MARICO,2024-05-07,down,3,12.816071739995017,8.726032757560521
MARICO,2024-05-08,down,4,1.4127315640229066,0.21564739562109914
MARICO,2024-05-13,up,2,2.1708479811417103,-1.2539620681835117
MARICO,2024-05-14,up,3,6.119546834189249,-1.0646909536630944
MARICO,2024-06-04,down,1,-0.9417920772805788,0.3991226806330683
MARICO,2024-06-05,up,1,-1.837582344075972,3.8035608719256597
MARICO,2024-07-16,up,3,-5.095512141537628,0.3027940492977388
MARICO,2024-07-18,up,4,-3.5510549000932645,1.4395957662491687
MARICO,2024-07-30,up,3,-1.5052261036574865,-1.1499877660875901
MARICO,2024-10-03,down,4,-11.549470586799693,-2.422015750674611
MARICO,2025-01-10,down,3,-1.1460678178578099,-1.0944813546083676
MARICO,2025-02-01,down,1,-9.447011696731611,-0.2293844804108658
MARICO,2025-04-04,down,2,4.150945229630176,-2.3749178635126045
MARICO,2025-04-09,down,1,5.433247897471949,1.1730223088416203
MARICO,2025-04-11,up,1,2.9574349262122324,2.009992273838823
MARICO,2025-04-15,up,2,0.6163473163395938,-0.9917945021756469
MARICO,2025-04-16,up,3,-0.13128463045016803,-0.7739082365947891
MARICO,2025-05-05,up,2,0.8793274385172412,-0.9975543513674467
MARICO,2026-01-01,up,2,1.881320258702357,0.22075216065782222
MARICO,2026-01-06,down,2,-6.305674836274077,-0.39482826060981413
MARICO,2026-02-18,up,3,-2.4382464137711835,1.962029211141747
MARICO,2026-02-23,up,2,-6.125621890547251,-0.18034977699392662
MARICO,2026-02-24,down,1,-6.548382562583866,0.169994588461031
MARICO,2026-05-05,down,1,5.586674661073587,3.5377285119780666
MARICO,2026-05-06,up,1,3.4371618518105107,0.5275873054146452
MARICO,2026-05-11,down,3,-4.297525746663089,-0.6332300285635251
MARICO,2026-07-28,down,1,-3.529588486946733,1.4398083790795546
MARUTI,2021-10-11,up,3,2.390861992547677,1.0261748533255899
MARUTI,2021-11-02,down,1,3.111223437151245,-0.20100176136101933
MARUTI,2021-11-16,down,1,-9.799925781962493,1.0749036108962162
MARUTI,2021-11-17,down,2,-9.151765392627809,0.7908328570893186
MARUTI,2022-01-17,up,1,3.6295472922915684,-0.6306217663197278
MARUTI,2022-01-25,up,1,2.047444131688425,2.915973680741346
MARUTI,2022-01-27,down,1,-1.778616206680128,1.0069688491981532
MARUTI,2022-02-10,up,3,-19.784158230157534,-3.284527441305829
MARUTI,2022-07-07,up,2,0.9468730584987872,-0.8706870973105074
MARUTI,2022-07-15,up,1,1.117403732058131,0.6690684508492195
MARUTI,2022-07-18,up,2,0.89285581765568,-1.6176058528530102
MARUTI,2022-08-01,up,4,-3.156697781360429,-0.030207900450762715
MARUTI,2022-08-02,up,5,-4.320988446594754,0.15689302524253268
MARUTI,2022-09-20,up,2,-7.492601606290927,-0.9602325709824888
MARUTI,2023-05-11,down,1,1.8865389318386327,0.37991085219328813
MARUTI,2023-05-26,up,2,1.1614291075845662,0.6244495918954929
MARUTI,2023-05-29,up,3,0.24597785765807512,-0.8674101610904428
MARUTI,2023-06-05,up,2,-1.071538138339867,0.5873307448588605
MARUTI,2023-06-06,up,3,-2.3451208686856018,1.0301191139737043
MARUTI,2023-09-11,up,7,1.5252436437603878,0.22537452705191363
MARUTI,2023-09-25,up,1,0.0372899100388846,-0.42024186769573646
MARUTI,2024-02-14,up,2,3.192067099913043,0.10547798665578867
MARUTI,2024-02-15,up,3,4.975572856869515,0.1328200625830389
MARUTI,2024-02-16,up,4,4.192947100368993,1.7136574437164764
MARUTI,2024-02-19,up,5,1.0435609815686364,-0.8442110007453985
MARUTI,2024-02-22,up,1,-0.42982061411935835,0.2899049614869975
MARUTI,2024-03-22,up,3,6.454005311281441,1.6584421318563303
MARUTI,2024-03-27,up,1,3.0078483650414656,0.644655928767901
MARUTI,2024-04-08,up,1,0.11661688644006851,0.5837628872478184
MARUTI,2024-07-30,up,3,-5.140265158229774,0.9175096544158601
MARUTI,2024-07-31,up,4,-5.810302980048599,2.757142988568928
MARUTI,2024-08-01,up,5,-8.477799379271856,-2.349932580090186
MARUTI,2025-01-15,up,2,1.6564886745344287,-1.0619165164638122
MARUTI,2025-01-29,up,2,0.46752879912843603,-1.8963153551947887
MARUTI,2025-02-01,down,1,-1.0319653121599326,4.321009962295075
MARUTI,2025-02-03,down,2,-6.587214533321973,0.2591604714072382
MARUTI,2025-05-15,up,2,-5.196262734414658,1.2459506506127482
MARUTI,2025-08-18,up,3,12.977822516401716,8.033027239756162
MARUTI,2025-08-19,up,4,3.651653238233621,1.172016026064382
MARUTI,2025-08-20,up,5,2.5984304127575353,-0.853127494970829
MARUTI,2025-08-25,up,1,5.423856344967759,-0.14513226520683764
MARUTI,2025-08-26,down,1,4.863168616098967,2.368390125625508
MARUTI,2025-09-04,up,2,1.274695165357942,-2.1635203344228637
MARUTI,2025-09-08,up,4,1.6766560896305904,-0.43875112625846313
MARUTI,2025-09-16,up,1,4.114114813348757,0.8478150071276502
MARUTI,2025-09-17,up,2,2.712039392622634,1.5571111991664166
MARUTI,2025-09-18,up,3,1.2575257484231495,0.6473511818829936
MARUTI,2025-09-19,down,1,0.48883507676500404,-0.8720747851182487
MARUTI,2025-09-23,down,3,0.44422966115873486,0.29553354026878864
MARUTI,2025-12-12,up,2,1.3965549897714258,0.4891078942416138
MARUTI,2026-01-02,up,3,-8.478773926774718,0.7271881761368171
MARUTI,2026-01-05,down,1,-9.453263127272038,0.5034244039523683
MARUTI,2026-06-30,down,2,-3.861538949475807,0.856650776630441
MARUTI,2026-07-01,up,1,-5.093923383575039,1.114034082807569
MAXHEALTH,2022-04-20,up,1,-1.9152243784991585,8.218803661647268
MAXHEALTH,2022-04-21,up,2,-13.157133279499412,-0.4617858888717574
MAXHEALTH,2022-09-09,up,2,11.757548259144702,5.515604176037625
MAXHEALTH,2022-09-12,up,3,4.845541971129386,1.2318248398611509
MAXHEALTH,2022-09-15,down,2,-3.06080837032634,3.2076138969052703
MAXHEALTH,2022-09-16,down,3,-8.454147947886492,-6.169680550359624
MAXHEALTH,2022-11-02,down,1,-7.663809908651553,-1.1114626646521297
MAXHEALTH,2023-05-15,up,2,0.6269166186541719,1.1794460554630737
MAXHEALTH,2023-05-17,down,2,6.10755282367923,-0.5164606654228909
MAXHEALTH,2023-05-18,down,3,4.963448966388961,0.6040906963379111
MAXHEALTH,2023-05-19,up,1,5.758523094793078,2.082873768111404
MAXHEALTH,2023-05-22,up,2,2.1608135111889304,0.5658223418253394
MAXHEALTH,2023-05-23,up,3,2.6539509627809155,-1.0850708321384461
MAXHEALTH,2023-06-09,down,2,6.696601168658933,0.717654984205085
MAXHEALTH,2023-06-14,up,3,5.432813003368975,0.5237761651873507
MAXHEALTH,2023-06-15,down,1,3.7998239275868873,0.4130081419688514
MAXHEALTH,2023-06-16,up,1,2.7217123267468724,0.15638603656846772
MAXHEALTH,2023-06-19,down,1,2.625667268394949,-0.38153049236210324
MAXHEALTH,2023-09-11,up,7,-6.806306241444626,2.6405444185135796
MAXHEALTH,2023-12-13,up,1,3.5373204499365096,2.1549550434095455
MAXHEALTH,2024-01-23,down,1,2.22571193937795,0.42550246045676143
MAXHEALTH,2024-02-01,down,1,1.573781436666133,-1.6289983793132068
MAXHEALTH,2024-02-06,up,1,4.082666594910078,1.64561806352852
MAXHEALTH,2024-02-07,up,2,2.320184237415157,0.8122080979497293
MAXHEALTH,2024-02-08,down,1,-6.574004452631865,2.5937240386345817
MAXHEALTH,2024-02-09,up,1,-16.505173449381783,-0.2708552907444428
MAXHEALTH,2024-02-12,down,1,-15.863604956297262,-0.9365464009672642
MAXHEALTH,2024-02-13,up,1,-19.09222288685544,-0.6194490247115825
MAXHEALTH,2024-04-10,up,1,-7.150104443577964,2.742272950052249
MAXHEALTH,2024-04-12,down,1,-7.6965389404324736,-1.987757067198559
MAXHEALTH,2024-06-21,down,1,-4.764848408536759,-2.2478073809539145
MAXHEALTH,2024-07-09,up,1,-4.4002845918830635,-4.581688226433567
MAXHEALTH,2024-09-24,up,4,-11.981376401749833,-6.577203485867678
MAXHEALTH,2024-11-07,down,1,-7.211728744507628,-1.016437682261928
MAXHEALTH,2024-12-12,down,1,5.781558347226046,2.5741981023587046
MAXHEALTH,2024-12-13,up,1,2.7101894455986653,0.27149044088907726
MAXHEALTH,2024-12-17,down,2,0.21881016495419736,-0.6266113588668354
MAXHEALTH,2025-01-08,down,1,-14.413853841049306,-0.5840045491190549
MAXHEALTH,2025-05-06,down,1,0.36780181081594865,-2.825209879200874
MAXHEALTH,2025-05-15,up,2,-4.3329401669536916,0.5706842938204115
MAXHEALTH,2025-06-13,down,2,5.993377919235132,1.6661176812044154
MAXHEALTH,2025-06-26,up,3,-3.4282497271784007,0.5955772296398099
MAXHEALTH,2025-06-27,up,4,-5.1253574346405095,0.24387864598578446
MAXHEALTH,2025-07-01,up,1,-6.482393481626659,-2.6152470694821406
MAXHEALTH,2026-02-23,up,2,0.8196192378282952,-2.009945165805982
MAXHEALTH,2026-02-26,up,2,-13.051353221501916,-0.06042825513937755
MAXHEALTH,2026-05-11,down,3,-3.228972296248267,0.5854097028118455
MAXHEALTH,2026-05-14,up,2,-4.792483511130974,-0.15980814587434056
MAXHEALTH,2026-05-19,down,1,-5.4492377635867895,-0.7736436511585842
MAXHEALTH,2026-05-21,down,1,-6.721023382436764,-1.5800626497143755
MAXHEALTH,2026-06-25,up,2,3.6403793866180534,1.0884552990857
MAXHEALTH,2026-06-29,down,1,0.6897408905049751,0.3056266987362388
MAXHEALTH,2026-07-06,up,4,-4.391836027968987,-2.822094320289714
MAZDOCK,2022-09-01,down,1,-0.3511837617023561,-1.3510876987610887
MAZDOCK,2022-09-08,up,1,10.217587582401922,2.354275233639691
MAZDOCK,2022-09-16,down,3,12.150536937453783,-0.6111516455959753
MAZDOCK,2022-09-19,up,1,7.344784340561272,0.9817589797592285
MAZDOCK,2022-09-20,up,2,4.958326172342309,-1.9864338382184377
MAZDOCK,2022-09-30,up,1,17.263259971329802,2.517073065386799
MAZDOCK,2022-10-03,down,1,24.747152547208028,3.7315453059192594
MAZDOCK,2022-10-04,up,1,18.52167270048566,6.799336650082921
MAZDOCK,2022-10-06,up,2,11.312871339269549,2.941391306548913
MAZDOCK,2022-10-07,down,1,5.005647646665112,3.9578228261676784
MAZDOCK,2022-10-10,down,2,-1.554331835888767,-2.958270420923337
MAZDOCK,2022-11-02,down,1,26.58056090739631,10.077272704961704
MAZDOCK,2022-11-03,down,2,11.472009191152054,0.14679281641691855
MAZDOCK,2022-11-07,up,2,4.633791098320605,1.005092665456253
MAZDOCK,2022-11-09,down,1,1.894718570306142,-2.306872273987104
MAZDOCK,2022-11-15,up,1,7.087527944338112,1.5311819313567065
MAZDOCK,2022-11-16,up,2,1.4506588889223515,1.258172188192086
MAZDOCK,2022-11-17,down,1,2.721381427424241,-1.5062543718990518
MAZDOCK,2022-11-23,up,2,1.8275738424992305,-1.1754277926772305
MAZDOCK,2022-11-30,up,7,-8.153223904964701,-0.2906052692079997
MAZDOCK,2022-12-01,up,8,-14.77521806497586,-1.4504337763350028
MAZDOCK,2023-06-02,up,1,40.210196382470365,-0.11971322157839914
MAZDOCK,2023-06-05,up,2,38.41999544324537,18.407611688277402
MAZDOCK,2023-06-06,up,3,17.46436560596003,1.9752133962394947
MAZDOCK,2023-06-08,down,1,11.27038775856477,-5.172819931797001
MAZDOCK,2023-06-16,up,1,20.480698191920908,10.353444105984021
MAZDOCK,2023-06-19,down,1,8.225318766851398,-0.9066509557475677
MAZDOCK,2023-06-20,up,1,6.474100016578732,5.057238081437476
MAZDOCK,2023-06-21,up,2,-0.542629627563318,-7.731592545269573
MAZDOCK,2023-07-10,up,1,34.31728777581402,9.984203611025011
MAZDOCK,2023-07-11,up,2,24.45249129476452,13.396657488113917
MAZDOCK,2023-07-12,down,1,13.741688412032516,8.387923534896746
MAZDOCK,2023-07-13,up,1,3.403600183779143,-1.6908603754499874
MAZDOCK,2023-07-20,up,6,9.697940465648713,3.1890089597585547
MAZDOCK,2023-07-21,down,1,-4.78186237688668,2.9119221166387543
MAZDOCK,2023-07-24,down,2,-2.925544908719646,4.207456779930263
MAZDOCK,2023-07-25,up,1,-1.6207194238769485,-5.427403669200759
MAZDOCK,2023-08-16,up,2,-1.1612797230440952,0.7703794219278803
MAZDOCK,2023-08-17,down,1,5.137264202456859,-2.7131548734062427
MAZDOCK,2023-09-05,up,3,7.426046559464572,-1.212692637880186
MAZDOCK,2023-09-07,up,5,10.417285940425703,9.702059180181099
MAZDOCK,2023-09-08,up,6,2.216684786035694,5.498475396842273
MAZDOCK,2023-12-11,up,2,6.277673149483687,-1.1943085691988098
MAZDOCK,2023-12-19,up,1,4.665184315491522,-1.6366398967804452
MAZDOCK,2023-12-26,up,3,7.323432393618812,3.3657895623462997
MAZDOCK,2023-12-27,up,4,-1.0287307532609202,0.4454612723795215
MAZDOCK,2024-01-16,down,1,-7.526698148015898,-1.4285298652934153
MAZDOCK,2024-04-23,up,3,6.711150464921589,-0.9298559011330143
MAZDOCK,2024-04-24,up,4,-6.8014945900906625,-0.540587107751278
MAZDOCK,2024-04-25,up,5,16.869843468797917,4.5475646903955
MAZDOCK,2024-04-26,down,1,11.050009158408368,-2.330452998167054
MAZDOCK,2024-05-27,down,2,2.8223553315926964,-3.3748278746264293
MAZDOCK,2024-05-29,down,4,14.051815496514442,-0.8769420424596497
MAZDOCK,2024-05-30,down,5,-0.9082161287648383,-3.3022713091290345
MAZDOCK,2024-06-14,up,4,27.754695729376323,12.924924078236444
MAZDOCK,2024-06-18,up,5,10.134792145943239,4.6135287300963945
MAZDOCK,2024-06-19,down,1,4.156866713039475,-6.342902639121284
MAZDOCK,2024-06-26,up,3,9.805502632596742,-4.111947943952199
MAZDOCK,2024-06-27,up,4,9.131938883812829,3.43487183320752
MAZDOCK,2024-07-03,up,1,5.417502366005933,2.348208730697543
MAZDOCK,2024-07-04,up,2,2.1938461417551514,18.46195536281121
MAZDOCK,2024-07-05,up,3,1.6796492455487533,1.069863512063951
MAZDOCK,2024-12-05,up,5,7.240784712799653,-1.6675994078410583
MAZDOCK,2024-12-06,down,1,6.227655691392298,-1.9975499387484552
MAZDOCK,2024-12-12,down,1,5.466602279859822,-1.5975998874379171
MAZDOCK,2024-12-17,down,2,-15.268612451395992,3.92438361225671
MAZDOCK,2025-01-31,up,4,-14.129628001099814,0.034612550136370324
MAZDOCK,2025-03-19,up,3,15.198677997697274,12.370840917668847
MAZDOCK,2025-03-20,up,4,2.8674621164616942,-0.7229712464865923
MAZDOCK,2025-04-29,up,2,22.97808858667192,7.312558302238825
MAZDOCK,2025-04-30,down,1,14.978035907834887,0.3740262942151018
MAZDOCK,2025-05-02,up,1,11.265889673655538,-4.474450046394995
MAZDOCK,2025-05-14,up,1,10.494184259777729,-2.542770108219139
MAZDOCK,2025-05-16,down,1,15.558429252248839,9.662216743777252
MAZDOCK,2025-05-19,down,2,4.319096278581269,-4.057131892243627
MAZDOCK,2025-05-29,up,1,-14.078149301710031,-7.507733233111158
MAZDOCK,2026-04-20,up,2,5.027452340882288,0.07128989200340108
MAZDOCK,2026-04-21,up,3,3.2179906151592164,-0.9968845787448499
MAZDOCK,2026-04-23,down,2,1.5109377345952524,-0.8603489862138658
MAZDOCK,2026-04-29,up,1,-10.919507174988464,0.6637127999680859
MAZDOCK,2026-08-26,down,1,-15.291758626404784,-0.37226428829315594
MCX,2021-09-28,down,1,4.673169121539167,-4.753684695875737
MCX,2021-10-07,up,1,-5.858612561517107,7.441408471038735
MCX,2021-10-08,up,2,-11.849654374710028,3.2970722825816035
MCX,2021-10-11,up,3,-16.114989742632424,2.611946516292818
MCX,2021-10-12,up,4,-16.08826547268728,-1.7677436520489809
MCX,2021-10-14,up,6,-14.336038327661383,-5.36722663161674
MCX,2022-03-25,down,3,-8.478226167407165,-0.7300243373446258
MCX,2023-07-24,down,2,-4.636704753110987,-0.4885210736772949
MCX,2023-09-25,up,1,14.245307837293119,4.297781355448271
MCX,2023-09-26,down,1,6.859921001657154,-3.0612732607042004
MCX,2023-09-28,down,1,9.31333927744802,-0.14269105954700656
MCX,2023-09-29,up,1,-4.017556768357777,-4.09285360062751
MCX,2023-10-11,up,2,1.6845985597087498,-0.03471017007983246
MCX,2023-10-16,down,3,5.919274764972471,0.4406915874738848
MCX,2023-10-20,down,3,4.7089591940481235,3.727412050041834
MCX,2023-10-23,down,4,-0.8420903518875034,-3.62424348395739
MCX,2023-11-02,up,1,8.000864825884335,0.8115111434890965
MCX,2023-11-03,up,2,6.681249075665141,3.889848696974618
MCX,2023-11-07,down,1,11.251439803685926,0.5740481412050524
MCX,2023-11-08,up,1,9.73207010321293,-3.304040263945973
MCX,2023-11-13,up,2,16.807182830371502,4.5037354822683895
MCX,2023-11-15,up,3,11.816142389628382,4.147127915181725
MCX,2023-11-16,up,4,5.470847709664994,-1.1226608842127006
MCX,2023-11-28,up,1,8.720426686441973,3.021196439548346
MCX,2023-11-29,up,2,3.9336520376248574,-2.3355813938133907
MCX,2023-12-01,up,4,2.3370298558794023,-1.548484344648704
MCX,2023-12-07,down,1,-2.121764211721222,1.5840248472146046
MCX,2023-12-08,up,1,-5.152431130297752,-4.133466171842848
MCX,2024-02-01,down,1,-3.209907395049927,0.30957255840007303
MCX,2024-02-02,up,1,-3.8353107846789247,5.526563735793477
MCX,2024-02-05,down,1,-9.251067919459299,4.804889536642065
MCX,2024-02-07,up,2,-6.427524913132398,-2.233439261032244
MCX,2024-02-09,up,1,-3.504968968429445,-4.3828296044281405
MCX,2024-02-29,up,1,-11.836200793537078,1.3255532704657735
MCX,2024-04-12,down,1,3.8633586326733083,-5.2690065477764
MCX,2024-04-25,up,5,-1.6678158170652768,1.6586227331740533
MCX,2024-04-26,down,1,-8.741831533602884,-1.0919120050880582
MCX,2024-06-28,down,1,1.7013511911136758,-1.4963113064077493
MCX,2024-08-09,up,1,4.847356346817078,-0.7236544549977242
MCX,2024-08-12,down,1,4.064508011692158,-0.634425794584359
MCX,2024-08-16,up,2,10.950286666819874,3.179511178708938
MCX,2024-08-19,up,3,6.102599366746531,2.017225601442729
MCX,2024-08-20,up,4,3.5433967560061674,-0.6971645098184598
MCX,2024-08-28,up,10,4.4903174534621115,0.09925075837133868
MCX,2024-08-30,up,12,6.10327795821235,3.286118062242549
MCX,2024-09-02,up,13,1.73314546340948,-1.7444769586584474
MCX,2024-09-04,down,1,5.635458336766863,0.5791113413782023
MCX,2024-09-05,down,2,3.727486393552848,-0.31018651193880364
MCX,2024-09-16,up,1,6.5657756272675005,2.638668958124435
MCX,2024-09-18,down,1,4.44050812838872,1.417319524581262
MCX,2024-09-24,up,4,0.1011761038833825,0.06031895460321124
MCX,2024-10-09,down,1,5.68651590447633,1.0200581235008999
MCX,2024-10-10,up,1,5.681104261409997,0.9451669276573371
MCX,2024-10-11,down,1,3.8280173474504853,3.099229625509481
MCX,2024-10-14,up,1,-0.2611932391189842,0.923523257582759
MCX,2024-10-16,down,2,-0.29388534850843806,-2.1546885693358164
MCX,2024-10-21,down,1,-3.5235747949505125,0.01537200770727054
MCX,2024-10-23,down,3,-11.627376943094559,-0.4737489641667314
MCX,2024-10-29,up,2,-9.892560009226536,0.09501978424348856
MCX,2025-04-25,down,2,2.3590183056011904,-3.750783562252513
MCX,2025-05-02,up,1,1.0694558702550205,-1.045951345634033
MCX,2025-05-16,down,1,10.077632859493324,0.014186156670792371
MCX,2025-05-19,down,2,8.530108318842778,-0.10001666880716797
MCX,2025-05-29,up,1,7.628858240875824,-0.057835996309418825
MCX,2025-05-30,down,1,5.981722955225743,-1.3186132353984026
MCX,2025-06-02,down,2,5.333762185032831,0.14793862175292993
MCX,2025-06-03,down,3,4.314872336865028,1.3245759582558803
MCX,2025-06-05,up,2,23.64831425346385,1.929203462311313
MCX,2025-06-06,up,3,20.628489770466274,5.400217329857027
MCX,2025-06-09,up,4,14.445702742109523,5.61982945834949
MCX,2025-06-20,up,1,7.340500193896626,-0.24347559644911643
MCX,2025-06-23,down,1,6.307808746220345,2.478664340953274
MCX,2025-06-25,up,2,-4.268259682701991,3.059124510628286
MCX,2025-06-26,up,3,-6.693821576281255,0.08992416201221154
MCX,2025-06-27,up,4,-7.807943707409992,-0.6374518068039459
MCX,2025-10-03,up,2,6.61111875427618,0.4147941994481208
MCX,2025-10-06,up,3,5.456037439986239,0.053628954909479276
MCX,2025-10-07,up,4,4.685031108618554,-1.2791029745532034
MCX,2025-10-09,up,1,12.253856766587234,3.9938334242278994
MCX,2025-10-10,up,2,6.883997595061753,-1.0491323142285514
MCX,2025-10-13,down,1,4.388616281853119,0.9017237646486542
MCX,2025-10-14,down,2,2.4085181963473534,5.834868047821851
MCX,2025-10-15,up,1,-0.8078016058219673,0.60690206472922
MCX,2025-11-03,up,1,3.4280807924592205,0.8913819105683229
MCX,2025-11-11,up,2,6.3048444869806985,-1.2728564967370848
MCX,2025-11-20,up,2,3.9926926311971034,-0.6390978716866669
MCX,2025-11-26,up,1,0.001246898340401259,2.849167578461098
MCX,2025-11-27,up,2,-1.8388769669280491,0.650855382270854
MCX,2025-12-22,up,2,4.574122240671952,2.7479613746065112
MCX,2025-12-23,up,3,1.3830085236043788,-0.5433788027235043
MCX,2025-12-26,down,2,9.97691012796993,1.377143469225084
MCX,2025-12-29,down,3,8.234704067421683,-2.8261035058729567
MCX,2026-01-02,up,3,7.18313004913973,-1.3312104429723304
MCX,2026-01-07,down,3,0.15768392453885394,0.9002398018686186
MCX,2026-01-08,down,4,-1.4431084319224574,-4.408841322544932
MCX,2026-01-14,down,2,10.354982997757167,4.269073792713107
MCX,2026-01-16,up,1,5.5255420240311715,-0.09054929849728888
MCX,2026-01-28,up,2,-6.804508961544808,5.514842753021609
MCX,2026-01-29,up,3,-9.8098776302031,2.5200294114838595
MCX,2026-03-02,down,2,2.2494313555257106,-0.12511192703966723
MCX,2026-03-06,down,1,3.3594110001493593,-4.099118501867649
MCX,2026-03-10,up,1,2.6173451722658836,-0.908471552514245
MCX,2026-03-17,up,2,1.2279204493337303,1.6298931329170152
MCX,2026-03-18,up,3,2.642330965695594,-5.118198637547056
MCX,2026-04-29,up,1,3.8580714832783025,1.5505662084090766
MCX,2026-05-04,up,1,-0.8941806026337762,-2.6674971771582845
MCX,2026-05-07,down,1,9.256417604717315,0.4186564710155327
MCX,2026-05-08,down,2,8.649040528432096,1.5198695860137112
MCX,2026-05-11,down,3,5.946672811207043,1.5331505736623008
MCX,2026-05-12,down,4,3.1956627712274477,0.4110983612190866
MCX,2026-05-14,up,2,4.064667509980735,2.595750192376567
MCX,2026-05-15,down,1,1.0021223008582325,-0.9648561244941956
MCX,2026-05-19,down,1,-20.24103703428155,-1.2067882132937302
MCX,2026-05-21,down,1,-17.76105766503313,-3.916203820287978
MCX,2026-08-21,up,2,6.387507509267176,1.6238877700462506
MCX,2026-08-24,down,1,3.7968934015534472,1.9378445645106934
MCX,2026-08-25,up,1,2.83869736841158,-0.18597020124757613
MCX,2026-08-26,down,1,2.2481526593612022,0.1430436340214003
MCX,2026-08-31,down,1,-4.96062367603164,-0.5537423632506533
MEESHO,2026-04-21,up,3,11.544671725681987,
MEESHO,2026-04-22,down,1,10.875346738185264,
MEESHO,2026-04-27,up,1,5.587450048008602,
MEESHO,2026-04-30,down,1,5.89299199554949,
MEESHO,2026-05-04,up,1,-0.649325744595386,
MEESHO,2026-05-05,down,1,-13.205976117665763,
MEESHO,2026-08-20,up,1,7.810943755344391,
MEESHO,2026-08-24,down,1,2.1953087335573995,
MEESHO,2026-09-02,down,3,1.3975517044458652,
MEESHO,2026-09-03,down,4,0.781439862722233,
MEESHO,2026-09-04,up,1,0.10301467989410895,
MEESHO,2026-09-09,down,3,-2.063506114108904,
MEESHO,2026-09-10,up,1,-2.598458223263722,
MEESHO,2026-09-11,down,1,-3.8605480537730275,
MFSL,2023-01-17,up,1,-7.39134830088971,-1.3769255593555685
MFSL,2023-01-19,down,1,-11.01651496859114,0.46637903059538743
MFSL,2023-01-23,up,1,-14.72903540326863,-0.0010623683747934543
MFSL,2023-01-24,down,1,-12.61065355902906,0.000850155109732853
MFSL,2023-01-25,down,2,-14.604009267974927,-0.5668644354112073
MFSL,2023-06-30,up,4,-1.3948710561566213,-0.06112648328771009
MFSL,2023-07-11,up,2,-2.1816435899151165,-0.8114048276676722
MFSL,2023-07-13,up,1,-7.943602517194936,-1.5321856346415919
MFSL,2023-08-22,up,2,4.306170729151382,-0.783711898808348
MFSL,2023-08-24,down,1,3.9760052964302517,0.8589370455557077
MFSL,2023-08-30,up,3,-1.7585156659791878,0.01642221119511067
MFSL,2023-09-07,up,5,-4.2091131643370305,-1.2714181037603023
MFSL,2023-09-11,up,7,-7.592892870618173,0.10857158427710623
MFSL,2024-04-12,down,1,0.7327969446754068,-2.397593401798581
MFSL,2024-04-22,up,2,-8.03885613200055,1.0380826017306388
MFSL,2024-04-23,up,3,-6.3566540380164955,-0.3196767121315114
MFSL,2024-07-26,up,1,-10.312075983717762,0.8548124081298347
MFSL,2024-09-03,up,14,6.440067210626221,-0.31951156560666716
MFSL,2024-09-04,down,1,4.947519692463875,0.9152996143972025
MFSL,2024-09-20,up,2,2.6882071602759794,0.10622732877296759
MFSL,2024-09-23,up,3,0.030587562322170747,1.3952000255567532
MFSL,2024-09-27,down,1,-1.2095139198242677,-2.4224056298193797
MFSL,2024-10-23,down,3,-0.8259034858709713,3.3774979206176337
MFSL,2025-04-11,up,1,7.792944976917182,0.4387812860420004
MFSL,2025-04-17,up,4,3.9686078201453645,1.2265405645042193
MFSL,2025-04-21,up,5,2.9661281666720107,1.136739475036408
MFSL,2025-04-25,down,2,6.455243683395873,0.2343535610030978
MFSL,2025-04-28,up,1,3.9211885763870358,0.17810353837113269
MFSL,2025-04-29,up,2,2.829733173766291,0.2709058623370897
MFSL,2025-05-14,up,1,5.213630690905102,1.2271716024289336
MFSL,2025-05-15,up,2,2.441163863440954,-1.0130693681849712
MFSL,2025-05-16,down,1,7.2350855692213445,-0.43185652280659514
MFSL,2025-05-19,down,2,6.609808102345416,1.286568294528645
MFSL,2025-05-22,down,1,7.633263995313633,0.4975124378109541
MFSL,2025-05-23,up,1,6.48768736945331,2.8659877794980693
MFSL,2025-05-26,up,2,6.354493892521962,-0.423328958586755
MFSL,2025-05-28,down,2,5.009313898256207,-1.44972443283502
MFSL,2025-05-30,down,1,4.1865914807716065,-0.7221395491949445
MFSL,2025-06-02,down,2,3.499390153956039,0.020970573639189638
MFSL,2025-06-10,up,5,2.33169452669868,-1.1788585332645485
MFSL,2025-06-16,up,1,0.4503164356659317,1.507014058355427
MFSL,2025-06-18,down,2,-2.425663285675983,-1.109024481746157
MFSL,2025-06-23,down,1,-2.3836689764354047,-0.4356712398232432
MFSL,2025-06-27,up,4,-6.391029231231515,0.2931552506416635
MFSL,2025-11-26,up,1,-4.29378048013832,0.48606469615077863
MFSL,2025-11-27,up,2,-3.5955374621559177,-0.7833077180591452
MFSL,2026-02-13,down,2,-6.693879554127347,-0.7761836389681087
MFSL,2026-02-23,up,2,-11.754898430101491,-0.4975124378109319
MGL,2024-02-07,up,2,-5.272651176381737,
MGL,2024-06-28,down,1,12.553650897124925,
MGL,2024-07-01,up,1,4.88100040338848,
MGL,2024-07-02,down,1,-0.6957753376924392,
MGL,2024-07-18,up,4,4.236935655722673,
MGL,2024-07-26,up,1,-3.16725921142863,
MGL,2024-07-29,up,2,-1.388761003641692,
MGL,2024-07-30,up,3,-1.027436439924323,
MGL,2024-07-31,up,4,-5.061966717411881,
MGL,2024-09-25,up,5,-10.269533825960387,
MGL,2025-06-25,up,2,4.174422129527233,
MGL,2025-06-27,up,4,5.262441183251276,
MGL,2025-07-04,up,1,-9.971451018473198,
MINDACORP,2025-10-07,up,4,-4.888430406889088,
MMTC,2023-09-06,up,4,-8.631448354858872,
MMTC,2023-09-07,up,5,-16.14797735116128,
MMTC,2023-10-13,down,2,-14.87322194790196,
MMTC,2023-10-16,down,3,-24.828635022016677,
MMTC,2023-10-17,up,1,-38.213579664948035,
MMTC,2024-07-12,up,1,12.186319473097274,
MMTC,2024-07-15,up,2,8.779491081898595,
MMTC,2024-07-24,down,4,1.0379540299178425,
MMTC,2024-07-25,down,5,-3.212975535582452,
MMTC,2024-07-26,up,1,-15.683118275061359,
MMTC,2025-05-29,up,1,-5.728700906145656,
MMTC,2025-05-30,down,1,-19.51408051590611,
MMTC,2026-01-14,down,2,-10.139439777756232,
MMTC,2026-06-16,up,3,-7.995694415345156,
MMTC,2026-06-17,up,4,-17.720321333983435,
MOTHERSON,2021-09-28,down,1,0.18168890879197708,-2.789796238375053
MOTHERSON,2021-10-07,up,1,7.010517394246429,1.168598647463126
MOTHERSON,2021-10-08,up,2,5.402006677021909,0.3334044401745784
MOTHERSON,2021-10-11,up,3,2.86789518945465,-1.8963839642058389
MOTHERSON,2021-10-13,up,5,-8.287956559685107,1.6941736337916735
MOTHERSON,2022-01-14,down,1,15.269484780964637,20.942137579808563
MOTHERSON,2023-01-09,up,1,-1.6052731375025053,0.5450797265515339
MOTHERSON,2023-01-10,down,1,-4.554892477652683,1.7565843086222444
MOTHERSON,2023-02-20,down,2,1.0202239094296628,0.10958488013508294
MOTHERSON,2023-06-12,up,1,3.857614507766516,2.0429794341564778
MOTHERSON,2023-06-13,up,2,1.2119506372086475,0.03300895713931329
MOTHERSON,2023-06-21,up,2,5.831271884167144,1.3190810128942632
MOTHERSON,2023-07-05,up,7,7.169534067936856,2.4340061028157667
MOTHERSON,2023-07-12,down,1,6.621192652618935,1.8399733602079582
MOTHERSON,2023-07-13,up,1,5.88626868881903,1.138005627216887
MOTHERSON,2023-07-21,down,1,2.8329083810069156,-0.5999851203519868
MOTHERSON,2023-07-25,up,1,1.6810058760931001,0.11044804911977124
MOTHERSON,2023-09-04,up,2,-1.2071590616017702,4.824831439725896
MOTHERSON,2023-12-11,up,2,2.994723825214529,1.5874049122038159
MOTHERSON,2023-12-14,up,2,3.5130437551900373,1.2793137548820166
MOTHERSON,2023-12-15,up,3,2.415737112736549,-0.9495727632437445
MOTHERSON,2023-12-29,down,1,5.926827051343286,2.390949748077542
MOTHERSON,2024-01-01,up,1,6.419778063163428,4.3881256108175615
MOTHERSON,2024-01-10,up,2,5.151893179104383,-0.04192193825203194
MOTHERSON,2024-01-11,up,3,4.292343122607956,0.1802974088762399
MOTHERSON,2024-01-25,down,1,9.336519797342469,3.927804625770115
MOTHERSON,2024-01-29,up,1,4.771020172823581,0.4876554647140985
MOTHERSON,2024-02-05,down,1,3.1284283588566275,-1.003459236204729
MOTHERSON,2024-02-07,up,2,-1.0401027761515858,2.591072105293679
MOTHERSON,2024-03-05,down,1,-5.000067496639504,0.43545452339175394
MOTHERSON,2024-04-16,down,3,5.79705459405182,2.2866242233452683
MOTHERSON,2024-04-18,down,4,3.7770554661292532,-0.6558364779524983
MOTHERSON,2024-04-26,down,1,0.7658879514932826,1.187024335501774
MOTHERSON,2024-05-23,up,5,5.524040705760425,1.228175291778899
MOTHERSON,2024-05-24,down,1,6.112036708046209,1.2985585548398682
MOTHERSON,2024-05-27,down,2,4.378673084597051,2.2939258696774045
MOTHERSON,2024-05-29,down,4,12.396155993036517,2.3024931549474825
MOTHERSON,2024-05-30,down,5,9.94373334606986,3.17662844974389
MOTHERSON,2024-05-31,up,1,7.278874811384628,4.097923190037789
MOTHERSON,2024-06-03,up,2,4.3397254131834595,-4.301366767097814
MOTHERSON,2024-06-10,down,1,5.147400960138859,3.0539183271583115
MOTHERSON,2024-06-11,up,1,1.468607427902513,-1.6940204760735322
MOTHERSON,2024-06-13,up,3,22.070678815050158,0.8422876456622319
MOTHERSON,2024-06-14,up,4,18.588222004307077,3.28784446467294
MOTHERSON,2024-06-18,up,5,14.718851026221657,2.3841622226924875
MOTHERSON,2024-06-20,up,1,6.722706241011278,-0.0029020697770332227
MOTHERSON,2024-06-21,down,1,4.059933540025895,-1.089662699966898
MOTHERSON,2024-06-25,up,2,5.296765091492572,0.6016746084489766
MOTHERSON,2024-06-26,up,3,4.478121079246078,-0.9219470505677174
MOTHERSON,2024-06-27,up,4,-2.6798758439925185,0.4442994024464575
MOTHERSON,2024-07-02,down,1,-5.626709822875419,1.3911515767278004
MOTHERSON,2024-07-04,up,2,-5.647506518463619,-0.33897631066442946
MOTHERSON,2024-09-26,up,6,-3.077206239378394,1.0852698752903178
MOTHERSON,2024-09-27,down,1,-7.21323915644474,-0.3532396282820094
MOTHERSON,2025-05-07,up,1,4.208302857432611,2.053835060811382
MOTHERSON,2025-05-08,down,1,2.356549830528465,-4.632426593250461
MOTHERSON,2025-05-19,down,2,2.703317930173754,0.5356701150813326
MOTHERSON,2025-05-26,up,2,0.8956168014701227,1.0017597646931442
MOTHERSON,2025-05-27,down,1,-0.16272643220311966,-2.145164412498368
MOTHERSON,2025-05-30,down,1,4.241939373527015,-0.3550692491944285
MOTHERSON,2025-06-09,up,4,-2.8994660489491064,1.4968045185574042
MOTHERSON,2025-06-10,up,5,-6.171033296638029,-1.9467265447444482
MOTHERSON,2025-11-27,up,2,5.0533020654697,2.2822769336911852
MOTHERSON,2025-11-28,down,1,2.4529305538333324,-0.36923117301662645
MOTHERSON,2025-12-02,down,3,1.0032083771293498,0.32872696744088437
MOTHERSON,2025-12-12,up,2,0.18151558273309387,0.2229159550721116
MOTHERSON,2025-12-22,up,2,0.35433079694877634,0.5836799361341516
MOTHERSON,2026-04-22,down,1,-0.48961999175295423,3.9686548235854158
MOTHERSON,2026-05-20,up,1,6.735087409111795,1.9458371748618308
MOTHERSON,2026-05-27,down,2,6.023369212741625,3.403572327840476
MOTHERSON,2026-05-29,down,3,0.4656324366478115,-0.9655217136947614
MOTHERSON,2026-06-15,up,2,2.4119652725862917,-0.0249686195769816
MOTHERSON,2026-06-25,up,2,-4.301040468669804,0.7039604453261239
MOTHERSON,2026-08-03,up,4,10.014237701459816,1.206566063958614
MOTHERSON,2026-08-04,down,1,8.16185890187533,-2.429658438664395
MOTHERSON,2026-08-06,up,2,5.616810536394734,-1.2737331473360647
MOTHERSON,2026-08-07,down,1,4.29528435155635,7.066411149052332
MOTHERSON,2026-08-10,up,1,0.018159853387778035,-1.2593118203993559
MOTHERSON,2026-08-19,down,7,-5.299087730971763,-0.9892433781763299
MOTILALOFS,2024-08-26,up,8,6.02951745112541,6.508630914795366
MOTILALOFS,2024-09-05,down,2,-3.4646832939455807,0.3977541597923073
MOTILALOFS,2024-09-06,down,3,-4.4865157061161565,-2.9023710620888488
MOTILALOFS,2024-09-18,down,1,-4.649364486971852,-3.452544684908987
MOTILALOFS,2024-10-18,up,1,0.4641854047330751,2.9112143419592007
MOTILALOFS,2024-11-08,down,2,-3.952917591013816,0.39776984855219855
MOTILALOFS,2025-05-13,down,1,6.091165792658337,-2.373270432571084
MOTILALOFS,2025-05-15,up,2,12.44182314235276,2.2040352280307207
MOTILALOFS,2025-05-16,down,1,13.131270568897847,2.9080608982561262
MOTILALOFS,2025-05-19,down,2,0.0025000625015758615,-2.1850546263656456
MOTILALOFS,2025-05-29,up,1,5.9675590339446805,-0.8384188318692476
MOTILALOFS,2025-06-04,up,1,4.214184862203729,-2.131942503375106
MOTILALOFS,2025-06-05,up,2,2.1854720326526023,0.17472419042334764
MOTILALOFS,2025-06-06,up,3,0.24757997582107727,3.2572984135924354
MOTILALOFS,2025-06-09,up,4,-1.6225703535765579,1.560381298850233
MOTILALOFS,2025-06-27,up,4,5.461740063334974,-2.41014594552037
MOTILALOFS,2025-07-03,down,2,2.0859449254930107,3.7894428086325815
MOTILALOFS,2025-07-11,down,3,-3.765536200734898,-2.5335024771211967
MOTILALOFS,2025-10-24,down,1,5.001273482211666,0.16156950818353444
MOTILALOFS,2025-10-27,up,1,-5.839222603340954,1.330662588671494
MOTILALOFS,2025-10-28,down,1,-9.593737985743346,-1.4178777779910057
MOTILALOFS,2026-05-04,up,1,5.004601434125755,-0.3665126687403708
MOTILALOFS,2026-05-05,down,1,3.06608135463482,0.7515208347265379
MOTILALOFS,2026-05-06,up,1,4.986038632236944,4.058417691471816
MOTILALOFS,2026-05-26,down,1,7.002765301397318,-0.4576434869065671
MOTILALOFS,2026-05-27,down,2,4.561088540188463,0.2815898137945805
MOTILALOFS,2026-08-26,down,1,-4.731663125217667,1.4634616997169614
MOTILALOFS,2026-09-07,down,1,-7.726325636773391,0.16394759346667342
MPHASIS,2021-10-19,down,1,-3.144189395821173,2.876353466927317
MPHASIS,2022-03-14,up,5,0.5050505050505194,0.04522840343736956
MPHASIS,2022-08-19,down,1,-15.116680959344485,-2.170326056180172
MPHASIS,2023-07-20,up,6,6.3336593802484575,-4.252620028695231
MPHASIS,2023-07-21,down,1,4.372437708424037,4.426208582050073
MPHASIS,2023-08-08,down,1,4.661433327438957,-0.8989270543632966
MPHASIS,2023-08-24,down,1,3.8765190286941476,2.2344371534338547
MPHASIS,2023-09-04,up,2,-2.476779044485522,0.22149389543650866
MPHASIS,2023-09-05,up,3,-2.077361310098491,-0.019800425382610065
MPHASIS,2023-12-07,down,1,7.616109051785691,-0.28649641876067333
MPHASIS,2023-12-08,up,1,7.050777504581518,0.38325503024772
MPHASIS,2023-12-11,up,2,5.4199471076390004,-0.862287341297574
MPHASIS,2023-12-14,up,2,10.272408429006518,4.699193740851437
MPHASIS,2023-12-15,up,3,3.9990848180376792,0.9798299473529282
MPHASIS,2023-12-18,down,1,1.7542748729510338,-0.4139062712067876
MPHASIS,2023-12-22,up,2,-4.070410643681122,0.28246586434326204
MPHASIS,2023-12-29,down,1,-8.242230931452955,-1.3686344199469347
MPHASIS,2024-02-19,up,5,-14.347793452373836,-1.8865954824197173
MPHASIS,2024-07-01,up,1,7.565825000025006,0.38197921601315077
MPHASIS,2024-07-02,down,1,5.248578223905764,-1.1546578963680054
MPHASIS,2024-07-04,up,2,4.0137289918656505,0.3896582036157614
MPHASIS,2024-07-05,up,3,2.226551517778619,0.1103683567652558
MPHASIS,2024-07-08,down,1,1.571132571083167,-1.475206889914149
MPHASIS,2024-07-12,up,1,13.677466694736173,1.864356617060814
MPHASIS,2024-07-15,up,2,9.826098970652207,-1.7299658356668357
MPHASIS,2024-07-16,up,3,8.87419345411351,0.9757999457389976
MPHASIS,2024-07-18,up,4,7.402214830577347,2.446496751633176
MPHASIS,2024-07-19,down,1,5.410014571482624,-0.21918380127334824
MPHASIS,2024-07-22,down,2,3.421146372020689,-0.1305650136965153
MPHASIS,2024-07-23,down,3,2.690161517309142,-0.22466908146399067
MPHASIS,2024-07-26,up,1,-0.13194435788035364,1.9575155759270713
MPHASIS,2024-08-22,up,6,1.295902798583315,0.21527644303152016
MPHASIS,2024-12-06,down,1,3.0354492189022197,-1.1030683620668724
MPHASIS,2024-12-09,down,2,-8.523255496110815,-0.24048308666546614
MPHASIS,2024-12-10,down,3,-9.096258672006584,1.0515717622879839
MPHASIS,2024-12-12,down,1,-10.834966380794587,-1.7685209478754738
MPHASIS,2025-06-10,up,5,4.049900049447208,1.1165707903822542
MPHASIS,2025-06-16,up,1,1.3208648742339735,0.12088304893063118
MPHASIS,2025-06-25,up,2,4.926047736791572,0.7389248227632983
MPHASIS,2025-06-26,up,3,2.408377529206618,1.1840860960163901
MPHASIS,2025-06-27,up,4,0.34200486254647444,-0.3239444520455659
MPHASIS,2025-07-02,down,1,-5.7402935529028305,-0.10827244703290884
MPHASIS,2025-07-07,up,2,-8.241872193326504,-2.265619299690158
MPHASIS,2025-09-10,up,6,0.5354937832044326,0.6063811956966703
MPHASIS,2025-09-17,up,2,-6.53078993645101,-0.24779061974664618
MPHASIS,2025-09-18,up,3,-7.939856718406723,-0.6959749519601544
MPHASIS,2025-12-05,up,2,-4.595533288049591,0.6966107039351854
MPHASIS,2025-12-23,up,3,-5.176137427523376,-0.23909641548028882
MPHASIS,2026-08-07,down,1,-1.6591759399459893,-0.36132131837790515
MPHASIS,2026-08-11,down,1,-1.0189830388207644,0.185934549411515
MPHASIS,2026-08-14,down,4,-5.1574085495388005,-0.7246353368194458
MPHASIS,2026-09-01,down,2,-8.948309064240757,-0.45380438094040354
MRF,2022-09-15,down,2,-8.89233431583657,
MRF,2022-10-31,up,3,5.447193471503464,
MRF,2022-11-01,up,4,3.482697812308344,
MRF,2022-11-07,up,2,0.005072951491014166,
MRF,2024-01-17,down,2,3.888102123634396,
MRF,2024-02-14,up,2,-0.2692323543194819,
MRF,2024-02-15,up,3,-3.239119008548952,
MRF,2024-07-24,down,4,5.352690862768417,
MRF,2024-07-25,down,5,2.658432340747763,
MRF,2024-07-31,up,4,-1.1245927834138691,
MRF,2024-08-01,up,5,-3.275419532593049,
MRF,2025-04-29,up,2,6.90236651478644,
MRF,2025-04-30,down,1,4.895940716836233,
MRF,2025-05-05,up,2,2.933102279966038,
MRF,2025-05-07,up,1,5.840271600754265,
MRF,2025-05-08,down,1,0.05449782887683163,
MRF,2025-05-23,up,1,-4.334690943772113,
MRF,2025-05-26,up,2,-5.895827382485985,
MRF,2025-07-09,down,1,0.812836039286946,
MRF,2025-07-16,up,2,-4.110127440480271,
MRF,2025-09-23,down,3,0.22200034555974746,
MRF,2025-10-20,up,4,-1.9731191063104503,
MRPL,2022-04-29,down,1,21.955376210750476,
MRPL,2022-05-02,down,2,17.28953501205266,
MRPL,2022-05-04,down,3,0.056643676723000524,
MRPL,2022-05-18,down,1,27.200879146248624,
MRPL,2022-05-19,down,2,20.438661057127106,
MRPL,2022-05-23,down,1,15.277925630205136,
MRPL,2022-06-07,down,3,-15.67027080262533,
MRPL,2022-06-08,down,4,-29.725224681462205,
MRPL,2023-07-06,up,8,-9.95571759431293,
MRPL,2023-07-07,down,1,-9.234314577919168,
MRPL,2023-10-17,up,1,6.120450183854609,
MRPL,2023-11-08,up,1,2.7150500784920206,
MRPL,2023-11-15,up,3,9.723023702591505,
MRPL,2023-11-28,up,1,6.381666888998949,
MRPL,2024-01-12,up,4,18.414144249878326,
MRPL,2024-01-15,up,5,15.929933584800793,
MRPL,2024-02-02,up,1,31.985928645232132,
MRPL,2024-02-05,down,1,22.32599084293121,
MRPL,2024-02-14,up,2,37.65793945241096,
MRPL,2024-02-15,up,3,36.20891052084823,
MRPL,2024-02-16,up,4,-11.008907716063243,
MRPL,2024-02-19,up,5,-12.422599859923233,
MRPL,2024-04-24,up,4,-5.568491802723363,
MRPL,2024-04-25,up,5,-17.950649015580588,
MRPL,2024-04-26,down,1,-17.84358810961203,
MRPL,2024-07-16,up,3,-18.478350275308287,
MRPL,2025-04-21,up,5,-7.411498556868756,
MRPL,2025-04-23,up,7,-6.369250839803908,
MRPL,2025-10-29,up,1,18.192213220281104,
MRPL,2025-10-30,down,1,11.693047458469618,
MRPL,2025-10-31,down,2,8.211537437235151,
MRPL,2025-11-03,up,1,6.544705102766546,
MRPL,2025-11-04,down,1,5.5531615175342885,
MRPL,2025-11-12,up,3,1.2795154378972828,
MRPL,2025-11-17,up,6,-17.803956601295244,
MRPL,2026-02-03,up,1,7.708880120683426,
MRPL,2026-02-04,up,2,5.045425048669694,
MRPL,2026-02-09,up,2,-1.6247256312200364,
MRPL,2026-02-11,up,4,-0.37058952749235985,
MRPL,2026-02-19,down,1,-5.588808157716329,
MRPL,2026-02-25,up,1,-6.302242856776408,
MRPL,2026-03-06,down,1,0.9079888172233819,
MRPL,2026-07-22,down,3,0.7483574689916228,
MRPL,2026-07-23,down,4,-0.06165829604545259,
MRPL,2026-08-11,down,1,-3.2517530319697507,
MRPL,2026-09-09,down,3,-8.170688564624417,
MUTHOOTFIN,2024-04-04,up,1,1.0560884609368992,-2.649804597462435
MUTHOOTFIN,2024-04-08,up,1,0.3047113498570342,0.04919256983131337
MUTHOOTFIN,2024-04-26,down,1,1.1873272181681882,0.26698658010186893
MUTHOOTFIN,2024-04-30,down,1,-0.40768499794996416,-0.20775563069914682
MUTHOOTFIN,2024-06-06,up,2,3.0077815151555054,-1.085955466628552
MUTHOOTFIN,2024-06-27,up,4,1.3323867388720156,0.795799762250704
MUTHOOTFIN,2024-07-18,up,4,-1.5812595830538845,-1.4774140522836654
MUTHOOTFIN,2024-08-21,up,5,3.7490857955701617,0.2442092070510382
MUTHOOTFIN,2024-08-27,up,9,2.777713036257934,1.3455976893055333
MUTHOOTFIN,2024-09-05,down,2,0.07168759429507787,-0.3782036836532554
MUTHOOTFIN,2024-09-13,down,1,-6.931224161708305,0.1404203361002665
MUTHOOTFIN,2024-12-09,down,2,7.178038801246944,0.7620127212041083
MUTHOOTFIN,2024-12-10,down,3,5.830374746250699,0.979986242790698
MUTHOOTFIN,2024-12-11,up,1,7.270338212720295,-0.14156225876210682
MUTHOOTFIN,2024-12-12,down,1,6.526336362081575,2.193236387991182
MUTHOOTFIN,2024-12-19,down,4,3.3348961622416518,0.486833898505612
MUTHOOTFIN,2025-01-01,up,1,1.145709001971773,1.348241913193382
MUTHOOTFIN,2025-01-02,up,2,-1.6246277829969458,0.8357603940661651
MUTHOOTFIN,2025-02-13,down,7,-6.078218997848572,0.2803410440741505
MUTHOOTFIN,2025-06-12,down,1,1.9079733546250255,-2.906850451854104
MUTHOOTFIN,2025-06-16,up,1,1.5872325882578808,0.03703661279177428
MUTHOOTFIN,2025-06-19,down,3,-0.8723146290573691,-1.4270237021908994
MUTHOOTFIN,2025-09-04,up,2,3.0881273043265933,0.7462686567164312
MUTHOOTFIN,2025-09-05,up,3,4.886498805575301,-0.17461366283659796
MUTHOOTFIN,2025-09-08,up,4,3.4308094940592726,0.9942149532797595
MUTHOOTFIN,2025-09-16,up,1,2.630993272699822,0.18948297809358028
MUTHOOTFIN,2025-09-22,down,2,7.165465885193134,1.9295427842027868
MUTHOOTFIN,2025-09-23,down,3,4.8904877654951,-0.8874761495025862
MUTHOOTFIN,2025-09-24,down,4,4.338443863635555,-0.5007481889171439
MUTHOOTFIN,2025-09-30,down,8,3.574615966396877,-0.5231854406863468
MUTHOOTFIN,2025-10-01,up,1,3.0065699044847793,0.5269077385344101
MUTHOOTFIN,2025-10-03,up,2,5.410800127746862,0.29911284820121065
MUTHOOTFIN,2025-10-06,up,3,4.471505708118939,1.0721479725271266
MUTHOOTFIN,2025-10-07,up,4,2.56291955985144,-0.09765700093042895
MUTHOOTFIN,2025-10-17,up,3,2.6617308837282527,0.9503486775596981
MUTHOOTFIN,2025-11-11,up,2,11.156365031103865,1.1225744986648634
MUTHOOTFIN,2025-11-14,up,5,11.310888408534868,8.813687937525838
MUTHOOTFIN,2025-12-01,down,2,1.182004257333702,0.1906416493708818
MUTHOOTFIN,2026-01-29,up,3,-12.679976855134589,-1.196548066338421
NAM-INDIA,2026-04-21,up,3,6.225300959861113,2.419756455509181
NAM-INDIA,2026-05-06,up,1,1.7354564654719518,2.5389484502370996
NAM-INDIA,2026-05-07,down,1,-0.497512437810943,0.1536648299798049
NAM-INDIA,2026-05-08,down,2,-2.1097590277451506,-2.0739291389972214
NAM-INDIA,2026-06-16,up,3,0.9721159623256481,-0.860592880244726
NAM-INDIA,2026-06-18,up,5,4.157670960851778,0.9196572167217587
NAM-INDIA,2026-06-19,down,1,3.152241709560455,1.3443360921264524
NAM-INDIA,2026-07-01,up,1,-4.339273113989295,0.16917089593908585
NAM-INDIA,2026-07-02,up,2,-8.346642561608853,0.878363334177723
NAM-INDIA,2026-08-20,up,1,-3.1933926426978343,0.7278876553194591
NATCOPHARM,2024-06-18,up,5,-2.857561210551185,
NATCOPHARM,2024-07-03,up,1,7.186423042143186,
NATCOPHARM,2024-07-16,up,3,12.417147489390135,
NATCOPHARM,2024-07-24,down,4,7.3579471065724045,
NATCOPHARM,2024-07-25,down,5,6.223598986201084,
NATCOPHARM,2024-07-26,up,1,5.050204155330595,
NATCOPHARM,2024-07-29,up,2,4.333779582443609,
NATCOPHARM,2024-08-07,up,1,7.4468696977540105,
NATCOPHARM,2024-08-08,down,1,4.575575008221899,
NATCOPHARM,2024-08-12,down,1,5.148446249201721,
NATCOPHARM,2024-08-22,up,6,2.937286426191843,
NATCOPHARM,2024-09-05,down,2,-13.182121380380806,
NATCOPHARM,2024-09-11,down,1,-15.148914303832829,
NATCOPHARM,2024-09-12,up,1,-16.50736764625915,
NATCOPHARM,2025-07-09,down,1,0.05637573424506215,
NATCOPHARM,2025-07-16,up,2,-11.072681811397,
NATCOPHARM,2025-07-17,down,1,-10.251164332789886,
NATCOPHARM,2025-12-02,down,3,-1.6801113150760827,
NATCOPHARM,2025-12-23,up,3,-5.963926527203012,
NATCOPHARM,2026-02-27,down,1,4.037607079310135,
NATCOPHARM,2026-03-06,down,1,3.00127273775026,
NATCOPHARM,2026-03-10,up,1,-0.24023463995890282,
NATCOPHARM,2026-04-02,up,2,6.120299907129545,
NATIONALUM,2021-10-13,up,5,14.24011728925394,0.675865953252619
NATIONALUM,2021-10-14,up,6,-8.097743829665871,4.491605940804599
NATIONALUM,2021-10-18,up,7,-9.830156754839315,13.043978316928296
NATIONALUM,2021-12-22,up,2,6.941020092008121,0.4685311307540019
NATIONALUM,2021-12-23,up,3,6.065722015602182,-0.3537904813123549
NATIONALUM,2022-01-07,up,1,-5.360420176433244,3.804285347840386
NATIONALUM,2022-01-10,up,2,1.2880863111670138,-0.4082270511471364
NATIONALUM,2022-01-13,up,5,3.3160176861254165,-0.7605172829752371
NATIONALUM,2022-02-02,up,3,-2.591384560458976,1.0292683475855213
NATIONALUM,2022-02-03,down,1,-4.557966129603342,0.31457569180624034
NATIONALUM,2022-02-04,down,2,-6.328389282641734,-0.5814087030342696
NATIONALUM,2022-02-09,up,2,-8.564173760105708,3.146814854322799
NATIONALUM,2022-02-10,up,3,-3.216587910540114,-2.270824097335089
NATIONALUM,2022-04-06,down,2,-17.985587506052745,1.493320461495573
NATIONALUM,2022-08-17,up,7,0.4243759931343627,1.4077274039829835
NATIONALUM,2023-01-10,down,1,-3.7946398796052883,-1.262917985079215
NATIONALUM,2023-01-19,down,1,-11.050813276095194,-0.9034154299209174
NATIONALUM,2023-08-01,down,1,-0.6513838291828389,-1.5233112786582348
NATIONALUM,2023-12-14,up,2,27.07071395830729,5.7275719146889115
NATIONALUM,2023-12-15,up,3,21.693013049203035,4.896342695014688
NATIONALUM,2023-12-18,down,1,12.541959993520724,1.515293465382772
NATIONALUM,2023-12-28,up,5,8.694975669429406,8.073861522746961
NATIONALUM,2023-12-29,down,1,2.6119307799232994,1.882555354963178
NATIONALUM,2024-01-01,up,1,-7.0601283556562695,0.1624223580064088
NATIONALUM,2024-01-02,down,1,-2.826522667281328,-0.7483332979540069
NATIONALUM,2024-01-16,down,1,14.479434699422345,-2.7031492293421056
NATIONALUM,2024-01-29,up,1,10.972917429184402,1.4372602624086905
NATIONALUM,2024-01-30,down,1,7.447939943739734,-1.5032653858022549
NATIONALUM,2024-01-31,up,1,4.869290433432738,0.33584172937657364
NATIONALUM,2024-02-01,down,1,7.1973506490982775,-1.492537313432818
NATIONALUM,2024-02-02,up,1,4.531845948968005,1.178933670027793
NATIONALUM,2024-02-05,down,1,-0.5608936866721259,-0.6876465137736876
NATIONALUM,2024-02-06,up,1,-4.01809202965786,1.911296249186889
NATIONALUM,2024-02-07,up,2,-7.513715206974714,-1.2568415412019474
NATIONALUM,2024-02-16,up,4,0.22373600203235977,-1.4291292093954633
NATIONALUM,2024-03-04,up,3,-8.68899515495205,0.5565393566838717
NATIONALUM,2024-04-09,down,1,2.0948540920937564,1.9845341762636748
NATIONALUM,2024-04-10,up,1,-1.6791867642850122,-2.646014193539714
NATIONALUM,2024-04-22,up,2,0.055866343486798975,-1.2880512563000823
NATIONALUM,2024-07-04,up,2,4.337270475370936,-1.3825409167630642
NATIONALUM,2024-07-05,up,3,-6.362127830014219,0.4070571645599541
NATIONALUM,2024-07-08,down,1,-4.585295943272194,4.188473269446624
NATIONALUM,2024-07-09,up,1,-6.86567105642718,-2.175867649703278
NATIONALUM,2024-09-25,up,5,15.903596680255383,0.6396572711725668
NATIONALUM,2024-09-26,up,6,11.780769933334101,2.4436902242644942
NATIONALUM,2024-09-27,down,1,9.369815494848833,1.2584167903207488
NATIONALUM,2024-09-30,down,2,3.2830234684009696,0.4862721064457842
NATIONALUM,2024-10-01,down,3,3.8220291525023375,2.5428530568986307
NATIONALUM,2024-10-14,up,1,1.0034081073488244,-0.6681703802090988
NATIONALUM,2024-10-21,down,1,4.708413480755436,-1.2668628627317324
NATIONALUM,2024-11-05,up,1,-5.610336883593514,1.7237738294571203
NATIONALUM,2024-11-06,up,2,1.7033891866829132,2.904643650554739
NATIONALUM,2024-11-08,down,2,-0.26318856532814294,-3.846714501760584
NATIONALUM,2025-05-22,down,1,1.7648907995088559,0.7011832715135169
NATIONALUM,2025-06-06,up,3,3.2851807119313126,1.4231822674912964
NATIONALUM,2025-06-10,up,5,0.7937111676813879,-0.5547848690200974
NATIONALUM,2025-06-26,up,3,-2.1429554691980934,1.4325127706992236
NATIONALUM,2025-06-27,up,4,-3.812554567798032,-1.9197067512293775
NATIONALUM,2025-07-23,up,1,-9.191418187726919,-0.45228587472201376
NATIONALUM,2025-09-11,up,7,1.4333755390312009,-1.3001368014119774
NATIONALUM,2025-09-15,down,1,0.4196886690427837,-1.469198406801786
NATIONALUM,2025-10-03,up,2,3.0174786652753083,2.2942131808078026
NATIONALUM,2025-10-08,down,1,4.597227436941287,-0.14310115884108576
NATIONALUM,2025-10-09,up,1,3.834421749161643,1.1517000632198293
NATIONALUM,2025-10-24,down,1,10.284061490134611,1.902205671519841
NATIONALUM,2025-11-10,up,1,8.866305577656597,6.472737447882615
NATIONALUM,2025-11-11,up,2,1.6140905920188908,1.7482243002183484
NATIONALUM,2025-11-12,up,3,-0.4601593736247911,-0.27340545124885374
NATIONALUM,2025-11-13,up,4,-0.497512437810943,-2.733311268344907
NATIONALUM,2025-12-01,down,2,2.365646757683093,-0.31388377821902624
NATIONALUM,2025-12-04,up,1,3.174711307019207,-0.1265805177282031
NATIONALUM,2025-12-05,up,2,2.4111611770875063,0.8463672006238543
NATIONALUM,2025-12-12,up,2,4.582076929894385,0.04287034548671187
NATIONALUM,2025-12-17,down,3,3.1627533024053855,-0.6929594147010443
NATIONALUM,2025-12-22,up,2,8.021721475623455,2.4595733794755326
NATIONALUM,2025-12-23,up,3,4.294923708873455,-0.7524291437772557
NATIONALUM,2025-12-24,down,1,11.560318215379928,0.6508509138095864
NATIONALUM,2025-12-26,down,2,10.065873259786674,3.3013078157316356
NATIONALUM,2025-12-29,down,3,6.2925909755630505,-4.101746044956789
NATIONALUM,2025-12-30,down,4,4.66774021388876,0.7858756513511311
NATIONALUM,2026-01-02,up,3,7.855285271672674,3.282242426956339
NATIONALUM,2026-01-05,down,1,12.15797736506854,0.10298538593536133
NATIONALUM,2026-01-06,down,2,11.018979598082135,4.257684273783635
NATIONALUM,2026-01-07,down,3,5.684252840872239,-1.544314842791672
NATIONALUM,2026-01-13,down,1,13.0115604762312,-0.10796301696514021
NATIONALUM,2026-01-14,down,2,12.320556106638803,1.2862348695274584
NATIONALUM,2026-01-23,down,1,7.969372252347329,-0.1652171839795824
NATIONALUM,2026-01-27,up,1,-7.778499491726809,0.971685148439283
NATIONALUM,2026-01-28,up,2,-8.555177080201426,6.206464544657964
NATIONALUM,2026-01-29,up,3,-17.036535588172864,0.9661181929966789
NATIONALUM,2026-03-12,down,2,1.3360140755459993,0.5730699051995858
NATIONALUM,2026-04-13,down,1,-5.06250401684083,1.083588959975379
NATIONALUM,2026-04-16,down,1,-6.9883114180189,-0.03471017007983246
NATIONALUM,2026-04-17,up,1,-0.7365888618620087,-1.408290356000308
NATIONALUM,2026-04-23,down,2,-8.729080483148877,-1.3907761662214524
NAUKRI,2021-10-19,down,1,-17.464209963522382,-3.2719438367008857
NAUKRI,2022-07-29,up,3,0.4117814482407889,2.8181015336949056
NAUKRI,2022-08-01,up,4,1.0393790126087987,-1.1134058287537663
NAUKRI,2022-08-02,up,5,-0.38888277989505005,-0.6966633574919334
NAUKRI,2022-08-12,up,5,-6.613793932784917,-0.4975124378109319
NAUKRI,2022-08-26,up,1,-12.742469538011047,-8.698479808301807
NAUKRI,2022-12-19,up,1,-12.940047764841655,-1.2531036643553262
NAUKRI,2022-12-21,down,2,-13.657180824855985,-2.6753705997101473
NAUKRI,2023-05-26,up,2,9.727746007076332,3.095983985889328
NAUKRI,2023-05-29,up,3,3.4100093512218432,-1.1998829382499188
NAUKRI,2023-06-13,up,2,2.0888594059681242,0.19357110715296777
NAUKRI,2023-06-16,up,1,-1.246397894123208,0.6924962800504808
NAUKRI,2023-06-19,down,1,-1.4511267656375004,-0.5198990656426705
NAUKRI,2023-06-21,up,2,2.7570328967174262,-0.6974491038330366
NAUKRI,2023-07-04,up,6,2.0507193065644858,-2.174274106963092
NAUKRI,2023-07-13,up,1,-1.09256804397031,1.3552173415507518
NAUKRI,2023-07-14,up,2,4.657514624040315,1.1944140238757006
NAUKRI,2023-07-17,up,3,2.62857953981408,-0.5993735881504314
NAUKRI,2023-08-04,up,1,-10.811790921757137,4.1008067036614415
NAUKRI,2023-08-07,up,2,-15.525315208838297,-2.469495466971927
NAUKRI,2023-11-16,up,4,-0.7150951691010321,-0.8751457547396813
NAUKRI,2023-11-17,down,1,1.6030264742801448,-0.018937571811172837
NAUKRI,2023-12-07,down,1,6.376227942472612,-0.06190692155784161
NAUKRI,2023-12-11,up,2,5.733452993675181,0.29251682441091553
NAUKRI,2023-12-12,down,1,3.471545330549586,-3.7908326975584883
NAUKRI,2023-12-14,up,2,4.463668732324555,2.7482135838281296
NAUKRI,2023-12-18,down,1,-1.2644462775960097,-1.828013704163034
NAUKRI,2023-12-19,up,1,-1.041712718987986,-1.704751015361572
NAUKRI,2024-01-05,up,2,-6.30474938872908,1.3993016385103418
NAUKRI,2024-04-08,up,1,3.9431730585663294,6.734144688516075
NAUKRI,2024-04-09,down,1,-4.415495143868475,-1.1142527424782167
NAUKRI,2024-05-17,up,2,-3.9885763783223283,0.856424348352558
NAUKRI,2024-05-21,up,3,-2.3335237429342848,0.5551151353676786
NAUKRI,2024-05-23,up,5,-3.6984985635288736,-0.966978647424066
NAUKRI,2024-06-25,up,2,4.430191757033675,-0.19644590963487918
NAUKRI,2024-06-26,up,3,2.9098942907428205,0.10030029553182995
NAUKRI,2024-06-28,down,1,1.6987374125638555,-0.9363199099450936
NAUKRI,2024-07-01,up,1,0.6011124081477526,1.6165647671462446
NAUKRI,2024-07-09,up,1,2.6207697422211185,-0.8972998017564016
NAUKRI,2024-07-26,up,1,1.621327485833035,1.9654378579682774
NAUKRI,2024-08-02,down,1,2.7696757937863303,-4.0668818085796925
NAUKRI,2024-08-16,up,2,3.5068917636713826,0.725935798851185
NAUKRI,2024-08-22,up,6,1.6290237916031236,-0.746829636688906
NAUKRI,2024-08-28,up,10,3.889374704239268,-0.11632652579047775
NAUKRI,2024-08-29,up,11,2.9294318598056757,0.052696745108082865
NAUKRI,2024-09-16,up,1,5.094578815095985,0.44032772063216097
NAUKRI,2024-09-19,up,1,4.481521295942659,-1.4188607139840714
NAUKRI,2024-09-23,up,3,1.1797901281320744,0.05365331161300002
NAUKRI,2024-10-04,down,5,-8.480256432175192,0.08731595633966194
NAUKRI,2024-10-09,down,1,-8.036034620340759,0.9527079831577634
NAUKRI,2024-12-05,up,5,0.8149860804117282,0.19112932861353737
NAUKRI,2024-12-12,down,1,3.7463678800985445,-1.0067314905656821
NAUKRI,2024-12-16,down,1,-4.35127652995363,-0.7655746273257158
NAUKRI,2024-12-17,down,2,-7.4930065280082285,-0.6098177285131845
NAUKRI,2024-12-30,down,1,-1.2592821199668758,-4.361421667103094
NAUKRI,2025-01-03,down,1,-12.064533834645708,0.8857960848285495
NAUKRI,2026-07-28,down,1,3.1865640191462097,1.6494986785779098
NAUKRI,2026-07-29,up,1,0.7933864164091808,-0.7874701199025558
NAUKRI,2026-08-04,down,1,0.5297396172960989,-0.7327614384754377
NAUKRI,2026-08-10,up,1,2.2355142602472844,0.9896892578375782
NAUKRI,2026-08-11,down,1,3.9086431531215826,4.222819333133154
NAVA,2025-06-16,up,1,1.8960181908327822,
NAVA,2025-06-27,up,4,1.2389642336187334,
NAVA,2025-06-30,down,1,-0.8814671447258671,
NAVA,2025-07-03,down,2,2.4510142209869246,
NAVA,2025-07-04,up,1,1.539233350088165,
NAVA,2025-09-15,down,1,-12.048635078012316,
NAVA,2026-04-17,up,1,15.359713245528317,
NAVA,2026-05-07,down,1,-18.668728689526493,
NAVA,2026-05-08,down,2,-18.552318207858665,
NAVINFLUOR,2022-07-29,up,3,2.3927032689340377,
NAVINFLUOR,2022-08-05,up,1,-4.0270696542743405,
NAVINFLUOR,2024-05-06,down,2,-4.3155950031900865,
NAVINFLUOR,2025-01-30,up,3,4.490532247309931,
NAVINFLUOR,2025-01-31,up,4,2.4280644823750253,
NAVINFLUOR,2025-04-25,down,2,-4.884511624836696,
NAVINFLUOR,2025-05-02,up,1,-6.4823598294873825,
NAVINFLUOR,2025-05-05,up,2,-7.741122967726433,
NAVINFLUOR,2025-10-31,down,2,11.279168212474922,
NAVINFLUOR,2025-11-03,up,1,-1.460329794766524,
NAVINFLUOR,2025-11-06,down,2,-6.4360114495566005,
NAVINFLUOR,2026-02-10,up,3,-8.873748673168935,
NAVINFLUOR,2026-04-28,down,1,5.913033022200187,
NAVINFLUOR,2026-04-29,up,1,6.1136266234371295,
NAVINFLUOR,2026-04-30,down,1,4.013383785298874,
NAVINFLUOR,2026-05-19,down,1,4.051372351724525,
NAVINFLUOR,2026-05-21,down,1,3.1746774102470177,
NAVINFLUOR,2026-05-25,up,2,0.6931038540868739,
NAVINFLUOR,2026-05-26,down,1,-2.044736104997791,
NAVINFLUOR,2026-06-22,up,1,1.1514459920127562,
NAVINFLUOR,2026-08-26,down,1,-3.1231253506458834,
NAVINFLUOR,2026-08-31,down,1,-5.856226115797803,
NAVINFLUOR,2026-09-09,down,3,-7.243540124372416,
NBCC,2023-08-23,up,3,8.407376557408286,-1.2718501296995588
NBCC,2023-08-30,up,3,6.9508459289471025,-1.4524270948337747
NBCC,2023-09-01,up,1,9.263210662646593,0.7344260144589665
NBCC,2023-09-04,up,2,7.249866386517012,5.1963433875994
NBCC,2023-09-05,up,3,1.2269608147827071,6.314177631794715
NBCC,2023-09-06,up,4,-5.379073591510608,-2.6942186813114
NBCC,2023-10-12,down,1,8.890964650961287,-2.1135551315910828
NBCC,2023-10-16,down,3,7.724571994302365,-1.4110812469070422
NBCC,2023-10-18,down,1,0.7049334504813709,0.10371910690663011
NBCC,2023-10-19,down,2,-3.0053625881844126,6.5834583466207075
NBCC,2023-10-20,down,3,-6.338470788384409,-5.445153112595147
NBCC,2023-11-13,up,2,9.900423421553505,-0.35309884264236313
NBCC,2023-11-30,up,3,14.38202234913315,8.599453371473164
NBCC,2023-12-01,up,4,5.485641692350152,0.15282813728920708
NBCC,2023-12-04,up,5,3.4570716598049556,0.14032158776806636
NBCC,2023-12-07,down,1,3.2572984135924354,2.005692409213533
NBCC,2023-12-08,up,1,0.7852098124016882,-3.246199978149167
NBCC,2023-12-14,up,2,5.751430010602188,0.04326056837939962
NBCC,2023-12-15,up,3,3.318212694994327,-3.491393938166587
NBCC,2024-01-03,down,2,7.378054373339427,4.145541491644633
NBCC,2024-01-04,up,1,2.6488147358997516,-1.1717272406886137
NBCC,2024-01-09,up,1,4.707399926926903,1.1636308848515853
NBCC,2024-01-10,up,2,1.7076812008066655,0.09412728190392183
NBCC,2024-01-12,up,4,0.45872898881735846,-2.3568775225156657
NBCC,2024-01-19,up,1,20.963806279102037,9.679478908353211
NBCC,2024-01-23,down,1,19.00870925656495,3.185846570352835
NBCC,2024-01-25,down,1,28.71714625582491,6.31772643631161
NBCC,2024-01-29,up,1,18.044621316545427,9.461070686778017
NBCC,2024-01-30,down,1,9.727737250878231,-1.1559551362034681
NBCC,2024-02-01,down,1,6.583736158354525,9.503835657734205
NBCC,2024-05-22,up,4,2.9748776659339393,-2.3718172069810417
NBCC,2024-06-03,up,2,1.9306448924400588,-1.9296717133963859
NBCC,2024-06-20,up,1,2.466831931805036,-0.5217588801325279
NBCC,2024-06-21,down,1,0.7120080632327275,-1.68916124110714
NBCC,2024-07-04,up,2,0.376724927301586,7.888298430086649
NBCC,2024-07-05,up,3,-1.7026501325818733,-0.7018636197874684
NBCC,2024-07-08,down,1,-5.324142987532687,-1.4412863625210215
NBCC,2024-07-09,up,1,-8.472862950396943,-3.9321100367795347
NBCC,2025-05-13,down,1,10.262736793187099,1.3289538009253254
NBCC,2025-05-14,up,1,8.25403198614103,4.277828876293532
NBCC,2025-05-15,up,2,13.917651289124278,-1.0423486630796064
NBCC,2025-05-16,down,1,12.97401522336379,2.9367657317050933
NBCC,2025-05-19,down,2,8.433102979811924,1.9636825828833526
NBCC,2025-05-28,down,2,5.415893756785639,-0.7282415360501671
NBCC,2025-05-30,down,1,-3.429524556020358,4.141315978005666
NBCC,2025-06-02,down,2,-5.8299610469200065,-1.6205478838007714
NBCC,2025-06-05,up,2,-3.2916008721368684,-0.8487228582027773
NBCC,2025-06-09,up,4,-5.7797467591045315,-0.635716422588295
NBCC,2026-05-08,down,2,6.7083720199829555,2.609705415579322
NBCC,2026-05-29,down,3,12.426054328228208,1.335896450697116
NBCC,2026-06-01,down,4,9.349041142109282,1.3632511477745801
NBCC,2026-06-02,up,1,6.164216111927057,-2.0029859911986914
NBCC,2026-06-05,down,1,5.06144291326851,-2.2760087371489823
NBCC,2026-06-15,up,2,4.212990847490916,-0.7376577874838475
NBCC,2026-06-16,up,3,-5.816252903043717,-0.022294583677429092
NBCC,2026-06-17,up,4,-11.514116437168198,2.5621573166887845
NBCC,2026-06-18,up,5,-12.11785062998285,-3.486097769232277
NCC,2023-10-12,down,1,-8.4872121726702,
NCC,2023-10-16,down,3,-11.553339350377524,
NCC,2023-11-20,down,2,3.081502807914549,
NCC,2023-11-21,up,1,0.8007224185348161,
NCC,2023-12-07,down,1,-3.925650873244513,
NCC,2023-12-08,up,1,-6.898092094718644,
NCC,2024-01-10,up,2,17.661899783308144,
NCC,2024-01-11,up,3,8.557468159583692,
NCC,2024-01-16,down,1,4.063224209909011,
NCC,2024-01-29,up,1,11.286626836591452,
NCC,2024-01-30,down,1,5.347357949444964,
NCC,2024-02-02,up,1,10.027659553547675,
NCC,2024-02-07,up,2,8.64366236540548,
NCC,2024-02-09,up,1,7.6043599806342455,
NCC,2024-02-15,up,3,5.37725449083899,
NCC,2024-02-19,up,5,4.602423117944676,
NCC,2024-02-22,up,1,-10.224282269301865,
NCC,2024-02-23,down,1,-14.936869561642629,
NCC,2024-02-26,down,2,-18.140071222164387,
NCC,2024-02-27,up,1,-18.095438971315268,
NCC,2024-05-31,up,1,8.995833009432008,
NCC,2024-06-03,up,2,8.259502158384047,
NCC,2024-06-06,up,2,-0.023615865153636673,
NCC,2024-06-07,up,3,-0.09297133006778147,
NCC,2024-06-10,down,1,-0.8109350625965406,
NCC,2024-07-03,up,1,-1.2048742817590052,
NCC,2025-04-15,up,2,-4.253624940091383,
NCC,2025-04-16,up,3,-6.001903622619009,
NCC,2025-04-21,up,5,-1.459866267295029,
NCC,2025-06-09,up,4,-4.3211744197365505,
NESTLEIND,2022-07-06,up,1,2.948552477802857,0.8562904106585556
NESTLEIND,2022-07-07,up,2,1.3550283371895233,-1.1907948513849576
NESTLEIND,2022-07-28,up,2,3.4963504947489676,-0.3494388368375345
NESTLEIND,2022-08-04,down,1,0.012058897970335103,0.9978565317557697
NESTLEIND,2022-08-10,up,3,-2.7748344336788744,-1.5909463670657598
NESTLEIND,2023-04-17,down,1,8.957544041989518,1.139747364342436
NESTLEIND,2023-04-18,down,2,6.090804799038851,0.7205573027500911
NESTLEIND,2023-04-25,up,2,4.500005043885236,-1.0819336941627178
NESTLEIND,2023-04-26,up,3,3.4619236264081366,0.15692263297695241
NESTLEIND,2023-04-27,up,4,2.338843645969657,-0.05894627360830684
NESTLEIND,2023-04-28,up,5,0.8863668070656194,2.3188313628494717
NESTLEIND,2023-05-02,up,6,-2.5281219008926437,-0.9738562389293715
NESTLEIND,2023-05-08,up,1,-2.1614330095043433,-0.9432633556607062
NESTLEIND,2023-06-15,down,1,0.18126233432502747,0.4436749314622679
NESTLEIND,2023-06-16,up,1,-2.3134370606207932,-0.389357560025938
NESTLEIND,2023-10-04,down,2,0.10283746519026415,-0.7473176574680274
NESTLEIND,2023-10-13,down,2,2.7976215847900665,0.3169554792405771
NESTLEIND,2023-10-19,down,2,1.768074979873857,1.6110264504387128
NESTLEIND,2023-10-20,down,3,-1.0772279075524471,-0.19769280171753056
NESTLEIND,2023-12-28,up,5,5.654991350676042,1.3226291026740222
NESTLEIND,2023-12-29,down,1,-4.055207702263052,0.5437700659594258
NESTLEIND,2024-01-01,up,1,-8.043276960647038,2.6761128690506286
NESTLEIND,2024-01-02,down,1,-8.856985216337865,-0.8609643124575461
NESTLEIND,2024-03-11,down,1,-2.8780766625321696,-0.8968077311957923
NESTLEIND,2024-03-13,down,1,-4.027944566647934,-2.048102323804757
NESTLEIND,2024-07-01,up,1,-0.48011675776566953,-0.04517756271111839
NESTLEIND,2024-09-20,up,2,2.420285572511016,0.5488025819260223
NESTLEIND,2024-09-23,up,3,1.388223898534524,0.2659808105630823
NESTLEIND,2024-09-24,up,4,0.43742134889097617,-2.1231770360698565
NESTLEIND,2025-04-17,up,4,-0.7597903778756132,-0.0437375526286754
NESTLEIND,2025-04-23,up,7,-1.5281735110102224,-0.012973714051922602
NESTLEIND,2025-04-24,down,1,-1.846264595746494,-1.1087321327707067
NESTLEIND,2025-09-02,down,1,-2.5329442171461602,0.6453272379765895
NESTLEIND,2025-09-04,up,2,-3.2190889728728744,-0.043916348633932234
NESTLEIND,2026-01-05,down,1,-1.00306593176821,1.034473513877887
NESTLEIND,2026-01-07,down,3,0.17160321656264355,-1.5801253959941364
NESTLEIND,2026-04-28,down,1,-1.7292734135773813,-0.006195085813887058
NESTLEIND,2026-04-29,up,1,-3.1553171956327786,0.9415606051918601
NESTLEIND,2026-05-05,down,1,-3.4902240845355204,0.3199073804292629
NESTLEIND,2026-05-06,up,1,-4.05309466862257,0.013306573092553009
NESTLEIND,2026-07-22,down,3,0.22809979999565133,0.7857387999864018
NESTLEIND,2026-07-30,up,2,-4.291712500055789,0.3689791408880039
NESTLEIND,2026-08-07,down,1,-5.7644939917776306,-0.614127668805653
NETWEB,2025-05-15,up,2,4.494139247612305,
NETWEB,2025-05-19,down,2,1.080029716758335,
NETWEB,2025-05-26,up,2,4.977226740816931,
NETWEB,2025-05-28,down,2,-11.194027371909577,
NETWEB,2025-05-29,up,1,-15.53082832455388,
NETWEB,2025-08-01,down,2,14.180664767998197,
NETWEB,2025-08-04,up,1,0.6904433104087504,
NETWEB,2025-08-22,down,1,13.87872513466415,
NETWEB,2025-08-25,up,1,6.408581190621154,
NETWEB,2025-09-03,up,1,26.41114023961513,
NETWEB,2025-09-04,up,2,37.20011108046934,
NETWEB,2025-09-05,up,3,29.093976077182916,
NETWEB,2025-09-08,up,4,2.5321124884220003,
NETWEB,2025-09-22,down,2,21.96411117785395,
NETWEB,2025-09-23,down,3,13.568155224334921,
NETWEB,2025-09-24,down,4,12.744508910295128,
NETWEB,2025-09-25,down,5,11.963729762716891,
NETWEB,2025-09-26,down,6,10.67608555405477,
NETWEB,2025-10-01,up,1,-0.664677912520717,
NETWEB,2025-10-03,up,2,-10.239166788422349,
NETWEB,2025-10-06,up,3,-4.589025663844504,
NETWEB,2025-10-08,down,1,-7.732509892574346,
NETWEB,2025-10-28,down,1,-20.44681918696314,
NETWEB,2025-10-29,up,1,-23.48706813523207,
NETWEB,2026-01-19,down,1,-8.83289225983802,
NETWEB,2026-04-21,up,3,1.1536233622396974,
NETWEB,2026-04-22,down,1,-2.744956198851234,
NETWEB,2026-04-29,up,1,-5.558433297291754,
NETWEB,2026-05-05,down,1,-6.865970033225544,
NETWEB,2026-05-06,up,1,-7.402731575363242,
NETWEB,2026-05-08,down,2,4.437368110291251,
NETWEB,2026-06-17,up,4,-14.095183698827107,
NETWEB,2026-06-18,up,5,-14.974551616668542,
NETWEB,2026-06-19,down,1,-15.94298833183606,
NETWEB,2026-08-13,down,3,3.122538732101554,
NETWEB,2026-08-14,down,4,-0.6314580941446435,
NETWEB,2026-08-18,down,6,-3.9250511534187016,
NETWEB,2026-08-20,up,1,-6.193218695156888,
NETWEB,2026-08-21,up,2,-8.218680354108532,
NETWEB,2026-08-24,down,1,-19.097678611902623,
NEULANDLAB,2025-11-10,up,1,-8.815040818009379,
NEULANDLAB,2026-05-13,up,1,-7.722115495131588,
NEULANDLAB,2026-06-01,down,4,-1.4983133644954072,
NEULANDLAB,2026-07-09,up,1,1.0414238032911305,
NEULANDLAB,2026-08-06,up,2,16.319739676660248,
NEULANDLAB,2026-08-07,down,1,2.6658614442239825,
NEULANDLAB,2026-08-14,down,4,-4.054197099608325,
NEULANDLAB,2026-08-17,down,5,-3.7792012453588097,
NEWGEN,2025-05-12,up,1,18.66939198806017,
NEWGEN,2025-05-13,down,1,17.306580949328023,
NEWGEN,2025-05-16,down,1,14.1257737631316,
NEWGEN,2025-05-20,down,3,3.347666378778791,
NEWGEN,2025-06-05,up,2,-8.705499738660782,
NH,2025-03-03,down,9,10.738973932222006,
NH,2025-03-04,down,10,1.1068827052201469,
NH,2025-03-20,up,4,2.0363456328953644,
NH,2025-04-09,down,1,4.173012488577532,
NH,2025-04-15,up,2,1.2966991646927717,
NH,2025-04-16,up,3,-0.7930560577302792,
NH,2025-04-17,up,4,-3.325705112513655,
NH,2025-04-21,up,5,-5.08500211613212,
NH,2025-06-27,up,4,-9.497661158246174,
NHPC,2023-07-24,down,2,1.9318401097014881,2.4379565108871404
NHPC,2023-07-25,up,1,-3.5039214456223933,-2.2431657008650796
NHPC,2023-08-01,down,1,-3.272102493186846,-0.6888604556469335
NHPC,2023-09-07,up,5,3.5789409223585533,0.058365959399142575
NHPC,2023-09-11,up,7,2.3401906663082617,1.0586484553904318
NHPC,2023-09-14,up,2,-7.107194212527023,0.9316062883119924
NHPC,2023-12-01,up,4,13.051015245300214,1.5259714537728009
NHPC,2023-12-04,up,5,10.893922925584555,-0.41121498192097095
NHPC,2023-12-05,up,6,9.282646596079447,0.7781604796530228
NHPC,2023-12-06,up,7,9.07487364568247,1.7696302859056656
NHPC,2023-12-07,down,1,5.9828587464412,6.064893831526552
NHPC,2023-12-08,up,1,1.7324577207167957,-1.9585180635485089
NHPC,2023-12-14,up,2,8.968097549258026,-0.8004073355172614
NHPC,2024-01-01,up,1,6.933592274494926,-1.5378625619473896
NHPC,2024-01-02,down,1,6.140904378922807,0.6088903649780208
NHPC,2024-01-04,up,1,4.857526112336075,1.3116236996834285
NHPC,2024-01-05,up,2,3.28015193462885,3.779098588483998
NHPC,2024-01-23,down,1,14.820718846414849,1.0211075335559539
NHPC,2024-01-29,up,1,18.66025288983295,5.574027295714967
NHPC,2024-01-30,down,1,11.773724280315223,-1.7746108136364014
NHPC,2024-02-01,down,1,-12.394548994159626,0.42180237304898505
NHPC,2024-05-06,down,2,1.2205867812856708,0.042464598603841885
NHPC,2024-05-21,up,3,3.1076501550220126,0.9445525993222459
NHPC,2024-05-22,up,4,2.120974076983506,0.9307529338951293
NHPC,2024-05-23,up,5,-0.8672397605184456,-2.346141999386353
NHPC,2024-05-31,up,1,-10.841373390280628,8.01558290686022
NHPC,2024-06-03,up,2,-10.019841928317364,1.9348748806789384
NHPC,2024-07-11,down,2,-7.052330792408224,4.40498384088599
NHPC,2024-07-12,up,1,-14.559441943981676,-1.09718229090906
NHPC,2024-07-15,up,2,-16.7820579778305,-1.1271116695951156
NHPC,2025-03-21,up,5,3.784252954961076,1.3149385203339747
NHPC,2025-03-24,up,6,0.5556201130187732,-0.24901450292482696
NHPC,2025-03-28,down,1,2.6869433150409794,-3.904405617351314
NHPC,2025-04-21,up,5,-5.746024040563347,1.9594782875197003
NHPC,2025-04-22,up,6,-3.0795043654558207,2.0393781799219246
NHPC,2025-04-23,up,7,-4.800382357521937,-1.0340001999008641
NHPC,2025-06-09,up,4,-4.738274278371168,1.5784658142796948
NHPC,2026-04-29,up,1,-8.362128360042298,-3.142249595740909
NIACL,2023-11-28,up,1,21.49777283355576,
NIACL,2023-12-01,up,4,-15.177246349254602,
NIACL,2024-02-09,up,1,-14.942705028496139,
NIACL,2024-07-11,down,2,-4.288896137577192,
NIACL,2024-07-15,up,2,-13.551659372460534,
NIACL,2024-07-16,up,3,-1.4166731659886578,
NIACL,2024-07-26,up,1,-16.219461560687243,
NIACL,2026-09-04,up,1,-9.48505583189474,
NIACL,2026-09-07,down,1,-21.808253446264548,
NLCINDIA,2022-05-02,down,2,-9.766862934795384,
NLCINDIA,2022-05-04,down,3,-18.40241857661985,
NLCINDIA,2023-12-22,up,2,-2.449424177204429,
NLCINDIA,2023-12-26,up,3,-4.9149881815168435,
NLCINDIA,2023-12-27,up,4,-9.481054003778933,
NLCINDIA,2024-02-02,up,1,-19.680295706634986,
NLCINDIA,2024-02-05,down,1,-14.226954936303715,
NLCINDIA,2024-06-26,up,3,6.386228594935872,
NLCINDIA,2024-06-27,up,4,3.658819410259384,
NLCINDIA,2024-07-02,down,1,9.67675617345305,
NLCINDIA,2024-07-03,up,1,5.151410227396935,
NLCINDIA,2024-07-05,up,3,3.2191346597440385,
NLCINDIA,2024-07-08,down,1,2.584356613013772,
NLCINDIA,2024-07-10,down,1,7.609437081908066,
NLCINDIA,2024-07-11,down,2,5.803131125205452,
NLCINDIA,2024-07-15,up,2,-12.729454073249059,
NLCINDIA,2024-07-16,up,3,-11.182564184011245,
NLCINDIA,2025-09-26,down,6,-6.647624425201681,
NLCINDIA,2025-09-30,down,8,-10.092853254919653,
NLCINDIA,2026-04-16,down,1,9.249101493456102,
NLCINDIA,2026-04-20,up,2,1.2773008287998655,
NLCINDIA,2026-04-27,up,1,15.854570534425672,
NLCINDIA,2026-04-28,down,1,14.613267172363154,
NLCINDIA,2026-04-29,up,1,13.52036707667672,
NLCINDIA,2026-05-07,down,1,11.8347637257604,
NLCINDIA,2026-05-11,down,3,11.261593823717764,
NLCINDIA,2026-05-14,up,2,-0.46794080015504225,
NMDC,2022-02-10,up,3,-6.525099239444431,0.29143605744486045
NMDC,2022-02-11,down,1,-5.1161612078396645,-3.287306294467174
NMDC,2022-03-25,down,3,6.275405386199617,-1.371436418909211
NMDC,2022-03-28,up,1,5.350122005971514,0.492562065295421
NMDC,2022-04-01,up,1,-3.326532225449119,2.0577332867388387
NMDC,2022-04-04,up,2,-5.295323978101296,2.005694740648556
NMDC,2022-04-06,down,2,-6.738189326631061,0.43132352955757014
NMDC,2022-08-23,up,1,6.53461718838706,1.0183950693364752
NMDC,2022-08-24,up,2,4.8922053041162705,1.036481063894179
NMDC,2022-08-25,down,1,1.9608346523479758,-0.45720871489529635
NMDC,2022-09-12,up,3,-2.920524219988274,1.170798706476761
NMDC,2022-09-13,up,4,-4.107224131707399,-2.420073353911245
NMDC,2022-09-14,down,1,3.7167103187667694,-0.38045940906260567
NMDC,2022-09-21,down,1,2.510708044547405,-0.9988786901332536
NMDC,2022-09-22,down,2,1.487955350993131,0.3806780804147092
NMDC,2022-10-07,down,1,-3.0929804631736335,-0.1241503449009973
NMDC,2022-10-10,down,2,-0.4286943124622744,0.8600149448408478
NMDC,2022-10-27,up,1,-0.9820565735107922,-1.076718559732659
NMDC,2022-11-02,down,1,4.338463080782096,-0.9537296475840229
NMDC,2022-11-03,down,2,3.296493542603396,0.3606542278007385
NMDC,2022-11-07,up,2,3.248156070363706,1.3092228517144644
NMDC,2022-11-21,down,3,3.742163532870979,-0.1514121965434767
NMDC,2022-11-22,up,1,2.8921771412868447,0.27482052922132016
NMDC,2022-11-23,up,2,1.4054250386979827,0.3059474712464816
NMDC,2022-11-24,up,3,0.4660951055406537,-1.754386005287789
NMDC,2022-12-01,up,8,2.037837276715293,0.29218727740734085
NMDC,2022-12-08,up,1,-3.1660121876727176,1.079319490022712
NMDC,2022-12-09,down,1,-1.7747192664836042,-2.772541098079584
NMDC,2023-08-01,down,1,0.4759222743187408,-1.0477188781773616
NMDC,2023-08-22,up,2,8.980901893193561,1.8825226016192742
NMDC,2023-08-23,up,3,7.137575383075712,1.2675812362145988
NMDC,2023-09-01,up,1,20.23550250405206,6.546904569359646
NMDC,2023-09-04,up,2,14.173216386870235,5.583620619375251
NMDC,2023-09-05,up,3,6.56166365906099,1.5954103017457921
NMDC,2023-09-08,up,6,3.7866203346062832,-1.1885072066020852
NMDC,2023-09-11,up,7,2.646109098961791,-0.6341895948404508
NMDC,2023-09-14,up,2,-2.9384532410429487,3.6385433889134955
NMDC,2023-09-15,up,3,-0.9261192617020741,-1.1569034881724116
NMDC,2023-10-10,up,1,5.507805547795908,1.061878644234282
NMDC,2023-10-12,down,1,3.157816488819587,2.2197162137164383
NMDC,2023-10-13,down,2,-0.21748382286308487,0.435906783450557
NMDC,2023-10-16,down,3,-1.134186988160879,0.7455056097170232
NMDC,2023-10-17,up,1,-2.508576936443341,-0.827688436705043
NMDC,2023-11-07,down,1,3.458059305496719,0.7596857622248931
NMDC,2023-11-10,up,1,9.543191745021362,4.296701087071764
NMDC,2023-11-13,up,2,6.572091984343342,2.523937841578139
NMDC,2023-11-28,up,1,7.253381416233862,2.38459085225029
NMDC,2023-11-29,up,2,4.548527265740865,-1.6431015510004254
NMDC,2023-12-01,up,4,3.9218088656077787,0.4785375256112667
NMDC,2023-12-04,up,5,3.2466239797630747,-0.335897433611565
NMDC,2023-12-08,up,1,2.0040194986366,-2.0676243341170686
NMDC,2023-12-13,up,1,6.267602976714914,2.3980666137010997
NMDC,2023-12-14,up,2,4.6616821412093,1.0061736667469345
NMDC,2023-12-15,up,3,2.708139346247762,-0.8028198173267165
NMDC,2023-12-26,up,3,3.7600858351604316,1.981912506240291
NMDC,2023-12-28,up,5,5.716846784252816,1.2988302023065446
NMDC,2023-12-29,down,1,4.442838986305264,1.1572671717374527
NMDC,2024-01-01,up,1,4.602776949645304,-0.3103486059170102
NMDC,2024-01-02,down,1,3.507587304130144,0.7757931315474975
NMDC,2024-01-04,up,1,-0.06784400031786264,0.8593396182554613
NMDC,2024-01-05,up,2,-2.6249678766183893,-0.8742472250040545
NMDC,2024-01-25,down,1,3.5928908986303076,0.9042596663949576
NMDC,2024-01-29,up,1,3.0218668056968934,1.3992938178468028
NMDC,2024-02-02,up,1,4.593927697055511,5.340085295093977
NMDC,2024-02-05,down,1,-1.5658530523293912,1.4925405737555186
NMDC,2024-02-15,up,3,-3.8203035230106597,-0.11488923895202063
NMDC,2024-04-24,up,4,3.9767703565785073,0.7319129287755022
NMDC,2024-04-25,up,5,7.409967898733161,1.439414621499946
NMDC,2024-04-26,down,1,5.7754690843249135,2.5504825703516865
NMDC,2024-04-29,up,1,3.1259903095837815,-0.30579573400607574
NMDC,2024-05-03,down,1,5.267166879667684,3.3836571921376235
NMDC,2024-05-06,down,2,1.9909713978602417,-0.27631724986236783
NMDC,2024-05-17,up,2,-7.235416102961789,2.3615473843096035
NMDC,2024-05-21,up,3,-8.541552075975778,2.0464856780342044
NMDC,2025-04-03,down,1,-7.4424985556654555,-1.2033039726219497
NMDC,2025-05-23,up,1,-2.6148793540321735,0.9694192958686898
NMDC,2025-05-26,up,2,-4.0229718601980995,-0.29333288549043823
NMDC,2025-06-09,up,4,-5.480066513886839,0.6502275512922706
NMDC,2025-06-10,up,5,-9.500819046342812,-0.37764068376080484
NMDC,2025-09-19,down,1,1.6964523830669709,-1.0395469826708914
NMDC,2025-09-23,down,3,0.8721984425153817,0.29614578645651424
NMDC,2025-12-23,up,3,8.658232280708456,3.916412780599021
NMDC,2025-12-26,down,2,3.9293843467610445,0.720789509099351
NMDC,2025-12-29,down,3,2.9805969098763097,-3.3062895422241168
NMDC,2025-12-31,up,1,1.8791983041221982,-1.656309467709971
NMDC,2026-01-07,down,3,-5.212939309934017,0.7280349592306168
NMDC,2026-04-17,up,1,-2.5962031365183935,0.8941282899189051
NMDC,2026-04-27,up,1,-1.7665377771579505,0.24182975832907072
NMDC,2026-04-28,down,1,-3.4651235951009385,-0.17019828293118877
NMDC,2026-04-29,up,1,-4.5053384543189186,-0.30253662670773895
NMDC,2026-05-14,up,2,-0.3580728592492921,0.414180186996016
NMDC,2026-06-02,up,1,-9.46016458465172,2.0511122127310655
NSLNISP,2024-02-02,up,1,-12.005558366787506,
NSLNISP,2024-02-05,down,1,-14.896505152219907,
NSLNISP,2024-04-12,down,1,1.8234682463419194,
NSLNISP,2024-04-24,up,4,-8.70390633426772,
NTPC,2021-09-28,down,1,13.867280582744822,2.3053673407312347
NTPC,2021-09-29,down,2,10.111619717177444,5.532946173305531
NTPC,2021-10-04,up,1,-1.290229908061269,0.3296623205434779
NTPC,2021-10-14,up,6,-6.526958566331109,0.7683336373618843
NTPC,2021-10-18,up,7,-8.49207192003243,-0.2662710150825198
NTPC,2022-01-17,up,1,2.0510329117883863,-0.5339113398987183
NTPC,2022-01-28,down,2,-4.398150009650026,2.5724372691894537
NTPC,2022-04-01,up,1,8.96674379667719,3.668226961088128
NTPC,2022-04-04,up,2,13.201854387984714,0.8550811572853645
NTPC,2022-04-05,down,1,11.224696345833983,2.4671206321240646
NTPC,2022-04-06,down,2,7.827390493795483,1.0551431088159147
NTPC,2022-04-07,down,3,4.564103975450373,-0.7538028770589733
NTPC,2022-04-18,down,4,-2.1034089374380005,3.847845517025239
NTPC,2022-04-19,down,5,-7.303176908278264,-1.469754193013939
NTPC,2022-07-29,up,3,3.685182557808253,-0.07271106112499703
NTPC,2022-08-01,up,4,3.593399933955732,1.2097229666717446
NTPC,2022-08-02,up,5,1.8685898803816992,0.9852488660011094
NTPC,2022-08-03,up,6,-0.9325714838329002,-0.7461189617333774
NTPC,2022-08-17,up,7,1.017124377921741,-0.18840249854766844
NTPC,2022-08-26,up,1,2.420985953689847,-1.6223440777925702
NTPC,2022-09-06,down,1,3.0604264885168098,0.758231786107566
NTPC,2022-09-07,down,2,1.565020543408835,-0.9984169014506827
NTPC,2022-09-14,down,1,-4.737260076384164,1.987856867559601
NTPC,2022-09-15,down,2,-5.5286985159108575,0.019977477888155626
NTPC,2022-10-27,up,1,6.597247305671483,0.05951208326444579
NTPC,2022-10-28,up,2,5.478440480836522,-1.425819069965395
NTPC,2022-11-01,up,4,-4.142706050903488,3.6033325496249935
NTPC,2023-03-06,up,2,-2.203269367448457,-0.0995042227478482
NTPC,2023-03-08,up,3,-2.459533319318896,0.007003795941074031
NTPC,2023-03-09,down,1,-2.746934004801005,-1.1362356154832054
NTPC,2023-06-28,up,3,3.7472959431495534,-0.8138907236103221
NTPC,2023-06-30,up,4,2.7130839504186266,-0.8107448509299231
NTPC,2023-07-04,up,6,1.646489135305118,0.22576311181292663
NTPC,2023-07-06,up,8,2.4906222241360076,0.4985324495047072
NTPC,2023-07-25,up,1,6.06864156375484,1.7753870242695147
NTPC,2023-07-28,down,2,7.247017646622966,4.011958409059235
NTPC,2023-07-31,up,1,4.82157998940318,3.8050452113279176
NTPC,2023-08-01,down,1,0.7522333699531369,2.27465376408138
NTPC,2023-09-04,up,2,3.1750392338043554,1.7575623451175248
NTPC,2023-09-08,up,6,2.658975313247991,1.8437251153959666
NTPC,2023-09-29,up,1,-4.319862859783264,-1.164904702699654
NTPC,2023-11-28,up,1,4.1899731693813225,0.5484478039212481
NTPC,2023-11-30,up,3,9.431661048324202,0.5759177306440266
NTPC,2023-12-01,up,4,8.553361176434082,4.959630069890775
NTPC,2023-12-04,up,5,6.221470162943965,-0.5878214622732303
NTPC,2023-12-05,up,6,4.869911301188945,2.7122452254854768
NTPC,2023-12-06,up,7,2.1068103278755634,-2.1295483460979425
NTPC,2023-12-08,up,1,1.5046149281239263,-1.2569458715205317
NTPC,2023-12-13,up,1,4.002090432741534,1.4966299798837346
NTPC,2023-12-14,up,2,6.993014806099285,0.5484635714868125
NTPC,2023-12-15,up,3,5.702644600620244,2.002550063751607
NTPC,2023-12-19,up,1,2.7760241475085934,1.2851054175377241
NTPC,2023-12-28,up,5,0.6932784384941604,-0.17996820412957693
NTPC,2024-01-04,up,1,2.3566755108668236,1.8362999255653323
NTPC,2024-01-05,up,2,0.3683951007878328,-2.136555077903024
NTPC,2024-02-02,up,1,3.2458102007885348,2.865390855907224
NTPC,2024-02-05,down,1,1.1573798940405888,0.1882966673474984
NTPC,2024-02-16,up,4,0.8591479139994362,-0.6871503557565495
NTPC,2024-02-20,up,6,-0.33794062973008243,0.6775388689480577
NTPC,2024-03-04,up,3,-5.2003256998722325,1.4608058239940824
NTPC,2024-05-02,up,1,1.2858780591994856,1.3675568952690398
NTPC,2024-05-03,down,1,-0.6577435136947973,-1.779352895190811
NTPC,2024-05-22,up,4,4.210298786919298,-0.2448379130931877
NTPC,2024-06-03,up,2,-13.376612339092963,2.483638024459678
NTPC,2024-07-24,down,4,8.328392468108659,0.014134223401796042
NTPC,2024-07-26,up,1,6.319280521528459,1.4357966524207066
NTPC,2024-07-30,up,3,3.1945403686943985,-0.2050701079690076
NTPC,2024-07-31,up,4,-2.751810568421964,1.2384121255821112
NTPC,2024-08-01,up,5,-4.180578162225168,-0.7716553584021235
NTPC,2024-09-25,up,5,-3.746292482069058,0.9079889466184987
NTPC,2024-09-30,down,2,-6.51263456727661,0.28951288753971127
NTPC,2025-03-19,up,3,3.1736243371035977,1.2352712901377405
NTPC,2025-03-21,up,5,3.7169750518949884,3.0530513540170556
NTPC,2025-03-24,up,6,2.356661997742937,3.762660102107529
NTPC,2025-03-25,up,7,-1.430351559331411,-0.7814156913715897
NTPC,2025-04-15,up,2,-7.172877931127186,-1.0299066177458904
NTPC,2026-01-29,up,3,2.074017633774239,0.893642893483193
NTPC,2026-02-23,up,2,4.002933059190372,-0.15131932155559857
NTPC,2026-02-24,down,1,3.2156581747223356,1.154255284004968
NTPC,2026-02-25,up,1,0.9368709163193767,-0.4975124378109319
NTPC,2026-03-12,down,2,-5.5424159112724025,0.34757839018093595
NTPC,2026-04-22,down,1,-2.0788840056135682,-0.17630057965394297
NTPC,2026-04-27,up,1,-4.858764765128454,1.1517000632198293
NTPCGREEN,2026-04-13,down,1,18.874921965197732,
NTPCGREEN,2026-04-15,up,1,11.479556420243364,
NTPCGREEN,2026-04-16,down,1,8.913031874249256,
NTPCGREEN,2026-04-20,up,2,5.314919064805568,
NTPCGREEN,2026-04-27,up,1,-7.0100828201651755,
NUVAMA,2024-09-11,down,1,-10.71623417005878,
NUVAMA,2024-09-13,down,1,-13.974284553577021,
NUVAMA,2025-01-02,up,2,-14.20889003301542,
NUVAMA,2025-06-26,up,3,-4.1157879367677115,
NUVAMA,2025-06-27,up,4,-9.063871882132757,
NUVAMA,2026-05-08,down,2,4.778422624371248,
NUVAMA,2026-05-29,down,3,2.497180432637758,
NUVAMA,2026-06-01,down,4,0.18379076679504447,
NUVAMA,2026-07-10,up,2,-8.193047609618143,
NUVAMA,2026-07-24,down,5,-18.015380717739216,
NYKAA,2023-06-16,up,1,-2.502770386764952,0.47055149178003575
NYKAA,2023-06-19,down,1,0.4257106929377974,3.126978886842635
NYKAA,2023-06-22,down,1,-4.5038872328230894,-1.7453944117592712
NYKAA,2023-09-28,down,1,-7.471689285880956,-1.0117391312085333
NYKAA,2023-11-17,down,1,7.820823361584162,6.677844518204901
NYKAA,2023-11-20,down,2,-2.6338858042050717,1.5510681884694177
NYKAA,2023-11-30,up,3,-6.456421903766829,-1.1158929103159965
NYKAA,2023-12-04,up,5,-0.6927828430249416,-2.784929271893799
NYKAA,2023-12-15,up,3,-2.4279931376467667,-2.924399093970509
NYKAA,2024-01-09,up,1,-7.932866493639279,2.7827893499535516
NYKAA,2024-01-10,up,2,-16.18110452175161,0.22953803627319136
NYKAA,2024-04-09,down,1,-4.668607308513928,-2.308645957312183
NYKAA,2024-07-30,up,3,12.467843141096191,6.710799111254673
NYKAA,2024-08-02,down,1,3.837457868167493,-3.8866781473144263
NYKAA,2024-08-21,up,5,6.6752440387978895,7.666846776673375
NYKAA,2024-08-23,up,7,-10.155749228404465,-0.8461865185957707
NYKAA,2025-04-15,up,2,4.938620460410603,1.339973929326832
NYKAA,2025-04-16,up,3,2.3661704036217257,0.4941688554103596
NYKAA,2025-04-21,up,5,3.130749314058079,-0.4560456401401902
NYKAA,2025-04-29,up,2,0.507719063494072,-1.8512841083999088
NYKAA,2025-05-14,up,1,-0.2553150006231908,-2.3806987637935872
NYKAA,2025-07-02,down,1,0.6487391654870001,-3.299470398390625
NYKAA,2025-07-09,down,1,3.149739537552243,-0.6147120698040909
NYKAA,2025-07-10,down,2,1.8588069608576063,0.22928626968297117
NYKAA,2025-07-14,down,4,-3.1363544111593256,-0.36101929495453433
NYKAA,2025-08-26,down,1,1.4703404853223523,-0.6255735667020756
NYKAA,2025-08-28,down,2,0.959267157656396,-1.5040875227483208
NYKAA,2025-09-03,up,1,-0.45972184345794975,1.6188441416033594
NYKAA,2025-09-04,up,2,-1.3568738237765943,0.3284748870408194
NYKAA,2025-09-05,up,3,-6.10391892855816,-0.7784443888538273
NYKAA,2025-09-08,up,4,-6.301278935618059,0.4421102697935275
NYKAA,2026-01-05,down,1,-12.990931228578651,0.09564922774367712
NYKAA,2026-04-20,up,2,-1.125598105304071,-2.5727743797739233
NYKAA,2026-05-06,up,1,-3.6995969751891122,0.3624782143961225
NYKAA,2026-05-07,down,1,-4.833176762325553,-2.0939038250803788
NYKAA,2026-05-22,up,1,-2.0062188002339387,0.616055499942747
NYKAA,2026-06-30,down,2,6.039618245661327,-0.22446087447648422
NYKAA,2026-07-02,up,2,4.972107357917865,-0.14770947913906873
NYKAA,2026-07-03,up,3,4.3219663803806485,-0.8925516852036797
NYKAA,2026-07-06,up,4,3.647120177360086,-0.874291123293236
NYKAA,2026-07-08,down,2,2.707232662113812,-0.4352806901496531
NYKAA,2026-07-10,up,2,1.7923576778462458,0.2810489920157311
NYKAA,2026-07-22,down,3,3.3220171112797514,-2.205061339155401
NYKAA,2026-07-31,up,3,-0.79453478874284,-0.4975124378109319
NYKAA,2026-08-03,up,4,-2.76428867703824,0.680031793694269
NYKAA,2026-08-05,up,1,-1.9111441872103674,-3.2526517779239206
OBEROIRLTY,2021-10-11,up,3,-2.2572835670057856,-3.4639837698822618
OBEROIRLTY,2021-10-12,up,4,3.303412220363766,-2.1485761909339818
OBEROIRLTY,2021-11-02,down,1,-7.166608124595408,-1.439450162927991
OBEROIRLTY,2021-11-03,down,2,-7.940218585785919,3.673400067933441
OBEROIRLTY,2022-01-18,down,1,-1.9200601209641177,-4.8259086151536845
OBEROIRLTY,2022-04-13,down,3,-14.972380988068391,-2.701061621028711
OBEROIRLTY,2023-11-20,down,2,6.126155643437747,0.675276280868653
OBEROIRLTY,2023-11-21,up,1,1.7839244911871832,-1.0846764039806112
OBEROIRLTY,2023-11-30,up,3,0.9300214256556361,-1.1604146770940016
OBEROIRLTY,2023-12-04,up,5,3.5308263894636482,0.45135675411169807
OBEROIRLTY,2023-12-07,down,1,1.194327128010908,-0.4601392065610055
OBEROIRLTY,2023-12-14,up,2,2.905147409926556,0.6669053136879155
OBEROIRLTY,2023-12-15,up,3,2.0550346304427425,-1.66229626951937
OBEROIRLTY,2024-04-02,down,1,-4.226583544086326,0.548444500049694
OBEROIRLTY,2024-04-05,down,1,-6.192315872704624,-1.09513909387553
OBEROIRLTY,2024-05-15,down,1,14.167097581075815,2.3884346041665783
OBEROIRLTY,2024-05-16,up,1,8.371310435926492,5.512760276721607
OBEROIRLTY,2024-05-17,up,2,2.168635403754071,0.8038944313059515
OBEROIRLTY,2024-05-22,up,4,2.9401006443748656,1.0218910007657955
OBEROIRLTY,2024-05-23,up,5,1.5584257198063112,-0.9075933696684024
OBEROIRLTY,2024-05-28,down,3,1.9642694575628505,-0.8448958807781959
OBEROIRLTY,2024-05-31,up,1,2.6183320506210306,3.5896747292135878
OBEROIRLTY,2024-06-03,up,2,-2.577189640849442,0.44247276714608486
OBEROIRLTY,2024-06-11,up,1,-7.2068792319136765,-0.32719522222370845
OBEROIRLTY,2024-09-23,up,3,-7.083175171900247,1.878425775602488
OBEROIRLTY,2024-09-24,up,4,3.8589730983600967,-1.3500951051462762
OBEROIRLTY,2024-09-25,up,5,3.2118766927628384,0.8973822476403104
OBEROIRLTY,2024-09-26,up,6,2.046239481653611,0.3299698209095814
OBEROIRLTY,2024-11-06,up,2,-0.8260595934953985,0.6388118987979752
OBEROIRLTY,2024-11-07,down,1,0.7535989557739375,-0.4196173322835062
OBEROIRLTY,2024-12-04,up,4,5.8057594532938905,2.448709619297662
OBEROIRLTY,2024-12-05,up,5,2.9990150304975094,-1.8732747679265471
OBEROIRLTY,2024-12-16,down,1,2.9705442833165563,2.3622762101899397
OBEROIRLTY,2024-12-17,down,2,-0.471354616923747,0.7322032387115929
OBEROIRLTY,2025-06-02,down,2,7.5754345085831565,0.6863698504643967
OBEROIRLTY,2025-06-03,down,3,6.429732011014155,1.3988354193159802
OBEROIRLTY,2025-06-04,up,1,4.62344985622789,-2.2849219178039504
OBEROIRLTY,2025-06-06,up,3,4.559352679544504,5.115168952608262
OBEROIRLTY,2025-06-09,up,4,-1.1923200264473466,-1.1197270551878358
OBEROIRLTY,2025-06-17,down,1,-4.861339737371395,-1.8138294893894846
OBEROIRLTY,2025-06-24,up,1,-8.162030840425782,1.167590041678035
OBEROIRLTY,2025-10-31,down,2,-9.399181115051503,0.9964342592984288
OBEROIRLTY,2025-11-03,up,1,-9.661123685695927,0.616754397966135
OBEROIRLTY,2025-11-04,down,1,-8.971862126268416,-2.008442380782105
OBEROIRLTY,2026-04-16,down,1,-1.4809672567395515,-0.20247740449279572
OBEROIRLTY,2026-04-21,up,3,-7.439414965705737,-1.4181420814909584
OBEROIRLTY,2026-07-03,up,3,-3.4758964247961877,4.084212969751699
OBEROIRLTY,2026-07-06,up,4,-6.213932161801217,0.5106622765993718
OFSS,2021-10-19,down,1,-8.777371624761866,0.562985447420572
OFSS,2024-01-15,up,5,38.573091986874175,6.9122472742669805
OFSS,2024-01-18,down,3,36.98703563902313,26.59067379090816
OFSS,2024-01-19,up,1,5.69397546016166,0.5121189560786998
OFSS,2024-02-08,down,1,7.080306741188869,1.456948144097181
OFSS,2024-02-09,up,1,4.206619776524878,1.705544540270676
OFSS,2024-02-13,up,1,1.2891876361383003,-0.7024346924902947
OFSS,2024-02-14,up,2,2.7520265056167226,0.5535824676665468
OFSS,2024-02-15,up,3,5.256082034875331,-0.09179383409150255
OFSS,2024-02-23,down,1,-2.011470266288473,-3.251271318683324
OFSS,2024-03-07,up,2,6.4869571838133355,2.939738507950551
OFSS,2024-03-11,down,1,4.003533966274775,-1.2101069451490254
OFSS,2024-03-12,up,1,2.93126139910862,-1.6995450737826379
OFSS,2024-03-18,up,1,1.1775585374480313,-0.7191649289913449
OFSS,2024-03-26,down,1,-13.026840961895514,0.6121382052716395
OFSS,2024-03-27,up,1,-14.858172248857858,-0.5850430029195608
OFSS,2024-04-01,up,3,-17.672713510393834,-0.8778907352153031
OFSS,2024-06-18,up,5,5.348586526955779,-1.4982777438685813
OFSS,2024-06-19,down,1,3.2442806717500883,-0.9900431099386986
OFSS,2024-06-28,down,1,5.3065460604247106,-1.1937785227995157
OFSS,2024-07-01,up,1,4.520676313705119,1.5915447637434799
OFSS,2024-07-04,up,2,0.532389418540502,-0.12326221969588547
OFSS,2024-07-12,up,1,-1.8237516101299867,1.0333023035778988
OFSS,2024-07-15,up,2,-3.47378026459666,1.7327082700013374
OFSS,2024-07-16,up,3,-10.569636562442785,-1.6124333783267497
OFSS,2024-07-24,down,4,-5.878522063835612,-4.392627609284528
OFSS,2024-09-03,up,14,7.905685956218744,-0.12790914094952255
OFSS,2024-09-12,up,1,-5.062590328594596,0.052652504217598484
OFSS,2024-09-13,down,1,-6.213150384354571,4.028801966101914
OFSS,2024-09-17,up,2,-6.188718183455688,-0.9885845851647868
OFSS,2024-12-04,up,4,1.330006769272929,-1.5952857349888272
OFSS,2024-12-06,down,1,0.5946525187616514,-0.8981505545043511
OFSS,2024-12-19,down,4,-2.072140264414579,0.2706357690085204
OFSS,2024-12-30,down,1,-16.872616920519555,-1.4363199988962294
OFSS,2025-06-05,up,2,4.283251135502497,-0.09911547336813875
OFSS,2025-06-09,up,4,0.6335794298065078,3.030150317629654
OFSS,2025-06-10,up,5,-3.1202682240968893,3.260869565217406
OFSS,2025-06-11,up,6,-6.533508925958431,-0.23621388854047076
OFSS,2025-06-13,down,2,-5.753544847251724,-1.6614959930512652
OFSS,2026-04-15,up,1,19.26054797586709,3.77560052498247
OFSS,2026-04-16,down,1,15.62700672830417,2.520902854704077
OFSS,2026-04-17,up,1,12.273133466339626,2.9761032481180116
OFSS,2026-04-20,up,2,9.074329102616607,0.8672348978300493
OFSS,2026-04-23,down,2,13.925783924414613,7.35314254415993
OFSS,2026-04-24,down,3,5.187545418972572,1.1794957795293382
OFSS,2026-04-27,up,1,6.4848277611222915,3.769166592841544
OFSS,2026-04-28,down,1,1.741031407766247,0.5038034275409053
OFSS,2026-04-29,up,1,0.59836409412235,0.43811799747173197
OFSS,2026-05-04,up,1,-1.7330649551225874,-1.0545238185661887
OFSS,2026-05-19,down,1,3.9377150757369472,-2.717649077129558
OFSS,2026-05-27,down,2,-6.46328314423481,2.9505935668193706
OFSS,2026-06-25,up,2,10.304803290872,3.900099881184005
OFSS,2026-07-01,up,1,4.86689123356534,-1.2535693310921636
OFSS,2026-07-02,up,2,4.160241023096556,-1.6597157965786535
OFSS,2026-07-06,up,4,2.7842435133491383,-1.5561433897980481
OFSS,2026-07-10,up,2,-4.955854530166059,1.8236283371872997
OFSS,2026-07-13,up,3,-3.50344980276196,-0.029165256302987608
OFSS,2026-08-05,up,1,0.3958403791219256,0.3958403791219256
OFSS,2026-08-06,up,2,-0.11837510162986398,-1.845556299788098
OFSS,2026-08-28,up,1,-5.035353910381746,0.6245719990429333
OFSS,2026-08-31,down,1,-6.698685797083814,0.11044573466680863
OIL,2023-10-16,down,3,-3.9047104595575366,-0.420424178531309
OIL,2023-10-17,up,1,-4.847686364991299,2.627252087476273
OIL,2023-10-18,down,1,-10.12965841914102,-2.4893427633084553
OIL,2023-12-19,up,1,8.418481193251948,4.0199234282791485
OIL,2023-12-20,down,1,7.142196676542789,4.060512641247693
OIL,2024-01-15,up,5,0.4166333799047628,1.8132447229705528
OIL,2024-01-16,down,1,-1.1846881050513014,-3.7959442019351863
OIL,2024-01-18,down,3,18.82000111609965,-1.003918617904509
OIL,2024-01-19,up,1,1.165751255251135,3.2326039553440378
OIL,2024-01-23,down,1,-1.9670577325783922,-5.569814989112554
OIL,2024-01-30,down,1,13.360240680562473,2.24811366183042
OIL,2024-02-02,up,1,7.952391322913255,0.19822516751279995
OIL,2024-02-05,down,1,24.577197342963263,2.2013093415689244
OIL,2024-02-06,up,1,20.712671847266172,3.918152786648177
OIL,2024-02-08,down,1,8.510504274476904,-0.17958056834812552
OIL,2024-02-09,up,1,7.759279594846991,-0.5357820425011095
OIL,2024-02-15,up,3,18.571899891354438,7.746927348091037
OIL,2024-02-16,up,4,8.062399025449452,-0.3937575184245423
OIL,2024-02-20,up,6,0.7765054308865205,-1.803790838477759
OIL,2024-03-04,up,3,-5.425251787009866,-0.6712479038956887
OIL,2024-03-06,up,1,-8.000672043157998,-0.9956470718248567
OIL,2024-04-02,down,1,-3.230748086992774,-0.45011236148675415
OIL,2024-04-03,down,2,-1.5395501632412878,0.12927247935017316
OIL,2024-05-21,up,3,-2.666155939494408,1.1383495638676022
OIL,2024-06-03,up,2,3.077204310478865,-1.3893477491016992
OIL,2024-06-28,down,1,15.503943444662326,2.5001436532944066
OIL,2024-07-02,down,1,10.595488562571242,-1.3672914616584153
OIL,2024-07-08,down,1,7.0817786069651945,-1.2845902893673489
OIL,2024-07-11,down,2,16.41761954160257,9.885937917156218
OIL,2024-07-12,up,1,-1.8277346884185919,1.9838654850781179
OIL,2024-08-07,up,1,4.186387122441659,-0.04449495725132868
OIL,2024-08-09,up,1,11.83480073564047,2.3049220051651664
OIL,2024-08-12,down,1,6.549118933902576,2.961331009884627
OIL,2024-08-13,down,2,2.4715098387735113,0.9614683182328942
OIL,2024-08-14,up,1,0.9907076734733344,-4.387022660249141
OIL,2024-08-27,up,9,-8.771968854317514,0.5751046445806374
OIL,2024-08-29,up,11,-22.097964337391762,0.1977338155572328
OIL,2024-08-30,up,12,-24.83221639547647,-3.1219772832565273
OIL,2025-05-12,up,1,6.132005040822297,-0.497512437810943
OIL,2025-05-14,up,1,4.699144532062438,-1.2752481588112818
OIL,2025-05-16,down,1,3.8871447696885886,-0.3688986809854966
OIL,2025-05-20,down,3,2.8119056738558967,-1.1802279735813936
OIL,2025-05-29,up,1,6.2501577694930255,2.0713986007997898
OIL,2025-06-11,up,6,-3.793915221109312,5.440449731265606
OIL,2025-06-12,down,1,-3.697322743753173,2.0538333971169775
OIL,2025-06-16,up,1,-10.346019167248489,-1.738751254670523
OIL,2026-01-14,down,2,8.481819985272775,0.17704727129514986
OIL,2026-01-28,up,2,-3.104796871258675,4.919256595531718
OIL,2026-01-29,up,3,-4.4655850241178126,2.518622956309846
OIL,2026-02-04,up,2,-10.01722158438575,-2.449294337357677
OIL,2026-08-31,down,1,1.7388389364948686,-0.9468282871171407
OIL,2026-09-09,down,3,-3.2168068540318284,0.0185599365684741
OLAELEC,2025-09-01,up,1,19.38567659748136,
OLAELEC,2025-09-02,down,1,-9.154648699449607,
OLAELEC,2025-09-03,up,1,-13.511127263185173,
OLAELEC,2025-09-04,up,2,-20.62463353619468,
OLAELEC,2026-05-27,down,2,13.339552084357798,
OLAELEC,2026-05-29,down,3,10.211162015598774,
OLAELEC,2026-06-03,down,1,0.1754220817703267,
OLAELEC,2026-06-04,up,1,-5.062684916490134,
OLAELEC,2026-06-08,down,2,-8.5889251827444,
OLAELEC,2026-06-09,up,1,-3.3943899334850203,
OLAELEC,2026-07-01,up,1,-18.82634093925718,
OLECTRA,2023-03-09,down,1,8.53780887433706,
OLECTRA,2023-03-10,down,2,-4.408966106454038,
OLECTRA,2023-04-10,up,6,-4.021163046745057,
OLECTRA,2023-04-18,down,2,-2.2821470976012947,
OLECTRA,2023-06-01,down,2,12.968988228172783,
OLECTRA,2023-06-05,up,2,7.047456810848751,
OLECTRA,2023-06-12,up,1,20.06431406468043,
OLECTRA,2023-06-13,up,2,15.587298417581664,
OLECTRA,2023-06-15,down,1,10.342325107413908,
OLECTRA,2023-06-19,down,1,7.389065958777019,
OLECTRA,2023-06-20,up,1,6.535854363343807,
OLECTRA,2023-06-30,up,4,3.873656026009531,
OLECTRA,2023-07-06,up,8,27.18622624419893,
OLECTRA,2023-07-07,down,1,18.996475376136956,
OLECTRA,2023-07-13,up,1,-20.787182872525133,
OLECTRA,2023-09-01,up,1,-3.3636617243711586,
OLECTRA,2023-12-08,up,1,-0.8164249058648876,
OLECTRA,2023-12-13,up,1,5.353738291883747,
OLECTRA,2023-12-15,up,3,4.109664536012936,
OLECTRA,2023-12-29,down,1,7.421582844662744,
OLECTRA,2024-01-01,up,1,4.842771735996676,
OLECTRA,2024-01-05,up,2,19.002611075352792,
OLECTRA,2024-01-08,down,1,13.878474295993271,
OLECTRA,2024-01-10,up,2,12.516532805218382,
OLECTRA,2024-01-11,up,3,4.599859241737758,
OLECTRA,2024-02-01,down,1,10.63361824828637,
OLECTRA,2024-02-05,down,1,7.614980801778026,
OLECTRA,2024-02-07,up,2,3.436141057899045,
OLECTRA,2024-02-09,up,1,9.006273241305118,
OLECTRA,2024-02-12,down,1,3.734263140170735,
OLECTRA,2024-02-19,up,5,-18.649491475524194,
OLECTRA,2024-02-22,up,1,-19.440274516558954,
OLECTRA,2024-07-08,down,1,-9.83507666888206,
OLECTRA,2024-07-09,up,1,-12.700359823779584,
OLECTRA,2024-09-24,up,4,1.1001915170987475,
OLECTRA,2024-10-01,down,3,-5.616394180330353,
OLECTRA,2025-07-24,down,1,9.082887941148154,
OLECTRA,2025-08-13,up,1,2.3761119388298058,
OLECTRA,2025-08-19,up,4,5.877736069631223,
OLECTRA,2025-08-25,up,1,1.7722707841937524,
OLECTRA,2025-09-11,up,7,-5.3899747057979175,
OLECTRA,2025-09-17,up,2,-8.583322757327927,
OLECTRA,2026-04-09,down,1,14.865528729780198,
OLECTRA,2026-04-10,up,1,11.755632318755582,
OLECTRA,2026-04-13,down,1,4.03268211786596,
OLECTRA,2026-04-16,down,1,2.8618963062501113,
OLECTRA,2026-04-28,down,1,6.225252067919684,
OLECTRA,2026-04-29,up,1,3.0138843367621515,
OLECTRA,2026-05-08,down,2,-8.285660361400716,
OLECTRA,2026-06-03,down,1,3.3151354930858634,
OLECTRA,2026-06-18,up,5,1.688254748221385,
OLECTRA,2026-06-19,down,1,-4.110811063535468,
OLECTRA,2026-06-22,up,1,-10.644211987512442,
ONESOURCE,2026-04-23,down,2,12.390523450945047,
ONESOURCE,2026-04-24,down,3,0.9685493444890447,
ONESOURCE,2026-05-18,up,1,-8.72375957570104,
ONGC,2021-09-28,down,1,15.691520300087047,-0.42681363801551075
ONGC,2021-09-29,down,2,13.395409401995817,0.2993346967152588
ONGC,2021-10-01,down,4,9.432669007226146,-1.1662119372832458
ONGC,2022-01-17,up,1,2.234754492808677,1.0637855690773135
ONGC,2022-01-19,down,2,-0.08389629500796802,0.9796623123163428
ONGC,2022-01-28,down,2,-2.301362255107864,-0.1483773509553754
ONGC,2022-11-10,down,2,1.7541668270235178,0.5032375378614118
ONGC,2022-11-15,up,1,0.3123053322539038,0.5587772162566118
ONGC,2023-01-19,down,1,-2.880809545366647,0.6279294900909393
ONGC,2023-03-06,up,2,-7.181460188611966,-1.2857133696698608
ONGC,2023-04-25,up,2,1.6689491887375008,-0.9617542149284564
ONGC,2023-05-02,up,6,1.470396403573071,0.17895124130848927
ONGC,2023-05-09,up,2,-4.409010141350944,-0.5576929984634549
ONGC,2023-05-10,up,3,-7.42982152511652,-0.7365538054378895
ONGC,2023-05-11,down,1,-0.28977918860332297,-0.20075582825320737
ONGC,2023-07-12,down,1,2.2298166107761475,1.0909272292060068
ONGC,2023-07-21,down,1,3.8694579815163888,0.6162084402637102
ONGC,2023-07-24,down,2,3.5756888074248705,0.08437345436560495
ONGC,2023-07-25,up,1,3.4305991388530854,0.4267522206186092
ONGC,2023-07-26,up,2,2.0280735012931483,-0.44011793285892997
ONGC,2023-07-31,up,1,0.18498360963088434,-0.2984471130366928
ONGC,2023-08-02,down,2,-0.8338622961337583,-1.7588115759231915
ONGC,2023-08-10,down,1,1.2290944991951935,-0.3582702170417562
ONGC,2023-09-01,up,1,5.095657375341922,2.8304304286148607
ONGC,2023-09-05,up,3,1.1990084201371598,-0.41672886098093054
ONGC,2023-09-14,up,2,2.2198278239408786,2.139901269152067
ONGC,2023-09-15,up,3,1.056397368556139,-2.1304230277357727
ONGC,2023-11-06,up,3,4.121410459813113,0.9377450998556469
ONGC,2023-11-07,down,1,2.2180565427470267,-0.7536980431812279
ONGC,2023-11-15,up,3,-0.045231470684747865,1.7639077340569909
ONGC,2023-12-04,up,5,2.5184666004218093,-0.02781276314466341
ONGC,2023-12-20,down,1,1.2605713047111111,-0.3998427747191835
ONGC,2024-01-04,up,1,4.853090160745532,1.1217483095101066
ONGC,2024-01-05,up,2,3.19803038044959,0.7035417975991498
ONGC,2024-01-08,down,1,2.2016327084048326,1.1036770172127897
ONGC,2024-01-12,up,4,8.758535786814491,2.6702132367795395
ONGC,2024-01-15,up,5,7.161634785696802,4.018283199460848
ONGC,2024-01-16,down,1,2.2916871108719983,-1.870980642391984
ONGC,2024-01-19,up,1,5.144919147644145,2.0218027373180902
ONGC,2024-01-23,down,1,3.5843240294309187,-5.235727323570128
ONGC,2024-01-29,up,1,11.249168657241103,3.897368995891348
ONGC,2024-01-30,down,1,7.952104320298736,-2.253783076718807
ONGC,2024-02-05,down,1,1.977774860682091,0.2772005546098688
ONGC,2024-02-06,up,1,-0.014934330492688552,2.08239256006324
ONGC,2024-02-07,up,2,-3.2816874178000055,-0.6248953154233572
ONGC,2024-02-15,up,3,0.78395195766221,-0.6779994499012676
ONGC,2024-04-15,down,2,-1.2642857028421939,-1.2107919185434746
ONGC,2024-04-16,down,3,-6.721916638196957,0.5750493552334479
ONGC,2024-07-11,down,2,5.906112999359636,0.7503695361373852
ONGC,2024-07-12,up,1,7.438069751003296,0.9924256980562429
ONGC,2024-07-15,up,2,5.870012314380402,3.2847011465577225
ONGC,2024-07-16,up,3,3.237864170761706,-0.05172277516291013
ONGC,2024-07-18,up,4,1.9930814598191349,1.1426365716828313
ONGC,2024-07-25,down,5,-1.6020950826318603,0.45781065397014764
ONGC,2024-08-01,up,5,0.015311474702350836,-0.9517243260041219
ONGC,2025-10-07,up,4,1.4362520965249592,-0.8794399510496653
ONGC,2025-10-23,up,6,-1.1760279738220247,1.3783856053499521
ONGC,2025-10-24,down,1,0.44548771087888905,0.3590453311132835
ONGC,2026-01-28,up,2,4.893859825777747,7.034548373669525
ONGC,2026-01-29,up,3,1.3475179685384697,1.0670810043702739
ONGC,2026-02-12,down,1,-0.0748057100709687,-3.2808701285986785
ONGC,2026-03-02,down,2,-5.587113003841404,1.0874829392858887
ONGC,2026-04-28,down,1,-3.753708344077822,4.163991162133551
ONGC,2026-04-29,up,1,-2.6527376099564903,0.3250941227917803
PAGEIND,2021-10-11,up,3,3.6883197390820133,-0.185842932154745
PAGEIND,2021-10-13,up,5,1.6553755174260054,-1.8294354996669981
PAGEIND,2021-10-19,down,1,3.17759110250575,-0.10962138460238746
PAGEIND,2021-11-03,down,2,-0.5406485490802249,0.4722774638014071
PAGEIND,2021-11-09,down,1,-4.673774679022136,-0.2699169453133754
PAGEIND,2021-11-10,down,2,-5.163643965053577,-1.5033023518633892
PAGEIND,2021-11-15,up,2,-4.646920531545662,-0.08097900058926522
PAGEIND,2021-11-16,down,1,-2.716682754622235,0.007228197025876959
PAGEIND,2022-10-06,up,2,-8.647180297627877,-1.5485610015646967
PAGEIND,2023-08-11,down,2,-2.1802915478438933,0.9592237324543618
PAGEIND,2023-08-16,up,2,-1.325358534947596,-0.32473987485336364
PAGEIND,2023-09-07,up,5,-5.747702215254491,2.2836127562749553
PAGEIND,2024-05-30,down,5,3.464722618347027,0.7836927070149935
PAGEIND,2024-06-05,up,1,3.738024528183437,-0.22587779710550038
PAGEIND,2024-06-06,up,2,0.6436967750753642,-0.15272041399480019
PAGEIND,2024-06-11,up,1,-1.816372020413326,-0.1425754714042271
PAGEIND,2024-06-20,up,1,-0.16376077806968814,0.13892602226412976
PAGEIND,2024-06-21,down,1,-0.18453655648646983,-0.0504642836744118
PAGEIND,2024-06-24,up,1,0.9268417855002875,0.3006144850887793
PAGEIND,2024-12-02,up,2,0.8267962087181724,-0.6903154046500659
PAGEIND,2024-12-05,up,5,0.17011903529577932,-1.3371117467508742
PAGEIND,2024-12-13,up,1,0.38777761352806195,1.9460952848276758
PAGEIND,2024-12-16,down,1,-0.4937460044875941,0.03208949432891295
PAGEIND,2024-12-17,down,2,-3.18991926752874,-0.9998558573528937
PAGEIND,2025-05-07,up,1,0.9834348533433124,-0.48678093570112546
PAGEIND,2025-05-16,down,1,-3.1549735750677543,0.5213560614535373
PAGEIND,2025-05-19,down,2,-4.871473814499872,0.07746840043925118
PAGEIND,2026-04-17,up,1,-2.777526305659994,1.6617948135049243
PAGEIND,2026-04-20,up,2,-8.79046959844798,-0.15955493596678805
PAGEIND,2026-06-15,up,2,1.5496558356300927,-0.9271650384096719
PAGEIND,2026-06-24,up,1,7.196232277348447,0.04326195111401532
PAGEIND,2026-06-25,up,2,5.7206354632005185,-0.6066027518637718
PAGEIND,2026-07-01,up,1,-5.448298419607001,3.289779476320831
PARADEEP,2024-07-08,down,1,-4.812323792205264,
PARADEEP,2024-07-09,up,1,1.2054863591354215,
PARADEEP,2025-04-16,up,3,4.140060597425443,
PARADEEP,2025-04-17,up,4,5.797663379380347,
PARADEEP,2025-04-22,up,6,8.125100009379004,
PARADEEP,2025-04-23,up,7,10.301804839295482,
PARADEEP,2025-04-24,down,1,-0.27044132151344824,
PARADEEP,2025-04-28,up,1,2.006744799492477,
PARADEEP,2025-04-29,up,2,2.7180028686012436,
PARADEEP,2025-07-21,up,1,11.947290396454147,
PARADEEP,2025-07-23,up,1,11.495589871446832,
PARADEEP,2025-07-29,up,1,10.70196699365098,
PARADEEP,2025-08-26,down,1,-1.2374877355897151,
PARADEEP,2026-08-25,up,1,-3.1310187784246324,
PARADEEP,2026-08-28,up,1,-11.870767230045153,
PATANJALI,2022-04-26,up,1,-5.923379299499809,3.549495075662268
PATANJALI,2022-04-27,down,1,-10.426904375866531,6.166324712003579
PATANJALI,2022-04-28,up,1,3.8155761920388276,-2.1143705698492
PATANJALI,2024-01-09,up,1,-5.439330044225987,3.0150487253463254
PATANJALI,2024-06-28,down,1,1.6789078232350096,2.408588104862597
PATANJALI,2024-07-01,up,1,-0.13173854006833796,8.470112020214348
PATANJALI,2024-07-02,down,1,-4.721451658708831,-2.9792934960432893
PATANJALI,2024-07-26,up,1,5.92956055982099,0.7049271582935779
PATANJALI,2024-07-29,up,2,4.6647376597967805,0.5955349295134971
PATANJALI,2024-08-06,down,3,9.357829839558395,1.8031195211013484
PATANJALI,2024-08-07,up,1,5.262927728701561,0.04226906403410613
PATANJALI,2024-08-08,down,1,3.6652376023738054,-2.1604241232044075
PATANJALI,2024-08-21,up,5,3.3423674153369554,3.1697912084648117
PATANJALI,2024-08-22,up,6,0.3520277018149276,-1.2743079736315832
PATANJALI,2024-08-30,up,12,-11.46836608405729,-0.29543110149502505
PATANJALI,2024-09-02,up,13,-11.46972711572689,-0.3373451301173058
PATANJALI,2024-09-03,up,14,-13.438525097617749,-2.248338015689988
PATANJALI,2024-11-05,up,1,-4.189452268040805,2.594551576149162
PATANJALI,2024-11-07,down,1,-2.4273357826497755,-1.008117324598401
PATANJALI,2025-04-11,up,1,5.615166270125171,1.0121792370765492
PATANJALI,2025-04-15,up,2,-3.3286478770629846,1.3359386160820552
PATANJALI,2025-04-16,up,3,-9.73017750934555,2.8159872189350343
PAYTM,2022-06-27,up,3,10.381323699102186,6.0177148270880165
PAYTM,2022-06-28,up,4,3.4882041715347922,-2.1886319871683435
PAYTM,2022-07-14,down,4,4.899701769317533,0.08372770459681433
PAYTM,2022-07-19,up,3,2.0400231088788745,-0.1138560068758343
PAYTM,2022-07-21,up,5,1.313566170194691,-0.42400158734162696
PAYTM,2022-07-25,down,1,6.825090132765976,-0.0195213592224186
PAYTM,2022-08-02,up,5,8.842662823693859,-0.8364408310233662
PAYTM,2022-08-03,up,6,7.895588577506141,4.064093531429713
PAYTM,2022-08-04,down,1,2.069662704972264,-0.7358944790497146
PAYTM,2022-08-08,up,2,-11.671946258291864,1.1910146238504504
PAYTM,2023-04-10,up,6,0.43532708622475713,0.10921004732435957
PAYTM,2023-05-05,down,1,3.9172986530449316,2.276456938161031
PAYTM,2023-05-08,up,1,0.46527686056976325,3.553337870279427
PAYTM,2023-05-09,up,2,-4.278335647828224,-3.063555718385935
PAYTM,2023-06-08,down,1,13.575955837252106,6.0451168813467016
PAYTM,2023-06-09,down,2,5.490739199014305,3.598044523041888
PAYTM,2023-06-13,up,2,8.08488269286931,1.1971771313747714
PAYTM,2023-06-14,up,3,3.093179006053748,1.3037534568465459
PAYTM,2023-06-15,down,1,-2.0745430436996948,2.7946770978703794
PAYTM,2023-06-16,up,1,-8.797693469993517,-0.9958554473043724
PAYTM,2023-06-19,down,1,-11.777525346821594,-4.319485249788723
PAYTM,2023-08-23,up,3,-6.325294348579447,3.480796222147853
PAYTM,2023-08-24,down,1,-6.970635555816884,-0.18797835197856827
PAYTM,2023-08-25,down,2,-5.494255978006302,-3.5724310381923474
PAYTM,2023-10-12,down,1,-1.4691356909693476,-3.3513402102950063
PAYTM,2023-10-20,down,3,-9.491226646722772,-0.14848615446987345
PAYTM,2024-07-04,up,2,10.588236723094102,-2.4758588720002916
PAYTM,2024-07-05,up,3,17.794744369540382,1.8627819523386213
PAYTM,2024-07-08,down,1,14.467209217858446,7.035444247688116
PAYTM,2024-07-11,down,2,5.546448683281446,-0.4767771675509458
PAYTM,2024-07-26,up,1,9.011672254140679,3.7411585276210024
PAYTM,2024-07-29,up,2,5.31763160690133,-2.071019616778602
PAYTM,2024-08-02,down,1,3.0998828536105805,-1.6743253758251808
PAYTM,2024-08-14,up,1,14.04460418075455,-0.2407746602307137
PAYTM,2024-08-16,up,2,13.16861892033321,2.814386846553152
PAYTM,2024-08-19,up,3,8.581499900455869,0.392924894296498
PAYTM,2024-08-22,up,6,4.10598402176201,-7.093071452255428
PAYTM,2024-08-30,up,12,9.27666318314233,1.8555292833494441
PAYTM,2024-09-09,up,1,10.66905604690469,-0.042371044766309485
PAYTM,2024-09-10,up,2,9.631533646464963,2.0677860696517447
PAYTM,2024-09-18,down,1,2.012478596986167,-2.045459298004648
PAYTM,2024-09-26,up,6,3.47833892548457,0.1745626648131715
PAYTM,2024-10-01,down,3,-5.762300010958599,-3.490273269431343
PAYTM,2024-10-03,down,4,0.6557476211848545,-2.6431186386128513
PAYTM,2024-10-08,up,1,-2.0047285516087476,-1.1425244798367484
PAYTM,2024-10-23,down,3,3.5661965220728176,-2.626744135744985
PAYTM,2024-10-24,down,4,2.854910311565484,-1.3614075664244552
PAYTM,2024-11-06,up,2,6.877005830715888,0.7494205446265667
PAYTM,2024-11-07,down,1,11.500954457443058,-1.4875869409172848
PAYTM,2024-11-08,down,2,10.219180026657849,3.741454460547944
PAYTM,2024-11-22,up,1,9.364300287791272,6.333030658074668
PAYTM,2024-11-25,up,2,2.794625453216204,-2.001397245703329
PAYTM,2024-11-28,down,1,-0.4074435505181606,-1.377032599830319
PAYTM,2024-12-05,up,5,6.008821439023393,0.2968326002276145
PAYTM,2024-12-06,down,1,4.615954666837019,2.212932475319729
PAYTM,2024-12-09,down,2,-1.2001781759550134,-2.229081578237424
PAYTM,2024-12-16,down,1,-2.849208554345317,-0.6951340615690027
PAYTM,2024-12-17,down,2,-11.400011082981587,-0.011318731678167104
PAYTM,2025-04-02,up,1,5.387467407835911,-1.3077664655669063
PAYTM,2025-04-03,down,1,1.6795201980761343,0.6514770089072419
PAYTM,2025-04-16,up,3,6.216120341134634,1.3670626729713309
PAYTM,2025-04-21,up,5,2.414066033469031,-0.2657182504558042
PAYTM,2025-04-22,up,6,1.2747225945896723,-1.3249321670158687
PAYTM,2025-04-24,down,1,-6.016244958060013,-0.04543158817894577
PAYTM,2025-05-30,down,1,-1.1341958851340483,0.16734272173251075
PAYTM,2025-06-02,down,2,-2.4978975664834424,3.0365067159024317
PAYTM,2025-06-03,down,3,-6.029596304169393,-0.3904053467859714
PAYTM,2025-06-05,up,2,-4.532032249259599,-1.4826868419878014
PAYTM,2025-06-09,up,4,-5.108580667997053,-0.482111747473013
PAYTM,2025-07-10,down,2,11.625671561023164,-0.1098718931976328
PAYTM,2025-07-11,down,3,10.739190710678947,-0.6450197527683166
PAYTM,2025-07-14,down,4,9.241235783967273,-0.11814593849113209
PAYTM,2025-07-15,up,1,6.732762174352236,-0.16747917492930808
PAYTM,2025-07-16,up,2,4.603016290909179,0.31857240175887647
PAYTM,2025-07-21,up,1,10.067822526252069,0.2578561691886083
PAYTM,2025-07-22,down,1,9.097196348166193,5.33724178072561
PAYTM,2025-07-23,up,1,8.420163334272047,-0.028161081385524867
PAYTM,2025-07-24,down,1,2.517714458012965,0.5075631941303671
PAYTM,2025-08-11,up,1,9.859488629887236,0.8822289374841752
PAYTM,2025-08-12,down,1,7.973403000209145,1.263593536741081
PAYTM,2025-08-13,up,1,7.403120942109442,1.6484479013384012
PAYTM,2025-08-19,up,4,7.994152978001745,2.520254666012822
PAYTM,2025-08-20,up,5,3.9314553652497253,0.6803162150124997
PAYTM,2025-08-22,down,1,2.191531481168396,0.739920874130573
PAYTM,2025-08-25,up,1,0.3201241872315741,-0.6298974042935335
PAYTM,2025-10-20,up,4,0.6919407244190934,-0.040029736375579716
PAYTM,2025-11-06,down,2,-2.783026643440323,-1.1365537255167202
PAYTM,2025-11-07,down,3,-1.4822478370596692,-0.034991413833107554
PAYTM,2026-07-09,up,1,5.748173164086712,0.7008326526469988
PAYTM,2026-07-10,up,2,5.081265964410719,4.22058545390549
PAYTM,2026-07-13,up,3,3.2365764994014556,0.8570100198053154
PAYTM,2026-07-15,up,1,0.3996744035513533,-1.238050781754807
PAYTM,2026-08-03,up,4,14.020461034650666,3.3605104281347886
PAYTM,2026-08-06,up,2,9.23207769785428,-1.7180177540485286
PAYTM,2026-08-10,up,1,12.455877515471636,8.638036266083082
PAYTM,2026-08-11,down,1,2.677105557604542,-0.7963030532744386
PAYTM,2026-08-13,down,3,4.241277569905333,-0.2366103081884674
PAYTM,2026-08-25,up,1,8.500693121138658,2.834044114456402
PAYTM,2026-08-26,down,1,1.442728152022199,-0.358508712892891
PAYTM,2026-09-09,down,3,3.821936846519791,0.5191643050675765
PAYTM,2026-09-11,down,1,1.2618399363838462,2.28011542177764
PCBL,2023-11-23,down,1,5.671641791044779,
PCBL,2023-11-29,up,2,-8.80174181472242,
PCBL,2023-11-30,up,3,-9.478217370333885,
PCBL,2023-12-05,up,6,-9.260871624570521,
PCBL,2024-01-18,down,3,1.144607952925969,
PCBL,2024-01-23,down,1,-7.476305359312551,
PCBL,2024-01-29,up,1,-3.9687050000789537,
PCBL,2024-01-30,down,1,-6.288110157039039,
PCBL,2024-02-08,down,1,-15.36519064622668,
PCBL,2024-07-26,up,1,11.024712473608854,
PCBL,2024-07-29,up,2,15.42621544568652,
PCBL,2024-07-30,up,3,14.109561994780218,
PCBL,2024-08-01,up,5,29.067860338971663,
PCBL,2024-08-02,down,1,23.202778523889368,
PCBL,2024-08-05,down,2,16.653574234092705,
PCBL,2024-08-06,down,3,11.686467348539487,
PCBL,2024-08-19,up,3,5.581416135613693,
PCBL,2024-08-20,up,4,17.309309554796172,
PCBL,2024-08-21,up,5,14.450736227715598,
PCBL,2024-08-22,up,6,7.23223462177367,
PCBL,2024-08-23,up,7,5.9872405118507555,
PCBL,2024-09-03,up,14,3.5943087008853736,
PCBL,2024-09-04,down,1,3.3212889486284425,
PCBL,2024-09-17,up,2,9.567655043927381,
PCBL,2024-09-18,down,1,8.440453701368389,
PCBL,2024-09-25,up,5,5.028868923756047,
PCBL,2024-09-26,up,6,-8.311650516768198,
PCBL,2024-09-27,down,1,-8.81359403583698,
PCBL,2024-09-30,down,2,-24.65194580967942,
PCBL,2024-12-17,down,2,-15.908434156112827,
PCBL,2026-04-23,down,2,5.285538121359035,
PERSISTENT,2021-10-08,up,2,9.341110777965135,4.874789921300771
PERSISTENT,2021-10-14,up,6,0.3620525741311109,3.929902607307967
PERSISTENT,2021-10-19,down,1,-3.647260311206202,-2.608171264887682
PERSISTENT,2021-11-10,down,2,1.4293823733130706,-0.9932327509160732
PERSISTENT,2021-12-13,down,2,7.934224196042594,-0.20134297633667142
PERSISTENT,2021-12-17,down,1,4.970762364847925,1.9027668674173048
PERSISTENT,2021-12-24,down,1,0.7273976867167242,-3.2006922104032665
PERSISTENT,2021-12-30,down,2,-11.761349273609378,0.9548896321081468
PERSISTENT,2021-12-31,up,1,-11.930059626635325,1.140388592019348
PERSISTENT,2022-01-03,up,2,-17.84933399310552,-1.4066722226431128
PERSISTENT,2022-03-21,down,1,1.353823637028917,-3.1844072720917826
PERSISTENT,2022-03-25,down,3,5.188042482480104,0.3562810109399406
PERSISTENT,2022-03-29,up,2,3.562226877732866,0.5885205496443335
PERSISTENT,2022-03-30,up,3,1.9221499361392613,-0.6841184782484744
PERSISTENT,2022-03-31,down,1,1.060849896228433,-1.5254519569113723
PERSISTENT,2022-04-05,down,1,-12.057152139941307,-0.0076540375047673415
PERSISTENT,2022-08-17,up,7,-15.146514921083288,-1.9518022051794426
PERSISTENT,2022-08-18,up,8,-12.642479710116927,-1.0638914097043761
PERSISTENT,2022-08-19,down,1,-12.550873058766921,-4.447150716092397
PERSISTENT,2022-10-18,up,3,3.426949098917076,-0.038353293251425224
PERSISTENT,2022-10-24,up,7,1.7019447313532998,-0.6308937884304866
PERSISTENT,2022-10-25,down,1,-0.07144867004735822,1.5137080554673554
PERSISTENT,2022-11-30,up,7,-4.63304196158687,1.9194459728901325
PERSISTENT,2022-12-01,up,8,-6.693761509521535,3.2707984526075373
PERSISTENT,2023-01-20,down,2,12.211264908364928,0.7119614643007699
PERSISTENT,2023-01-23,up,1,10.102127266061167,4.659096446787991
PERSISTENT,2023-01-27,down,3,2.5726049739284385,-2.411021814006886
PERSISTENT,2023-01-31,up,2,2.0275858189128915,-0.5821054134217296
PERSISTENT,2023-02-02,down,2,6.061601964645091,1.4091471469772632
PERSISTENT,2023-02-06,down,1,3.0455294046848547,-1.5153365740853797
PERSISTENT,2023-02-16,up,3,1.7548581272928576,-1.3809778443640175
PERSISTENT,2023-02-20,down,2,-9.50399035257079,1.5137983154399182
PERSISTENT,2023-02-21,down,3,-11.63320190631728,-4.1885762551325705
PERSISTENT,2023-05-18,down,3,4.196510130201725,-1.0969250134867825
PERSISTENT,2023-05-19,up,1,4.314445869508132,0.4413022613993123
PERSISTENT,2023-05-22,up,2,3.4238569268140617,2.4290313140181485
PERSISTENT,2023-05-23,up,3,0.14599822273062557,-2.88360422854822
PERSISTENT,2023-05-26,up,2,-3.1774018447792374,0.23762471675667918
PERSISTENT,2023-06-01,down,2,-6.0916367321579905,0.27382467507426345
PERSISTENT,2023-06-02,up,1,-8.076420480633729,0.7842923433209137
PERSISTENT,2023-08-21,up,1,1.8895561256219162,0.29254120024877484
PERSISTENT,2023-08-22,up,2,1.2245091236383843,-0.41546636087025357
PERSISTENT,2023-08-24,down,1,1.6568046752790666,-0.027051503710739944
PERSISTENT,2023-08-25,down,2,0.21848194155109635,-0.4762528456142223
PERSISTENT,2023-08-31,down,1,11.927862565178927,1.4159969383850113
PERSISTENT,2023-09-01,up,1,9.217409477491989,2.7694028466460408
PERSISTENT,2023-09-04,up,2,4.611609850013765,3.557292966626613
PERSISTENT,2023-09-05,up,3,0.16812154207412888,1.6469377251672856
PERSISTENT,2023-09-06,up,4,-3.889956699275632,-0.49165549796909014
PERSISTENT,2023-09-11,up,7,-5.562265830994617,-0.6576067770211469
PERSISTENT,2023-10-31,down,1,6.764201933947556,-0.019874591730939528
PERSISTENT,2023-11-01,down,2,2.3728149198563697,0.4654148611779929
PERSISTENT,2023-11-03,up,2,0.12200300497908767,-0.10140380898057133
PERSISTENT,2023-11-15,up,3,-1.0877998308112646,-1.3841186361190028
PERSISTENT,2023-11-17,down,1,1.3036487301055333,-0.5285536131540036
PERSISTENT,2023-11-21,up,1,-0.16455925517910863,-1.2016892838368487
PERSISTENT,2023-11-22,up,2,3.789141347512759,0.08957349335290132
PERSISTENT,2023-12-14,up,2,10.944237990310057,2.9966678782294975
PERSISTENT,2023-12-15,up,3,7.209185117325356,4.2300902777873794
PERSISTENT,2023-12-22,up,2,2.928481872755073,0.17141749782891846
PERSISTENT,2023-12-28,up,5,1.6822269697496228,-0.12426459081711361
PERSISTENT,2024-01-12,up,4,9.233665627465303,2.691074476089095
PERSISTENT,2024-01-15,up,5,6.048287590255619,-1.0756492758278502
PERSISTENT,2024-01-23,down,1,8.39669924319617,5.641199816341813
PERSISTENT,2024-01-30,down,1,1.28214757697247,-4.852187384568019
PERSISTENT,2024-02-16,up,4,-6.624247024616048,0.92163156361591
PERSISTENT,2024-06-21,down,1,7.855927259773088,0.1890711366542952
PERSISTENT,2024-06-28,down,1,15.23447357553016,2.9637227437278257
PERSISTENT,2024-07-01,up,1,10.321203837144521,4.402143309125339
PERSISTENT,2024-07-03,up,1,5.06317774325562,1.0537999506202045
PERSISTENT,2024-07-04,up,2,3.5152206429713395,2.6831829661609907
PERSISTENT,2024-07-05,up,3,0.5163259333584413,-0.08361961855636313
PERSISTENT,2024-07-12,up,1,-6.844629961149362,0.10413507111104447
PERSISTENT,2024-07-31,up,4,0.36861124951907964,-1.2462676404385253
PERSISTENT,2024-08-29,up,11,3.725266790889359,-0.07445231287005472
PERSISTENT,2024-08-30,up,12,4.574960652094662,1.8302634352752811
PERSISTENT,2024-09-03,up,14,1.749317926496552,-0.881741154875515
PERSISTENT,2024-09-11,down,1,-2.0442056028090905,-0.18313413171346937
PERSISTENT,2024-09-20,up,2,3.3949662503356848,-2.0300191839470405
PERSISTENT,2024-09-27,down,1,-4.1514399804945645,-1.0034577433040481
PERSISTENT,2024-10-15,down,1,0.9106005616589918,-0.65544373121047
PERSISTENT,2024-11-26,down,1,6.167499440016178,-0.13025179613116444
PERSISTENT,2024-12-04,up,4,4.391942885725708,0.8589353463954286
PERSISTENT,2024-12-05,up,5,3.8459360500278317,-0.3330406027141075
PERSISTENT,2024-12-06,down,1,2.696506045832159,0.0009679107309867874
PERSISTENT,2024-12-09,down,2,7.304066273570875,-0.3086024947738575
PERSISTENT,2024-12-10,down,3,5.800559552283424,0.7881001390791731
PERSISTENT,2024-12-12,down,1,4.034574031658278,0.07298659722361212
PERSISTENT,2024-12-17,down,2,1.8487224086241483,-0.1991811662739429
PERSISTENT,2024-12-19,down,4,0.116368216707885,1.7800191101488227
PERSISTENT,2024-12-20,down,5,-1.4197885937536237,-4.754711036895365
PERSISTENT,2025-05-12,up,1,-2.4679462115759776,5.237068365657738
PERSISTENT,2025-06-17,down,1,-4.872332552115443,-0.25081205542534235
PERSISTENT,2025-10-23,up,6,2.4060584449765,-0.7708912376046317
PERSISTENT,2025-11-11,up,2,5.322224139900489,0.8115114055998074
PERSISTENT,2025-11-12,up,3,4.049289973971226,1.0675101314619129
PERSISTENT,2025-11-19,up,1,-2.9426467211272067,1.601764035694142
PERSISTENT,2025-11-20,up,2,-2.662656443421474,-0.7720778008412532
PERSISTENT,2025-11-27,up,2,-2.1696930426061467,-0.2884898622115384
PERSISTENT,2025-12-04,up,1,0.8157729414059789,-0.8815140106813835
PERSISTENT,2026-04-15,up,1,-9.651958824931627,0.43424528557340913
PERSISTENT,2026-06-02,up,1,-12.469301365127794,-2.633069646311903
PERSISTENT,2026-07-27,up,1,4.57345722252207,0.1764870060017909
PERSISTENT,2026-07-28,down,1,1.4219100210158153,2.687236210440469
PERSISTENT,2026-07-29,up,1,-0.5877232152925238,-1.069452290902695
PERSISTENT,2026-07-30,up,2,1.0157656875757315,-2.8172753104668047
PERSISTENT,2026-08-20,up,1,4.045050178492615,0.6801889812307227
PERSISTENT,2026-08-28,up,1,-5.450911381954837,1.7706228681918068
PETRONET,2023-12-15,up,3,2.9272215186784356,-0.2661113039453822
PETRONET,2023-12-18,down,1,2.3559340373791926,-0.10631112913055407
PETRONET,2023-12-28,up,5,9.409464603669072,2.030476197311293
PETRONET,2023-12-29,down,1,6.7701432079834145,-0.8753445550177319
PETRONET,2024-01-01,up,1,6.035926601474051,0.14259326539243222
PETRONET,2024-01-02,down,1,4.505892119400934,-0.8238214306725777
PETRONET,2024-01-04,up,1,3.9152052555666117,0.7354558094378572
PETRONET,2024-01-05,up,2,2.7094865587657946,-2.207911902651849
PETRONET,2024-01-10,up,2,2.1607075039540957,-0.11472487231991568
PETRONET,2024-01-16,down,1,1.2732932575437284,-0.9191331478202169
PETRONET,2024-01-19,up,1,19.99801251885318,7.436239361710029
PETRONET,2024-01-23,down,1,17.94090522752947,6.30520865062445
PETRONET,2024-01-30,down,1,8.507409332700156,0.32451796887829065
PETRONET,2024-02-06,up,1,-1.6164938186349898,2.0901553492489455
PETRONET,2024-02-23,down,1,1.329338541035252,-0.9498819088853194
PETRONET,2024-03-04,up,3,-9.191068877067943,1.2239838867944108
PETRONET,2024-04-18,down,4,-2.5652252875465464,-6.2429008201957075
PETRONET,2024-05-02,up,1,-4.664912645717479,0.5170227294898133
PETRONET,2024-06-25,up,2,-0.11946347290900938,-3.5521499201607742
PETRONET,2024-07-02,down,1,3.726859597180021,0.1694936729770946
PETRONET,2024-07-11,down,2,2.0994715269647024,-0.555875230017433
PETRONET,2024-07-15,up,2,3.5203011483444735,2.3018998002652724
PETRONET,2024-07-16,up,3,3.091611646974224,-0.2705356124643066
PETRONET,2024-07-24,down,4,1.9078902335869952,-3.616141050610422
PETRONET,2024-07-25,down,5,2.9872231084604683,2.293052005715701
PETRONET,2024-07-26,up,1,1.0711645379436474,0.32739763026325974
PETRONET,2024-08-19,up,3,-9.120536238299358,-0.4312834136194543
PETRONET,2024-08-21,up,5,-12.576972932053632,-1.0708588434963917
PETRONET,2026-05-05,down,1,-1.3076168865297277,0.3478162801864748
PFC,2021-10-14,up,6,-4.609469603640093,2.7648610158215403
PFC,2022-11-25,up,4,8.68733110803781,4.286261002678926
PFC,2022-11-28,up,5,0.6286616577535931,-1.9143036127834079
PFC,2022-12-05,up,1,1.1406784106668733,-1.850807027324819
PFC,2022-12-07,down,2,-6.923860735762288,0.8442498531169296
PFC,2022-12-08,up,1,-3.832788240818774,1.1353888056900852
PFC,2022-12-09,down,1,-3.072628616224893,-2.385928349104205
PFC,2022-12-14,up,3,1.399067932249376,-0.7007151704251036
PFC,2023-01-03,up,2,-1.2906234891738255,3.765460251150432
PFC,2023-01-06,down,3,-14.509732065053893,0.19522422916651294
PFC,2023-01-09,up,1,-12.471222711834319,-0.9925492196085739
PFC,2023-04-28,up,5,-1.6215032891719439,1.2180531397058214
PFC,2023-05-02,up,6,-3.155975293003943,1.6350996421384822
PFC,2023-05-04,up,1,-3.192905649131772,-1.036586750769486
PFC,2023-05-31,down,1,4.3228619709823946,-0.30579365409069137
PFC,2023-06-02,up,1,9.376991191459716,3.6416683433671437
PFC,2023-06-05,up,2,5.311139323534819,1.2737367914215758
PFC,2023-06-08,down,1,1.8452051267102032,-0.24561124977366955
PFC,2023-06-12,up,1,1.721965001091208,1.0236954882890226
PFC,2023-06-13,up,2,-0.03185440152155827,0.18871799749418106
PFC,2023-06-21,up,2,5.973797876568332,1.667699051064342
PFC,2023-06-28,up,3,6.217380624649649,3.3060250682769965
PFC,2023-07-03,up,5,8.312019004695848,-0.6782162236331768
PFC,2023-07-05,up,7,6.593935063353884,-0.7420377997836791
PFC,2023-07-06,up,8,5.860758527345888,-1.314370977131385
PFC,2023-07-11,up,2,5.253566331266324,-0.03654993071270374
PFC,2023-07-24,down,2,9.413859857614204,4.4905625233267354
PFC,2023-07-27,down,1,8.598108163728945,3.4907243400842836
PFC,2023-07-28,down,2,4.065212266248031,-0.1660285916893156
PFC,2023-07-31,up,1,2.065112041228301,0.26745292423824285
PFC,2023-08-07,up,2,1.6291741424225403,1.6291741424225403
PFC,2023-08-08,down,1,1.322088084388584,0.24518483295405957
PFC,2023-09-08,up,6,12.762593365130748,11.401084999314094
PFC,2023-09-11,up,7,1.176258473093439,0.11849719600980357
PFC,2023-09-27,up,1,0.3120770098066883,0.5940209845839428
PFC,2023-10-16,down,3,0.339785961186001,-1.1011490694308401
PFC,2023-11-09,down,1,14.875217661837636,3.238266998346395
PFC,2023-11-10,up,1,15.022037761282725,5.355575065847251
PFC,2023-11-13,up,2,11.677681805698459,6.425300471737305
PFC,2023-11-20,down,2,13.612677025928232,1.6182435446623122
PFC,2023-11-21,up,1,11.623142015417365,-2.178814070966195
PFC,2023-11-30,up,3,27.259398400730195,2.5798878815651127
PFC,2023-12-01,up,4,24.080260278200647,12.372358458998445
PFC,2023-12-04,up,5,13.9409456866052,0.7585916810503246
PFC,2023-12-08,up,1,8.198372517380314,-0.9848909426521169
PFC,2023-12-11,up,2,7.422950416652285,-0.33197364185575395
PFC,2024-01-08,down,1,-0.3758712549720711,-0.400200976417564
PFC,2024-01-29,up,1,-0.3009571876547379,4.057914648439009
PFC,2024-01-30,down,1,-5.456551670266663,-1.862085324665752
PFC,2024-02-02,up,1,-9.445502751352674,-0.2562730635247812
PFC,2024-02-05,down,1,-11.288624654187062,-0.5406364077836678
PFC,2024-02-07,up,2,-16.56357609155513,0.8841716513303011
PFC,2024-02-08,down,1,-15.150779955995574,-1.958603235388956
PFC,2024-05-23,up,5,17.106448026375798,-0.8985606378554389
PFC,2024-05-24,down,1,16.218902915521085,4.5299816705944185
PFC,2024-05-27,down,2,10.540607848535943,3.108806453262014
PFC,2024-05-29,down,4,5.896758445343475,-2.6543835698879636
PFC,2024-06-03,up,2,-8.211391838669513,3.4021367910040956
PFC,2024-07-03,up,1,6.859724925832089,4.342517572981652
PFC,2024-07-04,up,2,2.581326839781406,-0.3575651979203842
PFC,2024-07-08,down,1,1.3199285275378614,0.9180805472408515
PFC,2024-07-10,down,1,-3.501700859536605,0.5868336896913462
PFC,2024-07-11,down,2,-7.7375612370488405,0.5543109431834559
PFC,2024-07-12,up,1,-13.633297716975745,-2.7344913032155693
PFC,2024-09-05,down,2,-14.90570950047636,-1.7018835939068944
PFC,2024-12-04,up,4,-8.786926275920326,0.802016635690106
PFC,2024-12-06,down,1,-15.181206065394848,-0.8248889415643723
PFC,2026-02-09,up,2,-3.8584389885996773,-1.5389261968854595
PFC,2026-04-20,up,2,-6.141381982980287,0.9507231852931897
PFC,2026-04-21,up,3,-6.611724931096951,-1.7957376517588997
PFC,2026-04-28,down,1,-10.811286759622407,-0.9129716760664208
PFOCUS,2025-12-18,down,4,5.133153757392939,
PFOCUS,2025-12-19,up,1,9.841880519067892,
PFOCUS,2025-12-22,up,2,7.372167492489257,
PFOCUS,2025-12-23,up,3,6.1711090918501466,
PFOCUS,2025-12-24,down,1,-0.9608070140369351,
PFOCUS,2025-12-26,down,2,-11.799076068007185,
PFOCUS,2026-01-13,down,1,3.0777359809581517,
PFOCUS,2026-02-09,up,2,-2.3243830389884312,
PFOCUS,2026-02-19,down,1,-12.27083343316593,
PFOCUS,2026-04-06,up,3,-11.368974945204457,
PFOCUS,2026-04-17,up,1,-19.15076090105703,
PGEL,2024-09-25,up,5,-6.355571588671216,3.932494254950192
PGEL,2024-12-03,up,3,12.691463545880556,-2.160931066879568
PGEL,2024-12-04,up,4,11.834271266617758,0.8726857515700237
PGEL,2024-12-05,up,5,9.367231634919616,0.9509302797595653
PGEL,2024-12-09,down,2,10.544246982417471,4.266546057590848
PGEL,2024-12-10,down,3,6.0453532098772245,-0.497512437810943
PGEL,2024-12-13,up,1,14.195208065239173,6.92907117050896
PGEL,2024-12-16,down,1,2.2954482571403423,5.871482044134013
PGEL,2024-12-31,down,2,-21.30124527440995,-4.012811311450582
PGEL,2025-01-01,up,1,-26.800820798730072,-0.01355092243063849
PGEL,2025-01-06,down,2,-30.276223879921695,-3.186768858410638
PGEL,2025-03-20,up,4,3.9610689720795067,0.5899464426501355
PGEL,2025-03-21,up,5,2.4726288798171847,0.5369734614208088
PGEL,2025-03-24,up,6,-0.07943475897820296,-1.192569130613974
PGEL,2025-03-27,up,1,-1.1181100733339444,-1.738707708856957
PGEL,2026-01-05,down,1,-12.195560141617278,3.054982536002604
PGEL,2026-07-07,down,1,6.711694069725849,-1.391146548265787
PGEL,2026-07-13,up,3,3.9294716002880925,-1.183732403740334
PGEL,2026-07-16,down,1,-0.6197513660200049,1.4175641041312748
PGEL,2026-08-07,down,1,-7.836316349330408,-0.7728157630818133
PHOENIXLTD,2024-02-20,up,6,-9.155853130228087,-0.8343070072730052
PHOENIXLTD,2024-02-21,down,1,-8.869145702069236,-0.40971444410731195
PHOENIXLTD,2024-03-12,up,1,-2.4615878740914754,-3.0706592703901303
PHOENIXLTD,2024-04-08,up,1,2.845837405867435,-0.8371113714702783
PHOENIXLTD,2024-04-10,up,1,3.053128848018294,2.119451502254033
PHOENIXLTD,2024-04-12,down,1,-3.7301792936192957,-4.540775307061018
PHOENIXLTD,2024-04-16,down,3,-10.439839021453235,-0.6971527340407735
PHOENIXLTD,2024-04-18,down,4,-10.485820631059307,-2.904543191901443
PHOENIXLTD,2024-06-03,up,2,14.129606863528554,0.9439019507884394
PHOENIXLTD,2024-06-12,up,2,10.24906057503603,0.5442528941074665
PHOENIXLTD,2024-06-13,up,3,8.813507879633885,-1.755951487174634
PHOENIXLTD,2024-06-14,up,4,6.395280099604439,1.0282405175993992
PHOENIXLTD,2024-06-18,up,5,11.422024850538692,3.4050886042665818
PHOENIXLTD,2024-07-08,down,1,-5.900205898145206,-1.0253770933132622
PHOENIXLTD,2024-07-09,up,1,-6.765775620501291,6.55657324416028
PHOENIXLTD,2024-07-18,up,4,-21.184512935975764,-0.8130850990230587
PHOENIXLTD,2024-12-04,up,4,5.368379340907659,0.6671837302021144
PHOENIXLTD,2024-12-10,down,3,-13.033843369955777,1.8066967465170114
PHOENIXLTD,2025-09-17,up,2,-2.088612510979626,-0.47907963810197574
PHOENIXLTD,2025-11-03,up,1,0.004905892584394778,0.824953838703335
PHOENIXLTD,2025-11-04,down,1,-1.0791699181800785,-0.17562860092978916
PHOENIXLTD,2026-04-21,up,3,0.9070981231662278,-0.8541521781772032
PHOENIXLTD,2026-06-25,up,2,4.49288470702589,-1.9521805127039715
PHOENIXLTD,2026-07-03,up,3,-1.219687730253316,1.693565108609807
PHOENIXLTD,2026-07-06,up,4,-2.874092738615708,2.405594267870814
PHOENIXLTD,2026-07-07,down,1,-4.951167149527369,-3.8236602083127624
PHOENIXLTD,2026-07-10,up,2,-11.749628112094134,-0.2364810703430309
PHOENIXLTD,2026-07-13,up,3,-9.480054358269141,-0.7753230126704702
PIDILITIND,2021-12-28,up,2,5.432882516560089,0.8654281651769846
PIDILITIND,2022-01-04,up,3,8.875068257422214,4.007881491372989
PIDILITIND,2022-01-05,up,4,3.9271504861836615,-0.173151500407831
PIDILITIND,2022-01-07,up,1,-8.178865252998701,2.418037535836981
PIDILITIND,2022-08-17,up,7,4.760380972528866,1.0291555811702269
PIDILITIND,2022-08-30,up,1,2.239139657994005,-0.7514100795336653
PIDILITIND,2022-09-01,down,1,1.2189136315836402,1.9393457772833855
PIDILITIND,2022-09-02,down,2,1.0393856036079452,1.2277607010946712
PIDILITIND,2022-09-15,down,2,-8.485204455915586,-0.22254874161146132
PIDILITIND,2023-05-11,down,1,3.6723784346331945,0.8748586433683814
PIDILITIND,2023-05-12,up,1,-0.06666077983865648,-0.0338115248997517
PIDILITIND,2023-05-31,down,1,2.0330210750470368,-0.0009549183067281142
PIDILITIND,2023-06-01,down,2,0.17123676247472464,0.7886864333169319
PIDILITIND,2023-12-27,up,4,2.389173535308542,0.9838829117008396
PIDILITIND,2023-12-29,down,1,-1.8036550121650619,0.001201896997815588
PIDILITIND,2024-01-03,down,2,-6.4038533912276545,0.3841882062092683
PIDILITIND,2024-03-06,up,1,6.371486788781278,1.8795995518849473
PIDILITIND,2024-03-07,up,2,3.7103250527731113,0.7287506131315347
PIDILITIND,2024-03-26,down,1,-5.143658571588361,1.5733899802358176
PIDILITIND,2024-03-27,up,1,-4.196683128949563,-0.9008166486554336
PIDILITIND,2024-04-01,up,3,-3.3443766282784226,-0.030679913869724462
PIDILITIND,2024-06-05,up,1,2.329893081514567,1.264374923043965
PIDILITIND,2024-09-13,down,1,1.3726439789777611,0.0630848967872355
PIDILITIND,2024-09-27,down,1,-5.799731453808699,1.0856853528813604
PIDILITIND,2024-09-30,down,2,-7.672734054933006,-0.005981003047350608
PIDILITIND,2025-04-08,up,1,3.26275598750434,-0.26100852876945746
PIDILITIND,2026-05-25,up,2,0.34843527420798104,-1.6032501246371789
PIDILITIND,2026-06-15,up,2,3.8824170760456855,1.6220125363201499
PIDILITIND,2026-06-19,down,1,-0.8925159224748791,-0.9364017969384131
PIDILITIND,2026-06-25,up,2,-2.563097239903034,-0.5970645495337878
PIDILITIND,2026-08-06,up,2,1.683773325564375,0.10010010010010895
PIDILITIND,2026-08-12,down,2,-3.4122570082991577,0.3934298719480589
PIIND,2022-11-09,down,1,3.5536763744291378,7.46849571416448
PIIND,2023-04-28,up,5,2.8517862038135,4.462113110460164
PIIND,2023-05-04,up,1,-1.9129207741349519,-1.5306872719046072
PIIND,2023-05-09,up,2,-0.7547762309195405,-1.0935027046096613
PIIND,2023-05-26,up,2,3.771799848167623,0.6128512906022232
PIIND,2023-05-31,down,1,1.1249423630632194,2.7600822172750172
PIIND,2023-06-07,up,4,1.955334760339933,1.6060965762873858
PIIND,2023-06-08,down,1,0.5464846892666353,-4.3183218574515125
PIIND,2023-06-15,down,1,3.1602050797732817,0.49969126507170003
PIIND,2023-06-16,up,1,2.1418799086520224,1.0233833056386477
PIIND,2023-06-21,up,2,-8.810535869260827,0.923139868902223
PIIND,2023-11-17,down,1,0.013437790237769143,-0.8301631718380498
PIIND,2023-11-24,down,2,0.39283091958264293,-0.9578067894731923
PIIND,2023-12-04,up,5,-10.134047250501798,0.6479897737893481
PIIND,2023-12-05,up,6,-10.9659754941969,-1.8743682459491207
PIIND,2024-03-28,up,2,1.5987609957401228,-0.25375956730014915
PIIND,2024-04-02,down,1,0.8730395023843096,-1.757245988196554
PIIND,2024-04-08,up,1,-8.004419185339163,1.6388360085839215
PIIND,2024-04-09,down,1,-10.030739570240389,-3.528822509203988
PIIND,2024-06-27,up,4,0.4962104814977497,-0.26338893766461036
PIIND,2024-07-22,down,2,6.561861357562693,1.8252157493230392
PIIND,2024-07-23,down,3,3.8211719181868498,-0.6616200333587341
PIIND,2024-07-26,up,1,6.007185216664213,3.179000627244166
PIIND,2024-07-29,up,2,2.164465370383839,3.882060807600407
PIIND,2024-07-31,up,4,-0.651394918635706,-0.2436414473826698
PIIND,2024-08-08,down,1,0.13509960783044672,2.4639220063698453
PIIND,2024-08-09,up,1,0.11153239639716261,-1.9222547120168243
PIIND,2024-09-02,up,13,1.3993596001074193,1.3268298039511572
PIIND,2024-09-10,up,2,1.0053925737858904,0.20803849966914978
PIIND,2024-09-11,down,1,-1.3557992781783268,-1.4891527822755823
PIIND,2024-09-20,up,2,-4.355958339880617,-0.5456996584344953
PIIND,2025-05-28,down,2,3.0156565456209705,0.8024131067538187
PIIND,2025-05-29,up,1,2.213384534716467,-0.16541091840279742
PIIND,2025-06-04,up,1,5.251802213422696,0.39090262970862266
PIIND,2025-06-16,up,1,5.043898754205323,1.6337986282783046
PIIND,2025-06-17,down,1,1.0691038290311372,-1.1603967113099523
PIIND,2025-06-25,up,2,0.4648055021758912,-1.1611783862962466
PINELABS,2026-08-27,down,2,17.894960748955512,
PINELABS,2026-09-11,down,1,4.576162718515797,
PNB,2021-10-04,up,1,-0.497512437810943,-0.9799505814912068
PNB,2021-10-05,up,2,-1.0969250134867714,-0.9770443276136187
PNB,2021-10-13,up,5,-1.4508333205324297,-0.37834960035617593
PNB,2021-10-18,up,7,-3.6433809050701482,9.289619089322043
PNB,2022-08-25,down,1,6.671254520002812,1.7964908009554081
PNB,2022-08-26,up,1,2.5344257529895886,-3.942889576591113
PNB,2022-09-06,down,1,6.31772643631161,0.5929299417403611
PNB,2022-09-07,down,2,3.4825870646766344,0.6965194373186323
PNB,2022-09-08,up,1,-5.610290376148274,0.9445505699525292
PNB,2022-09-09,up,2,-6.958712928862177,1.828523682571337
PNB,2022-09-12,up,3,-10.92516676991453,1.1357393610858857
PNB,2022-09-13,up,4,-10.003329622377777,-4.201079042497802
PNB,2022-09-19,up,1,-12.935319894372476,-0.4975124378109319
PNB,2022-09-20,up,2,-12.649568177043024,-2.0616331526588594
PNB,2022-10-28,up,2,1.6508384507902596,-1.402083957211453
PNB,2022-11-09,down,1,1.8345754596258201,-0.053303201969057135
PNB,2022-11-18,down,2,8.911958628858097,-0.9301335992633608
PNB,2022-11-21,down,3,7.279443577724898,1.952758035079638
PNB,2022-11-22,up,1,11.576009762140727,1.063719086514725
PNB,2022-11-23,up,2,10.192830854621304,3.9225312351464092
PNB,2022-11-24,up,3,12.795548843621486,0.6754018827949793
PNB,2022-11-25,up,4,12.13463911524888,5.62421809748721
PNB,2022-12-06,down,1,3.1678966905833716,-0.22931576248348406
PNB,2022-12-08,up,1,-7.784524734633935,1.4977450263527148
PNB,2022-12-09,down,1,-3.073072910257646,-2.5579621257661
PNB,2022-12-13,up,2,-3.1777178881973622,1.2613685948841047
PNB,2022-12-14,up,3,-6.871629492915954,-1.9047830658714737
PNB,2022-12-15,down,1,-6.89586105377431,-2.7123283087513217
PNB,2023-01-16,down,1,-12.51966290470734,0.9519707564087154
PNB,2023-04-28,up,5,-4.5327256260747735,3.439282381732389
PNB,2023-05-02,up,6,-4.0985577367996235,-1.5399180043791372
PNB,2023-05-04,up,1,-6.962357791796425,-0.029044968783220604
PNB,2023-05-05,down,1,-6.356072954626679,-4.2172315990142595
PNB,2023-06-21,up,2,1.770344693369652,0.4474304366283155
PNB,2023-07-18,up,4,-1.291626445302918,-1.7680996966853546
PNB,2023-07-19,up,5,-3.171888797812439,1.1543123147233159
PNB,2023-07-20,up,6,-5.511203671564646,-1.5773855728172248
PNB,2023-09-01,up,1,7.174415791658584,2.3697806783155695
PNB,2023-09-04,up,2,3.9365178843383974,2.0576943920959323
PNB,2023-09-05,up,3,1.483729455020022,-1.1579338666277361
PNB,2023-09-11,up,7,5.231864968883304,0.8079160261343032
PNB,2023-09-13,up,1,9.62379814922354,4.06420163984329
PNB,2023-09-14,up,2,4.674987757625737,0.7275544911086396
PNB,2023-09-15,up,3,7.548511146119652,-0.5645564957148519
PNB,2023-09-18,down,1,6.614553928002254,2.094742875321698
PNB,2023-09-25,up,1,4.7262029338093425,0.9500175933594424
PNB,2023-09-26,down,1,2.7759943869545944,-1.4239787673489879
PNB,2023-09-27,up,1,1.7652958426325194,-0.13056651911314
PNB,2023-09-28,down,1,1.0818865357498986,-2.5628931605269467
PNB,2023-10-03,down,1,-16.328823255897685,-0.4373228576533217
PNB,2023-11-13,up,2,8.436350016838956,3.710465324036538
PNB,2023-12-01,up,4,10.592735708880818,3.0340184083424315
PNB,2023-12-04,up,5,8.04871348777587,2.7988852647708784
PNB,2023-12-05,up,6,7.970789912728127,0.5610264776727547
PNB,2023-12-06,up,7,10.751599349673624,-0.4395326159586266
PNB,2023-12-07,down,1,9.855347539757876,0.25019587137022903
PNB,2023-12-08,up,1,8.973485031533723,-1.1821608643929005
PNB,2023-12-11,up,2,1.5354590079496022,0.5189732850693352
PNB,2023-12-12,down,1,0.11498529863331886,-1.3327319895298562
PNB,2023-12-14,up,2,5.759462699668205,1.8834614488950407
PNB,2023-12-15,up,3,4.768333868981656,0.05101287040363278
PNB,2023-12-28,up,5,6.071372976445377,3.8099544850904055
PNB,2024-01-01,up,1,4.085509138607923,-0.3956612977697005
PNB,2024-01-16,down,1,2.099940572192538,-3.0450113503060927
PNB,2024-01-19,up,1,13.717131892724765,6.01339272826984
PNB,2024-01-23,down,1,11.054485160421223,-3.7495434768800684
PNB,2024-01-29,up,1,6.683083922344046,0.7147981637637191
PNB,2024-01-30,down,1,17.085809403680805,-0.4975124378109319
PNB,2024-01-31,up,1,15.555623995951562,3.1346226624031637
PNB,2024-02-01,down,1,11.534549543971107,5.345391510652786
PNB,2024-02-02,up,1,7.153330264939761,4.700068333879837
PNB,2024-02-15,up,3,0.7438488675652,0.5886698255191058
PNB,2024-02-16,up,4,-0.805338463007732,0.7337564358896653
PNB,2024-04-12,down,1,2.071463085849179,-4.3328832577170795
PNB,2024-04-30,down,1,-9.240261810396023,1.1148792595147228
PNB,2025-04-21,up,5,-2.903065298715868,2.236072426995661
PNB,2025-04-22,up,6,-5.342567138986953,0.7693552515049218
PNB,2025-05-30,down,1,-0.7000071640095751,2.6942017119379047
PNB,2025-06-02,down,2,-3.55984467597672,2.2651420059628613
PNB,2025-06-03,down,3,-4.124064511477432,-0.21503727092390124
PNB,2025-06-04,up,1,-4.161342122031408,-0.379903478029886
PNB,2025-06-09,up,4,-1.6545207916340843,0.34798896600232165
PNB,2025-07-16,up,2,-9.509121209859583,0.31300998736814023
PNB,2025-09-22,down,2,2.0618645473552633,-1.550869172562852
PNB,2025-10-06,up,3,1.4406211237460775,-0.8955215959097096
PNB,2025-10-10,up,2,5.777342536239893,0.5956414202556104
PNB,2025-10-28,down,1,1.5603029968205284,-0.08429613257359136
PNB,2025-10-29,up,1,0.6408282780733687,-0.8660376702841255
PNB,2025-10-31,down,2,1.7064242484107872,0.11243334561648055
PNB,2025-11-20,up,2,-0.8623673943259691,-2.234538638244876
PNB,2026-01-14,down,2,-4.679663743169571,-0.15612272094739366
PNB,2026-01-16,up,1,-4.786144902305334,2.0479023886442516
PNB,2026-01-19,down,1,-7.863345145396627,-4.161691735233076
PNB,2026-08-03,up,4,4.417062894359924,-0.40097570621377976
PNB,2026-08-05,up,1,3.422784816318525,-1.2972163374048717
PNB,2026-08-12,down,2,0.9083017042835317,2.3054959428636
PNBHOUSING,2023-01-02,up,1,-2.7331163061120156,4.999860066292472
PNBHOUSING,2023-01-03,up,2,-4.381374622568812,-2.0441831633152163
PNBHOUSING,2023-01-12,down,3,-8.05109678356355,0.28771917795245017
PNBHOUSING,2023-01-13,up,1,-9.576695920668143,-3.026948800545415
PNBHOUSING,2024-04-29,up,1,-7.23680215732625,1.3817685289546633
PNBHOUSING,2024-08-21,up,5,6.0099133667905535,3.9366972348719997
PNBHOUSING,2024-08-28,up,10,15.24883564421431,-0.7547494196714521
PNBHOUSING,2024-08-29,up,11,13.010994175394618,1.6492510478889333
PNBHOUSING,2024-08-30,up,12,7.7125172016151655,0.7710803094670649
PNBHOUSING,2024-09-03,up,14,10.837768502806334,-2.762571505693867
PNBHOUSING,2024-09-04,down,1,8.760926686678783,3.574828029477861
PNBHOUSING,2024-09-05,down,2,-1.4571672244933276,-4.9484782714575015
PNBHOUSING,2024-09-11,down,1,-15.825931054278675,0.8743835567898595
PNBHOUSING,2024-09-13,down,1,-17.968250739707216,0.7353592663801312
PNBHOUSING,2025-04-08,up,1,6.245974728849291,-0.5903152026460745
PNBHOUSING,2025-04-11,up,1,4.726624732726825,1.5352247953287934
PNBHOUSING,2025-04-15,up,2,4.194477249328821,-1.4075961655138802
PNBHOUSING,2025-04-16,up,3,2.629995608948521,-0.19870616885541148
PNBHOUSING,2025-04-17,up,4,1.8652415433080494,-1.5355413691601538
PNBHOUSING,2025-04-29,up,2,2.793193128750282,0.7621387092079157
PNBHOUSING,2025-05-13,down,1,-3.908769464088091,-0.08596722270995949
PNBHOUSING,2025-06-06,up,3,-4.374110986535451,2.8542301666248493
PNBHOUSING,2025-06-09,up,4,-1.1922064488437356,1.1768983270005418
PNBHOUSING,2025-11-03,up,1,-7.287030786129467,-1.1286064392624473
PNBHOUSING,2026-01-01,up,2,-4.62786124037039,0.7528677377213633
PNBHOUSING,2026-01-05,down,1,-19.397924661523337,-0.3982976754817402
PNBHOUSING,2026-04-21,up,3,10.14216110775914,4.329497126186355
PNBHOUSING,2026-04-24,down,3,4.75446851288579,3.0628228601233376
PNBHOUSING,2026-04-27,up,1,1.781605832631561,0.2908626137021919
PNBHOUSING,2026-04-29,up,1,-0.08475351003888187,-2.153220243295939
PNBHOUSING,2026-05-08,down,2,0.9060234173306814,0.38550823649152743
PNBHOUSING,2026-08-20,up,1,-0.2351982310087486,-0.2775073072466605
POLICYBZR,2023-02-24,down,6,9.007984632001186,3.3484299772965187
POLICYBZR,2023-03-03,up,1,-1.7996374158338213,2.3181107866617534
POLICYBZR,2023-03-06,up,2,-1.6476887424881625,-1.6973345331554146
POLICYBZR,2023-03-29,up,1,-3.8896446277968177,2.0916477355201746
POLICYBZR,2023-03-31,up,2,-8.586633867722348,1.3667748936613933
POLICYBZR,2023-06-23,down,2,8.266727866236412,-2.6351315852407575
POLICYBZR,2023-06-26,up,1,5.905259847726962,1.2329656067488814
POLICYBZR,2023-06-27,up,2,3.2127532414288007,1.441941112652656
POLICYBZR,2023-07-12,down,1,5.559099747458962,-0.07606787995649844
POLICYBZR,2023-07-13,up,1,4.059137197169549,1.8478219331349077
POLICYBZR,2023-08-04,up,1,-5.995992478254008,0.5491988868563169
POLICYBZR,2023-08-07,up,2,-3.872295626719857,3.1989775150469413
POLICYBZR,2023-08-08,down,1,-4.580079232922641,-7.141686381129753
POLICYBZR,2023-11-21,up,1,3.0066001474561066,-1.8788255588605751
POLICYBZR,2024-01-31,up,1,4.235120531681447,9.788497256619966
POLICYBZR,2024-02-19,up,5,10.817719883383937,1.3177662646682409
POLICYBZR,2024-02-23,down,1,9.647422690323193,-1.2173150220627482
POLICYBZR,2024-02-26,down,2,3.772002917281947,3.365838688288725
POLICYBZR,2024-02-27,up,1,-2.3209984288359964,0.5369670439103968
POLICYBZR,2024-02-28,down,1,-2.390756127750182,0.1449917866543471
POLICYBZR,2024-03-22,up,3,0.7226347684612389,-0.274106532455376
POLICYBZR,2024-03-26,down,1,-0.04129622292825541,-2.3607570446269377
POLICYBZR,2024-04-04,up,1,1.774461071657396,1.2321479991683315
POLICYBZR,2024-04-05,down,1,0.28740951926127245,1.0128678383481082
POLICYBZR,2024-04-08,up,1,-0.15751601695594974,0.08589104755127863
POLICYBZR,2024-04-09,down,1,-1.5174671232905945,2.832557427054838
POLICYBZR,2024-04-10,up,1,-4.0212453212087995,0.23192309131037092
POLICYBZR,2024-05-02,up,1,-0.6765870826382359,1.3361184007525617
POLICYBZR,2024-05-16,up,1,-2.4528363051255386,1.163378856853825
POLICYBZR,2024-05-17,up,2,-4.501970857876769,1.495489909502945
POLICYBZR,2024-05-21,up,3,-4.573226123711482,-5.120322843540337
POLICYBZR,2024-06-27,up,4,7.483233488241425,-1.1422046468219427
POLICYBZR,2024-06-28,down,1,3.0747357789234098,-1.5382486034931198
POLICYBZR,2024-07-01,up,1,-1.0230023525632959,3.511932791461092
POLICYBZR,2024-07-24,down,4,5.327434704629175,-0.9157306942088494
POLICYBZR,2024-07-29,up,2,-1.2345646879277528,-2.3401510963700023
POLICYBZR,2024-08-07,up,1,2.5012404488112594,-1.6696621604021744
POLICYBZR,2024-08-14,up,1,16.646705121072603,1.6214747563102705
POLICYBZR,2024-08-20,up,4,5.8685069659167866,-2.2403088523640813
POLICYBZR,2024-08-26,up,8,1.4212061821992084,1.7513441616675562
POLICYBZR,2024-09-12,up,1,-5.332451069067634,0.9757867473750181
POLICYBZR,2024-09-17,up,2,-6.837970061172982,-0.727435271650434
POLICYBZR,2024-09-18,down,1,-13.23174641250896,-2.1936392632274315
POLICYBZR,2024-09-19,up,1,-13.480341062426582,-1.6060282143658178
POLICYBZR,2024-09-20,up,2,-13.451163947941202,1.0892929472702484
POLICYBZR,2024-11-28,down,1,14.297149578014757,-1.0843903805369814
POLICYBZR,2024-12-02,up,2,11.01145161101893,3.6376315929639302
POLICYBZR,2024-12-03,up,3,6.316301228427701,-3.72327886750784
POLICYBZR,2024-12-05,up,5,1.1733084742972855,-0.19439792451492188
POLICYBZR,2024-12-06,down,1,2.3603358345534398,2.82651899953017
POLICYBZR,2024-12-09,down,2,-2.4019392499710523,-1.8350064720004444
POLICYBZR,2025-01-02,up,2,-22.251082322546445,1.3349458966676941
POLICYBZR,2025-01-03,down,1,-16.875267109659088,-0.9437119336054955
POLICYBZR,2025-05-16,down,1,2.5602479856002835,-2.6418425643960353
POLICYBZR,2025-06-04,up,1,1.258188507833169,2.2983938690201544
POLICYBZR,2025-06-05,up,2,-1.3526972926751313,1.0084711577249106
POLICYBZR,2025-06-06,up,3,-4.430771122428978,2.1386601864146426
POLICYBZR,2025-06-09,up,4,-5.698836324273005,-1.541911185660405
POLICYBZR,2025-06-17,down,1,-5.627873360976443,-1.2609586339402679
POLICYBZR,2025-12-05,up,2,3.100171394384632,0.08190914142891526
POLICYBZR,2025-12-08,down,1,-2.6191564803879186,0.21493959135194807
POLICYBZR,2025-12-09,down,2,-5.8311358920308916,0.962272557798105
POLICYBZR,2026-05-18,up,1,-4.14497974599265,0.8731572348094074
POLICYBZR,2026-05-19,down,1,-5.112988661004392,0.552750625567211
POLICYBZR,2026-05-20,up,1,-17.941521099780765,-0.6766228173066602
POLICYBZR,2026-08-11,down,1,9.376052598192297,3.015597365580036
POLICYBZR,2026-08-17,down,5,4.34548025870567,-2.0059837570416406
POLICYBZR,2026-08-19,down,7,3.5839191595065767,0.8817299640411891
POLICYBZR,2026-08-26,down,1,2.791825993996966,1.530912928470607
POLYCAB,2021-10-08,up,2,-7.8723078206377695,0.3320041317825373
POLYCAB,2022-01-14,down,1,-11.445979580420563,-0.41821943654123395
POLYCAB,2022-08-10,up,3,2.334479418784463,1.2008584449116233
POLYCAB,2022-08-11,up,4,2.1955613488762626,-1.2295653808127471
POLYCAB,2022-08-17,up,7,1.1689500130192654,-0.784698364124492
POLYCAB,2022-12-13,up,2,-7.952283516031522,3.406614857842305
POLYCAB,2022-12-14,up,3,-13.58924116353849,0.029953831386553276
POLYCAB,2022-12-15,down,1,-12.42028636571627,-2.4452315472735853
POLYCAB,2023-02-17,down,1,-5.877649773687366,-2.120168266686362
POLYCAB,2023-05-16,down,1,1.922737815975295,0.31460345332163797
POLYCAB,2023-05-17,down,2,0.8548627981129098,0.04256662970798519
POLYCAB,2023-05-31,down,1,1.1181574246080128,-1.7786603463369688
POLYCAB,2023-06-02,up,1,-2.9978123505410847,1.397165231065256
POLYCAB,2023-06-05,up,2,-3.222418326940135,0.3610017204844773
POLYCAB,2023-07-11,up,2,12.910070184031675,3.4971393199177303
POLYCAB,2023-07-12,down,1,8.096472214360473,-0.4346640980228522
POLYCAB,2023-07-13,up,1,7.396969581092283,-0.44417885331370366
POLYCAB,2023-07-14,up,2,6.774417549469969,0.6664106035975559
POLYCAB,2023-07-17,up,3,17.739302444122895,0.4765352236774101
POLYCAB,2023-07-18,up,4,17.71124890418512,5.5258798068039905
POLYCAB,2023-07-19,up,5,12.34008719612627,3.3219882472979023
POLYCAB,2023-07-20,up,6,5.472429900695319,7.550984325690369
POLYCAB,2023-08-17,down,1,2.101406628306113,-1.5395302747044926
POLYCAB,2023-08-22,up,2,3.844319816320785,1.768671791502685
POLYCAB,2023-08-23,up,3,1.780251060392679,2.6136806723851436
POLYCAB,2023-09-01,up,1,0.28448731287908924,0.8314987201044843
POLYCAB,2023-09-04,up,2,-2.040567189197684,-0.4212653209050399
POLYCAB,2023-09-05,up,3,1.616113413724407,0.6351256306127206
POLYCAB,2023-10-17,up,1,-11.03758497496915,-0.12407780673616697
POLYCAB,2023-12-08,up,1,-0.10081513592242741,-0.09624493164344106
POLYCAB,2023-12-11,up,2,-3.6371488664850626,2.7322487989729805
POLYCAB,2024-03-05,down,1,3.537696070216212,0.7974773266809398
POLYCAB,2024-03-11,down,1,0.1562595718922699,-0.9012285696316513
POLYCAB,2024-04-08,up,1,1.5651384784231448,-0.24517204155770633
POLYCAB,2024-04-18,down,4,0.22089499895365794,-2.4286540220815556
POLYCAB,2024-04-23,up,3,12.288935397678436,0.27866430153211663
POLYCAB,2024-04-24,up,4,10.860176985547398,1.0332950631458226
POLYCAB,2024-04-25,up,5,9.023062458547537,-1.1368833026222158
POLYCAB,2024-04-30,down,1,7.513160934728669,-0.445115129984619
POLYCAB,2024-05-03,down,1,5.531095424732824,0.5139704646992538
POLYCAB,2024-05-06,down,2,4.346324134179458,0.04662623932574217
POLYCAB,2024-05-10,up,1,14.39608471865752,4.854781396430208
POLYCAB,2024-05-13,up,2,4.672335275932626,0.5509984183450722
POLYCAB,2024-05-15,down,1,2.7816136092300825,-0.4644999947216011
POLYCAB,2024-05-21,up,3,4.012336754153112,3.077820349189331
POLYCAB,2024-05-27,down,2,3.3741541067351832,-0.11878081456055956
POLYCAB,2024-06-03,up,2,4.226694032103984,0.9445525993222459
POLYCAB,2024-06-21,down,1,-8.731890219622107,-2.921019835489247
POLYCAB,2024-06-24,up,1,-8.0432887860593,0.8119512667087436
POLYCAB,2024-06-25,up,2,-9.557823256162369,-1.6087307721528332
POLYCAB,2024-10-10,up,1,-13.307890470426164,0.24026014514346716
POLYCAB,2024-12-12,down,1,-4.1029642534752275,-0.7509558064404454
POLYCAB,2024-12-13,up,1,-8.12006470403519,-0.43734266834474234
POLYCAB,2025-04-29,up,2,2.4186350662319,-1.5490929013900256
POLYCAB,2025-05-05,up,2,4.718766546613629,1.8703461966598445
POLYCAB,2025-05-06,down,1,2.645663060151149,1.0526640339360238
POLYCAB,2025-05-16,down,1,0.010028017051744165,-0.12913630121705877
POLYCAB,2025-05-19,down,2,-0.04197456146343148,0.16952516684076713
POLYCAB,2025-06-23,down,1,5.924053852145028,0.2813408993372013
POLYCAB,2025-06-24,up,1,4.686545171207435,-0.11263543350502614
POLYCAB,2025-06-25,up,2,3.179736577363701,-0.1336583247305012
POLYCAB,2025-06-27,up,4,2.067971540741631,-0.6583338215410905
POLYCAB,2025-07-01,up,1,5.160501772945181,0.9226566831799232
POLYCAB,2025-07-02,down,1,2.4180934169041324,0.7817840086456584
POLYCAB,2025-07-03,down,2,0.4273410169571168,0.23649824057641045
POLYCAB,2025-07-15,up,1,0.160534536619239,0.22561610551892208
POLYCAB,2025-07-16,up,2,-2.3643911132283257,-0.30438705759534557
POLYCAB,2025-07-18,down,2,-4.308970874282547,-1.2711604258470732
POLYCAB,2025-09-08,up,4,0.4533645764352334,-0.02207393068784924
POLYCAB,2025-09-19,down,1,3.21446978740223,0.7976756047994193
POLYCAB,2025-09-22,down,2,1.6324298170879326,0.5806064813353995
POLYCAB,2025-10-10,up,2,-1.1262903722430107,-0.17340010047480758
POLYCAB,2025-10-30,down,1,-3.537224934877037,0.8748472127632079
POLYCAB,2026-01-02,up,3,-13.079178506428214,1.3839186135598869
POLYCAB,2026-01-07,down,3,-14.995777925521391,-0.4595754151653697
POLYCAB,2026-02-19,down,1,3.003371820862566,-1.3156538678270158
POLYCAB,2026-02-23,up,2,-3.1193001206774817,-0.033368206872830264
POLYCAB,2026-02-24,down,1,-4.002784329445818,0.938157432699116
POLYCAB,2026-02-25,up,1,-5.681778282566907,1.957228280200729
POLYCAB,2026-02-26,up,2,-15.131449502413574,0.6208919718978967
POLYCAB,2026-02-27,down,1,-20.824474151288165,-2.1229702532480577
POLYCAB,2026-05-06,up,1,11.675917047197748,0.9877766648011654
POLYCAB,2026-05-07,down,1,9.697845085423328,5.396769816606128
POLYCAB,2026-05-08,down,2,1.3441081883400985,-0.997773563123594
POLYCAB,2026-05-12,down,4,0.13802588759448398,-2.322648141539252
POLYCAB,2026-05-25,up,2,2.439554495007412,0.06854046196860253
POLYCAB,2026-05-26,down,1,4.808090278657651,1.503306895066281
POLYCAB,2026-05-29,down,3,1.867929330246465,-2.4986453869267455
POLYCAB,2026-06-05,down,1,1.0498176669977655,-2.3705962488951626
POLYCAB,2026-06-17,up,4,2.032297578516462,0.6763194097649805
POLYCAB,2026-06-19,down,1,-7.5274714901625295,0.25764924131093103
POONAWALLA,2021-11-16,down,1,-7.575418192493011,
POONAWALLA,2021-11-17,down,2,5.9006535433160145,
POONAWALLA,2021-12-06,down,2,-6.4936748201030685,
POONAWALLA,2021-12-07,up,1,-8.812420790380415,
POONAWALLA,2022-01-06,down,1,22.249549867666186,
POONAWALLA,2022-01-07,up,1,12.395824796082744,
POONAWALLA,2022-01-10,up,2,3.371107446246313,
POONAWALLA,2022-01-11,up,3,-6.220803726498147,
POONAWALLA,2022-04-07,down,3,1.6708647369907847,
POONAWALLA,2022-04-11,down,1,-8.534492214580169,
POONAWALLA,2022-04-13,down,3,-21.82168477738038,
POONAWALLA,2022-08-01,up,4,3.337696713599314,
POONAWALLA,2022-08-02,up,5,-0.3240120235787014,
POONAWALLA,2022-08-12,up,5,4.220277920741133,
POONAWALLA,2022-08-26,up,1,8.836579159694269,
POONAWALLA,2022-08-29,down,1,4.229176486704311,
POONAWALLA,2022-08-30,up,1,0.39545471136905874,
POONAWALLA,2022-09-15,down,2,-9.537425683497535,
POONAWALLA,2022-09-16,down,3,2.362478802476198,
POONAWALLA,2022-09-20,up,2,-0.6935392412128816,
POONAWALLA,2023-05-04,up,1,4.349660503387942,
POONAWALLA,2023-05-15,up,2,2.978690429685771,
POONAWALLA,2023-05-18,down,3,2.124849125639594,
POONAWALLA,2023-05-22,up,2,-0.570057268179347,
POONAWALLA,2023-05-23,up,3,-0.8113034667355801,
POONAWALLA,2023-08-07,up,2,-3.3229498100332933,
POONAWALLA,2023-08-08,down,1,-8.131452604991662,
POONAWALLA,2023-12-11,up,2,1.7487532598069455,
POONAWALLA,2023-12-14,up,2,4.563507122001775,
POONAWALLA,2023-12-15,up,3,2.518404246637651,
POONAWALLA,2023-12-19,up,1,1.0391636209744037,
POONAWALLA,2023-12-20,down,1,-0.4090671317889538,
POONAWALLA,2024-01-05,up,2,4.061189162769585,
POONAWALLA,2024-01-08,down,1,2.3398910354424762,
POONAWALLA,2024-01-09,up,1,-0.34836263925951405,
POONAWALLA,2024-01-10,up,2,0.10717448430541676,
POONAWALLA,2024-01-11,up,3,-0.0987700901587174,
POONAWALLA,2024-01-12,up,4,-0.8687541581682168,
POONAWALLA,2024-01-16,down,1,-2.7661679395988736,
POONAWALLA,2024-01-19,up,1,-4.4301815444098835,
POONAWALLA,2024-04-03,down,2,-0.9976750878625262,
POONAWALLA,2024-04-04,up,1,-2.109170003697536,
POONAWALLA,2025-04-22,up,6,-2.8008107258290282,
POONAWALLA,2025-04-23,up,7,-5.004848499052594,
POONAWALLA,2025-10-03,up,2,-5.091273508096872,
POONAWALLA,2025-10-06,up,3,-7.149196604340336,
POONAWALLA,2026-05-04,up,1,3.7039120429839034,
POONAWALLA,2026-05-06,up,1,-7.42886569623098,
POONAWALLA,2026-05-08,down,2,-16.064837104798578,
POWERGRID,2021-09-29,down,2,1.8991794310393662,2.6892997493467963
POWERGRID,2021-09-30,down,3,-1.9421568458716898,-3.285406777617861
POWERGRID,2021-10-13,up,5,-7.005373064967657,0.6080666676612889
POWERGRID,2021-10-14,up,6,-7.966279084280092,2.081284598046862
POWERGRID,2021-10-18,up,7,-9.87040253480832,-1.4396296927753571
POWERGRID,2021-11-30,down,1,2.8839933447174504,-0.7133490799230091
POWERGRID,2021-12-02,up,2,-1.043709409520599,1.2360650537339257
POWERGRID,2022-04-04,up,2,1.0672035781318812,1.353693046166371
POWERGRID,2022-04-05,down,1,2.7741608196589995,0.9202126404260325
POWERGRID,2022-04-06,down,2,-0.0733756548271014,0.07507049340025329
POWERGRID,2022-04-07,down,3,-1.6867835401547904,-2.771732467034105
POWERGRID,2022-05-04,down,3,3.2072589409719576,0.36553352270334294
POWERGRID,2022-05-10,down,3,-5.968226726139103,-1.486679785442968
POWERGRID,2022-08-12,up,5,-1.3087913880634128,0.5111015007478903
POWERGRID,2022-08-16,up,6,-2.325638620866677,-0.38869519225833704
POWERGRID,2023-03-16,up,1,-0.10891340615523104,1.013699186254735
POWERGRID,2023-04-17,down,1,2.2044982578576455,1.6040504670657318
POWERGRID,2023-05-02,up,6,1.5141034505370188,-0.456037474447879
POWERGRID,2023-05-08,up,1,-3.5812672176308347,0.34538388142790755
POWERGRID,2023-05-11,down,1,-6.49695356757497,-0.13634023929570693
POWERGRID,2023-06-20,up,1,5.2730641003599255,-0.2971449704307516
POWERGRID,2023-06-21,up,2,4.682833499178329,2.80994244178705
POWERGRID,2023-07-06,up,8,-3.945808225727787,0.5944541310966889
POWERGRID,2023-09-08,up,6,3.016163483480949,0.525700620952696
POWERGRID,2023-09-11,up,7,1.5968758689164586,3.0692912159171026
POWERGRID,2023-09-20,down,2,-2.202573424188714,-0.1321422264442651
POWERGRID,2023-10-17,up,1,1.0400505698975326,1.7478175504607618
POWERGRID,2023-11-06,up,3,1.6949167247336305,0.3216348997107543
POWERGRID,2023-11-10,up,1,5.080300659059955,0.21153141655145813
POWERGRID,2023-11-13,up,2,3.846963796864422,0.4367832200500077
POWERGRID,2023-12-05,up,6,6.717521403495064,4.861564509521243
POWERGRID,2023-12-06,up,7,5.608573904605629,0.28246226872357116
POWERGRID,2023-12-07,down,1,4.208239222997601,1.9433234058471527
POWERGRID,2023-12-13,up,1,2.9343442437636424,1.143812302751468
POWERGRID,2023-12-28,up,5,0.9024557008540324,-0.6228843368488945
POWERGRID,2024-01-04,up,1,5.2422147872258185,0.28988495597199737
POWERGRID,2024-01-29,up,1,6.344030172642157,1.6229680374937994
POWERGRID,2024-01-30,down,1,3.716705801568154,-0.8877182713881493
POWERGRID,2024-01-31,up,1,11.487698777604272,0.29633412837704043
POWERGRID,2024-02-01,down,1,10.17986754553557,1.224646000765417
POWERGRID,2024-02-02,up,1,5.727124086454838,1.9078761930793053
POWERGRID,2024-02-05,down,1,1.8008748513947292,0.03288462892883093
POWERGRID,2024-02-26,down,2,-10.965129757279236,-2.3366518170552464
POWERGRID,2024-02-27,up,1,0.5777267680412423,-0.497512437810943
POWERGRID,2024-03-07,up,2,-6.343706453266062,-3.378731294207604
POWERGRID,2024-04-30,down,1,9.414098041946772,1.451217130650173
POWERGRID,2024-05-02,up,1,6.466186356148684,2.0035337500339256
POWERGRID,2024-05-21,up,3,6.218829006243176,3.1044627161140204
POWERGRID,2024-06-03,up,2,-0.6037717145821131,1.688358271808399
POWERGRID,2024-06-28,down,1,2.784580914225532,-1.6856018415385643
POWERGRID,2024-07-10,down,1,4.95209062492985,1.2899555928087114
POWERGRID,2024-07-30,up,3,3.545673965479712,-0.13907408203935878
POWERGRID,2024-08-01,up,5,-6.267795773654228,-0.20482048168984912
POWERGRID,2025-04-03,down,1,7.117900823887302,0.4230320223943318
POWERGRID,2025-04-11,up,1,5.818533286027172,1.5857959912427777
POWERGRID,2025-04-15,up,2,4.396052524263938,-0.6769391706936578
POWERGRID,2025-04-21,up,5,-4.343638396247041,2.4832312674953894
POWERGRID,2025-10-29,up,1,-8.318590438419559,0.537377152759233
POWERGRID,2026-02-16,up,1,-0.16321883928059888,0.0540699593979177
POWERGRID,2026-02-23,up,2,-1.7320346160018651,0.07859791201150212
POWERGRID,2026-02-24,down,1,-2.0997523369181814,0.38535953663905165
POWERGRID,2026-02-25,up,1,-3.5846241104312004,-0.20505121011368255
POWERGRID,2026-04-17,up,1,-2.41223099126312,0.13026350895366523
POWERGRID,2026-04-20,up,2,0.1108212238142503,-0.497512437810943
POWERGRID,2026-04-27,up,1,-8.028340764322683,-0.5745148301047664
POWERINDIA,2024-05-02,up,1,8.111116717977374,-1.9060410787317128
POWERINDIA,2024-05-15,down,1,-2.3850004511779876,7.5718762235575054
POWERINDIA,2024-05-16,up,1,-3.811378541857169,4.4299449394756385
POWERINDIA,2025-04-29,up,2,11.998542832876913,1.7687213146697411
POWERINDIA,2025-04-30,down,1,9.31492123868194,0.12265542095617477
POWERINDIA,2025-05-02,up,1,5.940098166883723,-0.0033390096497276645
POWERINDIA,2025-05-08,down,1,5.233830845771159,-3.820895522388046
POWERINDIA,2025-05-12,up,1,9.594190427355143,3.791952439985158
POWERINDIA,2025-05-14,up,1,2.274831033366409,3.9936839854963546
POWERINDIA,2025-05-22,down,1,7.402207995302379,1.4481160368134294
POWERINDIA,2025-05-23,up,1,3.9018910348264546,-2.7368995147333153
POWERINDIA,2025-05-28,down,2,-4.376565690587942,3.8530899802819762
POWERINDIA,2025-05-29,up,1,-8.6293599388502,2.801357095922019
POWERINDIA,2025-05-30,down,1,-3.0959354906468395,-0.004797487672403289
POWERINDIA,2025-06-04,up,1,-0.9665545252600438,0.6523971959352837
POWERINDIA,2025-06-05,up,2,-4.188813239399813,-3.109514340136843
POWERINDIA,2025-06-24,up,1,-4.136903033470762,1.309277219608851
POWERINDIA,2025-08-05,down,1,-8.849486493182901,-0.6603642996148573
POWERINDIA,2025-08-12,down,1,-13.02149759286706,-4.1972585111394345
POWERINDIA,2025-11-20,up,2,0.015990666855869584,0.17364512881496985
POWERINDIA,2025-12-02,down,3,-18.159758002858737,0.6105330806989606
POWERINDIA,2026-02-10,up,3,3.998852742937209,-1.2697046916194887
POWERINDIA,2026-02-11,up,4,3.1979814896912817,-0.8784460535605665
POWERINDIA,2026-02-12,down,1,2.463043051085023,-2.1842900144506405
POWERINDIA,2026-02-18,up,3,7.083424708781094,1.4073968962448058
POWERINDIA,2026-02-20,up,1,4.4782412514733805,0.14858036838618638
POWERINDIA,2026-02-23,up,2,2.454640705962663,-0.07044533976503509
POWERINDIA,2026-02-24,down,1,1.9726970400357757,1.6787216972176555
POWERINDIA,2026-02-25,up,1,-1.8905472636815746,-0.6049751243780932
POWERINDIA,2026-02-26,up,2,-1.4817111278424777,-0.2416207784027291
POWERINDIA,2026-02-27,down,1,-5.2440975335337425,-4.286967205589631
POWERINDIA,2026-03-06,down,1,-6.7140121443074685,-2.229664058816161
POWERINDIA,2026-03-10,up,1,-3.6735283825520604,-4.053889573539015
POWERINDIA,2026-04-09,down,1,12.671934445419964,5.203546818998972
POWERINDIA,2026-04-10,up,1,7.263681592039806,0.587969244685671
POWERINDIA,2026-04-13,down,1,3.4637405745736594,0.6891184205245482
POWERINDIA,2026-04-15,up,1,2.20898280599775,-1.962812410573589
POWERINDIA,2026-04-20,up,2,8.479769907978586,2.4607158399444717
POWERINDIA,2026-04-21,up,3,5.559160718148393,-0.48087322584401404
POWERINDIA,2026-04-23,down,2,6.245928219094887,3.7804087537370634
POWERINDIA,2026-04-24,down,3,2.39001073066043,0.9540532630962995
POWERINDIA,2026-04-27,up,1,2.783805080496271,-0.7902121225425551
POWERINDIA,2026-04-28,down,1,8.596800941528926,0.572406783287871
POWERINDIA,2026-04-29,up,1,7.311046467722115,-0.3917872688772195
POWERINDIA,2026-04-30,down,1,6.198764327678141,1.2811860780221007
POWERINDIA,2026-05-04,up,1,4.596119859350978,-0.17363986400296127
POWERINDIA,2026-05-07,down,1,2.8013921956308474,1.1374709989387277
POWERINDIA,2026-05-20,up,1,-5.685988067923664,2.011668399702593
POWERINDIA,2026-05-21,down,1,-7.51745602804641,1.7127272272335015
POWERINDIA,2026-05-27,down,2,-9.933326564456612,2.2100382441534006
POWERINDIA,2026-05-29,down,3,-2.6488462317672767,2.155359295840742
PPLPHARMA,2023-06-16,up,1,-2.838751351772395,
PPLPHARMA,2023-11-13,up,2,4.150600176823427,
PPLPHARMA,2023-11-23,down,1,2.0827764811866434,
PPLPHARMA,2023-11-24,down,2,0.5348321367632192,
PPLPHARMA,2023-11-30,up,3,1.1503921984596488,
PPLPHARMA,2023-12-01,up,4,9.604854315955258,
PPLPHARMA,2023-12-22,up,2,3.900588162283114,
PPLPHARMA,2024-01-02,down,1,1.1084947555261238,
PPLPHARMA,2024-01-05,up,2,-0.186136813365545,
PPLPHARMA,2024-01-23,down,1,-7.1514852322212885,
PPLPHARMA,2024-05-13,up,2,-10.758991793097461,
PPLPHARMA,2024-08-13,down,2,10.68937234417826,
PPLPHARMA,2024-09-04,down,1,14.48097644454105,
PPLPHARMA,2024-09-05,down,2,3.9635102596657257,
PPLPHARMA,2024-09-06,down,3,0.13083395586115376,
PPLPHARMA,2024-09-10,up,2,-0.14401782377857497,
PPLPHARMA,2024-09-11,down,1,-7.900031166458843,
PPLPHARMA,2024-11-06,up,2,-6.005998128863577,
PPLPHARMA,2025-04-03,down,1,-11.27240974967102,
PPLPHARMA,2026-05-07,down,1,0.1633251918006451,
PPLPHARMA,2026-07-06,up,4,6.607827280200307,
PPLPHARMA,2026-07-21,down,2,4.996994725142345,
PPLPHARMA,2026-07-27,up,1,9.646076697538453,
PPLPHARMA,2026-07-28,down,1,8.743037019186817,
PPLPHARMA,2026-07-29,up,1,7.269879212229213,
PPLPHARMA,2026-07-30,up,2,7.254772734392412,
PPLPHARMA,2026-08-05,up,1,3.0835020522398837,
PPLPHARMA,2026-08-06,up,2,2.8272086434377286,
PPLPHARMA,2026-08-10,up,1,0.42523872124826667,
PPLPHARMA,2026-08-21,up,2,-3.753540715864334,
PPLPHARMA,2026-09-08,down,2,-9.214077344221995,
PREMIERENE,2024-11-29,up,1,9.360786920983877,5.138233235455769
PREMIERENE,2024-12-02,up,2,2.9153728608116936,-0.1770535406702245
PREMIERENE,2024-12-04,up,4,6.937923839332294,1.371078877910925
PREMIERENE,2024-12-05,up,5,5.452674897119358,-2.26721706499331
PREMIERENE,2024-12-11,up,1,2.3835405972692403,-0.40433484352874194
PREMIERENE,2024-12-16,down,1,-3.7247596407581907,1.2802379347790938
PREMIERENE,2024-12-17,down,2,-9.529108662764186,-4.345039783995464
PREMIERENE,2025-06-10,up,5,-4.222056890949377,-1.5849713182720104
PREMIERENE,2025-07-10,down,2,-6.127500014921949,1.6853574904272195
PREMIERENE,2025-07-14,down,4,-9.395317004215686,-0.8619556760166458
PREMIERENE,2026-03-24,up,1,6.147308079288583,0.9174831191030242
PREMIERENE,2026-03-25,up,2,3.114865800019251,-0.45902040545593437
PREMIERENE,2026-04-01,up,1,11.442783439871018,0.1757114293216011
PREMIERENE,2026-04-07,up,4,9.306936225200712,1.6894728391734448
PREMIERENE,2026-04-08,up,5,8.039328163152382,1.497031514566305
PREMIERENE,2026-04-13,down,1,5.115917464529973,-0.4314696055367384
PREMIERENE,2026-04-15,up,1,3.504196390045,1.033146073742408
PREMIERENE,2026-04-16,down,1,0.10613027215367055,-0.2501168943942589
PREMIERENE,2026-04-17,up,1,-2.336369797484672,1.0300032077448673
PREMIERENE,2026-05-06,up,1,-0.5925482425503725,-1.828013704163034
PRESTIGE,2021-09-28,down,1,-14.25165509759212,-8.042020714131215
PRESTIGE,2023-10-25,down,5,8.504437329205118,-5.676290938121942
PRESTIGE,2023-10-26,down,6,-4.1406899591759245,-3.6246297028893593
PRESTIGE,2023-11-08,up,1,10.744476662495629,1.5542134274305397
PRESTIGE,2023-11-09,down,1,7.035578265163722,1.503096286605743
PRESTIGE,2023-11-10,up,1,3.3783261604314774,-2.072782376733917
PRESTIGE,2023-11-16,up,4,7.27296421727226,2.03658011095853
PRESTIGE,2023-11-23,down,1,2.9235901747143522,-0.5136523469905563
PRESTIGE,2023-11-28,up,1,4.231297953488555,0.28715702877313287
PRESTIGE,2023-11-30,up,3,13.57469105033331,4.698613111402583
PRESTIGE,2023-12-04,up,5,6.259184916192839,4.918268127369108
PRESTIGE,2023-12-07,down,1,2.1673845072540443,-1.8971270954941888
PRESTIGE,2023-12-08,up,1,2.405716109657363,2.862311817535712
PRESTIGE,2023-12-13,up,1,4.480513956051735,-2.4488671590247035
PRESTIGE,2023-12-14,up,2,3.899589190974595,-3.8087550286688865
PRESTIGE,2024-01-01,up,1,5.577440277183965,-0.9799843484755932
PRESTIGE,2024-01-02,down,1,-6.769235010810348,-2.043904905065941
PRESTIGE,2024-01-03,down,2,-7.28520897963747,1.5339017547552958
PRESTIGE,2024-01-04,up,1,-13.755409353659731,1.930950775933793
PRESTIGE,2024-01-15,up,5,-13.871960682199491,-4.142216682821543
PRESTIGE,2024-04-26,down,1,10.330864227802916,2.9432491237587177
PRESTIGE,2024-04-29,up,1,6.862743311818664,-2.600965759438101
PRESTIGE,2024-04-30,down,1,5.716189055518028,-0.4106616456270973
PRESTIGE,2024-05-02,up,1,15.855968443528766,1.0666076513789147
PRESTIGE,2024-05-03,down,1,13.320324174182097,4.21391276831391
PRESTIGE,2024-05-06,down,2,4.470042739330582,4.237814855096245
PRESTIGE,2024-05-16,up,1,10.253327943416712,-2.784925944987704
PRESTIGE,2024-05-21,up,3,8.589126766912303,0.12515730604056863
PRESTIGE,2024-05-22,up,4,5.610125783871789,-1.7056489508519013
PRESTIGE,2024-05-23,up,5,4.958487270146228,-0.07107025189402316
PRESTIGE,2024-06-03,up,2,19.55734744108366,3.883924579259146
PRESTIGE,2024-06-06,up,2,12.256646672972682,-0.553256128321955
PRESTIGE,2024-06-07,up,3,11.395435219049377,-1.9827533959847377
PRESTIGE,2024-06-10,down,1,9.97701114778058,2.555282010041049
PRESTIGE,2024-06-11,up,1,7.1540718242012025,-0.6252174642329744
PRESTIGE,2024-06-13,up,3,5.4927055001538605,0.10491386263420388
PRESTIGE,2024-06-14,up,4,4.910007492804325,1.0653538589773692
PRESTIGE,2024-06-20,up,1,-12.054728797419145,-1.243781094527352
PRESTIGE,2024-06-24,up,1,-14.85599567294974,0.25219302545951283
PRESTIGE,2024-09-12,up,1,-7.57655163352503,-1.8119664340268127
PRESTIGE,2024-09-17,up,2,-3.6701494332933016,-0.621930691625483
PRESTIGE,2024-12-16,down,1,-6.367041198501866,2.3534015316675205
PRESTIGE,2024-12-17,down,2,-15.05409954995357,0.7263657377445831
PRESTIGE,2025-04-29,up,2,5.216457126372731,1.7939495060424804
PRESTIGE,2025-04-30,down,1,1.995434464635304,-1.2159419508953384
PRESTIGE,2025-05-16,down,1,3.9995027934188965,-0.70538671544782
PRESTIGE,2025-06-02,down,2,5.421545118633908,-0.01777001697729208
PRESTIGE,2025-06-03,down,3,4.847717544798558,2.83600626197813
PRESTIGE,2025-06-04,up,1,9.303959030579524,-0.9225795022584582
PRESTIGE,2025-06-05,up,2,5.029031394349248,1.010851853070438
PRESTIGE,2025-06-06,up,3,0.3764266549962203,5.758681619028527
PRESTIGE,2025-06-09,up,4,-4.80522801273321,-1.3245952304471786
PRESTIGE,2025-06-24,up,1,-1.6494825663571966,-0.7712497059518819
PRESTIGE,2025-07-17,down,1,-8.292249161432652,0.8588266577709724
PRESTIGE,2025-10-24,down,1,-0.09291634233563606,0.009660450881332494
PRESTIGE,2025-10-27,up,1,-2.943227090684508,0.5788353460898676
PRESTIGE,2026-04-21,up,3,3.5244641214735584,1.466538943300555
PRESTIGE,2026-04-29,up,1,1.6552562668765702,-0.5324599263149432
PRESTIGE,2026-05-04,up,1,1.4863804046115314,-1.0653195916686675
PRESTIGE,2026-05-07,down,1,-7.521853361957742,-0.038225310218686914
PRESTIGE,2026-05-08,down,2,-9.219938079488477,-0.29030652755361874
PRESTIGE,2026-07-01,up,1,9.109015087979566,3.4621921007150114
PRESTIGE,2026-07-02,up,2,5.802273978077421,2.6768000488355925
PRESTIGE,2026-07-03,up,3,2.500865726161172,-0.46794260495441886
PRESTIGE,2026-07-06,up,4,1.5113921395966345,0.44544335562595183
PRESTIGE,2026-07-10,up,2,-6.42076488828044,-0.6943764977302758
PTCIL,2026-09-01,down,2,3.9767165488634904,
PTCIL,2026-09-03,down,4,-2.575893379057703,
PTCIL,2026-09-04,up,1,-6.716417910447747,
PVRINOX,2021-10-04,up,1,5.2890143137103385,
PVRINOX,2021-10-06,down,1,-0.8025363903140459,
PVRINOX,2021-10-08,up,2,1.8487430060312393,
PVRINOX,2021-10-13,up,5,1.367366167562678,
PVRINOX,2021-10-26,up,2,1.5087961318493992,
PVRINOX,2021-11-08,up,2,-23.021156730253068,
PVRINOX,2022-01-28,down,2,-2.9271195330044297,
PVRINOX,2022-02-09,up,2,-1.375653685316569,
PVRINOX,2022-02-10,up,3,-6.328247587790148,
PVRINOX,2022-03-21,down,1,4.258550979938525,
PVRINOX,2022-03-23,down,1,2.600235695827191,
PVRINOX,2022-03-25,down,3,7.2793078535928535,
PVRINOX,2022-03-28,up,1,2.3948804600192553,
PVRINOX,2022-07-27,up,1,7.824742365242665,
PVRINOX,2022-07-28,up,2,-3.0559474974696466,
PVRINOX,2022-07-29,up,3,-4.1841327860213,
PVRINOX,2022-08-01,up,4,-17.17250305690463,
PVRINOX,2022-08-02,up,5,-17.74155048783459,
PVRINOX,2022-08-04,down,1,-18.909994372950568,
PVRINOX,2023-07-27,down,1,6.442481051704374,
PVRINOX,2023-07-31,up,1,4.694613882858811,
PVRINOX,2023-08-01,down,1,3.466816509272186,
PVRINOX,2023-08-02,down,2,2.366902719910202,
PVRINOX,2023-08-03,down,3,0.5042506424734361,
PVRINOX,2023-08-09,up,1,4.168186299102983,
PVRINOX,2023-08-10,down,1,3.4602502552845804,
PVRINOX,2023-08-14,up,1,6.579819408083165,
PVRINOX,2023-08-18,down,2,-0.557732881880213,
PVRINOX,2023-08-25,down,2,1.3852754575745196,
PVRINOX,2023-08-30,up,3,3.162760462490355,
PVRINOX,2023-08-31,down,1,1.810342419200639,
PVRINOX,2023-09-06,up,4,-5.996226826815299,
PVRINOX,2023-09-07,up,5,-7.073460959607669,
PVRINOX,2024-07-01,up,1,-3.573174191924944,
PWL,2026-06-19,down,1,27.89615531783578,
PWL,2026-06-22,up,1,19.870283222991823,
PWL,2026-07-02,up,2,12.646326162692723,
PWL,2026-07-06,up,4,-2.34096655669056,
PWL,2026-07-07,down,1,-3.1337749172151153,
PWL,2026-07-08,down,2,-17.52118781898386,
RADICO,2024-09-16,up,1,8.462042077102417,2.9482794987724548
RADICO,2024-09-17,up,2,-7.063118225426446,-0.22289655677454334
RADICO,2024-09-18,down,1,-3.8839607353820083,4.502612565314146
RADICO,2024-09-19,up,1,-6.4971382413380745,-7.281874029049263
RADICO,2024-12-31,down,2,-17.58564952174907,-0.6138379523913273
RADICO,2025-08-01,down,2,4.03133666792721,2.3276631819546756
RADICO,2025-11-12,up,3,0.6681820695262131,-0.7964084653332759
RADICO,2026-04-29,up,1,4.248834475577579,-0.32375954916916694
RADICO,2026-05-08,down,2,2.871624140748019,-0.5546649292309191
RADICO,2026-05-19,down,1,-2.0690880627549646,1.4007814348238723
RADICO,2026-06-19,down,1,2.0280138485117893,0.43490712435148016
RADICO,2026-06-22,up,1,0.8667632938569536,-0.33948837074551097
RADICO,2026-06-25,up,2,7.358228770906017,0.43315287659617674
RADICO,2026-06-29,down,1,6.330180875805724,0.33102766158799035
RADICO,2026-06-30,down,2,4.385345862116186,0.3006197633003804
RADICO,2026-07-06,up,4,3.5761400501404195,3.231681560448396
RADICO,2026-07-07,down,1,3.175209168383386,-1.298434217298794
RADICO,2026-07-20,down,1,2.5603970303545553,-1.0187135759178068
RADICO,2026-07-28,down,1,7.768702310868902,2.7616049165325673
RADICO,2026-07-29,up,1,4.07731457654259,0.06290387144738396
RADICO,2026-07-30,up,2,-0.38357611010393367,-2.264610884871765
RADICO,2026-08-05,up,1,3.5052641938327467,0.976961470313209
RADICO,2026-08-13,down,3,-1.1759884762249428,1.2409620139924193
RADICO,2026-08-18,down,6,-4.915697361828442,0.07066753263105241
RAILTEL,2023-08-01,down,1,-2.5837561804906706,
RAILTEL,2023-08-02,down,2,-6.044007942496021,
RAILTEL,2023-08-08,down,1,5.03346259967965,
RAILTEL,2023-08-28,up,1,36.00736363096597,
RAILTEL,2023-08-29,up,2,23.795734708544437,
RAILTEL,2023-08-30,up,3,18.842687867986708,
RAILTEL,2023-08-31,down,1,5.867968211955388,
RAILTEL,2023-09-01,up,1,7.723487686073693,
RAILTEL,2023-09-04,up,2,0.14782436552875922,
RAILTEL,2023-09-11,up,7,-14.63296193711332,
RAILTEL,2023-11-07,down,1,8.790721351502317,
RAILTEL,2023-11-08,up,1,6.725073455195796,
RAILTEL,2023-11-13,up,2,4.45257518477904,
RAILTEL,2023-11-17,down,1,12.76437737737619,
RAILTEL,2023-11-21,up,1,4.423135342618578,
RAILTEL,2023-11-22,up,2,6.898188485590451,
RAILTEL,2023-11-23,down,1,4.606974191028268,
RAILTEL,2023-11-24,down,2,0.9876076187103955,
RAILTEL,2023-12-01,up,4,0.45940570299103367,
RAILTEL,2023-12-11,up,2,-0.6469344246957109,
RAILTEL,2023-12-14,up,2,3.719807516381257,
RAILTEL,2023-12-19,up,1,9.621388964053533,
RAILTEL,2023-12-29,down,1,20.094553764870593,
RAILTEL,2024-01-01,up,1,13.627264223847547,
RAILTEL,2024-01-03,down,2,17.357442130247193,
RAILTEL,2024-01-19,up,1,16.33871431737026,
RAILTEL,2024-01-23,down,1,10.020749183787881,
RAILTEL,2024-01-25,down,1,-16.132663525034097,
RAILTEL,2024-02-27,up,1,-10.424515787192835,
RAILTEL,2024-06-24,up,1,5.543710021321968,
RAILTEL,2024-07-05,up,3,15.775901082125943,
RAILTEL,2024-07-08,down,1,11.139660444910149,
RAILTEL,2024-07-12,up,1,-16.301586942545942,
RAILTEL,2025-05-28,down,2,9.306844133677261,
RAILTEL,2025-05-30,down,1,7.806552480969842,
RAILTEL,2025-06-04,up,1,-1.47681707935865,
RAILTEL,2025-06-05,up,2,-6.249101470329266,
RAILTEL,2025-06-10,up,5,-8.726078436197405,
RAILTEL,2026-05-04,up,1,-4.625427774473878,
RAILTEL,2026-05-07,down,1,-9.273758758744076,
RAMCOCEM,2024-12-02,up,2,-2.658389364698266,
RBLBANK,2021-10-01,down,4,6.036136243800261,0.6645981467096274
RBLBANK,2021-10-18,up,7,-9.083128147276398,1.1642131906449693
RBLBANK,2021-10-25,up,1,-11.719044555229829,1.189383279299916
RBLBANK,2021-10-26,up,2,3.2080006581589604,0.6901515513508372
RBLBANK,2022-08-01,up,4,25.798831534672416,-0.8591580957350797
RBLBANK,2022-08-02,up,5,2.7089631391675084,0.7748978890712799
RBLBANK,2022-08-17,up,7,20.541570753199203,-0.4975124378109319
RBLBANK,2022-08-18,up,8,1.3523396545785493,0.3787340720599719
RBLBANK,2022-08-23,up,1,27.365097617727272,-0.4975124378109319
RBLBANK,2022-08-24,up,2,26.574763414431434,15.888338735914708
RBLBANK,2022-08-25,down,1,6.154574104745136,3.5654381509708566
RBLBANK,2022-08-26,up,1,-0.12273847335825261,-12.227938668899496
RBLBANK,2022-09-13,up,4,-9.665241433095083,-3.3360545271335917
RBLBANK,2022-09-14,down,1,-7.979186870320964,1.3254292632140174
RBLBANK,2022-10-27,up,1,6.646832499341038,-0.12733947620043873
RBLBANK,2022-10-28,up,2,3.18776937140286,-0.6420309149059111
RBLBANK,2022-11-11,up,1,4.664207509173424,-0.46263386614261437
RBLBANK,2022-11-14,down,1,3.4674168163996155,-0.014827502516412405
RBLBANK,2022-11-16,up,2,1.566997022884098,-3.340438588176242
RBLBANK,2022-11-25,up,4,12.722398801252144,-0.43023146092211473
RBLBANK,2022-11-29,up,6,9.501754316599476,0.6461943157774375
RBLBANK,2022-12-05,up,1,7.420376433783793,-0.818074581879058
RBLBANK,2022-12-13,up,2,-3.7421530733505626,0.8703345415999486
RBLBANK,2022-12-14,up,3,-5.017497338695909,4.932745670062544
RBLBANK,2022-12-15,down,1,1.7665844377144246,-1.7618726316775968
RBLBANK,2022-12-28,down,1,7.353402868020842,-1.1014310250814119
RBLBANK,2022-12-29,up,1,6.583292373989136,1.7580658819202233
RBLBANK,2022-12-30,down,1,4.808910925615217,1.3836046411339398
RBLBANK,2023-01-03,up,2,-13.726939578258568,0.4148686250500244
RBLBANK,2023-01-06,down,3,-20.67337187522763,-2.3244591625733557
RBLBANK,2023-04-28,up,5,-11.111942333230463,-1.1182391107234846
RBLBANK,2023-06-09,down,2,1.6249111903005264,-1.9776190544747996
RBLBANK,2023-06-30,up,4,7.266881491157884,2.793913183772645
RBLBANK,2023-07-03,up,5,3.775428499556255,0.6999994075107541
RBLBANK,2023-07-05,up,7,3.1739664759009356,1.3116204520096986
RBLBANK,2023-07-11,up,2,8.4177513199738,-1.62472753780738
RBLBANK,2023-07-12,down,1,7.807100084347307,0.11386840986620239
RBLBANK,2023-07-13,up,1,19.124095884285495,-0.9457263938199789
RBLBANK,2023-07-14,up,2,16.443226183616332,4.662600120745886
RBLBANK,2023-07-17,up,3,11.506184406221598,5.119752944828582
RBLBANK,2023-07-26,up,2,-5.440259417982607,3.60345776540294
RBLBANK,2023-07-27,down,1,-11.343363376810577,-3.8457563541399287
RBLBANK,2023-08-30,up,3,-5.148919955868592,1.0320095467845514
RBLBANK,2023-09-27,up,1,3.1764255644852746,1.074119088053327
RBLBANK,2023-09-29,up,1,-7.834748561171267,0.7020353032584303
RBLBANK,2023-12-14,up,2,1.2815150921675844,-0.0043176449214588075
RBLBANK,2023-12-15,up,3,-0.8460325343509933,2.1860965599432847
RBLBANK,2024-01-11,up,3,-9.747234993742893,1.0157624715208646
RBLBANK,2024-05-03,down,1,-6.286409549458794,-1.4222567460097202
RBLBANK,2025-04-15,up,2,5.82334306303689,0.02050142184311099
RBLBANK,2025-04-16,up,3,4.698425014269403,-0.3557584642072342
RBLBANK,2025-04-17,up,4,7.240967747454996,0.4758831125664109
RBLBANK,2025-04-21,up,5,6.6612868407119885,1.6269984930709747
RBLBANK,2025-04-24,down,1,5.834138312813875,2.4613428601872434
RBLBANK,2025-04-25,down,2,5.5525732885108425,-3.368068831429538
RBLBANK,2025-04-28,up,1,2.9433205153913455,1.5887428911600443
RBLBANK,2025-05-13,down,1,0.5649252718303854,-0.721435297521289
RBLBANK,2025-05-16,down,1,1.5033618905390789,-0.4228861948549545
RBLBANK,2025-05-19,down,2,6.603524159005225,-1.1687304203932714
RBLBANK,2025-06-06,up,3,4.521989346574595,0.6418245192226113
RBLBANK,2025-06-09,up,4,3.31523865933121,4.246949567238412
RBLBANK,2025-06-23,down,1,6.893114388760702,2.3847459029293194
RBLBANK,2025-06-24,up,1,5.254909862738311,0.603837420421427
RBLBANK,2025-06-25,up,2,3.7139886221496,-0.7855151204724908
RBLBANK,2025-06-30,down,1,6.323924272914416,0.7713087431490573
RBLBANK,2025-07-01,up,1,3.8084127671256462,4.35810819150626
RBLBANK,2025-07-02,down,1,-0.6195433491345437,-4.94772467960215
RBLBANK,2025-07-16,up,2,-3.0512504022274345,0.7141139839661026
RBLBANK,2025-10-10,up,2,11.903892542123472,-0.9771333914768476
RBLBANK,2025-10-13,down,1,10.986806479304656,-0.10677570912162038
RBLBANK,2025-10-14,down,2,9.657515601114808,-1.6556830424448776
RBLBANK,2025-10-15,up,1,8.486269334867913,0.29956819626539843
RBLBANK,2025-10-16,up,2,6.565530999587121,-0.497512437810943
RBLBANK,2025-10-20,up,4,3.2841255659290747,5.433529361380063
RBLBANK,2025-10-31,down,2,-6.701286983901388,-0.8909188368474097
RBLBANK,2026-02-17,up,2,3.9244712891979727,1.1744062995548976
RBLBANK,2026-02-18,up,3,-8.311529132035368,0.00710872119524808
RBLBANK,2026-02-19,down,1,-10.406727777237545,0.5815546452185183
RBLBANK,2026-04-28,down,1,0.7600733020030503,-0.926929447345548
RBLBANK,2026-04-29,up,1,-0.25479015558236284,3.2799051627173226
RBLBANK,2026-05-07,down,1,-0.6846266016833136,0.17898534091074225
RBLBANK,2026-05-25,up,2,4.846460507934158,0.14143574313483231
RBLBANK,2026-05-27,down,2,3.6215163490719737,0.4640740226459661
RBLBANK,2026-06-04,up,1,1.7575014446182813,0.2917389801611714
RBLBANK,2026-06-09,up,1,5.6516796803353975,0.6737646829541477
RBLBANK,2026-06-11,down,2,3.875774743063465,-0.47009205688349764
RBLBANK,2026-06-12,up,1,2.8835115944362277,0.48013376444326905
RBLBANK,2026-06-15,up,2,2.311078223193852,1.001300353732315
RBLBANK,2026-06-19,down,1,0.9480154328187052,0.8817069634190933
RBLBANK,2026-09-04,up,1,-2.120760213514883,0.7865439385589479
RECLTD,2022-11-24,up,3,10.552889656638476,1.2138325571161568
RECLTD,2022-11-25,up,4,8.421749615064744,5.256848288677118
RECLTD,2022-11-28,up,5,2.307929375006701,0.27172561667176964
RECLTD,2022-12-08,up,1,-0.4537983010933222,0.507999427856487
RECLTD,2022-12-09,down,1,0.8003460956089281,-3.6556361893825606
RECLTD,2023-01-02,up,1,4.41463440109251,1.811617020383327
RECLTD,2023-01-03,up,2,1.274168722333613,1.2329643493679487
RECLTD,2023-01-06,down,3,-7.1443611333736,0.06306251298213716
RECLTD,2023-06-02,up,1,3.966678649590061,1.1416846395882807
RECLTD,2023-06-05,up,2,2.1408153340964464,-0.29192669019697526
RECLTD,2023-06-09,down,2,7.799985193866488,0.9191372652099794
RECLTD,2023-06-12,up,1,6.393430182551274,3.297495170274911
RECLTD,2023-06-13,up,2,2.5177123815399716,-0.30505898543156107
RECLTD,2023-06-20,up,1,6.223048176453561,2.6238903122081103
RECLTD,2023-06-21,up,2,3.056147832267242,1.2947646219118036
RECLTD,2023-07-11,up,2,1.5277576414342464,0.06016932930756891
RECLTD,2023-07-24,down,2,9.414949011757745,1.3047565061443667
RECLTD,2023-07-27,down,1,14.967436656956012,7.518207225733198
RECLTD,2023-07-28,down,2,11.667124276267305,2.5304807493988557
RECLTD,2023-07-31,up,1,7.131267418930531,2.5590519832940695
RECLTD,2023-08-07,up,2,9.109791888926132,3.6859168914265883
RECLTD,2023-08-08,down,1,4.781259454725362,2.001731298211107
RECLTD,2023-08-11,down,2,5.994724769623305,0.02096863718352715
RECLTD,2023-08-17,down,1,5.045984663094916,1.6810606345649681
RECLTD,2023-08-18,down,2,2.599434036037618,-0.6660510308177936
RECLTD,2023-08-21,up,1,1.460868558454953,-0.06000023403116561
RECLTD,2023-08-22,up,2,0.7227412762902619,-1.0352531813041188
RECLTD,2023-08-24,down,1,10.528769510351243,-0.6407071751106219
RECLTD,2023-08-30,up,3,8.828325536884151,-0.09466835861179357
RECLTD,2023-09-08,up,6,13.51467580992356,8.94374422630455
RECLTD,2023-09-11,up,7,3.7153013624610542,-0.7163506560980637
RECLTD,2023-09-27,up,1,7.363695999055486,3.4330973339781856
RECLTD,2023-09-29,up,1,-3.1764298114432044,0.1809178607073969
RECLTD,2023-10-03,down,1,-0.8553799819683738,-0.6168016191967496
RECLTD,2023-10-12,down,1,2.2410903144789884,-1.9513333675910127
RECLTD,2023-10-16,down,3,1.3286761898254618,-0.6483032517265896
RECLTD,2023-11-02,up,1,6.9340712992561615,2.226281996773194
RECLTD,2023-11-07,down,1,2.933609866730702,0.829620985806967
RECLTD,2023-11-09,down,1,6.240047874346932,1.270496464219173
RECLTD,2023-11-10,up,1,5.117191669784815,1.5596644548661276
RECLTD,2023-11-13,up,2,3.4290140418552273,2.56153265431478
RECLTD,2023-11-20,down,2,7.8195886030342,0.857443130615132
RECLTD,2023-11-21,up,1,6.936581460513547,-2.5847737727937026
RECLTD,2023-12-01,up,4,25.73495810520372,8.972184531886018
RECLTD,2023-12-04,up,5,15.648559815275998,2.882504016457399
RECLTD,2023-12-06,up,7,11.849137952200618,0.9358015365711791
RECLTD,2023-12-11,up,2,8.1591005198685,0.2806061564107676
RECLTD,2023-12-13,up,1,5.148359618687359,7.850661005253889
RECLTD,2023-12-14,up,2,-3.2812660826380013,-1.3437708273289384
RECLTD,2024-01-05,up,2,0.11627528661313224,-0.9976419355529953
RECLTD,2024-01-08,down,1,-0.44099619962965075,-1.0965831827416506
RECLTD,2024-01-19,up,1,11.034827165836237,7.101831872198616
RECLTD,2024-01-23,down,1,9.554684545085657,-3.5449597247984688
RECLTD,2024-01-29,up,1,-6.3706389643135575,4.044094878305571
RECLTD,2024-01-30,down,1,-8.054662099495836,-3.1641669317521215
RECLTD,2024-02-08,down,1,-14.39261491388143,-2.58903769388914
RECLTD,2024-05-21,up,3,0.6652963782562749,-0.43392540259793444
RECLTD,2024-05-24,down,1,8.592256869769187,0.05936654501477179
RECLTD,2024-05-27,down,2,6.742242646571928,2.5926269274744396
RECLTD,2024-06-03,up,2,-23.917781141738537,-0.06006903618432924
RECLTD,2024-07-04,up,2,7.156518442862736,1.7598973434896248
RECLTD,2024-07-05,up,3,7.86857033009436,-0.16355191220639442
RECLTD,2024-07-08,down,1,6.756904292598076,3.4771653519553913
RECLTD,2024-07-09,up,1,4.141790079120122,-0.5379244634528102
RECLTD,2024-07-10,down,1,0.46665893428767813,1.7120469565817364
RECLTD,2024-07-11,down,2,0.6580348785174994,1.1108905559535698
RECLTD,2024-07-12,up,1,-1.0195971399272752,-1.7259382101836307
RECLTD,2024-07-30,up,3,-8.546977070251016,-1.1977987545595647
RECLTD,2024-12-09,down,2,-11.429516911967907,-0.40906578220009093
RECLTD,2024-12-10,down,3,-11.43753279500933,-0.14715156611307956
RECLTD,2026-04-21,up,3,-10.330030049016315,-1.674823887946042
RECLTD,2026-06-18,up,5,2.22498786719616,-1.8242088980013005
RECLTD,2026-06-22,up,1,0.9342761080642248,1.1797239085106659
REDINGTON,2022-11-24,up,3,15.019103841075454,
REDINGTON,2022-11-25,up,4,11.936786530806852,
REDINGTON,2022-11-28,up,5,0.3156378147727956,
REDINGTON,2022-11-29,up,6,-0.36290409647027344,
REDINGTON,2022-12-07,down,2,6.442038960601715,
REDINGTON,2022-12-08,up,1,5.033330088184673,
REDINGTON,2022-12-12,up,1,-3.4800175102563613,
REDINGTON,2025-02-17,up,1,-4.935001427777941,
REDINGTON,2025-02-21,down,4,-11.810980465061816,
REDINGTON,2025-05-06,down,1,6.134941619101086,
REDINGTON,2025-05-09,down,2,4.8990979391906775,
REDINGTON,2025-05-12,up,1,-2.8009404066602017,
REDINGTON,2025-05-13,down,1,-3.8862206485691053,
REDINGTON,2025-05-19,down,2,0.8614275860405307,
REDINGTON,2025-05-20,down,3,0.20430048402280132,
REDINGTON,2025-06-06,up,3,15.062028383386039,
REDINGTON,2025-06-09,up,4,12.437806683414099,
REDINGTON,2025-06-10,up,5,10.157358463802568,
REDINGTON,2025-06-26,up,3,-4.4782616761976595,
REDINGTON,2025-06-27,up,4,-5.3788285809486025,
REDINGTON,2025-06-30,down,1,-8.329149293339434,
REDINGTON,2026-06-17,up,4,8.969658504595968,
REDINGTON,2026-06-18,up,5,9.456640145912676,
REDINGTON,2026-06-19,down,1,2.5690604701389397,
REDINGTON,2026-08-11,down,1,-3.5194246656561012,
REDINGTON,2026-08-24,down,1,7.009533948911151,
REDINGTON,2026-08-28,up,1,5.191414262278848,
REDINGTON,2026-09-07,down,1,2.969842611758744,
REDINGTON,2026-09-10,up,1,0.9194896995592616,
RELIANCE,2021-09-28,down,1,2.6214030306336067,1.0796412264312272
RELIANCE,2021-10-05,up,2,3.227773886187113,1.2453280117235233
RELIANCE,2021-10-08,up,2,-3.676328102044024,2.595864694699168
RELIANCE,2021-10-11,up,3,-7.303007927971339,-1.9579506707279148
RELIANCE,2021-10-18,up,7,-7.751679934511657,-0.3585045622542249
RELIANCE,2022-01-14,down,1,-9.26516702358784,-0.6149906691552687
RELIANCE,2022-03-24,down,2,3.696194777803141,0.18721633817124772
RELIANCE,2022-03-25,down,3,2.921725613011028,0.49783275139765326
RELIANCE,2022-03-28,up,1,1.6686490843571766,0.3392786979831808
RELIANCE,2022-03-30,up,3,4.0589393335970225,0.5190187449076511
RELIANCE,2022-04-20,up,1,-2.5191800408182696,2.3257539064226895
RELIANCE,2022-04-21,up,2,-11.685177767792753,0.40870887198272143
RELIANCE,2022-04-27,down,1,-13.02232604242124,-0.21519644007566008
RELIANCE,2022-04-28,up,1,-13.82198115710559,0.49293766471094624
RELIANCE,2022-06-03,down,1,-8.960385569267725,1.234027816084371
RELIANCE,2022-08-12,up,5,-1.2919391214509357,0.5838891345354646
RELIANCE,2022-08-16,up,6,-2.7427068901377583,0.3934149661560138
RELIANCE,2022-08-17,up,7,-3.1898087319621404,-0.3964074641487625
RELIANCE,2022-11-11,up,1,2.750991331938568,-0.1635575774321052
RELIANCE,2022-11-28,up,5,-2.1056724107854197,1.8356305013238483
RELIANCE,2022-11-30,up,7,-5.857563761095308,-0.1277922618167282
RELIANCE,2023-05-02,up,6,1.4289831466487213,0.32519343147145996
RELIANCE,2023-05-08,up,1,1.3277271451609174,0.054299206814056866
RELIANCE,2023-05-10,up,3,0.29072956583851006,-0.01136742591972828
RELIANCE,2023-06-16,up,1,1.566271906838601,0.3353797714914508
RELIANCE,2023-07-03,up,5,1.610752007705618,1.0812821318128663
RELIANCE,2023-07-06,up,8,3.674003030926265,-0.11845602985748327
RELIANCE,2023-07-07,down,1,5.2311914129357096,1.1750041878727524
RELIANCE,2023-07-10,up,1,4.421699659771217,2.7863143408044966
RELIANCE,2023-07-11,up,2,0.9719212912426167,-0.12564412338297304
RELIANCE,2023-07-12,down,1,0.4615986251085058,0.001801486557084786
RELIANCE,2023-07-18,up,4,-3.9303239828451297,0.030918789737643948
RELIANCE,2023-07-19,up,5,-4.059945482882088,-1.97792434642865
RELIANCE,2023-12-06,up,7,1.3544561947913758,-0.09137983551628093
RELIANCE,2023-12-15,up,3,3.9479048680304274,0.26180908985140583
RELIANCE,2023-12-18,down,1,2.7064676616915584,1.691542288557235
RELIANCE,2023-12-19,up,1,4.024443632582808,0.9214901419781318
RELIANCE,2023-12-20,down,1,2.448254403943184,-2.310580982309296
RELIANCE,2024-01-03,down,2,0.8380696006107247,-1.5248803782236031
RELIANCE,2024-01-10,up,2,5.329465051356741,0.44689234163277636
RELIANCE,2024-01-11,up,3,4.339154172724213,1.7776872997975701
RELIANCE,2024-01-12,up,4,5.750151906750678,0.4153544205577786
RELIANCE,2024-01-15,up,5,4.916598107387937,0.7088436003260812
RELIANCE,2024-01-29,up,1,3.8667881646343494,4.02710941125477
RELIANCE,2024-01-30,down,1,-0.1412934520598208,-3.819970714414145
RELIANCE,2024-02-02,up,1,1.7958564155722057,-0.4446917673130102
RELIANCE,2024-02-23,down,1,-0.2568671546690382,-0.16160782011278574
RELIANCE,2024-06-27,up,4,4.065005575557312,0.29184212886437244
RELIANCE,2024-06-28,down,1,2.8111475144602327,1.122033695850022
RELIANCE,2024-07-05,up,3,-4.330342242869289,0.005978960353214546
RELIANCE,2024-07-08,down,1,-5.810327504544055,-0.553536628030471
RELIANCE,2025-03-24,up,6,-1.002404060882156,1.5764232057414063
RELIANCE,2025-04-28,up,1,7.859439065543894,2.9413790176544774
RELIANCE,2025-04-29,up,2,3.9832139689635504,1.4858795575961592
RELIANCE,2025-05-02,up,1,1.2003121724538657,0.8128414331928235
RELIANCE,2025-05-05,up,2,0.18597341766162234,-0.1976136716506982
RELIANCE,2025-05-13,down,1,0.51859156263665,-1.8454099768610788
RELIANCE,2025-05-15,up,2,-0.8617839816987938,-0.11948957392325932
RELIANCE,2025-06-26,up,3,3.988531916687754,1.1484964610211756
RELIANCE,2025-06-27,up,4,2.3372561917388124,0.4983090625952258
RELIANCE,2025-07-07,up,2,-9.870326319210054,-0.23120408658476865
RELIANCE,2025-10-29,up,1,0.8029557307297486,0.03601296466728687
RELIANCE,2025-11-12,up,3,2.1940569272578037,-0.05551695510527255
RELIANCE,2025-11-20,up,2,0.6226851488186025,0.3621733426080631
RELIANCE,2025-11-26,up,1,-1.467269411458716,0.4850092098583447
RITES,2022-11-04,up,1,-7.596311010892776,
RITES,2023-07-26,up,2,-9.592623074394535,
RITES,2023-09-01,up,1,6.509845525329139,
RITES,2023-09-04,up,2,4.669584793476078,
RITES,2023-09-05,up,3,2.6593707035657443,
RITES,2023-09-08,up,6,-9.963431536322688,
RITES,2023-09-11,up,7,-16.012474080342297,
RITES,2024-01-23,down,1,20.80554673441306,
RITES,2024-01-25,down,1,17.333314558856294,
RITES,2024-01-29,up,1,8.051583221641433,
RITES,2024-02-05,down,1,1.0547799133615587,
RITES,2024-02-07,up,2,-3.800790892410355,
RITES,2024-02-08,down,1,-3.845031146928457,
RITES,2024-02-26,down,2,-26.248505851379967,
RITES,2024-02-27,up,1,-27.837901144860254,
RITES,2024-07-04,up,2,-5.784429351878206,
RITES,2024-07-05,up,3,0.1821165279785042,
RITES,2024-07-08,down,1,-4.000761406128294,
RITES,2024-09-20,up,2,-15.093230157213355,
RITES,2025-06-04,up,1,-5.20118109609543,
RITES,2025-06-05,up,2,-7.939568424203602,
RKFORGE,2024-06-21,down,1,7.9388140977275645,
RKFORGE,2024-06-24,up,1,2.5999050133238555,
RKFORGE,2024-07-04,up,2,-13.606702907957269,
RKFORGE,2024-07-05,up,3,-14.206358251400108,
RKFORGE,2026-07-31,up,3,13.7028019272581,
RKFORGE,2026-08-03,up,4,10.727196953721862,
RKFORGE,2026-08-04,down,1,4.79223027987814,
RKFORGE,2026-08-06,up,2,0.43445090239822015,
RKFORGE,2026-08-07,down,1,4.0234432517803675,
RKFORGE,2026-08-10,up,1,1.495263816164405,
RKFORGE,2026-08-19,down,7,-6.075384412967077,
RPOWER,2022-09-02,down,2,-12.842734453433824,
RPOWER,2022-09-06,down,1,-32.12882634013321,
RPOWER,2023-06-07,up,4,12.65103327270598,
RPOWER,2023-06-12,up,1,8.932460515650265,
RPOWER,2023-06-13,up,2,2.564102564102577,
RPOWER,2023-06-15,down,1,-10.212250321024163,
RPOWER,2023-06-16,up,1,-11.911031953556538,
RPOWER,2023-07-07,down,1,5.901355179471057,
RPOWER,2023-07-21,down,1,1.3394518916834297,
RPOWER,2023-07-27,down,1,2.8293136841746946,
RPOWER,2023-08-01,down,1,-2.558217135446994,
RPOWER,2023-08-02,down,2,-5.358268428574087,
RPOWER,2023-08-03,down,3,-10.257980435640768,
RPOWER,2023-08-04,up,1,-6.397921547854923,
RPOWER,2023-08-07,up,2,-5.420816361887503,
RPOWER,2023-08-29,up,2,17.19182290182122,
RPOWER,2023-08-30,up,3,13.107391709374138,
RPOWER,2023-09-06,up,4,-7.7252961714895925,
RPOWER,2023-09-08,up,6,-11.323016122937279,
RPOWER,2023-11-15,up,3,1.6893554206987238,
RPOWER,2023-11-17,down,1,5.078054530406839,
RPOWER,2023-12-06,up,7,-4.939587851056759,
RPOWER,2023-12-07,down,1,-9.001998692878544,
RPOWER,2023-12-11,up,2,-1.9218849334036947,
RPOWER,2024-01-03,down,2,21.905689525185124,
RPOWER,2024-01-04,up,1,13.663182930550821,
RPOWER,2024-01-05,up,2,-3.8677555354214244,
RPOWER,2024-08-21,up,5,-10.066164629140872,
RPOWER,2024-08-22,up,6,-18.311044177626755,
RPOWER,2024-09-26,up,6,26.927787608621646,
RPOWER,2024-09-27,down,1,20.890445926164002,
RPOWER,2024-09-30,down,2,15.152395853569246,
RPOWER,2024-10-01,down,3,-14.647883048066323,
RPOWER,2025-04-24,down,1,-0.0985265084176401,
RPOWER,2025-05-23,up,1,23.50126481374195,
RPOWER,2025-05-26,up,2,8.87183694274345,
RPOWER,2025-05-30,down,1,28.648950955949616,
RPOWER,2025-06-02,down,2,6.278529248932263,
RPOWER,2025-06-05,up,2,2.386163975714095,
RPOWER,2025-06-09,up,4,10.263753873461923,
RPOWER,2025-06-10,up,5,6.67218262049496,
RPOWER,2025-06-11,up,6,-6.255790286980856,
RPOWER,2025-06-30,down,1,-9.059020784188876,
RPOWER,2026-04-22,down,1,-7.441092033481034,
RPOWER,2026-04-23,down,2,-11.524342747790872,
RRKABEL,2025-05-06,down,1,7.24257212553463,
RRKABEL,2025-05-12,up,1,11.92165022397873,
RRKABEL,2025-05-13,down,1,7.887055308336555,
RRKABEL,2025-05-14,up,1,6.903309464124385,
RRKABEL,2025-05-16,down,1,6.024433227872228,
RRKABEL,2025-05-30,down,1,-3.57874236636182,
RRKABEL,2026-05-04,up,1,16.347872289040243,
RRKABEL,2026-05-05,down,1,6.582153158609416,
RRKABEL,2026-05-07,down,1,10.47216499671264,
RRKABEL,2026-05-08,down,2,3.4267463106977925,
RRKABEL,2026-05-12,down,4,2.17561631500387,
RRKABEL,2026-05-14,up,2,7.425209372326025,
RRKABEL,2026-05-29,down,3,4.693705816634264,
RRKABEL,2026-06-01,down,4,1.3308470563455854,
RRKABEL,2026-06-03,down,1,13.890640693247391,
RRKABEL,2026-06-04,up,1,14.150320267180705,
RRKABEL,2026-06-16,up,3,-2.6876532487741245,
RRKABEL,2026-06-18,up,5,-4.549945695215607,
RRKABEL,2026-06-23,down,1,-8.188627209361776,
RRKABEL,2026-06-24,up,1,-1.4648732713876456,
RRKABEL,2026-06-25,up,2,-6.861608332698732,
RRKABEL,2026-06-29,down,1,-7.844951162687064,
RRKABEL,2026-07-28,down,1,7.550482879719067,
RRKABEL,2026-08-05,up,1,0.7789914448030233,
RRKABEL,2026-08-11,down,1,1.4395181756625464,
RRKABEL,2026-08-18,down,6,-14.455112080049181,
RRKABEL,2026-08-19,down,7,-16.105880048256104,
RRKABEL,2026-08-24,down,1,-19.169923455030734,
RVNL,2022-11-14,down,1,34.69127306451303,2.8100479804832545
RVNL,2022-11-15,up,1,30.125472635928794,9.35509661790217
RVNL,2022-11-16,up,2,18.11388893871988,2.725240195782219
RVNL,2022-11-24,up,3,12.306688343951278,4.670443864585749
RVNL,2022-11-25,up,4,0.0014233400599472645,8.768478119161415
RVNL,2022-11-28,up,5,-5.617471883478043,9.540321050896816
RVNL,2022-11-29,up,6,-9.200888307630905,-5.188691152553471
RVNL,2023-04-21,down,1,51.300052963153455,-0.8812020105001817
RVNL,2023-04-24,up,1,47.600559025259656,10.669220603243579
RVNL,2023-04-25,up,2,32.63261501143051,21.140778419741068
RVNL,2023-04-26,up,3,11.786744929899218,-0.828248211338245
RVNL,2023-05-02,up,6,-1.972263350616621,6.269006544685518
RVNL,2023-05-08,up,1,-14.91207738817738,-5.535611046568489
RVNL,2023-09-01,up,1,41.93240893299324,7.104667427008082
RVNL,2023-09-04,up,2,35.652671892336876,13.103547013135763
RVNL,2023-09-08,up,6,5.011804374109574,2.881130082460981
RVNL,2023-09-11,up,7,2.7132076326769505,17.926649252633165
RVNL,2023-09-12,down,1,-11.6801925453607,-13.496404834631425
RVNL,2023-10-03,down,1,-12.812751375594845,0.021627454890404962
RVNL,2023-12-04,up,5,3.7186945118803827,0.7818865170136746
RVNL,2023-12-11,up,2,2.361593484502289,3.7486819105043923
RVNL,2023-12-12,down,1,0.025314210037774565,-1.6257226132365798
RVNL,2023-12-14,up,2,-1.0068258791118279,-1.757380139300735
RVNL,2024-01-03,down,2,4.533214877494651,-1.1594502424564057
RVNL,2024-01-10,up,2,16.16520250413773,5.688488773065892
RVNL,2024-01-11,up,3,10.216985992156523,0.30170739077097775
RVNL,2024-01-12,up,4,16.457634437372228,-1.054607164109711
RVNL,2024-01-15,up,5,15.557475375049613,8.154877784988113
RVNL,2024-01-16,down,1,25.64535126540615,-3.6251649585807066
RVNL,2024-01-17,down,2,24.94115060908686,6.216067479451226
RVNL,2024-01-18,down,3,4.90451622929593,-0.558206891612445
RVNL,2024-04-23,up,3,-4.044617686925999,3.288502933613402
RVNL,2024-04-24,up,4,-7.231702987573286,2.3454157782516027
RVNL,2024-04-25,up,5,1.1017502945575686,0.1282851000745655
RVNL,2024-04-26,down,1,16.117378916352678,-0.8542801745625828
RVNL,2024-05-27,down,2,5.6528349833427916,-1.0198352071662642
RVNL,2024-06-03,up,2,1.9533505898495562,-0.4726290764128782
RVNL,2024-06-21,down,1,20.643692105636923,0.7309133345617669
RVNL,2024-06-24,up,1,17.05964546540091,0.12229369242309218
RVNL,2024-07-05,up,3,39.71366072212663,17.061753382511657
RVNL,2024-07-08,down,1,22.64654904155876,17.167422666007994
RVNL,2024-07-09,up,1,3.3780896566493634,-3.754396994640652
RVNL,2024-07-11,down,2,-5.191331260825304,0.9492119370835717
RVNL,2025-06-04,up,1,-7.016159352944196,1.0390271845655885
RVNL,2025-06-09,up,4,-9.425174934910885,-1.1465916340318016
SAGILITY,2024-12-17,down,2,6.642498099961469,-2.053669811784953
SAGILITY,2024-12-18,down,3,5.815057071233598,-5.76555767711282
SAGILITY,2024-12-20,down,5,12.285033850108773,2.8732294238042355
SAGILITY,2024-12-23,up,1,10.750217381791781,3.4100518611082986
SAGILITY,2024-12-24,down,1,-1.4240935569959312,6.767750165446751
SAGILITY,2024-12-26,up,1,-4.808674629432764,6.13191614215991
SAGILITY,2024-12-27,up,2,-9.330121154801995,7.095439805352388
SAGILITY,2024-12-30,down,1,-11.748350862794954,-1.6798654008011171
SAGILITY,2025-07-10,down,2,4.713452455059941,-0.048289553622649084
SAGILITY,2025-07-11,down,3,2.019039791822519,-1.504141677406956
SAGILITY,2025-07-15,up,1,1.0633052213238736,-2.0149811718508492
SAGILITY,2025-10-28,down,1,1.640585879135159,0.8539264836894045
SAGILITY,2025-10-29,up,1,-0.5175373356095192,7.110321989103108
SAGILITY,2025-10-30,down,1,-6.533220228269587,6.05885615801105
SAGILITY,2025-12-22,up,2,-5.2206114185385015,-1.0762277972820034
SAGILITY,2026-07-27,up,1,-1.8630970052098128,-0.08090164795727661
SAGILITY,2026-07-28,down,1,-4.245041567231411,-1.5422837530004174
SAGILITY,2026-07-29,up,1,-5.410935630879942,-1.058405848101851
SAGILITY,2026-07-30,up,2,-6.029105968282655,1.3316539964783214
SAIL,2022-07-29,up,3,3.7891523030983087,1.1262227048830509
SAIL,2022-08-01,up,4,2.650086782580474,-0.43327191835774714
SAIL,2022-08-03,up,6,1.730630234408559,-2.534669509625409
SAIL,2022-08-10,up,3,3.30029250470254,1.0216153341849
SAIL,2022-08-12,up,5,1.6709725760887029,1.485100541271267
SAIL,2022-08-16,up,6,-0.43698411396273507,0.2893095955876168
SAIL,2022-08-17,up,7,-2.116900157186319,-0.6174653889084558
SAIL,2022-12-01,up,8,-4.184959351336149,0.6145706154430108
SAIL,2022-12-02,down,1,-13.822196901588068,0.5984534697436761
SAIL,2023-01-18,up,2,-4.657315571065346,0.3344481888399642
SAIL,2023-01-19,down,1,-7.752895739513166,0.7571807239684869
SAIL,2023-07-10,up,1,6.121031515332875,1.633884233005456
SAIL,2023-07-13,up,1,3.7238035432985095,-0.661981032445369
SAIL,2023-07-17,up,3,0.04473545081133956,-0.6059603607261654
SAIL,2023-07-31,up,1,-8.700613050210915,1.5266296939696833
SAIL,2023-08-01,down,1,-11.745164997811862,-0.23593912246208104
SAIL,2023-11-29,up,2,8.039038114477993,-0.497512437810943
SAIL,2023-12-01,up,4,6.871048513240385,2.1379555715930643
SAIL,2023-12-04,up,5,4.942381186130218,-0.6031397971508756
SAIL,2023-12-05,up,6,15.600007239449054,0.6485879233373515
SAIL,2023-12-06,up,7,13.988651164690369,2.533285687324094
SAIL,2023-12-12,down,1,9.196843303546443,-0.8911934215332873
SAIL,2023-12-13,up,1,12.073774491680345,2.026451619095848
SAIL,2023-12-14,up,2,10.830310817979738,6.79837509244714
SAIL,2023-12-15,up,3,8.8987122065584,-0.7191215415129126
SAIL,2023-12-18,down,1,7.841910981384004,1.3459377153847818
SAIL,2023-12-27,up,4,-3.9374217253523303,-1.1345321962371147
SAIL,2023-12-28,up,5,-4.790765803634867,3.7957473505489503
SAIL,2023-12-29,down,1,-8.330772556373311,-0.6581922448365529
SAIL,2024-01-01,up,1,-13.909574946929126,-1.3679107240110233
SAIL,2024-02-02,up,1,15.960048996712061,3.6069166293647426
SAIL,2024-02-05,down,1,-9.553655538635475,5.335264641927373
SAIL,2024-02-06,up,1,-15.27190372460625,6.69197397478325
SAIL,2024-02-07,up,2,-17.420394596390764,-2.159276554656009
SAIL,2024-04-10,up,1,6.764967713393721,-0.6920451880215395
SAIL,2024-04-12,down,1,5.357453181989991,-2.1612235309085404
SAIL,2024-04-15,down,2,4.617390365680496,-5.008803890376667
SAIL,2024-04-24,up,4,-3.2474166735613985,4.180501205677056
SAIL,2024-04-25,up,5,0.0720992600794057,-0.8272905205051306
SAIL,2024-04-26,down,1,3.7265130868917806,1.0790554828157495
SAIL,2024-05-21,up,3,-21.66386820232692,3.035120256704671
SAIL,2024-12-12,down,1,-11.738029444476084,-0.5748246556039671
SAIL,2025-05-22,down,1,1.406994485711044,-0.21183609656960645
SAIL,2025-05-26,up,2,1.1740706814046042,0.21663590411689082
SAIL,2025-05-27,down,1,-1.8051286036354863,-0.6445242159254128
SAIL,2025-05-28,down,2,-2.319926817977336,1.3095313343332027
SAIL,2025-05-29,up,1,-2.845501302245368,-0.535755541594074
SAIL,2025-06-03,down,3,-1.2977581999336185,-1.373257864886579
SAIL,2025-06-05,up,2,-0.09376525943843861,-0.21338686969121223
SAIL,2025-06-06,up,3,-2.205393221770102,0.3935523488840964
SAIL,2025-06-09,up,4,-2.9317547399257293,-1.3800156065023383
SAIL,2025-07-21,up,1,-12.629833241013822,-0.35931276572716
SAIL,2025-09-19,down,1,-2.1806162398654627,-0.2612818095454439
SAIL,2025-09-22,down,2,-6.221654903011786,-1.3277310650201546
SAIL,2025-11-10,up,1,-6.206387602417951,0.196997819709277
SAIL,2026-01-22,up,1,3.5054637071594064,-0.9328996282373048
SAIL,2026-01-23,down,1,3.1748393573610922,-2.6957441714912322
SAIL,2026-01-29,up,3,-1.540246641334564,-2.361799769283246
SAIL,2026-02-06,up,1,3.0534867623552175,0.1554745346752595
SAIL,2026-02-11,up,4,-4.031418089767913,-0.3623013843709
SAIL,2026-02-25,up,1,-6.876657783623086,0.7233769801300527
SAIL,2026-04-17,up,1,6.516865956557827,0.2715755306424317
SAIL,2026-04-21,up,3,4.739455568585171,-0.32124220951217364
SAIL,2026-04-27,up,1,11.860416088279058,2.3530304106871514
SAIL,2026-04-28,down,1,8.087873605434147,0.4045134834056441
SAIL,2026-05-06,up,1,5.927260082969865,-1.9971564764895366
SAIL,2026-05-13,up,1,3.0595043462967375,6.031522179130611
SAIL,2026-05-14,up,2,-6.295066889077184,-1.6580062569123366
SAIL,2026-08-28,up,1,-12.118793790964855,0.3126890248582148
SAILIFE,2026-05-19,down,1,2.689990386658092,
SAILIFE,2026-05-25,up,2,6.0939902161912585,
SAILIFE,2026-06-08,down,2,1.8520820758340717,
SAILIFE,2026-06-09,up,1,0.7765715398466488,
SAILIFE,2026-09-02,down,3,5.058041560526716,
SAILIFE,2026-09-03,down,4,2.752692686157765,
SAILIFE,2026-09-08,down,2,-6.04645633269617,
SAILIFE,2026-09-09,down,3,-7.58853446175245,
SAMMAANCAP,2021-10-19,down,1,-3.999469072188555,
SAMMAANCAP,2021-12-13,down,2,-17.3338012058862,
SAMMAANCAP,2021-12-15,down,4,-19.843163290005418,
SAMMAANCAP,2021-12-16,up,1,-19.453824704463607,
SAMMAANCAP,2022-08-10,up,3,1.27369918269562,
SAMMAANCAP,2022-08-17,up,7,4.425683686617643,
SAMMAANCAP,2022-08-18,up,8,3.859445863480593,
SAMMAANCAP,2022-08-25,down,1,-6.555778044581729,
SAMMAANCAP,2022-09-09,up,2,-20.426076980640385,
SAMMAANCAP,2022-11-15,up,1,1.6360002087142833,
SAMMAANCAP,2022-12-14,up,3,4.11031827797641,
SAMMAANCAP,2022-12-21,down,2,0.33918138332880154,
SAMMAANCAP,2023-05-29,up,3,-3.323315627300738,
SAMMAANCAP,2023-06-30,up,4,8.38960327715248,
SAMMAANCAP,2023-07-03,up,5,3.5079727907161296,
SAMMAANCAP,2023-07-05,up,7,-2.3617295609665967,
SAMMAANCAP,2023-07-06,up,8,-3.448541299992647,
SAMMAANCAP,2023-07-27,down,1,17.611784368559213,
SAMMAANCAP,2023-07-28,down,2,14.967802952455056,
SAMMAANCAP,2023-07-31,up,1,6.314312331798755,
SAMMAANCAP,2023-08-02,down,2,8.48606462449557,
SAMMAANCAP,2023-08-03,down,3,13.216809924081318,
SAMMAANCAP,2023-08-04,up,1,0.4809144044527702,
SAMMAANCAP,2023-08-09,up,1,1.6476959692310666,
SAMMAANCAP,2023-08-10,down,1,0.7550032478418567,
SAMMAANCAP,2023-08-28,up,1,-4.343161252010619,
SAMMAANCAP,2023-08-31,down,1,-7.236622120901037,
SAMMAANCAP,2023-09-18,down,1,-11.935714418221233,
SAMMAANCAP,2023-11-30,up,3,7.868080579912395,
SAMMAANCAP,2023-12-01,up,4,1.69459093085349,
SAMMAANCAP,2023-12-15,up,3,0.8214749040424074,
SAMMAANCAP,2023-12-18,down,1,-5.8447180876735505,
SAMMAANCAP,2024-01-11,up,3,-16.68205978055043,
SAMMAANCAP,2025-09-19,down,1,8.867015470492179,
SAMMAANCAP,2025-09-29,down,7,15.977946153719369,
SAMMAANCAP,2025-09-30,down,8,9.919924940877367,
SAMMAANCAP,2025-10-01,up,1,5.443210478233196,
SAMMAANCAP,2025-10-20,up,4,11.775528576888572,
SAMMAANCAP,2025-10-21,up,5,8.6567860659025,
SAMMAANCAP,2025-10-24,down,1,-0.8633476776808591,
SAMMAANCAP,2025-10-27,up,1,-1.0014589140349583,
SAMMAANCAP,2025-11-03,up,1,-21.156616139581942,
SAMMAANCAP,2026-02-19,down,1,-3.3063645292332855,
SAMMAANCAP,2026-02-20,up,1,-4.388516549112675,
SAMMAANCAP,2026-02-24,down,1,-9.379254046110052,
SAMMAANCAP,2026-02-25,up,1,-12.990951883702472,
SAMMAANCAP,2026-06-04,up,1,-7.08030405691037,
SAMMAANCAP,2026-06-05,down,1,-10.053398605073504,
SARDAEN,2025-08-20,up,5,-4.320434124881545,
SAREGAMA,2024-09-30,down,2,-13.336795105637744,
SAREGAMA,2024-10-01,down,3,-22.358610032852656,
SAREGAMA,2026-06-01,down,4,6.959561606646525,
SAREGAMA,2026-06-08,down,2,-0.8610392712844805,
SAREGAMA,2026-06-23,down,1,3.237578886032999,
SAREGAMA,2026-06-29,down,1,1.2388790977142294,
SBICARD,2022-03-30,up,3,-7.253850114741578,-1.612193710200538
SBICARD,2022-07-06,up,1,5.678836301694212,2.256232301855965
SBICARD,2022-07-12,down,2,1.5818528814607324,-0.6075637521722577
SBICARD,2022-07-20,up,4,7.073643454301459,1.1734425094985124
SBICARD,2022-07-21,up,5,4.821699260394463,0.16809652576827983
SBICARD,2022-07-28,up,2,11.078737688353414,3.2206507895547354
SBICARD,2022-07-29,up,3,6.181255989683487,0.36717565090509385
SBICARD,2022-08-17,up,7,-1.0726688252069572,0.9609274422636815
SBICARD,2022-09-08,up,1,-6.364010736519232,0.3316749585406287
SBICARD,2022-09-20,up,2,-10.386246224522022,-1.527907888990765
SBICARD,2023-05-12,up,1,4.646702833630512,-0.7778992406571539
SBICARD,2023-05-15,up,2,4.239620552473267,1.5367368405162507
SBICARD,2023-05-29,up,3,-0.2275431031959374,0.2517851267437976
SBICARD,2023-05-30,up,4,-2.7976162829640105,-0.1658206859275202
SBICARD,2023-05-31,down,1,-4.5646652233888645,-1.321712964064925
SBICARD,2024-04-25,up,5,-6.377557343615436,0.17038219052558645
SBICARD,2024-09-03,up,14,6.506242106853777,1.757258122094263
SBICARD,2024-09-06,down,3,0.6934424137957418,2.5503099423050513
SBICARD,2024-09-13,down,1,-10.429378696783164,-1.3430414937703694
SBICARD,2025-01-21,down,1,7.300102390925289,-0.8096802801759062
SBICARD,2025-01-29,up,2,6.265230153245982,-2.358878399597264
SBICARD,2025-02-01,down,1,9.408198850496552,4.401267320685576
SBICARD,2025-02-03,down,2,2.6481241764706898,-0.43782288318454654
SBICARD,2025-02-13,down,7,-1.8727992884991718,1.2069011116890405
SBICARD,2025-02-14,down,8,-3.245535682966838,-0.8646816840597094
SBICARD,2025-04-16,up,3,-1.6562172509941742,-0.10377732591985156
SBICARD,2025-04-17,up,4,0.3516510675827256,1.2622587155056264
SBICARD,2025-04-21,up,5,-2.7878256749361507,-0.27834396300434605
SBICARD,2025-04-24,down,1,-2.001869701170167,-5.977671040048127
SBICARD,2025-10-07,up,4,-0.06417611972865389,0.3801280258026507
SBICARD,2025-10-08,down,1,-3.572944903491293,0.12846054192932055
SBICARD,2026-07-28,down,1,-6.999954634124206,0.2207805955027453
SBICARD,2026-08-03,up,4,-2.952431275498202,-0.2587399581115646
SBILIFE,2022-01-12,up,4,3.291874780970483,0.6493324776863707
SBILIFE,2022-01-14,down,1,-9.729702005436724,-0.8683743196684968
SBILIFE,2022-01-17,up,1,-11.532921017700836,0.730378461152692
SBILIFE,2022-04-18,down,4,-7.667666062124978,1.2064101101253444
SBILIFE,2022-07-29,up,3,6.162266233469849,7.884265079938091
SBILIFE,2022-08-01,up,4,-1.8092607259997728,-0.09330605907549305
SBILIFE,2022-08-18,up,8,-2.271387108976297,-0.5728360468663318
SBILIFE,2023-05-29,up,3,2.089870502750224,0.40766291384133346
SBILIFE,2023-05-31,down,1,0.6252142274736361,0.27789257266579437
SBILIFE,2023-06-16,up,1,2.43299134051429,1.486512021933395
SBILIFE,2023-06-20,up,1,0.16868902447648715,-0.23565176227585694
SBILIFE,2023-07-13,up,1,-5.49506521223001,-0.4635961018940926
SBILIFE,2023-09-15,up,3,-4.7898447261670585,0.5444941377989787
SBILIFE,2023-09-18,down,1,-5.237966342642098,-0.8485213798673175
SBILIFE,2023-12-04,up,5,2.0124258411661433,0.12222623904698526
SBILIFE,2023-12-05,up,6,1.0543362410220247,-0.2724057822500625
SBILIFE,2023-12-07,down,1,0.1344730556174012,-1.6533375422684182
SBILIFE,2023-12-12,down,1,-4.572322049438093,-0.5176300416877888
SBILIFE,2024-02-16,up,4,2.1083447855123394,1.1086546894421012
SBILIFE,2024-02-23,down,1,-2.6091650046825565,0.10068085420875672
SBILIFE,2024-02-26,down,2,-5.34876630122374,0.6391993703168453
SBILIFE,2024-02-27,up,1,-6.582703740658702,-1.0996276674005157
SBILIFE,2024-06-28,down,1,4.736633070034113,0.2449382216907825
SBILIFE,2024-07-01,up,1,3.4857735638136766,0.04686674080465192
SBILIFE,2024-07-05,up,3,2.119685922649772,0.19363949896678
SBILIFE,2024-07-10,down,1,4.796036956616101,1.4542840993255535
SBILIFE,2024-07-15,up,2,7.450012638340953,2.253067428086486
SBILIFE,2024-07-16,up,3,4.07583274802974,-0.5527624018537791
SBILIFE,2024-07-18,up,4,2.8888279788543247,-0.9587325448327411
SBILIFE,2024-07-25,down,5,0.9338169923722051,0.775443450204083
SBILIFE,2024-07-26,up,1,-2.2403442385121375,2.4939677050756615
SBILIFE,2024-08-01,up,5,0.15177518353388653,-1.4882247175574959
SBILIFE,2024-08-21,up,5,2.7978059797571175,0.6763933143272505
SBILIFE,2024-08-27,up,9,3.6941739414525276,0.9491263189124188
SBILIFE,2024-08-29,up,11,1.3538214281162642,-1.2648795299825433
SBILIFE,2024-09-02,up,13,2.1818905404038746,0.5774396093322975
SBILIFE,2024-09-03,up,14,0.8416865699955478,0.30863156511224954
SBILIFE,2025-01-17,down,1,-5.64330608537007,-0.31718116033907506
SBILIFE,2025-04-25,down,2,7.396426832789538,2.5423510437369012
SBILIFE,2025-05-05,up,2,-0.0775762119548995,-0.895050697974753
SBILIFE,2025-05-06,down,1,-2.5069314469814197,-4.594279474807972
SBILIFE,2025-05-23,up,1,1.3970837709979866,0.34144289886157697
SBILIFE,2025-10-27,up,1,6.393261726861299,1.5787933753052652
SBILIFE,2025-10-28,down,1,3.68656863235417,0.024849785987179906
SBILIFE,2025-10-29,up,1,3.670586265971254,0.7708194808914381
SBILIFE,2025-11-04,down,1,1.7563793142098216,-0.7635581997372132
SBILIFE,2025-11-10,up,1,0.6494461617033487,-0.9493438787071207
SBILIFE,2025-11-20,up,2,-1.0399215512167936,-0.05372316320615411
SBILIFE,2025-11-24,down,2,-0.35550473939051086,-3.4159897160818575
SBIN,2021-10-05,up,2,0.43351882459619073,-0.47610814398032497
SBIN,2021-10-11,up,3,3.643144384978636,-0.7087703731871398
SBIN,2021-10-12,up,4,2.781176441039901,1.848894573682669
SBIN,2021-10-14,up,6,7.095911283712852,1.1091833237537374
SBIN,2021-10-18,up,7,6.604058257646961,0.8019252364900087
SBIN,2021-10-19,down,1,4.149913985772247,-2.920529529405125
SBIN,2021-10-20,down,2,0.5681615259179651,-0.3593729739825191
SBIN,2021-10-25,up,1,-3.157694088465235,-0.7126752862616992
SBIN,2021-10-26,up,2,-3.83710854995426,-0.8353324962260156
SBIN,2021-10-27,down,1,-3.2625418017682373,-0.2286976261248852
SBIN,2021-11-03,down,2,-11.139940082670563,0.38070530512348544
SBIN,2022-01-17,up,1,2.9613326911571702,-0.4006258871174784
SBIN,2022-01-27,down,1,-3.8995582968998965,2.348696637699077
SBIN,2022-01-28,down,2,-3.4122012164140347,-0.8442717506034425
SBIN,2022-01-31,up,1,-5.05155378832185,0.9030142815626752
SBIN,2022-02-01,up,2,-8.3157016910818,-1.2793308017450156
SBIN,2022-04-01,up,1,-0.10226919029479031,0.6486905676125421
SBIN,2022-04-04,up,2,-2.937494967536014,0.41016582883768304
SBIN,2022-04-07,down,3,-5.391713626525529,0.0998060509572074
SBIN,2022-07-19,up,3,6.725990135385795,1.230064032771172
SBIN,2022-07-20,up,4,5.420151302467802,1.7478050077477603
SBIN,2022-07-21,up,5,2.932265015138169,0.057878657914467446
SBIN,2022-07-22,up,6,2.3708855584126276,-0.4975124378109319
SBIN,2022-07-27,up,1,3.5719995055863762,1.8715991289151024
SBIN,2022-07-28,up,2,1.7837434394290197,0.46005005981755165
SBIN,2022-08-02,up,5,-3.6630754295383317,0.3170240729492235
SBIN,2022-09-09,up,2,4.137925196588865,1.0688889095181064
SBIN,2022-09-14,down,1,-4.5309190133317685,1.7324072126810197
SBIN,2022-09-15,down,2,-8.226107052837827,-1.4927969951415876
SBIN,2022-11-04,up,1,2.997211061821825,3.7418549353547714
SBIN,2022-11-07,up,2,1.4360270593976487,3.511254732480573
SBIN,2023-04-25,up,2,3.5771552640689874,0.657725206880122
SBIN,2023-04-28,up,5,1.1231918593932688,1.6225397165885225
SBIN,2023-05-05,down,1,0.384712339229476,-1.0456799768693847
SBIN,2023-05-18,down,3,0.26076223455120395,-2.4353254894031062
SBIN,2023-07-17,up,3,-5.7894860522544,0.04163909796526255
SBIN,2023-07-20,up,6,-5.505164187052191,0.4826068032938613
SBIN,2023-07-21,down,1,-6.467981655469757,0.19483461620151132
SBIN,2023-12-14,up,2,2.9421806691011243,0.7051767752695115
SBIN,2023-12-15,up,3,-0.6163923512663594,2.4982652510545655
SBIN,2023-12-18,down,1,-4.26329515284154,-0.7271335629544406
SBIN,2023-12-19,up,1,-5.642233908129879,-0.034641453087169705
SBIN,2024-02-08,down,1,9.108563096245526,3.2744694176850997
SBIN,2024-02-09,up,1,2.8935167212999824,0.48519059242946305
SBIN,2024-02-14,up,2,7.098206842466426,2.1459650699206634
SBIN,2024-02-15,up,3,2.560012230098674,1.4898802190824512
SBIN,2024-02-16,up,4,0.47927899768176463,-1.1877767957293006
SBIN,2024-03-05,down,1,-3.716149082761422,0.28955216381918447
SBIN,2024-04-25,up,5,4.237358461698082,3.9888315125593543
SBIN,2024-04-29,up,1,-0.2721762066581368,0.6718123544391386
SBIN,2024-06-03,up,2,-0.3792331063848575,6.096560289192965
SBIN,2024-07-15,up,2,-8.76126854504954,0.9150437721896054
SBIN,2025-07-16,up,2,-2.7796475010880894,1.2352275191806816
SBIN,2025-07-17,down,1,-3.9625639922986178,-0.7599275469735822
SBIN,2025-09-23,down,3,0.9293559880833246,0.396426951088813
SBIN,2025-09-24,down,4,-0.8958638321119539,-1.3738868946125748
SBIN,2025-10-10,up,2,2.8925592236918263,-0.3387773469695654
SBIN,2025-10-20,up,4,2.6162843230063793,0.9759806722186903
SBIN,2025-10-27,up,1,5.404352118170719,0.4888385508121429
SBIN,2025-10-28,down,1,5.37291988334192,0.1351029780046531
SBIN,2025-10-29,up,1,4.48904440107214,-0.11474531865861559
SBIN,2025-11-03,up,1,3.2915056415534716,-0.045564115881613354
SBIN,2025-11-04,down,1,2.565625286026574,1.1984340500017732
SBIN,2025-11-06,down,2,1.9348179881818028,-0.5545594035417878
SBIN,2025-11-19,up,1,-2.2243153022830864,0.44993499551850835
SBIN,2025-11-26,up,1,-1.815563112632823,-0.7238945544512876
SBIN,2026-01-02,up,3,5.0082975557236065,0.7467069331774212
SBIN,2026-01-06,down,2,2.128456567788839,0.20797168338821947
SBIN,2026-01-13,down,1,1.2807105904194982,0.08550995024876329
SBIN,2026-01-16,up,1,10.665613397196694,-0.05330727216529274
SBIN,2026-01-28,up,2,8.033965652552034,0.2095161332136275
SBIN,2026-01-29,up,3,7.009997521412759,-0.6469132960007284
SBIN,2026-01-30,down,1,6.074279763970858,-5.597591168431093
SBIN,2026-02-03,up,1,5.339354038123489,-2.1796375010053604
SBIN,2026-02-09,up,2,8.002835100933625,5.090253305853909
SBIN,2026-02-11,up,4,0.8389594488562357,2.002983350147014
SBIN,2026-02-12,down,1,-4.226237234878227,-0.3718250851007965
SBIN,2026-02-16,up,1,-8.061255879917528,-0.29911714903758657
SBIN,2026-02-17,up,2,-10.445304481517216,0.03599093850208401
SBIN,2026-06-25,up,2,-0.630718684393583,-0.616454883312012
SCHAEFFLER,2024-05-27,down,2,2.24202748254696,
SCI,2023-09-08,up,6,-6.611284772969839,
SCI,2023-12-20,down,1,0.07764644983176971,
SCI,2024-01-02,down,1,5.529498850613002,
SCI,2024-01-03,down,2,4.959719347365277,
SCI,2024-01-23,down,1,15.92925843436539,
SCI,2024-01-25,down,1,13.566090959612854,
SCI,2024-01-31,up,1,12.497215785392513,
SCI,2024-02-01,down,1,12.772506814471818,
SCI,2024-07-08,down,1,18.830689856291528,
SCI,2024-07-11,down,2,0.1801008921287428,
SCI,2024-07-12,up,1,-20.268416305951508,
SCI,2025-05-22,down,1,4.945069394928581,
SCI,2025-05-23,up,1,12.627287614766924,
SCI,2025-05-28,down,2,9.728194524878099,
SCI,2025-06-03,down,3,8.730137701257812,
SCI,2025-06-04,up,1,7.87869633324656,
SCI,2025-06-05,up,2,5.574927957685305,
SCI,2025-06-13,down,2,0.726133943551055,
SCI,2025-06-16,up,1,-3.9222489622283585,
SCI,2025-07-07,up,2,-7.671738704961129,
SCI,2025-10-14,down,2,6.922942373320917,
SCI,2025-10-23,up,6,10.59073763349363,
SCI,2025-10-24,down,1,2.402518355200467,
SCI,2026-02-10,up,3,-7.959453722982768,
SCI,2026-02-12,down,1,-11.659064253814865,
SCI,2026-05-05,down,1,4.605488734588858,
SCI,2026-05-08,down,2,-8.380841764444435,
SCI,2026-05-11,down,3,-12.697379131290997,
SHREECEM,2022-09-07,down,2,-2.818725800046318,3.032509293885366
SHREECEM,2022-09-08,up,1,-7.041826815364582,3.7762383753058515
SHREECEM,2022-09-09,up,2,-15.882406258998405,-1.62131464862183
SHREECEM,2022-11-09,down,1,1.1319228501036172,-2.593861931034336
SHREECEM,2023-02-17,down,1,1.8421268780230093,1.1822713641326699
SHREECEM,2023-02-20,down,2,-3.6498855909757655,1.0685505323949185
SHREECEM,2023-06-14,up,3,-8.092828074539582,-0.43641590151833887
SHREECEM,2023-06-19,down,1,-9.711481948684597,-2.3443389115030744
SHREECEM,2023-09-15,up,3,-1.7637746139683719,0.15711266457421047
SHREECEM,2024-06-26,up,3,0.6682896290181706,-2.432529591116661
SHREECEM,2024-07-01,up,1,-0.7786673221598095,-0.10502550407439637
SHREECEM,2025-03-28,down,1,0.8205741572157699,-0.3404174268502702
SHREECEM,2025-07-22,down,1,-4.471329226008858,2.0626936352177605
SHRIRAMFIN,2021-10-26,up,2,0.6131711087054015,-1.7614078212388917
SHRIRAMFIN,2021-11-02,down,1,4.308431408164615,-1.0614491384246194
SHRIRAMFIN,2021-11-03,down,2,1.952231805793092,-1.397794194938018
SHRIRAMFIN,2021-11-08,up,2,-14.847058596631847,1.4970762424805661
SHRIRAMFIN,2021-11-09,down,1,-13.978014121011695,-3.7119815726522565
SHRIRAMFIN,2022-07-05,down,1,7.165379853089782,-2.3422808534149464
SHRIRAMFIN,2022-07-07,up,2,6.0818299027170175,0.21243135435662364
SHRIRAMFIN,2022-07-18,up,2,9.90343673605496,3.9117101451965786
SHRIRAMFIN,2022-07-20,up,4,-1.402118345921255,-1.615991484613366
SHRIRAMFIN,2022-07-21,up,5,-4.898217614846068,1.9878750862228234
SHRIRAMFIN,2022-07-22,up,6,-7.527634674700289,-0.18920222187618352
SHRIRAMFIN,2022-07-25,down,1,-10.073615049442186,-0.7562357393413488
SHRIRAMFIN,2022-11-22,up,1,3.760485379757994,2.5563922664811667
SHRIRAMFIN,2022-11-23,up,2,-0.8610184510676855,-1.5256159124196866
SHRIRAMFIN,2022-11-30,up,7,-0.02662553469400253,-1.7020944061023613
SHRIRAMFIN,2022-12-15,down,1,-4.830913913646217,-0.7138243937975464
SHRIRAMFIN,2023-06-19,down,1,18.15686615508325,0.09831084100457854
SHRIRAMFIN,2023-06-20,up,1,15.035461977373465,13.736071288940611
SHRIRAMFIN,2023-06-21,up,2,9.783630685224542,11.669031459431523
SHRIRAMFIN,2023-07-05,up,7,1.6078750177893841,-0.05091048132723763
SHRIRAMFIN,2023-07-21,down,1,2.9811604216376075,0.13349155910866717
SHRIRAMFIN,2023-07-31,up,1,-1.7278767037362752,0.8340520278614205
SHRIRAMFIN,2023-09-08,up,6,-1.6767026951521102,0.8735206618738056
SHRIRAMFIN,2023-09-11,up,7,-6.048977963325908,0.005092280289931139
SHRIRAMFIN,2023-11-15,up,3,2.7653513371121097,-0.06328498790268977
SHRIRAMFIN,2023-12-04,up,5,-0.2107588863664578,2.666627283492029
SHRIRAMFIN,2024-01-05,up,2,5.384809334750473,0.9586187050736328
SHRIRAMFIN,2024-01-08,down,1,4.2107724418467996,0.8669758219365775
SHRIRAMFIN,2024-01-11,up,3,7.731005152433057,2.5345178732391505
SHRIRAMFIN,2024-01-12,up,4,4.679994683165956,1.0298853485827042
SHRIRAMFIN,2024-01-16,down,1,4.077759977909978,-0.8906678762653608
SHRIRAMFIN,2024-01-25,down,1,-3.5955745228122837,3.638215711312287
SHRIRAMFIN,2024-01-29,up,1,-4.333066868218205,1.8727505172270176
SHRIRAMFIN,2024-01-30,down,1,-1.5304328862604244,-0.1715407150343906
SHRIRAMFIN,2024-06-24,up,1,-4.523630861847694,0.5046583084064915
SHRIRAMFIN,2024-06-25,up,2,-3.131399713021177,2.8008698969738344
SHRIRAMFIN,2024-06-26,up,3,-4.89883549375516,-0.9270359627642888
SHRIRAMFIN,2024-08-19,up,3,6.301335360787741,2.632814616001844
SHRIRAMFIN,2024-08-20,up,4,4.161528604697362,1.2748236506890276
SHRIRAMFIN,2024-08-27,up,9,3.4233245447429894,0.5942076451597833
SHRIRAMFIN,2024-09-09,up,1,2.727110805518951,0.5265157851458424
SHRIRAMFIN,2024-09-12,up,1,6.561471103865535,1.3447375655278648
SHRIRAMFIN,2024-09-17,up,2,4.958012001791845,-0.36299688953758125
SHRIRAMFIN,2024-09-18,down,1,4.143597006561284,2.5104552539380487
SHRIRAMFIN,2024-09-19,up,1,0.569592089104165,-1.909691723003648
SHRIRAMFIN,2025-03-04,down,10,5.49632981237167,-1.0345138457020453
SHRIRAMFIN,2025-03-06,up,2,4.255196520461446,0.5716477355867999
SHRIRAMFIN,2025-03-19,up,3,-6.123957422968851,5.495878466044779
SHRIRAMFIN,2025-03-20,up,4,-1.3198434902972789,-1.7530394222844525
SHRIRAMFIN,2025-06-26,up,3,-4.037780343639586,1.384380675314567
SHRIRAMFIN,2025-06-30,down,1,-7.796184686673646,-0.4342273910927119
SHRIRAMFIN,2025-10-14,down,2,2.2202108932806386,-0.4975124378109319
SHRIRAMFIN,2025-10-20,up,4,3.271579857795137,1.212402339308949
SHRIRAMFIN,2025-10-23,up,6,5.170844610721992,1.2685036772188907
SHRIRAMFIN,2025-10-24,down,1,2.372153472557992,-0.046961292457936565
SHRIRAMFIN,2025-10-27,up,1,1.579616554779295,-1.0271069090683205
SHRIRAMFIN,2025-10-29,up,1,8.515348155806791,0.6197292796724652
SHRIRAMFIN,2025-10-30,down,1,6.818647830783542,-1.630815048488865
SHRIRAMFIN,2025-10-31,down,2,8.616508583142778,1.491607642749604
SHRIRAMFIN,2025-11-03,up,1,5.519426578607467,2.4301750242336384
SHRIRAMFIN,2025-11-04,down,1,1.5487571107830833,-1.4055921922226933
SHRIRAMFIN,2025-11-07,down,3,4.690567905900811,0.46188334267238673
SHRIRAMFIN,2025-11-10,up,1,3.9436931908673145,-0.3640364535933083
SHRIRAMFIN,2025-11-12,up,3,2.284686985603712,-1.369187651076953
SHRIRAMFIN,2025-11-26,up,1,2.144150929057975,1.6477303380847408
SHRIRAMFIN,2025-11-27,up,2,0.7305600335535178,0.8000705010092979
SHRIRAMFIN,2025-12-17,down,3,3.0569684878188896,-0.7375225463341017
SHRIRAMFIN,2025-12-19,up,1,11.133237580629608,4.279602604359689
SHRIRAMFIN,2025-12-22,up,2,6.680611655903568,2.247385100445376
SHRIRAMFIN,2025-12-23,up,3,2.6034323016963734,0.36153328036796495
SHRIRAMFIN,2025-12-24,down,1,1.5185556627196561,1.2231384744952667
SHRIRAMFIN,2025-12-31,up,1,1.6146188549733376,0.6747732906387638
SHRIRAMFIN,2026-01-01,up,2,-0.1642481906551474,1.9447839281244494
SHRIRAMFIN,2026-02-09,up,2,0.5534019771521681,1.738071468300606
SHRIRAMFIN,2026-02-12,down,1,-6.11654651175082,0.8070715312565424
SHRIRAMFIN,2026-02-25,up,1,-13.160473002181462,-0.43351640762733235
SHRIRAMFIN,2026-02-26,up,2,-14.709559455150034,-0.13403303119107202
SHRIRAMFIN,2026-06-24,up,1,0.19694476661129556,0.744680447113133
SHRIRAMFIN,2026-06-25,up,2,0.038985038837568986,0.23714195005382077
SHRIRAMFIN,2026-07-02,up,2,-3.580522431697908,1.6549620067240367
SHRIRAMFIN,2026-07-03,up,3,-6.620030047155645,-0.9713315389381139
SHRIRAMFIN,2026-07-07,down,1,-4.232878656733652,-2.659609948408659
SHRIRAMFIN,2026-08-05,up,1,1.5470592244258174,2.6829323701129226
SHRIRAMFIN,2026-08-06,up,2,-2.3946574990847957,0.5308432298254839
SHYAMMETL,2023-12-28,up,5,1.7696808158707222,
SHYAMMETL,2024-01-01,up,1,4.998127451081569,
SHYAMMETL,2024-01-02,down,1,2.5648166783527104,
SHYAMMETL,2024-01-03,down,2,1.4042935171238558,
SHYAMMETL,2024-01-04,up,1,-2.0407563364859382,
SHYAMMETL,2024-01-12,up,4,3.550143167660469,
SHYAMMETL,2024-01-23,down,1,2.7085201289678285,
SHYAMMETL,2024-01-29,up,1,-6.0917163999750334,
SHYAMMETL,2024-01-30,down,1,-7.991946131755312,
SHYAMMETL,2024-08-22,up,6,9.131552391009844,
SHYAMMETL,2024-09-12,up,1,8.763622816926997,
SHYAMMETL,2024-09-13,down,1,7.1095199661879604,
SHYAMMETL,2024-09-16,up,1,4.160655699212978,
SHYAMMETL,2024-09-17,up,2,1.3922661789681268,
SHYAMMETL,2024-09-20,up,2,-0.3606677837105887,
SIEMENS,2022-08-10,up,3,2.9233820450125014,-0.4445577785255228
SIEMENS,2022-08-11,up,4,1.7929459836754091,-0.8484183645619092
SIEMENS,2022-08-16,up,6,1.7867966998778684,1.2018749649765903
SIEMENS,2022-08-26,up,1,2.9649538504680883,-2.9902190877607815
SIEMENS,2022-09-13,up,4,-4.849289540843616,0.3775068686958649
SIEMENS,2022-09-14,down,1,-11.566145253373072,1.1933692384143768
SIEMENS,2022-09-15,down,2,-13.042431025958056,-2.3069724350244236
SIEMENS,2023-02-15,up,2,3.2706680952186318,1.7894169194692777
SIEMENS,2023-02-21,down,3,0.6490636316337284,0.8802175846187366
SIEMENS,2023-05-08,up,1,6.245489512667302,1.6568684802672706
SIEMENS,2023-05-09,up,2,4.640311198759828,-1.035363721930882
SIEMENS,2023-05-10,up,3,3.9589642247086942,-0.5736527760553778
SIEMENS,2023-05-11,down,1,-6.465333697391973,1.4926418805459862
SIEMENS,2023-05-12,up,1,-7.267177593521746,2.164939390132692
SIEMENS,2023-06-19,down,1,-1.3461261017997717,0.31443374318043116
SIEMENS,2023-06-21,up,2,-3.390602563533529,-1.326708455904324
SIEMENS,2023-11-29,up,2,2.1172503600829895,-0.96278943508179
SIEMENS,2023-12-01,up,4,11.980874141682873,2.8016471059366888
SIEMENS,2023-12-04,up,5,8.960614976984282,0.2935196392716888
SIEMENS,2023-12-06,up,7,6.978094381196298,-0.03359910430307256
SIEMENS,2023-12-13,up,1,4.947296781490107,0.1490200354419713
SIEMENS,2023-12-18,down,1,5.500311077510012,4.408423147181995
SIEMENS,2024-01-09,up,1,3.804843021708759,1.0418844382091397
SIEMENS,2024-02-21,down,1,5.066025304900723,-1.5987256589211185
SIEMENS,2024-02-22,up,1,4.598348123894236,0.3388184568043018
SIEMENS,2024-02-27,up,1,1.9830094562572897,-0.0871633010895323
SIEMENS,2024-02-29,up,1,5.561936568060855,0.3856689954447656
SIEMENS,2024-03-11,down,1,3.3219103746133127,-0.8037792391195286
SIEMENS,2024-03-26,down,1,11.296161597760612,2.146757251830933
SIEMENS,2024-03-27,up,1,12.29655668613885,2.9570033863484557
SIEMENS,2024-03-28,up,2,7.083987209660481,-0.14758293416385904
SIEMENS,2024-04-01,up,3,6.192444039089029,0.7902188694196344
SIEMENS,2024-04-02,down,1,3.8155332769278516,-0.816970136697126
SIEMENS,2024-04-03,down,2,2.512976356470209,0.3386379508564241
SIEMENS,2024-04-04,up,1,1.1864760006072395,-1.0167357617516304
SIEMENS,2024-04-22,up,2,5.3251955941236995,0.019827950797313143
SIEMENS,2024-04-30,down,1,4.151905313551363,-0.3832603936268608
SIEMENS,2024-05-02,up,1,2.606220419105232,-0.7150652429026128
SIEMENS,2024-05-06,down,2,10.23712179365992,2.309160959897838
SIEMENS,2024-05-07,down,3,6.313174053979731,-1.7308546007878456
SIEMENS,2024-05-08,down,4,5.433426959449483,0.6380288305581905
SIEMENS,2024-05-13,up,2,11.786028775131596,4.5836018202674245
SIEMENS,2024-05-14,up,3,-4.883770723777214,4.7865990462805375
SIEMENS,2024-05-15,down,1,-5.391164257020131,5.7019505512203805
SIEMENS,2024-05-21,up,3,-5.274253566783182,0.6685377796382896
SIEMENS,2024-05-23,up,5,0.17423572068160365,-0.5245950596164062
SIEMENS,2024-06-14,up,4,3.1445550886273432,4.258430549021908
SIEMENS,2024-10-09,down,1,3.720469419187289,1.4793554897718941
SIEMENS,2024-10-15,down,1,-11.072128689735905,0.5895380761575586
SIEMENS,2024-10-16,down,2,-10.971656405263431,0.8434814154714809
SIEMENS,2024-12-16,down,1,-18.97110111014363,-0.6162689159873502
SIEMENS,2025-05-29,up,1,0.5516042496039875,-0.14087269744467168
SIEMENS,2025-06-09,up,4,-4.166961401523183,0.20985121784444782
SIEMENS,2025-12-02,down,3,-6.421207909638371,0.6818514653080143
SIEMENS,2026-02-24,down,1,2.5502603850284356,1.2993489694653082
SIEMENS,2026-02-27,down,1,-12.443083498053742,-0.49165388687084643
SIEMENS,2026-04-22,down,1,-2.9463180840417547,1.131522214646341
SIEMENS,2026-05-04,up,1,-6.45337781739852,-1.7677582053364227
SIEMENS,2026-07-31,up,3,4.152136513693239,-0.5851928296600972
SIEMENS,2026-08-03,up,4,7.486935281907581,2.407827425312603
SIEMENS,2026-08-04,down,1,4.827972811996362,2.814990349150537
SIEMENS,2026-08-12,down,2,0.48437059364287993,-1.8115775920164334
SIEMENS,2026-08-25,up,1,-9.587127677396111,-0.5265111298342506
SIGNATURE,2024-07-08,down,1,0.1293268405980985,
SIGNATURE,2024-09-23,up,3,-4.180650290416443,
SIGNATURE,2024-09-24,up,4,-5.107977544577247,
SIGNATURE,2024-09-26,up,6,-7.654869030044475,
SJVN,2023-07-24,down,2,12.612945036840205,
SJVN,2023-07-25,up,1,-3.9114040459802046,
SJVN,2023-08-29,up,2,24.662176893039266,
SJVN,2023-09-01,up,1,19.777295294928486,
SJVN,2023-09-04,up,2,17.025895731989603,
SJVN,2023-09-11,up,7,3.565321222106088,
SJVN,2023-09-12,down,1,-5.80950189235595,
SJVN,2023-11-21,up,1,15.073491689821218,
SJVN,2023-11-22,up,2,9.500925403352124,
SJVN,2023-11-24,down,2,8.711257247501948,
SJVN,2023-11-28,up,1,6.534465355395036,
SJVN,2023-12-01,up,4,4.745529022127681,
SJVN,2023-12-04,up,5,3.2508724746582285,
SJVN,2023-12-07,down,1,9.937839509994252,
SJVN,2023-12-12,down,1,5.282489358590237,
SJVN,2023-12-14,up,2,1.0488787582069836,
SJVN,2023-12-15,up,3,-4.5402748815518095,
SJVN,2024-01-15,up,5,32.53320710698282,
SJVN,2024-01-17,down,2,23.850873905727,
SJVN,2024-01-19,up,1,22.6105987264307,
SJVN,2024-01-23,down,1,19.811003949144144,
SJVN,2024-01-25,down,1,21.495526658552745,
SJVN,2024-01-29,up,1,19.043134348830847,
SJVN,2024-02-02,up,1,-16.933521334748015,
SJVN,2024-02-05,down,1,-18.17476100540428,
SJVN,2024-04-02,down,1,1.1380360021922664,
SJVN,2024-04-03,down,2,-0.5344519845884799,
SJVN,2024-04-05,down,1,-1.6319674789361138,
SJVN,2024-07-15,up,2,-14.060268020714496,
SJVN,2024-07-26,up,1,-11.109015746278494,
SOBHA,2024-01-04,up,1,28.737885238009532,
SOBHA,2024-01-11,up,3,9.250152111192843,
SOBHA,2024-01-18,down,3,-4.681879267973743,
SOLARINDS,2024-03-11,down,1,18.614090671959893,-0.8715998313260975
SOLARINDS,2024-03-14,up,1,14.712118359476435,1.7667044446331381
SOLARINDS,2024-03-15,down,1,10.820514747411236,5.80434462916386
SOLARINDS,2024-03-18,up,1,3.188584831986474,-3.9290144006854155
SOLARINDS,2024-03-22,up,3,-8.860432013104546,-0.3904053467859714
SOLARINDS,2024-07-02,down,1,5.771874125704013,8.533128976146177
SOLARINDS,2024-07-03,up,1,-3.3496503185591164,6.70508049564511
SOLARINDS,2024-07-10,down,1,-14.93416982862865,0.024232368075693955
SOLARINDS,2024-07-11,down,2,-16.44218816406675,-2.830706722191967
SOLARINDS,2025-03-19,up,3,3.5059321795135823,0.34117265685260634
SOLARINDS,2025-03-20,up,4,15.058781600227334,1.0340360154696082
SOLARINDS,2025-03-21,up,5,13.776723989730023,1.908985900402227
SOLARINDS,2025-03-24,up,6,11.092057307624948,2.442780346880613
SOLARINDS,2025-03-25,up,7,8.842235707907363,-2.046543837588599
SOLARINDS,2025-03-27,up,1,7.3965134119768905,-1.5494498232610288
SOLARINDS,2025-03-28,down,1,6.21601554337341,0.7527119485237099
SOLARINDS,2025-04-01,down,2,5.321862111683506,-1.8500796030922029
SOLARINDS,2025-04-15,up,2,11.824633287262753,4.557861886173686
SOLARINDS,2025-04-16,up,3,6.5510993219136004,0.6897095664771813
SOLARINDS,2025-04-17,up,4,4.888289558368331,0.2788930092862296
SOLARINDS,2025-04-21,up,5,9.518002343936649,1.5329861341925932
SOLARINDS,2025-04-22,up,6,9.053836392228298,3.086229926870998
SOLARINDS,2025-04-23,up,7,7.078192538624917,1.4311293586340534
SOLARINDS,2025-04-24,down,1,6.083039761284814,0.25130901932755023
SOLARINDS,2025-04-29,up,2,6.175887479893771,0.7069913589945243
SOLARINDS,2025-05-12,up,1,9.289617486338809,-3.140911368217447
SOLARINDS,2025-05-14,up,1,8.519245209892713,0.5075631941303671
SOLARINDS,2025-05-15,up,2,7.868631416738903,0.1565417638763833
SOLARINDS,2025-05-16,down,1,7.0489844683393255,1.9419033862943413
SOLARINDS,2025-05-22,down,1,10.230630791922257,4.366930255619184
SOLARINDS,2025-05-23,up,1,9.722768283194227,1.6086048425512534
SOLARINDS,2025-05-26,up,2,7.448462689799862,2.6188097847345437
SOLARINDS,2025-05-28,down,2,3.0300212333968846,0.42621782055456414
SOLARINDS,2025-05-29,up,1,2.044544325579767,0.11651093498874499
SOLARINDS,2025-06-03,down,3,4.112241728931854,1.694708830389069
SOLARINDS,2025-06-05,up,2,1.7838705046955727,0.6461265566238605
SOLARINDS,2025-06-17,down,1,-4.087479004068905,0.0891973084545361
SOLARINDS,2025-06-27,up,4,-11.657740775624392,0.6654887698770207
SOLARINDS,2026-03-02,down,2,-1.5467983304855215,1.50762978175214
SOLARINDS,2026-03-04,down,3,-3.238121877303324,4.5104568730141015
SOLARINDS,2026-03-05,up,1,-6.63164757076321,0.2045052496269406
SOLARINDS,2026-03-06,down,1,-19.786913230908198,1.2959235863406748
SOLARINDS,2026-04-22,down,1,3.820421139397201,0.24944420528727473
SOLARINDS,2026-04-23,down,2,2.993004665722876,3.0710050479247464
SOLARINDS,2026-05-08,down,2,3.6704567192173077,0.18678100588027657
SOLARINDS,2026-05-11,down,3,2.3648963037150805,-0.1228194480403677
SOLARINDS,2026-05-14,up,2,12.399716577906794,2.03195355534731
SOLARINDS,2026-05-15,down,1,7.927428724640273,4.3226978878064815
SOLARINDS,2026-05-18,up,1,4.047852784847894,3.0966297369982243
SOLARINDS,2026-05-19,down,1,-2.653793886447031,-0.7010390031158775
SOLARINDS,2026-05-21,down,1,-7.786185302270132,-1.0246636855725577
SOLARINDS,2026-05-27,down,2,-5.472902879580377,-0.24741259742252497
SOLARINDS,2026-07-20,down,1,-0.7401242488922821,0.9634325984832603
SOLARINDS,2026-08-13,down,3,13.13080288667714,6.763906538171116
SOLARINDS,2026-08-27,down,2,0.36976024782562344,0.5890145784640755
SOLARINDS,2026-09-03,down,4,5.654005514224569,3.4879780663247484
SOLARINDS,2026-09-07,down,1,-13.31656995043221,1.49758238079023
SOLARINDS,2026-09-08,down,2,-15.288422751109309,0.9143471830039163
SOLARINDS,2026-09-09,down,3,-16.399332521654884,-1.1388932200522062
SONACOMS,2021-10-07,up,1,24.71876028379867,10.621865412739773
SONACOMS,2021-10-13,up,5,-12.77285560586039,7.979696901130251
SONACOMS,2021-10-14,up,6,-9.006368397394693,1.2295000298906178
SONACOMS,2021-11-11,down,3,0.5181000191392116,-1.1181721477354634
SONACOMS,2021-11-23,up,1,12.755782000059114,2.5314166887240974
SONACOMS,2021-11-24,down,1,9.29332140459669,-0.6436410186633434
SONACOMS,2021-11-25,up,1,6.39549666557917,-3.653040185066081
SONACOMS,2021-12-03,down,1,5.626706751023125,-0.9597144067966523
SONACOMS,2021-12-09,up,3,0.7516279778989832,-4.728662875526202
SONACOMS,2021-12-13,down,2,-9.907612483154471,0.0499397943254154
SONACOMS,2021-12-14,down,3,-9.536101959873623,-3.3524346672866745
SONACOMS,2023-05-10,up,3,2.1721054801618234,2.8701722256442297
SONACOMS,2023-05-11,down,1,-3.1995961099034465,4.066821854032598
SONACOMS,2023-05-12,up,1,-4.528245045529888,-3.7651891761241507
SONACOMS,2023-05-31,down,1,-7.6549935368702915,-2.946356920930837
SONACOMS,2024-01-04,up,1,-9.723308935841569,-1.5637799097693028
SONACOMS,2024-02-26,down,2,-3.1650544817325987,0.9423560036830425
SONACOMS,2024-02-27,up,1,-5.094955512786104,2.3471171591508133
SONACOMS,2024-02-29,up,1,-0.9772633156602706,-0.705169064365363
SONACOMS,2024-07-11,down,2,-3.4198377292449678,3.394124001306853
SONACOMS,2024-07-15,up,2,-12.923627694053607,-2.730070256125361
SONACOMS,2024-09-05,down,2,0.6502296116632778,-0.3692419784099732
SONACOMS,2024-09-17,up,2,-10.98468929342883,-1.8728822760995523
SONACOMS,2025-05-12,up,1,1.8945645382093312,0.2741237771331173
SONACOMS,2025-05-14,up,1,2.3951701598698083,0.4825779593071955
SONACOMS,2025-05-15,up,2,-1.3289598031873684,-0.27330024657712393
SONACOMS,2025-05-16,down,1,-5.207855420101271,1.230539699814437
SONACOMS,2025-05-19,down,2,-4.876461385093355,-1.838561098418956
SONACOMS,2025-05-26,up,2,-9.267803115836825,-0.4340186536312629
SONACOMS,2025-10-23,up,6,3.092135546637209,0.2582039388533408
SONACOMS,2025-10-27,up,1,1.2864981090239036,2.307402822518889
SONACOMS,2025-10-28,down,1,0.34018942321567547,-0.9061468836515485
SONACOMS,2025-11-19,up,1,-6.309109546709458,1.3204792008597366
SONACOMS,2025-11-20,up,2,-5.439364997031926,-0.6443001375897817
SONACOMS,2026-02-19,down,1,-10.83484386414395,-3.5060728209758807
SONACOMS,2026-04-17,up,1,-0.5142797118558806,-0.27124119478085795
SONACOMS,2026-04-28,down,1,-1.8893365404060725,0.8442980888095919
SONACOMS,2026-04-29,up,1,-3.742877039806136,-1.3541583814423275
SONACOMS,2026-07-02,up,2,15.328134061024823,4.704252724799418
SONACOMS,2026-07-08,down,2,0.890211319376788,-1.9295233339284512
SONACOMS,2026-07-16,down,1,6.875471205748784,-0.1474650587633186
SONACOMS,2026-07-17,up,1,5.5373096009097456,1.5405025842939235
SONACOMS,2026-07-20,down,1,7.269424188271123,1.54604738215387
SONACOMS,2026-07-21,down,2,5.746917545272456,1.454734967330129
SONACOMS,2026-07-22,down,3,3.5072509018055698,-1.7443444794644325
SONACOMS,2026-07-30,up,2,5.318479289511879,3.2993177255868034
SONACOMS,2026-07-31,up,3,5.540005128775083,0.40941127694860135
SONACOMS,2026-08-03,up,4,4.830215544792482,1.0210184986441995
SONACOMS,2026-08-04,down,1,2.5192493320618237,0.13626136831765834
SONACOMS,2026-08-05,up,1,-0.42862811193975503,2.940519478916226
SONACOMS,2026-08-10,up,1,-0.5699100427647097,-2.446289514959843
SONACOMS,2026-08-20,up,1,-4.468578774156018,-2.500882625888845
SONATSOFTW,2023-04-11,up,7,-2.8735409833643755,
SONATSOFTW,2024-07-24,down,4,-1.3793709728391335,
SONATSOFTW,2024-07-30,up,3,-18.78588787986527,
SONATSOFTW,2026-07-29,up,1,9.612787363119457,
SONATSOFTW,2026-07-30,up,2,6.541597308662772,
SONATSOFTW,2026-08-03,up,4,-5.967186309702588,
SONATSOFTW,2026-08-04,down,1,-14.775383592407099,
SONATSOFTW,2026-08-05,up,1,-16.032068190424376,
SRF,2021-10-04,up,1,4.830053823659841,1.618600245426216
SRF,2021-10-05,up,2,2.275175410003305,-1.3431050372024078
SRF,2021-10-08,up,2,-6.002635546783508,2.7907582414944176
SRF,2021-10-11,up,3,-12.85688147050018,0.24565966846268328
SRF,2021-10-12,up,4,-17.36793982933107,0.8221522365484457
SRF,2021-10-13,up,5,-17.11087420042644,-4.2880833925610045
SRF,2021-12-22,up,2,11.172502836924902,3.1262022778059118
SRF,2021-12-23,up,3,7.713375695931557,-0.10835843134692213
SRF,2021-12-27,up,1,6.045252602266538,-0.28160347563777055
SRF,2021-12-28,up,2,5.172691519117367,0.4723669977944267
SRF,2021-12-29,down,1,4.11610787367318,-0.911073670467133
SRF,2021-12-31,up,1,3.2085926958118405,-0.28737893735256703
SRF,2022-01-03,up,2,2.649655657503036,-1.1388254851666169
SRF,2022-01-07,up,1,6.6544866547365356,2.345415778251625
SRF,2022-01-10,up,2,3.121015544628092,-0.6428011580123405
SRF,2022-01-11,up,3,-7.561927472157071,-0.9129570229652662
SRF,2022-01-12,up,4,-8.073668648109344,2.0239930949540907
SRF,2022-01-13,up,5,-8.042075410909021,0.1914453153940121
SRF,2022-03-30,up,3,0.5996361730043143,1.4665899758546042
SRF,2022-04-05,down,1,-8.598968826358899,-1.7564883991013192
SRF,2022-04-08,up,1,-13.231184625965764,-0.34224396387547706
SRF,2022-08-02,up,5,-3.9913155806789336,-0.8132925037585448
SRF,2022-08-05,up,1,0.1813896992972852,0.9044744654113757
SRF,2022-08-18,up,8,0.2275711479730269,-0.4975124378109319
SRF,2022-09-12,up,3,-4.867038246557575,1.4829235657107587
SRF,2022-09-13,up,4,-7.541798541201061,1.327571450993692
SRF,2022-09-14,down,1,-10.06216636648306,-0.8782093505019684
SRF,2023-03-31,up,2,3.1245121336982207,0.1707858374741189
SRF,2023-04-13,up,9,2.217610441632556,-0.22763236823515332
SRF,2023-04-17,down,1,1.359544933365986,0.12690834108797233
SRF,2023-04-18,down,2,0.8029496239027045,0.7706881309261115
SRF,2023-04-28,up,5,2.750924555834211,1.0274259627432114
SRF,2023-05-02,up,6,1.1602069160582262,-0.27270328123625287
SRF,2023-05-09,up,2,-2.384890996674882,-0.6904963159377608
SRF,2023-08-29,up,2,4.618296691350454,1.7619699275686962
SRF,2023-09-04,up,2,1.8686293189870584,0.4157352577953022
SRF,2023-09-06,up,4,-8.668006643258819,0.4803246245642656
SRF,2023-12-26,up,3,-5.9363474332586375,-0.01485466409184566
SRF,2024-03-22,up,3,-1.274073412853094,-0.3745941850598511
SRF,2024-04-01,up,3,0.23727329398681718,0.7596669596728001
SRF,2024-04-02,down,1,0.11364592887821434,-0.7851082231606243
SRF,2024-04-10,up,1,-3.312998271088363,-1.1682215483728497
SRF,2025-01-29,up,2,11.221003989197209,2.0480224805947245
SRF,2025-01-30,up,3,9.341639332547258,5.525626416913965
SRF,2025-01-31,up,4,2.7749965920441655,-1.5103492715432987
SRF,2025-02-03,down,2,-5.159862255003045,0.3617491128124595
SRF,2025-03-17,up,1,-8.05413503992456,0.6767723497823619
SRF,2025-06-27,up,4,3.929739511563435,0.7136587467279965
SRF,2025-06-30,down,1,2.567173843418624,1.4280587223826302
SRF,2025-07-02,down,1,0.5642783882062963,0.21238756165391504
SRF,2025-10-16,up,2,-7.649814815419765,1.7826983101916882
SRF,2025-12-19,up,1,-0.7516627584263302,0.6917732842236735
SRF,2025-12-22,up,2,-2.247003584011098,-1.7163665301080155
SRF,2026-07-16,down,1,-8.660930272792344,0.8839332337047257
SRF,2026-07-21,down,2,-12.304049027837483,0.7616206465529185
STARHEALTH,2025-05-28,down,2,-7.621465840263442,
STARHEALTH,2025-05-29,up,1,-10.91128955721633,
SUMICHEM,2026-07-15,up,1,-6.390201394700512,
SUMICHEM,2026-07-16,down,1,-4.436847370620001,
SUNDARMFIN,2024-03-07,up,2,-1.9648223908432683,
SUNDARMFIN,2024-04-08,up,1,9.879737534787413,
SUNDARMFIN,2024-04-09,down,1,2.801500518796418,
SUNDARMFIN,2024-06-21,down,1,-7.345436014914696,
SUNDARMFIN,2024-06-25,up,2,-13.186017050963816,
SUNPHARMA,2021-12-31,up,1,2.0795359365832544,-0.33829247092680426
SUNPHARMA,2022-01-03,up,2,1.203833068542548,-0.31627072104850606
SUNPHARMA,2022-01-13,up,5,3.169983771852003,0.13302041439631207
SUNPHARMA,2022-03-21,down,1,-0.02447047973925809,-0.6280088309307263
SUNPHARMA,2022-04-05,down,1,1.1415776408711942,-0.6046425937863087
SUNPHARMA,2022-04-07,down,3,-0.13788151463509646,-0.8888810078466758
SUNPHARMA,2022-07-29,up,3,-1.451491215709344,4.26684994282005
SUNPHARMA,2022-10-03,down,1,3.2566094480990015,-0.4766838536744533
SUNPHARMA,2022-10-13,down,1,4.005472450012504,0.3403733124065278
SUNPHARMA,2022-10-14,up,1,3.3752954778418554,-0.2369423442000418
SUNPHARMA,2022-10-17,up,2,2.726493992833423,-0.10657240483812336
SUNPHARMA,2022-10-21,up,6,2.1946131690847803,-0.39649468394068466
SUNPHARMA,2022-10-25,down,1,2.0103634849910623,0.21472187516726748
SUNPHARMA,2022-10-27,up,1,1.4529347853093455,-0.03359404632323759
SUNPHARMA,2022-10-31,up,3,-0.8215336136195295,0.3419833521350446
SUNPHARMA,2022-11-01,up,4,-1.4321969395107215,0.6163574663816007
SUNPHARMA,2022-11-02,down,1,-1.8159938547550492,-0.8769308841872547
SUNPHARMA,2023-01-30,up,1,-7.147360964481253,-0.4880823313875293
SUNPHARMA,2023-04-11,up,7,-4.699914723200715,-0.6393874757806284
SUNPHARMA,2023-06-30,up,4,4.033481750082757,2.165778766926696
SUNPHARMA,2023-07-11,up,2,6.769734909286695,1.129979263818215
SUNPHARMA,2023-07-12,down,1,5.075918492846299,0.16445100980906346
SUNPHARMA,2023-07-20,up,6,3.9874248620502595,1.0967285500730783
SUNPHARMA,2023-07-27,down,1,3.6454503681824013,0.8909085599593247
SUNPHARMA,2023-08-03,down,3,-0.028134451526951043,-2.766857807965162
SUNPHARMA,2023-11-21,up,1,1.7816417422781505,0.05047986465216425
SUNPHARMA,2023-11-22,up,2,1.2241675924062445,-0.6172416896327415
SUNPHARMA,2023-11-30,up,3,2.610912317446412,0.9973182545006898
SUNPHARMA,2023-12-01,up,4,1.2482141263470137,-0.0045077407121674185
SUNPHARMA,2023-12-06,up,7,0.23459612469125535,-1.5056572903652476
SUNPHARMA,2024-01-02,down,1,2.709848029706774,1.3995239362696754
SUNPHARMA,2024-01-04,up,1,0.9782631870989933,0.5206577648009691
SUNPHARMA,2024-01-23,down,1,8.339589041239792,2.1373328936579172
SUNPHARMA,2024-01-29,up,1,4.439802597054432,0.023334421818965723
SUNPHARMA,2024-01-31,up,1,2.5102921875953976,-0.06682465353936573
SUNPHARMA,2024-02-05,down,1,6.1341442614511354,0.27007055193160046
SUNPHARMA,2024-02-06,up,1,4.172184699159387,0.6563363265527755
SUNPHARMA,2024-02-07,up,2,3.3264024147277915,1.054271863155476
SUNPHARMA,2024-02-09,up,1,4.469361319439291,1.6377466291057186
SUNPHARMA,2024-02-12,down,1,2.3310995380472654,-0.5944934198403695
SUNPHARMA,2024-02-27,up,1,1.7577831734470362,0.6475829206195272
SUNPHARMA,2024-03-06,up,1,2.10002700298757,0.9406895780648794
SUNPHARMA,2024-03-07,up,2,-0.36436616270986155,0.022682567499376916
SUNPHARMA,2024-07-10,down,1,4.252623494801178,0.19716972189744997
SUNPHARMA,2024-07-24,down,4,7.930437677530033,0.07261057351357625
SUNPHARMA,2024-07-25,down,5,6.715877663768843,2.2886430255093737
SUNPHARMA,2024-07-26,up,1,3.4380821798764893,1.5117092930579723
SUNPHARMA,2024-08-01,up,5,1.5374340299229905,-2.2766494541324844
SUNPHARMA,2024-08-05,down,2,0.6362743795088832,-1.7196050023627563
SUNPHARMA,2024-08-20,up,4,1.2797233635045924,0.1816854295077608
SUNPHARMA,2024-08-23,up,7,0.48238301273029194,-0.04546813324929344
SUNPHARMA,2024-08-28,up,10,1.9115082295286578,0.46276755593563923
SUNPHARMA,2024-09-12,up,1,1.6934184750038606,-0.09575273029200915
SUNPHARMA,2024-09-26,up,6,1.0738692566634844,1.4759730326960652
SUNPHARMA,2024-09-27,down,1,-0.9153706532952,1.8007077473524813
SUNPHARMA,2025-10-29,up,1,-0.25921934800658963,-0.2766512746939731
SUNPHARMA,2025-11-14,up,5,1.5690471856135924,0.5272299389387891
SUNPHARMA,2025-11-19,up,1,1.579209406252824,0.7406406879629124
SUNPHARMA,2025-11-26,up,1,1.6956399042738823,0.05771600322319603
SUNPHARMA,2025-11-28,down,1,-4.335285337506567,0.93342726199519
SUNPHARMA,2025-12-01,down,2,-3.928255675896286,-2.0717471019154
SUNPHARMA,2026-02-24,down,1,1.9387449665185574,-0.14210827430595208
SUNPHARMA,2026-02-25,up,1,-0.5830005695803164,0.5454385955504071
SUNPHARMA,2026-02-26,up,2,0.2949540251463434,-0.014164633939273141
SUNPHARMA,2026-03-06,down,1,-2.587462305686705,-1.7171094608165904
SUNPHARMA,2026-03-09,down,2,-4.74631586355051,-0.2550371495669168
SUNPHARMA,2026-03-10,up,1,-7.15294186993749,-0.05893398023655294
SUNPHARMA,2026-03-11,down,1,-7.612232069921443,-0.339406226068939
SUNPHARMA,2026-05-11,down,3,2.073334411933625,0.4237050681468846
SUNPHARMA,2026-05-18,up,1,-6.237129570421218,0.1665740592549092
SUNPHARMA,2026-07-03,up,3,1.5266367215241772,-0.4138278558110997
SUNPHARMA,2026-07-09,up,1,1.7818371821573864,0.1883584837215846
SUNPHARMA,2026-07-27,up,1,-4.773108775977719,0.1248549435950208
SUNPHARMA,2026-07-28,down,1,-5.626144664339517,-0.4975124378109319
SUNPHARMA,2026-07-30,up,2,-4.940925078571001,0.6707568237119821
SUNTV,2021-10-05,up,2,5.25089451356282,
SUNTV,2021-10-06,down,1,0.05323933836354211,
SUNTV,2021-10-07,up,1,2.292274644865433,
SUNTV,2021-10-08,up,2,6.581432620388306,
SUNTV,2021-10-18,up,7,2.601178858280395,
SUNTV,2021-10-25,up,1,-4.123749598316717,
SUNTV,2021-10-26,up,2,-4.635826298451018,
SUNTV,2021-11-01,up,1,-5.5373630040657424,
SUNTV,2021-11-02,down,1,-10.32760104344106,
SUNTV,2021-11-04,up,1,-14.006535718455893,
SUNTV,2023-08-25,down,2,1.251718428471249,
SUNTV,2023-08-31,down,1,-4.198619900018741,
SUNTV,2024-06-05,up,1,5.113365672016212,
SUNTV,2024-06-12,up,2,2.2786328786664978,
SUNTV,2024-07-02,down,1,2.8931774249770337,
SUNTV,2024-07-03,up,1,1.9902052321603136,
SUNTV,2024-07-15,up,2,5.581303224306433,
SUPREMEIND,2023-08-11,down,2,10.875781563008324,7.2912895764820185
SUPREMEIND,2023-08-24,down,1,-4.757471782080225,0.2786380111921005
SUPREMEIND,2023-08-25,down,2,-9.699302992882497,-1.4136323818681906
SUPREMEIND,2023-08-31,down,1,-1.8964329631671162,-1.4094318733776867
SUPREMEIND,2024-04-30,down,1,9.69750855099505,-2.487562189054704
SUPREMEIND,2024-05-06,down,2,9.01986474695855,2.1886102600224833
SUPREMEIND,2024-05-07,down,3,3.5492693185383173,-2.3927746918537385
SUPREMEIND,2024-05-16,up,1,3.285483106092868,-0.7131191280865368
SUPREMEIND,2024-05-17,up,2,6.599145386349514,-0.7640369580667938
SUPREMEIND,2024-05-27,down,2,5.344414489645888,-2.0216525500162286
SUPREMEIND,2024-06-10,down,1,2.437382398902943,1.1166373660543627
SUPREMEIND,2024-06-11,up,1,0.8943624922846283,2.0658604614314013
SUPREMEIND,2024-06-12,up,2,-4.321929258318658,-1.6795155086815727
SUPREMEIND,2024-12-18,down,3,-8.30060336694548,-1.0501766963287196
SUPREMEIND,2025-05-20,down,3,3.88306659078832,-7.789043628935621
SUPREMEIND,2025-05-23,up,1,11.149435275791063,0.11575404947528067
SUPREMEIND,2025-05-26,up,2,15.443652528789364,2.263630928858773
SUPREMEIND,2025-05-27,down,1,11.996512156448414,3.225628965844285
SUPREMEIND,2025-05-28,down,2,7.442878126545338,0.19797941933503704
SUPREMEIND,2025-06-05,up,2,5.28503996588916,0.10546518986793707
SUPREMEIND,2025-06-09,up,4,4.000423563254407,0.13689644165360004
SUPREMEIND,2025-06-16,up,1,-3.4202311648007133,2.3017319728107832
SUPREMEIND,2025-06-17,down,1,-9.586087484305628,-0.45226136149063567
SUPREMEIND,2026-02-10,up,3,7.268513526624698,-2.0671289646249313
SUPREMEIND,2026-02-11,up,4,5.472848912327022,-0.21382555147502202
SUPREMEIND,2026-02-16,up,1,4.2000571041510115,0.27641832738736216
SUPREMEIND,2026-02-17,up,2,3.5657953302136836,0.1771474884057378
SUPREMEIND,2026-02-19,down,1,2.242340469464299,-2.4855451148952157
SUPREMEIND,2026-02-24,down,1,1.2807932458009486,0.20478132417083295
SUPREMEIND,2026-02-25,up,1,0.39756241282344895,0.7605674191822009
SUZLON,2022-01-12,up,4,0.3529299077433379,4.179960210876432
SUZLON,2022-01-17,up,1,-14.306028146976935,3.969934135517006
SUZLON,2022-01-18,down,1,-17.599490629107883,-7.882461235798832
SUZLON,2022-09-05,up,1,-5.312141763475486,21.97080590228819
SUZLON,2022-09-06,down,1,-21.24684598884503,-0.0259254324378011
SUZLON,2022-12-14,up,3,10.40037544212531,2.3454175857366977
SUZLON,2022-12-15,down,1,5.3821765583923264,-0.497512437810943
SUZLON,2022-12-19,up,1,-9.784412963934653,3.924820342730806
SUZLON,2022-12-20,down,1,-15.96638226597692,-2.587900898984652
SUZLON,2023-05-29,up,3,17.857311339865547,-0.014488819891178562
SUZLON,2023-05-30,up,4,16.165583869563637,3.78728193938056
SUZLON,2023-05-31,down,1,12.923751560940765,9.684140983174627
SUZLON,2023-06-01,down,2,2.4413747005763486,-5.53561611482497
SUZLON,2023-06-06,up,3,26.8656732233405,4.063019823672187
SUZLON,2023-06-07,up,4,22.77323592857734,13.946399021902668
SUZLON,2023-06-12,up,1,14.496004894085136,4.954673319417391
SUZLON,2023-06-13,up,2,8.548166008976764,-1.4666900707234864
SUZLON,2023-06-30,up,4,22.818260077805764,3.4431827435591034
SUZLON,2023-07-03,up,5,18.894353909386965,10.94687068354283
SUZLON,2023-07-04,up,6,10.755754632574032,6.313679093248048
SUZLON,2023-07-12,down,1,0.8507596956252472,-2.1154451698343513
SUZLON,2023-07-20,up,6,9.694125620006243,3.2573026604425515
SUZLON,2023-07-21,down,1,8.814217301736903,9.3463080248128
SUZLON,2023-07-24,down,2,3.8176483141760142,2.8023129550182713
SUZLON,2023-07-25,up,1,-0.9817020872941118,-12.60243838140208
SUZLON,2023-08-10,down,1,4.515207242289221,4.0139333620784035
SUZLON,2023-08-11,down,2,1.4487445589036252,-4.876602281025444
SUZLON,2023-08-23,up,3,10.038045068773771,6.52619256657887
SUZLON,2023-08-24,down,1,7.016403518898162,-1.408293814441397
SUZLON,2023-08-28,up,1,-3.545731958384346,4.51026965536252
SUZLON,2023-08-29,up,2,-6.213614402327606,9.452737933607413
SUZLON,2023-08-30,up,3,4.346425202627846,6.970221549854405
SUZLON,2023-08-31,down,1,-0.4975124378109319,-5.501510340848926
SUZLON,2023-09-20,down,2,6.836337647830293,2.4756694162712645
SUZLON,2023-09-21,down,3,3.336880033741263,-1.6478345673905492
SUZLON,2023-10-03,down,1,11.186493390108287,3.0830724282624677
SUZLON,2023-10-04,down,2,8.514730716256814,5.204113216272188
SUZLON,2023-10-05,up,1,3.905252498569123,1.6158160752687278
SUZLON,2023-10-06,up,2,-0.4975124378109319,-4.882365248538811
SUZLON,2023-10-18,down,1,14.361083431394572,3.5093017919191727
SUZLON,2023-10-19,down,2,10.111796930414908,1.1099590502243073
SUZLON,2023-10-20,down,3,1.207368385184071,3.06722332432674
SUZLON,2023-10-23,down,4,-1.9983040363348636,-3.6491839548161598
SUZLON,2023-11-06,up,3,17.65987580346444,7.491738388350244
SUZLON,2023-11-07,down,1,12.095984999894505,4.622917221569445
SUZLON,2023-11-08,up,1,7.750015557625156,1.0987800293766892
SUZLON,2023-11-15,up,3,-1.0045334168379827,2.6713565928320193
SUZLON,2023-11-16,up,4,-4.914390491260434,5.2689753035884745
SUZLON,2023-11-17,down,1,-8.223586156419183,-0.497512437810943
SUZLON,2024-01-09,up,1,4.874694915425382,3.0060964046624727
SUZLON,2024-01-12,up,4,3.442065621649948,1.7536750247381327
SUZLON,2024-01-15,up,5,0.7079124609885801,-3.5658743262220183
SUZLON,2024-01-31,up,1,-4.416645888741034,2.9861598950758017
SUZLON,2024-02-01,down,1,-4.936685891593173,8.056021735403252
SUZLON,2024-02-02,up,1,-7.309921729167668,2.3925965381012215
SUZLON,2024-06-03,up,2,7.726671209382774,5.797539799210272
SUZLON,2024-06-04,down,1,5.5721377851951415,-10.14925069476833
SUZLON,2024-06-21,down,1,5.878866101415636,7.468114430062811
SUZLON,2024-06-24,up,1,2.4472354859129464,3.4413274232411695
SUZLON,2024-07-05,up,3,3.307521707334038,-0.05091240998654767
SUZLON,2024-07-23,down,3,15.458428139540858,6.076760417447513
SUZLON,2024-07-24,down,4,11.804803235233962,7.176376363482606
SUZLON,2024-07-25,down,5,6.483396670449171,2.7143581254944316
SUZLON,2024-07-29,up,2,19.46541943697566,2.7177798202614456
SUZLON,2024-07-30,up,3,17.20406426071004,7.357942494969061
SUZLON,2024-07-31,up,4,11.637648091919871,1.9966118598951699
SUZLON,2024-08-02,down,1,2.2076550102752,-2.0252959329157494
SUZLON,2024-08-08,down,1,5.335962543542649,3.6137002170762322
SUZLON,2024-08-09,up,1,0.5376872994182991,5.087156010281779
SUZLON,2024-08-12,down,1,-4.071596156747859,6.533689746965132
SUZLON,2024-08-13,down,2,-8.174405351480353,1.7684125628149028
SUZLON,2024-09-12,up,1,-9.336780466670525,-0.2668142527365469
SUZLON,2025-05-26,up,2,13.075325475822952,2.6663185684967727
SUZLON,2025-05-28,down,2,7.764214317704798,1.2965512459011785
SUZLON,2025-05-30,down,1,-6.932491273814534,4.877070048650478
SUZLON,2026-04-22,down,1,5.408940646739224,0.9281775325401753
SUZLON,2026-04-23,down,2,3.558986622887317,-1.952757648507708
SUZLON,2026-04-27,up,1,-6.877960475947631,3.2982269721733903
SUZLON,2026-04-28,down,1,-8.997115824002366,-0.030119998625643962
SUZLON,2026-06-16,up,3,-2.7931802536404704,2.3063658866928627
SUZLON,2026-06-19,down,1,-11.083242327947962,-0.5476797178759485
SWANCORP,2023-10-27,up,1,28.734440100878622,
SWANCORP,2023-10-30,up,2,7.947443833018419,
SWANCORP,2023-10-31,down,1,7.806871431134588,
SWANCORP,2023-11-08,up,1,3.321851940048881,
SWANCORP,2023-11-09,down,1,0.5977702453701772,
SWANCORP,2023-11-10,up,1,6.282170115121999,
SWANCORP,2023-11-13,up,2,-2.100950459467188,
SWANCORP,2023-12-05,up,6,12.761241941361856,
SWANCORP,2023-12-08,up,1,8.329148201125891,
SWANCORP,2023-12-14,up,2,7.143956687621955,
SWANCORP,2023-12-15,up,3,3.120764638086748,
SWANCORP,2023-12-20,down,1,0.6347288464260137,
SWANCORP,2023-12-29,down,1,0.07499897129767952,
SWANCORP,2024-01-04,up,1,6.482632994824589,
SWANCORP,2024-01-05,up,2,4.964014354938118,
SWANCORP,2024-01-08,down,1,-1.2441324129367715,
SWANCORP,2024-01-19,up,1,5.420724586983572,
SWANCORP,2024-01-23,down,1,2.5753708188083646,
SWANCORP,2024-01-25,down,1,11.661924296436554,
SWANCORP,2024-01-30,down,1,10.079333947888358,
SWANCORP,2024-01-31,up,1,8.31737105503585,
SWANCORP,2024-02-01,down,1,9.779810291324376,
SWANCORP,2024-02-02,up,1,5.815243808817905,
SWANCORP,2024-02-05,down,1,1.5823290560092351,
SWANCORP,2024-02-09,up,1,6.98564249136695,
SWANCORP,2024-02-12,down,1,5.08323745478485,
SWANCORP,2024-02-15,up,3,3.5117923390625805,
SWANCORP,2024-02-16,up,4,0.8855839282627009,
SWANCORP,2024-02-27,up,1,-28.91284499973147,
SWANCORP,2024-07-31,up,4,-8.08577797424026,
SWANCORP,2024-08-01,up,5,-8.281582255174936,
SWANCORP,2024-12-02,up,2,11.688397319425437,
SWANCORP,2024-12-03,up,3,20.952871842355613,
SWANCORP,2024-12-04,up,4,20.297046820747155,
SWANCORP,2024-12-05,up,5,6.56201787016113,
SWANCORP,2024-12-10,down,3,-2.846055145588078,
SWANCORP,2024-12-11,up,1,-4.159118824345853,
SWANCORP,2024-12-13,up,1,-12.843218963112669,
SWANCORP,2024-12-16,down,1,-10.15831264496846,
SWANCORP,2025-07-10,down,2,7.473385759375173,
SWANCORP,2025-07-15,up,1,-1.696593608496899,
SWANCORP,2025-07-16,up,2,-18.52375255424601,
SWIGGY,2024-12-16,down,1,-6.579465987879541,1.797236724552631
SWIGGY,2025-06-19,down,3,1.577109433844237,-0.4975124378109319
SWIGGY,2025-06-20,up,1,-0.4716660584052068,-0.2778300436736658
SWIGGY,2025-06-25,up,2,-2.8767001095944544,-0.4725979254842638
SWIGGY,2025-06-26,up,3,-4.663021811072721,0.9857544575260446
SWIGGY,2025-07-22,down,1,-4.283472970592173,3.772557554266198
SWIGGY,2025-09-08,up,4,3.6748105398080932,0.6331976481230406
SWIGGY,2025-09-19,down,1,-5.733349544190281,-0.053065592953915885
SWIGGY,2026-08-25,up,1,-5.692279393199762,0.9319227935995267
SYNGENE,2026-04-30,down,1,1.907580095183481,
SYRMA,2024-11-07,down,1,3.5658185462892567,
SYRMA,2024-11-19,up,1,2.1861865877956355,
SYRMA,2024-11-28,down,1,4.733185477923962,
SYRMA,2025-07-09,down,1,21.756895108583983,
SYRMA,2025-07-10,down,2,14.485638508915176,
SYRMA,2025-07-14,down,4,10.825436642630827,
SYRMA,2025-07-16,up,2,8.334533143349443,
SYRMA,2025-07-17,down,1,6.622786657587243,
SYRMA,2025-07-18,down,2,5.467387312650485,
SYRMA,2025-07-24,down,1,4.172108542301367,
SYRMA,2025-07-28,down,3,3.0549400450856856,
SYRMA,2025-07-29,up,1,-4.464348180970134,
SYRMA,2025-07-30,up,2,-1.8220141402877865,
SYRMA,2025-08-01,down,2,-2.7742626882495847,
SYRMA,2025-08-21,up,6,6.715743774353178,
SYRMA,2025-09-04,up,2,3.4404812023230313,
SYRMA,2025-09-05,up,3,-5.460864248469177,
SYRMA,2026-02-09,up,2,-11.369966774342345,
SYRMA,2026-04-15,up,1,23.772494118040367,
SYRMA,2026-04-16,down,1,20.559101454628028,
SYRMA,2026-04-21,up,3,3.7761869819144644,
SYRMA,2026-05-05,down,1,-6.480194742659629,
SYRMA,2026-05-07,down,1,0.6677286209928468,
SYRMA,2026-05-08,down,2,-0.23170935674275972,
SYRMA,2026-05-11,down,3,2.1598067089215744,
SYRMA,2026-05-12,down,4,1.3792458053096368,
SYRMA,2026-05-29,down,3,7.499543838964917,
SYRMA,2026-06-01,down,4,13.418042803985397,
SYRMA,2026-06-02,up,1,12.156709620340012,
SYRMA,2026-06-03,down,1,6.520213992060575,
SYRMA,2026-06-04,up,1,2.942645867782967,
SYRMA,2026-06-09,up,1,4.913034147410245,
SYRMA,2026-06-10,down,1,2.715551912250347,
SYRMA,2026-06-11,down,2,2.0999086261074495,
SYRMA,2026-06-15,up,2,3.811257706113258,
SYRMA,2026-06-18,up,5,2.334768107030394,
SYRMA,2026-06-23,down,1,2.9927719974877087,
SYRMA,2026-06-24,up,1,-0.3645608515745691,
SYRMA,2026-06-25,up,2,-5.628870609552539,
SYRMA,2026-08-10,up,1,-2.598723006222292,
SYRMA,2026-08-11,down,1,-5.341882936561437,
SYRMA,2026-09-07,down,1,-0.08760508607295048,
SYRMA,2026-09-08,down,2,-8.59078763193908,
TARIL,2025-04-23,up,7,-13.658806384724754,
TARIL,2026-02-19,down,1,-10.073236390755957,
TARIL,2026-02-20,up,1,-16.22583670477714,
TARIL,2026-04-27,up,1,-11.665554645731223,
TATACAP,2026-01-02,up,3,-5.094245363740269,
TATACAP,2026-01-20,down,2,-2.5415240626829205,
TATACAP,2026-06-19,down,1,3.7536315259500075,
TATACHEM,2021-10-05,up,2,16.50893871056538,
TATACHEM,2021-10-06,down,1,15.713447007184422,
TATACHEM,2021-10-11,up,3,12.309939636826673,
TATACHEM,2021-10-13,up,5,-10.176688610142449,
TATACHEM,2021-10-18,up,7,-17.575455418314267,
TATACHEM,2022-01-13,up,5,-4.882431626346573,
TATACHEM,2022-01-14,down,1,-6.954652837079012,
TATACHEM,2022-03-23,down,1,1.259329623448524,
TATACHEM,2022-03-24,down,2,1.484832641229339,
TATACHEM,2022-03-25,down,3,-1.1456244740062016,
TATACHEM,2022-03-30,up,3,-2.1563899001996845,
TATACHEM,2022-04-04,up,2,-4.015176435852885,
TATACHEM,2022-04-05,down,1,-5.4078118177212975,
TATACHEM,2022-08-10,up,3,15.683014275042574,
TATACHEM,2022-08-11,up,4,2.4878803370234293,
TATACHEM,2022-08-12,up,5,1.8998615479012049,
TATACHEM,2022-08-19,down,1,-0.518956939440729,
TATACHEM,2022-10-27,up,1,-14.781069358099874,
TATACHEM,2023-09-05,up,3,-5.436388186571673,
TATACHEM,2023-12-26,up,3,4.4828174145779665,
TATACHEM,2023-12-29,down,1,-2.9876663918856017,
TATACHEM,2024-01-01,up,1,-11.045838287898757,
TATACHEM,2024-10-10,up,1,-1.703860370198651,
TATACHEM,2024-10-21,down,1,-9.411381113279326,
TATACHEM,2025-07-29,up,1,-3.885652506149606,
TATACHEM,2025-07-30,up,2,-6.903932980647875,
TATACHEM,2026-04-28,down,1,-6.07258858057389,
TATACHEM,2026-04-30,down,1,-8.76709084563525,
TATACOMM,2022-01-12,up,4,-15.950173032229065,
TATACOMM,2022-08-12,up,5,1.0291502774933958,
TATACOMM,2022-08-19,down,1,11.842991531373425,
TATACOMM,2022-09-01,down,1,-0.36561388699108965,
TATACOMM,2022-09-05,up,1,-11.434985935450538,
TATACOMM,2023-06-13,up,2,2.3944842935631927,
TATACOMM,2023-06-14,up,3,-5.3429543264389086,
TATACOMM,2023-07-11,up,2,2.822942934560202,
TATACOMM,2023-07-26,up,2,1.6844165859928761,
TATACOMM,2023-07-27,down,1,-0.49457266042132186,
TATACOMM,2023-07-28,down,2,-2.331659673980324,
TATACOMM,2023-07-31,up,1,-0.3661334007864281,
TATACOMM,2023-08-01,down,1,-1.675430752306517,
TATACOMM,2023-08-22,up,2,6.913231084372962,
TATACOMM,2023-08-23,up,3,3.14404610490151,
TATACOMM,2023-08-24,down,1,0.6159768180655334,
TATACOMM,2023-09-01,up,1,3.5084032885396077,
TATACOMM,2023-09-07,up,5,1.6455776087848317,
TATACOMM,2023-09-11,up,7,-2.794729123153872,
TATACOMM,2024-02-26,down,2,6.814340761403259,
TATACOMM,2024-02-27,up,1,4.480246851884773,
TATACOMM,2024-02-28,down,1,3.116274960867993,
TATACOMM,2024-03-01,up,2,0.047001727857254316,
TATACOMM,2024-03-04,up,3,0.6992566443807746,
TATACOMM,2024-03-07,up,2,2.4594059324158923,
TATACOMM,2024-03-28,up,2,3.331619202746916,
TATACOMM,2024-04-01,up,3,-13.442649780905258,
TATACOMM,2024-04-02,down,1,-14.835536417293893,
TATACOMM,2024-09-25,up,5,-5.235726131248519,
TATACOMM,2024-09-26,up,6,-14.683850404081443,
TATACOMM,2025-07-18,down,2,-8.10156110973118,
TATACOMM,2026-05-20,up,1,13.998770715188623,
TATACOMM,2026-05-21,down,1,8.410852969828841,
TATACOMM,2026-05-22,up,1,-0.2964439762811466,
TATACOMM,2026-05-26,down,1,-4.7347547863007655,
TATACONSUM,2022-03-30,up,3,1.4746752189068513,-1.3326420897700975
TATACONSUM,2022-04-01,up,1,2.5406375232191136,0.6783393794362658
TATACONSUM,2022-04-05,down,1,1.586410640390823,1.4362166784982477
TATACONSUM,2022-04-07,down,3,0.9598192929582972,-0.7424416379640086
TATACONSUM,2022-04-11,down,1,-5.776963969003335,-0.29725441667698416
TATACONSUM,2022-07-21,up,5,-5.185753636317081,1.6261646492206294
TATACONSUM,2022-09-13,up,4,-7.76342321285396,-0.9791626972501577
TATACONSUM,2022-09-14,down,1,-7.236121295754927,-1.3734146170555572
TATACONSUM,2023-06-14,up,3,1.9454136084490203,4.231511307091007
TATACONSUM,2023-06-15,down,1,-4.149771374342159,-0.15241710522531093
TATACONSUM,2023-06-21,up,2,-4.4951820274203635,-1.6836979845178401
TATACONSUM,2023-09-13,up,1,1.485773351356201,0.8547297487646821
TATACONSUM,2023-09-25,up,1,0.6275255382756528,0.5998151433193266
TATACONSUM,2023-12-20,down,1,5.912157006379171,-0.700994007467759
TATACONSUM,2023-12-26,up,3,2.5565243091473455,-0.009850528837851424
TATACONSUM,2023-12-27,up,4,10.122939758251515,0.8477768483051928
TATACONSUM,2023-12-28,up,5,8.838707224627584,1.9151038947028631
TATACONSUM,2023-12-29,down,1,6.66193308013503,3.6578986577529005
TATACONSUM,2024-01-02,down,1,2.372056429745717,-0.13825286984863183
TATACONSUM,2024-01-04,up,1,4.549547146202593,1.4825198787557392
TATACONSUM,2024-01-12,up,4,2.352580791816017,4.679271222524606
TATACONSUM,2024-01-15,up,5,-0.44203056473253177,-1.6073166367889358
TATACONSUM,2024-02-27,up,1,2.636125969934966,0.08714887558896045
TATACONSUM,2024-03-07,up,2,-7.970366937669571,2.756861644353892
TATACONSUM,2024-07-22,down,2,-1.7202412011114054,0.7378712151848932
TATACONSUM,2024-07-23,down,3,-1.9312432086096343,3.2906350318335997
TATACONSUM,2025-01-23,up,2,3.739547798340337,0.1048899054720831
TATACONSUM,2025-01-24,down,1,2.622271071823845,-0.9431966695992666
TATACONSUM,2025-01-31,up,4,-0.011890308015449769,1.6828209549860418
TATACONSUM,2025-02-01,down,1,-3.122088593090977,2.9906736802599143
TATACONSUM,2025-04-11,up,1,4.084565436551957,0.6604964708418093
TATACONSUM,2025-04-17,up,4,1.234500285953688,-1.0100517685219468
TATACONSUM,2025-04-22,up,6,-1.6735008883065894,0.3098768615619196
TATACONSUM,2025-04-23,up,7,-0.6533952368812934,-0.3243140260403732
TATACONSUM,2025-04-24,down,1,0.4832335516520514,-0.1878059415934663
TATACONSUM,2025-04-30,down,1,-4.514564169162838,-1.9466991709972237
TATACONSUM,2025-11-03,up,1,-1.625185068059165,0.22086495066426792
TATACONSUM,2026-01-06,down,2,-8.329884428144474,0.7112858898015384
TATACONSUM,2026-05-11,down,3,-4.961404437451411,5.545784126308728
TATAELXSI,2021-10-06,down,1,-3.2083793042993025,3.694593256703693
TATAELXSI,2021-10-07,up,1,-6.912786637348534,1.3888657715088737
TATAELXSI,2021-10-19,down,1,-0.292971560149069,-1.726322273267078
TATAELXSI,2021-11-11,down,3,-9.095113125310695,2.526097665718652
TATAELXSI,2021-11-12,up,1,-14.541825186547108,-1.1105118931600155
TATAELXSI,2022-01-19,down,2,15.971848737798865,7.66548341915867
TATAELXSI,2022-01-20,down,3,5.571863106451702,4.359652227010002
TATAELXSI,2022-01-21,down,4,0.5913964748516687,-3.803242921604588
TATAELXSI,2022-02-01,up,2,-16.30501214879129,-3.3039928562316523
TATAELXSI,2022-03-23,down,1,10.114348850012256,0.2854579561210491
TATAELXSI,2022-03-24,down,2,0.7117852994180218,-1.439437751631123
TATAELXSI,2022-03-25,down,3,0.02655782582265953,8.332933403720965
TATAELXSI,2022-03-28,up,1,-8.869640602792206,4.5860456330953925
TATAELXSI,2022-03-31,down,1,-13.299980632200214,-3.8326239849578503
TATAELXSI,2022-05-31,down,1,-13.532451692558489,-1.3906302778397883
TATAELXSI,2022-07-29,up,3,2.0336180677346327,0.691300486316826
TATAELXSI,2022-08-01,up,4,1.1071059036713127,-0.47463830273916097
TATAELXSI,2022-08-04,down,1,14.8490894421635,0.4335705912377419
TATAELXSI,2022-08-05,up,1,12.877234921595715,2.7687229764973953
TATAELXSI,2022-08-08,up,2,8.086092663341148,1.8673212188395016
TATAELXSI,2022-08-10,up,3,5.774210710413263,-1.8380220174178286
TATAELXSI,2022-08-12,up,5,-9.009962845874231,6.982547253937255
TATAELXSI,2022-08-16,up,6,-15.475705780894078,1.8814457394411122
TATAELXSI,2023-05-09,up,2,8.628796485964507,2.774374686667036
TATAELXSI,2023-05-10,up,3,4.302636600718168,0.34572898220761594
TATAELXSI,2023-05-11,down,1,0.8356681352484019,-0.034369705467762746
TATAELXSI,2023-05-25,up,1,8.03628779760368,0.5353853569522782
TATAELXSI,2023-05-26,up,2,7.078875230570292,3.1934256876462896
TATAELXSI,2023-05-29,up,3,3.399414404250445,-1.3410889650304458
TATAELXSI,2023-06-02,up,1,2.0342718088479206,0.4780021461320949
TATAELXSI,2023-06-08,down,1,-2.909267472589472,0.8388710339584105
TATAELXSI,2023-11-06,up,3,8.775718083464824,1.3284572228030145
TATAELXSI,2023-11-07,down,1,7.223758793611568,4.44592324999209
TATAELXSI,2023-11-08,up,1,2.596464742197191,-0.4853839780951885
TATAELXSI,2023-11-16,up,4,-0.3080464873567501,1.1660314242015968
TATAELXSI,2023-11-17,down,1,-1.0918105717147908,-2.630549624772438
TATAELXSI,2023-12-12,down,1,0.7614843978636321,4.094234708808897
TATAELXSI,2023-12-14,up,2,-4.3566183929374835,-0.6042683999090026
TATAELXSI,2025-05-12,up,1,5.055454516607982,2.0326364151047605
TATAELXSI,2025-05-15,up,2,2.0411473769074595,0.8894231159169985
TATAELXSI,2025-05-19,down,2,0.5010272976798902,0.7965950593851634
TATAELXSI,2025-05-20,down,3,-0.2596768369133473,-1.7659689759314312
TATAELXSI,2025-05-26,up,2,4.415024332408701,1.4785239873895906
TATAELXSI,2025-05-29,up,1,1.5154994259471977,-0.3061615001913376
TATAELXSI,2025-06-09,up,4,-3.923382323272684,1.7102703772644112
TATAELXSI,2025-06-10,up,5,-7.0056910989235615,-0.09309166945641323
TATAINVEST,2023-09-28,down,1,-1.8509586223901642,
TATAINVEST,2023-11-20,down,2,7.566745944504749,
TATAINVEST,2023-11-21,up,1,-8.039116146242398,
TATAINVEST,2023-12-14,up,2,-1.821383722359815,
TATAINVEST,2023-12-18,down,1,-2.998146051379047,
TATAINVEST,2024-01-30,down,1,17.77681564497502,
TATAINVEST,2024-01-31,up,1,11.1923886643436,
TATAINVEST,2024-02-20,up,6,43.97493539361539,
TATAINVEST,2024-02-21,down,1,42.313581009881716,
TATAINVEST,2024-02-22,up,1,24.780065965614796,
TATAINVEST,2024-02-26,down,2,17.934061917975576,
TATAINVEST,2024-03-01,up,2,-2.6986597249020416,
TATAINVEST,2024-03-04,up,3,-6.648697384537538,
TATAINVEST,2024-03-05,down,1,-15.327147574151724,
TATAINVEST,2024-03-06,up,1,-19.359001573424706,
TATAINVEST,2025-09-23,down,3,36.228283477015744,
TATAINVEST,2025-09-24,down,4,24.776706916475444,
TATAINVEST,2025-09-30,down,8,-12.248571911977846,
TATAINVEST,2025-10-01,up,1,-21.328195689602524,
TATAINVEST,2025-10-03,up,2,-23.941934164792467,
TATAINVEST,2026-04-22,down,1,-9.847285171826492,
TATAPOWER,2021-09-29,down,2,22.812142495740616,4.3971703890201
TATAPOWER,2021-09-30,down,3,12.445641961207743,-0.497512437810943
TATAPOWER,2021-10-01,down,4,10.7366377126745,2.619658004865233
TATAPOWER,2021-10-04,up,1,15.518197761095887,1.9455635594005427
TATAPOWER,2021-10-05,up,2,10.462181844401197,5.472640336586987
TATAPOWER,2021-10-11,up,3,20.749431165278985,4.969062076079367
TATAPOWER,2021-10-12,up,4,32.17340856211928,3.586351707387192
TATAPOWER,2021-10-14,up,6,0.4230179617142671,-2.5954538945431205
TATAPOWER,2021-10-19,down,1,-9.11968820355239,-15.468910003565362
TATAPOWER,2021-11-09,down,1,-4.00215684064078,1.9304074361607748
TATAPOWER,2021-11-17,down,2,-8.623849997536459,0.4856728570884927
TATAPOWER,2022-01-13,up,5,5.605920981953516,1.1840456199723848
TATAPOWER,2022-01-14,down,1,1.5594932377449577,-0.8201808394807664
TATAPOWER,2022-01-18,down,1,-4.9885976336971005,-4.589390060729448
TATAPOWER,2022-01-20,down,3,-7.763656818084375,-2.4033872675134904
TATAPOWER,2022-02-01,up,2,-12.138692109183925,-0.5961665028225704
TATAPOWER,2022-02-04,down,2,-20.71622856270493,-0.8467777795532538
TATAPOWER,2022-04-01,up,1,11.163257994351138,0.41665907135437497
TATAPOWER,2022-04-04,up,2,-0.4571254374568179,2.531789929662276
TATAPOWER,2022-04-05,down,1,-3.283819913667352,8.293087465713956
TATAPOWER,2022-04-06,down,2,-12.3908139218474,5.684115698895398
TATAPOWER,2022-04-07,down,3,-16.605840947035468,-5.732721251588801
TATAPOWER,2022-07-22,up,6,1.7002498285217937,-0.2820458068183096
TATAPOWER,2022-09-06,down,1,-9.919704288132692,2.277373568470731
TATAPOWER,2022-09-07,down,2,-14.179106926462682,0.12437933387812183
TATAPOWER,2023-05-15,up,2,3.9077934739827125,0.005268669327773701
TATAPOWER,2023-05-16,down,1,3.1138511478129294,0.9280246748316401
TATAPOWER,2023-05-29,up,3,3.737125487207882,0.8908943653823886
TATAPOWER,2023-06-08,down,1,1.4717091450528352,1.6754276774061383
TATAPOWER,2023-07-06,up,8,-2.7429252425992035,1.1755395816307246
TATAPOWER,2023-08-22,up,2,5.121891299654591,0.7169353832778835
TATAPOWER,2023-08-23,up,3,4.0883251577847,0.6846120988553972
TATAPOWER,2023-08-24,down,1,2.245315115975699,-0.03704059321724129
TATAPOWER,2023-09-01,up,1,1.1162505491656427,1.5295394440390853
TATAPOWER,2023-09-04,up,2,1.0186454722963756,1.3879580035179861
TATAPOWER,2023-09-07,up,5,-0.5733284840677588,0.3932740501362275
TATAPOWER,2023-09-08,up,6,-1.394097222349866,2.3603565507106072
TATAPOWER,2023-11-28,up,1,10.239759356319865,3.062840224489616
TATAPOWER,2023-11-29,up,2,7.843245273860933,0.08909254006248535
TATAPOWER,2023-12-01,up,4,6.16124342832538,2.8589325339922977
TATAPOWER,2023-12-04,up,5,5.093917806473702,1.11024768437884
TATAPOWER,2023-12-06,up,7,14.740976165664277,2.633684723236973
TATAPOWER,2023-12-07,down,1,10.6823508403036,10.615710936885181
TATAPOWER,2023-12-08,up,1,-1.051720514546306,-2.519616316741291
TATAPOWER,2023-12-13,up,1,0.06523235213913292,0.9685851171560955
TATAPOWER,2023-12-20,down,1,3.984317712811003,-7.453080989652861
TATAPOWER,2024-01-11,up,3,8.664564101267613,2.902695920544063
TATAPOWER,2024-01-12,up,4,5.555553868569496,-0.5942526543713633
TATAPOWER,2024-01-23,down,1,5.015887112667983,-4.168533009495556
TATAPOWER,2024-01-29,up,1,10.54625436618284,4.766593335661584
TATAPOWER,2024-01-30,down,1,4.679955650150647,-1.0756418038920912
TATAPOWER,2024-02-01,down,1,3.2009014391483515,-0.8141573291501114
TATAPOWER,2024-02-05,down,1,2.1863160527584524,-0.5100583066537046
TATAPOWER,2024-02-08,down,1,-8.099255276412954,2.073482005249394
TATAPOWER,2024-04-01,up,3,7.235195412839768,1.5229708133817743
TATAPOWER,2024-04-02,down,1,4.625457153202839,-0.4610081805123345
TATAPOWER,2024-04-03,down,2,3.7877457943472415,0.359543629207848
TATAPOWER,2024-04-04,up,1,3.0129290684409282,-0.773074757814618
TATAPOWER,2024-04-12,down,1,1.4499659696453282,-3.984853635871388
TATAPOWER,2024-04-29,up,1,0.28650083750916266,1.1713117180241595
TATAPOWER,2024-04-30,down,1,-0.9825167234131515,-0.7841083257616899
TATAPOWER,2024-05-02,up,1,-2.2677029530811743,0.8793105588806638
TATAPOWER,2024-05-03,down,1,-3.5045500933547746,-0.7895636650288362
TATAPOWER,2024-09-23,up,3,6.900770887172647,0.3061686358608373
TATAPOWER,2024-09-24,up,4,5.018386329223468,1.39519792342635
TATAPOWER,2024-09-26,up,6,-4.840586148232228,1.2334217158802785
TATAPOWER,2024-09-27,down,1,-5.505436717919066,1.0746180568401709
TATAPOWER,2025-06-10,up,5,-0.7294844079067886,1.3338216891005228
TATAPOWER,2025-07-16,up,2,-6.63620483129862,0.4953345137096665
TATAPOWER,2025-10-29,up,1,-4.378072436373315,1.2764533358064156
TATAPOWER,2026-03-20,up,1,0.039872237313431924,-1.6333561911349603
TATAPOWER,2026-04-16,down,1,6.380111410961864,0.6996173125755956
TATAPOWER,2026-04-17,up,1,4.956427832927401,-0.9954287510490545
TATAPOWER,2026-04-20,up,2,4.3854828190140305,0.1934770591487167
TATAPOWER,2026-04-27,up,1,-5.55389895278714,2.4821474687763523
TATAPOWER,2026-04-28,down,1,-9.76142667963572,1.3247121912939308
TATASTEEL,2022-03-23,down,1,-2.0124457652687333,-1.1621526933350168
TATASTEEL,2022-03-24,down,2,-1.1397937785970202,0.02665609502401356
TATASTEEL,2022-04-06,down,2,-7.41388396402286,0.30374539861246497
TATASTEEL,2022-08-12,up,5,-3.0419892928008063,1.5112861547892598
TATASTEEL,2022-08-16,up,6,-5.168579582271626,0.031285966986982494
TATASTEEL,2022-12-01,up,8,6.784283076707953,2.1294695435150057
TATASTEEL,2022-12-02,down,1,-3.7606231428649495,1.290492680498323
TATASTEEL,2022-12-05,up,1,-7.131011608623538,2.023215897509001
TATASTEEL,2023-01-13,up,1,1.1126912724693572,0.2869444877209082
TATASTEEL,2023-01-18,up,2,-8.966678616781598,-0.33385328280763904
TATASTEEL,2023-01-19,down,1,-11.98478902094583,-0.17392587802538273
TATASTEEL,2023-06-14,up,3,-0.8057046397403012,0.2949865943546959
TATASTEEL,2023-06-16,up,1,0.460923171281058,0.5916128929813969
TATASTEEL,2023-06-19,down,1,-0.1941525258576271,-1.1042388744676335
TATASTEEL,2023-07-10,up,1,3.8570822038603625,0.6782267865234948
TATASTEEL,2023-07-26,up,2,2.1995941548634157,-0.20705607104848367
TATASTEEL,2023-07-27,down,1,1.6063984257992603,-0.8275385353001652
TATASTEEL,2023-07-31,up,1,-3.692729431870889,1.2229967136601072
TATASTEEL,2023-09-01,up,1,2.561628023853224,4.010689709425974
TATASTEEL,2023-09-04,up,2,-0.3428877732668756,1.8605520370795992
TATASTEEL,2023-09-14,up,2,-7.447363893016689,-0.9085162383201228
TATASTEEL,2023-09-18,down,1,-7.355918033045217,-3.277947138581594
TATASTEEL,2023-11-29,up,2,6.57075323068399,-0.1851015557315039
TATASTEEL,2023-11-30,up,3,5.947052445202439,0.0848275483456229
TATASTEEL,2023-12-01,up,4,5.371466674946146,2.089467822733715
TATASTEEL,2023-12-04,up,5,4.198878021592223,0.03703426982324398
TATASTEEL,2023-12-06,up,7,2.5074702682610583,-1.0609466951994384
TATASTEEL,2023-12-15,up,3,-1.5417619254096682,2.075836980674861
TATASTEEL,2023-12-18,down,1,-0.1700841691053223,-0.570279209812441
TATASTEEL,2023-12-27,up,4,-4.8001359070251155,-0.09980058387352164
TATASTEEL,2023-12-29,down,1,-3.8285850093044083,0.29048863089298216
TATASTEEL,2024-02-05,down,1,1.6764227997682513,1.9258961266958252
TATASTEEL,2024-02-06,up,1,0.09248546839288885,1.9319168725455471
TATASTEEL,2024-02-07,up,2,-3.4805338713298384,-0.36036431225712207
TATASTEEL,2024-02-23,down,1,2.054706003686735,-0.7357132613486694
TATASTEEL,2024-03-01,up,2,6.368222433270732,4.778613708702872
TATASTEEL,2024-03-04,up,3,3.8617112716615276,1.1867335444054605
TATASTEEL,2024-03-07,up,2,4.802006960082927,2.071951512683068
TATASTEEL,2024-04-01,up,3,4.921255538712699,3.273439774530029
TATASTEEL,2024-04-02,down,1,1.809441622435215,-0.04219292316363088
TATASTEEL,2024-04-09,down,1,-0.7657113989608,-0.2889081934361881
TATASTEEL,2024-04-26,down,1,2.5310852640821,-1.0855886160429318
TATASTEEL,2024-05-21,up,3,-3.1524855195454116,3.514448686217797
TATASTEEL,2024-05-24,down,1,1.2570768404355004,0.5778807121966434
TATASTEEL,2025-03-05,up,1,11.448407164202546,3.1494975397788005
TATASTEEL,2025-03-06,up,2,7.728135319201668,1.7100312337756218
TATASTEEL,2025-03-10,down,1,3.516532965467767,-3.3367050818750243
TATASTEEL,2025-03-19,up,3,-13.928804230098745,3.2183444174983977
TATASTEEL,2025-03-20,up,4,-14.741614617241549,-0.6037639517263216
TATASTEEL,2025-05-20,down,3,-2.051551484454661,0.32040436573321784
TATASTEEL,2025-05-22,down,1,-6.150927268091888,-0.804429414416874
TATASTEEL,2025-05-26,up,2,-6.232898820542642,-1.160463912718812
TATASTEEL,2025-07-21,up,1,-3.4396439294701042,-0.5279711329422399
TATASTEEL,2025-09-23,down,3,-0.3191026772864758,-0.3478790116487662
TATASTEEL,2025-10-28,down,1,-2.533425908418585,2.7297489340381897
TATASTEEL,2025-10-29,up,1,-5.744260666054246,0.7813816609962387
TATASTEEL,2026-01-06,down,2,0.7589803234131498,-0.8648780516379295
TATASTEEL,2026-01-14,down,2,7.167119288069701,0.667806496800627
TATASTEEL,2026-01-23,down,1,5.399706870995158,-1.1903841166183038
TATASTEEL,2026-01-28,up,2,4.067011240963314,0.1773763278118956
TATASTEEL,2026-01-29,up,3,2.9687643534729746,1.2101409733553892
TATASTEEL,2026-02-09,up,2,5.213130162391111,-0.4975124378109319
TATASTEEL,2026-02-10,up,3,3.5049638880646494,0.9780975962016214
TATASTEEL,2026-02-25,up,1,-10.325850732665199,1.648904619134317
TATASTEEL,2026-04-21,up,3,2.402701300714427,-1.6165629048419117
TATASTEEL,2026-04-28,down,1,1.6406317793300929,0.011572881414134706
TATASTEEL,2026-05-13,up,1,-4.414964295389979,0.9096879410768866
TATASTEEL,2026-05-14,up,2,-6.866464002131489,0.4438656399970098
TATATECH,2024-09-06,down,3,0.03792695714255334,
TATATECH,2024-09-20,up,2,-6.8731568515823955,
TATATECH,2025-05-27,down,1,-5.374086017631308,
TATATECH,2025-05-30,down,1,-10.217157539274812,
TATATECH,2025-06-10,up,5,-10.584940948429,
TATATECH,2026-05-05,down,1,9.954358421605814,
TATATECH,2026-05-19,down,1,6.515015233064991,
TATATECH,2026-05-20,up,1,4.581258557357382,
TATATECH,2026-05-21,down,1,3.3812989298660057,
TATATECH,2026-05-26,down,1,7.092334713904247,
TATATECH,2026-05-27,down,2,3.565390565793214,
TATATECH,2026-06-02,up,1,3.6108859796951664,
TATATECH,2026-06-04,up,1,0.34726145522052665,
TATATECH,2026-06-05,down,1,-5.349196705708037,
TATATECH,2026-06-08,down,2,-12.281379752534027,
TATATECH,2026-08-07,down,1,-2.0102713241116676,
TATATECH,2026-08-10,up,1,-6.032339688719035,
TBOTEK,2025-09-19,down,1,-9.422085332464592,
TCS,2022-01-03,up,2,5.0108474209735965,1.3840398448250912
TCS,2022-01-04,up,3,3.091589113018478,0.4117792239845208
TCS,2022-01-10,up,2,1.5236738663414906,-1.3456406479524285
TCS,2022-01-17,up,1,-6.364358419769545,0.9019745708830351
TCS,2022-04-05,down,1,-5.649002373631173,0.27376474316580524
TCS,2022-08-11,up,4,-7.972167479141512,0.41589621339599425
TCS,2022-11-01,up,4,3.140127781594537,1.7108891304652207
TCS,2022-11-11,up,1,2.8542274055943784,1.1456479072527337
TCS,2022-11-16,up,2,0.42798555278995565,-0.764912374526272
TCS,2022-11-24,up,3,2.685893644823767,-0.051389535469548164
TCS,2022-12-01,up,8,-5.410249679805245,0.3469122064292174
TCS,2023-01-24,down,1,0.7073408140272575,-0.3141633503111807
TCS,2023-02-03,up,1,0.9682087589223176,-0.3784794005254777
TCS,2023-02-08,up,1,-3.8568586527443993,-0.1851473227469813
TCS,2023-07-14,up,2,1.7511175731227846,3.7146019710680767
TCS,2023-07-17,up,3,-1.6492511610424754,-1.8764948341643883
TCS,2023-10-09,down,1,-8.660386020969623,-0.35790325187334826
TCS,2023-12-06,up,7,8.286571731828651,1.1067316998814691
TCS,2023-12-12,down,1,5.168109629787021,-0.7549155719315914
TCS,2023-12-15,up,3,-1.038282899970222,3.799093423467359
TCS,2023-12-18,down,1,-5.760026761061399,-1.7987732204985285
TCS,2024-01-12,up,4,2.3860356055870335,2.826161468232957
TCS,2024-02-02,up,1,3.8317375805287934,-0.009233369621330922
TCS,2024-02-05,down,1,-0.08170804214884253,-0.18284998146815834
TCS,2024-02-06,up,1,1.5410244239704163,2.7433691809475746
TCS,2024-02-09,up,1,-2.020678290695388,-1.1675628591051423
TCS,2024-07-12,up,1,6.096070368013895,4.132999575526108
TCS,2024-07-15,up,2,2.241198299013414,-1.1596902809069554
TCS,2024-07-18,up,4,2.9721697563186433,1.3188750198007693
TCS,2024-07-19,down,1,0.9484392524372609,-1.0738171498001159
TCS,2024-07-26,up,1,2.429362209343622,0.7184040432632877
TCS,2024-08-20,up,4,-0.19640690343132317,0.02831146597768175
TCS,2024-12-05,up,5,-5.535069560801653,1.0005943509156179
TCS,2025-12-03,down,4,2.6565302052043327,-0.059451171813873493
TCS,2025-12-04,up,1,1.6369675201702627,0.06321635096644407
TCS,2025-12-05,up,2,0.4454664777076234,-0.7118254879448727
TCS,2026-07-27,up,1,0.8010682377989742,1.315272609336593
TCS,2026-07-28,down,1,-2.001869701170167,4.875192074186319
TCS,2026-07-29,up,1,1.819851314392329,0.43272915513568044
TCS,2026-07-30,up,2,-0.569865229623423,-4.135151348890753
TECHM,2021-11-15,up,2,2.019086014899507,-0.7698289025832028
TECHM,2021-11-17,down,2,1.0306736978076936,0.44481338924537983
TECHM,2021-12-23,up,3,2.1044062569614663,-0.001486562059094254
TECHM,2021-12-24,down,1,2.247324379082616,1.4677087565691194
TECHM,2021-12-27,up,1,-1.2315054004986226,2.3581980731133934
TECHM,2021-12-28,up,2,-7.7852922885572,-0.02554193319117548
TECHM,2021-12-30,down,2,-9.017718624973725,-1.7419784690439588
TECHM,2022-03-23,down,1,-9.101147600641092,-1.386872251279081
TECHM,2022-03-24,down,2,-14.333048156996963,0.09503287933136928
TECHM,2022-08-11,up,4,2.452225706150757,-0.441848028101699
TECHM,2022-08-17,up,7,-0.8886501519420831,0.0573488212831208
TECHM,2022-08-19,down,1,1.0678732204787433,-1.6816343591230853
TECHM,2023-05-29,up,3,-2.877619066763537,-0.9770874560074638
TECHM,2023-06-01,down,2,-1.2913800405737974,-0.501927120389245
TECHM,2023-07-05,up,7,5.7558250627539165,1.137909070564147
TECHM,2023-07-13,up,1,-4.00333886669344,-0.5814843283230897
TECHM,2023-07-14,up,2,-4.563103790106315,3.1757062575981765
TECHM,2023-07-17,up,3,-4.402498512788123,0.39090262970862266
TECHM,2023-09-04,up,2,3.741801875563966,1.8365344602504052
TECHM,2023-09-15,up,3,-5.251342600785458,0.40155021492822573
TECHM,2023-09-22,down,4,-9.587597797363435,-0.37157737615047814
TECHM,2023-11-29,up,2,2.9372524837469216,-0.5382087517423084
TECHM,2023-12-04,up,5,1.9283927181813931,-1.351816633304459
TECHM,2023-12-14,up,2,-0.5691923331568871,1.1592732495979474
TECHM,2023-12-15,up,3,-3.698556836656608,2.2607822298428504
TECHM,2023-12-18,down,1,-7.1933524653500225,-2.3601833761498936
TECHM,2024-05-16,up,1,5.442018797239778,0.19900310646290276
TECHM,2024-05-17,up,2,4.429854476587458,-0.9220221981738108
TECHM,2024-05-21,up,3,3.8444124518270506,0.25629428614504235
TECHM,2024-05-22,up,4,3.2966273070171193,0.17733487798388126
TECHM,2024-05-23,up,5,2.646863808884792,-0.34104037640572127
TECHM,2024-06-28,down,1,3.723658885829595,-1.424452249578878
TECHM,2024-07-01,up,1,3.066912432204094,1.3514670282448904
TECHM,2024-07-02,down,1,1.289295748388608,-0.3999312755212703
TECHM,2024-07-12,up,1,2.2490999997301753,0.9704465380665273
TECHM,2024-07-15,up,2,1.3157473558260468,-1.0536728297437792
TECHM,2024-07-18,up,4,-0.11969293772543521,0.18646538176549932
TECHM,2024-08-20,up,4,1.8275487467602325,0.32821164243839185
TECHM,2024-08-26,up,8,0.4374251142926555,0.13288471067138818
TECHM,2024-08-28,up,10,-2.8928292026758284,-2.0066809521919193
TECHM,2024-12-05,up,5,-4.027139857901352,0.7584653494743687
TECHM,2025-05-12,up,1,6.714614916591355,4.828068271422681
TECHM,2025-05-13,down,1,2.8223914102773584,-0.024141897553142666
TECHM,2025-05-14,up,1,-3.244727860984098,-0.1805280855288749
TECHM,2025-05-15,up,2,-3.3785944688778824,1.0852272252255935
TECHM,2025-06-16,up,1,-3.186284013481855,0.8975508565061352
TECHM,2025-06-17,down,1,-4.615257568309527,0.14989388263475512
TECHM,2025-12-03,down,4,3.808441585828981,-0.10312468935779195
TECHM,2025-12-04,up,1,3.0185624003014944,0.5483240391155553
TECHM,2025-12-08,down,1,0.9230521797794156,-0.7426559190190751
TECHM,2025-12-18,down,4,2.6826762072691412,0.4565472004709026
TECHM,2025-12-19,up,1,-1.9014866340367642,-0.05838687155663713
TECHM,2025-12-22,up,2,-1.061193488951484,0.8810626669607746
TECHM,2026-01-16,up,1,6.274426844314651,2.9189065838979733
TECHM,2026-01-19,down,1,3.3151625276383934,1.5331535234293758
TECHM,2026-01-27,up,1,-13.296423918891998,0.1902927757525763
TECHM,2026-01-28,up,2,-13.940875885189541,-0.3780425723903247
TECHM,2026-01-29,up,3,-14.754821181873623,-0.9821468533054545
TECHM,2026-02-03,up,1,-15.277828354600986,-7.532022276993622
TECHM,2026-04-16,down,1,-2.496892629951375,-0.9640344826437053
TECHM,2026-04-17,up,1,-4.0589296709267035,-0.5370090063040678
TECHM,2026-04-20,up,2,-8.967476285955268,-1.9026378779337993
TECHM,2026-07-28,down,1,-1.890274622654553,2.3619684998560153
TECHM,2026-07-29,up,1,-3.772092441405228,-0.18881954300542514
TECHM,2026-07-30,up,2,-5.309080682306478,-3.6497131794702375
TEGA,2025-09-17,up,2,-8.333758818882874,
TEJASNET,2022-10-10,down,2,-8.826179573857695,
TEJASNET,2023-07-14,up,2,0.33728825008467744,
TEJASNET,2023-07-19,up,5,-7.134782022504648,
TEJASNET,2023-08-07,up,2,-2.1273440268058663,
TEJASNET,2024-04-23,up,3,28.873115420894123,
TEJASNET,2024-04-24,up,4,2.1723407928768923,
TEJASNET,2024-04-30,down,1,5.187715658354697,
TEJASNET,2024-05-13,up,2,-11.458045747535472,
TEJASNET,2024-05-16,up,1,4.791613700834962,
TEJASNET,2024-06-11,up,1,8.67849074134619,
TEJASNET,2024-06-14,up,4,0.5545083051415434,
TEJASNET,2024-06-19,down,1,-4.1703963877636525,
TEJASNET,2024-06-27,up,4,-5.526425227116105,
TEJASNET,2024-11-06,up,2,-4.920327273701364,
TEJASNET,2024-11-08,down,2,-6.774899147355318,
TEJASNET,2025-04-22,up,6,-21.84542026670091,
TEJASNET,2026-05-26,down,1,2.5368256566794978,
TEJASNET,2026-05-29,down,3,10.844992259835863,
TEJASNET,2026-06-01,down,4,6.901563942016775,
TEJASNET,2026-06-03,down,1,12.13572488705379,
TEJASNET,2026-06-04,up,1,6.396242327933943,
TEJASNET,2026-06-19,down,1,-11.767480019887145,
TENNIND,2026-05-05,down,1,-5.55761564846573,
TENNIND,2026-05-06,up,1,-6.105973201477255,
THERMAX,2024-05-15,down,1,8.188934924309255,
THERMAX,2024-05-27,down,2,-2.8009495462074763,
THERMAX,2024-05-28,down,3,-6.053738167505007,
THERMAX,2024-06-03,up,2,-8.597613435002206,
THERMAX,2026-04-16,down,1,13.54547098612815,
THERMAX,2026-05-07,down,1,17.787475340880164,
THERMAX,2026-05-08,down,2,15.56901263641004,
THERMAX,2026-05-11,down,3,4.17967308472349,
THERMAX,2026-05-29,down,3,0.40782999901245454,
THERMAX,2026-06-23,down,1,4.307672064228862,
TIINDIA,2022-08-05,up,1,0.22186802317611942,0.5870919495233995
TIINDIA,2022-09-09,up,2,2.3499480728385924,1.6282903324457365
TIINDIA,2022-09-12,up,3,-2.9617105523008003,-1.324303338797328
TIINDIA,2022-09-23,down,3,-5.914985863169974,-3.502325425652464
TIINDIA,2022-12-09,down,1,-8.25846653956529,-0.17854977340758804
TIINDIA,2023-12-11,up,2,-0.8484548213290366,5.970837376051974
TIINDIA,2024-01-05,up,2,5.473255707989244,1.1363968532210889
TIINDIA,2024-06-14,up,4,1.012103037256784,1.0062699193358338
TIINDIA,2024-06-18,up,5,1.6146166231919334,0.1934770591487167
TIINDIA,2024-07-04,up,2,-5.169733325598891,-1.831948566569186
TIINDIA,2024-07-09,up,1,-6.936651776393699,-0.7246327938862485
TIINDIA,2024-07-10,down,1,-10.364362511377811,0.5972263649835607
TIINDIA,2024-10-23,down,3,-8.234405470717387,-0.8046188809041066
TIINDIA,2025-05-13,down,1,0.3727636783864341,-0.8945958600744208
TIINDIA,2025-05-14,up,1,0.8026369332897465,0.37689480199254444
TIINDIA,2025-05-19,down,2,-1.643001329733429,1.7093379014480492
TIINDIA,2025-08-20,up,5,1.453092482273699,-0.27485259965799314
TIINDIA,2026-02-25,up,1,8.1379810124502,-0.34507660853144717
TIINDIA,2026-02-26,up,2,7.561245113717141,3.114903532930602
TIINDIA,2026-02-27,down,1,-6.932689773003098,-6.286618910445929
TIINDIA,2026-03-02,down,2,-7.665426564566968,0.7786213441463241
TIINDIA,2026-05-29,down,3,1.3753582285669363,-3.0892855806453623
TIINDIA,2026-06-15,up,2,-4.205093722838704,1.9114769137187348
TIINDIA,2026-06-16,up,3,-11.473960119705339,0.26885726659593434
TIINDIA,2026-06-22,up,1,-12.412699402192795,-1.1042334474134607
TIMKEN,2024-06-13,up,3,1.524622068669368,
TIMKEN,2024-06-14,up,4,-2.332015764044393,
TIMKEN,2024-06-18,up,5,-8.795064201053538,
TITAGARH,2023-08-25,down,2,-0.49139672427006564,
TITAGARH,2023-09-04,up,2,-8.289875921596824,
TITAGARH,2023-09-28,down,1,2.319823226921036,
TITAGARH,2023-11-16,up,4,17.407544036004772,
TITAGARH,2023-11-17,down,1,23.979461768489372,
TITAGARH,2023-11-21,up,1,6.522658183642105,
TITAGARH,2023-12-08,up,1,3.5692708023122854,
TITAGARH,2023-12-11,up,2,2.960928254661166,
TITAGARH,2023-12-18,down,1,-5.5096932086251655,
TITAGARH,2024-01-19,up,1,-16.916150069315893,
TITAGARH,2024-05-07,down,3,10.777610973055985,
TITAGARH,2024-05-09,down,5,7.289946398323122,
TITAGARH,2024-05-16,up,1,17.397837861965492,
TITAGARH,2024-05-17,up,2,12.739947938697217,
TITAGARH,2024-05-29,down,4,-15.109504290786703,
TITAGARH,2024-05-30,down,5,-21.134490701950913,
TITAGARH,2024-05-31,up,1,-21.935464242562908,
TITAGARH,2024-06-03,up,2,8.608677383556373,
TITAGARH,2024-06-21,down,1,13.386555594122429,
TITAGARH,2024-06-24,up,1,8.749930644176885,
TITAGARH,2024-06-26,up,3,-5.248900537070556,
TITAGARH,2024-06-27,up,4,-9.38620282922863,
TITAGARH,2024-12-11,up,1,-6.476428810959211,
TITAGARH,2024-12-12,down,1,-17.48484830043131,
TITAGARH,2024-12-16,down,1,-17.861719882043413,
TITAGARH,2025-06-09,up,4,-2.0096975387417393,
TITAGARH,2026-04-27,up,1,9.721097086439222,
TITAGARH,2026-05-05,down,1,-5.651866407964046,
TITAGARH,2026-06-15,up,2,-3.4627460321256853,
TITAGARH,2026-06-16,up,3,-4.888072716845937,
TITAGARH,2026-06-17,up,4,-5.855255049969377,
TITAGARH,2026-06-18,up,5,-9.87843629175944,
TITAN,2021-09-29,down,2,1.4763347145088757,-0.50214498004163
TITAN,2021-09-30,down,3,0.6384655492269964,-0.9977972508761201
TITAN,2021-10-05,up,2,8.170820845714232,-0.0876623746257188
TITAN,2021-10-07,up,1,12.396583595396237,9.122892419291674
TITAN,2021-10-08,up,2,4.0242886503312425,-0.8000784584991538
TITAN,2021-10-12,up,4,-0.5818037427788747,4.432379521555441
TITAN,2021-10-13,up,5,-3.514965540246462,2.1806986554483876
TITAN,2021-10-18,up,7,-4.1912595487931465,0.6104245392487995
TITAN,2021-11-08,up,2,-5.26136242013261,0.8584604848223876
TITAN,2022-01-07,up,1,-9.94795772563084,-1.3750267069559952
TITAN,2022-07-20,up,4,2.6823273777583534,0.9157497024420813
TITAN,2022-07-22,up,6,7.982719026982155,1.290763277958562
TITAN,2022-07-25,down,1,6.431511337504592,-0.2839831997426545
TITAN,2022-07-29,up,3,5.0689967910845235,0.1802974088762399
TITAN,2022-08-03,up,6,5.108781339963375,0.8366251854024842
TITAN,2022-08-05,up,1,3.696782938364662,0.7122649388286773
TITAN,2022-08-17,up,7,0.832102832257986,-0.7881197663662021
TITAN,2022-08-26,up,1,2.7165069626160943,-3.096329181603086
TITAN,2022-08-30,up,1,3.8099760331266275,0.9409116846080812
TITAN,2022-09-01,down,1,3.8458348999633296,-0.19784414249736093
TITAN,2022-09-13,up,4,2.033196482517985,-1.4181052494440682
TITAN,2022-09-22,down,2,-0.2234512344630013,0.03599693987828001
TITAN,2022-10-31,up,3,-6.212159773577852,-0.31218582157026553
TITAN,2023-04-05,up,4,2.822306041661893,1.002076999437418
TITAN,2023-04-10,up,6,1.2564903357872081,-0.5090664644318843
TITAN,2023-04-27,up,4,2.706305052246072,0.434509030691288
TITAN,2023-05-04,up,1,0.5589685894793694,-0.8280078370509703
TITAN,2023-05-05,down,1,1.2714991376512774,0.931731845435535
TITAN,2023-05-09,up,2,1.0201699085798488,-0.8567271943531463
TITAN,2023-05-29,up,3,1.6170992797379435,0.47545724462281225
TITAN,2023-05-30,up,4,0.9076755575044171,-1.17807195132702
TITAN,2023-06-07,up,4,0.17317491354154058,-0.01943609488849196
TITAN,2023-06-16,up,1,2.897171411918742,0.8209430776287663
TITAN,2023-06-19,down,1,1.7917203730082765,-0.07059462243259595
TITAN,2023-06-28,up,3,1.1557080890530091,0.21312885229012313
TITAN,2023-06-30,up,4,0.49117181698719037,-0.3112085252574559
TITAN,2023-07-04,up,6,1.9690105361815036,-0.2688589698606525
TITAN,2023-07-05,up,7,1.2413659856059578,-0.17549791495595768
TITAN,2023-07-07,down,1,-4.552509820706286,0.8158123587786115
TITAN,2023-09-05,up,3,3.904548113691342,-0.14089136560505588
TITAN,2023-09-06,up,4,2.833416485958984,-0.009060004805727662
TITAN,2023-09-08,up,6,2.0111901020847256,0.3465370148642455
TITAN,2023-09-11,up,7,1.3093642915492865,-0.15445242343274934
TITAN,2023-09-13,up,1,3.1455517305416514,1.2321329872258424
TITAN,2023-09-14,up,2,1.6172957840765667,-0.7531121865823609
TITAN,2023-09-18,down,1,-1.158862276797934,-0.1495106189021045
TITAN,2023-11-22,up,2,0.6915127411008637,0.44288449261740137
TITAN,2023-11-29,up,2,2.6253444689618544,-0.9263049001728141
TITAN,2023-11-30,up,3,2.5429697478805746,0.22286344911568445
TITAN,2023-12-04,up,5,3.957354688610537,-0.8272948871712704
TITAN,2023-12-06,up,7,4.130056692768558,-0.5844046711863116
TITAN,2023-12-07,down,1,2.328353236175529,-0.4682779852059338
TITAN,2023-12-08,up,1,1.776234331644999,0.5971546669469197
TITAN,2023-12-18,down,1,0.784806431238394,-1.4892659722023138
TITAN,2023-12-27,up,4,3.6565671776032316,0.38973846971701587
TITAN,2023-12-28,up,5,2.876686899147707,0.04376218114436892
TITAN,2024-01-16,down,1,-6.497668905855947,0.6116234935854337
TITAN,2024-09-05,down,2,2.188032143919716,1.029505952102605
TITAN,2024-09-12,up,1,-2.7200431361558364,0.1134539380493571
TITAN,2024-09-13,down,1,-5.368494042769711,-0.6557039919638519
TITAN,2024-09-20,up,2,-8.406964246243287,-0.5669089036773434
TITAN,2024-09-27,down,1,-10.672163605255925,-1.8942088358833709
TITAN,2025-04-24,down,1,3.531313395770841,-0.2350152603261435
TITAN,2025-04-25,down,2,2.8817634604041853,-1.640545431897933
TITAN,2025-05-09,down,2,3.445340922234852,2.9273853330765487
TITAN,2025-05-12,up,1,-0.6243569686975814,0.42985926863559065
TITAN,2025-05-14,up,1,-2.9542915210709064,-0.2590409370409885
TITAN,2025-05-15,up,2,-3.419192128002635,0.7152602637780614
TITAN,2025-08-25,up,1,0.846899588725436,0.08725382420273764
TITAN,2025-09-03,up,1,-7.3923563574130995,1.3230501348215462
TITAN,2025-09-04,up,2,-9.091872926092503,-0.5755425371945511
TITAN,2025-10-20,up,4,1.0372109527229334,0.0970906215055356
TITAN,2025-10-23,up,6,1.1900973893312905,0.1685112481252471
TITAN,2025-11-04,down,1,2.9876956704962154,-1.021209740769824
TITAN,2025-11-12,up,3,1.9759878383359464,0.08067511186427012
TITAN,2025-11-18,down,1,-1.2161272564184422,-0.3460925359339395
TITAN,2025-11-19,up,1,-1.8828944719511354,0.7781604796530228
TITAN,2026-01-05,down,1,4.521644366968025,-0.21133391127265977
TITAN,2026-01-06,down,2,-2.8550457288544884,2.6863727284437866
TITAN,2026-01-07,down,3,-3.953116293456871,3.1899160987321595
TITAN,2026-07-01,up,1,3.1427949935460164,-1.34206813725527
TITAN,2026-07-07,down,1,2.1094055921758947,1.3279919688110153
TITAN,2026-07-09,up,1,-1.1407897108369314,-2.1495073294119704
TITAN,2026-07-22,down,3,2.853382201734278,-0.3214885704905912
TITAN,2026-07-28,down,1,4.759307569969939,1.6102468765770928
TITAN,2026-08-03,up,4,1.783346875935532,0.5003635119531502
TITAN,2026-08-10,up,1,1.4388577063483954,1.1923399983101657
TITAN,2026-08-11,down,1,-1.9000540726818338,-0.3848469870717741
TITAN,2026-08-27,down,2,-5.1616595544453965,-0.3989721917420752
TMCV,2025-12-16,down,2,11.142936931717085,
TMCV,2025-12-17,down,3,9.13381808904199,
TMCV,2025-12-18,down,4,7.0746894458525,
TMCV,2025-12-22,up,2,4.626819891615619,
TMCV,2025-12-23,up,3,2.8072199389525876,
TMCV,2025-12-24,down,1,-0.6020835091712029,
TMCV,2026-01-02,up,3,2.172460950180821,
TMCV,2026-01-19,down,1,3.933460422670443,
TMCV,2026-01-23,down,1,2.605093701762762,
TMCV,2026-01-28,up,2,6.217383442655455,
TMCV,2026-01-29,up,3,3.089023189640616,
TMCV,2026-01-30,down,1,1.9508163089978936,
TMCV,2026-02-11,up,4,-1.522465969056852,
TMCV,2026-02-27,down,1,-21.329408872113376,
TMCV,2026-06-25,up,2,-3.2961292615017124,
TMCV,2026-07-01,up,1,-7.256816559265433,
TMCV,2026-07-02,up,2,-7.271960389838128,
TMCV,2026-08-13,down,3,-3.735374541985992,
TMPV,2021-09-28,down,1,12.298219069994754,-3.062626300801341
TMPV,2021-09-30,down,3,11.496090973702922,-1.4895777373595043
TMPV,2021-10-04,up,1,10.869154317418772,0.25339957702110727
TMPV,2021-10-05,up,2,9.14111163048561,0.5895504270345464
TMPV,2021-10-07,up,1,17.69035335413971,9.240424873211307
TMPV,2021-10-08,up,2,31.691410804069587,1.3600389427495418
TMPV,2021-10-11,up,3,26.87161837928429,5.872351983884028
TMPV,2021-10-12,up,4,14.632350466264743,9.431460092988718
TMPV,2021-10-14,up,6,-4.7617658079243785,-3.6980747443904227
TMPV,2021-11-09,down,1,1.2681665774985529,-1.2291483757682076
TMPV,2021-11-17,down,2,-6.711099509282869,0.37126445862327717
TMPV,2022-01-17,up,1,-4.870297974842497,1.9157220123452667
TMPV,2022-07-18,up,2,7.427267317217479,0.15260945617878718
TMPV,2022-07-20,up,4,5.071825775773586,-0.6838823969183006
TMPV,2022-08-01,up,4,5.786856515796646,3.4221176043784274
TMPV,2022-08-11,up,4,1.333251849591055,-1.5835582999762066
TMPV,2022-08-16,up,6,-8.52951610944952,0.7129289421930363
TMPV,2022-08-17,up,7,-10.459906875988311,-1.9959206791433926
TMPV,2023-04-18,down,2,5.2207823987090896,-0.5605792715496549
TMPV,2023-04-28,up,5,3.0329872680504355,-0.6724947915397794
TMPV,2023-05-08,up,1,8.239535026901867,2.3570671233994034
TMPV,2023-05-09,up,2,5.158061669910152,0.6316243480100292
TMPV,2023-05-12,up,1,3.576252123303436,1.379700875430201
TMPV,2023-05-15,up,2,2.31264660502124,2.073687701173532
TMPV,2023-06-01,down,2,2.3601390411408074,0.6268094555471393
TMPV,2023-06-02,up,1,8.223451507033609,0.012756729174645542
TMPV,2023-06-05,up,2,7.223696758700737,1.0099639827709117
TMPV,2023-06-06,up,3,5.74859176662379,1.3155795770475986
TMPV,2023-06-07,up,4,4.191787918575884,1.8248077386853856
TMPV,2023-06-20,up,1,3.687615260517174,0.9521854938148389
TMPV,2023-06-28,up,3,2.0329251095664747,-0.08144105045905237
TMPV,2023-06-30,up,4,1.323886970734267,1.1889704022261638
TMPV,2023-07-03,up,5,-0.19850865987776078,-1.2616343301750654
TMPV,2023-07-07,down,1,5.177065215922072,2.6358393023011573
TMPV,2023-07-10,up,1,1.8355763914562173,-0.4736203080319079
TMPV,2023-07-25,up,1,-2.959787225893973,0.3729069501864357
TMPV,2023-07-26,up,2,-4.949958379309671,0.19939214433668528
TMPV,2023-11-28,up,1,4.538021961369387,1.6874436875223608
TMPV,2023-11-29,up,2,2.774425762188626,1.8995344660451163
TMPV,2023-12-06,up,7,1.6042165490515403,0.577627720581475
TMPV,2023-12-15,up,3,1.3213275670025393,0.22729248288029247
TMPV,2023-12-27,up,4,9.09047654452728,0.5723372811427874
TMPV,2023-12-28,up,5,9.857132715831884,1.2662675497387976
TMPV,2023-12-29,down,1,8.114349360057505,3.0535674890695974
TMPV,2024-01-11,up,3,3.183220764242911,0.3797319707335767
TMPV,2024-01-16,down,1,2.0009623958351153,-1.6375974993789733
TMPV,2024-01-29,up,1,11.429322110257711,1.3540351490927138
TMPV,2024-01-30,down,1,9.290004257067253,2.0260188419895186
TMPV,2024-01-31,up,1,4.090414794708397,1.0804645545208658
TMPV,2024-02-05,down,1,3.5703542825639145,3.5095586906681575
TMPV,2024-02-27,up,1,2.50182865070252,1.3220194185391554
TMPV,2024-02-28,down,1,0.7810712668844921,-1.1161807542597768
TMPV,2024-03-04,up,3,-4.004056418007318,4.2319993692795155
TMPV,2024-03-05,down,1,-5.412637757350158,2.5025625640641147
TMPV,2024-07-25,down,5,11.778547493226421,6.9777966509608325
TMPV,2024-07-26,up,1,5.673640534615565,2.2310749724867573
TMPV,2024-07-29,up,2,-9.737345205518032,-0.02685822754810996
TMPV,2024-07-30,up,3,-5.272311315659306,1.6061874215003602
TMPV,2025-05-16,down,1,-3.3520919990212783,-0.497512437810943
TMPV,2025-06-11,up,6,-6.754084251357185,-0.19280934558238982
TMPV,2026-02-26,up,2,-16.66185516470068,1.081686765266432
TMPV,2026-04-22,down,1,-6.913926833639195,-1.0883153578267968
TMPV,2026-05-27,down,2,-6.316595337377984,3.0093593083608594
TMPV,2026-05-29,down,3,-11.45756366681444,-2.714152012216142
TMPV,2026-06-15,up,2,-15.495096614659865,-1.6701630524616817
TORNTPHARM,2023-06-15,down,1,5.427795009925629,1.1834838242831047
TORNTPHARM,2023-06-16,up,1,4.647415918388864,-0.3716358122810237
TORNTPHARM,2024-08-02,down,1,2.119009027513319,-3.0620947329994763
TORNTPHARM,2024-08-06,down,3,3.8753705498420166,-1.8781820153354611
TORNTPHARM,2024-08-07,up,1,3.1666998896323406,0.5147111268438032
TORNTPHARM,2024-08-08,down,1,2.2060006716754232,-0.18815213041878387
TORNTPHARM,2024-08-28,up,10,2.2364981212399826,0.5600118732118631
TORNTPHARM,2024-08-30,up,12,-0.3014470150515036,1.014774033970256
TORNTPHARM,2024-12-19,down,4,-5.697274807672914,0.11447825993045058
TORNTPHARM,2024-12-20,down,5,-7.744552843854946,-1.6238480901125452
TORNTPHARM,2025-07-17,down,1,3.47041188556223,0.8433120023132679
TORNTPHARM,2025-07-23,up,1,1.1529110113221108,-0.07648639735032825
TORNTPHARM,2025-07-25,down,2,4.944534448559712,0.8671758811585883
TORNTPHARM,2025-07-28,down,3,0.5404972792654394,0.7772793818688228
TORNTPHARM,2025-07-29,up,1,0.2908442335263217,3.5510180142957815
TORNTPHARM,2025-12-04,up,1,0.5217749446703612,0.21888745782741026
TORNTPHARM,2026-02-16,up,1,5.956895964336928,2.911592160264065
TORNTPHARM,2026-02-24,down,1,-1.318843822793525,1.6880913352313787
TORNTPHARM,2026-02-26,up,2,-4.3781834540026265,-1.0170301930764736
TORNTPHARM,2026-05-11,down,3,-3.164037089566718,1.1329082704230053
TORNTPHARM,2026-05-25,up,2,-2.428537002558384,-0.12179871072274251
TORNTPHARM,2026-06-29,down,1,1.6840317206829214,-0.43567199698570924
TORNTPHARM,2026-07-03,up,3,4.0885538815279565,0.0731272871458799
TORNTPHARM,2026-07-06,up,4,4.422483027055835,0.9961649974568054
TORNTPHARM,2026-07-07,down,1,0.9785144445324967,-0.01718665988692525
TORNTPHARM,2026-07-08,down,2,-0.5056682267759682,-1.0461211922347058
TORNTPHARM,2026-07-13,up,3,3.0176483123489417,-0.6583895397708317
TORNTPHARM,2026-07-14,down,1,2.49976349276142,-0.4574953505146695
TORNTPHARM,2026-07-16,down,1,1.26978458678626,-2.8301889109977996
TORNTPHARM,2026-07-31,up,3,-4.0634182636095755,2.8626680518839542
TORNTPOWER,2024-03-22,up,3,21.21142052178431,
TORNTPOWER,2024-03-26,down,1,20.35143811084472,
TORNTPOWER,2024-03-27,up,1,8.082070284005027,
TORNTPOWER,2024-04-08,up,1,-1.0657350747148686,
TORNTPOWER,2024-04-09,down,1,-7.197081250167869,
TORNTPOWER,2024-06-11,up,1,-4.705517555277828,
TORNTPOWER,2024-06-12,up,2,-4.960997886651109,
TORNTPOWER,2024-06-13,up,3,-6.939897784929128,
TORNTPOWER,2024-07-31,up,4,0.18373153958277655,
TORNTPOWER,2024-10-09,down,1,-1.364279018883141,
TORNTPOWER,2026-02-18,up,3,-5.591562478836709,
TORNTPOWER,2026-02-19,down,1,-5.274925124985808,
TORNTPOWER,2026-02-23,up,2,-7.034830275832626,
TORNTPOWER,2026-02-24,down,1,-6.8093328375284035,
TORNTPOWER,2026-02-26,up,2,-8.005700023005314,
TORNTPOWER,2026-02-27,down,1,-14.121599171455879,
TORNTPOWER,2026-04-23,down,2,-4.450816634260524,
TORNTPOWER,2026-04-27,up,1,-15.562064242515861,
TRENT,2022-03-23,down,1,-5.822133186037171,-0.30652877646315524
TRENT,2022-04-05,down,1,-7.222595166266077,0.1799214340895361
TRENT,2022-04-07,down,3,-9.176446715948995,-2.6263131240564896
TRENT,2022-08-18,up,8,-7.389504865286412,-1.645616424351748
TRENT,2022-09-13,up,4,-3.2674709874089936,0.6209185519557403
TRENT,2022-09-21,down,1,-5.403963488808083,-1.3343783756563532
TRENT,2023-08-10,down,1,13.642376567825497,4.316769960693878
TRENT,2023-08-14,up,1,7.228866174187809,0.22992089162543472
TRENT,2023-08-16,up,2,6.315965392674894,1.0451617879594366
TRENT,2023-08-17,down,1,5.610736353818102,0.11963321025150186
TRENT,2023-08-18,down,2,4.6166209836849825,-1.0289861014869062
TRENT,2023-08-23,up,3,1.0385585515759521,1.1559727825046329
TRENT,2023-08-24,down,1,-1.0000843516051794,-0.8293510338825416
TRENT,2023-09-01,up,1,3.205758533035463,-0.7678364654527869
TRENT,2023-09-08,up,6,1.5792378496715553,-1.3922554782852647
TRENT,2023-09-25,up,1,-2.9505913991928923,0.6905119537955473
TRENT,2023-09-26,down,1,-6.199394050136931,-1.893797632495442
TRENT,2023-11-08,up,1,3.9313655732815755,-0.37567265712252773
TRENT,2023-11-13,up,2,10.74154649299166,2.5084488876648603
TRENT,2023-11-15,up,3,8.156565068572895,-0.7885688561870774
TRENT,2023-11-17,down,1,7.494157526584511,0.08874732023209653
TRENT,2023-11-20,down,2,6.099949503188018,0.30956102785322237
TRENT,2023-11-21,up,1,5.150505327994126,-0.9615800193812141
TRENT,2023-11-28,up,1,3.9405670299178963,0.4721519837096455
TRENT,2023-11-29,up,2,9.882855191969186,-0.7607795809938422
TRENT,2023-11-30,up,3,8.408324230753417,1.9534679543459221
TRENT,2023-12-01,up,4,4.94550828637752,0.8216325614564424
TRENT,2023-12-04,up,5,3.922835009643899,-1.1076955724167337
TRENT,2023-12-13,up,1,4.6123084937291114,1.964473423556501
TRENT,2023-12-14,up,2,2.567245788582473,0.37407070987907076
TRENT,2023-12-15,up,3,1.1486822590927037,-0.37956963668716037
TRENT,2023-12-27,up,4,2.4776925676370354,-0.4975124378109319
TRENT,2024-01-03,down,2,1.0743462722862862,-0.27041187930577637
TRENT,2024-01-09,up,1,-2.2100647285660746,0.08027545880304743
TRENT,2024-01-10,up,2,-1.0341215073811583,0.9904344013309307
TRENT,2024-01-11,up,3,-5.575651619177513,-0.09044889729067362
TRENT,2024-01-12,up,4,-6.015792873049786,0.27046546196534127
TRENT,2024-01-29,up,1,10.362866681198168,-0.1762899568261589
TRENT,2024-02-19,up,5,-1.1803690177505155,0.036198909864282314
TRENT,2024-03-11,down,1,-2.294532402910343,0.26961684264847907
TRENT,2024-04-22,up,2,2.9618180048117226,0.3860779046781504
TRENT,2024-04-25,up,5,7.124432080469334,0.31611587365079075
TRENT,2024-04-26,down,1,6.8341248596561766,-0.22283338311890333
TRENT,2024-04-29,up,1,5.735903043950152,1.2545322780108226
TRENT,2024-04-30,down,1,3.5475954598546577,-2.8137297489573165
TRENT,2024-05-21,up,3,4.476549366504745,-0.3420772302088926
TRENT,2024-05-24,down,1,10.395675215707856,0.15594893066741555
TRENT,2024-06-05,up,1,10.979461072174711,2.254584567790485
TRENT,2024-06-07,up,3,10.554178845979777,1.3777272737172996
TRENT,2024-06-10,down,1,8.825388554243352,-0.5253133655337083
TRENT,2024-06-12,up,2,8.028709250403265,2.2752326438272075
TRENT,2024-06-13,up,3,7.1371993912944465,-1.2658771282483716
TRENT,2024-06-14,up,4,5.099983844391187,1.6313958350115287
TRENT,2024-06-18,up,5,2.9956018482624858,1.0239733578518484
TRENT,2024-06-28,down,1,-3.240711627792514,0.24980428504119967
TRENT,2024-07-01,up,1,-4.926270721406567,-0.3891416036535311
TRENT,2024-07-04,up,2,-3.787055531249661,-0.8141578870026089
TRENT,2024-07-12,up,1,2.5586981245581564,-0.058401724826873114
TRENT,2024-07-15,up,2,2.0005310526021614,-0.42850712531967705
TRENT,2024-08-20,up,4,3.0374026856458514,0.23954302561268737
TRENT,2024-08-22,up,6,5.5834395444936735,2.3454157782516027
TRENT,2024-08-26,up,8,2.5045483486727083,-1.347456242082612
TRENT,2024-08-28,up,10,2.8395844814858684,1.913666478603404
TRENT,2024-09-16,up,1,6.804871556075831,0.9455390988687862
TRENT,2024-09-17,up,2,5.706441554454522,0.17684283022716407
TRENT,2024-09-23,up,3,3.962927033429775,1.2404204477873382
TRENT,2024-09-25,up,5,4.164807248740687,0.05815626817424757
TRENT,2024-09-26,up,6,3.3575367198173556,1.532510468999626
TRENT,2024-10-08,up,1,-4.675041670402946,1.3710036385923496
TRENT,2024-10-09,down,1,-10.615497301826615,1.0627997967850522
TRENT,2024-12-18,down,3,2.024889557813192,-2.518221218835781
TRENT,2024-12-27,up,2,1.3435881250398074,-1.1716624904484219
TRENT,2025-05-29,up,1,0.9935250154617936,-0.19754040579157417
TRENT,2025-05-30,down,1,-0.7860775216981142,-0.6461671779952383
TRENT,2025-06-06,up,3,4.566205286417091,1.065899552516747
TRENT,2025-06-09,up,4,1.0618996638267486,1.6016961605474833
TRENT,2025-06-10,up,5,-0.9509797623411309,-2.3029841928848382
TRENT,2025-06-20,up,1,-8.835336332610666,-2.251964359562386
TRENT,2025-06-23,down,1,-12.30415088735427,1.8786663696443329
TRENT,2025-06-30,down,1,-13.860648448578349,-0.233133847669853
TRENT,2026-04-17,up,1,1.5871471225975764,0.8315246537508258
TRENT,2026-04-20,up,2,-3.2909166642161036,1.804068054558794
TRENT,2026-04-21,up,3,-5.76460765789405,3.201551385881829
TRENT,2026-04-22,down,1,-7.484737983743939,-0.5982574471550262
TRENT,2026-07-02,up,2,-13.632320017421184,1.365154901819432
TRENT,2026-07-03,up,3,-14.014784090555409,-0.613524873394089
TRIDENT,2021-10-07,up,1,9.760475740140118,
TRIDENT,2021-10-12,up,4,16.643665648650185,
TRIDENT,2021-10-13,up,5,11.19302717797912,
TRIDENT,2021-10-14,up,6,5.958754032798463,
TRIDENT,2021-10-19,down,1,-3.6333465691193556,
TRIDENT,2021-10-20,down,2,-6.841229614674238,
TRIDENT,2021-11-18,down,3,20.766668229083262,
TRIDENT,2021-11-22,down,4,15.022232021446458,
TRIDENT,2021-11-23,up,1,10.092318504133878,
TRIDENT,2021-11-24,down,1,10.092108370310914,
TRIDENT,2021-11-25,up,1,9.214689183976944,
TRIDENT,2021-11-26,down,1,-0.4975124378109319,
TRIDENT,2021-11-29,up,1,-9.833971381613782,
TRIDENT,2021-12-16,up,1,-8.151552494853064,
TRIDENT,2021-12-17,down,1,-8.667552686503932,
TRIDENT,2022-01-11,up,3,9.004525547148145,
TRIDENT,2022-01-12,up,4,8.37871315688965,
TRIDENT,2023-09-01,up,1,11.093747685819565,
TRIDENT,2023-09-04,up,2,-5.85246853297855,
TRIDENT,2023-09-05,up,3,-7.204175327830475,
TRITURBINE,2024-02-28,down,1,5.352474913567762,
TRITURBINE,2024-02-29,up,1,0.2307479660332623,
TRITURBINE,2024-03-04,up,3,5.946792495188746,
TRITURBINE,2024-03-21,up,2,5.988772717187674,
TRITURBINE,2024-03-26,down,1,9.90457866915424,
TRITURBINE,2024-03-27,up,1,4.234613610367366,
TRITURBINE,2024-04-01,up,3,-4.244428624848695,
TRITURBINE,2024-08-14,up,1,-10.085610135480117,
TRITURBINE,2026-05-08,down,2,1.3901344164451546,
TRITURBINE,2026-05-15,down,1,4.998856215953218,
TRITURBINE,2026-05-19,down,1,14.552047638994626,
TRITURBINE,2026-05-20,up,1,-2.7292605722450514,
TRITURBINE,2026-05-21,down,1,-3.989088861860679,
TRITURBINE,2026-05-22,up,1,0.5017083702362646,
TRITURBINE,2026-05-29,down,3,-9.355662366626383,
TTML,2021-11-29,up,1,15.144164867751586,
TTML,2021-11-30,down,1,31.061113247111738,
TTML,2021-12-10,down,1,29.75872498775405,
TTML,2021-12-13,down,2,25.644960323671494,
TTML,2021-12-14,down,3,19.671481518798963,
TTML,2023-09-11,up,7,10.79791940892405,
TTML,2023-09-12,down,1,5.000670511383354,
TTML,2023-09-14,up,2,-10.039499790269502,
TTML,2023-09-15,up,3,-10.50413783060755,
TTML,2024-12-12,down,1,-6.4240655350426445,
TTML,2025-06-11,up,6,-14.262371935650076,
TVSMOTOR,2021-10-13,up,5,6.330414786922067,-0.660492744386898
TVSMOTOR,2021-10-19,down,1,4.368993109398689,-2.164591495901058
TVSMOTOR,2021-10-22,down,4,8.334417674082761,2.859120001001214
TVSMOTOR,2021-10-28,down,2,9.74597297582842,2.6706595318280124
TVSMOTOR,2021-10-29,down,3,5.792439175031183,0.41945456161216477
TVSMOTOR,2021-11-02,down,1,6.764110956022207,2.1735954911193733
TVSMOTOR,2021-11-03,down,2,2.9726895854329527,0.23453928670738033
TVSMOTOR,2021-11-08,up,2,-5.813591094462122,5.069060292940897
TVSMOTOR,2021-11-09,down,1,-6.402665229382098,1.1551017956819454
TVSMOTOR,2022-04-26,up,1,1.8227651744806561,1.770366327035111
TVSMOTOR,2022-04-27,down,1,-1.3545447091640295,0.22152190972601904
TVSMOTOR,2022-04-28,up,1,-1.2834396433818118,-1.9395774749441097
TVSMOTOR,2022-05-27,up,2,3.0096752793508097,2.1537514842334904
TVSMOTOR,2022-05-30,up,3,-0.3952698522848519,0.4635662020296305
TVSMOTOR,2022-05-31,down,1,-0.2428900059885719,-1.2345679012345623
TVSMOTOR,2022-06-08,down,4,2.455378990343382,-0.32498556992048844
TVSMOTOR,2022-06-09,up,1,1.7429409245165006,0.42502718197094946
TVSMOTOR,2022-06-23,up,1,6.494348682843509,1.0151207536668094
TVSMOTOR,2022-06-24,up,2,5.1971420434161475,3.9979258572402587
TVSMOTOR,2022-06-27,up,3,8.456105830727733,-1.337298574762169
TVSMOTOR,2022-06-28,up,4,8.006560392180528,-0.12322933400338298
TVSMOTOR,2022-06-29,down,1,6.008331124534716,0.565657517292828
TVSMOTOR,2022-06-30,down,2,4.057595494584154,-0.911613158937763
TVSMOTOR,2022-07-01,down,3,3.687445127304656,-1.668129938542573
TVSMOTOR,2022-07-18,up,2,3.3789846867457785,-0.895977777018786
TVSMOTOR,2022-07-19,up,3,2.4703517053765722,-0.46930078837453815
TVSMOTOR,2022-07-22,up,6,1.5204860856357305,-1.073287988603322
TVSMOTOR,2022-07-29,up,3,8.40423035449598,0.631815006251113
TVSMOTOR,2022-08-08,up,2,2.2061287193096746,0.20710546236057947
TVSMOTOR,2022-08-10,up,3,1.387116939960431,0.5483535936016359
TVSMOTOR,2022-08-11,up,4,0.539611086562819,-1.421684148914859
TVSMOTOR,2022-08-16,up,6,3.605467397361606,0.12507729413024915
TVSMOTOR,2022-09-01,down,1,8.605192414076225,2.568501726259842
TVSMOTOR,2022-09-02,down,2,4.662338874627814,-0.782834766890006
TVSMOTOR,2022-09-05,up,1,3.7897001422134036,0.02040735339328137
TVSMOTOR,2022-09-06,down,1,3.242364816926946,-0.015713267923300744
TVSMOTOR,2022-09-12,up,3,1.299801769567921,-1.471044778130548
TVSMOTOR,2022-09-20,up,2,1.021004647599999,-0.06563769382629259
TVSMOTOR,2022-09-21,down,1,-1.4441077438720473,-3.053778620687886
TVSMOTOR,2022-10-18,up,3,-0.5829173062532833,2.028476729745221
TVSMOTOR,2022-10-19,up,4,-2.912753310813765,1.3654195980450146
TVSMOTOR,2023-02-15,up,2,-0.6392471785533926,1.5463054260369313
TVSMOTOR,2023-02-16,up,3,-4.998608810632921,-0.7721832144652718
TVSMOTOR,2023-04-13,up,9,5.673551053463033,1.4159969383850113
TVSMOTOR,2023-04-19,down,3,3.0609909677423053,-0.9216492134383358
TVSMOTOR,2023-05-05,down,1,6.345393744334493,3.2127498102706875
TVSMOTOR,2023-05-08,up,1,1.613481987052512,-0.8963403048395158
TVSMOTOR,2023-05-23,up,3,5.45616508880411,-0.010616704445676195
TVSMOTOR,2023-05-24,down,1,4.698089009187267,-0.5682563088424297
TVSMOTOR,2023-05-25,up,1,3.62573372387478,-0.5714158816453097
TVSMOTOR,2023-05-26,up,2,2.941602666280274,0.18644452192919658
TVSMOTOR,2023-05-31,down,1,-0.6040917030860515,-2.0886921697855776
TVSMOTOR,2023-06-06,up,3,-1.464586621042463,1.4630681952330304
TVSMOTOR,2023-06-07,up,4,-1.1625926507771056,0.31618986262675897
TVSMOTOR,2023-06-12,up,1,-4.225641816755998,-1.1513142603014725
TVSMOTOR,2023-07-25,up,1,-2.9071684548850674,0.9519047153163651
TVSMOTOR,2023-07-26,up,2,-4.209725156455413,-1.3897312106833537
TVSMOTOR,2023-09-01,up,1,2.3876734197399108,1.2065802405280213
TVSMOTOR,2023-09-04,up,2,0.7050493982429851,-0.7325787649339777
TVSMOTOR,2023-09-06,up,4,1.7987004673069462,0.11549121838900778
TVSMOTOR,2023-09-11,up,7,0.5765836782169798,0.28547603538635613
TVSMOTOR,2023-09-15,up,3,1.4645783325187844,0.11335673387145029
TVSMOTOR,2023-09-18,down,1,2.259760904528485,0.5612033536227523
TVSMOTOR,2023-09-26,down,1,3.6846516177254873,-0.6013350205061441
TVSMOTOR,2023-10-12,down,1,1.3403145694958152,0.07918345521209513
TVSMOTOR,2023-10-16,down,3,-0.21559756456255297,-0.18461824061488663
TVSMOTOR,2023-11-08,up,1,1.8865296780517626,0.6594932315168389
TVSMOTOR,2023-11-17,down,1,4.661769554839079,3.418351014950427
TVSMOTOR,2023-11-20,down,2,0.716037633977229,-1.7876167666190157
TVSMOTOR,2023-11-23,down,1,5.069868439770686,0.5229377693976023
TVSMOTOR,2023-11-24,down,2,3.889643097717066,0.34145634971594063
TVSMOTOR,2023-11-28,up,1,10.659856331873186,0.1372359184168781
TVSMOTOR,2023-11-29,up,2,9.961414696983283,0.7694144621483989
TVSMOTOR,2023-11-30,up,3,7.279357409918807,-0.11025805990786397
TVSMOTOR,2023-12-01,up,4,6.018906983948824,2.6479824271687047
TVSMOTOR,2023-12-04,up,5,-0.6940375476114702,-0.8078112555724437
TVSMOTOR,2023-12-13,up,1,0.7526197198856499,2.9581408585265923
TVSMOTOR,2023-12-14,up,2,-2.8390337985393588,0.7297012716388496
TVSMOTOR,2024-01-08,down,1,1.4861704696175204,-0.8645929497410498
TVSMOTOR,2024-02-16,up,4,5.346187077642228,1.1372205928306567
TVSMOTOR,2024-03-01,up,2,-5.939199192879374,3.0255812585630926
TVSMOTOR,2024-03-05,down,1,-5.883763702093903,0.3859800414138359
TVSMOTOR,2024-03-07,up,2,-6.7684367211101275,-1.3298769129402976
TVSMOTOR,2024-05-24,down,1,13.27346324333707,2.2417544762647346
TVSMOTOR,2024-06-05,up,1,9.707091110072197,3.4042474276411605
TVSMOTOR,2024-06-06,up,2,5.11763340543987,0.7577571873039313
TVSMOTOR,2024-06-07,up,3,3.3794552780978204,-0.09701894608343808
TVSMOTOR,2024-06-10,down,1,2.5412397725679936,-0.07364047900937365
TVSMOTOR,2024-06-14,up,4,-3.0346034961316826,1.4836423328299597
TVSMOTOR,2024-07-26,up,1,5.248473796343789,0.9839082252441678
TVSMOTOR,2024-07-31,up,4,3.257413184040514,-0.8089516129153651
TVSMOTOR,2024-08-01,up,5,2.5668862817657345,0.19319330533174028
TVSMOTOR,2024-08-07,up,1,0.7892209971120723,-1.3827315667896856
TVSMOTOR,2024-08-13,down,2,2.831083576374138,0.15415246620082979
TVSMOTOR,2024-08-22,up,6,5.435161249426135,3.437614188942306
TVSMOTOR,2024-08-23,up,7,3.097509631439488,1.9394776704239058
TVSMOTOR,2024-09-02,up,13,-0.5380287776327264,-1.1317350922441571
TVSMOTOR,2025-04-04,down,2,2.1911052708618817,-11.291483042952787
TVSMOTOR,2025-04-15,up,2,4.508918201794465,0.9866697620483533
TVSMOTOR,2025-04-16,up,3,7.392281092972963,-0.5166438524546901
TVSMOTOR,2025-04-17,up,4,6.398057675654711,2.1636692287561266
TVSMOTOR,2025-04-21,up,5,3.8191921867197554,1.9068227635058888
TVSMOTOR,2025-04-22,up,6,-1.1427162825228487,-0.7367482075779308
TVSMOTOR,2025-04-23,up,7,0.1594965396048975,0.4538914663557714
TVSMOTOR,2025-04-28,up,1,-2.9250925806472927,-2.120602660456583
TVSMOTOR,2025-05-16,down,1,-3.3842363274192877,0.3674548739453387
TVSMOTOR,2025-05-19,down,2,-4.357115399207201,-0.9821387062160736
TVSMOTOR,2025-06-27,up,4,-3.465404985981224,-0.12143992403589321
TVSMOTOR,2025-08-18,up,3,9.678874981044805,5.227931165319966
TVSMOTOR,2025-08-21,up,6,2.0505604032435176,-0.23601288530766817
TVSMOTOR,2025-08-28,down,2,0.64805421871581,-2.863617486520076
TVSMOTOR,2025-09-01,up,1,6.701489531385341,-0.14097918885712657
TVSMOTOR,2025-09-02,down,1,5.920293331505122,-0.6921657418555438
TVSMOTOR,2025-09-03,up,1,5.28676736611946,2.610107975150777
TVSMOTOR,2025-09-04,up,2,4.682235240723842,0.5722486151957362
TVSMOTOR,2025-09-08,up,4,-2.214638304015626,2.0980824116027197
TVSMOTOR,2025-12-22,up,2,0.7236952704982702,0.5666431862331178
TVSMOTOR,2026-01-02,up,3,-6.569940065285962,1.1547986344731864
TVSMOTOR,2026-02-25,up,1,-15.265240355701637,0.7004221999637794
TVSMOTOR,2026-02-26,up,2,-13.673707567201998,-0.26546731054800654
TVSMOTOR,2026-06-25,up,2,2.5214848718940974,0.13568244978943156
TVSMOTOR,2026-07-02,up,2,4.742366743871296,1.5078357906924689
TVSMOTOR,2026-07-03,up,3,3.8172581373060455,-0.6891582202373958
TVSMOTOR,2026-07-06,up,4,2.673118414784792,0.9131625347845285
TVSMOTOR,2026-07-07,down,1,0.9669341278621735,-2.387979822588937
TVSMOTOR,2026-07-21,down,2,5.261770617113126,1.497807681377883
TVSMOTOR,2026-07-22,down,3,4.294798971024161,2.0514252270471767
TVSMOTOR,2026-07-28,down,1,5.352923260588804,0.46128952937356527
TVSMOTOR,2026-07-29,up,1,10.78710272409591,1.4570298299706241
TVSMOTOR,2026-07-30,up,2,8.519829136143041,2.508264122319881
TVSMOTOR,2026-07-31,up,3,5.073122071852176,2.2736518875166922
TVSMOTOR,2026-08-03,up,4,2.4979195424611245,0.9748943145544198
TVSMOTOR,2026-08-05,up,1,1.1152622989179184,-0.10790619663351153
TVSMOTOR,2026-08-26,down,1,-9.369540169029733,0.42834738026436003
UBL,2021-10-11,up,3,0.3987483385676782,
UBL,2021-10-12,up,4,-3.329424590580987,
UCOBANK,2022-12-08,up,1,27.617979534199332,
UCOBANK,2022-12-09,down,1,20.690901698846286,
UCOBANK,2023-09-15,up,3,11.411030439871128,
UCOBANK,2023-09-18,down,1,0.5959233249029472,
UCOBANK,2024-01-31,up,1,27.836897868400577,
UCOBANK,2024-02-01,down,1,16.08623548922057,
UCOBANK,2024-02-02,up,1,36.52899717972309,
UCOBANK,2024-02-05,down,1,31.89865314619866,
UCOBANK,2024-02-06,up,1,-7.141953792233791,
UCOBANK,2024-06-03,up,2,-10.624587718046708,
ULTRACEMCO,2022-01-17,up,1,-4.997164938333942,-0.06034972522580562
ULTRACEMCO,2022-04-11,down,1,-7.677667206848959,-0.4975124378109319
ULTRACEMCO,2022-07-18,up,2,7.847307795511438,0.10277539133640712
ULTRACEMCO,2022-07-19,up,3,7.270361517608115,1.4955268723981563
ULTRACEMCO,2022-07-20,up,4,5.42355420589935,-0.02334061274834598
ULTRACEMCO,2022-07-22,up,6,7.730781835205258,2.736362515987789
ULTRACEMCO,2022-07-27,up,1,1.9942612165309015,0.4982784307868027
ULTRACEMCO,2022-08-01,up,4,2.4971337816599437,0.26798006858406165
ULTRACEMCO,2022-08-05,up,1,-0.7523978664370379,0.39422008701823774
ULTRACEMCO,2022-11-01,up,4,1.899539795212335,0.8942998938028746
ULTRACEMCO,2022-11-04,up,1,-0.24713082315692692,0.22614201718680338
ULTRACEMCO,2022-11-07,up,2,-0.4324669084534105,0.07434093898326388
ULTRACEMCO,2022-11-09,down,1,-1.2553390827637179,-2.241428933984957
ULTRACEMCO,2022-12-01,up,8,-1.6559219078146947,2.0268635679951297
ULTRACEMCO,2023-05-30,up,4,2.691672947415058,-0.02518296993379021
ULTRACEMCO,2023-06-06,up,3,3.3265267725051118,1.5637009139528368
ULTRACEMCO,2023-06-07,up,4,1.4177855143923335,0.11518760875426359
ULTRACEMCO,2023-06-13,up,2,2.48233870531831,0.6073711396197501
ULTRACEMCO,2023-06-14,up,3,1.2429408134821074,0.2405377720657409
ULTRACEMCO,2023-06-15,down,1,0.6542545534205635,-0.5212970869935996
ULTRACEMCO,2023-07-03,up,5,-3.0027400330466247,0.2795372629505355
ULTRACEMCO,2023-09-15,up,3,-6.692974155801434,-0.17727454680618315
ULTRACEMCO,2023-11-15,up,3,2.622075838245186,0.18236143867838006
ULTRACEMCO,2023-11-17,down,1,1.623300457415744,-0.6752811108228118
ULTRACEMCO,2023-11-30,up,3,4.530006349172555,2.1298329946156658
ULTRACEMCO,2023-12-01,up,4,6.6928262814620165,0.9460671750633365
ULTRACEMCO,2023-12-04,up,5,5.013270708746154,1.213812234598377
ULTRACEMCO,2023-12-05,up,6,3.018870541517482,-0.6152200299307076
ULTRACEMCO,2023-12-11,up,2,10.099275160981659,2.3593846143258324
ULTRACEMCO,2023-12-12,down,1,6.723316709106064,1.2404595247043293
ULTRACEMCO,2023-12-13,up,1,4.246781833242452,-1.8075810142498705
ULTRACEMCO,2023-12-20,down,1,3.2275830388788895,-2.2631264374978755
ULTRACEMCO,2023-12-27,up,4,-3.953767936458108,3.078603821335668
ULTRACEMCO,2024-06-03,up,2,0.40596890775173033,0.5196795461404502
ULTRACEMCO,2024-06-10,down,1,10.823479258083912,3.1360091286491087
ULTRACEMCO,2024-06-11,up,1,6.8799173610986974,-0.8300116737608665
ULTRACEMCO,2024-06-12,up,2,6.091620297932487,1.865773507564561
ULTRACEMCO,2024-06-13,up,3,5.031175360256457,0.13043000310155595
ULTRACEMCO,2024-06-27,up,4,-0.8559309419140182,3.032940357289582
ULTRACEMCO,2024-07-01,up,1,-3.255526754551563,0.08106913256076265
ULTRACEMCO,2024-09-23,up,3,1.3599804831236906,0.37788174195338975
ULTRACEMCO,2024-09-26,up,6,-8.19946106533923,0.058135725771890634
ULTRACEMCO,2024-12-11,up,1,0.18189783777791124,-0.9779500745677128
ULTRACEMCO,2025-04-11,up,1,1.2205405998471752,-0.07225178492527018
ULTRACEMCO,2025-04-17,up,4,2.163066129282165,-0.7189086780493459
ULTRACEMCO,2025-04-21,up,5,1.480518895206906,-0.39735895259483955
ULTRACEMCO,2025-04-24,down,1,-2.181906323050309,-0.17706677183857433
ULTRACEMCO,2025-04-25,down,2,-2.6119811183661468,-0.13829768126873976
ULTRACEMCO,2025-07-02,down,1,0.32147144645122694,0.8404315315282407
ULTRACEMCO,2025-07-10,down,2,-3.1155826590418156,-1.003725411100287
ULTRACEMCO,2026-01-06,down,2,4.455434565656136,0.45529328756581666
ULTRACEMCO,2026-01-14,down,2,3.3363793278505582,-4.1527058584627685
ULTRACEMCO,2026-01-16,up,1,5.356525011072222,-0.2795000086801114
ULTRACEMCO,2026-01-23,down,1,4.660093326194525,0.6174287771140374
ULTRACEMCO,2026-01-27,up,1,3.4179112403570855,0.1841200243802632
ULTRACEMCO,2026-02-03,up,1,1.2326282815939837,-2.2431701143405647
ULTRACEMCO,2026-02-09,up,2,-3.8086282607960653,0.3321871187607517
ULTRACEMCO,2026-04-22,down,1,-3.573718642593071,-0.16762437295494426
ULTRACEMCO,2026-07-21,down,2,1.0695211551607908,0.16578220471676897
ULTRACEMCO,2026-08-05,up,1,-4.2170024017277985,-0.35036777989774226
UNIONBANK,2021-10-19,down,1,8.365052420636655,-8.95723937641516
UNIONBANK,2021-10-21,down,3,7.710939089627233,2.5055807020704535
UNIONBANK,2021-11-08,up,2,-9.744603044704657,4.029703187250333
UNIONBANK,2021-11-09,down,1,-16.944204366403614,-2.4162917686100682
UNIONBANK,2022-11-09,down,1,18.174971613238977,9.343390104776272
UNIONBANK,2022-11-10,down,2,8.372864360368704,4.130510239500196
UNIONBANK,2022-11-11,up,1,3.5562926110189963,-1.603095632946372
UNIONBANK,2022-11-17,down,1,12.774268819599,1.869888570389855
UNIONBANK,2022-11-18,down,2,10.30881808521038,3.6425725880522064
UNIONBANK,2022-11-21,down,3,5.048968316230007,2.509614576184349
UNIONBANK,2022-11-22,up,1,2.0338579891455044,-0.7571465226447027
UNIONBANK,2022-11-24,up,3,11.948239964967101,0.645466405568329
UNIONBANK,2022-11-25,up,4,10.746777378889583,-3.261466698091764
UNIONBANK,2022-11-29,up,6,8.75566353983559,0.982991953485568
UNIONBANK,2022-11-30,up,7,6.059791464383424,-1.219415012316849
UNIONBANK,2022-12-06,down,1,11.44992292799758,5.268170830851826
UNIONBANK,2022-12-09,down,1,3.879263830076507,-7.367399491336335
UNIONBANK,2022-12-13,up,2,-10.311456416547394,2.9373696186234977
UNIONBANK,2022-12-14,up,3,-15.096127677555138,-0.39210887036773556
UNIONBANK,2023-07-18,up,4,7.49608889086899,-0.616818154182941
UNIONBANK,2023-07-19,up,5,8.041433852545076,1.4000301769129697
UNIONBANK,2023-07-20,up,6,4.871534963447988,5.338410586364373
UNIONBANK,2023-07-21,down,1,3.4644750527709434,3.0116747551292677
UNIONBANK,2023-07-24,down,2,0.42834376374198957,-3.002769906114311
UNIONBANK,2023-08-11,down,2,-4.611873157242885,-0.4975124378109319
UNIONBANK,2023-08-16,up,2,-6.2503344494432405,0.40802247886333465
UNIONBANK,2023-08-17,down,1,-7.190271891456934,-1.1772472534386513
UNIONBANK,2023-08-18,down,2,-8.922919455583278,-2.0482005556632266
UNIONBANK,2023-09-18,down,1,13.58685387507348,0.21177675714172395
UNIONBANK,2023-09-20,down,2,10.821942720236288,-1.1401032750057105
UNIONBANK,2023-09-25,up,1,8.398722434298577,-1.126052455158777
UNIONBANK,2023-09-28,down,1,6.943704482515467,-1.8331177143197208
UNIONBANK,2023-09-29,up,1,-4.1002662086047525,1.3512756696169914
UNIONBANK,2023-10-03,down,1,-11.563678361351082,4.245128073763071
UNIONBANK,2023-10-04,down,2,-16.30838376552026,-3.5448629298296064
UNIONBANK,2023-11-13,up,2,9.243009261180957,5.794213941999615
UNIONBANK,2023-11-15,up,3,0.8715811986389932,-0.4533520399015889
UNIONBANK,2023-12-04,up,5,6.882918125355175,2.0811949958289055
UNIONBANK,2023-12-05,up,6,4.092241448959766,0.281881726205202
UNIONBANK,2023-12-06,up,7,1.4435839400085415,-0.7928959693402127
UNIONBANK,2023-12-11,up,2,7.731387830264569,1.6016961605474833
UNIONBANK,2023-12-12,down,1,5.636488366361925,1.2727027280027725
UNIONBANK,2023-12-15,up,3,-2.291427434127691,1.9741025627601383
UNIONBANK,2024-01-04,up,1,5.110518399948116,-0.3773391259766945
UNIONBANK,2024-01-12,up,4,14.831890475329379,5.127228951086127
UNIONBANK,2024-01-16,down,1,9.544356998244297,-1.413741605050245
UNIONBANK,2024-01-23,down,1,-3.3718732584686606,-1.2072306241738273
UNIONBANK,2024-02-01,down,1,0.9068276872147507,0.1532762680519495
UNIONBANK,2024-02-02,up,1,-1.1748609177047231,1.5006738462897795
UNIONBANK,2024-02-05,down,1,-3.9567679202242245,-3.4019779993588073
UNIONBANK,2024-03-05,down,1,-6.600947393540668,4.253267351924062
UNIONBANK,2024-03-07,up,2,-1.688779751538927,-0.8423559971624028
UNIONBANK,2024-04-01,up,3,-5.7816803820404665,0.30311906889051166
UNIONBANK,2024-04-02,down,1,-4.933929080711097,-0.497512437810943
UNIONBANK,2024-04-04,up,1,-1.4095118442008392,0.10000375277099405
UNIONBANK,2024-06-03,up,2,-13.774757812098514,4.483755937217659
UNIONBANK,2024-12-06,down,1,-8.45648267176612,-1.2903293120955839
UNIONBANK,2025-04-03,down,1,-0.6677486097535601,1.7542381760868864
UNIONBANK,2025-04-29,up,2,-0.520333180121535,-2.551460499678415
UNIONBANK,2025-05-23,up,1,1.1791454945841995,-0.6036252459659441
UNIONBANK,2025-05-28,down,2,3.1494975397788005,1.1186916363312482
UNIONBANK,2025-05-30,down,1,-0.40768473828898255,2.9645814373555845
UNIONBANK,2025-06-02,down,2,-3.0405773265446356,3.2699964239760515
UNIONBANK,2025-06-03,down,3,-5.202276125439886,-2.0378381420811165
UNIONBANK,2025-10-28,down,1,5.137785050215671,0.7275544911086396
UNIONBANK,2025-10-31,down,2,-0.3721429737511661,-1.685209902299467
UNIONBANK,2025-11-07,down,3,-0.15877778214593574,0.3037159391514388
UNIONBANK,2025-11-10,up,1,-0.15431189317911542,-0.12193243257111464
UNIONBANK,2025-11-12,up,3,-3.083983847158045,0.5460440059489979
UNIONBANK,2026-01-14,down,2,5.943683634131891,6.60980615765141
UNIONBANK,2026-01-16,up,1,0.18532618749234064,-3.168316939836968
UNIONBANK,2026-02-17,up,2,-3.1689392393501215,2.747133895738707
UNIONBANK,2026-02-18,up,3,-6.226762210739068,1.1311864940306782
UNIONBANK,2026-02-19,down,1,-8.155499379129516,-2.8774880472932196
UNIONBANK,2026-02-23,up,2,-10.473690555048687,0.4736670463820536
UNIONBANK,2026-02-24,down,1,-11.598062788623976,0.024224968420250015
UNIONBANK,2026-02-27,down,1,-17.450148684298807,-4.4932834766425405
UNIONBANK,2026-04-22,down,1,-15.072671579360108,0.37287808787394017
UNIONBANK,2026-08-06,up,2,3.020254038253345,1.7359890047528248
UNIONBANK,2026-08-07,down,1,1.410754446943363,0.15129963410687175
UNIONBANK,2026-08-12,down,2,0.10247839303763051,0.17747724689369804
UNIONBANK,2026-08-13,down,3,0.24504017807338574,-0.6407219041659418
UNIONBANK,2026-08-26,down,1,-6.961156419533077,-1.3224369368783795
UNITDSPR,2021-09-30,down,3,2.8960064122327323,-0.29343467252077593
UNITDSPR,2021-10-05,up,2,-4.323214175700452,1.4581031233809272
UNITDSPR,2021-10-07,up,1,5.94400580250618,1.4875048751745723
UNITDSPR,2021-10-08,up,2,5.765181691367927,-1.1438806977975724
UNITDSPR,2021-10-28,down,2,8.07562546603342,-2.758436958096866
UNITDSPR,2021-10-29,down,3,5.221443751653898,1.6299831571995993
UNITDSPR,2021-11-01,up,1,3.18450951341287,0.5456395962876615
UNITDSPR,2021-11-08,up,2,-11.631742578001681,-0.01711541527592564
UNITDSPR,2021-11-09,down,1,-14.061118538437379,-1.480738599492648
UNITDSPR,2022-04-05,down,1,-7.2567422174011025,-0.06230119024438485
UNITDSPR,2022-04-06,down,2,-8.43521918806952,-1.0015777112222568
UNITDSPR,2022-09-12,up,3,1.6601400951675505,0.6051567804590263
UNITDSPR,2022-09-13,up,4,1.7461943251365852,-2.339710896968006
UNITDSPR,2022-09-14,down,1,1.5635881134861362,0.7649859290153049
UNITDSPR,2022-09-20,up,2,-4.87062404870623,-0.6110997523796402
UNITDSPR,2022-09-21,down,1,-6.579472172162726,-1.5196421742556976
UNITDSPR,2022-11-16,up,2,2.466739846249899,-2.3604444736668895
UNITDSPR,2022-12-08,up,1,-7.039618333713504,0.20644829393583475
UNITDSPR,2022-12-09,down,1,-7.794713045861624,-1.3906181867851752
UNITDSPR,2023-07-21,down,1,0.018986551814736963,6.2372615295026135
UNITDSPR,2023-12-29,down,1,-1.1841934108864027,0.23822184172126448
UNITDSPR,2024-04-26,down,1,-3.4652751157221218,-1.1611411730184873
UNITDSPR,2024-05-06,down,2,-2.852429859393546,0.8044234260914607
UNITDSPR,2024-07-24,down,4,4.635361965648399,2.359461993364631
UNITDSPR,2024-07-25,down,5,-1.2697747150112182,1.1698720243260352
UNITDSPR,2024-08-07,up,1,-0.5764298791602229,0.8749356664951247
UNITDSPR,2024-08-09,up,1,-0.23021785074279766,-1.8813760971151283
UNITDSPR,2024-09-11,down,1,6.606300623875194,0.06555317414818074
UNITDSPR,2024-09-16,up,1,4.999951635213429,-0.23956690945788894
UNITDSPR,2024-09-19,up,1,3.726067055849236,-1.640996447577936
UNITDSPR,2024-09-20,up,2,-4.534648488251413,0.45314827138194236
UNITDSPR,2024-09-23,up,3,-5.258785162171121,2.848585842712814
UNITDSPR,2024-12-02,up,2,-0.41048900093981766,-1.2258734258509651
UNITDSPR,2024-12-17,down,2,4.03438256285551,1.4938220453574624
UNITDSPR,2024-12-18,down,3,2.793432167553589,-0.986231146474692
UNITDSPR,2024-12-30,down,1,-4.032798506405677,0.6996270666543403
UNITDSPR,2025-01-02,up,2,-15.918649128016394,1.572781298541237
UNITDSPR,2025-04-24,down,1,-3.32806604616811,-1.7464728902237825
UNITDSPR,2025-10-31,down,2,1.7272325572612823,1.9973334963726108
UNITDSPR,2025-11-26,up,1,0.6363419817581484,0.9405480610990447
UNITDSPR,2026-07-06,up,4,4.353141452983489,2.062951859715012
UNITDSPR,2026-07-07,down,1,1.9127713038212146,-0.8795464214703008
UNITDSPR,2026-07-24,down,5,6.476116968097956,2.4347349249539185
UNITDSPR,2026-07-27,up,1,3.872529245663592,-0.4975124378109319
UNITDSPR,2026-07-28,down,1,0.6540311024897161,0.012074722620680767
UNITDSPR,2026-07-29,up,1,0.2988217448736119,-0.8199971328579081
UNITDSPR,2026-08-04,down,1,0.35713874358547226,-1.0672851611622014
UNITDSPR,2026-08-21,up,2,-10.447761194029837,-0.0674080454581838
UNOMINDA,2024-06-06,up,2,11.69192910495267,7.0057417174276715
UNOMINDA,2024-06-07,up,3,1.2255794199732994,-5.8366703070015795
UNOMINDA,2024-06-18,up,5,6.7245975594445895,0.33401297868056457
UNOMINDA,2024-06-20,up,1,5.256932880083154,-0.041389261121116405
UNOMINDA,2024-07-02,down,1,-14.27961101839026,-2.708680872913405
UNOMINDA,2024-09-02,up,13,-4.8382249824701855,-1.9165915389495303
UNOMINDA,2025-08-20,up,5,2.3237071383552133,-0.21458230574481485
UNOMINDA,2025-08-21,up,6,2.792489167067891,-1.2518074477661956
UNOMINDA,2025-08-22,down,1,3.436491663090324,1.314517574120222
UNOMINDA,2025-08-25,up,1,3.2946223565844646,0.6284016574614304
UNOMINDA,2025-09-01,up,1,0.33561658101526337,0.8171579135155982
UNOMINDA,2025-09-08,up,4,-0.632903875430102,-1.4677932565604235
UNOMINDA,2026-05-08,down,2,-7.8085944172645245,-0.5060513386660914
UNOMINDA,2026-08-04,down,1,2.2601039982717896,0.285712775749869
UNOMINDA,2026-08-05,up,1,0.790362462943972,0.5503854094607741
UNOMINDA,2026-08-07,down,1,-0.6532283807877626,0.5380023846436988
UPL,2022-01-06,down,1,6.191133265430349,1.0728684045348658
UPL,2022-01-10,up,2,5.832288792086704,3.4161398780484964
UPL,2022-01-13,up,5,-7.803973825674603,0.4638642536111792
UPL,2022-03-25,down,3,-0.069396447075043,-1.341330759684034
UPL,2022-04-08,up,1,0.6874787764103107,-0.9250860491892721
UPL,2022-04-11,down,1,-0.0421929401194121,-0.7221337590191168
UPL,2022-04-13,down,3,-6.100568083618607,-1.7473283565108133
UPL,2022-05-04,down,3,-9.251642127558302,-1.364609171712483
UPL,2022-08-12,up,5,-5.890849125057529,0.726502710130994
UPL,2022-08-16,up,6,-6.65659354040713,-0.8753699855154506
UPL,2022-11-07,up,2,3.260978941489201,1.6338639694908785
UPL,2022-11-09,down,1,1.8840741176916476,0.1658816947484043
UPL,2022-11-11,up,1,2.679701710057558,1.1140213862892656
UPL,2022-11-14,down,1,3.7545048281938387,0.03883210875199605
UPL,2022-11-30,up,7,1.7652010421611797,-1.1249900101444221
UPL,2022-12-05,up,1,-9.939307175457134,0.549490810648523
UPL,2023-12-15,up,3,-8.016567444760126,0.6586331290344916
UPL,2024-04-26,down,1,3.9801908492672844,-0.526713701049264
UPL,2024-06-06,up,2,3.1593582691564315,1.3636604979055056
UPL,2024-06-10,down,1,3.360379480063025,0.3597981142922091
UPL,2024-06-13,up,3,2.0141037094062897,-0.6578214224687295
UPL,2024-06-19,down,1,-0.8605611051349493,-1.3033060187501055
UPL,2024-06-20,up,1,-2.3792113001973814,0.5352275043480903
UPL,2024-08-30,up,12,-0.6329212577867449,1.88891822574484
UPL,2024-09-02,up,13,-2.342593688351491,-1.1564693090837186
UPL,2024-09-04,down,1,-1.751129769510129,0.2890664753424588
UPL,2024-09-05,down,2,0.8543772317439302,0.487900577516176
UPL,2025-01-30,up,3,11.894801356349927,1.7306167031947872
UPL,2025-01-31,up,4,8.441023880014908,4.922388002047007
UPL,2025-02-03,down,2,3.915518708731547,2.6753594597877184
UPL,2025-02-04,up,1,1.1744062995548976,-0.6225136578889345
UPL,2025-02-05,down,1,-0.17180302818351478,-0.11752285976419641
UPL,2025-02-21,down,4,-1.6615103656368202,-2.0495065792882072
UPL,2025-05-12,up,1,-8.60507123758688,-2.7811237776276143
UPL,2025-07-21,up,1,-5.166815136858139,1.9405016738549996
UPL,2025-07-22,down,1,-4.5050635430686,0.7574472348629735
UPL,2025-07-28,down,3,-3.7169340409385687,-1.0352182096651452
UPL,2025-11-10,up,1,2.063313668883815,-0.9133113194859654
UPL,2025-11-12,up,3,1.364064028609424,-0.28776072392483476
UPL,2025-11-17,up,6,-4.119674180724453,0.3059736879037489
UPL,2025-12-31,up,1,-13.169911383938759,0.08620409410524665
UPL,2026-01-01,up,2,-14.0750663403294,0.24161492251990602
UPL,2026-01-02,up,3,-14.661039229515005,-0.06569755068426275
URBANCO,2026-04-15,up,1,7.701084993005458,
URBANCO,2026-04-20,up,2,6.680248621302143,
URBANCO,2026-04-22,down,1,5.581755746440686,
URBANCO,2026-04-23,down,2,-1.8619298502522752,
URBANCO,2026-04-30,down,1,-20.584590005333624,
URBANCO,2026-08-20,up,1,10.37498103560781,
URBANCO,2026-08-21,up,2,10.19223904978277,
URBANCO,2026-08-24,down,1,-1.6044768527965547,
URBANCO,2026-08-26,down,1,-8.644556744178388,
URBANCO,2026-09-03,down,4,-9.697808682751784,
URBANCO,2026-09-04,up,1,-8.626510105147322,
USHAMART,2024-11-07,down,1,-12.46358419143938,
VBL,2022-04-29,down,1,-6.392187383698444,-6.136279172109605
VBL,2022-06-15,down,4,2.8860695218550614,-0.5100469140923103
VBL,2022-08-01,up,4,9.68111637196234,4.900494861353777
VBL,2022-08-02,up,5,5.576769029091899,-3.7581632262823628
VBL,2022-08-04,down,1,-4.669363107254243,5.586652929707769
VBL,2022-08-05,up,1,0.11724036344091804,-0.8653921073084936
VBL,2022-08-16,up,6,3.8660498559270895,-0.7634083662228064
VBL,2022-09-06,down,1,10.8160479724414,3.5498071847658963
VBL,2022-09-08,up,1,5.610868713558581,-0.326078671288621
VBL,2022-09-19,up,1,4.925824079384888,-1.9317811609709024
VBL,2022-09-20,up,2,4.147065028281793,-0.11046657842743723
VBL,2022-09-21,down,1,-8.225299113397256,-0.6919233527605595
VBL,2022-09-22,down,2,-10.246658820896348,2.7376271970725785
VBL,2022-11-30,up,7,15.036123981485972,6.969370382811224
VBL,2022-12-02,down,1,-3.2330789838188045,-1.0235807221531057
VBL,2022-12-05,up,1,-5.37710244123849,-0.6444858111639529
VBL,2022-12-09,down,1,-4.639840736309397,2.026101377172118
VBL,2023-03-03,up,1,0.14738718418818575,0.4569376532089331
VBL,2023-03-06,up,2,-1.0235176809314517,-2.506556835220164
VBL,2023-04-03,up,3,4.381502527938119,1.2893202509595802
VBL,2023-04-05,up,4,1.197039478890538,1.809739499138896
VBL,2023-05-09,up,2,8.576282732385664,1.8524602401196022
VBL,2023-05-10,up,3,5.065468096150316,5.403804074250607
VBL,2023-05-11,down,1,-0.8169057628284015,-2.008480261573098
VBL,2023-05-26,up,2,-3.436805201847337,5.240664100652803
VBL,2023-08-16,up,2,5.327723236563231,2.5605919929804655
VBL,2023-08-17,down,1,1.7118143343719305,-1.9299989618058233
VBL,2023-09-04,up,2,4.6452490303028116,0.3082443722496553
VBL,2023-09-05,up,3,3.9672037735337007,0.5555412710553709
VBL,2023-09-26,down,1,-1.1013619563533528,3.5210651338962506
VBL,2023-11-16,up,4,7.3732882010083545,1.4993395080786343
VBL,2023-11-20,down,2,-0.15668506603216947,-0.12354566066361539
VBL,2023-11-23,down,1,3.6924081283439714,-0.5303596234890517
VBL,2023-11-30,up,3,2.209883653136946,2.742103436306853
VBL,2023-12-18,down,1,11.373826154502996,1.5817468006833924
VBL,2023-12-19,up,1,10.348607534336175,16.985003484348592
VBL,2023-12-20,down,1,7.957660126797572,5.166015447346295
VBL,2024-01-09,up,1,-1.2242064864177782,-0.2629784223818654
VBL,2024-02-06,up,1,7.847133517427074,2.216196369301704
VBL,2024-02-07,up,2,5.450530550373145,-0.5343674602968806
VBL,2024-02-08,down,1,4.329951943496679,0.5635084843983895
VBL,2024-02-14,up,2,3.0641906038188838,1.3607678769773868
VBL,2024-02-15,up,3,1.0343575242275804,-2.0155788290182275
VBL,2024-02-21,down,1,-5.722079131802705,0.766764233212669
VBL,2024-02-22,up,1,-6.8449238109483,2.1292367536525525
VBL,2024-02-23,down,1,-4.713098326725729,0.4676629061722837
VBL,2024-02-26,down,2,-8.735013457303642,-0.1712747736726139
VBL,2024-04-04,up,1,-0.6212202126461674,1.5754498884264834
VBL,2024-05-14,up,3,-1.2759646747310782,-2.2726499303779346
VBL,2024-06-14,up,4,-0.5628851904752707,2.4065975314280674
VBL,2024-06-18,up,5,-2.8192408282922465,-1.1005578169757224
VBL,2024-12-02,up,2,-2.527697393442041,-6.658075647015305
VBL,2024-12-09,down,2,-1.500250684561677,-0.4975124378109319
VBL,2024-12-17,down,2,-0.9313287574477025,-1.5173500832866171
VBL,2025-04-15,up,2,-11.978568694986592,-0.8396973348753889
VBL,2025-04-17,up,4,-8.040735963001977,0.5762554135795961
VBL,2025-07-29,up,1,4.498814675669038,3.963850129990565
VBL,2025-07-30,up,2,-0.023964817496346935,-1.0290428326913292
VBL,2025-08-20,up,5,-9.175278626772965,-0.4496747034060333
VBL,2026-01-06,down,2,-6.484285220361885,0.11317548849956172
VBL,2026-01-07,down,3,-6.592535331311556,1.1377376067867928
VBL,2026-04-21,up,3,8.243761235028547,1.5887122191872383
VBL,2026-04-22,down,1,5.999105915853109,0.10516400258600012
VBL,2026-04-27,up,1,2.714814775500285,4.051626215199788
VBL,2026-04-28,down,1,-1.9661157556785658,-0.6500920305984259
VBL,2026-04-29,up,1,-2.2924757376153515,-1.6816274760667604
VBL,2026-05-21,down,1,2.983209665864983,2.0243343430915495
VBL,2026-05-22,up,1,1.6026494397453739,2.7284166733267723
VBL,2026-06-15,up,2,-10.712355374565142,0.18469701054391052
VBL,2026-06-17,up,4,-11.32036115391497,0.29910021376540197
VEDL,2021-11-23,up,1,6.623280386909802,0.039086354946138435
VEDL,2021-11-25,up,1,-1.4622179958931003,-0.8420501371259936
VEDL,2021-12-13,down,2,-1.0846319510986024,-0.050182878539306586
VEDL,2022-03-21,down,1,5.166958238782593,0.9872299211232338
VEDL,2022-03-22,up,1,2.921397328138031,-0.4486753413050826
VEDL,2022-04-04,up,2,3.0149003182120993,1.2527421516694393
VEDL,2022-04-06,down,2,-4.440639141959579,1.5618023570600936
VEDL,2022-04-07,down,3,-6.643457511047702,-2.2600391167702516
VEDL,2022-04-11,down,1,-7.8120301539767345,-1.4871921501008245
VEDL,2022-08-25,down,1,2.760611007462699,-0.5900728913571518
VEDL,2022-08-26,up,1,1.794749173856558,-4.2384766724420935
VEDL,2022-09-13,up,4,-3.3143152644978136,0.9657594381036194
VEDL,2022-09-14,down,1,-5.908743298545282,12.834757236013594
VEDL,2022-09-15,down,2,-7.750436877747013,-6.407303436611656
VEDL,2022-11-02,down,1,9.558234452691995,-0.4634807815902864
VEDL,2022-11-03,down,2,5.184538117181603,0.8482342430016221
VEDL,2022-11-04,up,1,1.546163448521276,6.091306602833102
VEDL,2023-01-18,up,2,-4.174776396429136,-0.0030882532938814045
VEDL,2023-01-19,down,1,-5.109191962746539,3.106328013910953
VEDL,2023-01-20,down,2,-8.019781332856668,-1.4061393013878876
VEDL,2023-12-06,up,7,3.8365645872275866,1.1756427929914715
VEDL,2023-12-14,up,2,3.411792846501971,0.5721917030963031
VEDL,2023-12-15,up,3,-0.32395687954364094,0.27382467507426345
VEDL,2023-12-18,down,1,-0.2869095813791023,1.9531910377523332
VEDL,2023-12-19,up,1,-0.38423148282543673,-0.3464673231624138
VEDL,2024-01-04,up,1,-0.2927410494882765,-0.9070665767572095
VEDL,2024-01-11,up,3,0.36453900213793133,0.7313684493718053
VEDL,2024-02-06,up,1,-6.168642888527587,1.3336013461949792
VEDL,2024-04-05,down,1,7.621890547263699,3.1323363650497704
VEDL,2024-04-08,up,1,22.387440989918584,0.027163265315821583
VEDL,2024-04-09,down,1,21.277730099694402,6.123751456436555
VEDL,2024-04-10,up,1,16.22300509029777,7.13735821422159
VEDL,2024-04-12,down,1,6.743435356868166,0.67342340787373
VEDL,2024-04-15,down,2,5.248628622413287,-1.7714807852214909
VEDL,2024-04-18,down,4,2.767831680338473,0.6038954504411276
VEDL,2024-04-19,up,1,-0.04379929536137972,-1.152881848771481
VEDL,2024-04-26,down,1,8.480906818890755,0.6059792772707295
VEDL,2024-04-29,up,1,6.811759465294465,1.021136706386283
VEDL,2024-05-02,up,1,4.987921694850717,0.7282134619246428
VEDL,2024-05-03,down,1,3.985987956209236,0.4881382322443839
VEDL,2024-05-14,up,3,16.488986545138907,3.766879886282881
VEDL,2024-05-15,down,1,11.57439988359943,0.9774389171588016
VEDL,2024-05-21,up,3,-7.400634665532991,10.36133364358609
VEDL,2024-05-22,up,4,-10.500140421611082,-3.297844462292221
VEDL,2024-07-05,up,3,-5.875173975595416,-0.2249628854776864
VEDL,2024-09-30,down,2,-11.134388496398495,-1.577600725984707
VEDL,2025-03-19,up,3,-3.206408886355705,2.4096015195554044
VEDL,2025-03-20,up,4,-20.019547072429578,0.7961134936935288
VEDL,2025-05-27,down,1,1.3393857404022658,-0.6966931101313856
VEDL,2025-05-29,up,1,0.7233068036810231,-0.3765327698749821
VEDL,2025-06-09,up,4,0.2310863395624363,0.02446649734593187
VEDL,2025-06-10,up,5,0.4729279608733927,0.17101448641563266
VEDL,2025-06-11,up,6,-0.1252025197244877,0.09818083409947054
VEDL,2025-10-03,up,2,4.955693950275997,0.5825413821103798
VEDL,2025-10-09,up,1,2.757728840006868,0.14524297515186024
VEDL,2025-10-14,down,2,1.6771823569812216,-1.5130557946414824
VEDL,2025-10-24,down,1,5.0157118243036924,1.923421890340471
VEDL,2025-10-27,up,1,2.511099781634929,0.47557334243690796
VEDL,2025-10-28,down,1,0.6529710268295519,-0.8711800948259518
VEDL,2025-10-29,up,1,-0.4975124378109319,0.13688301991758856
VEDL,2025-11-13,up,4,-0.34698421195358264,-0.6574343231702029
VEDL,2025-12-15,down,1,8.89656334075033,-0.23352959119561367
VEDL,2025-12-16,down,2,7.860486917795728,4.587611567187211
VEDL,2025-12-17,down,3,3.887960950002034,-1.053297323934188
VEDL,2025-12-22,up,2,2.0181914191032435,-0.05407049818885179
VEDL,2025-12-24,down,1,3.2599847201387977,1.0423094296442503
VEDL,2025-12-26,down,2,2.3475527934016194,1.028703165444611
VEDL,2025-12-29,down,3,0.9838105785449303,-2.8136212907790115
VEDL,2026-01-05,down,1,0.934403607033607,-0.537734964125991
VEDL,2026-01-06,down,2,-0.04342170876003859,-0.266479897226235
VEDL,2026-01-13,down,1,16.436384045315844,2.2036941697554324
VEDL,2026-01-14,down,2,14.152966774832066,4.651838085835425
VEDL,2026-01-16,up,1,7.945072978351209,0.3079385471914664
VEDL,2026-01-22,up,1,6.603606326787226,-0.9313895638088487
VEDL,2026-01-23,down,1,5.681961315316442,-0.05305237702875054
VEDL,2026-01-27,up,1,-4.881883542654208,1.2249162749824016
VEDL,2026-01-28,up,2,-6.004713793042349,4.83386076926815
VEDL,2026-01-29,up,3,-9.321910792474132,1.252613886999021
VEDL,2026-04-16,down,1,2.0289179104477695,1.4264582796871927
VMM,2025-04-30,down,1,12.730094947641657,0.7713629526525212
VMM,2025-05-02,up,1,8.933726907956974,2.4502692541563675
VMM,2025-05-05,up,2,5.79072401424614,1.1336758828806914
VMM,2025-05-07,up,1,2.075831070305756,-5.565499233551819
VMM,2025-05-13,down,1,-2.6445505263145153,0.9569317719526182
VMM,2025-06-05,up,2,1.131272041855702,-0.7290836794872746
VMM,2025-06-09,up,4,0.3186313469127233,-1.4559221240293962
VMM,2025-06-24,up,1,2.408378138416478,-0.1240045930590683
VMM,2025-06-25,up,2,1.4336413510022128,-0.852663913322016
VMM,2025-07-14,down,4,4.194467044025751,1.3410405059780972
VMM,2025-07-22,down,1,3.689087114073586,0.8744497013755348
VMM,2025-08-05,down,1,6.246068045492237,1.8127892635338982
VMM,2025-08-06,down,2,3.4474580369690866,-1.3756762857973337
VMM,2025-08-14,up,2,2.15064068904971,-0.07727342335996923
VMM,2025-08-26,down,1,-4.993028753111317,-3.2536626944452807
VMM,2026-04-21,up,3,4.392799960372251,1.7780122257734288
VMM,2026-04-23,down,2,-5.129803742437744,0.5868100021489076
VOLTAS,2021-10-07,up,1,-6.567983334362049,1.3835901234277692
VOLTAS,2021-10-11,up,3,-11.395694021947078,-0.2981105312797716
VOLTAS,2021-10-18,up,7,-13.593485696344787,0.7440230657680402
VOLTAS,2021-10-19,down,1,-14.658330557448462,-3.9693883958086262
VOLTAS,2022-04-07,down,3,-7.810789961711673,-1.590944558722518
VOLTAS,2023-02-14,up,1,1.4014757951770873,-1.1537415448212185
VOLTAS,2023-02-20,down,2,4.389686476253041,0.21615583145706552
VOLTAS,2023-02-21,down,3,3.560133237053842,1.2269855981230426
VOLTAS,2023-02-22,down,4,1.818556489257972,1.6080084579205067
VOLTAS,2023-03-03,up,1,-11.693423530830849,-1.4309530606618326
VOLTAS,2023-08-10,down,1,-0.8362698622951359,-1.8759206972968734
VOLTAS,2023-08-29,up,2,2.90954568071371,0.9930772941648902
VOLTAS,2023-08-30,up,3,4.748064624088144,0.3553312092048122
VOLTAS,2023-08-31,down,1,4.039566086295943,1.41711268729241
VOLTAS,2023-09-01,up,1,2.3095503658242755,-0.1608913908631937
VOLTAS,2023-09-06,up,4,-2.6406965479443434,1.8831720104900418
VOLTAS,2023-09-11,up,7,-4.434898945780851,-0.420844352039329
VOLTAS,2023-12-19,up,1,9.400643815147735,2.8320751388759113
VOLTAS,2023-12-20,down,1,6.267996666749176,2.0381770300480717
VOLTAS,2023-12-26,up,3,3.1461806985495278,0.41730828368811146
VOLTAS,2023-12-27,up,4,1.9373973916716247,1.916848385845693
VOLTAS,2024-01-02,down,1,1.637259718216355,-0.5426145072947364
VOLTAS,2024-01-04,up,1,5.029014344546501,0.48243761898361104
VOLTAS,2024-01-11,up,3,5.996625178363835,2.334879490435915
VOLTAS,2024-01-15,up,5,2.4317883029506326,-0.7318564970718588
VOLTAS,2024-01-31,up,1,-0.8328333139765665,1.6215435809485257
VOLTAS,2024-02-20,up,6,-6.1679391374200865,-0.09248195926743197
VOLTAS,2024-02-27,up,1,-6.657404509597253,0.5001804916220376
VOLTAS,2024-04-05,down,1,11.982805615054314,6.0604220557100685
VOLTAS,2024-04-08,up,1,10.926794162367326,5.457238905988437
VOLTAS,2024-04-23,up,3,-5.932698598182917,0.2514310169582368
VOLTAS,2024-04-24,up,4,-6.715084943156091,0.15678346173999547
VOLTAS,2024-04-25,up,5,-7.812785867530536,0.23996070020615434
VOLTAS,2024-04-26,down,1,-8.672521359077411,1.4518890318820699
VOLTAS,2024-04-29,up,1,-11.622583563083788,0.5853705064045034
VOLTAS,2024-05-02,up,1,-7.894549388015937,0.18746609654851643
VOLTAS,2024-06-05,up,1,6.305074446747172,1.5128169924368606
VOLTAS,2024-06-13,up,3,3.4032970821984865,0.29678755578796956
VOLTAS,2024-06-14,up,4,-2.654954155891942,0.006005417158516657
VOLTAS,2024-06-18,up,5,-3.327372620588742,1.7203130371835185
VOLTAS,2024-06-19,down,1,-4.710015692538827,-4.854389590819885
VOLTAS,2024-07-30,up,3,2.2650094536001752,-0.355350723838066
VOLTAS,2024-08-23,up,7,13.219250826732365,-0.41797080704912837
VOLTAS,2024-08-26,up,8,12.536203551291525,0.6298700728259776
VOLTAS,2024-08-27,up,9,10.840005700663369,0.6561395918956103
VOLTAS,2024-08-28,up,10,9.172359893216742,0.6615095759641809
VOLTAS,2024-08-29,up,11,7.448377352635416,-0.15920850974895373
VOLTAS,2024-09-10,up,2,4.551748371097375,-0.8593409936816121
VOLTAS,2024-09-12,up,1,-2.4595346352776937,0.4996685047137017
VOLTAS,2024-09-13,down,1,-3.0294846483444604,3.4223569593584635
VOLTAS,2024-09-20,up,2,-7.722370061835515,-0.7057759691529331
VOLTAS,2025-03-19,up,3,-12.661303528224144,2.649647523581433
VOLTAS,2025-07-03,down,2,3.473694490017354,1.4806793413331798
VOLTAS,2025-07-04,up,1,0.6993997826763021,-1.6511644675174741
VOLTAS,2025-09-01,up,1,-2.342516550423268,0.6875530934491669
VOLTAS,2025-09-02,down,1,-4.2233629083557656,0.19323650895970435
VOLTAS,2025-09-04,up,2,-5.496736083316112,-2.9144915964080864
VOLTAS,2025-10-21,up,5,-11.189905141827971,-0.3600780627250333
VOLTAS,2026-02-23,up,2,-8.981625889788292,-1.6958018161485011
VOLTAS,2026-02-27,down,1,-20.51997852473133,-3.3814598932338624
VOLTAS,2026-04-27,up,1,-13.793190642336207,0.7533019580555855
WAAREEENER,2024-12-12,down,1,-13.128566463373314,0.7035389440910755
WAAREEENER,2025-05-14,up,1,3.774644909585967,1.508889329095342
WAAREEENER,2025-05-15,up,2,-1.1490350264504179,0.5005638191705186
WAAREEENER,2025-05-16,down,1,-2.957623989427849,0.888656796834808
WAAREEENER,2025-05-19,down,2,-6.735525816870047,-0.9295539669720854
WAAREEENER,2025-05-20,down,3,-6.528268872659204,-4.0217647281632125
WAAREEENER,2025-07-14,down,4,-3.87131911116142,-0.4041413202987121
WAAREEENER,2025-07-15,up,1,-5.9710692777223855,-0.8051886516705187
WAAREEENER,2025-07-16,up,2,-2.3662206545397857,-0.22448731950005518
WAAREEENER,2025-09-11,up,7,-8.901330434845878,6.954876036365931
WAAREEENER,2025-09-12,up,8,-9.336030991455214,-4.106683948539002
WAAREEENER,2026-02-11,up,4,-17.58889585961039,-0.9646602667413906
WAAREEENER,2026-04-09,down,1,-3.6247319666226185,0.9857544575260446
WAAREEENER,2026-04-10,up,1,-4.364272425374693,-1.1077284213664162
WAAREEENER,2026-04-13,down,1,-6.527601485700252,1.6903434634058856
WAAREEENER,2026-04-15,up,1,-8.235744696079417,1.309052980329528
WAAREEENER,2026-04-16,down,1,-6.839711654589364,0.19467878001300232
WAAREEENER,2026-04-17,up,1,-7.934375159148743,0.27716090826146456
WAAREEENER,2026-04-21,up,3,-12.785502916436975,-1.8543645409316856
WELCORP,2021-12-08,up,2,4.097531944256594,
WELCORP,2021-12-09,up,3,-14.170035733090813,
WELCORP,2021-12-10,down,1,-14.648730450358238,
WELCORP,2021-12-13,down,2,-4.603194463673155,
WELCORP,2023-11-21,up,1,0.16286499467350612,
WELCORP,2023-12-05,up,6,-2.4329479646073127,
WELCORP,2024-07-09,up,1,1.1924523741658755,
WELCORP,2024-07-10,down,1,-1.219646610340186,
WELCORP,2024-07-11,down,2,-1.8957776792238312,
WELCORP,2024-07-24,down,4,3.3360620870062085,
WELCORP,2024-08-19,up,3,-4.723920790846215,
WELCORP,2024-08-27,up,9,-7.2257775350500815,
WELCORP,2025-06-05,up,2,-1.4486069766975862,
WELCORP,2025-06-06,up,3,-3.831303460696267,
WELCORP,2026-04-23,down,2,9.556479014841091,
WELCORP,2026-04-28,down,1,6.08925518826986,
WELCORP,2026-05-07,down,1,5.814847097900322,
WELCORP,2026-05-08,down,2,4.920866054830508,
WELCORP,2026-05-11,down,3,3.883625553908221,
WELCORP,2026-05-13,up,1,1.4157146276089883,
WELCORP,2026-05-14,up,2,0.44629970837448685,
WELCORP,2026-05-15,down,1,-0.27232973143949124,
WELCORP,2026-05-29,down,3,2.6317704531013453,
WELCORP,2026-06-03,down,1,0.4129997930709228,
WELCORP,2026-06-19,down,1,1.604257699986933,
WELCORP,2026-06-25,up,2,6.735258771184904,
WELCORP,2026-06-29,down,1,5.236065345484819,
WELCORP,2026-07-01,up,1,0.7160900798262926,
WELCORP,2026-07-06,up,4,3.5692249870894033,
WELCORP,2026-07-09,up,1,6.961998717400397,
WELCORP,2026-07-10,up,2,3.479641097279207,
WELCORP,2026-07-14,down,1,4.1473130880063325,
WELCORP,2026-08-03,up,4,4.659056223935476,
WELCORP,2026-08-04,down,1,10.782399542112952,
WELCORP,2026-08-05,up,1,9.409932019623014,
WELCORP,2026-08-06,up,2,6.03458392229721,
WELCORP,2026-08-13,down,3,1.8452837566538705,
WELCORP,2026-08-14,down,4,1.1432749078540416,
WELCORP,2026-08-18,down,6,21.329003838599746,
WELCORP,2026-08-19,down,7,18.88975573693894,
WELCORP,2026-08-20,up,1,28.069335663228735,
WELCORP,2026-09-01,down,2,7.5517784542828315,
WELCORP,2026-09-02,down,3,7.304251648311855,
WELCORP,2026-09-03,down,4,6.600481479322151,
WELCORP,2026-09-10,up,1,-9.849110203838796,
WELSPUNLIV,2023-10-30,up,2,7.096809349344335,
WELSPUNLIV,2023-11-13,up,2,-0.9056917426143452,
WELSPUNLIV,2023-11-15,up,3,-2.9274379330713862,
WELSPUNLIV,2024-07-22,down,2,5.418433467200168,
WELSPUNLIV,2024-07-25,down,5,3.559126438655813,
WELSPUNLIV,2024-07-26,up,1,-1.4952371494913463,
WELSPUNLIV,2024-07-29,up,2,-0.6365989979328579,
WELSPUNLIV,2024-07-30,up,3,1.5344356547852822,
WELSPUNLIV,2024-08-06,down,3,1.0028417508335385,
WELSPUNLIV,2024-08-21,up,5,-5.408423915123506,
WELSPUNLIV,2024-08-27,up,9,-12.429741242169435,
WELSPUNLIV,2024-08-28,up,10,-13.870565320048255,
WELSPUNLIV,2024-08-29,up,11,-15.956189305303848,
WELSPUNLIV,2026-08-31,down,1,6.2055924585669775,
WELSPUNLIV,2026-09-01,down,2,4.784157247517928,
WELSPUNLIV,2026-09-03,down,4,0.15431888903807423,
WELSPUNLIV,2026-09-04,up,1,-0.5367379831604513,
WELSPUNLIV,2026-09-07,down,1,-3.867498879452025,
WHIRLPOOL,2025-10-31,down,2,-17.619740653907666,
WIPRO,2021-12-30,down,2,-13.783194981846925,0.31532307378163704
WIPRO,2022-01-03,up,2,-16.371750460942902,-0.10359710140974698
WIPRO,2022-03-21,down,1,-6.995305699662479,-1.7351826116451252
WIPRO,2023-01-23,up,1,0.49653517600012353,0.23881579894475813
WIPRO,2023-01-24,down,1,-0.08266156476202102,-1.16858991370552
WIPRO,2023-02-03,up,1,-4.596962508554025,-1.6618560458808607
WIPRO,2023-05-22,up,2,2.8038881771903057,1.6010514465953252
WIPRO,2023-05-23,up,3,0.782021818549361,-1.0243803853143052
WIPRO,2023-07-17,up,3,0.8888955706018331,2.569765230567267
WIPRO,2023-08-07,up,2,-0.9586200452576965,0.08493966666287545
WIPRO,2023-08-08,down,1,-1.894880992849013,0.10480286220231338
WIPRO,2023-08-10,down,1,-1.00869461449844,-0.46184991494513383
WIPRO,2023-11-29,up,2,2.8806584362139898,-0.018423387499244548
WIPRO,2023-11-30,up,3,1.9867039814503773,0.7689522921196179
WIPRO,2023-12-06,up,7,4.279565717008316,0.8227859496246381
WIPRO,2023-12-08,up,1,2.547757982680765,-0.8516138170358123
WIPRO,2023-12-12,down,1,1.8230388449939738,-0.7201945999170567
WIPRO,2023-12-14,up,2,7.5831407337395795,1.397660915505461
WIPRO,2023-12-15,up,3,5.5844616131462965,1.7846547081108444
WIPRO,2023-12-18,down,1,2.413404367812655,-1.36082521684886
WIPRO,2023-12-22,up,2,8.520244664991615,-0.38780737985922853
WIPRO,2023-12-26,up,3,5.54135158464566,-0.028057809894499464
WIPRO,2024-01-01,up,1,3.087414295704538,-0.37245567070663954
WIPRO,2024-01-15,up,5,1.910306215979296,1.8691444535337887
WIPRO,2024-02-06,up,1,9.516266500120452,1.0353131493624712
WIPRO,2024-02-12,down,1,7.672084616630448,-0.23973033553401635
WIPRO,2024-02-15,up,3,-0.7862043746451386,0.5610246639144778
WIPRO,2024-02-16,up,4,-2.077065790970556,3.8890942446472287
WIPRO,2024-06-19,down,1,3.095069842061271,0.410725278273949
WIPRO,2024-06-21,down,1,2.1625516223843233,-1.9775482180023118
WIPRO,2024-06-27,up,4,4.746248344185511,1.6973198730780403
WIPRO,2024-06-28,down,1,8.870630937069969,0.6589305771480758
WIPRO,2024-07-01,up,1,7.953364623300874,2.0078766167926254
WIPRO,2024-07-02,down,1,4.024490681318338,0.6353147959474281
WIPRO,2024-07-04,up,2,-1.2728090968543548,-3.06967979892242
WIPRO,2024-07-12,up,1,3.926436504938069,2.784190748824278
WIPRO,2024-07-18,up,4,-14.468938284946065,1.78425204022985
WIPRO,2024-07-19,down,1,-14.89281189613283,-9.747921628689738
WIPRO,2024-11-25,up,2,3.648422374469007,-0.190408083844662
WIPRO,2024-12-05,up,5,1.4224181107883593,-0.11352836606083327
WIPRO,2024-12-09,down,2,-0.18335963046134385,1.1889724547634817
WIPRO,2024-12-10,down,3,-2.2551697509937685,0.2999336297322408
WIPRO,2024-12-12,down,1,-5.79257660026834,-1.1054034958597136
WIPRO,2024-12-20,down,5,-7.45760760991796,-2.7805465881355573
WIPRO,2025-06-24,up,1,-4.1469366724882555,-0.981625648388118
WIPRO,2025-12-03,down,4,7.66833615713014,1.0859012684588887
WIPRO,2025-12-04,up,1,5.516058431376858,-0.08344800173686329
WIPRO,2025-12-05,up,2,4.835185082694915,-0.03228754614471585
WIPRO,2025-12-08,down,1,3.9116966122114016,-0.39080782500687805
WIPRO,2025-12-18,down,4,3.1335532911482167,0.9889513796301763
WIPRO,2025-12-19,up,1,-1.207192536697832,0.4487429729798542
WIPRO,2025-12-22,up,2,-1.5409796683133914,1.3658300259004719
WOCKPHARMA,2023-11-20,down,2,13.248857687096493,
WOCKPHARMA,2023-11-21,up,1,12.431363188939581,
WOCKPHARMA,2023-12-01,up,4,9.11982455839404,
WOCKPHARMA,2023-12-04,up,5,5.514183946099749,
WOCKPHARMA,2023-12-11,up,2,28.13247326275581,
WOCKPHARMA,2023-12-12,down,1,17.133633139323766,
WOCKPHARMA,2023-12-13,up,1,14.325638498451143,
WOCKPHARMA,2023-12-15,up,3,11.862903274543202,
WOCKPHARMA,2023-12-18,down,1,10.227168921203278,
WOCKPHARMA,2023-12-29,down,1,-1.5184062974998636,
WOCKPHARMA,2024-01-01,up,1,-2.179891000808032,
WOCKPHARMA,2024-01-02,down,1,-10.936670237869517,
WOCKPHARMA,2024-01-03,down,2,-7.193025866882952,
WOCKPHARMA,2024-02-26,down,2,-7.788783073863859,
WOCKPHARMA,2024-02-27,up,1,-12.207938592327128,
WOCKPHARMA,2024-03-01,up,2,-15.408161621656358,
WOCKPHARMA,2025-06-11,up,6,6.108899670733958,
WOCKPHARMA,2025-06-12,down,1,-5.850120637607303,
WOCKPHARMA,2025-07-15,up,1,-17.049060222837397,
WOCKPHARMA,2026-01-06,down,2,-8.02725247268542,
WOCKPHARMA,2026-01-07,down,3,-7.881893201649149,
WOCKPHARMA,2026-04-23,down,2,4.994731529886387,
WOCKPHARMA,2026-05-05,down,1,10.426974213259754,
WOCKPHARMA,2026-05-06,up,1,5.476726678470323,
WOCKPHARMA,2026-05-26,down,1,22.066158996895922,
WOCKPHARMA,2026-05-27,down,2,14.430449781818178,
WOCKPHARMA,2026-05-29,down,3,11.855478092262995,
WOCKPHARMA,2026-06-01,down,4,-4.458819747808773,
YESBANK,2021-10-06,down,1,3.5865464200802943,-2.353902183982859
YESBANK,2021-10-18,up,7,5.39893267539977,3.9248231543742795
YESBANK,2021-10-21,down,3,-8.818283017244976,0.8892804545113542
YESBANK,2021-10-22,down,4,-10.137889356055496,-3.5962045496047312
YESBANK,2022-01-03,up,2,-5.419895772982597,-0.8491059782955945
YESBANK,2022-01-04,up,3,-6.025423288096221,0.5389757889597169
YESBANK,2022-01-05,up,4,-7.968685286456257,-3.2143013868936254
YESBANK,2022-07-29,up,3,13.764508248957053,4.809288164078707
YESBANK,2022-08-01,up,4,7.956948424730159,0.1528268887509121
YESBANK,2022-08-02,up,5,3.9108243643482643,8.948920134882265
YESBANK,2022-08-25,down,1,-1.6785553444150336,-1.9738104394361078
YESBANK,2022-09-08,up,1,-11.616705456571452,1.783344601016168
YESBANK,2022-09-09,up,2,-13.727758547835522,-2.4269152239625558
YESBANK,2022-11-28,up,5,12.655122061150381,-1.641212672130754
YESBANK,2022-12-02,down,1,11.69226017686209,-0.21402306653146574
YESBANK,2022-12-09,down,1,33.13322367682101,10.898030451636131
YESBANK,2022-12-12,up,1,-15.301537371972074,4.356267443271444
YESBANK,2022-12-14,up,3,-12.756545620977967,-10.100423323441788
YESBANK,2023-01-03,up,2,-18.056772928174027,-0.047273227781385874
YESBANK,2023-01-04,down,1,-19.950809464898988,-3.851528872491472
YESBANK,2023-07-20,up,6,-6.040826272517141,-1.8833408964874954
YESBANK,2023-07-21,down,1,-6.269762361010944,1.1516958342973505
YESBANK,2023-07-24,down,2,-7.331474209175626,-4.8712542281632025
YESBANK,2023-12-11,up,2,10.936750898069093,-0.2542337934036465
YESBANK,2023-12-12,down,1,9.332850144748782,3.3387243879904105
YESBANK,2023-12-14,up,2,3.828677386546464,-0.042121749495693805
YESBANK,2023-12-18,down,1,1.9787903359535841,3.1043840672281275
YESBANK,2024-01-02,down,1,3.6034611946076156,0.36585303227612
YESBANK,2024-01-05,up,2,6.834249803613512,1.806752498813502
YESBANK,2024-01-08,down,1,4.416193930002277,-0.08803560547300249
YESBANK,2024-01-09,up,1,-2.735814291515448,-1.7184064749785732
YESBANK,2024-01-10,up,2,-5.6716387544698215,1.8905487819690814
YESBANK,2024-01-11,up,3,-0.4975124378109319,-0.4975124378109319
YESBANK,2024-01-16,down,1,14.264892726846456,-2.6064326852785924
YESBANK,2024-02-07,up,2,16.15076024317801,20.409622929027815
YESBANK,2024-02-08,down,1,-20.103913436649602,-1.3144458127625436
YESBANK,2024-07-05,up,3,1.4128752865245398,9.542163638063395
YESBANK,2024-07-08,down,1,-5.391687222258302,-4.030148662447097
YESBANK,2024-07-31,up,4,-8.909828605622828,-1.238688346342598
YESBANK,2025-05-09,down,2,9.944101263925532,11.07016443909512
YESBANK,2025-05-12,up,1,13.717127311511357,0.13750176662443714
YESBANK,2025-05-16,down,1,6.747368540503174,-1.1394698951089355
YESBANK,2025-06-02,down,2,-8.758794216517451,5.2394851499171
YESBANK,2025-09-11,up,7,3.44835740839049,0.0729697434237897
YESBANK,2025-09-15,down,1,2.4207291693565613,-1.109397028668968
YESBANK,2025-09-22,down,2,1.22366591442582,-1.381352387806134
YESBANK,2025-10-01,up,1,10.404983548224077,0.10051946996048056
YESBANK,2025-10-03,up,2,9.443617547757977,-0.1327007272302949
YESBANK,2025-10-06,up,3,8.69639399765263,-0.5880862009482235
YESBANK,2025-10-07,up,4,7.618731140961432,-0.2284680047336618
YESBANK,2025-10-10,up,2,1.7166061781841213,7.163344392638082
YESBANK,2026-05-05,down,1,9.688164359046493,0.36731030090042527
YESBANK,2026-05-06,up,1,8.150744122779674,4.7294585022125135
YESBANK,2026-05-07,down,1,3.760471619123096,0.7126464126937293
YESBANK,2026-05-08,down,2,0.9057826218942466,-0.8483362027372543
YESBANK,2026-05-11,down,3,-1.4472078679760414,-2.1378969505803647
YESBANK,2026-05-29,down,3,0.9319962380989644,0.8453656079980165
YESBANK,2026-06-01,down,4,-1.553802148912098,-3.1593589638914454
YESBANK,2026-06-15,up,2,5.1117995499243785,-0.5393739283776733
YESBANK,2026-06-16,up,3,-2.902155570920617,-0.9121077175361703
YESBANK,2026-06-17,up,4,-4.844904529310822,2.549725878607978
YESBANK,2026-06-18,up,5,-6.437954004812296,-0.6147533361300805
ZEEL,2021-10-13,up,5,-2.1537840605457936,
ZEEL,2021-10-20,down,2,-3.254628469735288,
ZEEL,2021-11-09,down,1,2.380403795326269,
ZEEL,2021-11-25,up,1,8.3834897459387,
ZEEL,2021-11-26,down,1,6.507466220036218,
ZEEL,2021-12-03,down,1,4.277815085947512,
ZEEL,2021-12-06,down,2,2.842532340273718,
ZEEL,2021-12-09,up,3,-13.044665107562281,
ZEEL,2021-12-10,down,1,-13.961194621778228,
ZEEL,2021-12-15,down,4,-15.343286821102808,
ZEEL,2022-07-28,up,2,7.673689763242009,
ZEEL,2022-07-29,up,3,3.9354726968953813,
ZEEL,2022-08-01,up,4,2.353843431066016,
ZEEL,2022-08-19,down,1,4.916141810101848,
ZEEL,2022-08-22,down,2,2.543477939490968,
ZEEL,2022-08-25,down,1,-2.182725736487634,
ZEEL,2022-09-12,up,3,-4.280095364557123,
ZEEL,2022-09-13,up,4,-2.3006810356273055,
ZEEL,2022-09-14,down,1,1.4041549684059573,
ZEEL,2023-07-25,up,1,19.882770381022887,
ZEEL,2023-07-26,up,2,16.57480485684262,
ZEEL,2023-07-28,down,2,15.377938277203572,
ZEEL,2023-08-10,down,1,5.681137610582532,
ZEEL,2023-09-05,up,3,-7.197189539350502,
ZEEL,2024-06-03,up,2,4.866694515951919,
ZEEL,2024-06-10,down,1,-6.131012998807506,
ZEEL,2024-06-11,up,1,-9.32346886460822,
ZEEL,2025-04-21,up,5,6.693353573473804,
ZEEL,2025-05-16,down,1,-1.9001547129091967,
ZEEL,2025-05-19,down,2,-2.4647569258978153,
ZEEL,2025-06-10,up,5,-3.602715885710883,
ZEEL,2025-06-12,down,1,9.85204279388958,
ZEEL,2025-06-16,up,1,7.597856283752935,
ZEEL,2025-06-17,down,1,5.651244947628387,
ZEEL,2025-06-23,down,1,-0.7335939497557287,
ZEEL,2026-04-23,down,2,-3.9224770985177515,
ZEEL,2026-04-28,down,1,-11.44065118146167,
ZEEL,2026-05-06,up,1,-3.5453357867652135,
ZEEL,2026-05-07,down,1,-3.5933733116362054,
ZEEL,2026-06-19,down,1,-13.971096336087962,
ZEEL,2026-07-31,up,3,-19.872930846117455,
ZENSARTECH,2021-12-30,down,2,-13.161121274593125,
ZENSARTECH,2023-06-01,down,2,3.706089404233315,
ZENSARTECH,2023-06-02,up,1,-2.6468673152660993,
ZENSARTECH,2023-07-20,up,6,10.771389732895775,
ZENSARTECH,2023-07-21,down,1,7.693108266234638,
ZENSARTECH,2023-07-27,down,1,3.446362844209183,
ZENSARTECH,2023-07-31,up,1,2.843238950878102,
ZENSARTECH,2023-08-10,down,1,3.9406001917322797,
ZENSARTECH,2023-12-27,up,4,-10.487409623409272,
ZENSARTECH,2024-06-21,down,1,4.6414309830912215,
ZENSARTECH,2024-07-15,up,2,2.1352596896150766,
ZENSARTECH,2025-05-23,up,1,-0.3826599066558578,
ZENSARTECH,2025-06-10,up,5,-4.107795748053045,
ZENSARTECH,2026-07-29,up,1,-13.518979002212506,
ZENTEC,2023-07-13,up,1,8.944832789274336,
ZENTEC,2023-08-07,up,2,31.859785044244425,
ZENTEC,2023-08-08,down,1,27.98127336226259,
ZENTEC,2023-08-09,up,1,16.35209568138729,
ZENTEC,2024-08-12,down,1,0.3213597638574761,
ZENTEC,2024-08-22,up,6,4.614181260190664,
ZENTEC,2024-08-26,up,8,-8.368642009868177,
ZENTEC,2024-08-27,up,9,-10.13388350668385,
ZENTEC,2024-12-10,down,3,6.107433867155865,
ZENTEC,2024-12-11,up,1,2.869057249369522,
ZENTEC,2024-12-13,up,1,14.973739695904765,
ZENTEC,2024-12-16,down,1,14.020686625762636,
ZENTEC,2024-12-17,down,2,4.8090602639633495,
ZENTEC,2024-12-20,down,5,-9.96117218299718,
ZENTEC,2024-12-24,down,1,-17.709529276693438,
ZENTEC,2025-05-28,down,2,12.119452903562532,
ZENTEC,2025-05-29,up,1,10.176181304899057,
ZENTEC,2025-05-30,down,1,4.933668105860756,
ZENTEC,2025-06-04,up,1,-14.987730419139634,
ZENTEC,2025-06-05,up,2,-15.99387296550775,
ZENTEC,2026-04-20,up,2,-7.462928635487787,
ZENTEC,2026-04-21,up,3,-10.04739328045423,
ZENTEC,2026-06-04,up,1,2.363249178042004,
ZENTEC,2026-06-17,up,4,-8.014306420896167,
ZENTEC,2026-06-18,up,5,-8.596187455661198,
ZENTEC,2026-06-19,down,1,-8.11951460117778,
ZENTEC,2026-06-22,up,1,-10.914760630822784,
ZYDUSLIFE,2023-12-19,up,1,1.9523251959183252,0.03474596602364155
ZYDUSLIFE,2024-01-01,up,1,7.488404983562091,1.0668141285005373
ZYDUSLIFE,2024-01-02,down,1,5.862093861409945,0.23412520503724998
ZYDUSLIFE,2024-01-08,down,1,4.560997305937153,-0.6712248811806765
ZYDUSLIFE,2024-02-12,down,1,9.998757573148719,3.750688941769842
ZYDUSLIFE,2024-02-14,up,2,4.1742907259068485,0.09363972765905615
ZYDUSLIFE,2024-02-15,up,3,3.5590382711407242,1.0600694251292397
ZYDUSLIFE,2024-02-16,up,4,3.8030188042836643,0.8685414075456199
ZYDUSLIFE,2024-02-23,down,1,8.054165331990015,1.1703084051236212
ZYDUSLIFE,2024-02-26,down,2,2.9909126285262877,0.564413790174001
ZYDUSLIFE,2024-02-27,up,1,1.942431427876934,-0.6759182165696598
ZYDUSLIFE,2024-03-06,up,1,3.9960154599747666,0.06418093016833382
ZYDUSLIFE,2024-03-07,up,2,2.395060358199008,1.6732058703640806
ZYDUSLIFE,2024-03-11,down,1,0.08514380371875685,1.301122046911174
ZYDUSLIFE,2024-03-26,down,1,-9.644292137141719,0.7027883722696249
ZYDUSLIFE,2024-05-17,up,2,-3.6617469849144935,7.988612174937271
ZYDUSLIFE,2024-05-21,up,3,2.114533814787123,2.975805417739652
ZYDUSLIFE,2024-06-14,up,4,4.228697972252338,-0.2994661115224395
ZYDUSLIFE,2024-07-03,up,1,8.786020224044599,-0.3125701880988485
ZYDUSLIFE,2024-07-04,up,2,7.627784738025145,2.1796845369564943
ZYDUSLIFE,2024-07-05,up,3,7.411236077408323,1.2406740490504387
ZYDUSLIFE,2024-07-08,down,1,5.3906923601014345,-1.1669147726835138
ZYDUSLIFE,2024-07-11,down,2,3.3404426952684307,-2.086207617375291
ZYDUSLIFE,2024-07-25,down,5,2.2237130568324215,0.2468951998114255
ZYDUSLIFE,2024-07-29,up,2,4.24011429158222,1.2140961377526072
ZYDUSLIFE,2024-08-01,up,5,1.1837850961787133,-1.948275774751096
ZYDUSLIFE,2024-08-07,up,1,-10.955102052730403,0.7610170491416657
ZYDUSLIFE,2024-08-08,down,1,-12.197729277207593,0.7246721985395554
ZYDUSLIFE,2024-08-09,up,1,-14.901901159150754,-0.6276573764048887
ZYDUSLIFE,2025-06-05,up,2,2.8729487063289927,1.4307279635800363
ZYDUSLIFE,2025-06-09,up,4,2.3402480798119907,0.27783162111520987
ZYDUSLIFE,2025-06-10,up,5,2.2041432183345755,0.42003099257810206
ZYDUSLIFE,2025-06-11,up,6,1.3835159120958007,0.11938229723176264
ZYDUSLIFE,2025-07-01,up,1,-3.9364228303487514,0.978459087712924
ZYDUSLIFE,2025-07-02,down,1,-4.721858001986612,-1.7405495019390371
ZYDUSLIFE,2025-09-05,up,3,0.09205797974070062,-1.9907758156310296
ZYDUSLIFE,2025-09-10,up,6,-5.084559605427408,-0.4448498346561802
ZYDUSLIFE,2026-05-19,down,1,4.791117442598458,4.126993339977703
ZYDUSLIFE,2026-05-20,up,1,1.87136371310197,0.07215829250695194
ZYDUSLIFE,2026-05-29,down,3,-2.5764493561858948,-1.6484372024274885
ZYDUSLIFE,2026-07-03,up,3,-2.243329107949388,0.9573311995626721
ZYDUSLIFE,2026-07-06,up,4,-3.518549739790122,-0.06220538803988207
ZYDUSLIFE,2026-07-07,down,1,-5.049807143225649,-0.9553369290186353
ZYDUSLIFE,2026-08-11,down,1,-3.2480894882202516,4.241533281138898
ZYDUSWELL,2026-03-25,up,2,12.463315951486953,
ZYDUSWELL,2026-04-06,up,3,3.630782258918175,
ZYDUSWELL,2026-04-13,down,1,-4.1936221883497105,
ZYDUSWELL,2026-05-08,down,2,-5.396097608785977,
