ticker,company_name,listing_date,isin
20MICRONS,20 Microns Limited,2008-10-06,INE144J01027
21STCENMGM,21st Century Management Services Limited,1995-05-03,INE253B01015
360ONE,360 ONE WAM LIMITED,2019-09-19,INE466L01038
3BBLACKBIO,3B Blackbio Dx Limited,2026-04-20,INE994E01018
3MINDIA,3M India Limited,2004-08-13,INE470A01017
3PLAND,3P Land Holdings Limited,1995-07-19,INE105C01023
5PAISA,5Paisa Capital Limited,2017-11-16,INE618L01018
63MOONS,63 moons technologies limited,2005-06-20,INE111B01023
A2ZINFRA,A2Z Infra Engineering Limited,2010-12-23,INE619I01012
AAATECH,AAA Technologies Limited,2022-11-28,INE0D0U01013
AADHARHFC,Aadhar Housing Finance Limited,2024-05-15,INE883F01010
AAKASH,Aakash Exploration Services Limited,2020-09-29,INE087Z01024
AAREYDRUGS,Aarey Drugs & Pharmaceuticals Limited,2021-08-06,INE198H01019
AARON,Aaron Industries Limited,2020-11-06,INE721Z01010
AARTIDRUGS,Aarti Drugs Limited,2003-09-19,INE767A01016
AARTIIND,Aarti Industries Limited,1995-02-08,INE769A01020
AARTIPHARM,Aarti Pharmalabs Limited,2023-01-30,INE0LRU01027
AARVI,Aarvi Encon Limited,2020-06-24,INE754X01016
AASTHA,Aastha Spintex Limited,2026-07-06,INE2FMX01012
AAVAS,Aavas Financiers Limited,2018-10-08,INE216P01012
ABANSENT,Abans Enterprises Limited,2026-04-20,INE365O01028
ABB,ABB India Limited,1995-02-08,INE117A01022
ABBOTINDIA,Abbott India Limited,2010-01-08,INE358A01014
ABCAPITAL,Aditya Birla Capital Limited,2017-09-01,INE674K01013
ABCOTS,A B Cotspin India Limited,2025-09-24,INE08PH01015
ABDL,Allied Blenders and Distillers Limited,2024-07-02,INE552Z01027
ABFRL,Aditya Birla Fashion and Retail Limited,2013-07-17,INE647O01011
ABLBL,Aditya Birla Lifestyle Brands Limited,2025-06-23,INE14LE01019
ABMKNO,ABM Knowledgeware Limited,2026-04-20,INE850B01026
ABREL,Aditya Birla Real Estate Limited,2003-06-27,INE055A01016
ABSLAMC,Aditya Birla Sun Life AMC Limited,2021-10-11,INE404A01024
ACC,ACC Limited,1996-11-20,INE012A01025
ACCELYA,Accelya Solutions India Limited,1999-12-01,INE793A01012
ACE,Action Construction Equipment Limited,2006-09-26,INE731H01025
ACEINTEG,Ace Integrated Solutions Limited,2022-11-04,INE543V01017
ACGL,Automobile Corporation of Goa Limited,2026-08-17,INE451C01013
ACI,Archean Chemical Industries Limited,2022-11-21,INE128X01021
ACL,Andhra Cements Limited,2023-05-10,INE666E01020
ACMESOLAR,Acme Solar Holdings Limited,2024-11-13,INE622W01025
ACUTAAS,Acutaas Chemicals Limited,2021-09-14,INE00FF01025
ADANIENSOL,Adani Energy Solutions Limited,2015-07-31,INE931S01010
ADANIENT,Adani Enterprises Limited,1997-06-04,INE423A01024
ADANIGREEN,Adani Green Energy Limited,2018-06-18,INE364U01010
ADANIPORTS,Adani Ports and Special Economic Zone Limited,2007-11-27,INE742F01042
ADANIPOWER,Adani Power Limited,2009-08-20,INE814H01029
ADDIND,Addi Industries Limited,2026-08-17,INE757C01021
ADFFOODS,ADF Foods Limited,2010-09-15,INE982B01027
ADL,Archidply Decor Limited,2020-10-01,INE0CHO01012
ADOR,Ador Welding Limited,1995-05-10,INE045A01017
ADROITINFO,Adroit Infotech Limited,1997-08-13,INE737B01033
ADSL,Allied Digital Services Limited,2007-07-25,INE102I01027
ADVAIT,Advait Energy Transitions Limited,2026-01-20,INE0ALI01010
ADVANCE,Advance Agrolife Limited,2025-10-08,INE1B0W01010
ADVANIHOTR,Advani Hotels & Resorts (India) Limited,2007-06-25,INE199C01026
ADVENTHTL,Advent Hotels International Limited,2025-11-13,INE28GN01010
ADVENZYMES,Advanced Enzyme Technologies Limited,2016-08-01,INE837H01020
ADVIKCA,Advik Capital Limited,2026-08-17,INE178T01024
AEGISLOG,Aegis Logistics Limited,1996-04-03,INE208C01025
AEGISVOPAK,Aegis Vopak Terminals Limited,2025-06-02,INE0INX01018
AEPL,Artemis Electricals and Projects Limited,2026-03-12,INE757T01025
AEQUS,Aequs Limited,2025-12-10,INE947N01017
AEROENTER,Aeroflex Enterprises Limited,2022-11-21,INE065D01027
AEROFLEX,Aeroflex Industries Limited,2023-08-31,INE024001021
AERONEU,Aeroflex Neu Limited,2023-01-12,INE035801013
AEROPLANE,Amir Chand Jagdish Kumar (Exports) Limited,2026-04-02,INE05TO01019
AETHER,Aether Industries Limited,2022-06-03,INE0BWX01014
AFCONS,Afcons Infrastructure Limited,2024-11-04,INE101I01011
AFFLE,Affle 3i Limited,2019-08-08,INE00WC01027
AFFORDABLE,Affordable Robotic & Automation Limited,2024-10-23,INE692Z01013
AFIL,Akme Fintrade (India) Limited,2024-06-26,INE916Y01027
AFSL,Abans Financial Services Limited,2022-12-23,INE00ZE01026
AGARIND,Agarwal Industrial Corporation Limited,2014-05-26,INE204E01012
AGARWALEYE,Dr. Agarwal's Health Care Limited,2025-02-04,INE943P01029
AGI,AGI Greenpac Limited,2000-05-31,INE415A01038
AGIIL,Agi Infra Limited,2024-07-15,INE976R01033
AGL,Allcargo Global Limited,2026-07-03,INE1YPB01014
AGRITECH,Agri-Tech (India) Limited,2014-01-28,INE449G01018
AGROPHOS,Agro Phos India Limited,2019-03-08,INE740V01019
AHCL,Anlon Healthcare Limited,2025-09-03,INE0Y8W01025
AHLADA,Ahlada Engineers Limited,2021-01-28,INE00PV01013
AHLEAST,Asian Hotels (East) Limited,2010-08-11,INE926K01017
AHLUCONT,Ahluwalia Contracts (India) Limited,2009-12-14,INE758C01029
AIAENG,AIA Engineering Limited,2005-12-14,INE212H01026
AIIL,Authum Investment & Infrastructure Limited,2024-04-23,INE206F01022
AIRAN,Airan Limited,2019-05-03,INE645W01026
AIROLAM,Airo Lam limited,2021-10-13,INE801L01010
AJANTPHARM,Ajanta Pharma Limited,2000-05-29,INE031B01049
AJAXENGG,Ajax Engineering Limited,2025-02-17,INE274Y01021
AJMERA,Ajmera Realty & Infra India Limited,2009-06-16,INE298G01035
AJOONI,Ajooni Biotech Limited,2021-05-07,INE820Y01021
AKASH,Akash Infra-Projects Limited,2019-10-11,INE737W01013
AKCAPIT,AK Capital Services Limited,2026-04-20,INE701G01012
AKG,Akg Exim Limited,2021-02-16,INE00Y801016
AKSHAR,Akshar Spintex Limited,2022-05-23,INE256Z01025
AKUMS,Akums Drugs and Pharmaceuticals Limited,2024-08-06,INE09XN01023
ALANKIT,Alankit Limited,2015-06-30,INE914E01040
ALBERTDAVD,Albert David Limited,2016-06-14,INE155C01010
ALEMBICLTD,Alembic Limited,1999-09-22,INE426A01027
ALFREDHE,Alfred Herbert India Limited,2026-08-17,INE782D01027
ALGOQUANT,Algoquant Fintech Limited,2026-01-06,INE598D01035
ALICON,Alicon Castalloy Limited,2006-09-29,INE062D01024
ALIVUS,Alivus Life Sciences Limited,2021-08-06,INE03Q201024
ALKEM,Alkem Laboratories Limited,2015-12-23,INE540L01014
ALKYLAMINE,Alkyl Amines Chemicals Limited,2007-11-26,INE150B01039
ALLCARGO,Allcargo Logistics Limited,2006-06-23,INE418H01029
ALLDIGI,Alldigi Tech Limited,2005-05-09,INE835G01018
ALLTIME,All Time Plastics Limited,2025-08-14,INE0GV601021
ALOKINDS,Alok Industries Limited,2020-02-19,INE270A01029
ALPA,Alpa Laboratories Limited,2007-08-06,INE385I01010
ALPINETEX,Alpine Texworld Limited,2026-07-21,INE1JCQ01037
ALUFLUOR,Alufluoride Limited,2026-08-17,INE058F01019
AMAGI,Amagi Media Labs Limited,2026-01-21,INE121R01077
AMAL,Amal Limited,2026-08-17,INE841D01013
AMARJOTHI,Amarjothi Spinning Mills Limited,2026-08-17,INE484D01012
AMBER,Amber Enterprises India Limited,2018-01-30,INE371P01015
AMBICAAGAR,Ambica Agarbathies & Aroma industries Limited,2004-06-29,INE792B01012
AMBIKCO,Ambika Cotton Mills Limited,2008-01-29,INE540G01014
AMBUJACEM,Ambuja Cements Limited,1998-02-18,INE079A01024
AMJLAND,Amj Land Holdings Limited,1995-02-08,INE606A01024
AMNPLST,Amines & Plasticizers Limited,2023-11-10,INE275D01022
AMRUTANJAN,Amrutanjan Health Care Limited,2015-01-02,INE098F01031
ANANDRATHI,Anand Rathi Wealth Limited,2021-12-14,INE463V01026
ANANTRAJ,Anant Raj Limited,2006-09-27,INE242C01024
ANDHRAPAP,ANDHRA PAPER LIMITED,2004-05-13,INE435A01051
ANDHRSUGAR,The Andhra Sugars Limited,1995-11-01,INE715B01021
ANDREWYU,Andrew Yule & Company Limited,2026-08-17,INE449C01025
ANGELONE,Angel One Limited,2020-10-05,INE732I01021
ANIKINDS,Anik Industries Limited,2008-05-21,INE087B01017
ANNAPURNA,Annapurna Swadisht Limited,2026-08-12,INE0MGM01017
ANNU,Annu Projects Limited,2026-09-02,INE103001017
ANSALBU,Ansal Buildwell Limited,2026-08-17,INE030C01015
ANTELOPUS,Antelopus Selan Energy Limited,2006-09-26,INE818A01017
ANTGRAPHIC,Antarctica Limited,1997-12-31,INE414B01021
ANTHEM,Anthem Biosciences Limited,2025-07-21,INE0CZ201020
ANUHPHR,Anuh Pharma Limited,2024-12-20,INE489G01022
ANUP,The Anup Engineering Limited,2019-03-01,INE294Z01018
ANURAS,Anupam Rasayan India Limited,2021-03-24,INE930P01018
APARINDS,Apar Industries Limited,2004-07-12,INE372A01015
APCL,Anjani Portland Cement Limited,2017-04-10,INE071F01012
APCOTEXIND,Apcotex Industries Limited,1995-09-06,INE116A01032
APEX,Apex Frozen Foods Limited,2017-09-04,INE346W01013
APLAPOLLO,APL Apollo Tubes Limited,2011-12-14,INE702C01027
APLLTD,Alembic Pharmaceuticals Limited,2011-09-20,INE901L01018
APOLLO,Apollo Micro Systems Limited,2018-01-22,INE713T01028
APOLLOHOSP,Apollo Hospitals Enterprise Limited,1996-01-10,INE437A01024
APOLLOPIPE,Apollo Pipes Limited,2019-11-11,INE126J01016
APOLLOTYRE,Apollo Tyres Limited,1995-05-31,INE438A01022
APOLSINHOT,Apollo Sindoori Hotels Limited,2015-01-28,INE451F01024
APOORVA,Apoorva Leasing Finance and Investment Company Limited,2026-08-17,INE217S01014
APTECHT,Aptech Limited,2002-09-27,INE266F01018
APTUS,Aptus Value Housing Finance India Limited,2021-08-24,INE852O01025
AQYLON,Aqylon Nexus Limited,2024-04-01,INE416A01051
ARCHIDPLY,Archidply Industries Limited,2008-07-04,INE877I01016
ARCHIES,Archies Limited,1998-09-02,INE731A01020
ARCIL,Asset Reconstruction Company (India) Limited,2026-09-17,INE148G01016
ARCL,ARCL Organics Limited,2026-08-17,INE372M01010
ARDEE,Ardee Industries Limited,2026-08-12,INE0XNF01022
ARE&M,Amara Raja Energy & Mobility Limited,2003-09-05,INE885A01032
ARENTERP,Rajdarshan Industries Limited,1995-10-18,INE610C01014
ARFIN,Arfin India Limited,2025-07-22,INE784R01023
ARIHANT,Arihant Foundations & Housing Limited,2026-04-20,INE413D01011
ARIHANTCAP,Arihant Capital Markets Limited,2021-06-15,INE420B01036
ARIHANTSUP,Arihant Superstructures Limited,2017-03-28,INE643K01018
ARIS,Arisinfra Solutions Limited,2025-06-25,INE0H9P01028
ARKADE,Arkade Developers Limited,2024-09-24,INE0QRL01017
ARMANFIN,Arman Financial Services Limited,2016-06-14,INE109C01017
AROGRANITE,Aro Granite Industries Limited,2007-04-24,INE210C01013
ARROWGREEN,Arrow Greentech Limited,2015-05-21,INE570D01018
ARSSBL,Anand Rathi Share and Stock Brokers Limited,2025-09-30,INE549H01021
ARTEMISMED,Artemis Medicare Services Limited,2020-01-23,INE025R01021
ARTNIRMAN,Art Nirman Limited,2021-10-18,INE738V01013
ARVEE,Arvee Laboratories (India) Limited,2021-03-22,INE006Z01016
ARVIND,Arvind Limited,1995-02-08,INE034A01011
ARVINDFASN,Arvind Fashions Limited,2019-03-08,INE955V01021
ARVSMART,Arvind SmartSpaces Limited,2015-08-26,INE034S01021
ARYAMAN,Aryaman Financial Services Limited,2026-08-17,INE032E01017
ASAHIINDIA,Asahi India Glass Limited,1998-03-18,INE439A01020
ASAL,Automotive Stampings and Assemblies Limited,2002-03-12,INE900C01027
ASALCBR,Associated Alcohols & Breweries Ltd.,2020-02-12,INE073G01016
ASHAPURMIN,Ashapura Minechem Limited,1995-09-20,INE348A01023
ASHIANA,Ashiana Housing Limited,2011-06-29,INE365D01021
ASHIMASYN,Ashima Limited,1995-07-27,INE440A01010
ASHOKA,Ashoka Buildcon Limited,2010-10-14,INE442H01029
ASHOKAMET,Ashoka Metcast Limited,2023-06-27,INE760Y01011
ASHOKLEY,Ashok Leyland Limited,1995-05-25,INE208A01029
ASIANENE,Asian Energy Services Limited,2021-12-09,INE276G01015
ASIANHOTNR,Asian Hotels (North) Limited,2010-04-07,INE363A01022
ASIANPAINT,Asian Paints Limited,1995-05-31,INE021A01026
ASIANTILES,Asian Granito India Limited,2007-08-23,INE022I01019
ASIANTNE,Asian Tea & Exports Limited,2026-08-17,INE822B01017
ASKAUTOLTD,ASK Automotive Limited,2023-11-15,INE491J01022
ASMS,Avio Smart Market Stack Limited,2023-02-09,INE855F01042
ASPINWALL,Aspinwall and Company Limited,2016-06-14,INE991I01015
ASSAMENT,Assam Entrade Limited,2026-08-17,INE165G01010
ASTAR,Asian Star Company Limited,2026-04-20,INE194D01017
ASTEC,Astec LifeSciences Limited,2009-11-25,INE563J01010
ASTERDM,Aster DM Quality Care Limited,2018-02-26,INE914M01019
ASTRAL,Astral Limited,2007-03-20,INE006I01046
ASTRAMICRO,Astra Microwave Products Limited,2004-11-01,INE386C01029
ASTRAZEN,AstraZeneca Pharma India Limited,2001-05-04,INE203A01020
ATALREAL,Atal Realtech Limited,2023-05-12,INE0ALR01029
ATAM,Atam Valves Limited,2023-05-10,INE09KD01013
ATGL,Adani Total Gas Limited,2018-11-05,INE399L01023
ATHERENERG,Ather Energy Limited,2025-05-06,INE0LEZ01016
ATL,Allcargo Terminals Limited,2023-08-10,INE0NN701020
ATLANTAA,ATLANTAA LIMITED,2006-09-25,INE285H01022
ATLANTAELE,Atlanta Electricals Limited,2025-09-29,INE0Z4F01028
ATLASCYCLE,Atlas Cycles (Haryana) Limited,1996-10-23,INE446A01025
ATUL,Atul Limited,1998-05-06,INE100A01010
ATULAUTO,Atul Auto Limited,2013-06-26,INE951D01028
AUBANK,AU Small Finance Bank Limited,2017-07-10,INE949L01017
AUGMONT,Augmont Enterprises Limited,2026-08-31,INE16W401027
AURIONPRO,Aurionpro Solutions Limited,2005-10-25,INE132H01018
AUROPHARMA,Aurobindo Pharma Limited,2000-07-19,INE406A01037
AURUM,Aurum PropTech Limited,2015-08-19,INE898S01029
AURUS,AURUS GEM CORPORATION LIMITED,2013-11-05,INE142K01011
AUSOMENT,Ausom Enterprise Limited,1996-04-17,INE218C01016
AUSTENG,Austin Engineering Company  Limited,2026-08-17,INE759F01012
AUTOAXLES,Automotive Axles Limited,2003-05-29,INE449A01011
AUTOIND,Autoline Industries Limited,2007-01-31,INE718H01014
AVADHSUGAR,Avadh Sugar & Energy Limited,2017-07-28,INE349W01017
AVALON,Avalon Technologies Limited,2023-04-18,INE0LCL01028
AVANCE,Avance Technologies Limited,2026-08-17,INE758A01072
AVANTEL,Avantel Limited,2024-07-31,INE005B01027
AVANTIFEED,Avanti Feeds Limited,2015-04-15,INE871C01038
AVL,Aditya Vision Limited,2024-11-06,INE679V01027
AVONMORE,Avonmore Capital & Management Services Limited,2023-01-04,INE323B01024
AVROIND,AVRO INDIA LIMITED,2022-04-07,INE652Z01025
AVTNPL,AVT Natural Products Limited,2007-01-10,INE488D01021
AWFIS,Awfis Space Solutions Limited,2024-05-30,INE108V01019
AWHCL,Antony Waste Handling Cell Limited,2021-01-01,INE01BK01022
AWL,AWL Agri Business Limited,2022-02-08,INE699H01024
AXISBANK,Axis Bank Limited,1998-11-16,INE238A01034
AXISCADES,AXISCADES Technologies Limited,2000-12-21,INE555B01013
AXITA,Axita Cotton Limited,2022-06-21,INE02EZ01022
AXTEL,Axtel Industries Limited,2026-08-17,INE767C01012
AYE,Aye Finance Limited,2026-02-16,INE501X01029
AYMSYNTEX,AYM Syntex Limited,2015-08-14,INE193B01039
AZAD,Azad Engineering Limited,2023-12-28,INE02IJ01035
AZADIND,Azad India Mobility Limited,2026-08-17,INE566M01017
BAGFILMS,B.A.G Films and Media Limited,2003-10-17,INE116D01028
BAIDFIN,Baid Finserv Limited,2023-01-20,INE020D01022
BAJAJ-AUTO,Bajaj Auto Limited,2008-05-26,INE917I01010
BAJAJCON,Bajaj Consumer Care Limited,2010-08-18,INE933K01021
BAJAJELEC,Bajaj Electricals Limited,2007-11-02,INE193E01025
BAJAJFINSV,Bajaj Finserv Limited,2008-05-26,INE918I01026
BAJAJHCARE,Bajaj Healthcare Limited,2021-11-25,INE411U01027
BAJAJHFL,Bajaj Housing Finance Limited,2024-09-16,INE377Y01014
BAJAJHIND,Bajaj Hindusthan Sugar Limited,1995-05-10,INE306A01021
BAJAJHLDNG,Bajaj Holdings & Investment Limited,1995-03-15,INE118A01012
BAJAJINDEF,Indef Manufacturing Limited,2025-02-21,INE0O9T01021
BAJAJST,Bajaj Steel Industries Limited,2026-04-20,INE704G01024
BAJEL,Bajel Projects Limited,2023-12-19,INE0KQN01018
BAJFINANCE,Bajaj Finance Limited,2003-04-01,INE296A01032
BALAJEE,Shree Tirupati Balajee Agro Trading Company Limited,2024-09-12,INE0S2G01011
BALAJITELE,Balaji Telefilms Limited,2000-11-22,INE794B01026
BALAMINES,Balaji Amines Limited,2007-04-05,INE050E01027
BALAXI,BALAXI PHARMACEUTICALS LIMITED,2015-11-30,INE618N01022
BALKRISHNA,Balkrishna Paper Mills Limited,2015-07-28,INE875R01011
BALKRISIND,Balkrishna Industries Limited,2006-01-27,INE787D01026
BALMLAWRIE,Balmer Lawrie & Company Limited,1995-07-06,INE164A01016
BALPHARMA,Bal Pharma Limited,2006-05-08,INE083D01012
BALRAMCHIN,Balrampur Chini Mills Limited,1995-02-08,INE119A01028
BALUFORGE,Balu Forge Industries Limited,2024-04-29,INE011E01029
BANARBEADS,Banaras Beads Limited,1995-07-07,INE655B01011
BANARISUG,Bannari Amman Sugars Limited,2003-05-28,INE459A01010
BANCOINDIA,Banco Products (I) Limited,2006-12-22,INE213C01025
BANDHANBNK,Bandhan Bank Limited,2018-03-27,INE545U01014
BANG,Bang Overseas Limited,2008-02-20,INE863I01016
BANKA,Banka BioLoo Limited,2020-10-29,INE862Y01015
BANKBARODA,Bank of Baroda,1997-02-19,INE028A01039
BANKINDIA,Bank of India,1997-04-30,INE084A01016
BANSALWIRE,Bansal Wire Industries Limited,2024-07-10,INE0B9K01025
BANSWRAS,Banswara Syntex Limited,2007-04-11,INE629D01020
BASF,BASF India Limited,1995-05-17,INE373A01013
BATAINDIA,Bata India Limited,2003-06-18,INE176A01028
BATLIBOI,Batliboi Limited,2026-04-20,INE177C01022
BAYERCROP,Bayer Cropscience Limited,2010-01-08,INE462A01022
BBL,Bharat Bijlee Limited,2006-11-21,INE464A01036
BBOX,Black Box Limited,2003-07-22,INE676A01027
BBTC,The Bombay Burmah Trading Corporation Limited,1996-04-03,INE050A01025
BBTCL,B&B Triplewall Containers Limited,2022-11-23,INE01EE01011
BCG,Brightcom Group Limited,2015-05-08,INE425B01027
BCLIND,Bcl Industries Limited,2021-03-04,INE412G01024
BCONCEPTS,Brand Concepts Limited,2022-01-11,INE977Y01011
BCPL,BCPL Railway Infrastructure Limited,2026-03-27,INE00SW01015
BDL,Bharat Dynamics Limited,2018-03-23,INE171Z01026
BEARDSELL,Beardsell Limited,2015-01-13,INE520H01022
BECTORFOOD,Mrs. Bectors Food Specialities Limited,2020-12-24,INE495P01020
BEDMUTHA,Bedmutha Industries Limited,2010-10-14,INE844K01012
BEEKAY,Beekay Steel Industries Limited,2026-04-20,INE213D01015
BEL,Bharat Electronics Limited,2000-07-19,INE263A01024
BELLACASA,Bella Casa Fashion & Retail Limited,2025-07-18,INE344T01014
BELRISE,Belrise Industries Limited,2025-05-28,INE894V01022
BEML,BEML Limited,2003-11-05,INE258A01024
BENARAS,Benares Hotels Limited,2026-08-17,INE664D01019
BENGALASM,Bengal & Assam Company Limited,2026-04-20,INE083K01017
BEPL,Bhansali Engineering Polymers Limited,2005-03-21,INE922A01025
BERGEPAINT,Berger Paints (I) Limited,1999-11-24,INE463A01038
BESTAGRO,Best Agrolife Limited,2024-04-10,INE052T01021
BETA,Beta Drugs Limited,2025-11-24,INE351Y01019
BFINVEST,BF Investment Limited,2011-01-14,INE878K01010
BFUTILITIE,BF Utilities Limited,2007-05-03,INE243D01012
BHAGCHEM,Bhagiradha Chemicals & Industries Limited,2021-10-18,INE414D01027
BHAGERIA,Bhageria Industries Limited,2016-03-02,INE354C01027
BHAGYANGR,Bhagyanagar India Limited,2017-05-17,INE458B01036
BHANDARI,Bhandari Hosiery Exports Limited,2017-01-30,INE474E01029
BHARATCOAL,Bharat Coking Coal Limited,2026-01-19,INE05XR01022
BHARATFORG,Bharat Forge Limited,2003-04-04,INE465A01025
BHARATRAS,Bharat Rasayan Limited,1995-10-11,INE838B01021
BHARATSE,Bharat Seats Limited,2025-03-24,INE415D01024
BHARATWIRE,Bharat Wire Ropes Limited,2016-04-01,INE316L01019
BHARTIARTL,Bharti Airtel Limited,2002-02-15,INE397D01024
BHARTIHEXA,Bharti Hexacom Limited,2024-04-12,INE343G01021
BHEL,Bharat Heavy Electricals Limited,2003-11-11,INE257A01026
BIGBLOC,Bigbloc Construction Limited,2016-09-02,INE412U01025
BIKAJI,Bikaji Foods International Limited,2022-11-16,INE00E101023
BIL,Bhartiya International Limited,2000-04-12,INE828A01016
BIMETAL,Bimetal Bearings Limited,2026-04-20,INE469A01019
BIOCON,Biocon Limited,2004-04-07,INE376G01013
BIOFILCHEM,Biofil Chemicals & Pharmaceuticals Limited,1996-06-12,INE829A01014
BIRLACABLE,Birla Cable Limited,1995-12-06,INE800A01015
BIRLACORPN,Birla Corporation Limited,1995-04-12,INE340A01012
BIRLAMONEY,Aditya Birla Money Limited,2008-02-07,INE865C01022
BIRLANU,BirlaNu Limited,1995-04-26,INE557A01011
BLACKBUCK,BLACKBUCK LIMITED,2024-11-22,INE0UIZ01018
BLACKROSE,Black Rose Inds. Limited,2026-04-20,INE761G01016
BLAL,BEML Land Assets Limited,2023-04-19,INE0N7W01012
BLBLIMITED,BLB Limited,2000-05-31,INE791A01024
BLEL,Behari Lal Engineering Limited,2026-08-19,INE1EEM01017
BLIL,Balmer Lawrie Investments Limited,2026-04-20,INE525F01025
BLKASHYAP,B. L. Kashyap and Sons Limited,2006-03-17,INE350H01032
BLS,BLS International Services Limited,2016-06-14,INE153T01027
BLSE,BLS E-Services Limited,2024-02-06,INE0NLT01010
BLUECLOUDS,Blue Cloud Softech Solutions Limited,2026-08-17,INE373T01047
BLUECOAST,Blue Coast Hotels Limited,2000-02-16,INE472B01011
BLUEDART,Blue Dart Express Limited,2002-12-12,INE233B01017
BLUEJET,Blue Jet Healthcare Limited,2023-11-01,INE0KBH01020
BLUESTARCO,Blue Star Limited,2000-06-15,INE472A01039
BLUESTONE,BlueStone Jewellery and Lifestyle Limited,2025-08-19,INE304W01038
BLUSPRING,Bluspring Enterprises Limited,2025-06-11,INE0U4101014
BMWVENTLTD,BMW Ventures Limited,2025-10-01,INE965W01036
BNAGROCHEM,BN Agrochem Limited,2026-04-20,INE00HZ01011
BOHRAIND,Bohra Industries Limited,2022-10-27,INE802W01023
BOMDYEING,Bombay Dyeing & Mfg Company Limited,1995-04-26,INE032A01023
BONLON,Bonlon Industries Limited,2026-02-20,INE0B9A01018
BORANA,Borana Weaves Limited,2025-05-27,INE16SF01016
BOROLTD,Borosil Limited,2020-07-22,INE02PY01013
BORORENEW,BOROSIL RENEWABLES LIMITED,2018-05-25,INE666D01022
BOROSCI,Borosil Scientific Limited,2024-06-07,INE02L001032
BOSCH-HCIL,BOSCH HOME COMFORT INDIA LIMITED,2000-01-03,INE782A01015
BOSCHLTD,Bosch Limited,2003-05-12,INE323A01026
BPCL,Bharat Petroleum Corporation Limited,1995-09-13,INE029A01011
BPL,BPL Limited,1995-06-14,INE110A01019
BPLPHARMA,Bharat Parenterals Limited,2026-08-17,INE365Y01019
BRAHMINFRA,Brahmaputra Infrastructure Limited,2026-08-17,INE320I01017
BRIGADE,Brigade Enterprises Limited,2007-12-31,INE791I01019
BRIGHOTEL,Brigade Hotel Ventures Limited,2025-07-31,INE03NU01014
BRIGHTBR,Bright Brothers Limited,2026-08-17,INE630D01010
BRITANNIA,Britannia Industries Limited,1998-11-05,INE216A01030
BRNL,Bharat Road Network Limited,2017-09-18,INE727S01012
BROOKS,Brooks Laboratories Limited,2011-09-05,INE650L01011
BSE,BSE Limited,2017-02-03,INE118H01025
BSHSL,Bombay Super Hybrid Seeds Limited,2020-10-28,INE032Z01020
BSL,BSL Limited,1995-07-27,INE594B01012
BSOFT,BIRLASOFT LIMITED,1999-11-24,INE836A01035
BTML,Bodhi Tree Multimedia Limited,2023-02-15,INE0EEJ01023
BUILDPRO,Shankara Buildpro Limited,2026-01-09,INE24OJ01011
BUTTERFLY,Butterfly Gandhimathi Appliances Limited,2014-04-28,INE295F01017
BVCL,Barak Valley Cements Limited,2007-11-23,INE139I01011
BYKE,The Byke Hospitality Ltd,2015-04-15,INE319B01014
CAMLINFINE,Camlin Fine Sciences Limited,2015-01-20,INE052I01032
CAMPUS,Campus Activewear Limited,2022-05-09,INE278Y01022
CAMS,Computer Age Management Services Limited,2021-05-07,INE596I01020
CANBK,Canara Bank,2002-12-23,INE476A01022
CANFINHOME,Can Fin Homes Limited,1995-05-10,INE477A01020
CANHLIFE,Canara HSBC Life Insurance Company Limited,2025-10-17,INE01TY01017
CANTABIL,Cantabil Retail India Limited,2010-10-12,INE068L01024
CAPACITE,Capacit'e Infraprojects Limited,2017-09-25,INE264T01014
CAPILLARY,Capillary Technologies India Limited,2025-11-21,INE0ILV01024
CAPITALSFB,Capital Small Finance Bank Limited,2024-02-14,INE646H01017
CAPLIPOINT,Caplin Point Laboratories Limited,2014-06-23,INE475E01026
CARBORUNIV,Carborundum Universal Limited,1996-04-03,INE120A01034
CARERATING,CARE Ratings Limited,2012-12-26,INE752H01013
CARRARO,Carraro India Limited,2024-12-30,INE0V7W01012
CARTRADE,Cartrade Tech Limited,2021-08-20,INE290S01011
CARYSIL,CARYSIL LIMITED,2021-01-14,INE482D01024
CASTROLIND,Castrol India Limited,2014-03-14,INE172A01027
CCAVENUE,AvenuesAI Limited,2016-04-04,INE483S01020
CCCL,Consolidated Construction Consortium Limited,2007-10-15,INE429I01024
CCHHL,Country Club Hospitality & Holidays Limited,2015-02-03,INE652F01027
CCL,CCL Products (India) Limited,2004-06-07,INE421D01022
CDSL,Central Depository Services (India) Limited,2017-06-30,INE736A01011
CEATLTD,CEAT Limited,2008-02-01,INE482A01020
CEIGALL,Ceigall India Limited,2024-08-08,INE0AG901020
CEINSYS,Ceinsys Tech Limited,2026-02-19,INE016Q01014
CELEBRITY,Celebrity Fashions Limited,2006-01-12,INE185H01016
CELLO,Cello World Limited,2023-11-06,INE0LMW01024
CEMPRO,Cemindia Projects Limited,1999-02-10,INE686A01026
CENTENKA,Century Enka Limited,1995-05-10,INE485A01015
CENTEXT,Century Extrusions Limited,2004-07-20,INE281A01026
CENTRALBK,Central Bank of India,2007-08-21,INE483A01010
CENTRUM,Centrum Capital Limited,2018-04-04,INE660C01027
CENTUM,Centum Electronics Limited,2007-10-05,INE320B01020
CENTURYPLY,Century Plyboards (India) Limited,2006-03-23,INE348B01021
CERA,Cera Sanitaryware Limited,2007-11-02,INE739E01017
CESC,CESC Limited,1995-02-08,INE486A01021
CEWATER,Concord Enviro Systems Limited,2024-12-27,INE037Z01029
CGCL,Capri Global Capital Limited,2010-10-29,INE180C01042
CGPOWER,CG Power and Industrial Solutions Limited,1995-03-01,INE067A01029
CGVAK,CG Vak Software & Exports Limited,2026-08-17,INE084D01010
CHALET,Chalet Hotels Limited,2019-02-07,INE427F01016
CHAMBLFERT,Chambal Fertilizers & Chemicals Limited,1995-06-14,INE085A01013
CHEMBOND,Chembond Material Technologies Limited,2019-11-20,INE995D01025
CHEMCON,Chemcon Speciality Chemicals Limited,2020-10-01,INE03YM01018
CHEMCRUX,Chemcrux Enterprises Limited,2026-08-17,INE298W01016
CHEMFAB,Chemfab Alkalis Limited,2018-04-25,INE783X01023
CHEMPLASTS,Chemplast Sanmar Limited,2021-08-24,INE488A01050
CHENNPETRO,Chennai Petroleum Corporation Limited,2000-06-07,INE178A01016
CHEVIOT,Cheviot Company Limited,2022-06-20,INE974B01016
CHOICEIN,Choice International Limited,2022-04-08,INE102B01014
CHOLAFIN,Cholamandalam Investment and Finance Company Limited,1996-05-15,INE121A01024
CHOLAHLDNG,Cholamandalam Financial Holdings Limited,2017-09-25,INE149A01033
CIEINDIA,CIE Automotive India Limited,2007-08-30,INE536H01010
CIFL,Capital India Finance Limited,2025-04-17,INE345H01024
CINELINE,Cineline India Limited,2012-06-13,INE704H01022
CINEVISTA,Cinevista Limited,2000-05-02,INE039B01026
CIPLA,Cipla Limited,1995-02-08,INE059A01026
CLEAN,Clean Science and Technology Limited,2021-07-19,INE227W01023
CLEANMAX,Clean Max Enviro Energy Solutions Limited,2026-03-02,INE647U01026
CLEDUCATE,CL Educate Limited,2017-03-31,INE201M01029
CLSEL,Chaman Lal Setia Exports Limited,2021-05-12,INE419D01026
CMLL,Caliber Mining and Logistics Limited,2026-07-24,INE11XY01018
CMPDI,Central Mine Planning & Design Institute Limited,2026-03-30,INE05HV01027
CMRGREEN,CMR Green Technologies Limited,2026-06-10,INE00WV01027
CMSINFO,CMS Info Systems Limited,2021-12-31,INE925R01014
CNL,Creative Newtech Limited,2019-08-05,INE985W01018
COALINDIA,Coal India Limited,2010-11-04,INE522F01014
COASTCORP,Coastal Corporation Limited,2021-10-08,INE377E01024
COCHINSHIP,Cochin Shipyard Limited,2017-08-11,INE704P01025
COCKERILL,John Cockerill India Limited,2026-04-20,INE515A01019
COFFEEDAY,Coffee Day Enterprises Limited,2015-11-02,INE335K01011
COFORGE,Coforge Limited,2004-08-30,INE591G01025
COHANCE,Cohance Lifesciences Limited,2020-03-09,INE03QK01018
COLPAL,Colgate Palmolive (India) Limited,2007-12-17,INE259A01022
COMFINTE,Comfort Intech Limited,2026-04-20,INE819A01049
COMPEAU,Competent Automobiles Company Limited,2026-08-17,INE823B01015
COMPUSOFT,Compucom Software Limited,2012-03-02,INE453B01029
COMSYN,Commercial Syn Bags Limited,2024-01-23,INE073V01015
CONCOR,Container Corporation of India Limited,1997-05-07,INE111A01025
CONCORDBIO,Concord Biotech Limited,2023-08-18,INE338H01029
CONFIPET,Confidence Petroleum India Limited,2019-06-13,INE552D01024
CONTROLPR,Control Print Limited,2016-06-24,INE663B01015
CORALFINAC,Coral India Finance & Housing Limited,1996-03-25,INE558D01021
CORDELIA,Waterways Leisure Tourism Limited,2026-07-01,INE0LZF01039
COROMANDEL,Coromandel International Limited,1995-05-31,INE169A01031
CORONA,CORONA Remedies Limited,2025-12-15,INE02ZQ01018
COSMOFIRST,COSMO FIRST LIMITED,1995-05-25,INE757A01017
CPCAP,CP Capital Limited,2010-10-06,INE521J01018
CPEDU,Career Point Edutech Limited,2025-09-05,INE0P6P01016
CPL,Captain Polyplast Limited,2026-07-23,INE536P01021
CPPLUS,Aditya Infotech Limited,2025-08-05,INE819V01029
CRAFTSMAN,Craftsman Automation Limited,2021-03-25,INE00LO01017
CRAMC,Canara Robeco Asset Management Company Limited,2025-10-16,INE218I01013
CRAVATEX,Cravatex Limited,2026-08-17,INE145E01017
CREATIVEYE,Creative Eye Limited,2000-12-20,INE230B01021
CREDITACC,CREDITACCESS GRAMEEN LIMITED,2018-08-23,INE741K01010
CREST,Crest Ventures Limited,2006-12-27,INE559D01011
CRESTO,CRESTO TECHNO LIMITED,2020-07-08,INE203Y01012
CRISIL,Crisil Limited,1995-06-28,INE007A01025
CRIZAC,Crizac Limited,2025-07-09,INE0S4R01014
CROMPTON,Crompton Greaves Consumer Electricals Limited,2016-05-13,INE299U01018
CROWN,Crown Lifters Limited,2022-02-08,INE491V01019
CSBBANK,CSB Bank Limited,2019-12-04,INE679A01013
CSLFINANCE,CSL Finance Limited,2022-07-21,INE718F01018
CSM,CSM Technologies Limited,2026-07-02,INE0ZK601013
CUB,City Union Bank Limited,1998-08-25,INE491A01021
CUMMINSIND,Cummins India Limited,1995-03-29,INE298A01020
CUPID,Cupid Limited,2016-09-16,INE509F01029
CYIENT,Cyient Limited,1998-09-30,INE136B01020
CYIENTDLM,Cyient DLM Limited,2023-07-10,INE055S01018
DABUR,Dabur India Limited,1999-04-28,INE016A01026
DALBHARAT,Dalmia Bharat Limited,2019-01-22,INE00R701025
DALMIASUG,Dalmia Bharat Sugar and Industries Limited,1996-01-17,INE495A01022
DAMCAPITAL,Dam Capital Advisors Limited,2024-12-27,INE284H01025
DANGEE,Dangee Dums Limited,2020-11-13,INE688Y01022
DATAMATICS,Datamatics Global Services Limited,2004-05-07,INE365B01017
DATAPATTNS,Data Patterns (India) Limited,2021-12-24,INE0IX101010
DAVANGERE,Davangere Sugar Company Limited,2024-01-25,INE179G01029
DBCORP,D.B.Corp Limited,2010-01-06,INE950I01011
DBEIL,Deepak Builders & Engineers India Limited,2024-10-28,INE0OPA01027
DBL,Dilip Buildcon Limited,2016-08-11,INE917M01012
DBOL,Dhampur Bio Organics Limited,2022-09-08,INE0I3401014
DBREALTY,Valor Estate Limited,2010-02-24,INE879I01012
DCAL,Dishman Carbogen Amcis Limited,2017-09-21,INE385W01011
DCBBANK,DCB Bank Limited,2006-10-27,INE503A01015
DCI,Dc Infotech And Communication Limited,2022-10-19,INE0A1101019
DCM,DCM  Limited,1995-03-29,INE498A01018
DCMFINSERV,DCM Financial Services Limited,1997-05-21,INE891B01012
DCMNVL,DCM Nouvelle Limited,2019-07-16,INE08KP01019
DCMSHRIRAM,DCM Shriram Limited,1995-04-12,INE499A01024
DCMSIL,DCM Shriram International Limited,2026-02-17,INE0OU201013
DCMSRIND,DCM Shriram Industries Limited,2021-12-24,INE843D01027
DCW,DCW Limited,1995-05-25,INE500A01029
DCXINDIA,DCX Systems Limited,2022-11-11,INE0KL801015
DDEVPLSTIK,Ddev Plastiks Industries Limited,2025-01-15,INE0HR601026
DECCANCE,Deccan Cements Limited,2007-08-02,INE583C01021
DECNGOLD,Deccan Gold Mines Limited,2026-04-20,INE945F01025
DEEDEV,DEE Development Engineers Limited,2024-06-26,INE841L01016
DEEPA,Deepa Jewellers Limited,2026-09-08,INE1M2N01020
DEEPAKFERT,Deepak Fertilizers and Petrochemicals Corporation Limited,2003-01-17,INE501A01019
DEEPAKNTR,Deepak Nitrite Limited,2010-09-29,INE288B01029
DEEPINDS,Deep Industries Limited,2021-04-27,INE0FHS01024
DELHIVERY,Delhivery Limited,2022-05-24,INE148O01028
DELTACORP,Delta Corp Limited,2007-11-02,INE124G01033
DELTAMAGNT,Delta Manufacturing Limited,1995-10-18,INE393A01011
DEN,Den Networks Limited,2009-11-24,INE947J01015
DENORA,De Nora India Limited,1997-08-07,INE244A01016
DENTA,Denta Water and Infra Solutions Limited,2025-01-29,INE0R4L01018
DEVIT,Dev Information Technology Limited,2022-02-15,INE060X01034
DEVX,Dev Accelerator Limited,2025-09-17,INE0VOV01021
DEVYANI,Devyani International Limited,2021-08-16,INE872J01023
DGCONTENT,Digicontent Limited,2019-06-18,INE03JI01017
DHAMPURSUG,Dhampur Sugar Mills Limited,1995-03-29,INE041A01016
DHANBANK,Dhanlaxmi Bank Limited,2004-04-01,INE680A01011
DHANUKA,Dhanuka Agritech Limited,2011-06-29,INE435G01025
DHARMAJ,Dharmaj Crop Guard Limited,2022-12-08,INE00OQ01016
DHATRE,Dhatre Udyog Limited,2026-08-17,INE715T01031
DHOOTTRANS,Dhoot Transmission Limited,2026-08-17,INE01NH01023
DHRUV,Dhruv Consultancy Services Limited,2021-11-25,INE506Z01015
DHUNINV,Dhunseri Investments Limited,2011-03-18,INE320L01011
DIAMINESQ,Diamines & Chemicals Limited,2023-09-25,INE591D01014
DIAMONDYD,Prataap Snacks Limited,2017-10-05,INE393P01035
DICIND,DIC India Limited,1995-08-30,INE303A01010
DIFFNKG,Diffusion Engineers Limited,2024-10-04,INE184O01015
DIGIDRIVE,Digidrive Distributors Limited,2024-01-10,INE0PSC01024
DIGISPICE,DiGiSPICE Technologies Limited,2008-05-27,INE927C01020
DIGITIDE,Digitide Solutions Limited,2025-06-11,INE0U4701011
DISAQ,Disa India Limited,2026-04-20,INE131C01011
DISHTV,Dish TV India Limited,2007-04-18,INE836F01026
DIVGIITTS,Divgi Torqtransfer Systems Limited,2023-03-14,INE753U01022
DIVISLAB,Divi's Laboratories Limited,2003-03-12,INE361B01024
DIXON,Dixon Technologies (India) Limited,2017-09-18,INE935N01020
DJML,DJ Mediaprint & Logistics Limited,2022-12-05,INE0B1K01014
DLF,DLF Limited,2007-07-05,INE271C01023
DLINKINDIA,D-Link (India) Limited,2009-12-18,INE250K01012
DMART,Avenue Supermarts Limited,2017-03-21,INE192R01011
DMCC,DMCC SPECIALITY CHEMICALS LIMITED,2021-12-01,INE505A01010
DNAMEDIA,Diligent Media Corporation Limited,2017-12-11,INE016M01021
DODLA,Dodla Dairy Limited,2021-06-28,INE021O01019
DOLATALGO,Dolat Algotech Limited,2024-01-12,INE966A01022
DOLLAR,Dollar Industries Limited,2017-04-21,INE325C01035
DOLLEX,Dollex Agrotech Limited,2026-09-11,INE0JHH01011
DOLPHIN,Dolphin Offshore Enterprises (India) Limited,2023-08-21,INE920A01037
DOMS,DOMS Industries Limited,2023-12-20,INE321T01012
DONEAR,Donear Industries Limited,2006-12-20,INE668D01028
DPABHUSHAN,D. P. Abhushan Limited,2020-11-03,INE266Y01019
DRAGARWQ,Dr Agarwals Eye Hospital Limited,2026-04-20,INE934C01018
DRCSYSTEMS,DRC Systems India Limited,2021-03-10,INE03RS01027
DREAMFOLKS,Dreamfolks Services Limited,2022-09-06,INE0JS101016
DREDGECORP,Dredging Corporation of India Limited,2004-01-15,INE506A01018
DRREDDY,Dr. Reddy's Laboratories Limited,2003-05-30,INE089A01031
DSFCL,DCM Shriram Fine Chemicals Limited,2026-02-17,INE0OFM01015
DSSL,Dynacons Systems & Solutions Limited,2011-12-01,INE417B01040
DUCON,Ducon Infratechnologies Limited,2012-10-09,INE741L01018
DVL,Dhunseri Ventures Limited,2008-01-11,INE477B01010
DWARKESH,Dwarikesh Sugar Industries Limited,2004-12-31,INE366A01041
DYCL,Dynamic Cables Limited,2022-07-27,INE600Y01019
DYNAMATECH,Dynamatic Technologies Limited,2006-09-14,INE221B01012
DYNPRO,Dynemic Products Limited,2017-07-19,INE256H01015
EASEMYTRIP,Easy Trip Planners Limited,2021-03-19,INE07O001026
EASTWEST,East West Freight Carriers Limited,2026-08-17,INE595R01023
EBGNG,GNG Electronics Limited,2025-07-30,INE18JU01028
ECLERX,eClerx Services Limited,2007-12-31,INE738I01010
ECORECO,Eco Recycling Limited,2026-08-17,INE316A01038
ECOSMOBLTY,Ecos (India) Mobility & Hospitality Limited,2024-09-04,INE06HJ01020
EDELWEISS,Edelweiss Financial Services Limited,2007-12-12,INE532F01054
EFCIL,EFC (I) Limited,2025-08-20,INE886D01026
EICHERMOT,Eicher Motors Limited,2004-09-07,INE066A01021
EIDPARRY,EID Parry India Limited,1995-05-10,INE126A01031
EIEL,Enviro Infra Engineers Limited,2024-11-29,INE0LLY01014
EIHAHOTELS,EIH Associated Hotels Limited,2008-04-08,INE276C01014
EIHOTEL,EIH Limited,1995-02-08,INE230A01023
EIMCOELECO,Eimco Elecon (India) Limited,1996-04-17,INE158B01016
EKC,Everest Kanto Cylinder Limited,2005-12-15,INE184H01027
EKI,EKI Energy Services Limited,2026-08-17,INE0CPR01018
ELANTAS,Elantas Beck India Limited,2026-04-20,INE280B01018
ELCIDIN,EL CID Investments Limited,2026-04-20,INE927X01018
ELDEHSG,Eldeco Housing And Industries Limited,2022-04-12,INE668G01021
ELECON,Elecon Engineering Company Limited,2006-09-29,INE205B01031
ELECTCAST,Electrosteel Castings Limited,2003-06-20,INE086A01029
ELECTHERM,Electrotherm (India) Limited,2007-08-20,INE822G01016
ELGIEQUIP,Elgi Equipments Limited,1995-11-22,INE285A01027
ELGIRUBCO,Elgi Rubber Company Limited,2011-08-10,INE819L01012
ELIN,Elin Electronics Limited,2022-12-30,INE050401020
ELITECON,Elitecon International Limited,2026-04-20,INE669R01026
ELLEN,Ellenbarrie Industrial Gases Limited,2025-07-01,INE236E01022
ELPROINTL,Elpro International Limited,2026-04-20,INE579B01039
EMAMILTD,Emami Limited,2006-08-03,INE548C01032
EMAMIREAL,Emami Realty Limited,2010-07-28,INE778K01012
EMBDL,Embassy Developments Limited,2007-03-23,INE069I01010
EMCURE,Emcure Pharmaceuticals Limited,2024-07-10,INE168P01015
EMIL,Electronics Mart India Limited,2022-10-17,INE02YR01019
EMKAY,Emkay Global Financial Services Limited,2006-04-28,INE296H01011
EMMVEE,Emmvee Photovoltaic Power Limited,2025-11-18,INE1C6T01020
EMPIND,Empire Industries Limited,2026-08-17,INE515H01014
EMPOWER,Empower India Limited,2026-04-20,INE507F01023
EMSLIMITED,EMS Limited,2023-09-21,INE0OV601013
EMUDHRA,eMudhra Limited,2022-06-01,INE01QM01018
ENDURANCE,Endurance Technologies Limited,2016-10-19,INE913H01037
ENERGYDEV,Energy Development Company Limited,2007-11-02,INE306C01019
ENGINERSIN,Engineers India Limited,1997-08-20,INE510A01028
ENIL,Entertainment Network (India) Limited,2006-02-15,INE265F01028
ENKEIWHEL,Enkei Wheels (India) Limited,2026-08-17,INE130L01014
ENRIN,Siemens Energy India Limited,2025-06-19,INE1NPP01017
ENTERO,Entero Healthcare Solutions Limited,2024-02-16,INE010601016
EPACK,EPACK Durable Limited,2024-01-30,INE0G5901015
EPACKPEB,EPack Prefab Technologies Limited,2025-10-01,INE0MLS01022
EPIGRAL,Epigral Limited,2021-08-18,INE071N01016
EPL,EPL Limited,2002-02-11,INE255A01020
EQUITASBNK,Equitas Small Finance Bank Limited,2020-11-02,INE063P01018
ERIS,Eris Lifesciences Limited,2017-06-29,INE406M01024
ESABINDIA,Esab India Limited,1995-11-01,INE284A01012
ESCORTS,Escorts Kubota Limited,1995-03-01,INE042A01014
ESDS,ESDS Software Solution Limited,2026-09-04,INE0DRI01029
ESSARSHPNG,Essar Shipping Limited,2011-11-15,INE122M01019
ESSENTIA,Integra Essentia Limited,2013-08-20,INE418N01035
ESTER,Ester Industries Limited,2011-06-20,INE778B01029
ETERNAL,ETERNAL LIMITED,2021-07-23,INE758T01015
ETHOSLTD,Ethos Limited,2022-05-30,INE04TZ01018
EUREKAFORB,Eureka Forbes Limited,2024-09-11,INE0KCE01017
EUROBOND,Euro Panel Products Limited,2025-08-01,INE505V01016
EUROPRATIK,Euro Pratik Sales Limited,2025-09-23,INE198501012
EUROTEXIND,Eurotex Industries and Exports Limited,1996-01-31,INE022C01012
EVEREADY,Eveready Industries India Limited,2005-04-27,INE128A01029
EXCELINDUS,Excel Industries Limited,2004-06-16,INE369A01029
EXCELSOFT,Excelsoft Technologies Limited,2025-11-26,INE606N01019
EXICOM,Exicom Tele-Systems Limited,2024-03-05,INE777F01014
EXIDEIND,Exide Industries Limited,2003-06-17,INE302A01020
EXPLEOSOL,Expleo Solutions Limited,2009-10-26,INE201K01015
EXXARO,Exxaro Tiles Limited,2021-08-16,INE0GFE01026
FABTECH,Fabtech Technologies Limited,2025-10-07,INE0HF201011
FACT,Fertilizers and Chemicals Travancore Limited,1995-04-12,INE188A01015
FAZE3Q,Faze Three Limited,2022-11-18,INE963C01033
FCL,Fineotex Chemical Limited,2015-01-15,INE045J01034
FCSSOFT,FCS Software Solutions Limited,2005-09-21,INE512B01022
FDC,FDC Limited,1997-08-07,INE258B01022
FEDDERSHOL,Fedders Holding Limited,2026-04-20,INE417D01020
FEDERALBNK,The Federal Bank  Limited,1995-02-08,INE171A01029
FEDFINA,Fedbank Financial Services Limited,2023-11-30,INE007N01010
FERMENTA,Fermenta Biotech Limited,2026-08-04,INE225B01021
FIBERWEB,Fiberweb (India) Limited,2022-02-16,INE296C01020
FIEMIND,Fiem Industries Limited,2006-10-19,INE737H01014
FILATEX,Filatex India Limited,2011-08-29,INE816B01035
FILATFASH,Filatex Fashions Limited,2024-05-06,INE185E01021
FINCABLES,Finolex Cables Limited,1995-02-15,INE235A01022
FINEORG,Fine Organic Industries Limited,2018-07-02,INE686Y01026
FINKURVE,Finkurve Financial Services Limited,2025-10-01,INE734I01027
FINOPB,Fino Payments Bank Limited,2021-11-12,INE02NC01014
FINPIPE,Finolex Industries Limited,1995-02-08,INE183A01024
FIRSTCRY,Brainbees Solutions Limited,2024-08-13,INE02RE01045
FISCHER,Fischer Medical Ventures Limited,2025-07-10,INE771F01041
FIVESTAR,Five-Star Business Finance Limited,2022-11-21,INE128S01021
FLAIR,Flair Writing Industries Limited,2023-12-01,INE00Y201027
FLUOROCHEM,Gujarat Fluorochemicals Limited,2019-10-16,INE09N301011
FMGOETZE,Federal-Mogul Goetze (India) Limited.,1995-02-08,INE529A01010
FMNL,Future Market Networks Limited,2010-12-31,INE360L01017
FOODSIN,Foods & Inns Limited,2021-11-16,INE976E01023
FORCEMOT,FORCE MOTORS LTD,2024-02-14,INE451A01017
FORTIS,Fortis Healthcare Limited,2007-05-09,INE061F01013
FOSECOIND,Foseco India Limited,2003-05-05,INE519A01011
FRACTAL,Fractal Analytics Limited,2026-02-16,INE212S01015
FREDUN,Fredun Pharmaceuticals Limited,2026-08-17,INE194R01017
FRONTSP,Frontier Springs Limited,2026-04-20,INE572D01014
FSL,Firstsource Solutions Limited,2007-02-22,INE684F01012
FUSION,Fusion Finance Limited,2022-11-15,INE139R01012
GABRIEL,Gabriel India Limited,2005-04-20,INE524A01029
GAEL,Gujarat Ambuja Exports Limited,2000-10-11,INE036B01030
GAIL,GAIL (India) Limited,1997-04-02,INE129A01019
GAJA,Gaja Alternative Asset Management Limited,2026-08-26,INE18UN01038
GALAPREC,Gala Precision Engineering Limited,2024-09-09,INE0RE001014
GALAXYSURF,Galaxy Surfactants Limited,2018-02-08,INE600K01018
GALLANTT,Gallantt Ispat Limited,2006-04-04,INE297H01019
GANDHAR,Gandhar Oil Refinery (India) Limited,2023-11-30,INE717W01049
GANDHITUBE,Gandhi Special Tubes Limited,2007-01-31,INE524B01027
GANECOS,Ganesha Ecosphere Limited,2015-03-09,INE845D01014
GANESHCP,Ganesh Consumer Products Limited,2025-09-29,INE652V01016
GANESHHOU,GANESH HOUSING LIMITED,2007-03-02,INE460C01014
GANGAFORGE,Ganga Forging Limited,2021-07-06,INE691Z01023
GANGESSECU,Ganges Securities Limited,2017-07-28,INE335W01016
GARFIBRES,Garware Technical Fibres Limited,2007-04-03,INE276A01018
GARUDA,Garuda Construction and Engineering Limited,2024-10-15,INE0JVO01026
GATEWAY,Gateway Distriparks Limited,2022-03-22,INE079J01017
GAUDIUMIVF,Gaudium IVF and Women Health Limited,2026-02-27,INE0P8B01020
GAYAHWS,Gayatri Highways Limited,2018-06-28,INE287Z01012
GAYAPROJ,Gayatri Projects Limited,2011-08-22,INE336H01023
GCSL,Gretex Corporate Services Limited,2025-09-04,INE199P01028
GEEKAYWIRE,Geekay Wires Limited,2020-03-06,INE669X01032
GEMAROMA,Gem Aromatics Limited,2025-08-26,INE06XZ01023
GENCON,Generic Engineering Construction and Projects Limited,2021-02-16,INE854S01022
GENESYS,Genesys International Corporation Limited,2003-01-23,INE727B01026
GENUSPAPER,Genus Paper & Boards Limited,2015-02-16,INE949P01018
GENUSPOWER,Genus Power Infrastructures Limited,2005-07-08,INE955D01029
GEOJITFSL,Geojit Financial Services Limited,2005-07-01,INE007B01023
GESHIP,The Great Eastern Shipping Company Limited,2006-11-27,INE017A01032
GFLLIMITED,GFL Limited,1995-05-25,INE538A01037
GHCL,GHCL Limited,2003-07-31,INE539A01019
GHCLTEXTIL,GHCL Textiles Limited,2023-06-12,INE0PA801013
GICHSGFIN,GIC Housing Finance Limited,1996-05-08,INE289B01019
GICRE,General Insurance Corporation of India,2017-10-25,INE481Y01014
GILLANDERS,Gillanders Arbuthnot & Company Limited,2009-12-14,INE047B01011
GILLETTE,Gillette India Limited,2003-07-30,INE322A01010
GIPCL,Gujarat Industries Power Company Limited,1995-02-08,INE162A01010
GKB,GKB Ophthalmics Limited,2026-08-17,INE265D01015
GKENERGY,GK Energy Limited,2025-09-26,INE1AG301022
GKSL,Gujarat Kidney And Super Speciality Limited,2025-12-30,INE0V0W01025
GKWLIMITED,GKW Limited,2009-07-20,INE528A01020
GLAND,Gland Pharma Limited,2020-11-20,INE068V01023
GLASSWALL,Glass Wall Systems (India) Limited,2026-09-16,INE644Q01039
GLAXO,GlaxoSmithKline Pharmaceuticals Limited,2000-12-15,INE159A01016
GLENMARK,Glenmark Pharmaceuticals Limited,2000-02-07,INE935A01035
GLFL,Gujarat Lease Financing Limited,1995-02-08,INE540A01017
GLOBAL,Global Education Limited,2020-12-07,INE291W01037
GLOBALE,Globale Tessile Limited,2024-08-27,INE0URU01010
GLOBALVECT,Global Vectra Helicorp Limited,2006-10-27,INE792H01019
GLOBE,GLOBE ENTERPRISES (INDIA) LIMITED,2020-10-07,INE581X01021
GLOBECIVIL,Globe Civil Projects Limited,2025-07-01,INE0V3U01015
GLOBUSSPR,Globus Spirits Limited,2009-09-23,INE615I01010
GLOSTERLTD,Gloster Limited,2024-04-26,INE350Z01018
GLOTTIS,Glottis Limited,2025-10-07,INE0TQE01026
GMBREW,GM Breweries Limited,1995-08-23,INE075D01018
GMDCLTD,Gujarat Mineral Development Corporation Limited,1997-12-17,INE131A01031
GMMPFAUDLR,GMM Pfaudler Limited,2018-03-05,INE541A01023
GMRAIRPORT,GMR AIRPORTS LIMITED,2006-08-21,INE776C01039
GMRP&UI,GMR Power and Urban Infra Limited,2022-03-23,INE0CU601026
GNA,GNA Axles Limited,2016-09-26,INE934S01014
GNFC,Gujarat Narmada Valley Fertilizers and Chemicals Limited,1995-05-17,INE113A01013
GNRL,Gujarat Natural Resources Limited,2026-04-20,INE207H01018
GOACARBON,Goa Carbon Limited,2007-06-05,INE426D01013
GOCLCORP,GOCL Corporation Limited,2014-06-26,INE077F01035
GOCOLORS,Go Fashion (India) Limited,2021-11-30,INE0BJS01011
GODAVARIB,Godavari Biorefineries Limited,2024-10-30,INE497S01012
GODFRYPHLP,Godfrey Phillips India Limited,1996-07-24,INE260B01028
GODIGIT,Go Digit General Insurance Limited,2024-05-23,INE03JT01014
GODREJAGRO,Godrej Agrovet Limited,2017-10-16,INE850D01014
GODREJCP,Godrej Consumer Products Limited,2001-06-20,INE102D01028
GODREJIND,Godrej Industries Limited,2003-02-25,INE233A01035
GODREJPROP,Godrej Properties Limited,2010-01-05,INE484J01027
GOKEX,Gokaldas Exports Limited,2005-04-27,INE887G01027
GOKUL,Gokul Refoils and Solvent Limited,2008-06-04,INE020J01029
GOKULAGRO,Gokul Agro Resources Limited,2016-03-11,INE314T01033
GOLDIAM,Goldiam International Limited,2005-08-29,INE025B01025
GOODLUCK,Goodluck India Limited,2015-01-08,INE127I01024
GOODYEAR,Goodyear India Limited,2026-04-20,INE533A01012
GOPAL,Gopal Snacks Limited,2024-03-14,INE0L9R01028
GOYALALUM,Goyal Aluminiums Limited,2022-11-04,INE705X01026
GPIL,Godawari Power And Ispat limited,2006-04-25,INE177H01039
GPPL,Gujarat Pipavav Port Limited,2010-09-09,INE517F01014
GPTHEALTH,GPT Healthcare Limited,2024-02-29,INE486R01017
GPTINFRA,GPT Infraprojects Limited,2016-07-11,INE390G01014
GRANDOAK,Grand Oak Canyons Distillery Limited,2026-04-20,INE926B01016
GRANULES,Granules India Limited,2005-06-20,INE101D01020
GRAPHITE,Graphite India Limited,2003-02-07,INE371A01025
GRASIM,Grasim Industries Limited,1995-05-10,INE047A01021
GRAUWEIL,Grauer & Weil India Limited,2026-04-20,INE266D01021
GRAVITA,Gravita India Limited,2010-11-16,INE024L01027
GREAVESCOT,Greaves Cotton Limited,2004-09-09,INE224A01026
GREENLAM,Greenlam Industries Limited,2015-03-02,INE544R01021
GREENPANEL,Greenpanel Industries Limited,2019-10-23,INE08ZM01014
GREENPLY,Greenply Industries Limited,1996-03-06,INE461C01038
GREENPOWER,Orient Green Power Company Limited,2010-10-08,INE999K01014
GRINDWELL,Grindwell Norton Limited,2006-09-11,INE536A01023
GRINFRA,G R Infraprojects Limited,2021-07-19,INE201P01022
GRMOVER,GRM Overseas Limited,2022-09-07,INE192H01020
GROBTEA,The Grob Tea Company Limited,2016-07-14,INE646C01018
GROWW,Billionbrains Garage Ventures Limited,2025-11-12,INE0HOQ01053
GRPLTD,GRP Limited,2015-02-12,INE137I01015
GRSE,Garden Reach Shipbuilders & Engineers Limited,2018-10-10,INE382Z01011
GRWRHITECH,Garware Hi-Tech Films Limited,2022-02-03,INE291A01017
GSFC,Gujarat State Fertilizers & Chemicals Limited,1995-09-06,INE026A01025
GSLSU,Global Surfaces Limited,2023-03-23,INE0JSX01015
GSPCROP,GSP Crop Science Limited,2026-03-24,INE713R01022
GSS,GSS Infotech Limited,2008-03-07,INE871H01011
GTECJAINX,G-TEC JAINX EDUCATION LIMITED,2020-11-13,INE586X01012
GTL,GTL Limited,1995-03-29,INE043A01012
GTLINFRA,GTL Infrastructure Limited,2006-11-09,INE221H01019
GTPL,GTPL Hathway Limited,2017-07-04,INE869I01013
GUFICBIO,Gufic Biosciences Limited,2004-10-19,INE742B01025
GUJALKALI,Gujarat Alkalies and Chemicals Limited,1997-08-07,INE186A01019
GUJAPOLLO,Gujarat Apollo Industries Limited,2007-06-04,INE826C01016
GUJENERGY,GUJARAT ENERGY LIMITED,2015-09-15,INE844O01030
GUJRAFFIA,Gujarat Raffia Industries Limited,1996-10-09,INE610B01024
GUJTHEM,Gujarat Themis Biosyn Limited,2025-02-25,INE942C01045
GULFOILLUB,Gulf Oil Lubricants India Limited,2014-07-31,INE635Q01029
GULPOLY,Gulshan Polyols Limited,2015-01-28,INE255D01024
GVPIL,GE Power India Limited,2000-04-19,INE878A01011
GVT&D,GE Vernova T&D India Limited,2008-06-30,INE200A01026
GYFTR,Gyftr Limited,2026-07-10,INE724A01017
HAL,Hindustan Aeronautics Limited,2018-03-28,INE066F01020
HALDER,Halder Venture Limited,2026-01-19,INE115S01010
HALDYNGL,Haldyn Glass Limited,2026-04-20,INE506D01020
HALEOSLABS,HALEOS LABS LIMITED,2017-08-17,INE320X01016
HAMPTON,Hampton Sky Realty Limited,2026-08-17,INE299D01022
HAPPSTMNDS,Happiest Minds Technologies Limited,2020-09-17,INE419U01012
HAPPYFORGE,Happy Forgings Limited,2023-12-27,INE330T01021
HARDWYN,Hardwyn India Limited,2022-04-12,INE626Z01029
HARIOMPIPE,Hariom Pipe Industries Limited,2022-04-13,INE00EV01017
HARRMALAYA,Harrisons  Malayalam Limited,1995-02-08,INE544A01019
HARSHA,Harsha Engineers International Limited,2022-09-26,INE0JUS01029
HATHWAY,Hathway Cable & Datacom Limited,2010-02-25,INE982F01036
HATSUN,Hatsun Agro Product Limited,2014-06-20,INE473B01035
HAVELLS,Havells India Limited,2001-03-21,INE176B01034
HAVISHA,Sri Havisha Hospitality and Infrastructure Limited,2000-02-16,INE293B01029
HAWKINCOOK,Hawkins Cookers Limited,2026-04-20,INE979B01015
HAZOOR,Hazoor Multi Projects Limited,2026-08-17,INE550F01049
HBESD,HB Estate Developers Limited,2026-04-20,INE640B01021
HBLENGINE,HBL Engineering Limited,2007-01-04,INE292B01021
HBPOR,HB Portfolio Limited,2026-08-17,INE638B01025
HBSL,HB Stockholdings Limited,2018-07-23,INE550B01022
HCC,Hindustan Construction Company Limited,2003-04-01,INE549A01026
HCG,Healthcare Global Enterprises Limited,2016-03-30,INE075I01017
HCL-INSYS,HCL Infosystems Limited,1997-01-01,INE236A01020
HCLTECH,HCL Technologies Limited,2000-01-06,INE860A01027
HDBFS,HDB Financial Services Limited,2025-07-02,INE756I01012
HDFCAMC,HDFC Asset Management Company Limited,2018-08-06,INE127D01025
HDFCBANK,HDFC Bank Limited,1995-11-08,INE040A01034
HDFCLIFE,HDFC Life Insurance Company Limited,2017-11-17,INE795G01014
HEADSUP,Heads UP Ventures Limited,2016-12-14,INE759V01019
HEALTHX,Health X Platform Limited,2010-10-05,INE019J01013
HECPROJECT,HEC Infra Projects Limited,2021-12-30,INE558R01013
HEGAM,HEG Advanced Materials Limited,1995-05-10,INE545A01024
HEIDELBERG,HeidelbergCement India Limited,1995-03-15,INE578A01017
HEMIPROP,Hemisphere Properties India Limited,2020-10-22,INE0AJG01018
HERANBA,Heranba Industries Limited,2021-03-05,INE694N01015
HERITGFOOD,Heritage Foods Limited,1996-11-27,INE978A01027
HEROMOTOCO,Hero MotoCorp Limited,2003-04-11,INE158A01026
HEROMOTORS,Hero Motors Limited,2026-09-23,INE012G01022
HESTERBIO,Hester Biosciences Limited,2015-03-13,INE782E01017
HEXATRADEX,Hexa Tradex Limited,2012-04-20,INE750M01017
HEXT,Hexaware Technologies Limited,2025-02-19,INE093A01041
HGINFRA,H.G. Infra Engineering Limited,2018-03-09,INE926X01010
HGM,HandsOn Global Management (HGM) Limited,2006-09-27,INE596H01014
HGS,Hinduja Global Solutions Limited,2007-06-19,INE170I01016
HIKAL,Hikal Limited,2001-02-14,INE475B01022
HILINFRA,Highway Infrastructure Limited,2025-08-12,INE00RL01028
HILTON,Hilton Metal Forging Limited,2007-05-24,INE788H01017
HIMATSEIDE,Himatsingka Seide Limited,1995-02-08,INE049A01027
HINDADH,Hindustan Adhesives Limited,2026-08-17,INE074C01013
HINDALCO,Hindalco Industries Limited,1997-01-08,INE038A01020
HINDALUMI,Hind Aluminium Industries Limited,2026-08-17,INE227B01019
HINDCOMPOS,Hindustan Composites Limited,1996-05-08,INE310C01029
HINDCON,Hindcon Chemicals Limited,2021-07-05,INE642Y01029
HINDCOPPER,Hindustan Copper Limited,2010-09-15,INE531E01026
HINDOILEXP,Hindustan Oil Exploration Company Limited,2003-09-23,INE345A01011
HINDPETRO,Hindustan Petroleum Corporation Limited,1998-06-17,INE094A01015
HINDUNILVR,Hindustan Unilever Limited,1995-07-06,INE030A01027
HINDWAREAP,Hindware Home Innovation Limited,2019-12-26,INE05AN01011
HINDZINC,Hindustan Zinc Limited,2006-11-21,INE267A01025
HIRECT,Hirect Limited,2006-12-26,INE835D01023
HISARMETAL,Hisar Metal Industries Limited,2017-01-05,INE598C01011
HITECH,Hi-Tech Pipes Limited,2018-05-07,INE106T01025
HLEGLAS,HLE Glascoat Limited,2023-02-09,INE461D01028
HLVLTD,HLV LIMITED,1995-07-19,INE102A01024
HMAAGRO,HMA Agro Industries Limited,2023-07-04,INE0ECP01024
HNDFDS,Hindustan Foods Limited,2023-06-06,INE254N01026
HOMEFIRST,Home First Finance Company India Limited,2021-02-03,INE481N01025
HONASA,Honasa Consumer Limited,2023-11-07,INE0J5401028
HONAUT,Honeywell Automation India Limited,2003-07-18,INE671A01010
HONDAPOWER,Honda India Power Products Limited,2003-04-01,INE634A01018
HORIZONIND,Horizon Industrial Parks Limited,2026-08-24,INE685T01010
HPAL,HP Adhesives Limited,2021-12-27,INE0GSL01024
HPIL,Hindprakash Industries Limited,2022-11-07,INE05X901010
HPL,HPL Electric & Power Limited,2016-10-04,INE495S01016
HRYNSHP,Hariyana Ship Breakers Limited,2026-08-17,INE400G01011
HSCL,Himadri Speciality Chemical Limited,2007-03-02,INE019C01026
HTEL,Hy-Tech Engineers Limited,2026-09-01,INE0LEG01024
HTMEDIA,HT Media Limited,2005-09-01,INE501G01024
HUBTOWN,Hubtown Limited,2007-02-07,INE703H01016
HUDCO,Housing & Urban Development Corporation Limited,2017-05-19,INE031A01017
HUHTAMAKI,Huhtamaki India Limited,2004-10-01,INE275B01026
HYBRIDFIN,Hybrid Financial Services Limited,2022-12-05,INE965B01022
HYUNDAI,Hyundai Motor India Limited,2024-10-22,INE0V6F01027
IBULLSLTD,Indiabulls Limited,2011-08-18,INE126M01010
ICEMAKE,Ice Make Refrigeration Limited,2020-10-12,INE520Y01019
ICICIAMC,ICICI Prudential Asset Management Company Limited,2025-12-19,INE346A01027
ICICIBANK,ICICI Bank Limited,1997-09-17,INE090A01021
ICICIGI,ICICI Lombard General Insurance Company Limited,2017-09-27,INE765G01017
ICICIPRULI,ICICI Prudential Life Insurance Company Limited,2016-09-29,INE726G01019
ICIL,Indo Count Industries Limited,2005-09-12,INE483B01026
ICRA,ICRA Limited,2007-04-13,INE725G01011
IDBI,IDBI Bank Limited,1995-09-20,INE008A01015
IDEA,Vodafone Idea Limited,2007-03-09,INE669E01016
IDEAFORGE,Ideaforge Technology Limited,2023-07-07,INE349Y01013
IDFCFIRSTB,IDFC First Bank Limited,2015-11-06,INE092T01019
IEX,Indian Energy Exchange Limited,2017-10-23,INE022Q01020
IFBAGRO,IFB Agro Industries Limited,1996-04-03,INE076C01018
IFBIND,IFB Industries Limited,1995-03-29,INE559A01017
IFCI,IFCI Limited,1995-04-26,INE039A01010
IFGLEXPOR,IFGL Refractories Limited,2017-11-14,INE133Y01011
IGARASHI,Igarashi Motors India Limited,2003-10-09,INE188B01013
IGCL,Indogulf Cropsciences Limited,2025-07-03,INE05J901018
IGIL,International Gemological Institute Limited,2024-12-20,INE0Q9301021
IGL,Indraprastha Gas Limited,2003-12-26,INE203G01027
IGPL,IG Petrochemicals Limited,2007-01-29,INE204A01010
IIFL,IIFL Finance Limited,2005-05-17,INE530B01024
IIFLCAPS,IIFL Capital Services Limited,2019-09-20,INE489L01022
IITL,Industrial Investment Trust Limited,2010-08-17,INE886A01014
IKIO,IKIO Technologies Limited,2023-06-16,INE0LOJ01019
IKS,Inventurus Knowledge Solutions Limited,2024-12-19,INE115Q01022
IMAGICAA,Imagicaaworld Entertainment Limited,2015-04-06,INE172N01012
IMFA,Indian Metals & Ferro Alloys Limited,2010-07-23,INE919H01018
IMPAL,India Motor Parts and Accessories Limited,2005-10-07,INE547E01014
INA,Insolation Energy Limited,2026-03-09,INE0LGX01024
INCREDIBLE,INCREDIBLE INDUSTRIES LIMITED,2016-07-01,INE452L01012
INDBANK,Indbank Merchant Banking Services Limited,2008-10-08,INE841B01017
INDGN,Indegene Limited,2024-05-13,INE065X01017
INDHOTEL,The Indian Hotels Company Limited,1996-07-03,INE053A01029
INDIACEM,The India Cements Limited,2000-05-31,INE383A01012
INDIAGLYCO,India Glycols Limited,2005-07-01,INE560A01023
INDIAMART,Indiamart Intermesh Limited,2019-07-04,INE933S01016
INDIANB,Indian Bank,2007-03-01,INE562A01011
INDIANCARD,Indian Card Clothing Company Limited,1997-01-08,INE061A01014
INDIANHUME,Indian Hume Pipe Company Limited,1995-08-30,INE323C01030
INDIASHLTR,India Shelter Finance Corporation Limited,2023-12-20,INE922K01024
INDIGO,InterGlobe Aviation Limited,2015-11-10,INE646L01027
INDIGOPNTS,Indigo Paints Limited,2021-02-02,INE09VQ01012
INDIQUBE,Indiqube Spaces Limited,2025-07-30,INE06ST01018
INDNIPPON,India Nippon Electricals Limited,1997-05-07,INE092B01025
INDOAMIN,Indo Amines Limited,2022-04-29,INE760F01028
INDOBORAX,Indo Borax & Chemicals Limited,2022-03-29,INE803D01021
INDOCO,Indoco Remedies Limited,2005-01-14,INE873D01024
INDOFARM,Indo Farm Equipment Limited,2025-01-07,INE622H01018
INDOKEM,Indokem Limited,2026-08-17,INE716F01012
INDOMIM,INDO-MIM Limited,2026-07-30,INE084101034
INDORAMA,Indo Rama Synthetics (India) Limited,2003-06-20,INE156A01020
INDOSTAR,IndoStar Capital Finance Limited,2018-05-21,INE896L01010
INDOTECH,Indo Tech Transformers Limited,2006-03-16,INE332H01014
INDOTHAI,Indo Thai Securities Limited,2011-11-02,INE337M01021
INDOUS,Indo Us Biotech Limited,2024-09-27,INE250Z01010
INDOWIND,Indowind Energy Limited,2007-09-14,INE227G01018
INDPRUD,Industrial & Prudential Investment Company Limited,2026-04-20,INE620D01011
INDRAMEDCO,Indraprastha Medical Corporation Limited,1997-04-17,INE681B01017
INDSWFTLAB,Ind-Swift Laboratories Limited,1997-07-02,INE915B01019
INDTERRAIN,Indian Terrain Fashions Limited,2011-03-11,INE611L01021
INDUSINDBK,IndusInd Bank Limited,1998-01-28,INE095A01012
INDUSTOWER,Indus Towers Limited,2012-12-28,INE121J01017
INFOBEAN,InfoBeans Technologies Limited,2019-07-15,INE344S01016
INFOMEDIA,Infomedia Press Limited,2006-10-12,INE669A01022
INFY,Infosys Limited,1995-02-08,INE009A01021
INGERRAND,Ingersoll Rand (India) Limited,1999-04-15,INE177A01018
INNOVACAP,Innova Captab Limited,2023-12-29,INE0DUT01020
INNOVANA,Innovana Thinklabs Limited,2024-12-17,INE403Y01018
INNOVISION,Innovision Limited,2026-03-23,INE0ADB01012
INOXGREEN,Inox Green Energy Services Limited,2022-11-23,INE510W01014
INOXINDIA,INOX India Limited,2023-12-21,INE616N01034
INOXWIND,Inox Wind Limited,2015-04-09,INE066P01011
INSECTICID,Insecticides (India) Limited,2007-05-30,INE070I01018
INSPIRISYS,Inspirisys Solutions Limited,2006-10-30,INE020G01017
INTELLECT,Intellect Design Arena Limited,2014-12-18,INE306R01017
INTENTECH,Intense Technologies Limited,2017-03-23,INE781A01025
INTERARCH,Interarch Building Solutions Limited,2024-08-26,INE00M901018
INTLCONV,International Conveyors Limited,2021-09-16,INE575C01027
INVENTURE,Inventure Growth & Securities Limited,2011-08-04,INE878H01024
IOB,Indian Overseas Bank,2000-12-07,INE565A01014
IOC,Indian Oil Corporation Limited,1996-07-24,INE242A01010
IOLCP,IOL Chemicals and Pharmaceuticals Limited,2010-11-08,INE485C01029
IONEXCHANG,ION Exchange (India) Limited,2022-02-22,INE570A01022
IPCALAB,IPCA Laboratories Limited,1995-02-08,INE571A01038
IPL,India Pesticides Limited,2021-07-05,INE0D6701023
IPRINGLTD,IP Rings Limited,2026-08-17,INE558A01019
IRB,IRB Infrastructure Developers Limited,2008-02-25,INE821I01022
IRCON,Ircon International Limited,2018-09-28,INE962Y01021
IRCTC,Indian Railway Catering And Tourism Corporation Limited,2019-10-14,INE335Y01020
IREDA,Indian Renewable Energy Development Agency Limited,2023-11-29,INE202E01016
IRFC,Indian Railway Finance Corporation Limited,2021-01-29,INE053F01010
IRIS,IRIS RegTech Solutions Limited,2021-11-08,INE864K01010
IRISDOREME,Iris Clothings Limited,2021-02-22,INE01GN01025
IRMENERGY,IRM Energy Limited,2023-10-26,INE07U701015
ISGEC,Isgec Heavy Engineering Limited,2021-05-05,INE858B01029
ISHANCH,Ishan Dyes and Chemicals Limited,2025-03-24,INE561M01018
ISTLTD,I S T Limited,2026-08-17,INE684B01029
ITC,ITC Limited,1995-08-23,INE154A01025
ITCHOTELS,ITC Hotels Limited,2025-01-29,INE379A01028
ITDC,India Tourism Development Corporation Limited,2016-12-30,INE353K01014
ITI,ITI Limited,2003-09-15,INE248A01017
ITL,ITL Industries Limited,2026-08-17,INE478D01014
IVALUE,Ivalue Infosolutions Limited,2025-09-25,INE056801025
IVC,IL&FS Investment Managers Limited,1999-09-15,INE050B01023
IWP,The Indian Wood Products Company Limited,2026-04-20,INE586E01020
IXIGO,Le Travenues Technology Limited,2024-06-18,INE0HV901016
IZMO,IZMO Limited,2007-02-05,INE848A01014
J&KBANK,The Jammu & Kashmir Bank Limited,1998-07-22,INE168A01041
JAGRAN,Jagran Prakashan Limited,2006-02-22,INE199G01027
JAGSNPHARM,Jagsonpal Pharmaceuticals Limited,2000-03-01,INE048B01035
JAIBALAJI,Jai Balaji Industries Limited,2003-12-09,INE091G01026
JAICORPLTD,Jai Corp Limited,1997-11-26,INE070D01027
JAINREC,Jain Resource Recycling Limited,2025-10-01,INE0YD401026
JAIPURKURT,Nandani Creation Limited,2021-09-02,INE696V01013
JAMNAAUTO,Jamna Auto Industries Limited,2010-12-10,INE039C01032
JARO,Jaro Institute of Technology Management and Research Limited,2025-09-30,INE00YJ01010
JASH,Jash Engineering Limited,2019-10-30,INE039O01029
JAYAGROGN,Jayant Agro Organics Limited,1996-04-17,INE785A01026
JAYBARMARU,Jay Bharat Maruti Limited,1996-01-03,INE571B01036
JAYKAY,Jaykay Enterprises Limited,2025-12-03,INE903A01025
JAYNECOIND,Jayaswal Neco Industries Limited,1995-05-10,INE854B01010
JAYSREETEA,Jayshree Tea & Industries Limited,1995-02-15,INE364A01020
JBMA,JBM Auto Limited,2004-12-17,INE927D01051
JENBURPH,Jenburkt Pharmaceuticals Limited,2026-08-17,INE354A01013
JETFREIGHT,Jet Freight Logistics Limited,2021-12-21,INE982V01025
JGCHEM,J.G.Chemicals Limited,2024-03-13,INE0MB501011
JHS,JHS Svendgaard Laboratories Limited,2006-10-21,INE544H01014
JINDALPHOT,Jindal Photo Limited,2005-04-07,INE796G01012
JINDALPOLY,Jindal Poly Films Limited,2002-01-21,INE197D01010
JINDALSAW,Jindal Saw Limited,2003-04-29,INE324A01032
JINDALSTEL,JINDAL STEEL LIMITED,1999-12-29,INE749A01030
JINDRILL,Jindal Drilling And Industries Limited,2006-12-22,INE742C01031
JINDWORLD,Jindal Worldwide Limited,2010-11-25,INE247D01039
JIOFIN,Jio Financial Services Limited,2023-08-21,INE758E01017
JISLDVREQS,Jain Irrigation Systems Limited,2011-11-30,IN9175A01010
JISLJALEQS,Jain Irrigation Systems Limited,2001-08-13,INE175A01038
JITFINFRA,JITF Infralogistics Limited,2017-02-27,INE863T01013
JKCEMENT,JK Cement Limited,2006-03-14,INE823G01014
JKIL,J.Kumar Infraprojects Limited,2008-02-12,INE576I01022
JKIPL,Jinkushal Industries Limited,2025-10-03,INE1FF001016
JKLAKSHMI,JK Lakshmi Cement Limited,2006-06-19,INE786A01032
JKPAPER,JK Paper Limited,2005-06-16,INE789E01012
JKTYRE,JK Tyre & Industries Limited,2007-03-19,INE573A01042
JLHL,Jupiter Life Line Hospitals Limited,2023-09-18,INE682M01020
JMA,Jullundur Motor Agency (Delhi) Limited,2015-03-16,INE412C01023
JMFINANCIL,JM Financial Limited,2006-10-10,INE780C01023
JNKINDIA,JNK India Limited,2024-04-30,INE0OAF01028
JNPR,Juniper Green Energy Limited,2026-08-06,INE05C901015
JOCIL,Jocil Limited,2008-10-08,INE839G01010
JPOLYINVST,Jindal Poly Investment and Finance Company Limited,2013-11-11,INE147P01019
JPPOWER,Jaiprakash Power Ventures Limited,2005-04-18,INE351F01018
JSFB,Jana Small Finance Bank Limited,2024-02-14,INE953L01027
JSL,Jindal Stainless Limited,2003-11-17,INE220G01021
JSLL,Jeena Sikho Lifecare Limited,2025-08-11,INE0J5801029
JSWCEMENT,JSW Cement Limited,2025-08-14,INE718I01012
JSWDULUX,JSW Dulux Limited,2001-06-28,INE133A01011
JSWENERGY,JSW Energy Limited,2010-01-04,INE121E01018
JSWHL,JSW Holdings Limited,2005-06-21,INE824G01012
JSWINFRA,JSW Infrastructure Limited,2023-10-03,INE880J01026
JSWSTEEL,JSW Steel Limited,2005-03-23,INE019A01038
JTEKTINDIA,Jtekt India Limited,2004-01-12,INE643A01035
JTLIND,JTL INDUSTRIES LIMITED,2023-06-12,INE391J01032
JUBLCPL,Jubilant Agri and Consumer Products Limited,2025-02-14,INE03CC01015
JUBLFOOD,Jubilant Foodworks Limited,2010-02-08,INE797F01020
JUBLINGREA,Jubilant Ingrevia Limited,2021-03-19,INE0BY001018
JUBLPHARMA,Jubilant Pharmova Limited,2003-06-16,INE700A01033
JUNIPER,Juniper Hotels Limited,2024-02-28,INE696F01016
JUSTDIAL,Just Dial Limited,2013-06-05,INE599M01018
JWL,Jupiter Wagons Limited,2010-10-18,INE209L01016
JYOTHYLAB,Jyothy Labs Limited,2007-12-19,INE668F01031
JYOTICNC,Jyoti CNC Automation Limited,2024-01-16,INE980O01024
JYOTIRES,Jyoti Resins & Adhesives Limited,2026-08-17,INE577D01013
JYOTISTRUC,Jyoti Structures Limited,1995-07-19,INE197A01024
KABRAEXTRU,Kabra Extrusion Technik Limited,1995-09-06,INE900B01029
KAJARIACER,Kajaria Ceramics Limited,2004-06-01,INE217B01036
KAKATCEM,Kakatiya Cement Sugar & Industries Limited,1995-12-13,INE437B01014
KALAMANDIR,Sai Silks (Kalamandir) Limited,2023-09-27,INE438K01021
KALPATARU,Kalpataru Limited,2025-07-01,INE227J01012
KALYANKJIL,Kalyan Jewellers India Limited,2021-03-26,INE303R01014
KAMAHOLD,Kama Holdings Limited,2026-04-20,INE411F01010
KAMANWALA,Kamanwala Housing Construction Limited,2026-08-17,INE344D01018
KAMATHOTEL,Kamat Hotels (I) Limited,1996-05-29,INE967C01018
KAMDHENU,Kamdhenu Limited,2006-05-09,INE390H01020
KAMOPAINTS,Kamdhenu Ventures Limited,2023-01-24,INE0BTI01037
KANANIIND,Kanani Industries Limited,2011-12-14,INE879E01037
KANCHI,Kanchi Karpooram Limited,2026-04-20,INE081G01019
KANCOTEA,Kanco Tea & Industries Limited,2026-08-17,INE398L01017
KANOHAR,Kanohar Electricals Limited,2026-09-16,INE877D01025
KANPRPLA,Kanpur Plastipack Limited,2021-01-01,INE694E01014
KANSAINER,Kansai Nerolac Paints Limited,2003-09-15,INE531A01024
KAPSTON,Kapston Services Limited,2020-05-27,INE542Z01028
KARAMTARA,Karamtara Engineering Limited,2026-09-17,INE590T01012
KARMAENG,Karma Energy Limited,2011-06-28,INE725L01011
KARURVYSYA,Karur Vysya Bank Limited,2000-07-26,INE036D01028
KAYNES,Kaynes Technology India Limited,2022-11-22,INE918Z01012
KCP,KCP Limited,1997-04-09,INE805C01028
KDDL,KDDL Limited,2016-03-23,INE291D01011
KDGREEN,KD Green Industries Limited,2026-08-17,INE348N01042
KEC,KEC International Limited,2006-03-10,INE389H01022
KECL,Kirloskar Electric Company Limited,2010-03-09,INE134B01017
KEEPLEARN,DSJ Keep Learning Limited,1995-03-01,INE055C01020
KEI,KEI Industries Limited,2006-03-23,INE878B01027
KELLTONTEC,Kellton Tech Solutions Limited,2016-03-02,INE164B01030
KENNAMET,Kennametal India Limited,2026-04-20,INE717A01029
KERNEX,Kernex Microsystems (India) Limited,2005-12-20,INE202H01019
KESORAMIND,Kesoram Industries Limited,1995-09-06,INE087A01019
KEYFINSERV,Keynote Financial Services Limited,1996-06-26,INE681C01015
KFINTECH,Kfin Technologies Limited,2022-12-29,INE138Y01010
KHAICHEM,Khaitan Chemicals & Fertilizers Limited,2020-10-30,INE745B01028
KHAITANLTD,Khaitan (India) Limited,1995-12-20,INE731C01018
KHANDSE,Khandwala Securities Limited,2001-02-07,INE060B01014
KICL,Kalyani Investment Company Limited,2011-01-14,INE029L01018
KIMS,Krishna Institute of Medical Sciences Limited,2021-06-28,INE967H01025
KINGFA,Kingfa Science & Technology (India) Limited,2016-11-15,INE473D01015
KIOCL,KIOCL Limited,2016-11-29,INE880L01014
KIRANVYPAR,Kiran Vyapar Limited,2026-04-20,INE555P01013
KIRIINDUS,Kiri Industries Limited,2008-04-22,INE415I01015
KIRLFER,Kirloskar Ferrous Industries Limited,2026-04-20,INE884B01025
KIRLOSBROS,Kirloskar Brothers Limited,2010-04-20,INE732A01036
KIRLOSENG,Kirloskar Oil Engines Limited,2010-12-24,INE146L01010
KIRLOSIND,Kirloskar Industries Limited,2010-06-24,INE250A01039
KIRLPNU,Kirloskar Pneumatic Company Limited,2023-04-26,INE811A01038
KISSHT,OnEMI Technology Solutions Limited,2026-05-08,INE12F801023
KITEX,Kitex Garments Limited,2012-09-25,INE602G01020
KJMCFIN,KJMC Financial Services Limited,2026-08-17,INE533C01018
KKCL,Kewal Kiran Clothing Limited,2006-04-13,INE401H01017
KLBRENG-B,Kilburn Engineering Limited,2026-04-20,INE338F01015
KMCSHIL,K M C Speciality Hospitals (India) Limited,2026-08-17,INE879K01018
KMEW,Knowledge Marine & Engineering Works Limited,2024-11-14,INE0CJD01029
KMSUGAR,K.M.Sugar Mills Limited,2007-05-31,INE157H01023
KNACK,Knack Packaging Limited,2026-07-08,INE17QZ01016
KNAGRI,KN Agri Resources Limited,2025-12-09,INE0KNW01016
KNRCON,KNR Constructions Limited,2008-02-18,INE634I01029
KOHINOOR,Kohinoor Foods Limited,1999-10-20,INE080B01012
KOKUYOCMLN,Kokuyo Camlin Limited,2008-07-28,INE760A01029
KOLTEPATIL,Kolte - Patil Developers Limited,2007-12-13,INE094I01018
KOPRAN,Kopran Limited,1999-06-09,INE082A01010
KOTAKBANK,Kotak Mahindra Bank Limited,1995-12-20,INE237A01036
KOTHARIPET,Kothari Petrochemicals Limited,1996-11-02,INE720A01015
KOTHARIPRO,Kothari Products Limited,1998-06-03,INE823A01017
KOTIC,Kothari Industrial Corporation Limited,2026-04-20,INE972A01020
KOTYARK,Kotyark Industries Limited,2026-03-12,INE0J0B01017
KOVAI,Kovai Medical Center & Hospital Limited,2026-04-20,INE177F01017
KPEL,K.P. Energy Limited,2024-11-14,INE127T01021
KPIGREEN,KPI Green Energy Limited,2021-07-27,INE542W01025
KPIL,Kalpataru Projects International Limited,2000-12-15,INE220B01022
KPITTECH,KPIT Technologies Limited,2019-04-22,INE04I401011
KPL,Kwality Pharmaceuticals Limited,2026-04-20,INE552U01010
KPRMILL,K.P.R. Mill Limited,2007-08-28,INE930H01031
KRBL,KRBL Limited,2002-01-21,INE001B01026
KREBSBIO,Krebs Biochemicals and Industries Limited,1996-01-03,INE268B01013
KRIDHANINF,Kridhan Infra Limited,2015-12-11,INE524L01026
KRISHANA,Krishana Phoschem Limited,2019-08-22,INE506W01020
KRISHIVAL,Krishival Foods Limited,2025-06-20,INE0GGO01015
KRISHNADEF,Krishna Defence And Allied Industries Limited,2025-12-30,INE0J5601015
KRITI,Kriti Industries (India) Limited,2021-11-01,INE479D01038
KRITIKA,Kritika Wires Limited,2022-05-04,INE00Z501029
KRITINUT,Kriti Nutrients Limited,2022-10-07,INE798K01010
KRN,KRN Heat Exchanger and Refrigeration Limited,2024-10-03,INE0Q3J01015
KROSS,Kross Limited,2024-09-16,INE0O6601022
KRSNAA,Krsnaa Diagnostics Limited,2021-08-16,INE08LI01020
KRYSTAL,Krystal Integrated Services Limited,2024-03-21,INE0QN801017
KSB,Ksb Limited,1995-02-08,INE999A01023
KSCL,Kaveri Seed Company Limited,2007-10-04,INE455I01029
KSE,KSE Limited,2026-08-17,INE953E01022
KSHINTL,KSH International Limited,2025-12-23,INE987S01020
KSL,Kalyani Steels Limited,2010-05-19,INE907A01026
KSOLVES,Ksolves India Limited,2022-09-23,INE0D6I01023
KTKBANK,The Karnataka Bank Limited,2000-05-10,INE614B01018
KUANTUM,Kuantum Papers Limited,2019-10-23,INE529I01021
KUSUMGAR,Kusumgar Limited,2026-07-15,INE0ISX01025
KWIL,Kwality Wall's (India) Limited,2026-02-16,INE2KCE01013
LAGNAM,Lagnam Spintex Limited,2021-09-30,INE548Z01017
LAHOTIOV,Lahoti Overseas Limited,2026-04-20,INE515C01023
LAKSHMIMIL,Lakshmi Mills Company Limited,2026-08-17,INE938C01019
LAL,Lorenzini Apparels Limited,2023-04-10,INE740X01023
LALITHAA,Lalithaa Jewellery Mart Limited,2026-08-24,INE0K9O01026
LALPATHLAB,Dr. Lal Path Labs Ltd.,2015-12-23,INE600L01024
LAMBODHARA,Lambodhara Textiles Limited,2015-02-04,INE112F01022
LANCER,Lancer Container Lines Limited,2026-08-17,INE359U01028
LANDMARK,Landmark Cars Limited,2022-12-23,INE559R01029
LANDSMILL,Landsmill Green Limited,2009-08-03,INE688J01023
LAOPALA,La Opala RG Limited,2007-03-16,INE059D01020
LASERPOWER,Laser Power & Infra Limited,2026-07-16,INE17IR01028
LATENTVIEW,Latent View Analytics Limited,2021-11-23,INE0I7C01011
LATTEYS,Latteys Industries Limited,2023-05-23,INE262Z01023
LAURUSLABS,Laurus Labs Limited,2016-12-19,INE947Q01028
LAXMICOT,Laxmi Cotspin Limited,2021-11-12,INE801V01019
LAXMIDENTL,Laxmi Dental Limited,2025-01-20,INE0WO601020
LAXMIINDIA,Laxmi India Finance Limited,2025-08-05,INE06WU01026
LCCINFOTEC,LCC Infotech Limited,2000-03-02,INE938A01021
LCCPROJECT,LCC Projects Limited,2026-09-17,INE1FPN01026
LCL,Lohia Corp Limited,2026-07-30,INE0QJW01029
LEAPIND,LEAP India Limited,2026-08-14,INE00GO01025
LEMERITE,Le Merite Exports Limited,2025-12-12,INE0G1L01025
LEMONTREE,Lemon Tree Hotels Limited,2018-04-09,INE970X01018
LENSKART,Lenskart Solutions Limited,2025-11-10,INE956O01016
LEXUS,Lexus Granito (India) Limited,2023-03-13,INE500X01013
LFIC,Lakshmi Finance & Industrial Corporation Limited,2015-04-15,INE850E01012
LGBBROSLTD,LG Balakrishnan & Bros Limited,2010-03-30,INE337A01034
LGEINDIA,LG Electronics India Limited,2025-10-14,INE324D01010
LGHL,Laxmi Goldorna House Limited,2023-11-10,INE258Y01016
LIBAS,Libas Consumer Products Limited,2019-07-23,INE908V01012
LIBERTSHOE,Liberty Shoes Limited,1995-09-27,INE557B01019
LICHSGFIN,LIC Housing Finance Limited,1998-07-29,INE115A01026
LICI,Life Insurance Corporation Of India,2022-05-17,INE0J1Y01017
LIKHITHA,Likhitha Infrastructure Limited,2020-10-15,INE060901027
LINC,Linc Limited,2015-03-09,INE802B01027
LINCOLN,Lincoln Pharmaceuticals Limited,2015-12-17,INE405C01035
LINDEINDIA,Linde India Limited,1999-06-16,INE473A01011
LKPSEC,LKP Securities Limited,2026-08-17,INE341H01023
LLOYDSENGG,LLOYDS ENGINEERING WORKS LIMITED,2016-07-18,INE093R01011
LLOYDSENT,Lloyds Enterprises Limited,2024-10-17,INE080I01025
LLOYDSME,Lloyds Metals And Energy Limited,2023-07-17,INE281B01032
LMW,LMW Limited,1995-03-29,INE269B01029
LODHA,Lodha Developers Limited,2021-04-19,INE670K01029
LOKESHMACH,Lokesh Machines Limited,2006-05-05,INE397H01017
LORDSCHLO,Lords Chloro Alkali Limited,2023-08-28,INE846D01012
LOTUSCHO,Lotus Chocolate Company Limited,2026-08-17,INE026D01011
LOTUSEYE,Lotus Eye Hospital and Institute Limited,2008-07-11,INE947I01017
LOVABLE,Lovable Lingerie Limited,2011-03-24,INE597L01014
LOYALTEX,Loyal Textile Mills Limited,2022-08-11,INE970D01010
LPDC,Landmark Property Development Company Limited,2008-08-12,INE197J01017
LT,Larsen & Toubro Limited,2004-06-23,INE018A01030
LTF,L&T Finance Limited,2011-08-12,INE498L01015
LTFOODS,LT Foods Limited,2006-12-18,INE818H01020
LTM,LTM Limited,2016-07-21,INE214T01019
LTTS,L&T Technology Services Limited,2016-09-23,INE010V01017
LUMAXIND,Lumax Industries Limited,1995-09-06,INE162B01018
LUMAXTECH,Lumax Auto Technologies Limited,2007-01-16,INE872H01027
LUMINO,Lumino Industries Limited,2026-09-03,INE185Q01025
LUPIN,Lupin Limited,2001-09-10,INE326A01037
LUXIND,Lux Industries Limited,2015-11-30,INE150G01020
LXCHEM,Laxmi Organic Industries Limited,2021-03-25,INE576O01020
M&M,Mahindra & Mahindra Limited,1996-01-03,INE101A01026
M&MFIN,Mahindra & Mahindra Financial Services Limited,2006-03-17,INE774D01024
MAANALU,Maan Aluminium Limited,2007-10-22,INE215I01027
MACPOWER,Macpower CNC Machines Limited,2020-08-19,INE155Z01011
MADHAV,Madhav Marbles and Granites Limited,2007-12-20,INE925C01016
MADHAVIPL,Madhav Infra Projects Limited,2026-04-20,INE631R01026
MADHUCON,Madhucon Projects Limited,2006-10-05,INE378D01032
MADRASFERT,Madras Fertilizers Limited,1997-07-25,INE414A01015
MAFATIND,Mafatlal Industries Limited,2026-04-20,INE270B01035
MAGADSUGAR,Magadh Sugar & Energy Limited,2017-07-28,INE347W01011
MAGNUM,Magnum Ventures Limited,2007-09-20,INE387I01016
MAHABANK,Bank of Maharashtra,2004-04-12,INE457A01014
MAHAPEXLTD,Maha Rashtra Apex Corporation Limited,1998-01-21,INE843B01013
MAHEPC,Mahindra EPC Irrigation Limited,2020-02-14,INE215D01010
MAHESHWARI,Maheshwari Logistics Limited,2019-04-15,INE263W01010
MAHLIFE,Mahindra Lifespace Developers Limited,2000-05-10,INE813A01018
MAHLOG,Mahindra Logistics Limited,2017-11-10,INE766P01016
MAHSCOOTER,Maharashtra Scooters Limited,1995-02-08,INE288A01013
MAHSEAMLES,Maharashtra Seamless Limited,2004-08-25,INE271B01025
MAITHANALL,Maithan Alloys Limited,2011-07-05,INE683C01011
MAKERSL,Makers Laboratories Limited,2026-08-17,INE987A01010
MALLCOM,Mallcom (India) Limited,2022-02-02,INE389C01015
MALUPAPER,Malu Paper Mills Limited,2006-04-05,INE383H01017
MAMATA,Mamata Machinery Limited,2024-12-27,INE0TO701015
MANAKALUCO,Manaksia Aluminium Company Limited,2015-03-30,INE859Q01017
MANAKCOAT,Manaksia Coated Metals & Industries Limited,2015-03-30,INE830Q01018
MANAKSIA,Manaksia Limited,2008-01-08,INE015D01022
MANALIPETC,Manali Petrochemicals Limited,2006-12-06,INE201A01024
MANAPPURAM,Manappuram Finance Limited,2014-12-01,INE522D01027
MANBA,Manba Finance Limited,2024-09-30,INE939X01013
MANCREDIT,Mangal Credit and Fincorp Limited,2024-08-16,INE545L01039
MANGALAM,Mangalam Drugs And Organics Limited,2005-05-23,INE584F01014
MANGLMCEM,Mangalam Cement Limited,1996-01-03,INE347A01017
MANINDS,Man Industries (India) Limited,2005-06-24,INE993A01026
MANINFRA,Man Infraconstruction Limited,2010-03-11,INE949H01023
MANIPALHOS,Manipal Health Enterprises Limited,2026-08-05,INE459N01021
MANKIND,Mankind Pharma Limited,2023-05-09,INE634S01028
MANOMAY,Manomay Tex India Limited,2023-01-18,INE784W01015
MANORAMA,Manorama Industries Limited,2022-07-01,INE00VM01036
MANORG,Mangalam Organics Limited,2021-11-02,INE370D01013
MANYAVAR,Vedant Fashions Limited,2022-02-16,INE825V01034
MAPMYINDIA,C.E. Info Systems Limited,2021-12-21,INE0BV301023
MARALOVER,Maral Overseas Limited,1995-02-08,INE882A01013
MARATHON,Marathon Nextgen Realty Limited,2016-09-29,INE182D01020
MARICO,Marico Limited,1996-05-01,INE196A01026
MARINE,Marine Electricals (India) Limited,2020-12-02,INE01JE01028
MARKOLINES,Markolines Pavement Technologies Limited,2025-10-14,INE0FW001016
MARKSANS,Marksans Pharma Limited,2002-01-21,INE750C01026
MARSONS,Marsons Limited,2026-03-13,INE415B01044
MARUTI,Maruti Suzuki India Limited,2003-07-09,INE585B01010
MASFIN,MAS Financial Services Limited,2017-10-18,INE348L01012
MASKINVEST,Mask Investments Limited,2016-10-14,INE885F01015
MASTEK,Mastek Limited,1995-05-10,INE759A01021
MASTERTR,Master Trust Limited,2024-11-12,INE677D01037
MATRIMONY,Matrimony.Com Limited,2017-09-21,INE866R01028
MAWANASUG,Mawana Sugars Limited,2009-03-20,INE636A01039
MAXESTATES,Max Estates Limited,2023-10-30,INE03EI01018
MAXHEALTH,Max Healthcare Institute Limited,2020-08-21,INE027H01010
MAXIND,Max India Limited,2020-08-28,INE0CG601016
MAYURUNIQ,Mayur Uniquoters Ltd,2012-09-25,INE040D01038
MAZDOCK,Mazagon Dock Shipbuilders Limited,2020-10-12,INE249Z01020
MBAPL,Madhya Bharat Agro Products Limited,2019-08-22,INE900L01028
MBEL,M & B Engineering Limited,2025-08-06,INE08N601015
MBLINFRA,MBL Infrastructure Limited,2010-01-11,INE912H01013
MCCHRLS-B,Mac Charles India Limited,2026-04-20,INE435D01014
MCL,M TEK COPPER LIMITED,2020-08-19,INE813V01022
MCLEODRUSS,Mcleod Russel India Limited,2005-07-29,INE942G01012
MCLOUD,Magellanic Cloud Limited,2025-02-07,INE613C01026
MCX,Multi Commodity Exchange of India Limited,2012-03-09,INE745G01043
MEDANTA,Global Health Limited,2022-11-16,INE474Q01031
MEDIASSIST,Medi Assist Healthcare Services Limited,2024-01-23,INE456Z01021
MEDICO,Medico Remedies Limited,2022-05-26,INE630Y01024
MEDPLUS,Medplus Health Services Limited,2021-12-23,INE804L01022
MEESHO,Meesho Limited,2025-12-10,INE0VDM01015
MEGASTAR,Megastar Foods Limited,2022-02-16,INE00EM01016
MEIL,Mangal Electrical Industries Limited,2025-08-28,INE0PKD01011
MENONBE,Menon Bearings Limited,2015-03-09,INE071D01033
MERCANTILE,Mercantile Ventures Limited,2026-04-20,INE689O01013
MERCURYEV,Mercury Ev-Tech Limited,2026-06-02,INE763M01028
METROBRAND,Metro Brands Limited,2021-12-22,INE317I01021
METROGLOBL,Metroglobal Limited,2026-04-20,INE085D01033
METROPOLIS,Metropolis Healthcare Limited,2019-04-15,INE112L01020
MFML,Mahalaxmi Fabric Mills Limited,2024-08-27,INE0US801024
MFSL,Max Financial Services Limited,2000-05-17,INE180A01020
MGEL,Mangalam Global Enterprise Limited,2020-12-23,INE0APB01032
MGL,Mahanagar Gas Limited,2016-07-01,INE002S01010
MHRIL,Mahindra Holidays & Resorts India Limited,2009-07-16,INE998I01010
MIDHANI,Mishra Dhatu Nigam Limited,2018-04-04,INE099Z01011
MIDWESTLTD,Midwest Limited,2025-10-24,INE0XAD01024
MIIL,Meghna Infracon Infrastructure Limited,2026-08-17,INE898Q01015
MINDACORP,Minda Corporation Limited,2014-10-16,INE842C01021
MINDTECK,Mindteck (India) Limited,2016-08-02,INE110B01017
MIRZAINT,Mirza International Limited,1999-04-28,INE771A01026
MITCON,MITCON Consultancy & Engineering Services Limited,2022-03-17,INE828O01033
MITTAL,Mittal Life Style Limited,2020-04-29,INE997Y01027
MKEXIM,M.K. Exim (India) Limited,2026-08-17,INE227F01010
MKPL,M K Proteins Limited,2023-06-13,INE964W01021
MLKFOOD,Milkfood Limited,2026-08-17,INE588G01021
MMFL,MM Forgings Limited,2006-12-20,INE227C01017
MMP,MMP Industries Limited,2020-01-09,INE511Y01018
MMTC,MMTC Limited,2012-04-09,INE123F01029
MMWL,Media Matrix Worldwide Limited,2026-04-20,INE200D01020
MOBIKWIK,One Mobikwik Systems Limited,2024-12-18,INE0HLU01028
MODINATUR,Modi Naturals Limited,2025-12-11,INE537F01012
MODIRUBBER,Modi Rubber Limited,1996-02-07,INE832A01018
MODIS,Modis Navnirman Limited,2025-11-14,INE0L0L01012
MODTHREAD,Modern Threads (India) Limited,1995-11-22,INE794W01014
MOHITE,Mohite Industries Limited,2026-08-17,INE154B01023
MOHITIND,Mohit Industries Limited,2013-03-14,INE954E01012
MOIL,MOIL Limited,2010-12-15,INE490G01020
MOKSH,Moksh Ornaments Limited,2021-05-21,INE514Y01020
MOL,Meghmani Organics Limited,2021-08-18,INE0CT101020
MOLBIO,Molbio Diagnostics Limited,2026-08-17,INE869T01028
MOLDTKPAC,Mold-Tek Packaging Limited,2015-02-23,INE893J01029
MOMSBELIEF,Rays of Belief Limited,2026-09-08,INE1FCO01014
MONARCH,Monarch Networth Capital Limited,2022-01-06,INE903D01011
MONEYBOXX,Moneyboxx Finance Limited,2025-10-15,INE296Q01012
MONTECARLO,Monte Carlo Fashions Limited,2014-12-19,INE950M01013
MOREPENLAB,Morepen Laboratories Limited,1999-11-24,INE083A01026
MOSCHIP,Moschip Technologies Limited,2025-02-05,INE935B01025
MOTHERSON,Samvardhana Motherson International Limited,1996-08-14,INE775A01035
MOTILALOFS,Motilal Oswal Financial Services Limited,2007-09-11,INE338I01027
MOTISONS,Motisons Jewellers Limited,2023-12-26,INE0FRK01020
MOTOGENFIN,The Motor & General Finance Limited,1995-02-08,INE861B01023
MPHASIS,MphasiS Limited,2004-06-04,INE356A01018
MPIMANIPAL,Manipal Payment and Identity Solutions Limited,2026-09-17,INE241U01028
MPSLTD,MPS Limited,2002-01-21,INE943D01017
MRF,MRF Limited,1996-09-18,INE883A01011
MRPL,Mangalore Refinery and Petrochemicals Limited,2005-01-07,INE103A01014
MSL,Mangalam Seeds Limited,2026-08-17,INE829S01016
MSPL,MSP Steel & Power Limited,2005-07-18,INE752G01015
MSTCLTD,Mstc Limited,2019-03-29,INE255X01014
MSUMI,Motherson Sumi Wiring India Limited,2022-03-28,INE0FS801015
MTNL,Mahanagar Telephone Nigam Limited,1999-02-17,INE153A01019
MUFIN,Mufin Green Finance Limited,2023-11-06,INE08KJ01020
MUFTI,Credo Brands Marketing Limited,2023-12-27,INE220Q01020
MUKANDLTD,Mukand Limited,2004-02-23,INE304A01026
MUKESHB,Mukesh Babu Financial Services Limited,2026-08-17,INE596B01017
MUKTAARTS,Mukta Arts Limited,2000-09-12,INE374B01019
MUNJALAU,Munjal Auto Industries Limited,2006-07-19,INE672B01032
MUNJALSHOW,Munjal Showa Limited,2003-05-12,INE577A01027
MURUDCERA,Murudeshwar Ceramics Limited,2004-05-28,INE692B01014
MUTHOOTCAP,Muthoot Capital Services Limited,2015-08-24,INE296G01013
MUTHOOTFIN,Muthoot Finance Limited,2011-05-06,INE414G01012
MUTHOOTMF,Muthoot Microfin Limited,2023-12-26,INE046W01019
MVELECTRO,MV Electrosystems Limited,2026-08-06,INE0OWZ01020
MVGJL,Manoj Vaibhav Gems N Jewellers Limited,2023-10-03,INE0KNT01012
MWL,Mangalam Worldwide Limited,2025-09-18,INE0JYY01029
NACLIND,NACL Industries Limited,2017-04-07,INE295D01020
NAGREEKCAP,Nagreeka Capital & Infrastructure Limited,2007-09-18,INE245I01016
NAGREEKEXP,Nagreeka Exports Limited,2007-06-18,INE123B01028
NAHARCAP,Nahar Capital and Financial Services Limited,2008-03-11,INE049I01012
NAHARINDUS,Nahar Industrial Enterprises Limited,2005-12-15,INE289A01011
NAHARPOLY,Nahar Poly Films Limited,2007-03-23,INE308A01027
NAHARSPING,Nahar Spinning Mills Limited,2007-03-23,INE290A01027
NAM-INDIA,Nippon Life India Asset Management Limited,2017-11-06,INE298J01013
NARMADA,Narmada Agrobase Limited,2022-10-27,INE117Z01029
NATCOPHARM,Natco Pharma Limited,1995-12-27,INE987B01026
NATHBIOGEN,Nath Bio-Genes (India) Limited,2014-01-28,INE448G01010
NATIONALUM,National Aluminium Company Limited,1999-04-28,INE139A01034
NATIONSTD,National Standard (India) Limited,2026-04-20,INE166R01015
NAUKRI,Info Edge (India) Limited,2006-11-21,INE663F01032
NAVA,NAVA LIMITED,1996-04-03,INE725A01030
NAVINFLUOR,Navin Fluorine International Limited,2007-06-01,INE048G01026
NAVKARCORP,Navkar Corporation Limited,2015-09-09,INE278M01019
NAVKARURB,Navkar Urbanstructure Limited,2025-01-17,INE268H01044
NAVNETEDUL,Navneet Education Limited,1995-02-08,INE060A01024
NAZARA,Nazara Technologies Limited,2021-03-30,INE418L01047
NBCC,NBCC (India) Limited,2012-04-12,INE095N01031
NBIFIN,N. B. I. Industrial Finance Company Limited,2016-11-23,INE365I01020
NCC,NCC Limited,2003-10-14,INE868B01028
NCLIND,NCL Industries Limited,2007-04-03,INE732C01016
NDGL,Naga Dhunseri Group Limited,2016-08-29,INE756C01015
NDL,Nandan Denim Limited,2012-03-23,INE875G01048
NDLVENTURE,NDL Ventures Limited,2007-04-24,INE353A01023
NDRAUTO,Ndr Auto Components Limited,2020-07-30,INE07OG01012
NDTV,New Delhi Television Limited,2004-05-19,INE155G01029
NEAGI,Neelamalai Agro Industries Limited,2026-04-20,INE605D01012
NECLIFE,Nectar Lifesciences Limited,2005-07-18,INE023H01027
NELCAST,Nelcast Limited,2007-06-27,INE189I01024
NELCO,NELCO Limited,2003-05-28,INE045B01015
NEOGEN,Neogen Chemicals Limited,2019-05-08,INE136S01016
NEPHROPLUS,Nephrocare Health Services Limited,2025-12-17,INE428V01029
NESCO,Nesco Limited,2008-04-08,INE317F01035
NESTLEIND,Nestle India Limited,2023-08-01,INE239A01024
NETWEB,Netweb Technologies India Limited,2023-07-27,INE0NT901020
NETWORK18,Network18 Media & Investments Limited,2007-02-02,INE870H01013
NEULANDLAB,Neuland Laboratories Limited,2008-10-13,INE794A01010
NEWGEN,Newgen Software Technologies Limited,2018-01-29,INE619B01017
NEXTMEDIA,Next Mediaworks Limited,2001-04-04,INE747B01016
NFL,National Fertilizers Limited,2006-12-28,INE870D01012
NGIL,Nakoda Group of Industries Limited,2021-08-20,INE236Y01012
NGLFINE,NGL Fine-Chem Limited,2022-07-08,INE887E01022
NH,Narayana Hrudayalaya Ltd.,2016-01-06,INE410P01011
NHPC,NHPC Limited,2009-09-01,INE848E01016
NIACL,The New India Assurance Company Limited,2017-11-13,INE470Y01017
NIBE,NIBE Limited,2025-02-07,INE149O01018
NIBL,NRB Industrial Bearings Limited,2013-04-09,INE047O01014
NICCOPAR,Nicco Parks & Resorts Limited,2026-08-17,INE653C01022
NIITLTD,NIIT Limited,2004-08-16,INE161A01038
NIITMTS,NIIT Learning Systems Limited,2023-08-08,INE342G01023
NILAINFRA,Nila Infrastructures Limited,2015-05-21,INE937C01029
NILASPACES,Nila Spaces Limited,2018-12-28,INE00S901012
NILE,Nile Limited,2026-04-20,INE445D01013
NILKAMAL,Nilkamal Limited,1995-11-01,INE310A01015
NIMBSPROJ,Nimbus Projects Limited,2026-04-06,INE875B01015
NINSYS,NINtec Systems Limited,2023-02-21,INE395U01014
NIPPOBATRY,Indo-National Limited,1999-10-06,INE567A01028
NIRAJ,Niraj Cement Structurals Limited,2020-10-01,INE368I01016
NIRLON,Nirlon Limited,2026-04-20,INE910A01012
NITCO,Nitco Limited,2006-03-21,INE858F01012
NITINSPIN,Nitin Spinners Limited,2006-02-02,INE229H01012
NITIRAJ,Nitiraj Engineers Limited,2021-04-22,INE439T01012
NITTAGELA,Nitta Gelatin India Limited,2026-04-20,INE265B01019
NIVABUPA,Niva Bupa Health Insurance Company Limited,2024-11-14,INE995S01015
NKIND,NK Industries Limited,1995-07-07,INE542C01019
NLCINDIA,NLC India Limited,2000-08-23,INE589A01014
NMDC,NMDC Limited,2008-03-03,INE584A01023
NOCIL,NOCIL Limited,1996-01-17,INE163A01018
NOIDATOLL,Noida Toll Bridge Company Limited,2002-12-06,INE781B01015
NORBTEAEXP,Norben Tea & Exports Limited,1996-06-26,INE369C01017
NORTHARC,Northern Arc Capital Limited,2024-09-24,INE850M01015
NOVAAGRI,Nova Agritech Limited,2024-01-31,INE02H701025
NOVARTIND,Novartis India Limited,2026-04-20,INE234A01025
NPST,Network People Services Technologies Limited,2025-04-30,INE0FFK01017
NRAIL,N R Agarwal Industries Limited,2017-04-05,INE740D01017
NRBBEARING,NRB Bearing Limited,2000-03-08,INE349A01021
NSIL,Nalwa Sons Investments Limited,2003-11-17,INE023A01030
NSLNISP,NMDC Steel Limited,2023-02-20,INE0NNS01018
NTCIND,NTC Industries Limited,2026-08-17,INE920C01017
NTPC,NTPC Limited,2004-11-05,INE733E01010
NTPCGREEN,NTPC Green Energy Limited,2024-11-27,INE0ONG01011
NUCLEUS,Nucleus Software Exports Limited,2002-12-19,INE096B01018
NUVAMA,Nuvama Wealth Management Limited,2023-09-26,INE531F01023
NUVOCO,Nuvoco Vistas Corporation Limited,2021-08-23,INE118D01016
NYKAA,FSN E-Commerce Ventures Limited,2021-11-10,INE388Y01029
OAL,Oriental Aromatics Limited,2019-07-11,INE959C01023
OBCL,OBCL Limited,2022-04-07,INE426Z01016
OBEROIRLTY,Oberoi Realty Limited,2010-10-20,INE093I01010
ODIGMA,Odigma Consultancy Solutions Limited,2024-12-12,INE054301028
ODYCORP,Odyssey Corporation Limited,2026-08-17,INE839E01023
OFSS,Oracle Financial Services Software Limited,2002-06-28,INE881D01027
OIL,Oil India Limited,2009-09-30,INE274J01014
OLAELEC,Ola Electric Mobility Limited,2024-08-09,INE0LXG01040
OLECTRA,Olectra Greentech Limited,2002-03-20,INE260D01016
OMAXAUTO,Omax Autos Limited,2003-02-20,INE090B01011
OMAXE,Omaxe Limited,2007-08-09,INE800H01010
OMINFRAL,OM INFRA LIMITED,2011-06-17,INE239D01028
OMNI,Omnitech Engineering Limited,2026-03-05,INE0UH301010
OMPOWER,Om Power Transmission Limited,2026-04-17,INE25E901019
ONEGLOBAL,One Global Service Provider Limited,2026-08-17,INE670O01013
ONEPOINT,One Point One Solutions Limited,2019-05-09,INE840Y01029
ONESOURCE,Onesource Specialty Pharma Limited,2025-01-24,INE013P01021
ONGC,Oil & Natural Gas Corporation Limited,1995-07-19,INE213A01029
ONIDA,Onida Electronics Limited,2004-05-24,INE831A01028
ONIXSOLAR,Onix Solar Energy Limited,2026-08-17,INE173M01012
ONWARDTEC,Onward Technologies Limited,2001-03-07,INE229A01017
OPTIEMUS,Optiemus Infracom Limited,2017-08-08,INE350C01017
OPTIFIN,Optimus Finance Limited,2026-08-17,INE031G01022
ORBTEXP,Orbit Exports Limited,2013-11-05,INE231G01010
ORCHASP,Orchasp Limited,2025-02-07,INE215B01022
ORCHPHARMA,Orchid Pharma Limited,2020-11-02,INE191A01027
ORICONENT,Oricon Enterprises Limited,2015-07-24,INE730A01022
ORIENTALTL,Oriental Trimex Limited,2007-03-07,INE998H01012
ORIENTBELL,Orient Bell Limited,2007-02-14,INE607D01018
ORIENTCEM,Orient Cement Limited,2013-07-12,INE876N01018
ORIENTCER,ORIENT CERATECH LIMITED,2005-12-15,INE569C01020
ORIENTELEC,Orient Electric Limited,2018-05-14,INE142Z01019
ORIENTHOT,Oriental Hotels Limited,1998-08-27,INE750A01020
ORIENTPPR,Orient Paper & Industries Limited,1995-03-29,INE592A01026
ORIENTTECH,Orient Technologies Limited,2024-08-28,INE0PPK01015
ORIRAIL,Oriental Rail Infrastructure Limited,2026-08-17,INE457G01029
ORISSAMINE,The Orissa Minerals Development Company Limited,2010-09-29,INE725E01024
ORKLAINDIA,Orkla India Limited,2025-11-06,INE16NZ01023
ORTINGLOBE,ORTIN GLOBAL LIMITED,2021-03-30,INE749B01020
OSWALAGRO,Oswal Agro Mills Limited,1995-03-29,INE142A01012
OSWALGREEN,Oswal Greentech Limited,1996-08-28,INE143A01010
OSWALPUMPS,Oswal Pumps Limited,2025-06-20,INE0BYP01024
OSWALSEEDS,ShreeOswal Seeds And Chemicals Limited,2023-02-28,INE00IK01029
PACEDIGITK,Pace Digitek Limited,2025-10-06,INE0S3G01027
PACIFICI,Pacific Industries Limited,2026-08-17,INE883C01025
PAGEIND,Page Industries Limited,2007-03-16,INE761H01022
PAISALO,Paisalo Digital Limited,2011-10-17,INE420C01059
PAKKA,PAKKA LIMITED,2023-07-11,INE551D01018
PALASHSECU,Palash Securities Limited,2017-07-28,INE471W01019
PALREDTEC,Palred Technologies Limited,2016-05-09,INE218G01033
PANACEABIO,Panacea Biotec Limited,1996-04-17,INE922B01023
PANAMAPET,Panama Petrochem Limited,2011-09-30,INE305C01029
PANCHMAHQ,Panchmahal Steel Limited,2026-08-17,INE798F01010
PANORAMA,Panorama Studios International Limited,2026-08-17,INE258R01028
PANSARI,Pansari Developers Limited,2021-10-18,INE697V01011
PARACABLES,Paramount Communications Limited,2007-01-03,INE074B01023
PARADEEP,Paradeep Phosphates Limited,2022-05-27,INE088F01024
PARAGMILK,Parag Milk Foods Limited,2016-05-19,INE883N01014
PARAS,Paras Defence and Space Technologies Limited,2021-10-01,INE045601023
PARASPETRO,Paras Petrofils Limited,1996-02-14,INE162C01024
PARIN,Parin Enterprises Limited,2026-09-25,INE00U801010
PARKHOSPS,Park Medi World Limited,2025-12-17,INE119201023
PARKHOTELS,Apeejay Surrendra Park Hotels Limited,2024-02-12,INE988S01028
PARNAXLAB,Parnax Lab Limited,2026-08-17,INE383L01019
PASHUPATI,Pashupati Cotspin Limited,2025-07-17,INE124Y01028
PASUPTAC,Pasupati Acrylon Limited,2021-10-12,INE818B01023
PATANJALI,Patanjali Foods Limited,2020-01-24,INE619A01035
PATELENG,Patel Engineering Limited,2005-02-24,INE244B01030
PATELRMART,Patel Retail Limited,2025-08-26,INE0R8B01010
PATINTLOG,Patel Integrated Logistics Limited,2008-01-11,INE529D01014
PAUSHAKLTD,Paushak Limited,2025-12-01,INE111F01024
PAVNAIND,Pavna Industries Limited,2023-06-01,INE07S101038
PAYTM,One 97 Communications Limited,2021-11-18,INE982J01020
PBMPOLY,PBM Polytex Limited,2026-08-17,INE501F01018
PCBL,PCBL Chemical Limited,1995-03-29,INE602A01031
PCJEWELLER,PC Jeweller Limited,2012-12-27,INE785M01021
PDMJEPAPER,Pudumjee Paper Products Limited,2016-03-30,INE865T01018
PDSL,PDS Limited,2014-10-21,INE111Q01021
PEARLPOLY,Pearl Polymers Limited,1995-10-11,INE844A01013
PENIND,Pennar Industries Limited,2010-11-25,INE932A01024
PENINLAND,Peninsula Land Limited,1995-02-08,INE138A01028
PERMAGN,Permanent Magnets Limited,2026-08-17,INE418E01018
PERNIASPOP,Purple Style Labs Limited,2026-09-07,INE0I1B01016
PERSISTENT,Persistent Systems Limited,2010-04-06,INE262H01021
PETRONET,Petronet LNG Limited,2004-03-26,INE347G01014
PFC,Power Finance Corporation Limited,2007-02-23,INE134E01011
PFIZER,Pfizer Limited,1999-04-28,INE182A01018
PFOCUS,Prime Focus Limited,2006-06-20,INE367G01038
PFS,PTC India Financial Services Limited,2011-03-30,INE560K01014
PGEL,PG Electroplast Limited,2011-09-26,INE457L01029
PGHH,Procter & Gamble Hygiene and Health Care Limited,2004-07-07,INE179A01014
PGHL,Procter & Gamble Health Limited,1996-04-24,INE199A01012
PGIL,Pearl Global Industries Limited,2007-02-15,INE940H01022
PHOENIXLTD,The Phoenix Mills Limited,2007-04-23,INE211B01039
PHOENXINTL,Phoenix International Limited,2026-08-17,INE245B01011
PICCADIL,Piccadily Agro Industries Limited,2025-07-02,INE546C01010
PIDILITIND,Pidilite Industries Limited,1995-03-29,INE318A01026
PIGL,Power & Instrumentation (Gujarat) Limited,2023-05-17,INE557Z01018
PIIND,PI Industries Limited,2011-06-15,INE603J01030
PILANIINVS,Pilani Investment and Industries Corporation Limited,2015-12-08,INE417C01014
PILITA,PIL ITALICA LIFESTYLE LIMITED,2013-10-07,INE600A01035
PINELABS,Pine Labs Limited,2025-11-14,INE15B701018
PIONEEREMB,Pioneer Embroideries Limited,2006-05-16,INE156C01018
PIRAMALFIN,Piramal Finance Limited,2025-11-07,INE202B01038
PITTIENG,Pitti Engineering Limited,2007-02-02,INE450D01021
PIXTRANS,Pix Transmissions Limited,2022-04-28,INE751B01018
PLASTIBLEN,Plastiblends India Limited,2006-12-28,INE083C01022
PLATIND,Platinum Industries Limited,2024-03-05,INE0PT501018
PLAZACABLE,Plaza Wires Limited,2023-10-12,INE0INJ01017
PML,Paul Merchants Limited,2026-04-20,INE291E01019
PNB,Punjab National Bank,2002-04-24,INE160A01022
PNBGILTS,PNB Gilts Limited,2000-09-18,INE859A01011
PNBHOUSING,PNB Housing Finance Limited,2016-11-07,INE572E01012
PNC,PNC Media and Entertainment Limited,2000-12-11,INE392B01011
PNCINFRA,PNC Infratech Limited,2015-05-26,INE195J01029
PNGJL,P N Gadgil Jewellers Limited,2024-09-17,INE953R01016
PNGSREVA,PNGS Reva Diamond Jewellery Limited,2026-03-04,INE1RDG01013
POCL,Pondy Oxides & Chemicals Limited,2023-03-06,INE063E01061
PODDARMENT,Poddar Pigments Limited,2016-11-22,INE371C01013
POEL,POCL Enterprises Limited,2026-08-17,INE035S01028
POKARNA,Pokarna Limited,2016-07-07,INE637C01025
POLICYBZR,PB Fintech Limited,2021-11-15,INE417T01026
POLYCAB,Polycab India Limited,2019-04-16,INE455K01017
POLYMED,Poly Medicure Limited,2011-12-07,INE205C01021
POLYPLEX,Polyplex Corporation Limited,2003-04-11,INE633B01018
POLYSPIN,Polyspin Exports Limited,2026-08-17,INE914G01029
PONNIERODE,Ponni Sugars (Erode) Limited,2002-04-16,INE838E01017
POONAWALLA,Poonawalla Fincorp Limited,2004-04-27,INE511C01022
POWERGRID,Power Grid Corporation of India Limited,2007-10-05,INE752E01010
POWERICA,Powerica Limited,2026-04-02,INE921L01032
POWERINDIA,Hitachi Energy India Limited,2020-03-30,INE07Y701011
POWERMECH,Power Mech Projects Limited,2015-08-26,INE211R01019
PPLPHARMA,Piramal Pharma Limited,2022-10-19,INE0DK501011
PRABHA,Prabha Energy Limited,2025-03-19,INE0I0M01023
PRAENG,Prajay Engineers Syndicate Limited,2007-01-02,INE505C01016
PRAJIND,Praj Industries Limited,1995-10-11,INE074A01025
PRAKASH,Prakash Industries Limited,1995-05-10,INE603A01013
PRAKASHSTL,Prakash Steelage Limited,2010-08-25,INE696K01024
PRANAV,Pranav Constructions Limited,2026-09-15,INE0H4201019
PRASOLCHEM,Prasol Chemicals Limited,2026-09-16,INE455U01024
PRAVEG,Praveg Limited,2026-04-20,INE722B01019
PRAXIS,Praxis Home Retail Limited,2018-01-31,INE546Y01022
PRECAM,Precision Camshafts Limited,2016-02-08,INE484I01029
PRECOT,Precot Limited,2005-08-19,INE283A01014
PRECWIRE,Precision Wires India Limited,1995-09-06,INE372C01037
PREMCO,Premco Global Limited,2026-04-20,INE001E01012
PREMEXPLN,Premier Explosives Limited,2016-06-17,INE863B01029
PREMIERENE,Premier Energies Limited,2024-09-03,INE0BS701011
PREMIERPOL,Premier Polyfilm Limited,1995-12-13,INE309M01020
PRESTIGE,Prestige Estates Projects Limited,2010-10-27,INE811K01011
PRICOLLTD,Pricol Limited,2017-02-10,INE726V01018
PRIMESECU,Prime Securities Limited,2005-06-17,INE032B01021
PRIMO,Primo Chemicals Limited,2025-04-22,INE607A01022
PRINCEPIPE,Prince Pipes And Fittings Limited,2019-12-30,INE689W01016
PRIORITY,Priority Jewels Limited,2026-09-04,INE15EH01014
PRISMX,Prismx Global Ventures Limited,2026-08-17,INE286N01028
PRITI,Priti International Limited,2022-03-02,INE974Z01015
PRITIKAUTO,Pritika Auto Industries Limited,2021-08-10,INE583R01029
PRIVISCL,Privi Speciality Chemicals Limited,2015-05-08,INE959A01019
PROSTARM,Prostarm Info Systems Limited,2025-06-03,INE0BX301013
PROTEAN,Protean eGov Technologies Limited,2025-02-06,INE004A01022
PROZONER,Prozone Realty Limited,2012-09-12,INE195N01013
PRSMJOHNSN,Prism Johnson Limited,2003-08-20,INE010A01011
PRUDENT,Prudent Corporate Advisory Services Limited,2022-05-20,INE00F201020
PRUDMOULI,Prudential Sugar Corporation Limited,1995-05-10,INE024D01016
PSB,Punjab & Sind Bank,2010-12-30,INE608A01012
PSPPROJECT,PSP Projects Limited,2017-05-29,INE488V01015
PTC,PTC India Limited,2004-04-07,INE877F01012
PTCIL,PTC Industries Limited,2023-06-09,INE596F01018
PTL,PTL Enterprises Limited,2007-01-29,INE034D01049
PUNJABCHEM,Punjab Chemicals & Crop Protection Limited,2007-03-08,INE277B01014
PURVA,Puravankara Limited,2007-08-30,INE323I01011
PVP,PVP Ventures Limited,1996-04-03,INE362A01016
PVRINOX,PVR INOX Limited,2006-01-04,INE191H01014
PVSL,Popular Vehicles and Services Limited,2024-03-19,INE772T01024
PWL,Physicswallah Limited,2025-11-18,INE0LP301011
PYRAMID,Pyramid Technoplast Limited,2023-08-29,INE0MIS01010
QPOWER,Quality Power Electrical Equipments Limited,2025-02-24,INE0SII01026
QUADFUTURE,Quadrant Future Tek Limited,2025-01-14,INE0LRY01011
QUESS,Quess Corp Limited,2016-07-12,INE615P01015
QUICKHEAL,Quick Heal Technologies Limited,2016-02-18,INE306L01010
QUINTEGRA,Quintegra Solutions Limited,2000-12-20,INE033B01011
RACE,Race Eco Chain Limited,2023-05-09,INE084Q01012
RACLGEAR,RACL Geartech Limited,2024-11-27,INE704B01017
RADAAN,Radaan Mediaworks India Limited,2003-02-27,INE874F01027
RADIANTCMS,Radiant Cash Management Services Limited,2023-01-04,INE855R01021
RADICO,Radico Khaitan Limited,2003-06-18,INE944F01028
RADIOCITY,Music Broadcast Limited,2017-03-17,INE919I01024
RAILTEL,Railtel Corporation Of India Limited,2021-02-26,INE0DD101019
RAIN,Rain Industries Limited,2008-03-03,INE855B01025
RAINBOW,Rainbow Childrens Medicare Limited,2022-05-10,INE961O01016
RAJMET,Rajnandini Metal Limited,2021-02-16,INE00KV01022
RAJPALAYAM,Rajapalayam Mills Limited,2026-04-20,INE296E01026
RAJRATAN,Rajratan Global Wire Limited,2020-05-22,INE451D01029
RAJSREESUG,Rajshree Sugars & Chemicals Limited,1995-03-29,INE562B01019
RAJTV,Raj Television Network Limited,2007-03-16,INE952H01027
RALLIS,Rallis India Limited,1999-04-01,INE613A01020
RAMANEWS,Shree Rama Newsprint Limited,2006-09-20,INE278B01020
RAMAPHO,Rama Phosphates Limited,2022-08-05,INE809A01032
RAMBHAJO,Advit Jewels Limited,2026-07-01,INE1SJO01012
RAMCOCEM,The Ramco Cements Limited,1997-04-09,INE331A01037
RAMCOIND,Ramco Industries Limited,1996-11-06,INE614A01028
RAMCOSYS,Ramco Systems Limited,2000-04-12,INE246B01019
RAMKY,Ramky Infrastructure Limited,2010-10-08,INE874I01013
RAMRAT,Ram Ratna Wires Limited,2022-07-29,INE207E01023
RANASUG,Rana Sugars Limited,2005-02-24,INE625B01014
RANEHOLDIN,Rane Holdings Limited,1997-09-24,INE384A01010
RATEGAIN,Rategain Travel Technologies Limited,2021-12-17,INE0CLI01024
RATNAMANI,Ratnamani Metals & Tubes Limited,2006-05-09,INE703B01027
RATNAVEER,Ratnaveer Precision Engineering Limited,2023-09-11,INE05CZ01011
RAYMOND,Raymond Limited,1995-10-18,INE301A01014
RAYMONDLSL,Raymond Lifestyle Limited,2024-09-05,INE02ID01020
RAYMONDREL,Raymond Realty Limited,2025-07-01,INE1SY401010
RBA,Restaurant Brands Asia Limited,2020-12-14,INE07T201019
RBLBANK,RBL Bank Limited,2016-08-31,INE976G01028
RCF,Rashtriya Chemicals and Fertilizers Limited,1998-01-07,INE027A01015
RECLTD,REC Limited,2008-03-12,INE020B01018
REDINGTON,Redington Limited,2007-02-15,INE891D01026
REDTAPE,Redtape Limited,2023-08-11,INE0LXT01019
REFEX,Refex Industries Limited,2009-12-03,INE056I01025
REGAAL,Regaal Resources Limited,2025-08-20,INE0MHO01029
REGENCERAM,Regency Ceramics Limited,1996-06-05,INE277C01012
RELAXO,Relaxo Footwears Limited,2011-06-17,INE131B01039
RELCHEMQ,Reliance Chemotex Industries Limited,2022-05-25,INE750D01016
RELIABLE,Reliable Data Services Limited,2024-07-10,INE375Y01018
RELIANCE,Reliance Industries Limited,1995-11-29,INE002A01018
RELIGARE,Religare Enterprises Limited,2007-11-21,INE621H01010
RELTD,Ravindra Energy Limited,2024-07-30,INE206N01018
REMSONSIND,Remsons Industries Limited,1996-01-31,INE474C01023
RENTOMOJO,Rentomojo Limited,2026-09-17,INE08T701025
RENUKA,Shree Renuka Sugars Limited,2005-10-31,INE087H01022
REPCOHOME,Repco Home Finance Limited,2013-04-01,INE612J01015
REPL,Rudrabhishek Enterprises Limited,2020-12-14,INE364Z01019
REPRO,Repro India Limited,2005-12-22,INE461B01014
RESPONIND,Responsive Industries Limited,2010-10-29,INE688D01026
RETAIL,JHS Svendgaard Retail Ventures Limited,2024-06-26,INE03DD01011
RGL,Renaissance Global Limited,2007-12-12,INE722H01024
RHETAN,Rhetan TMT Limited,2025-09-26,INE0KKN01029
RHIM,RHI MAGNESITA INDIA LIMITED,2012-03-12,INE743M01012
RHL,Robust Hotels Limited,2023-04-25,INE508K01013
RICOAUTO,Rico Auto Industries Limited,2003-05-12,INE209B01025
RIIL,Reliance Industrial Infrastructure Limited,1995-11-29,INE046A01015
RIR,RIR Power Electronics Limited,2026-07-16,INE302D01024
RISHABH,Rishabh Instruments Limited,2023-09-11,INE0N2P01017
RITCO,Ritco Logistics Limited,2022-04-12,INE01EG01016
RITES,RITES Limited,2018-07-02,INE320J01015
RKDL,Ravi Kumar Distilleries Limited,2010-12-27,INE722J01012
RKEC,RKEC Projects Limited,2020-12-18,INE786W01010
RKFORGE,Ramkrishna Forgings Limited,2004-05-05,INE399G01023
RKSWAMY,R K Swamy Limited,2024-03-12,INE0NQ801033
RMC,RMC Switchgears Limited,2026-04-01,INE655V01019
RML,Rane (Madras) Limited,2005-08-30,INE050H01012
ROHLTD,Royal Orchid Hotels Limited,2006-02-06,INE283H01019
ROLEXRINGS,Rolex Rings Limited,2021-08-09,INE645S01024
ROML,Raj Oil Mills Limited,2020-10-06,INE294G01026
ROSSARI,Rossari Biotech Limited,2020-07-23,INE02A801020
ROSSELLIND,Rossell India Limited,2012-09-25,INE847C01020
ROSSTECH,Rossell Techsys Limited,2024-12-09,INE0OJW01016
ROTO,Roto Pumps Limited,2022-04-21,INE535D01037
ROUTE,ROUTE MOBILE LIMITED,2020-09-21,INE450U01017
RPEL,Raghav Productivity Enhancers Limited,2024-08-08,INE912T01018
RPGLIFE,RPG Life Sciences Limited,2008-06-10,INE105J01010
RPOWER,Reliance Power Limited,2008-02-11,INE614G01033
RPPINFRA,R.P.P. Infra Projects Limited,2010-12-06,INE324L01013
RPSGVENT,RPSG VENTURES LIMITED,2019-01-25,INE425Y01011
RPTECH,Rashi Peripherals Limited,2024-02-14,INE0J1F01024
RRECL,RDB Real Estate Constructions Limited,2026-08-17,INE0AK901016
RRIL,RRIL Limited,2026-04-20,INE951M01037
RRKABEL,R R Kabel Limited,2023-09-20,INE777K01022
RSL,Rajputana Stainless Limited,2026-03-19,INE313L01016
RSSOFTWARE,R. S. Software (India) Limited,1999-05-19,INE165B01029
RSWM,RSWM Limited,1995-02-15,INE611A01016
RSYSTEMS,R Systems International Limited,2006-04-26,INE411H01032
RTNINDIA,RattanIndia Enterprises Limited,2012-07-30,INE834M01019
RTNPOWER,RattanIndia Power Limited,2009-10-30,INE399K01017
RTSPOWR,RTS Power Corporation Limited,2026-08-17,INE005C01017
RUBFILA,Rubfila International Limited,2024-08-08,INE642C01025
RUBICON,Rubicon Research Limited,2025-10-16,INE506V01022
RUBYMILLS,The Ruby Mills Limited,1995-03-29,INE301D01026
RUCHINFRA,Ruchi Infrastructure Limited,1996-10-16,INE413B01023
RUCHIRA,Ruchira Papers Limited,2006-12-20,INE803H01014
RUDRA,Rudra Global Infra Products Limited,2025-12-19,INE027T01023
RUPA,Rupa & Company Limited,2011-12-07,INE895B01021
RUSHIL,Rushil Decor Limited,2011-07-07,INE573K01025
RUSTOMJEE,Keystone Realtors Limited,2022-11-24,INE263M01029
RVHL,Ravinder Heights Limited,2020-12-18,INE09E501017
RVNL,Rail Vikas Nigam Limited,2019-04-11,INE415G01027
RVTH,Revathi Equipment India Limited,2024-09-11,INE0DAB01012
S&SPOWER,S&S Power Switchgears Limited,1995-09-27,INE902B01017
SAATVIKGL,Saatvik Green Energy Limited,2025-09-26,INE13B501022
SAB,SAB Industries Limited,2026-08-17,INE137M01017
SADBHAV,Sadbhav Engineering Limited,2006-03-01,INE226H01026
SADBHIN,Sadbhav Infrastructure Project Limited,2015-09-16,INE764L01010
SAFARI,Safari Industries (India) Limited,2019-09-12,INE429E01023
SAGARDEEP,Sagardeep Alloys Limited,2019-01-25,INE976T01013
SAGCEM,Sagar Cements Limited,2007-01-29,INE229C01021
SAGILITY,SAGILITY LIMITED,2024-11-12,INE0W2G01015
SAHLIBHFI,Shalibhadra Finance Limited,2026-04-10,INE861D01011
SAHYADRI,Sahyadri Industries Limited,2023-04-06,INE280H01015
SAICAPI,Sai Capital Limited,2026-08-17,INE531X01018
SAIL,Steel Authority of India Limited,1995-07-06,INE114A01011
SAILIFE,Sai Life Sciences Limited,2024-12-18,INE570L01029
SAIPARENT,Sai Parenterals Limited,2026-04-02,INE0H9F01037
SAKAR,Sakar Healthcare Limited,2019-04-11,INE732S01012
SAKHTISUG,Sakthi Sugars Limited,1995-09-06,INE623A01011
SAKSOFT,Saksoft Limited,2005-05-09,INE667G01023
SAKUMA,Sakuma Exports Limited,2006-03-08,INE190H01024
SALASAR,Salasar Techno Engineering Limited,2017-07-25,INE170V01027
SALONA,Salona Cotspin Limited,2016-06-16,INE498E01010
SALSTEEL,S.A.L. Steel Limited,2004-11-24,INE658G01014
SALZERELEC,Salzer Electronics Limited,2015-12-02,INE457F01013
SAMBANDAM,Sambandam Spinning Mills Limited,2026-08-17,INE304D01012
SAMBHAAV,Sambhaav Media Limited,1996-06-05,INE699B01027
SAMBHV,Sambhv Steel Tubes Limited,2025-07-02,INE12NJ01018
SAMHI,Samhi Hotels Limited,2023-09-22,INE08U801020
SAMMAANCAP,Sammaan Capital Limited,2013-07-23,INE148I01020
SAMPANN,Sampann Utpadan India Limited,2012-07-27,INE735M01018
SANATHAN,Sanathan Textiles Limited,2024-12-27,INE0JPD01013
SANDESH,The Sandesh Limited,2002-11-26,INE583B01015
SANDHAR,Sandhar Technologies Limited,2018-04-02,INE278H01035
SANDUMA,Sandur Manganese & Iron Ores Limited,2023-09-07,INE149K01016
SANGAMIND,Sangam (India) Limited,1996-07-17,INE495C01010
SANGHVIMOV,Sanghvi Movers Limited,2007-01-24,INE989A01032
SANOFI,Sanofi India Limited,2003-05-19,INE058A01010
SANOFICONR,Sanofi Consumer Healthcare India Limited,2024-09-13,INE0UOS01011
SANSERA,Sansera Engineering Limited,2021-09-24,INE953O01021
SANSTAR,Sanstar Limited,2024-07-26,INE08NE01025
SAPPHIRE,Sapphire Foods India Limited,2021-11-18,INE806T01020
SAPPL,Shree Ajit Pulp & Paper Limited,2026-04-20,INE185C01017
SARDAEN,Sarda Energy & Minerals Limited,2009-12-03,INE385C01021
SAREGAMA,Saregama India Limited,1997-07-30,INE979A01025
SARLAPOLY,Sarla Performance Fibers Limited,2007-01-19,INE453D01025
SARVESHWAR,Sarveshwar Foods Limited,2022-12-08,INE324X01026
SASKEN,Sasken Technologies Limited,2005-09-09,INE231F01020
SATIA,Satia Industries Limited,2019-07-17,INE170E01023
SATIN,Satin Creditcare Network Limited,2015-08-26,INE836B01017
SAURASHCEM,Saurashtra Cement Limited,2024-02-27,INE626A01014
SAYAJIHOTL,Sayaji Hotels Limited,2026-04-20,INE318C01014
SAYAJIIND,Sayaji Industries Limited,2026-08-17,INE327G01032
SBC,SBC Exports Limited,2021-11-23,INE04AK01028
SBCL,Shivalik Bimetal Controls Limited,2021-06-24,INE386D01027
SBFC,SBFC Finance Limited,2023-08-16,INE423Y01016
SBGLP,Suratwwala Business Group Limited,2023-02-10,INE05ST01028
SBICARD,SBI Cards and Payment Services Limited,2020-03-16,INE018E01016
SBIFUNDS,SBI Funds Management Limited,2026-07-21,INE640G01020
SBILIFE,SBI Life Insurance Company Limited,2017-10-03,INE123W01016
SBIN,State Bank of India,1995-03-01,INE062A01020
SCHAEFFLER,Schaeffler India Limited,2000-11-29,INE513A01022
SCHAND,S Chand And Company Limited,2017-05-09,INE807K01035
SCHNEIDER,Schneider Electric Infrastructure Limited,2012-03-20,INE839M01018
SCI,Shipping Corporation Of India Limited,1997-08-13,INE109A01011
SCILAL,Shipping Corporation of India Land and Assets Limited,2024-03-19,INE0PB301013
SCODATUBES,Scoda Tubes Limited,2025-06-04,INE090501011
SDBL,Som Distilleries & Breweries Limited,2014-03-18,INE480C01038
SEAMECLTD,Seamec Limited,1995-06-28,INE497B01018
SECMARK,SecMark Consultancy Limited,2023-10-16,INE0BTM01013
SECURKLOUD,SECUREKLOUD TECHNOLOGIES LIMITED,2014-01-29,INE650K01021
SEDEMAC,SEDEMAC Mechatronics Limited,2026-03-11,INE00XB01019
SEIL,Shanti Educational Initiatives Limited,2026-04-20,INE440T01028
SEJALLTD,Sejal Glass Limited,2021-12-13,INE955I01044
SEKURITIND,Saint Gobain Sekurit India Limited,2026-08-17,INE068B01017
SEMAC,Semac Construction Limited,2005-08-11,INE617A01013
SENCO,Senco Gold Limited,2023-07-14,INE602W01027
SENORES,Senores Pharmaceuticals Limited,2024-12-30,INE0RB801010
SEPC,SEPC Limited,2008-02-20,INE964H01014
SERVOTECH,Servotech Renewable Power System Limited,2021-09-02,INE782X01033
SESHAPAPER,Seshasayee Paper and Boards Limited,1995-03-29,INE630A01024
SETL,Standard Engineering Technology Limited,2025-01-13,INE0M4D01010
SFL,Sheela Foam Limited,2016-12-09,INE916U01025
SGFIN,SG Finserve Limited,2025-08-05,INE618R01015
SGIL,Synergy Green Industries Limited,2021-07-28,INE00QT01015
SGL,STL Global Limited,2006-04-10,INE353H01010
SGLRES,SGL Resources Limited,2026-08-17,INE967B01028
SGMART,SG Mart Limited,2025-09-12,INE385F01024
SGRL,Shree Ganesh Remedies Limited,2026-08-17,INE414Y01015
SHADOWFAX,Shadowfax Technologies Limited,2026-01-28,INE12UN01015
SHAH,Shah Metacorp Limited,2010-10-27,INE482J01021
SHAILY,Shaily Engineering Plastics Limited,2022-04-04,INE151G01028
SHAKTIPUMP,Shakti Pumps (India) Limited,2015-01-29,INE908D01010
SHALBY,Shalby Limited,2017-12-15,INE597J01018
SHANKARA,Shankara Building Products Limited,2017-04-05,INE274V01019
SHANKESH,Shankesh Jewellers Limited,2026-08-25,INE1WFC01025
SHANTI,Shanti Overseas (India) Limited,2021-09-16,INE933X01016
SHANTIGEAR,Shanthi Gears Limited,1996-01-17,INE631A01022
SHANTIGOLD,Shanti Gold International Limited,2025-08-01,INE06ZD01017
SHARDACROP,Sharda Cropchem Limited,2014-09-23,INE221J01015
SHARDAMOTR,Sharda Motor Industries Limited,2015-09-03,INE597I01028
SHAREINDIA,Share India Securities Limited,2020-09-21,INE932X01026
SHBAJRG,Shri Bajrang Alliance Limited,2026-04-20,INE402H01015
SHEMAROO,Shemaroo Entertainment Limited,2014-10-01,INE363M01019
SHERVANI,Shervani Industrial Syndicate Limited,2026-08-17,INE011D01013
SHILCTECH,Shilchar Technologies Limited,2025-11-24,INE024F01011
SHILGRAVQ,Shilp Gravures Limited,2026-08-17,INE960A01017
SHILPAMED,Shilpa Medicare Limited,2009-12-03,INE790G01031
SHINDL,Sharat Industries Limited,2026-04-20,INE220Z01013
SHIPROCKET,Shiprocket Limited,2026-08-19,INE0FOO01011
SHIVAAGRO,Shiva Global Agro Industries Limited,2026-08-17,INE960E01019
SHIVACEM,Shiva Cement Limited,2026-08-17,INE555C01029
SHIVALIK,Shivalik Rasayan Limited,2021-12-09,INE788J01021
SHIVAMAUTO,Shivam Autotech Limited,2006-11-21,INE637H01024
SHIVAMILLS,Shiva Mills Limited,2018-02-26,INE644Y01017
SHIVATEX,Shiva Texyarn Limited,2017-12-26,INE705C01020
SHIVAUM,Shiv Aum Steels Limited,2025-11-14,INE719F01016
SHK,S H Kelkar and Company Limited,2015-11-16,INE500L01026
SHOPERSTOP,Shoppers Stop Limited,2005-05-23,INE498B01024
SHRADDHA,Shraddha Prime Projects Limited,2026-08-17,INE311M01018
SHRADHA,Shradha Realty Limited,2020-10-22,INE715Y01031
SHREDIGCEM,Shree Digvijay Cement Co.Ltd,2020-01-28,INE232A01011
SHREECEM,SHREE CEMENT LIMITED,1995-04-26,INE070A01015
SHREEJISPG,Shreeji Shipping Global Limited,2025-08-26,INE1B6101010
SHREEPUSHK,Shree Pushkar Chemicals & Fertilisers Limited,2015-09-10,INE712K01011
SHREERAMA,Shree Rama Multi-Tech Limited,2000-03-13,INE879A01019
SHREYANIND,Shreyans Industries Limited,1996-11-06,INE231C01019
SHRIKRISH,Shri Krishna Devcon Limited,2026-04-20,INE997I01012
SHRINGARMS,Shringar House of Mangalsutra Limited,2025-09-17,INE1B3L01017
SHRIPISTON,SPR Auto Technologies Limited,2016-06-02,INE526E01018
SHRIRAMFIN,Shriram Finance Limited,1996-12-11,INE721A01047
SHRIRAMPPS,Shriram Properties Limited,2021-12-20,INE217L01019
SHRJAGP,Shri Jagdamba Polymers Limited,2026-08-17,INE564J01026
SHUKRAPHAR,Shukra Pharmaceuticals Limited,2026-08-14,INE551C01044
SHYAMMETL,Shyam Metalics and Energy Limited,2021-06-24,INE810G01011
SHYAMTEL,Shyam Telecom Limited,2006-11-06,INE635A01023
SICAGEN,Sicagen India Limited,2026-04-20,INE176J01011
SIEL,Superior Industrial Enterprises Limited,2026-08-17,INE843L01012
SIEMENS,Siemens Limited,1995-09-06,INE003A01024
SIGACHI,Sigachi Industries Limited,2021-11-15,INE0D0K01022
SIGMA,Sigma Solve Limited,2023-06-09,INE0A0S01028
SIGNATURE,Signatureglobal (India) Limited,2023-09-27,INE903U01023
SIGNPOST,Signpost India Limited,2024-02-14,INE0KGZ01021
SIKA,Sika Interplant Systems Limited,2026-04-20,INE438E01032
SIL,Standard Industries Limited,2004-01-27,INE173A01025
SILGO,Silgo Retail Limited,2021-03-03,INE01II01013
SILINV,SIL Investments Limited,1996-05-22,INE923A01015
SILVERTUC,Silver Touch Technologies Limited,2022-05-12,INE625X01026
SIMPLEXINF,Simplex Infrastructures Limited,2004-03-09,INE059B01024
SIMPLXREA,Simplex Realty Limited,2026-08-17,INE167H01014
SINCLAIR,Sinclairs Hotels Limited,2024-04-10,INE985A01022
SINDHUTRAD,Sindhu Trade Links Limited,2023-06-20,INE325D01025
SINGERIND,Singer India Limited,2026-03-19,INE638A01035
SINTERCOM,Sintercom India Limited,2020-10-07,INE129Z01016
SIRCA,Sirca Paints India Limited,2019-07-22,INE792Z01011
SIS,SIS LIMITED,2017-08-10,INE285J01028
SIYSIL,Siyaram Silk Mills Limited,2007-01-29,INE076B01028
SJS,S.J.S. Enterprises Limited,2021-11-15,INE284S01014
SJVN,SJVN Limited,2010-05-20,INE002L01015
SKFINDIA,SKF India Limited,1999-01-27,INE640A01023
SKFINDUS,SKF India (Industrial) Limited,2025-12-05,INE2J8701016
SKIPPER,Skipper Limited,2015-05-27,INE439E01022
SKMEGGPROD,SKM Egg Products Export (India) Limited,1997-03-14,INE411D01023
SKYGOLD,SKY GOLD AND DIAMONDS LIMITED,2023-01-06,INE01IU01018
SKYWAYS,Skyways Air Services Limited,2026-09-01,INE0PX301025
SMARTWORKS,Smartworks Coworking Spaces Limited,2025-07-17,INE0NAZ01010
SMCGLOBAL,SMC Global Securities Limited,2021-02-24,INE103C01036
SMLMAH,SML Mahindra Limited,2003-08-29,INE294B01019
SMLT,Sarthak Metals Limited,2021-11-25,INE017W01010
SMSPHARMA,SMS Pharmaceuticals Limited,2007-02-28,INE812G01025
SNOWMAN,Snowman Logistics Limited,2014-09-12,INE734N01019
SOBHA,Sobha Limited,2006-12-20,INE671H01015
SOFTTECH,Softtech Engineers Limited,2022-02-25,INE728Z01015
SOLARA,Solara Active Pharma Sciences Limited,2018-06-27,INE624Z01016
SOLARINDS,Solar Industries India Limited,2006-04-03,INE343H01029
SOLARWORLD,Solarworld Energy Solutions Limited,2025-09-30,INE0TY101024
SOLEX,Solex Energy Limited,2025-10-08,INE880Y01017
SOMANYCERA,Somany Ceramics Limited,1995-11-22,INE355A01028
SOMATEX,Soma Textiles & Industries Limited,1996-08-14,INE314C01013
SOMICONVEY,Somi Conveyor Beltings Limited,2016-07-18,INE323J01019
SONACOMS,Sona BLW Precision Forgings Limited,2021-06-24,INE073K01018
SONAL,Sonal Mercantile Limited,2026-04-20,INE321M01017
SONATSOFTW,Sonata Software Limited,1999-07-28,INE269A01021
SOTL,Savita Oil Technologies Limited,1995-06-28,INE035D01020
SOUTHBANK,The South Indian Bank Limited,1998-12-08,INE683A01023
SOUTHWEST,South West Pinnacle Exploration Limited,2019-04-18,INE980Y01015
SPAL,S. P. Apparels Limited,2016-08-12,INE212I01016
SPANDANA,Spandana Sphoorty Financial Limited,2019-08-19,INE572J01011
SPARC,Sun Pharma Advanced Research Company Limited,2007-07-18,INE232I01014
SPCENET,Spacenet Enterprises India Limited,2017-01-10,INE970N01027
SPENCERS,Spencer's Retail Limited,2019-01-25,INE020801028
SPIC,Southern Petrochemicals Industries Corporation  Limited,1996-01-10,INE147A01011
SPLIL,SPL Industries Limited,2005-07-26,INE978G01016
SPLPETRO,Supreme Petrochem Limited,2022-05-24,INE663A01033
SPMLINFRA,SPML Infra Limited,1996-02-14,INE937A01023
SPORTKING,Sportking India Limited,2022-08-24,INE885H01029
SRD,Shankar Lal Rampal Dye-Chem Limited,2024-10-09,INE01NE01012
SRF,SRF Limited,2003-08-18,INE647A01010
SRGHFL,SRG Housing Finance Limited,2023-08-21,INE559N01010
SRHHYPOLTD,Sree Rayalaseema Hi-Strength Hypo Limited,2007-05-08,INE917H01012
SRM,SRM Contractors Limited,2024-04-03,INE0R6Z01013
SRTL,Shree Ram Twistex Limited,2026-03-02,INE19GK01015
SSDL,Saraswati Saree Depot Limited,2024-08-20,INE0PQ101010
SSRETAIL,SS Retail Limited,2026-09-23,INE1EQW01028
SSWL,Steel Strips Wheels Limited,2005-06-06,INE802C01033
STANLEY,Stanley Lifestyles Limited,2024-06-28,INE01A001028
STAR,Strides Pharma Science Limited,2000-02-02,INE939A01011
STARCEMENT,Star Cement Limited,2017-06-16,INE460H01021
STARHEALTH,Star Health and Allied Insurance Company Limited,2021-12-10,INE575P01011
STARPAPER,Star Paper Mills Limited,1995-09-13,INE733A01018
STARTECK,Starteck Finance Limited,2022-05-04,INE992I01013
STCINDIA,The State Trading Corporation of India Limited,2003-04-01,INE655A01013
STEAMHOUSE,Steamhouse India Limited,2026-09-17,INE0FRO01022
STEELCAS,Steelcast Limited,2021-11-23,INE124E01038
STEELCITY,Steel City Securities Limited,2019-06-27,INE395H01011
STEELXIND,STEEL EXCHANGE INDIA LIMITED,2017-07-20,INE503B01021
STEL,Stel Holdings Limited,2011-02-09,INE577L01016
STERTOOLS,Sterling Tools Limited,2006-02-02,INE334A01023
STLNETWORK,STL Networks Limited,2025-09-04,INE1VXE01018
STLSTRINF,Steel Strips Infrastructures Limited,2026-08-17,INE205F01016
STOVEKRAFT,Stove Kraft Limited,2021-02-05,INE00IN01015
STUDDS,Studds Accessories Limited,2025-11-07,INE00Q601028
STYL,Seshaasai Technologies Limited,2025-09-30,INE04VU01023
STYLAMIND,Stylam Industries Limited,2021-08-02,INE239C01020
STYLEBAAZA,Baazar Style Retail Limited,2024-09-06,INE01FR01028
STYRENIX,Styrenix Performance Materials Limited,1995-03-29,INE189B01011
SUBEXLTD,Subex Limited,2020-11-05,INE754A01055
SUBROS,Subros Limited,2005-07-13,INE287B01021
SUDARCOLOR,Sudarshan Colorants India Limited,1995-06-14,INE492A01029
SUDARSCHEM,Sudarshan Chemical Industries Limited,1995-05-25,INE659A01023
SUDEEPPHRM,Sudeep Pharma Limited,2025-11-28,INE0QPI01025
SUKHJITS,Sukhjit Starch & Chemicals Limited,2022-11-07,INE450E01029
SULA,Sula Vineyards Limited,2022-12-22,INE142Q01026
SUMEDHA,Sumedha Fiscal Services Limited,2026-08-17,INE886B01012
SUMEETINDS,Sumeet Industries Limited,2010-12-10,INE235C01036
SUMICHEM,Sumitomo Chemical India Limited,2020-01-27,INE258G01013
SUMIT,Sumit Woods Limited,2019-07-30,INE748Z01013
SUMMITSEC,Summit Securities Limited,2011-01-28,INE519C01017
SUNCLAY,Sundaram Clayton Limited,2023-12-29,INE0Q3R01026
SUNDARAM,Sundaram Multi Pap Limited,2010-06-02,INE108E01023
SUNDARMFIN,Sundaram Finance Limited,1998-01-07,INE660A01013
SUNDRMBRAK,Sundaram Brake Linings Limited,1996-07-17,INE073D01013
SUNDRMFAST,Sundram Fasteners Limited,2000-06-07,INE387A01021
SUNDROP,Sundrop Brands Limited,2002-12-06,INE209A01019
SUNFLAG,Sunflag Iron And Steel Company Limited,2005-09-29,INE947A01014
SUNLOC,Sunil Healthcare Limited,2026-08-17,INE671C01016
SUNPHARMA,Sun Pharmaceutical Industries Limited,1995-02-08,INE044A01036
SUNRAKSHAK,Sunrakshakk Industries India Limited,2026-08-17,INE671K01027
SUNSHIEL,Sunshield Chemicals Limited,2026-08-17,INE199E01014
SUNSHINE,Sunshine Pictures Limited,2026-08-25,INE1B3O01011
SUNTECK,Sunteck Realty Limited,2009-11-13,INE805D01034
SUNTV,Sun TV Network Limited,2006-04-24,INE424H01027
SUPERHOUSE,Superhouse Limited,2014-09-26,INE712B01010
SUPRAJIT,Suprajit Engineering Limited,2005-02-18,INE399C01030
SUPREME,Supreme Holdings & Hospitality (India) Limited,2025-02-03,INE822E01011
SUPREMEIND,Supreme Industries Limited,1995-07-19,INE195A01028
SUPREMEINF,Supreme Infrastructure India Limited,2007-10-18,INE550H01011
SUPRIYA,Supriya Lifescience Limited,2021-12-28,INE07RO01027
SURAJEST,Suraj Estate Developers Limited,2023-12-26,INE843S01025
SURAJLTD,Suraj Limited,2024-08-29,INE713C01016
SURAKSHA,Suraksha Diagnostic Limited,2024-12-06,INE877V01027
SURANASOL,Surana Solar Limited,2011-01-07,INE272L01022
SURANAT&P,Surana Telecom and Power Limited,2002-05-22,INE130B01031
SURYALA,Suryalata Spinning Mills Limited,2026-04-20,INE132C01027
SURYALAXMI,Suryalakshmi Cotton Mills Limited,2005-06-15,INE713B01026
SURYAROSNI,Surya Roshni Limited,1995-05-10,INE335A01020
SURYODAY,Suryoday Small Finance Bank Limited,2021-03-26,INE428Q01011
SUVEN,Suven Life Sciences Limited,2003-10-23,INE495B01038
SUVIDHAA,Suvidhaa Infoserve Limited,2021-03-31,INE018401013
SUYOG,Suyog Telematics Limited,2024-08-20,INE442P01014
SUZLON,Suzlon Energy Limited,2005-10-19,INE040H01021
SVGLOBAL,S V Global Mill Limited,2026-08-17,INE159L01013
SVLL,Shree Vasu Logistics Limited,2023-04-21,INE00CE01017
SVPGLOB,SVP GLOBAL TEXTILES LIMITED,2021-07-14,INE308E01029
SWANCORP,SWAN CORP LIMITED,2012-05-29,INE665A01038
SWARAJENG,Swaraj Engines Limited,1995-12-06,INE277A01016
SWARNSAR,Swarnsarita Jewels India Limited,2026-08-17,INE967A01012
SWELECTES,Swelect Energy Systems Limited,2006-05-09,INE409B01013
SWIGGY,Swiggy Limited,2024-11-13,INE00H001014
SWSOLAR,Sterling and Wilson Renewable Energy Limited,2019-08-20,INE00M201021
SYMBIOTEC,Symbiotec Pharmalab Limited,2026-09-01,INE899I01028
SYMPHONY,Symphony Limited,2011-06-15,INE225D01027
SYNCOMF,Syncom Formulations (India) Limited,2022-11-18,INE312C01025
SYNGENE,Syngene International Limited,2015-08-11,INE398R01022
SYRMA,Syrma SGS Technology Limited,2022-08-26,INE0DYJ01015
TAALTECH,Taal Tech Limited,2026-04-20,INE524T01029
TAINWALCHM,Tainwala Chemical and Plastic (I) Limited,1995-07-27,INE123C01018
TAJGVK,Taj GVK Hotels & Resorts Limited,2000-12-20,INE586B01026
TAKE,TAKE Limited,2007-08-27,INE142I01023
TALBROAUTO,Talbros Automotive Components Limited,2006-09-29,INE187D01029
TANAA,Taneja Aerospace & Aviation Limited,2026-08-17,INE692C01020
TANLA,Tanla Platforms Limited,2007-01-05,INE483C01032
TARACHAND,Tara Chand InfraLogistic Solutions Limited,2024-04-16,INE555Z01020
TARAPUR,Tarapur Transformers Limited,2010-05-18,INE747K01017
TARC,TARC Limited,2020-12-18,INE0EK901012
TARIL,Transformers And Rectifiers (India) Limited,2007-12-28,INE763I01026
TARMAT,Tarmat Limited,2007-07-09,INE924H01018
TARSONS,Tarsons Products Limited,2021-11-26,INE144Z01023
TASTYBITE,Tasty Bite Eatables Limited,2017-03-23,INE488B01017
TATACAP,Tata Capital Limited,2025-10-13,INE976I01016
TATACHEM,Tata Chemicals Limited,1999-04-01,INE092A01019
TATACOMM,Tata Communications Limited,1995-04-12,INE151A01013
TATACONSUM,TATA CONSUMER PRODUCTS LIMITED,1998-11-18,INE192A01025
TATAELXSI,Tata Elxsi Limited,2003-09-17,INE670A01012
TATAINVEST,Tata Investment Corporation Limited,1998-06-24,INE672A01026
TATAPOWER,Tata Power Company Limited,1996-04-03,INE245A01021
TATASTEEL,Tata Steel Limited,1998-11-18,INE081A01020
TATATECH,Tata Technologies Limited,2023-11-30,INE142M01025
TATVA,Tatva Chintan Pharma Chem Limited,2021-07-29,INE0GK401011
TBOTEK,TBO Tek Limited,2024-05-15,INE673O01025
TCC,TCC Concept Limited,2026-02-25,INE887D01024
TCI,Transport Corporation of India Limited,2002-01-21,INE688A01022
TCIEXP,TCI Express Limited,2016-12-15,INE586V01016
TCIFINANCE,TCI Finance Limited,1997-05-21,INE911B01018
TCPLPACK,TCPL Packaging Limited,2017-10-17,INE822C01015
TCS,Tata Consultancy Services Limited,2004-08-25,INE467B01029
TDPOWERSYS,TD Power Systems Limited,2011-09-08,INE419M01035
TEAMGTY,Team India Guaranty Limited,2002-06-11,INE289C01025
TEAMLEASE,Teamlease Services Limited,2016-02-12,INE985S01024
TECHM,Tech Mahindra Limited,2006-08-28,INE669C01036
TECHNOCRAF,Technocraft Ventures Limited,2026-08-14,INE1D0W01018
TECHNOE,Techno Electric & Engineering Company Limited,2018-12-04,INE285K01026
TECHNVISN,TechNVision Ventures Limited,2026-04-20,INE314H01012
TECILCHEM,TECIL Chemicals and Hydro Power Limited,1995-12-06,INE014B01011
TEGA,Tega Industries Limited,2021-12-13,INE011K01018
TEJASNET,Tejas Networks Limited,2017-06-27,INE010J01012
TEMBO,Tembo Global Industries Limited,2021-04-23,INE869Y01028
TEMPSENS,Tempsens Instruments (India) Limited,2026-08-28,INE1KZI01025
TENNIND,Tenneco Clean Air India Limited,2025-11-19,INE19RI01016
TERAI,Terai Tea Company Limited,2026-08-17,INE390D01011
TERASOFT,Tera Software Limited,2016-12-29,INE482B01010
TEXINFRA,Texmaco Infrastructure & Holdings Limited,2004-09-09,INE435C01024
TEXMOPIPES,Texmo Pipes and Products Limited,2010-03-10,INE141K01013
TEXRAIL,Texmaco Rail & Engineering Limited,2011-03-03,INE621L01012
TFCILTD,Tourism Finance Corporation of India Limited,2000-07-26,INE305A01023
TFL,Transwarranty Finance Limited,2007-02-26,INE804H01012
TGBHOTELS,TGB Banquets And Hotels Limited,2007-05-17,INE797H01018
TGVSL,TGV Sraac Limited,2026-08-17,INE284B01028
THACKER,Thacker & Company Limited,2026-04-20,INE077P01034
THAKDEV,Thakkers Developers Limited,2026-04-20,INE403F01017
THANGAMAYL,Thangamayil Jewellery Limited,2010-02-19,INE085J01014
THEINVEST,The Investment Trust Of India Limited,2017-08-02,INE924D01017
THEJO,Thejo Engineering Limited,2023-10-10,INE121N01019
THELEELA,Leela Palaces Hotels & Resorts Limited,2025-06-02,INE0AQ201015
THEMISMED,Themis Medicare Limited,2007-04-02,INE083B01024
THERMAX,Thermax Limited,1995-08-30,INE152A01029
THOMASCOOK,Thomas Cook  (India)  Limited,2000-06-07,INE332A01027
THOMASCOTT,Thomas Scott (India) Limited,2012-01-30,INE480M01011
THYROCARE,Thyrocare Technologies Limited,2016-05-09,INE594H01019
TI,Tilaknagar Industries Limited,2010-07-16,INE133E01013
TIGERLOGS,Tiger Logistics (India) Limited,2025-09-18,INE906O01029
TIIL,Technocraft Industries (India) Limited,2007-02-12,INE545H01011
TIINDIA,Tube Investments of India Limited,2017-11-02,INE974X01010
TIMETECHNO,Time Technoplast Limited,2007-06-13,INE508G01029
TIMEX,Timex Group India Limited,2026-04-20,INE064A01026
TIMKEN,Timken India Limited,2007-02-06,INE325A01013
TINNARUBR,Tinna Rubber and Infrastructure Limited,2025-04-17,INE015C01016
TIPSFILMS,Tips Films Limited,2022-10-06,INE0LQS01015
TIPSMUSIC,Tips Music Limited,2000-11-10,INE716B01029
TIRUMALCHM,Thirumalai Chemicals Limited,2003-05-14,INE338A01024
TITAGARH,TITAGARH RAIL SYSTEMS LIMITED,2008-04-21,INE615H01020
TITAN,Titan Company Limited,2004-09-24,INE280A01028
TMB,Tamilnad Mercantile Bank Limited,2022-09-15,INE668A01016
TMCV,Tata Motors Limited,2025-11-12,INE1TAE01010
TMPV,Tata Motors Passenger Vehicles Limited,1998-07-22,INE155A01022
TNPETRO,Tamilnadu PetroProducts Limited,1999-10-27,INE148A01019
TNPL,Tamil Nadu Newsprint & Papers Limited,1996-02-14,INE107A01015
TNTELE,Tamilnadu Telecommunication Limited,2003-02-04,INE141D01018
TOKYOPLAST,Tokyo Plast International Limited,1995-10-11,INE932C01012
TOLINS,Tolins Tyres Limited,2024-09-16,INE0RWQ01014
TORNTPHARM,Torrent Pharmaceuticals Limited,2002-11-25,INE685A01028
TORNTPOWER,Torrent Power Limited,2006-11-28,INE813H01021
TOUCHWOOD,Touchwood Entertainment Limited,2020-01-21,INE486Y01013
TOYAMSL,Toyam Sports Limited,2026-08-17,INE457P01020
TPLPLASTEH,TPL Plastech Limited,2015-05-20,INE413G01022
TRACXN,Tracxn Technologies Limited,2022-10-20,INE0HMF01019
TRANSCOR,Transcorp International Limited,2026-08-17,INE330E01023
TRANSRAILL,Transrail Lighting Limited,2024-12-27,INE454P01035
TRAVELFOOD,Travel Food Services Limited,2025-07-14,INE103V01028
TREEHOUSE,Tree House Education & Accessories Limited,2011-08-26,INE040M01013
TREJHARA,TREJHARA SOLUTIONS LIMITED,2018-12-28,INE00CA01015
TREL,Transindia Real Estate Limited,2023-08-10,INE0O3901029
TRENT,Trent Limited,2004-06-07,INE849A01020
TRF,TRF Limited,2010-03-26,INE391D01019
TRIDENT,Trident Limited,2001-02-21,INE064C01022
TRIGYN,Trigyn Technologies Limited,1998-04-09,INE948A01012
TRITONV,Triton Valves Limited,2026-08-17,INE440G01017
TRITURBINE,Triveni Turbine Limited,2011-10-28,INE152M01016
TRIVENI,Triveni Engineering & Industries Limited,2005-12-13,INE256C01024
TRU,TruCap Finance Limited,2023-06-20,INE615R01029
TRUALT,TruAlt Bioenergy Limited,2025-10-03,INE0MWH01014
TSFINV,TSF INVESTMENTS LIMITED,2018-03-26,INE202Z01029
TTKHLTCARE,TTK Healthcare Limited,2015-12-02,INE910C01018
TTKPRESTIG,TTK Prestige Limited,1999-12-22,INE690A01028
TTL,T T Limited,2007-02-22,INE592B01024
TTML,Tata Teleservices (Maharashtra) Limited,2000-10-20,INE517B01013
TURTLEMINT,Turtlemint Fintech Solutions Limited,2026-06-29,INE0OC301013
TUTIALKA,Tuticorin Alkali Chemicals & Fertilizers Limited,2026-08-17,INE400A01014
TVSELECT,TVS Electronics Limited,2003-12-26,INE236G01019
TVSHLTD,TVS Holdings Limited,2012-10-23,INE105A01035
TVSMOTOR,TVS Motor Company Limited,2000-08-02,INE494B01023
TVSSCS,TVS Supply Chain Solutions Limited,2023-08-23,INE395N01027
TVSSRICHAK,TVS Srichakra Limited,2007-02-13,INE421C01016
TVTODAY,TV Today Network Limited,2004-01-16,INE038F01029
UBL,United Breweries Limited,2008-07-28,INE686F01025
UCOBANK,UCO Bank,2003-10-09,INE691A01018
UDAYJEW,Uday Jewellery Industries Limited,2026-09-25,INE551B01012
UDS,Updater Services Limited,2023-10-04,INE851I01011
UEL,Ujaas Energy Limited,2024-04-16,INE899L01030
UFLEX,UFLEX Limited,1995-08-23,INE516A01017
UFO,UFO Moviez India Limited,2015-05-14,INE527H01019
UGARSUGAR,The Ugar Sugar Works Limited,2010-08-23,INE071E01023
UGROCAP,Ugro Capital Limited,2021-08-11,INE583D01011
UJJIVANSFB,Ujjivan Small Finance Bank Limited,2019-12-12,INE551W01018
ULTRACEMCO,UltraTech Cement Limited,2004-08-24,INE481G01011
ULTRAMAR,Ultramarine & Pigments Limited,2026-04-20,INE405A01021
UMESLTD,Usha Martin Education & Solutions Limited,2010-07-12,INE240C01028
UMIYA-MRO,UMIYA BUILDCON LIMITED,2000-11-01,INE398B01018
UNICHEMLAB,Unichem Laboratories Limited,2001-02-07,INE351A01035
UNIDT,United Drilling Tools Limited,2020-09-25,INE961D01019
UNIECOM,Unicommerce Esolutions Limited,2024-08-13,INE00U401027
UNIENTER,Uniphos Enterprises Limited,2004-01-23,INE037A01022
UNIINFO,Uniinfo Telecom Services Limited,2022-01-12,INE481Z01011
UNIMECH,Unimech Aerospace and Manufacturing Limited,2024-12-31,INE0U3I01011
UNIONBANK,Union Bank of India,2002-09-24,INE692A01016
UNIPARTS,Uniparts India Limited,2022-12-12,INE244O01017
UNITDSPR,United Spirits Limited,2001-09-27,INE854D01024
UNITECH,Unitech Limited,1999-09-08,INE694A01020
UNITEDPOLY,United Polyfab Gujarat Limited,2021-12-31,INE368U01029
UNITEDTEA,The United Nilgiri Tea Estates Company Limited,2015-01-28,INE458F01011
UNIVCABLES,Universal Cables Limited,1995-05-17,INE279A01012
UNOMINDA,UNO Minda Limited,2007-02-02,INE405E01023
UPHOT,U P Hotels Limited,2026-08-17,INE726E01014
UPL,UPL Limited,2004-01-23,INE628A01036
URBANCO,Urban Company Limited,2025-09-17,INE0CAZ01013
URJA,Urja Global Limited,2017-03-28,INE550C01020
USHAMART,Usha Martin Limited,2000-10-11,INE228A01035
USK,Udayshivakumar Infra Limited,2023-04-03,INE0N0Y01013
UTIAMC,UTI Asset Management Company Limited,2020-10-12,INE094J01016
UTKARSHBNK,Utkarsh Small Finance Bank Limited,2023-07-21,INE735W01017
UTLSOLAR,Fujiyama Power Systems Limited,2025-11-20,INE12UR01024
UTTAMSUGAR,Uttam Sugar Mills Limited,2006-04-10,INE786F01031
V2RETAIL,V2 Retail Limited,2007-07-04,INE945H01021
VADILALIND,Vadilal Industries Limited,2011-06-15,INE694D01016
VADILENT,Vadilal Enterprises Limited,2026-08-17,INE693D01018
VAIBHAVGBL,Vaibhav Global Limited,2004-04-05,INE884A01027
VAISHALI,Vaishali Pharma Limited,2020-01-15,INE972X01022
VAKRANGEE,Vakrangee Limited,2006-04-03,INE051B01021
VALIANTORG,Valiant Organics Limited,2021-07-23,INE565V01010
VAML,Vedanta Aluminium Metal Limited,2026-06-15,INE1CDF01017
VARDMNPOLY,Vardhman Polytex Limited,2003-05-12,INE835A01029
VARMORA,Varmora Granito Limited,2026-09-29,INE0M5301040
VARROC,Varroc Engineering Limited,2018-07-06,INE665L01035
VASCONEQ,Vascon Engineers Limited,2010-02-15,INE893I01013
VASUPRADA,Shri Vasuprada Plantations Limited,2026-08-17,INE574G01013
VASWANI,Vaswani Industries Limited,2011-09-20,INE590L01019
VBL,Varun Beverages Limited,2016-11-08,INE200M01039
VEDAVAAG,VEDAVAAG Systems Limited,2026-08-17,INE359B01010
VEDL,Vedanta Limited,1998-05-13,INE205A01025
VEDPOWER,Vedanta Power Limited,2026-06-15,INE694L01019
VEEDOL,Veedol Corporation Limited,2007-01-16,INE484C01030
VENKEYS,Venky's (India) Limited,2003-07-28,INE398A01010
VENTIVE,Ventive Hospitality Limited,2024-12-30,INE781S01027
VENUSPIPES,Venus Pipes & Tubes Limited,2022-05-24,INE0JA001018
VENUSREM,Venus Remedies Limited,2006-12-20,INE411B01019
VERANDA,Veranda Learning Solutions Limited,2022-04-11,INE0IQ001011
VERTOZ,Vertoz Limited,2020-05-14,INE188Y01031
VESUVIUS,Vesuvius India Limited,2002-10-04,INE386A01023
VETO,Veto Switchgears And Cables Limited,2015-04-29,INE918N01018
VGCL,Vibrant Global Capital Limited,2026-08-17,INE761Q01015
VGL,VARVEE GLOBAL LIMITED,2006-11-21,INE273D01027
VGUARD,V-Guard Industries Limited,2008-03-13,INE951I01027
VHL,Vardhman Holdings Limited,2005-06-30,INE701A01023
VIDHIING,Vidhi Specialty Food Ingredients Limited,2016-03-02,INE632C01026
VIDYAWIRES,Vidya Wires Limited,2025-12-10,INE14UN01029
VIJAYA,Vijaya Diagnostic Centre Limited,2021-09-14,INE043W01024
VIJSOLX,Vijay Solvex Limited,2026-08-17,INE362D01010
VIKASECO,Vikas EcoTech Limited,2011-12-12,INE806A01020
VIKASLIFE,Vikas Lifecare Limited,2019-05-08,INE161L01027
VIKRAMSOLR,Vikram Solar Limited,2025-08-26,INE078V01014
VIKRAN,Vikran Engineering Limited,2025-09-03,INE01R501028
VIMTALABS,Vimta Labs Limited,2005-12-15,INE579C01029
VINATIORGA,Vinati Organics Limited,2009-07-28,INE410B01037
VINCOFE,Vintage Coffee And Beverages Limited,2024-10-18,INE498Q01014
VINDHYATEL,Vindhya Telelinks Limited,1995-02-08,INE707A01012
VINEETLAB,Vineet Laboratories Limited,2021-06-15,INE505Y01010
VINNY,Vinny Overseas Limited,2022-11-28,INE01KI01027
VINYLINDIA,Vinyl Chemicals (India) Limited,2008-07-21,INE250B01029
VIPCLOTHNG,VIP Clothing Limited,2007-08-06,INE450G01024
VIPIND,VIP Industries Limited,2005-03-02,INE054A01027
VIRAT,Virat Industries Limited,2026-08-17,INE467D01017
VIRINCHI,Virinchi Limited,2023-05-03,INE539B01017
VISACHROME,VISA Chrome Limited,2006-03-17,INE286H01012
VISHAL,Vishal Fabrics Limited,2026-08-17,INE755Q01025
VISHNU,Vishnu Chemicals Limited,2015-03-05,INE270I01022
VISHWARAJ,Vishwaraj Sugar Industries Limited,2019-10-15,INE430N01022
VISL,Vedanta Iron and Steel Limited,2026-06-15,INE1CLE01013
VITAL,Vital Chemtech Limited,2026-03-11,INE0L4K01016
VIVIANA,Viviana Power Tech Limited,2026-06-02,INE0MEG01014
VIVIDHA,Visagar Polytex Limited,2013-05-21,INE370E01029
VIVOBIOT,Vivo Bio Tech Limited,2026-08-17,INE380K01017
VIYASH,Viyash Scientific Limited,2016-03-10,INE807F01027
VLEGOV,VL E-Governance & IT Solutions Limited,2023-08-14,INE03HW01020
VLSFINANCE,VLS Finance Limited,1995-05-25,INE709A01018
VMART,V-Mart Retail Limited,2013-02-20,INE665J01013
VMM,Vishal Mega Mart Limited,2024-12-18,INE01EA01019
VMSTMT,VMS TMT Limited,2025-09-24,INE0SJA01013
VOEPL,Virtuoso Optoelectronics Limited,2026-07-01,INE0I0T01010
VOGL,Vedanta Oil and Gas Limited,2026-06-15,INE704J01044
VOITHPAPR,Voith Paper Fabrics India Limited,2026-08-17,INE285C01015
VOLTAMP,Voltamp Transformers Limited,2006-09-20,INE540H01012
VOLTAS,Voltas Limited,1995-04-12,INE226A01021
VPRPL,Vishnu Prakash R Punglia Limited,2023-09-05,INE0AE001013
VRAJ,Vraj Iron and Steel Limited,2024-07-03,INE0S2V01010
VRLLOG,VRL Logistics Limited,2015-04-30,INE366I01010
VSSL,Vardhman Special Steels Limited,2012-05-17,INE050M01012
VSTIND,VST Industries Limited,2003-09-05,INE710A01016
VSTL,Vibhor Steel Tubes Limited,2024-02-20,INE0QTF01015
VSTTILLERS,V.S.T Tillers Tractors Limited,2011-06-20,INE764D01017
VTL,Vardhman Textiles Limited,2003-01-14,INE825A01020
VTMLTD,VTM Limited,2026-09-23,INE222F01029
WAAREEENER,Waaree Energies Limited,2024-10-28,INE377N01017
WAAREEINDO,Indosolar Limited,2010-09-29,INE866K01023
WAAREERTL,Waaree Renewable Technologies Limited,2025-04-09,INE299N01021
WABAG,VA Tech Wabag Limited,2010-10-13,INE956G01038
WAKEFIT,Wakefit Innovations Limited,2025-12-15,INE0E7301029
WALCHANNAG,Walchandnagar Industries Limited,1996-09-18,INE711A01022
WANBURY,Wanbury Limited,2007-01-29,INE107F01022
WARDINMOBI,Wardwizard Innovations & Mobility Limited,2026-08-17,INE945P01024
WATERBASE,Waterbase Limited,2026-08-17,INE054C01015
WCIL,Western Carriers (India) Limited,2024-09-24,INE0CJF01024
WEALTH,Wealth First Portfolio Managers Limited,2021-01-20,INE658T01017
WEBELSOLAR,Websol Energy System Limited,2007-05-15,INE855C01023
WEIZMANIND,Weizmann Limited,1995-05-10,INE080A01014
WEL,Wonder Electricals Limited,2022-01-17,INE02WG01024
WELCORP,Welspun Corp Limited,2005-05-24,INE191B01025
WELENT,Welspun Enterprises Limited,2004-11-04,INE625G01013
WELSPLSOL,Welspun Specialty Solutions Limited,2026-04-20,INE731F01037
WELSPUNLIV,Welspun Living Limited,2003-12-04,INE192B01031
WENDT,Wendt (India) Limited,2006-08-07,INE274C01019
WESTLIFE,WESTLIFE FOODWORLD LIMITED,2023-06-05,INE274F01020
WEWIN,WE WIN LIMITED,2022-06-15,INE082W01014
WEWORK,WeWork India Management Limited,2025-10-10,INE085001019
WHBRADY,WH Brady & Company Limited,2026-08-17,INE855A01019
WHEELS,Wheels India Limited,2000-04-07,INE715A01015
WHIRLPOOL,Whirlpool of India Limited,2010-04-06,INE716A01013
WILLAMAGOR,Williamson Magor & Company Limited,1995-02-08,INE210A01017
WINDLAS,Windlas Biotech Limited,2021-08-16,INE0H5O01029
WINDMACHIN,Windsor Machines Limited,2011-08-17,INE052A01021
WIPL,The Western India Plywoods Limited,2017-04-17,INE215F01023
WIPRO,Wipro Limited,1995-11-08,INE075A01022
WOCKPHARMA,Wockhardt Limited,2000-02-23,INE049B01025
WONDERLA,Wonderla Holidays Limited,2014-05-09,INE066O01014
WORTHPERI,Worth Peripherals Limited,2020-08-04,INE196Y01018
WPIL,WPIL Limited,2026-04-20,INE765D01022
WSI,W S Industries (I) Limited,2007-08-01,INE100D01014
WSTCSTPAPR,West Coast Paper Mills Limited,2001-01-17,INE976A01021
XCHANGING,Xchanging Solutions Limited,2005-03-09,INE692G01013
XELPMOC,Xelpmoc Design And Tech Limited,2019-02-04,INE01P501012
XPROINDIA,Xpro India Limited,2004-04-27,INE445C01015
XTGLOBAL,Xtglobal Infotech Limited,2024-09-16,INE547B01028
XTRANET,Xtranet Technologies Limited,2026-07-30,INE0NG701011
YASHO,Yasho Industries Limited,2023-08-21,INE616Z01012
YATHARTH,Yatharth Hospital & Trauma Care Services Limited,2023-08-07,INE0JO301016
YATRA,Yatra Online Limited,2023-09-28,INE0JR601024
YESBANK,Yes Bank Limited,2005-07-12,INE528G01035
YOGI,Yogi Limited,2026-08-17,INE290E01011
YUKEN,Yuken India Limited,2021-09-02,INE384C01016
ZAGGLE,Zaggle Prepaid Ocean Services Limited,2023-09-22,INE07K301024
ZEEL,Zee Entertainment Enterprises Limited,1998-09-09,INE256A01028
ZEELEARN,Zee Learn Limited,2010-12-20,INE565L01011
ZEEMEDIA,Zee Media Corporation Limited,2007-01-10,INE966H01019
ZENITHEXPO,Zenith Exports Limited,1996-07-10,INE058B01018
ZENITHSTL,Zenith Steel Pipes & Industries Limited,2007-04-30,INE318D01020
ZENSARTECH,Zensar Technologies Limited,2003-07-09,INE520A01027
ZENTEC,Zen Technologies Limited,2015-03-30,INE251B01027
ZFCVINDIA,ZF Commercial Vehicle Control Systems India Limited,2008-10-01,INE342J01019
ZFSTEERING,ZF Steering Gear (India) Limited,2026-04-20,INE116C01012
ZIMLAB,Zim Laboratories Limited,2022-11-25,INE518E01015
ZODIAC,Zodiac Energy Limited,2021-12-14,INE761Y01019
ZODIACLOTH,Zodiac Clothing Company Limited,1995-09-27,INE206B01013
ZOTA,Zota Health Care LImited,2019-08-19,INE358U01012
ZSARACOM,Saraswati Commercial India Limited,2026-04-20,INE967G01019
ZUARI,Zuari Agro Chemicals Limited,2012-11-27,INE840M01016
ZUARIIND,ZUARI INDUSTRIES LIMITED,1995-04-12,INE217A01012
ZYDUSLIFE,Zydus Lifesciences Limited,2000-04-18,INE010B01027
ZYDUSWELL,Zydus Wellness Limited,2009-11-13,INE768C01028
