ticker,date,shock_ret,vol_z,fwd1,fwd3,fwd5,fwd10,fwd20,fwd40
360ONE,2023-08-31,-0.03561887757514515,19.57742399123282,-0.020006155489672994,0.05837689819051772,0.05334968535303419,0.12362771873983402,0.030265722407454065,0.0774596676098196
360ONE,2023-09-15,-0.03825776498521272,8.17053084975292,-0.021741216512370376,-0.02022220434891553,-0.011867463610114926,-0.04794461093146374,0.04585580985356441,0.0312350715072629
360ONE,2023-11-03,-0.037077350484336136,5.299160230356191,-0.003765769331458668,0.009132059582083185,0.022029773573465583,0.02918471231880515,0.1449821192611609,0.2337601772191642
360ONE,2023-11-16,-0.03043836130500932,2.1809349168282464,0.006260402443204471,0.01445412810528035,-0.005155566044627302,0.0786227474250265,0.2335666402566825,0.2181918713440434
360ONE,2023-12-15,-0.053074187693242014,2.704931575236956,-0.007015467007080001,-0.04268980685122459,-0.017986398348247223,0.04910808684146928,-0.012463671123142506,0.06515406012921643
360ONE,2024-10-22,-0.07240802078813768,2.5617039711515077,-0.01644140702282193,-0.012392010025286115,0.00034148957825497206,0.011318706017732438,0.06522903564272164,0.19563839076579792
360ONE,2025-01-07,-0.03227599554650551,1.6038124238352387,-0.034050826895218544,-0.07245549141897778,-0.0745913457536922,-0.012692082988956632,-0.1856978885737659,-0.1924341178336968
360ONE,2025-07-22,-0.06313460421608408,65.09690959806198,-0.016694323917064713,-0.05786203354997144,-0.05392881084563972,-0.06843801103807567,-0.03601079630368398,-0.03671007857376296
360ONE,2026-07-08,-0.05077821550627337,3.62825112394238,0.007786022149103955,0.024090913258623337,0.00632044034320578,0.0017404273143211135,0.09187510608611715,0.08207392293099369
AADHARHFC,2026-05-06,-0.03352982064782306,3.2930492364948463,0.0006998722240432187,-0.002399544475875981,-0.02659471735298069,-0.04079182892923561,-0.06038794608768738,0.11097774206172262
AARTIIND,2024-08-13,-0.15449533278178895,23.87780921125126,-0.03565970143035391,-0.005876236449488315,0.0011268633089651647,0.031554334404842566,-0.08130080981263299,-0.1516542035008227
AARTIIND,2026-03-02,-0.03175664068719719,4.690650400978986,-0.04723411855974813,-0.031412416491658046,-0.012819074151897647,-0.018477883761265468,-0.056011085151336015,0.12715090943719498
AAVAS,2024-07-04,-0.034507813025316025,2.871893069544738,-0.00880292334887467,0.00309220765168039,-0.0027578634644709332,-0.03145106941511733,-0.06766579537224393,-0.047497005966846695
ABB,2022-09-16,-0.03542669757137484,1.7542375558815264,-0.007027924532473584,-0.015879754587285855,-0.017452007516720158,-0.028850841255118498,0.005157035670641852,-0.04543810966064976
ABB,2022-10-20,-0.03257882173030213,2.563815162039199,-0.029223074374750135,-0.024754228683421364,-0.05448798152174705,0.02780255750704752,-0.015912313865960703,-0.07518834434270272
ABB,2023-07-20,-0.06442639367975966,13.506527834958051,0.005185491124524155,0.03070887194487404,0.046646074609003385,0.040187962728948534,0.01795908658420542,0.04172214613314695
ABB,2023-08-14,-0.03798608479578247,7.196849591908565,-0.01259560823849415,-0.017268742264610393,-0.006981052486167427,-0.00823250649834395,0.010838795993822314,-0.03183925055833847
ABB,2023-10-18,-0.04325807469052401,7.533669596282385,-0.0010125912064811171,-0.037966927977707954,-0.03417265972765482,-0.005209441605810716,0.045567676573197824,0.19278728626748087
ABB,2024-04-18,-0.04143812029008309,9.43927972374121,-0.012073145826791754,-0.009741707306303526,0.009765318362901398,0.051660225243347124,0.3142867743739697,0.3921029908156055
ABB,2024-06-04,-0.12159142988084326,7.275204135621944,0.01903677507581447,0.0530211628134476,0.05589069684025172,0.11442266931881173,0.12405512236280036,0.013441132773013287
ABB,2024-09-19,-0.03629296486143674,2.9111298318443217,0.025730710232579,0.0767057172775687,0.07566605252145542,0.05700610392222072,0.17064520390770777,-0.11686463141850623
ABB,2026-05-11,-0.089126559714795,40.94827386101029,-0.009236790606653611,0.006497064579256362,0.004070450097847456,0.05753424657534256,0.08508806262230917,0.060117416829745585
ABBOTINDIA,2024-08-08,-0.032596058313487,16.7564276541712,0.0003380335616882668,0.003311953960273728,0.026091440840969593,0.06782405550437898,0.09831301807356607,0.029943416152393043
ABCAPITAL,2023-03-13,-0.04295470944940649,2.206744209021317,-0.0142808980614334,0.01190071379586466,0.019041162826581415,-0.007140449030716756,0.07242430245129516,0.12682756551810503
ABCAPITAL,2023-03-24,-0.06552054002356278,3.2052451839357397,0.013536944858942856,0.06282542769892285,0.06768483022174454,0.08538703777283763,0.12356822405177037,0.14717109683520757
ABCAPITAL,2023-05-11,-0.04066704035373958,3.0509089177923805,-0.00426957585405241,0.006709399963349183,0.005184544796203783,0.005794431021197921,0.04879536534865281,0.15431536152906933
ABCAPITAL,2023-08-02,-0.031608448336298056,7.169452700491315,0.01658335986249959,-0.023163958763754544,-0.01737300923809426,-0.048697026315406844,-0.04632799785806585,-0.05264543385449394
ABCAPITAL,2023-10-23,-0.051401820552272715,1.7038925825597417,0.0002897887619439654,-0.0017386441405499165,-0.0005795775238881529,0.008693132271635262,-0.009272709795523415,-0.07736891258999967
ABCAPITAL,2023-11-17,-0.05656732987102531,6.78423209367063,0.001169914897996449,0.0,-0.013161743434726203,0.009359497701541653,-0.02954081978303158,0.047674813107724034
ABCAPITAL,2024-03-06,-0.05755209922790527,3.564446320370927,0.006355397483661429,0.01519756864536781,-0.043658436196293726,-0.04144791448736662,0.12268581001740597,0.15722573875687806
ABCAPITAL,2024-06-04,-0.10215637829007052,2.7448155061924693,0.04585151221924688,0.12518188757360127,0.13590486985608186,0.15526443014236357,0.1526443014236356,0.06787962066992104
ABCAPITAL,2025-07-25,-0.039121629916798906,10.574080549011613,-0.02535051257456644,-0.04436336770111504,-0.034184785660173134,0.04397918732869388,0.09544845600516405,0.11945460101564276
ABCAPITAL,2026-02-27,-0.032851275838723604,22.778043491500856,-0.01843520359551898,-0.048918581815546425,-0.05849912527206225,-0.08665990723081851,-0.12062713554375859,0.004064432709739441
ABDL,2025-06-11,-0.045439168246834805,1.619186561439413,-0.020973238525919258,0.022740647478936005,0.006127032087001938,0.019088031075790157,0.038411659145805466,0.17073166171177023
ABDL,2025-12-01,-0.04718564723452767,2.5528639576041146,-0.03908826734720616,0.009390762454938972,-0.02464088019953725,0.00505652671511525,-0.047355324539581134,-0.26767797854153064
ABFRL,2022-10-03,-0.04798052050171908,1.938619122311252,0.0034601891841885557,0.023619695981201838,-0.0013540309877144718,0.01068147353023674,0.05792086549264064,-0.04919514308184836
ABFRL,2022-11-04,-0.06597616459332167,4.853703206908672,-0.02658362498026301,-0.046939030763925915,-0.044204733594935486,-0.054838183587040734,-0.042381837910166587,-0.12866476344773814
ABREL,2023-12-14,-0.03555915520226005,1.6509591670913923,-0.018012965730789365,-0.01696763043524785,-0.003739314246695935,-0.016887136967096428,0.2003537393436956,0.09038631171272238
ABREL,2024-05-07,-0.04591094781152949,3.6240326601209296,0.07516406612471771,0.08530895450253562,0.08322025621453966,0.16817663526731952,-0.0005425052750558379,0.2600498241294851
ABREL,2024-06-04,-0.10291583115656155,2.1855954369273025,-0.028706973070713016,0.11814951767826543,0.10937126725813884,0.2070647159615131,0.23951498554270456,0.21046524379695541
ABREL,2024-10-07,-0.041394902677814094,1.9867724421854633,0.018254942189859902,0.01853928621873724,0.03569470929432894,0.14893943934984444,0.042291453740318063,0.09622203788402883
ABSLAMC,2024-08-05,-0.04344021544164545,8.030438850144368,-0.02529722083555286,-0.0016763739723105742,0.06202379068866937,0.14507773611103758,0.13555320108553648,0.14279184770491726
ACC,2023-12-20,-0.05270688805186696,1.9705485753519585,0.00994416934853004,0.012891547573054885,0.040279899725257584,0.13013685166980649,0.0831237646131624,0.2798026142288952
ACC,2024-06-04,-0.14937751330929483,3.451659753899826,0.05238712835834436,0.0951118705479681,0.12337593076571918,0.1487697433166899,0.21276923750093202,0.09020391714078868
ACE,2023-09-04,-0.053178217194156274,5.741037516701211,-0.003748975508563457,-0.010136056191665688,-0.01284365432271195,-0.0161066876207705,-0.03457376283257363,0.1749513994228864
ACE,2024-01-23,-0.041899760552330356,2.0411206792363,0.03903832350994585,0.05226104683922417,0.1184888380080138,0.27864914071443914,0.26846021751574134,0.6123067837274614
ACE,2024-06-04,-0.12461206414327408,7.351979143500634,0.06428231764341019,0.15196157295105017,0.1285253042982808,0.19398928254603232,0.20257603550366987,0.07164798284438056
ACE,2024-10-04,-0.03582370966039672,1.7024219172159316,-0.02981462309047489,0.02569046626702609,0.01691258084444769,0.04358681466964631,0.019712484924801377,0.027393076936719662
ACMESOLAR,2026-05-08,-0.05275498457203731,20.23994178514163,0.02634375010116763,-0.000884017011284377,-0.024045219542042084,0.026166989863803947,0.24557996889969447,0.298267361189797
ACUTAAS,2024-06-04,-0.095613747178523,1.6475203280410133,0.009590355056984468,0.11275524135269754,0.1524867123030622,0.2508105966198504,0.2699457052734131,0.23318267755497235
ACUTAAS,2024-08-05,-0.05667032775349512,1.6996337080052033,0.03363553566261546,0.013716603319718468,0.019243061157751873,0.030136788446106788,0.09088744517100578,0.36768450492265825
ACUTAAS,2024-12-30,-0.06398952663278645,1.9352088411973398,0.01699053328947242,-0.006341798269437593,-0.01822097110186982,-0.0653115327807281,-0.0960978401997633,0.06024754573932167
ACUTAAS,2025-04-04,-0.08849745335184733,3.134041790281674,-0.06942451717264886,-0.07084045405709205,0.0247897447537635,-0.04043046523503735,0.013026576790696964,-0.006230143564640245
ACUTAAS,2026-03-04,-0.039874039070075806,3.003396223873349,0.061962414988714576,0.02380617612556435,0.04205274411974336,0.07284392911766457,0.05127103936505106,0.2762176520922428
ACUTAAS,2026-04-01,-0.08852497121667446,2.449863080038589,-0.09515035255449955,-0.050641092882308114,-0.004287980610287678,0.012692359794235664,0.14763508866258346,0.3025170320557957
ACUTAAS,2026-07-23,-0.0547874069979416,4.016581564646354,-0.057702897291550204,-0.046659576747644094,-0.06513256120595623,-0.05738486727646186,-0.07186843127919074,-0.005434953686614397
ADANIENSOL,2022-08-05,-0.06143690049245809,2.0144225348926232,0.04037966738285581,0.05444308964264799,0.08089512603647675,0.08702142694890136,0.17490306175791415,0.013640944155305812
ADANIENSOL,2026-03-23,-0.062382412592327796,14.449716283957944,0.021543946407150738,0.009610281287687927,0.010243902124595916,0.1392438189739469,0.4911288570782153,0.4830499658051015
ADANIENT,2022-09-21,-0.050709978666545474,2.00401287928227,0.020933476862611045,-0.01480732535873941,-0.025095490564962075,-0.09755228925844328,-0.07774511480665469,0.09937913526963715
ADANIENT,2022-11-23,-0.0323995912671976,1.7332498789447284,0.004560256348591363,-0.004393755609314209,0.0037403871936538824,0.024594573514485907,-0.00034588620894138167,-0.07854894418078351
ADANIENT,2022-12-21,-0.0632247055108156,2.0046308393477554,-0.008559797732341279,-0.04746343584346946,-0.02671741085984214,-0.019195505652566114,-0.0782301166903292,-0.539563552052644
ADANIENT,2023-01-10,-0.054055493436294566,8.329513066702468,-0.0030436408491747446,0.02035975814753832,-0.002070197946109742,-0.05618467954441719,-0.4065507532550857,-0.4644355269639199
ADANIENT,2024-06-04,-0.19312804334407796,5.974124171601125,0.0591925533892903,0.09461965111028481,0.09519762005949861,0.10901824134084137,0.08489586100191238,0.09383765405864852
ADANIGREEN,2022-08-03,-0.03987100519615572,2.094457922740397,-0.006191665553715087,-0.01787178841471615,-0.018007889664300558,0.09378118064124186,0.06767665089486852,-0.05921711106105598
ADANIGREEN,2024-03-13,-0.09071739908318899,2.56232804131272,0.09872466598731888,0.08400001415307967,0.07115942028985511,0.06385508661684791,0.05223186990489137,0.06617392719655801
ADANIGREEN,2024-04-15,-0.03659673122010443,1.8278581244485692,-0.0019006948478202945,-0.02481952915197949,0.0007162408934004993,-0.009613768611418716,0.013249985759248073,-0.009668848544911235
ADANIGREEN,2024-06-04,-0.1923454367026497,2.2626847613633747,0.11108746997930585,0.13259416767922239,0.12739972732191673,0.08727218980198215,0.07840221678500914,0.15549814773503945
ADANIPORTS,2024-03-13,-0.07050641401468072,10.31708279126805,0.04819968120731888,0.04716623905979378,0.029639100606602353,0.10937945634080348,0.08763589411012651,0.10607244146872308
ADANIPORTS,2024-06-04,-0.21149658153791562,5.581865025703923,0.08459107934223642,0.10400738980147195,0.12370391612172638,0.15969420796649691,0.20953607708350308,0.273189548485945
ADANIPORTS,2024-08-05,-0.05928842847233151,2.0696397243081113,0.0001673528159358284,0.016835709626194406,0.005054087727359491,-0.0008701856137210973,-0.009572532042385062,-0.017638970456589687
ADANIPORTS,2026-03-02,-0.03333330123068701,3.7091571755100956,-0.02441680148393921,0.004896926431862347,-0.031422207514044787,-0.07127800132473228,-0.06304840519870236,0.17322991410826583
ADANIPOWER,2024-06-04,-0.1732990201047857,4.013735802687838,0.00511795775576851,0.06100012136114441,0.05519061614525356,0.02171657423872264,-0.010650759562466638,0.020817551987420746
ADANIPOWER,2024-08-05,-0.04887455011152353,2.1066743896498212,-0.0020988151550688228,0.001013240149842387,0.0009409052944586715,0.006658451046806846,-0.045957812324512015,-0.054498073960236204
AEGISLOG,2024-07-12,-0.0395163207441902,20.505880714520003,0.02459070689659404,0.04705331911909627,0.00041382825701608006,0.045279954996267247,-0.11597798476967702,0.0060294813126415825
AEGISLOG,2024-12-02,-0.07836337183487896,2.4367631050297858,0.001075555003814399,0.002688814570772413,-0.07146270155989032,-0.07439053645803972,-0.020076467540682152,-0.2401410314751916
AEGISLOG,2025-03-28,-0.10763346555138098,1.804869894909296,-0.029362498051565655,0.004841968241107608,-0.013594899796483761,0.0010552803688070878,-0.037680844448597095,-0.010615168742180159
AFFLE,2022-09-26,-0.05422298875092668,3.409939453760865,0.004198999422357241,0.005778864200548295,0.03612850811942914,0.010310584261704836,-0.017461438967027232,0.006735106158488602
AFFLE,2024-08-05,-0.0331433318467087,2.415537140439521,0.021446505058451137,0.03375638212825294,0.08906398857793785,0.11964703648742647,0.12888821346383228,0.11476490525460825
AIAENG,2023-05-26,-0.037563381331085166,10.84457873184536,-0.003820797142758292,0.09435983667175418,0.09209239621527754,0.15095788440107505,0.1825242926660693,0.26977807608518556
AIAENG,2024-04-29,-0.03397359517063647,14.369415083072512,0.006720800895925638,-0.016795497174082907,0.008775495488591245,0.0007025470989412419,-0.025809641193519695,0.0856873796158295
AIAENG,2024-08-13,-0.0552941084575056,2.9964151304711626,0.0032217412285591163,0.01070982251484165,-0.021606702097981434,-0.041322216430826564,-0.051856149463537116,-0.09981969717372019
AIAENG,2026-05-12,-0.03989144943990053,1.8413232281483491,0.01200063987786848,0.028401514377622172,0.06741694104653106,0.1049655577338402,0.1837964537301826,0.2500666539446341
AIIL,2025-08-14,-0.030091111454326636,27.855341409008446,0.024019126329634766,-0.012803228752937157,0.02947168053527771,0.11115720465840417,0.13086245941758046,0.0816509802917964
AJANTPHARM,2024-08-14,-0.04076721978091424,2.615421567153391,-0.016612447926042995,-0.028628633234065504,0.02534561140800995,0.03452186541109392,0.11336552739714945,0.09831255291156471
AJANTPHARM,2026-05-29,-0.030422452661183708,2.6028887691193185,0.000717026093848272,0.00010244420708427349,0.01625186904412801,0.06900205005112214,0.1554508737098823,0.15609963145092176
ALKEM,2023-08-11,-0.0770994862164357,7.237165438177431,-0.006972644829662422,-0.008490147950965143,0.0002616362665679439,-0.028701549543343807,-0.05026035235813098,-0.07387302541589369
ALKEM,2024-02-26,-0.06627741552251898,29.50009354272829,-0.0035165586940221205,0.01293993277879335,0.012455881440798455,-0.000997716817234151,-0.011389097114994251,-0.035234172133787656
ALKEM,2024-05-30,-0.059981639523384755,9.712206054631297,-0.027563195350213565,-0.04818258647725027,-0.018638253147799322,0.028887441632384325,0.00900588152496784,0.05159901554094226
ALKEM,2026-02-13,-0.07972063708372368,8.175505666126734,0.014437760296159174,0.01138361869504867,-0.0019435446552521496,0.043868579361406645,-0.014715409532623736,0.03322535863026377
AMBER,2023-10-23,-0.07992497777360419,8.552516369713942,0.06490930383873761,0.04058847863133752,0.0502165624152926,0.21573786501598158,0.17021012400236502,0.09909091496943234
AMBER,2024-02-12,-0.11089192585157226,4.347318977965935,-0.025117701456297548,0.05925710082255953,0.09775194610440319,0.022074298371458134,-0.018517067982522506,-0.0006628240133558227
AMBER,2024-09-24,-0.05437820527296644,2.5216329067775742,0.017668709576104336,-0.013614043329309045,0.025968472850587565,0.0912545956157913,0.35676100606173633,0.3726512244740565
AMBER,2025-09-08,-0.04112401360107787,2.3494951404815687,0.046032383246353614,0.05680449618627059,0.08122574601900179,0.11207011909541009,0.12638833132610738,0.048106516793791076
AMBER,2026-03-09,-0.07138774214036203,9.125126446126808,0.0269475412078517,-0.05211681827508374,-0.10696942753573624,-0.13973052458792146,-0.057725189795499676,0.1681143560631968
AMBER,2026-05-18,-0.1560785701645726,16.41838378104598,-0.003494792758789389,0.05361012091982942,0.04305584678828556,0.061228769133990335,0.09184315370098561,0.0974348221150485
AMBUJACEM,2024-03-13,-0.048166093746802474,3.742698075554204,0.04148415235946579,0.04541801415120705,0.030576621521569036,0.09494854820909704,0.08511394829850238,0.096557890031292
AMBUJACEM,2024-06-04,-0.17024450549375558,5.099673699679145,0.0759972164633953,0.11624149307394593,0.1493891988164926,0.19798781358375517,0.24452037835219098,0.1929572927145775
ANANDRATHI,2023-02-01,-0.04084084084084083,2.7676694328042024,-0.044583563664292614,-0.010206668020115717,0.0016280373111694502,-0.005322479649342515,-0.050720100187852224,0.01152161829308862
ANANDRATHI,2023-05-15,-0.03281695420073161,2.744433670823781,-0.002728732662837019,0.012338311872912566,0.025447799917654557,0.01981249340155622,0.038794578508413835,0.11329932048155578
ANANDRATHI,2024-02-12,-0.04326319313750682,4.677698484789582,0.030289123451124444,0.09473761736079234,0.12758145938503906,0.12875939961947358,0.1999846725849015,0.22657183687566929
ANANDRATHI,2024-03-15,-0.051920705332803574,16.7997666119639,0.010527760180007117,0.007437986062565516,0.016595623252359193,-0.03562388041768616,0.15710593433240128,0.1050262419171617
ANANDRATHI,2024-04-02,-0.04741055167621877,3.80402063894015,0.017049104200689724,0.05277121209868829,0.18071240626652463,0.19984921944516998,0.15905295653768214,0.18672890434920486
ANANDRATHI,2024-07-12,-0.03520629067291159,11.322628697962207,-0.022362682431798175,-0.03274936745244639,-0.04631461615020027,-0.07373297400982348,-0.08542111095685767,-0.026767601344481307
ANANDRATHI,2024-08-23,-0.04064553791296377,3.4117207176706907,0.016614170807625506,0.03429622616237249,0.05781684039710422,0.0871066044020683,0.08158705656212706,0.14951385859529243
ANANDRATHI,2026-05-29,-0.03252306097738533,11.36406639253757,0.014982453387266448,0.03468860024506748,0.016199654352848425,0.023154765008542855,0.1526356851145534,0.1893819379800592
ANANTRAJ,2023-09-12,-0.059926682816840215,1.5899340041749932,0.017885777766114774,0.0185737353592077,0.00504467245737894,0.017885777766114774,0.06237097296209804,0.13529006919113717
ANANTRAJ,2024-06-04,-0.16006519699292066,4.427511985386965,0.05984187148496778,0.16654236783624765,0.26413969026820294,0.3189076555631438,0.4547082872829544,0.5914043624335295
ANANTRAJ,2024-10-07,-0.07835795153805969,7.641304105260253,0.09608011104348302,0.13655857597919607,0.15175688582287994,0.10480780331570938,0.0940486060462784,0.08682569147079255
ANANTRAJ,2024-10-22,-0.061495537542065604,3.0092257270389853,0.0018866378579187604,-0.041288749308532435,-0.008272276769481501,0.08772950189093387,-0.024018559010469565,0.2156592979517502
ANANTRAJ,2024-11-13,-0.07650157731634089,4.413952211780684,0.0010382856635373638,-0.0307772168856445,0.0036339545575072574,-0.001112429525987113,0.12644615612053967,0.22367247858586747
ANANTRAJ,2026-01-08,-0.03457021828929252,1.6725624942584658,-0.035020138075615215,-0.0079670600376065,-0.03423216359431791,-0.12204514913162501,-0.011906825571113222,-0.1501487885627102
ANGELONE,2022-12-05,-0.04777198487531309,1.5467364390493672,0.01689590809493735,-0.014917550280374559,-0.03826692292618816,-0.07510693424805581,-0.14606297887838293,-0.20378772883731144
ANGELONE,2023-07-17,-0.07050868137821265,3.2914138765661978,-0.07928958054931834,-0.010926728408455988,0.005888450023803227,-0.02944234621618369,0.11814714282941186,0.11509269436661107
ANGELONE,2023-11-06,-0.06348733256683015,2.589999427991408,-0.03422867600914725,0.0296027898467075,0.07173179434582666,0.12402677975834364,0.1963106082938053,0.3638371244677332
ANGELONE,2024-01-16,-0.12264851468231253,10.677579105413507,0.0010360708454337786,0.002432498220212631,-0.11809658801387468,0.008694013682550406,-0.018063558386922418,-0.21170304569086174
ANGELONE,2025-06-25,-0.03246206251268646,1.7550716676303315,0.014573735151838019,0.021493704929698598,0.01820847644836099,-0.044000965026533945,-0.012407011672896151,-0.113060516378787
ANGELONE,2025-07-04,-0.05917437673539894,5.983210640880502,0.006628228737158182,-0.014625351114292862,-0.03497835461666854,-0.035302658843935686,-0.07427951968235336,-0.17997120178461867
ANGELONE,2025-12-03,-0.05116915545084455,7.996379311001938,-0.016927530520722378,-0.047786664039532356,-0.07186723081482349,-0.06201776264381764,-0.1151224309008606,-0.1007040118239334
ANGELONE,2026-02-16,-0.04651072311270943,4.155781230502199,-0.0010106101012852253,-0.024564645893251802,-0.031677526178300774,-0.12033578825393498,-0.15663869419685628,0.24051618927398688
ANURAS,2025-10-17,-0.05460842005543132,4.75281510853365,0.02658030442940862,0.018972550172425606,0.0280830523014044,0.016154854917816097,0.03954174846153791,0.24025552790396532
ANURAS,2026-05-29,-0.05416664882012978,6.807342239058064,0.02650894668105841,0.02573608944237571,0.02650894668105841,-0.033696556737976446,-0.014916182443744042,-0.05456370218240658
APARINDS,2023-05-09,-0.14842511619999177,4.761496692351943,0.015371608927279512,0.03258782969000373,0.058950176528630216,0.08369842937320815,0.06311966915764167,0.34885868336878034
APARINDS,2024-06-04,-0.05642794867295042,3.612099395583693,0.00653144091207003,0.06673103670048364,0.07510885627146413,0.10922876548218663,0.14742504139504575,0.16564971836117626
APARINDS,2024-07-19,-0.06711259433070638,2.0029108635050807,0.021016770626896886,0.008366804569988284,0.022513006444621064,0.07513910578980854,0.04102967813425629,0.3197898268141288
APLAPOLLO,2022-08-26,-0.04789073453883208,3.7429015279976237,-0.0165446130309288,0.05316808186857935,0.08328630305225193,0.03503554813964582,0.05521694725809834,0.10367253868852866
APLAPOLLO,2022-11-09,-0.03387059235941914,4.1730909835740375,-0.013429460303334029,0.021581401320282856,0.02596366926962923,0.06926774261719637,0.07572328473720713,0.06983317056907823
APLAPOLLO,2022-12-05,-0.036482496836777734,2.1167746461648,-0.02328735004240534,0.006522172179360908,0.0010505153616764407,-0.019697964543663793,-0.03147292726800177,0.0012256725008208402
APLAPOLLO,2022-12-16,-0.034963240514117255,2.077793657418002,0.00417005157911432,-0.005515222445261814,-0.06887268266458113,-0.02071560944461459,0.017845955384947265,0.07775094174549713
APLAPOLLO,2023-09-12,-0.06154290667437157,1.7186125534983816,0.005141610582473755,-0.0023399315444119217,-0.015024645575161588,0.0034175177513084964,0.032050522677416815,0.01881160642125934
APLAPOLLO,2024-03-13,-0.06288460752814973,12.215633215345093,0.0021106398989052533,0.036785169493258385,0.006465894823799889,0.0023451372672509407,0.03708673621704306,0.05879594148607703
APLAPOLLO,2026-04-13,-0.04107335310329141,6.285589082167496,0.03116473868580627,0.0635922311539856,0.0640468965051193,-0.0019194104123667621,-0.04480254119333438,-0.10895043333788368
APOLLOHOSP,2023-07-31,-0.03244840398029181,3.2828453490975744,-0.02726426033762752,-0.03424221437088737,-0.030743563185910316,-0.06815569578223246,-0.05703162915071369,-0.013163381319096001
APOLLOHOSP,2024-02-29,-0.04098328384916361,10.090753103218823,-0.0026550732681944744,-0.006637603145371096,-0.008653515819404767,-0.01940472998045706,0.05214204425917024,-0.015078012083312275
APOLLOTYRE,2022-10-03,-0.052924289034630645,2.979350184009638,0.032013568094951594,0.027277822907641136,0.012691704606969001,0.06175407099501751,0.09357825552998844,0.19530208527717408
APOLLOTYRE,2022-11-16,-0.06835742448463022,2.2042813128565233,-0.0023435870999828357,0.011177234668452218,0.023976901929478878,0.14097712364542825,0.1514332038064723,0.15089239294228074
APOLLOTYRE,2023-01-27,-0.04343779252325941,2.174825183909199,0.01151481820015765,0.0686020929337996,0.07103478845665379,0.07087254936314968,0.033571218012716564,-0.0038922534445864354
APOLLOTYRE,2023-05-10,-0.03406708540899117,5.162602329311733,0.0,-0.015463950386996217,0.001356483971027389,0.04123706304330432,0.0695876111550604,0.11475851083162891
APOLLOTYRE,2023-08-11,-0.08272502073752752,14.973535787720177,0.00922064883214846,-0.010483753524053507,0.007452271425964385,-0.010736389881193076,-0.03094606495167418,-0.044966573288095835
APOLLOTYRE,2024-02-09,-0.053637703324501684,2.2752649920005066,0.005393274270437454,0.015787445394990662,0.03677197635225826,0.02716220095960109,0.001470876660085274,-0.041478709844381845
APOLLOTYRE,2024-03-07,-0.03474682609768931,1.9776110721736027,-0.011708957165889822,-0.047609842311478245,-0.08467195464758415,-0.09357461769159536,-0.09067157924653535,-0.06957617835825947
APOLLOTYRE,2024-07-19,-0.04427681803910399,3.2253433647794947,-0.00038042462169463054,0.02597036729091462,0.04718426556332678,0.02102368596156512,-0.08105018562538391,0.0014269407055507166
APTUS,2025-06-03,-0.08766716196136703,447.3363869507348,0.002280170055476427,0.03127037818734735,0.07557007233560675,0.03583061889250816,0.043322435807715776,0.07817589576547235
ARE&M,2022-12-23,-0.06579965690286893,4.858900164769142,0.02030162330851004,-0.055684513194578344,-0.05245280598852575,-0.029002319012157107,-0.048060985791574584,-0.004060344892114265
ARE&M,2023-07-18,-0.061605857236541994,95.5042939806528,0.0030336220349451715,-0.02901363368555787,-0.023179781676824107,-0.0021001487423367715,-0.04091472976418187,0.006845091004388237
ASAHIINDIA,2022-09-12,-0.06358342959076835,1.6689987732271445,0.02084471482144612,-0.012600102502227872,-0.056856170461318856,-0.10749004932753559,-0.00956671636068862,-0.050167225985511044
ASAHIINDIA,2023-10-18,-0.040033804403769024,3.3949958689460176,0.024546916253169515,-0.021995425424069737,-0.04267112532269535,-0.011877529728997693,-0.0009677772387514105,-0.0025514908290997784
ASAHIINDIA,2023-12-06,-0.0345928030322975,2.753789632414903,0.00580823889000337,-0.015905573359067282,-0.004110424167893534,-0.011080354467499776,0.028326399726342544,-0.04137246695369712
ASAHIINDIA,2024-06-04,-0.03196769711527103,2.5829661299196736,0.008864233662128518,0.04623279351668397,0.07186936364946006,0.1636395731453364,0.21621626782441994,0.14156603052617212
ASAHIINDIA,2025-02-21,-0.0570028182171306,3.443304465180723,0.014852220676223826,-0.023986282001644987,-0.10329717667298477,-0.09839596197998302,-0.08978169211792542,0.10448542684769135
ASAHIINDIA,2025-06-19,-0.042590400759548674,71.08703529635378,-0.037172471735751555,-0.0634437481842155,-0.026542130539769948,0.1308822016131399,0.18227364528528334,0.13345519150095075
ASAHIINDIA,2025-11-06,-0.03736608309380718,6.332385462640906,0.014983700100943187,0.0508685945558498,0.05445170946152267,0.08289899629309194,0.14212814811516017,0.0771986705601928
ASHOKLEY,2022-08-22,-0.0391892098091744,1.5334714495071642,0.03129393139060266,0.03762310983355999,0.04184245482373572,0.1603375776446503,0.142405066347298,0.03270048702579054
ASHOKLEY,2023-05-25,-0.03257974797430441,1.8522701520879714,0.0,0.0024055402303480022,0.011340164237006123,0.05154639175257736,0.12714776632302405,0.24982822064271892
ASHOKLEY,2023-12-20,-0.030233901651404826,3.6439723958196417,-0.003823493508731568,0.02294114056755525,0.031176488539751857,0.05823525821461395,0.02088237089269307,0.012941158519071738
ASHOKLEY,2026-03-04,-0.04090707630102863,4.818936467458796,0.012870330668741659,-0.06744489583779734,-0.07881872953496638,-0.10894947054378634,-0.24718148953513974,-0.16292528468647438
ASHOKLEY,2026-04-23,-0.0465999680449567,1.5076841881559728,-0.004278327172465901,-0.01822657517057147,-0.05004986403644007,-0.012072891634789196,-0.07278906296389831,-0.07876693463518769
ASIANPAINT,2022-08-22,-0.038132990758542595,5.061621208894222,0.0020449578793193535,0.0038062541980745657,-0.00194044331666543,0.01358310321665801,0.012971102670908286,-0.04089857452048662
ASIANPAINT,2022-09-29,-0.05204930715655842,3.3041157104483134,-0.012511846208142274,-0.013900392386372862,-0.0121425481751809,-0.05888089280107578,-0.08186601679829997,-0.07378574698569496
ASIANPAINT,2023-09-28,-0.039811602528302514,3.200741473542464,-0.002933445374061483,-0.00014200176593515135,0.008011702670480236,-0.006797371950831632,-0.06410963891661581,-0.006939296709301601
ASIANPAINT,2024-10-03,-0.03907121455217677,2.3519729194500276,-0.024386386700975926,-0.019448766090989444,-0.028641269416497472,-0.029673244760101025,-0.06784051794743262,-0.21282506893854214
ASTERDM,2022-08-12,-0.0864328473351097,4.6351291712337455,-0.05875548141039655,-0.036780000799118806,-0.029609040375681905,0.04233175763888952,0.16516314233220908,0.09715475638670168
ASTERDM,2023-10-26,-0.06262260152909405,2.930321763646615,-0.007323215599605026,-0.014646522418995445,-0.010760650776544867,-0.0043341256683901985,0.009266197030723067,0.19533704524884477
ASTERDM,2023-11-20,-0.031796063905608296,3.6790439282610223,-0.00044376892451003513,-0.00014789287860572653,-0.01582842042460242,0.20103553907405702,0.169822467149362,0.29349116037583234
ASTERDM,2024-10-22,-0.053934102835191844,1.8711458245002535,-0.007897364537581275,0.1074777553824886,0.06280844255367346,0.08403254384792902,0.0566386500445788,0.21384499330225015
ASTERDM,2025-05-21,-0.04841223273418316,2.5711645850941522,0.03346334093408432,-0.008977875017795234,-0.01568869821697849,0.05713249550165278,0.03328201221300975,0.08805668083421847
ASTRAL,2023-10-19,-0.06088929782090757,10.641400533917063,-0.0007050067928652259,-0.0133416362023272,-0.009165617939546289,0.004067576049736177,0.026195216241915897,0.0352523257643802
ASTRAL,2024-05-21,-0.09761183188368427,3.0342809569599427,0.013112309036786396,0.03406796770840148,0.033899505739160896,-0.031806359897499026,0.06082193699075944,0.0825233394425271
ASTRAL,2026-04-16,-0.0320662469822961,6.094915634891595,0.016659308064589817,0.0024070747739646237,-0.0024069974506503167,-0.031038196944027985,-0.017672707421723666,-0.02147330296589034
ATGL,2024-06-04,-0.1882258420686741,2.329943375475213,0.030318022915016618,0.07637279899485105,0.05298774373509785,0.020578862062093473,-0.003906666386354174,0.007538214475534488
ATUL,2022-09-26,-0.03328236380424743,3.6028129463383687,-0.0028616315196676734,-0.002515048262946573,-0.002967844278341625,-0.030661320151453064,-0.08329285313668222,-0.10616860342120793
ATUL,2024-12-12,-0.030075124707797607,1.7821203800277416,-0.006858505226339573,0.009936497414081646,0.01988678029522828,-0.02699315494400978,-0.06407431294745192,-0.14864142877153397
AUBANK,2022-12-23,-0.04050634729267499,1.9733707412447017,0.01668477448963457,0.02933419955322991,0.015753569154690172,-0.028713332842627004,-0.04338043261924185,-0.06402297187883044
AUBANK,2023-07-24,-0.03668703743874113,1.9066994802300734,-0.010620356303602363,-0.013461424444812575,-0.012582085531955833,-0.01785836673345864,-0.0144084746834785,0.022052340194252285
AUBANK,2023-09-28,-0.03399259213669126,1.8123537191520294,-0.00957804578043242,-0.023320444556882536,-0.009508656841961116,-0.00478902289021621,-0.0755830238225188,0.03865904309010726
AUBANK,2025-07-21,-0.052836833199192634,22.132825585038763,-0.0359942034032793,-0.009895088279256115,-0.03393551334788314,-0.0008633608619794675,0.007437874092640184,-0.058639956146132266
AUBANK,2026-01-13,-0.03557251043874998,7.125214394538118,0.004526944105814001,0.050414115319299624,0.023612337999685762,0.016410321525500038,0.029476786891385665,-0.09012812955491212
AUBANK,2026-02-23,-0.053950417628297,24.925249465294996,0.028847179268422618,-0.0014371865455229393,-0.023457526084212255,-0.0365465316478667,-0.09916844061907615,0.07073198454051677
AUBANK,2026-07-20,-0.03581825386123516,5.328709519284663,0.010067452051639725,-0.0146984554166536,0.05929725571604716,0.06714991747380683,0.07943215981932661,0.03493407090855993
AUROPHARMA,2024-02-01,-0.06919330137052149,5.244710693071889,-0.0037822643289541213,-0.052670920659544596,-0.06369076403837015,-0.050056064789830046,-0.03987679426137314,0.028623366591449928
AUROPHARMA,2024-05-27,-0.03133482183892711,4.735523519051648,0.020604359022943664,0.00346890500167385,0.025953984587927525,0.04417601593551512,0.01805489700065266,0.13152503765369494
AUROPHARMA,2026-02-10,-0.06612941664444039,2.5597925529333594,0.020016013244971154,0.01912641265630577,0.05568897513168891,0.035850947160743996,0.16075089152812905,0.19188691213141773
AUROPHARMA,2026-05-22,-0.05379191426807606,5.158146698115324,-0.00608132860544075,-0.018858883215536415,-0.020362178905449224,-0.007994500288264428,0.01940555135911337,0.0793986683784591
AUROPHARMA,2026-06-15,-0.04379413217111261,7.598281399401326,-0.008236950404072352,0.02513661941090395,0.05936233237760846,0.12099687313477214,0.10260597528221438,0.1773059309198033
AXISBANK,2023-10-04,-0.04370593045586435,3.9929975484006435,0.007734430517247537,0.0007031411939275589,0.023655253961859524,-0.002712081000590172,-0.01265629625878495,0.1306312986666558
AXISBANK,2023-11-17,-0.031178448639540557,4.835300512983043,-0.005682067197293361,0.0037713079821721784,0.014230426672182661,0.13199577937602758,0.1176648090437733,0.12545884554026254
AXISBANK,2024-01-17,-0.032883502422153876,16.979549869232958,0.014044119454982074,0.006421464342905692,-0.03700457084104336,-0.014090362479898366,-0.012519678662859302,-0.019356991866415818
AXISBANK,2024-06-04,-0.07570064757406825,2.534059089987605,0.04707182320441983,0.04910501553867408,0.055999978418508345,0.08433151329419886,0.1314917127071824,0.03628733598066303
AXISBANK,2024-10-03,-0.04153594931571858,2.314180659207153,0.002296566602300265,-0.019052397103038854,0.00727230516561872,-0.03729691027224269,-0.013736414914071071,-0.03283148523350976
AXISBANK,2025-12-16,-0.05074725308553418,10.94294211553961,0.004181678983297132,0.009019350787306424,0.00442770131367709,0.0408331008732592,0.06493938572287772,0.09240740857512941
AXISBANK,2026-04-27,-0.030529374402841647,5.674761779367882,-0.02658205140449077,-0.04221409485348515,-0.04870865607789787,-0.048406568456078714,-0.018803733017596302,0.04553696650929595
AXISBANK,2026-07-20,-0.05457282649604822,7.013245720502223,0.0017515534807921451,-0.026273885350318493,-0.022691082802547724,0.01273885350318471,-0.022850279595441836,-0.026353483746765494
BAJAJ-AUTO,2023-02-27,-0.054572099944227404,5.407814430070549,0.005865585928764627,0.020715111974611622,0.022858070783038142,0.031058917717599055,0.041691277368184565,0.23576517694954657
BAJAJ-AUTO,2024-02-29,-0.03410816288623586,2.2761151870200433,0.01652470878359269,0.05593378683222583,0.12260169230827156,0.0558010572558969,0.17280174664714276,0.15124498181882617
BAJAJ-AUTO,2024-10-17,-0.12890646639806114,26.11375931445074,-0.005484487687454465,0.024596140033160463,0.01808890810809971,-0.02798080776722045,-0.06289867410927497,-0.11078670918868816
BAJAJFINSV,2023-10-26,-0.0319277375846887,1.9704378477057882,0.004102579752604196,0.006121826171874956,0.009999984349959856,0.014262820512820573,0.03669871794871793,0.0546795184795672
BAJAJFINSV,2024-03-05,-0.04248752346911555,5.236212184432786,0.0026442925417204943,0.03115127302684617,0.014608206652088063,0.022057369346581757,0.08219925905957748,0.03389232430062883
BAJAJFINSV,2024-04-26,-0.03515452358772497,11.045024789519752,-0.0010642321331312266,0.011331252300735173,0.008764516363963804,-0.010517373784445727,0.0014399153994297809,0.0018155222452103104
BAJAJFINSV,2025-11-11,-0.06085069227344442,15.249231303873174,0.023172803367947692,0.03840355055618572,0.03056194129469758,0.02050865902136967,0.04026338323260514,0.02136322483082176
BAJAJHLDNG,2022-09-29,-0.0504067808780323,2.4231333719383503,0.01401039309333596,0.03722355625269125,0.0769541979658519,0.046561209995678476,0.05682708966270411,-0.044165378389388166
BAJAJHLDNG,2022-10-20,-0.03958268557877931,3.4221293832075332,-0.00529575009712846,0.004638613223762134,0.019930559718445817,0.039374080148049106,0.011673843279801588,-0.054341384115679014
BAJAJHLDNG,2023-08-17,-0.032070182148921655,3.6554247502696717,-0.02851543370470122,-0.010465902432838958,0.0007276053326570331,0.04067443617077093,-0.003071246021057794,-0.041520917867636786
BAJAJHLDNG,2025-04-02,-0.03327475491552456,3.200352309555874,-0.0013243480749036696,-0.06387265633387951,-0.03671699064967515,0.060086357399955936,0.029778326046422388,0.1426735717759171
BAJFINANCE,2022-09-26,-0.032988569247336175,1.8505201165360061,-0.0022936001577270604,-0.02131694519027083,-0.012080748514057382,-0.007810431592828793,-0.02157178031043472,-0.06724292529867038
BAJFINANCE,2022-10-21,-0.03224391331897436,10.725733307763296,0.0019116470798079543,-0.03081580523466132,-0.006763826220011482,-0.00037540512611289323,-0.07058498878451724,-0.07645205158392276
BAJFINANCE,2024-04-26,-0.0772731577839425,23.572215733965145,0.01417277468586109,0.02250716740545644,0.01911247671692662,-0.00184958867099283,0.021073504964184364,0.06343595869499818
BAJFINANCE,2025-04-30,-0.050423376445020596,9.175673911412133,0.02710054206739132,0.0188777434275611,0.022931249653189267,0.06416117041599279,0.06595635115165899,0.10197462105294042
BAJFINANCE,2025-07-25,-0.04713489924568959,9.019020850695428,-0.036388508891928906,-0.031627933695280386,-0.04175105271032831,-0.04005469284370722,-0.014172379980335159,0.12229822161422699
BAJFINANCE,2025-11-11,-0.07354837584605411,19.617214216265427,0.00795861510430651,0.013231185467026618,0.008356509427873249,-0.018901710872728072,0.011440509212440553,-0.03621172301236064
BALKRISIND,2023-01-27,-0.049601577253988394,2.1885171614983356,0.021374045801526798,0.0569112870669406,0.07635938876247805,0.08432178508514387,-0.03769817968291256,-0.09028770460217261
BALKRISIND,2023-02-13,-0.11090653092169389,33.08894703883279,-0.027603861329790425,-0.025167510982610497,0.002606942456450323,-0.004093080479504185,-0.04317211625578632,0.015251576965830127
BALKRISIND,2023-07-10,-0.043760253211795885,4.113348790337493,0.024380613144951324,0.045237612316330944,0.059025583363130574,0.039065917965932284,0.03753392118295462,0.053948172429144625
BALKRISIND,2023-11-20,-0.05558601047801193,2.0943517378725827,-0.012236171516639693,0.022589877673487635,0.04936516297929594,0.037749830513579274,0.0051668789749124144,0.023691331614202005
BALKRISIND,2024-01-25,-0.06909065791919755,9.413190851499408,-0.007241808004798234,-0.028789077958053078,-0.02952120999455876,-0.09081915314602296,-0.07657301147605855,-0.10312627528937479
BALKRISIND,2024-06-04,-0.049952411027833765,3.0473524962259937,0.0778070947430416,0.10503696170449772,0.10898864333882563,0.13530397826490836,0.07411433672624668,0.15471693025955968
BALRAMCHIN,2022-08-03,-0.05214569494268573,2.7696246786934933,-0.040536968001848916,-0.07212422831454524,-0.10779147761874197,-0.10660700355535013,-0.046854403998276783,-0.09265591538557505
BALRAMCHIN,2023-05-12,-0.05384238783987305,3.5935920645836923,-0.005173305660694849,-0.016166580189671542,0.004138660316232112,0.008665302769339966,0.046818432016964895,-0.010863973462811205
BALRAMCHIN,2023-12-06,-0.07319168609195592,4.433045244753187,-0.053728537159145495,-0.08059284107635023,-0.12239457406209309,-0.10792027999843357,-0.056739232729545175,-0.07908752862878243
BALRAMCHIN,2024-10-31,-0.048138883462410464,6.689150590871669,0.0011150242444128988,-0.027795496250926588,-0.04587446376705917,-0.1408091193019554,-0.057263480258121,-0.1561006720381105
BANDHANBNK,2023-10-13,-0.041035868732102854,3.482613282842961,0.014125505601915389,-0.010801790102580089,-0.06314913643937703,-0.10822602152902949,-0.08828417228675489,-0.0031159119630619347
BANDHANBNK,2024-01-08,-0.07389746154248611,4.076957947804625,0.007721955151599014,-0.0012870143453559413,-0.009009034957223605,-0.040326078546300104,-0.07228659657792036,-0.16387821195537522
BANDHANBNK,2025-10-31,-0.08219019886250545,14.413384447213893,0.006642875326646758,-0.02318603052771473,-0.025932534631487036,-0.01136943540530333,-0.04158146786122374,-0.06859983649626389
BANDHANBNK,2026-03-16,-0.07384619210180732,16.80904264095593,-0.018210850112854393,-0.027562421019991956,-0.08736309545211274,-0.0914851466187192,0.07339736943122,0.17103484803779434
BANDHANBNK,2026-06-25,-0.04722327285325456,5.500776356606034,0.002825175157305404,0.016256933329693135,-0.005749347912878733,0.04084063103443891,-0.17758724626571443,-0.13213713882420342
BANDHANBNK,2026-07-22,-0.16918068055966873,21.74194754555185,-0.044149877015039585,-0.023458255471001443,0.0004611056544938652,-0.01752157513621222,-0.024783879260851904,0.008645533141210304
BANKBARODA,2022-09-23,-0.04297578244415934,2.4642477686149937,-0.0328302347435141,-0.04566040039062491,-0.0007547630454008969,-0.0022641739755306922,0.09018865621314864,0.2743396687057782
BANKBARODA,2023-10-11,-0.03313115260106103,4.731412792129415,0.00265445492209726,-0.006756727399151896,-0.01713321961411307,-0.08711391562552295,-0.06853280481364721,0.03861003917870898
BANKBARODA,2023-11-06,-0.040235509447758555,3.234787023555047,-0.022239294313792013,-0.013292464327120834,0.005623674899807751,0.000766839937648145,0.07131900057743135,0.21549075961775666
BANKBARODA,2024-01-23,-0.035768481328044555,2.6986671313872286,0.028102518756853323,0.05328240300685949,0.11330941051536403,0.10004496677439745,0.23696049304551847,0.14973023365844695
BANKBARODA,2024-05-06,-0.03644601194186314,1.5589341387911937,-0.02502831805999639,-0.011479180167181635,-0.02502831805999639,-0.0007527745496503924,-0.0656756168811703,0.008091809551025175
BANKBARODA,2024-06-04,-0.16400070788034848,2.8948883647925014,0.04733131923464251,0.09083580178436557,0.10694859131105239,0.14380669569801108,0.0789526932669311,0.012084592145015005
BANKBARODA,2024-07-08,-0.041818780861710314,3.9104928298291357,-0.0024775829287684292,-0.0215360921099238,-0.014484536772023215,-0.042881645657599554,-0.08709741022266138,-0.07185060287773715
BANKBARODA,2026-02-02,-0.07281225196185526,2.0214492367567822,0.028097938117696453,0.04628964632920041,0.046829970151918365,0.05385439971452444,0.13544670488766042,-0.10100867409370984
BANKINDIA,2023-01-17,-0.04547774162121321,8.379773098218752,-0.0433619163339698,-0.03426129042139314,-0.08137043201241612,-0.14668098879892177,-0.1627409457099972,-0.23554603469577384
BANKINDIA,2023-05-08,-0.05858463574419259,3.9042239921279625,-0.025877984407078558,-0.03573630895070401,-0.03327177482277288,-0.07208870442541537,-0.08502774363693,-0.01109059160759096
BANKINDIA,2023-10-20,-0.0358180490641693,2.250039286611851,-0.0883533690479903,-0.09387548812614177,-0.03965860450558645,0.013052239675441335,0.05572292306008286,0.08283132657018655
BANKINDIA,2023-12-13,-0.0306827615903168,14.035692463662203,-0.004904173377393128,-0.005795822710969123,-0.03834153360011838,0.012037436074484376,0.07891215651993488,0.1457868769653854
BANKINDIA,2024-02-05,-0.08545032456264268,4.359124228382754,-0.03535359985203601,0.022005682962891182,-0.0728716136994415,0.03030300695012489,0.006132689807327507,0.06385274498557236
BANKINDIA,2024-06-04,-0.14164517997321968,4.104784004989287,0.0051568412719364964,0.040395398704556884,0.057241115165040046,0.05620972068153485,0.016759816099786384,0.08388484971404031
BANKINDIA,2024-08-05,-0.030814317613077513,1.6787094742423656,-0.027952580397201165,-0.02427463226598514,-0.035717165277381,-0.025337135372149544,-0.028197768624998565,-0.09366570680339337
BANKINDIA,2025-06-19,-0.0334224598078231,1.730231231366878,-0.021611341575075604,-0.0035442916755510367,0.010978532501003002,0.024291126825559006,0.0036306895559934382,-0.021524877742052806
BAYERCROP,2024-02-02,-0.045942249478614805,5.809236556918356,-0.01219629772870956,0.0010796990844910148,0.007341953774539389,0.010952450642779388,-0.02485037099894516,-0.057042611420938805
BAYERCROP,2024-08-09,-0.04707160988438586,16.916249227001916,-0.03469678294246392,-0.0569742354057845,-0.062035900281583456,-0.048184492256991396,-0.04910132379670673,0.0057966840593335345
BBTC,2023-05-03,-0.05835972752300078,9.080065834974384,-0.022564872442509154,-0.020012289291926,-0.015723937135161514,-0.03782933214678075,-0.021441698464897962,0.047426945082694294
BBTC,2023-08-02,-0.04391088697930412,2.1975335548662205,-0.033605600933488966,-0.028004667444574083,-0.048821458849912514,-0.05386232178019257,-0.06851810913798118,0.17754954601808626
BBTC,2023-10-13,-0.035194075303742856,1.6050975376883792,-0.0010121648188559096,-0.009151077773813965,0.19698049335699275,0.199763817913289,0.22616288018598052,0.15586380715434056
BDL,2022-08-12,-0.07074189881183002,1.565243693109778,0.037181265606064384,0.027809864184245914,-0.028418470063023893,-0.012961752689848005,0.03839832879633587,0.07369316131420822
BDL,2022-12-09,-0.04020942331704358,2.0744868784814368,-0.011228193128542396,0.006143729535475151,-0.027381998750267922,-0.1313489768586209,-0.0073619112302297784,-0.037974658174350195
BDL,2023-02-01,-0.037922437733937886,5.182394850360015,0.019901017686572153,-0.0014293433677501355,-0.06492576997577648,-0.12028589820127833,0.0625068450642523,0.08708082705555942
BDL,2023-02-17,-0.03226876910605825,3.360037185267822,0.052251604157328435,0.056835080660192494,0.09802908971734237,0.08588290496007334,0.044574267027370995,0.1299988663001388
BDL,2025-02-01,-0.03957856276939653,3.0782940867264617,-0.06007893104446749,-0.030478279743067493,-0.042246740498096735,-0.12031749287529525,-0.21829495425492018,0.07192725589029325
BEL,2022-09-26,-0.05579000930621569,1.5995954744747227,-0.009433932244610532,-0.016881797415703614,-0.02234359551327947,0.02333670481364014,0.04319767860322199,0.06256209774262333
BEL,2023-09-12,-0.07290949049246664,5.147604059604338,0.012672473234274229,0.01155425361371143,0.020499441857015688,0.018263230104369477,0.030190109847362034,0.034662760841134066
BEL,2024-03-13,-0.06829863866948438,1.5763979056750732,0.026011544239943563,-0.002101992374454187,-0.014976384959597078,0.058854423376945464,0.2320020661506581,0.22359433720127186
BEL,2024-06-04,-0.1980228842095162,14.589787908767931,0.018783028739724372,0.10819803883811074,0.11993742433673837,0.2103305971408056,0.23067891310610844,0.2175699087488001
BEL,2024-07-23,-0.03474215821337212,3.9662059274717776,-0.00447837468518153,0.02803112074067471,0.05523301782137402,-0.047105694582884605,0.013103272614035655,-0.061701792503963904
BEL,2025-02-01,-0.03707502590057621,2.335781951724645,-0.027146892220962893,0.025372692419402876,-0.016855926918952546,-0.11160391430733008,-0.08662162598269751,0.020227155620811788
BEL,2025-04-02,-0.03287673323121787,3.0283983757201933,0.018059512088322016,-0.03647304538095808,-0.007967422268517321,0.06214595853348337,0.09950427305538789,0.3668555536211906
BEL,2025-11-24,-0.030142952147397484,4.507093411321279,0.015973284799449372,0.022907380583534254,0.0333085998356375,-0.04309062511761497,-0.012010836385720758,-0.0028479294978926983
BELRISE,2026-07-03,-0.0313181845115601,5.438824802412758,-0.03657797625239423,-0.021669410942907086,0.0035537490071437805,-0.01659877671784238,0.025959911986534134,-0.00377052247232601
BEML,2023-02-01,-0.09332680706080532,8.877273375686949,-0.002507073441197938,-0.02403212467653837,-0.000322390477737744,-0.011246067614385624,-0.12481644203678033,-0.09931594109426689
BEML,2024-01-23,-0.05184349762509133,3.551372763822139,0.04392425962307911,0.05272890542519204,0.15808774688809035,0.21884494900818074,-0.015643615994582305,-0.004757547988658906
BEML,2024-06-04,-0.19610356028305065,1.8020783997809637,-0.01905753096863405,0.05813068750890649,0.07581742319468798,0.20414946457756478,0.21475621645426113,0.21282651099232264
BEML,2025-06-19,-0.039514444448576436,1.5928255342265274,0.08202346455821341,0.036219110043097746,0.037455129663628295,0.0385513084794773,0.060497318541182565,-0.05455009865153837
BERGEPAINT,2024-01-18,-0.03158875587148646,2.8283246299262905,0.005205170689822847,-0.023943763993291012,-0.028628438794025324,-0.016049276293620296,-0.03374677191944275,-0.04571870686582258
BHARATFORG,2022-11-14,-0.03123063512689317,2.197777159277384,-0.007215609202247619,-0.02537094884255897,-0.037707331293642676,-0.0002327753355033657,0.011638056444573719,0.027000305158022986
BHARATFORG,2023-02-15,-0.043274170341120466,4.0208256394517425,0.024231183085089425,0.029496186453087603,0.007418944736709232,-0.013940438248044917,-0.05647961172380378,-0.0659926093197184
BHARATFORG,2023-12-20,-0.03665328782467392,2.2753482990618004,0.006631744756965263,0.043191706587873524,0.059091101098793564,0.07197213166426941,0.03970577749648907,-0.04370192862060185
BHARATFORG,2024-02-12,-0.13934027689397321,12.22748372446162,-0.0340421784006506,-0.018126354732813876,-0.0054820738667088476,0.03948010640771216,0.022016910994391514,0.033688579779123984
BHARATFORG,2024-06-04,-0.10073060780351317,1.5770199530819893,0.03813311973314604,0.09469313823465852,0.10810715684420913,0.17780468412381167,0.14613654318820224,0.18758862494598105
BHARATFORG,2024-08-05,-0.06182794132926561,1.86694951102043,-0.022922698262758834,0.033739995941076684,0.026077717218810692,0.015678809323827814,0.009046667084820603,-0.014713046545725805
BHARTIARTL,2022-11-02,-0.030758198291541583,2.158553739709838,0.010866270412316803,0.015867181587301493,0.019633296157795854,0.044823177035797857,0.04784836842399587,0.013459313135344875
BHARTIARTL,2023-01-10,-0.03240181600813408,3.026701430968649,-0.03443272830120647,-0.03600931912985117,-0.03424350660897946,-0.021693828216572508,-0.022387589766755367,-0.024531691708132963
BHARTIARTL,2024-06-04,-0.06570341889019471,1.7046140836474366,0.03435410178618836,0.09659925640138911,0.09813807310919676,0.07128570277357049,0.09244443250592504,0.158344276802169
BHARTIARTL,2025-02-28,-0.04859432383410245,5.8814194130924005,0.016303718285778812,0.030601229348061088,0.03853012474930173,0.043911651628016246,0.11743728833798572,0.2106738371640131
BHARTIARTL,2025-04-07,-0.03257904060832595,5.055100446195943,0.02001007886133621,0.041472712275432144,0.08060353315982294,0.09424003134680747,0.09590015572803345,0.1088251410197425
BHARTIARTL,2025-11-07,-0.044727650742187985,17.8576375936493,0.009294472371617957,0.03627828274417877,0.049720169112403845,0.08070158102164049,0.0537677894671349,0.051868904337790456
BHARTIHEXA,2025-03-12,-0.06363604900933706,1.7259917438441472,-0.002725853230910791,-0.025747806551921992,-0.014955096849130989,0.07838516465328005,0.11522028996689793,0.22933543624488206
BHARTIHEXA,2025-11-21,-0.04182774782364673,4.677652573165358,-0.008071433438341713,0.011083953537652125,0.005115670863531818,-0.00034110023281685997,0.019382694616902674,-0.09350309522788558
BHARTIHEXA,2025-12-30,-0.03301473043214387,12.706430669566302,0.022967150282068305,0.011960874985279313,0.004380012659447763,-0.05654765862593858,-0.12415773337480951,-0.06867702463766545
BHEL,2022-11-14,-0.0416107177734375,3.3834175159212334,-0.014705924780369029,-0.014705924780369029,0.009103662632882648,0.1400560194158469,0.21498596843247264,0.1407562354003684
BHEL,2022-12-21,-0.03392855326334632,4.0302267979045965,-0.02772643201100211,-0.052988329894073205,-0.048675348162218524,-0.024029630819105474,-0.003080714667889173,-0.10104749751633357
BHEL,2023-05-26,-0.03601959124145526,4.2773467968743155,0.05129833069421008,0.03736548057843092,0.0538315410295227,0.08676385520326657,0.07219765418576918,0.2419253558177734
BHEL,2023-12-20,-0.06901217861975639,2.528396074235504,0.04912788923396616,0.05930230783861745,0.11976747734602089,0.13401164564975465,0.23343019707258383,0.3122092845828035
BHEL,2024-05-22,-0.05404135131677801,5.518892793818944,0.00943856754668193,-0.011260222807115805,-0.025997700898032328,-0.15433020109157825,-0.028316005844982617,-0.025997700898032328
BHEL,2024-06-04,-0.20838017855697566,14.556111629111872,0.035692569226658755,0.15798011140184598,0.19732309289430594,0.20482654275453238,0.2626241490153951,0.2512674758930631
BHEL,2026-01-08,-0.10476030002233905,11.390613424688192,0.009199632014719406,-0.022815132316582387,-0.023367087777426354,-0.10763569457221711,0.010671550677035402,-0.048206094217168816
BHEL,2026-02-11,-0.055958029212207716,45.22086156567396,-0.00019178129345598371,0.007097664096820777,0.003644781236436634,0.004987601538418485,0.027623297048265716,0.12219453999360019
BHEL,2026-06-04,-0.04208706891384584,3.419953735052254,-0.0057810892328624686,0.01888482876518416,-0.047661916055335096,0.04290848192617647,-0.014388504439554861,0.04573480790000639
BHEL,2026-07-17,-0.030776284070573978,1.9097686423582423,-0.010663507109004766,-0.01315162984115803,-0.011137469684908363,-0.03554502369668244,-0.0007108715473191918,0.021327014218009532
BIKAJI,2024-02-02,-0.06273540508087894,6.3358334443679025,-0.0002738807090667539,0.03004294141862185,0.007761848406079963,-0.018537053429255157,-0.05415024023362236,-0.02940366349167922
BIOCON,2025-12-04,-0.052804863162157045,2.813239765455094,0.011072454552305544,-0.012102516114750439,-0.01699499420570727,0.010042471572524692,0.011845000724139298,-0.04132874483918192
BLS,2022-08-08,-0.04369030630631077,6.194120589083128,-0.003612435582198703,-0.006374840546304883,0.036336604083583746,-0.05843603834112776,0.07947299917428752,0.20356994702094044
BLS,2022-08-29,-0.030412628539555286,1.745130804074243,0.13884628023250123,0.07260365550921954,0.07918404603381601,0.2796666642345427,0.18447029442735885,0.4014038889395768
BLS,2023-05-18,-0.05935591585304045,11.261548735647045,-0.01273344673944199,-0.008205981739020096,-0.031692082294528134,0.03989815038776068,0.10073572925398344,0.2425014535572798
BLS,2024-09-17,-0.041446503800669054,6.405266761301798,-0.006981886375030832,-0.044953467797078095,-0.05144536837825764,-0.08145516659890795,-0.0660215859899651,-0.05903969961493438
BLUEJET,2024-12-04,-0.04370346191284202,1.9431497321423674,-0.013296562752202812,-0.01694081789995905,-0.017236285049151867,0.1296168996388567,0.15522509456902522,0.3655077721686777
BLUEJET,2025-07-22,-0.09997016746051379,6.9714937918995235,-0.09871435170447806,-0.12900736220765718,-0.11278486945151944,-0.12652432966406169,-0.14280198744985462,-0.245930619231836
BLUESTARCO,2024-03-13,-0.032423105726083645,1.5734937384090935,-0.004775851432687994,0.014801073000703546,-0.02778660553001233,0.005446717775337007,0.07909689557129918,0.17413953827204787
BLUESTARCO,2024-08-05,-0.05142411566726868,4.214810854947588,-0.023110714351633588,-0.00485565172921254,-0.0057469349805153724,0.04954061284933475,0.0349119828715152,0.28820809524388324
BLUESTARCO,2026-03-04,-0.03095927695877132,5.947118000637849,0.05592318124932172,0.017086136047484324,0.05288565919459409,-0.013018008417130855,-0.1509003877500361,-0.020069429643076786
BOSCHLTD,2023-05-29,-0.03408876950758655,9.912508823909164,0.013385460790609871,0.016724967205946628,0.03151783945261255,0.038194183496392586,0.01598165668042184,0.03955782684739839
BOSCHLTD,2024-04-09,-0.032793056711485136,10.559320246664681,-0.009051193701235416,-0.008896530736260067,-0.004782534842201258,-0.03880715295101944,0.012107557341732633,0.023175865302263565
BPCL,2023-04-03,-0.04167869908425992,4.0110704647829545,-0.005758522029907676,0.017729884435545573,0.022276027622407435,0.04167297921290092,0.10759205542239836,0.09122586595647975
BPCL,2023-06-23,-0.03695765404001172,1.634465072833922,-0.0036151787777574107,0.016128998038167808,0.043659570141758364,0.07397109469419316,0.0832869332066466,-0.0353170522565992
BPCL,2023-09-12,-0.04219932949420102,3.8265284513373814,0.020665936662359607,0.011050534359824171,0.01191157855679359,0.0017221759874481712,0.000861131790478753,0.10232489816597612
BPCL,2024-03-15,-0.036632423479209475,16.17197612850265,-0.007076518590978242,-0.03376244757580271,0.010827820707241864,0.0500468496462001,0.005371239344086121,0.07136153928693822
BPCL,2024-06-04,-0.12902500796668415,3.734628915983927,0.0015511260944012228,0.033781411881362855,0.04653567637355671,0.06135810899161864,0.05687693778990255,0.20337814118813635
BPCL,2026-03-04,-0.049092834833943666,1.7897588830988973,0.011083087190451923,-0.07084736372732325,-0.08796298159483462,-0.147867515690137,-0.21801342037065496,-0.1188271796542626
BRIGADE,2023-08-09,-0.038236044372785716,18.717817617907194,0.056630459579257275,0.03843095735091784,0.032246665363413696,0.03189329162924137,0.12174224826363367,0.05981096698080135
BSE,2023-08-10,-0.033517384014856266,2.4680004185741797,0.006667053757237085,-0.0589388479651175,-0.031878549854769234,0.012157550512754911,0.48406072507261544,0.607260882152054
BSE,2023-12-20,-0.03691127491406554,2.6915459610660837,0.00958152310328897,-0.0004974164049356133,-0.029609582774564935,-0.014988629520380492,-0.006077588880113671,-0.003071229474741699
BSE,2024-04-29,-0.13677639020642007,8.182274978250195,0.006820013848951367,0.02868741542625175,0.013062679719215264,-0.03197112335081187,-0.048371691052097376,-0.07846640043555475
BSE,2024-06-04,-0.055725891547930506,2.552413674371553,0.04131796125768905,0.04880724006344894,0.045131023530951,0.0595424339593984,-0.03881499465542548,0.033730935494240555
BSE,2025-05-22,-0.04223131497048249,1.6282967374941324,0.049667654360534996,0.03080107887366257,0.056742620168112046,0.2476809607481978,0.11287064036794336,0.061201950682304274
BSE,2025-07-04,-0.0655651005572615,8.141436382277186,0.00037947784552572195,-0.04227379493317396,-0.10022004341574897,-0.07084849523044712,-0.08496505255480957,-0.1673497298768114
BSE,2025-08-21,-0.07562427619029921,5.624365164484631,0.0002573096942002362,-0.049995650440279094,-0.10119200966512998,-0.0054025614353065965,-0.06414538060531849,0.06941949655861368
BSE,2026-02-02,-0.0341079379133894,5.8024541526321105,0.05892802243751305,0.07055072794858797,0.10493781083512244,0.03812555384838667,-0.02146875847773233,0.05544854873874838
BSE,2026-03-20,-0.030708083711139866,1.6213456387654228,-0.03267887535055902,0.029970368336421194,-0.043690564623353856,0.127401014774418,0.2340971025561116,0.4945296528054377
BSE,2026-06-02,-0.033123541060782746,2.3247634438891254,0.008698134785199763,-0.013199700814563786,0.016378887582053414,0.05862305901088738,0.003102875356828738,-0.09931585485358574
BSE,2026-06-17,-0.03920813833384462,2.3192899980389856,0.003825777409214526,0.008376675437341774,-0.02815559484157082,-0.04113322714754408,-0.0785657018924012,-0.12412480206154519
BSOFT,2024-02-26,-0.03838799689426253,1.775185928803594,0.02458125244095588,-0.0037866789721524574,0.0059046745307391735,-0.023939366755837077,-0.02387520169101187,-0.13394516041462068
BSOFT,2024-04-05,-0.038688520276117355,1.695437801277899,-0.022892643469478835,-0.013815706178730847,-0.05593008482758044,-0.1276780635345689,-0.17760134084249446,-0.1366882748140511
BSOFT,2024-07-31,-0.04777670912848708,5.705743887466007,-0.04832387069382149,-0.14334349607266583,-0.1477096798962949,-0.1622881972203779,0.004958152097815249,-0.08835937252988979
BSOFT,2026-02-13,-0.0804425340682311,9.504857013667799,-0.02143130229084933,-0.05802738113979333,-0.05088361370951011,-0.0221832456015143,-0.12620630295252888,-0.020679282485442707
CANBK,2022-12-23,-0.06509536039960073,3.07566644586845,0.044760705439629955,0.08420510601567477,0.14320017307773703,0.09912527574124086,0.0939804392586836,-0.008746392114888146
CANBK,2023-01-25,-0.044041851453791137,1.9641499545597885,-0.049174944723970104,-0.006861594105984192,-0.06845284576669552,-0.04264010209752889,-0.10537495277590436,-0.10537495277590436
CANBK,2023-05-09,-0.033045972461588136,1.91609227563839,-0.0067690250863109425,-0.0193164631804561,0.007594503661718877,-0.002641569229292595,0.029387465548377456,0.06356279500609086
CANBK,2023-06-14,-0.03318514080309376,2.017518132183362,-0.025127258903487215,0.0018065464190211156,0.00722618567608424,-0.02578419626476669,0.056659500456961664,0.08802760164360901
CANBK,2023-10-23,-0.03723260191274058,2.2830026160981896,-0.005062587642548189,0.07101677694294217,0.0810012949907355,0.09000142695747981,0.10997046305306668,0.21487833846358528
CANBK,2024-03-13,-0.053713145928895534,2.297742610088823,0.019666330434770174,0.030944166898070558,0.027215939454081184,0.08313913778384907,0.10560165657911735,0.1091434335403938
CANBK,2024-05-06,-0.054103706478595526,2.5829032067004647,-0.025430906731232494,-0.07823590814869097,-0.07173029587689095,-0.018249439430303993,-0.0718993079785959,-0.01106790767014576
CANBK,2025-12-03,-0.039136992672609616,1.9566616577928233,0.00896767211235927,-0.022179664927107656,-0.0035597225215148187,0.028272212698826182,0.05585982721677829,0.0026697657773819827
CANBK,2026-01-29,-0.04703941873050632,10.795305891096245,-0.019292236654955275,-0.019824446787716443,-0.013504616412820414,-0.03665519889006319,0.05694516459230248,-0.17875205605879052
CANFINHOME,2023-07-25,-0.043541771412421215,2.6330239317125135,-0.09398496105817977,-0.13921522356742877,-0.1328712817189026,-0.1326363049752901,-0.12141686458993695,-0.10855265870413155
CANFINHOME,2023-12-06,-0.05747741768440551,4.749830478064091,0.01045958795562596,-0.04196510375396201,-0.016798732171156905,-0.044310633542987365,-0.0038034865293185005,0.01648177496038028
CANFINHOME,2024-01-23,-0.0865705444644731,9.008184826496553,0.027915631814813935,0.05596908494555386,0.07030603568175353,0.17307690042384682,0.08367790064648117,0.01764541957840149
CANFINHOME,2024-07-02,-0.03643946501623785,1.8084901537682885,0.014666203609799533,-0.003259118249820614,-0.01180040474718802,-0.002360053511740512,-0.04624630697171994,-0.007754510534463743
CANFINHOME,2026-06-29,-0.05517944452774237,9.082061395713165,0.036605786290350606,0.053983056092206105,0.09733667883457775,0.1145945462867437,-0.02926071940425956,-0.032485384693158204
CANFINHOME,2026-07-20,-0.036314562200995826,3.4825146433255285,-0.02875812134627531,-0.04503299950026862,-0.05174127674021933,-0.04684130347135973,-0.049932972769128225,-0.08440767025650076
CAPLIPOINT,2023-08-07,-0.057437383745231996,4.901000939780215,0.11116068703787674,0.18649550846644813,0.13286828994750977,0.14882809775216232,0.24335942949567513,0.2075892857142858
CAPLIPOINT,2023-09-12,-0.06301222362773296,1.6874507528028382,0.029945948634872765,0.07517370602328266,0.05454077694880377,0.05181371297755355,0.14540781973565742,0.23385644455878563
CAPLIPOINT,2023-12-06,-0.035599999999999965,1.5346923898845493,0.02111153145738287,-0.002156761166269172,0.013106635278411494,0.06744093639827864,0.167026109984187,0.1634176690170055
CAPLIPOINT,2024-02-01,-0.03314116118970578,2.8254007815248077,0.0004999273427306328,0.007926572485062566,0.02824297462609393,0.10226020333400543,0.059020977509197214,-0.06241298670890638
CAPLIPOINT,2024-04-02,-0.04286498912201564,2.456823547867061,0.0018660827398642166,-0.024410623367026485,-0.01633721921595699,0.002703872165847887,-0.010815302715233566,-0.02086896177519504
CAPLIPOINT,2025-07-01,-0.05638465289859329,2.9507841175129474,-0.007957112767631336,0.009808877056950882,0.011160068748398588,0.037383621758205976,0.04378941153946303,0.07907116597983022
CAPLIPOINT,2026-07-22,-0.04884965580665257,2.9156651674683984,0.002418769557281264,0.05676038020821328,0.053454748163926036,0.02467142980027237,0.03644275529504437,0.04676287810743873
CARBORUNIV,2023-12-20,-0.047312894044805764,6.5909511541342,-0.007377373973796675,-0.00728742742774402,-0.013090462283513293,0.0030139231542398726,0.016419253261358513,-0.019118308591992816
CARTRADE,2024-04-30,-0.0369836856807606,7.824224440481464,0.02949770175565547,0.15390096188101166,0.3263982725941841,0.3454221936787494,0.2733879238844852,0.11100822859146775
CARTRADE,2024-12-23,-0.03254948984278305,3.0603246971391416,0.03313286807528759,0.0008634869929999844,-0.04969941923296839,-0.004029710074033188,-0.08782144472562792,-0.017813723391986835
CARTRADE,2025-04-07,-0.12446558881380876,1.8016440813959935,0.041114653223425,0.050471265454500536,0.04644174448003224,0.14301327099927086,0.08919553477086506,0.07526299475286047
CARTRADE,2025-09-10,-0.10363847493710088,18.890108688557913,-0.03692377035438055,-0.055752557994220076,-0.01202265989609319,0.016016648168149183,0.008680787892566988,0.21518523475041418
CARTRADE,2025-11-27,-0.03788023395002971,2.565651035101594,0.010538357444567215,-0.020945835378825106,-0.015447537611479323,-0.10999839556741942,-0.09913267954303717,-0.16812304080244644
CASTROLIND,2024-05-02,-0.04172587978967934,3.6468176560683117,-0.028203919024681556,-0.04230580303584197,-0.07298366924563604,-0.058386950496744805,-0.03488373497696373,0.07362686380326933
CCL,2023-07-17,-0.06987258294852228,2.8731887377499747,-0.08594790767823857,-0.09883640331137966,-0.08359110024922911,-0.09419650892224452,-0.11371337373814383,-0.016865535123398168
CCL,2023-09-20,-0.04432414974975962,3.373064758075089,-0.011016146959136552,0.015167239355462492,0.00965921459877972,0.04637989935411002,0.05396351903184127,-0.010617009081361206
CCL,2023-10-20,-0.046277433459524064,1.7889473257478399,-0.013103558322603348,-0.02366576232001849,-0.018186073087469667,0.010165223415242952,0.00023828529205838223,-0.0073855837979961425
CCL,2025-02-06,-0.0458418341038207,1.6928385238747583,0.007622345219868487,-0.0627502286233631,-0.0822297850423458,-0.07483836586693138,-0.07799510703708823,-0.11641520446400622
CCL,2025-12-15,-0.035306809244340265,1.8665365169940953,-0.0073804347115107305,0.001213236514660876,-0.008290315816677274,-0.04175511961619749,-0.022191842800190376,0.005105701094707982
CCL,2026-05-08,-0.070127562359654,9.848393673695433,-0.02128040685032828,0.0010685364333316016,-0.006054605026827531,-0.051820810646453164,0.044430616595845684,0.061526112624022744
CCL,2026-05-22,-0.03855178052824182,6.576820362178888,-0.005540449130244762,0.005728214335701587,-9.38826027283568e-05,0.1015118537962445,0.0786927644253943,0.13174938824422444
CDSL,2024-06-04,-0.08648563898059902,5.092327007133521,-0.0007616532859779923,0.05707323195931413,0.060145258339493024,0.0417386372616928,0.1778459802923451,0.23783894516474446
CDSL,2024-08-05,-0.05800589094262343,1.545340479802744,-0.007810725453401779,0.06157776400604886,0.11376526790179775,0.24890744715040358,0.23021334652376657,0.24336845828500842
CEATLTD,2022-09-16,-0.03872771818213672,4.744503154962417,0.057661590600054824,-0.009516325667162318,-0.032649882243895756,-0.014806714298990498,-0.06373457431718577,0.0765691337161527
CEATLTD,2025-04-07,-0.07161668113848452,2.4991248142346874,0.011438749501079926,0.06404958677685957,0.13591286582574202,0.16209616829451545,0.41468816767233285,0.42708486188720896
CEATLTD,2025-07-21,-0.05915401029341716,4.185712953856561,-0.029853648508816,-0.07064897921160385,-0.07709179956236523,-0.09861419732453491,-0.10808407945984644,-0.047432533344325956
CEATLTD,2026-01-20,-0.04416574275371199,4.572754084849629,-0.04485935866451218,0.0017781693452891822,-0.003960608612383343,0.05337316744891729,0.04421269781171966,-0.06223730841743125
CEATLTD,2026-03-13,-0.08827006436358864,1.6114677898360226,-0.016856360754934463,0.024463305674614633,0.019305575565480515,-0.06569658550641122,0.06540844258752343,-0.07442733001818902
CEATLTD,2026-07-17,-0.0730363975820032,7.525151504915841,-0.04017010547860134,-0.05757906080923547,-0.062339730915057956,-0.03380377005018431,0.03912790509745623,-0.07645283242058842
CEMPRO,2022-09-23,-0.04346012963912915,1.5176005662820238,-0.07295761202944573,-0.031891603266141155,-0.0056792827768999965,-0.0056792827768999965,0.09174312171234411,0.020969869723668433
CEMPRO,2023-12-20,-0.08759992832340513,3.393932530087999,0.04977619305860537,0.045674867421496845,0.0768082574509199,0.0738254544809065,0.17524234847431464,0.3406039203138509
CEMPRO,2024-02-08,-0.030882974359836668,3.663900221048255,0.0053859596864815895,-0.04503296756681041,0.0703171727756915,0.0450328762514991,0.023638520670042462,-0.025284296524192285
CEMPRO,2024-06-04,-0.09004629519001861,1.9800674756351184,0.0535853658226042,0.13976533534163127,0.15501958854506204,0.2319426654681389,0.4964798550562255,0.33272491813172267
CEMPRO,2024-07-04,-0.15089742627125735,7.663348333640949,-0.010260619998464393,0.016827441847823588,0.012723193848437786,0.05653599114119734,0.06792537954085986,0.12271699013129278
CEMPRO,2025-09-19,-0.056502352562123215,4.485176128473807,0.03767970617771743,0.033989382901604914,0.037809157929002746,0.09510554624885104,0.03373040036866093,0.05671369737831755
CEMPRO,2025-10-31,-0.042766863589077664,2.5697394364762727,0.059549521752545465,0.048133292193767385,0.02567107410425029,0.03788955533110916,0.061339107938329196,-0.04646716990319344
CEMPRO,2025-11-18,-0.04673284645044229,2.8055570884713283,0.018025261313297847,-0.02906511335187112,-0.037173389784284305,0.058441931215783116,0.017838192923926854,-0.12368243172765159
CENTRALBK,2023-10-23,-0.0917822705893101,2.874481521064862,0.017626322290195562,0.04465338566267296,0.015276181845680581,0.05522919696721251,0.04230315556604691,0.1562867601672442
CGCL,2022-08-11,-0.03769760396783817,10.550056983546126,-0.0021803981949037876,-0.01039316574083926,-0.01824258048395888,0.05378306168162372,0.06802819857859088,0.060324162473665455
CGCL,2026-07-28,-0.06570599243063635,26.588107524807477,-0.00731749259492076,0.01822804153824542,0.002015561531056642,0.031723799204446346,0.05017087409954635,0.13662252435810052
CGPOWER,2023-06-19,-0.03341290347276438,11.296388054618614,0.006309980227623191,0.022222238967121166,0.025788734969778737,0.039917661983453145,0.15967081538280192,0.1201645755637002
CGPOWER,2024-06-04,-0.08633879781420761,3.341879953651095,0.001036721553528741,0.0582934414560905,0.05582137161084533,0.07727274674167672,0.1488038082822467,0.16204142836672641
CGPOWER,2024-07-18,-0.056528865553063246,1.5238941348706694,-0.01980264561241518,-0.018714585242065596,0.05701434569700381,0.05701434569700381,0.037937073664821686,0.03539826613400576
CGPOWER,2024-10-21,-0.05299148280105315,3.4108312190549346,-0.026302171249418693,-0.053893745627558,-0.08212990352888039,-0.07703713496749542,-0.07387827436389571,-0.01134603928567779
CGPOWER,2026-03-04,-0.03785903223455467,1.6762877927765576,0.02365301590656843,0.018469795485448248,0.060446724927954554,0.03248649322072228,0.0035041075972503943,0.21024966399029288
CGPOWER,2026-03-13,-0.0371625713177145,2.9681548204748953,-0.01584730189196082,-0.003873784906923805,-0.039864837096580286,-0.07726445236618473,0.06479785662490634,0.18072965682578346
CGPOWER,2026-07-03,-0.06967900241812186,6.239104426934295,0.036412526406911505,0.017421979727342496,0.026945255864534667,0.0139488122539968,-0.03265919419369001,-0.003977354592482718
CHALET,2022-07-29,-0.030501753283001642,3.7799699363542993,-0.0020449705332794554,0.008022613635370712,0.023753303910618584,0.12930629326503906,0.014000256737462191,0.06119232756320536
CHAMBLFERT,2024-06-04,-0.13547038336929196,1.6432029863806223,0.10981671418084482,0.1589713872677494,0.2025855528342111,0.328739814395556,0.46427037281302264,0.4825968736890536
CHAMBLFERT,2024-07-09,-0.04042668178818509,2.801759749625726,-0.023600557471080363,-0.01511605191238119,-0.014238381386265875,-0.03637609512389006,0.008777062400737501,0.0019504583112750495
CHAMBLFERT,2024-07-23,-0.04639073060568344,2.9357868327020276,0.01625011621036143,0.019129936084144372,0.06284072548410213,0.012033335754317198,0.07734239756366579,0.07219995175190608
CHAMBLFERT,2024-09-19,-0.08134291395008997,8.200928171778587,0.004489910972288014,0.04698757379808005,0.061083845937504044,0.04051371755081612,0.029654341669536066,-0.030385335961343962
CHENNPETRO,2023-07-25,-0.09573265857030966,8.8930322998175,0.01323342769779945,-0.0074906367041198685,0.029837733350889684,-0.06491885143570542,-0.07965042171406833,0.2720349867840981
CHENNPETRO,2023-10-06,-0.03216758777006956,1.6267212324538827,0.005694760892023254,0.054876786777679376,0.0846966129911606,0.12673427720641484,0.20024846326707957,0.3886932782394876
CHENNPETRO,2023-12-20,-0.043063889869396355,2.1734268531276983,0.010549648711268844,0.006049392233032025,0.049575766264754684,0.05274806344522309,0.2877167097012172,0.46078935860268344
CHENNPETRO,2025-11-26,-0.11994504679152351,5.778758424510798,0.022919974779940455,0.016674116232560987,0.05018960654174909,0.054873983433781026,-0.053925916688030595,-0.060673616841619094
CHENNPETRO,2026-04-24,-0.03207710395759855,5.4124251300622035,-0.03628018144248191,0.10096618357487919,0.07342995169082123,0.015845434216485543,-0.004251231317934812,0.07652169195350234
CHOICEIN,2024-11-25,-0.031796162093853164,3.135548861610181,0.012387194268907997,0.010466702668069594,0.024582269047229266,0.07259455906818646,0.01882079424471428,0.018916795381255236
CHOLAFIN,2022-09-16,-0.03052473836988856,2.4763537518418617,0.022183254449269274,0.005334422002769568,-0.039162082412233956,-0.04735878810190819,-0.047163675710977015,-0.07995049846967406
CHOLAFIN,2023-10-04,-0.03521297072474017,2.247247005678578,-0.008597548219866469,0.008184205525774146,0.04137554313038261,0.007274770867776503,-0.026619330047783718,-0.05034516032317826
CHOLAFIN,2024-01-23,-0.03579475096229656,1.7211866501560125,0.020938372323806576,0.008645809324421272,-0.02958408161109405,-0.0495389888726695,-0.11038717571962708,-0.11968862841886907
CHOLAFIN,2024-06-04,-0.04442633679848884,3.7986902908186124,0.046369964636883365,0.08644627989391762,0.0819392743329479,0.17804937116541453,0.16558390480062268,0.12932434370851653
CHOLAFIN,2025-04-07,-0.046239641494799755,1.790237774311486,0.055695891062658154,0.06464178426095235,0.1629031475400422,0.1167304319154383,0.09198470690839078,0.14941200435299873
CHOLAFIN,2025-04-22,-0.05627185303434956,4.02846598097266,0.00025537819703003173,-0.014619525062015137,-0.052285510174643,0.005171077285297754,0.057201209262910835,0.01302350874368341
CHOLAHLDNG,2023-08-02,-0.037983235036519125,3.106297012384495,-0.0007541203415365461,0.008187423200579191,-0.00021547234800023407,-0.012335052202565366,0.06016695457682486,0.25014807559587937
CHOLAHLDNG,2024-03-13,-0.033035364171574266,4.416322741299888,-0.017344024010399806,-0.01839226874431077,-0.04660024254691708,0.05922716525471783,0.035259923629711754,0.025777909617828554
CHOLAHLDNG,2025-03-26,-0.062092767553079464,2.149611918126899,0.005079077031860724,-0.0008757078513751404,0.01990774423486985,0.03940685331187965,0.136902327431641,0.14028835503111914
CHOLAHLDNG,2025-05-30,-0.032956832856788076,2.3199916455382885,0.00782343695115939,-0.01982638568646733,0.03970640852804608,0.07083917945618468,0.10491911582420355,0.06896371053989725
CIEINDIA,2023-10-19,-0.03627904453326858,1.5460562120389314,-0.02520377454383682,-0.014907790701526036,-0.012870012533023112,0.03324753237697631,0.07378805876394501,0.016516476807884928
CIEINDIA,2024-07-19,-0.030989941599826265,2.8527537378957217,0.003997680902769973,0.006294143677293196,0.001956322976651048,-0.021859277229924756,-0.09806917712541174,-0.040231290909442
CIEINDIA,2024-09-25,-0.031605023954227485,3.8559216286042437,-0.029813820423009174,-0.01667099158310248,-0.017112025385285445,-0.038722681692251903,-0.11334563332389391,-0.18047101031842516
CIEINDIA,2026-07-23,-0.11322751322751323,81.54753556491364,-0.01252983293556087,-0.025537021973821683,-0.016945121965431076,-0.020763752284084225,-0.03627687877573105,-0.053579981401029375
CIPLA,2023-11-23,-0.07931574957604204,16.23987371311686,0.023918335468377627,0.026395612497021714,0.029940568083407948,0.041387220912693534,0.05548195431370195,0.20360480981943097
CIPLA,2025-10-24,-0.036897423908997085,1.6112713667180405,-0.0002524769047579367,-0.002082838157835387,-0.05244886032911367,-0.046011123006023724,-0.050744776050982265,-0.045127492361938026
CIPLA,2026-01-07,-0.041089640977092,7.205402860923858,-0.004973123991219297,-0.0018394122196879747,-0.022753609822572685,-0.06642141724803008,-0.09394374420635876,-0.09734997073189877
CLEAN,2024-08-01,-0.03672294502612772,2.4778783850197725,0.056176176983465664,-0.0066579329016153155,0.018373259674622,0.009794773713742932,-0.04388466866317908,-0.015876603215582263
CLEAN,2024-11-07,-0.03946137795174154,4.922980486792978,-0.0025950226808388877,-0.08250203992199545,-0.12466295107535996,-0.1309989072419473,-0.13120115099569674,-0.023254246810279433
COALINDIA,2023-06-01,-0.04518132185071255,6.6232155763224005,0.002387617878862436,-0.011070123656136799,-0.009767744477457874,-0.0075971345935783585,0.002821766352340882,-0.014108964245216904
COALINDIA,2024-03-13,-0.0717783237841092,3.4956962935980918,0.02553656570144658,0.011509455583367023,0.00587462481415435,0.04088243330440022,0.08140513895395363,0.12180798416847094
COALINDIA,2024-06-04,-0.13750363042153868,6.463396292670789,0.04220410534980257,0.08429509055102158,0.07795884291209387,0.08157958544573263,0.09742027360297145,0.22290118098678202
COALINDIA,2026-04-10,-0.04404316170707301,3.2189709960357584,0.002303616645795481,-0.0031098965319841243,0.017622653280175538,0.04238653222247768,0.06668965971529994,0.03893110725378435
COCHINSHIP,2023-05-22,-0.10403029027807897,1.6095169553946627,0.0028821284539051195,-0.026350978472401088,0.002470431718026189,0.15059191850553266,0.2201750122635744,0.359752959341225
COCHINSHIP,2025-11-13,-0.047265597752162436,7.702202059474851,0.0105429622709583,0.0015814157410281027,0.010191472996028406,-0.01833306854855954,-0.06460495851554271,-0.08100512204814425
COFORGE,2023-04-17,-0.033956345326243476,1.7905265061456703,0.035021467142811735,-0.020157252682471483,-7.70800357375867e-05,0.061345357923459076,0.08019217158533487,0.17369409717479312
COFORGE,2023-07-21,-0.03717230860920606,5.826182473537999,0.018404000964135303,0.01634590753837384,0.006896132179922354,0.05341250291427313,0.07676226798028463,0.19494427449313023
COFORGE,2023-08-16,-0.03810844168213934,1.7972441229598821,-0.01393830157904774,-0.01565225682899163,-0.03208267146631838,0.04379477917014096,0.07115914370295506,-0.013652602289454197
COFORGE,2024-08-05,-0.03009043241802012,1.761276675026876,-0.00017812550489160195,-0.008809501655345886,-0.003815466944988244,0.03700156297109203,0.0865771719693591,0.20847711801420177
COFORGE,2024-10-16,-0.03556919055401497,3.1354178156159818,0.007356751754551638,-0.05260778571133862,0.04907525710930272,0.07469896707257373,0.11825659682518053,0.29100881835918546
COFORGE,2025-01-13,-0.07428633846103128,2.9375341876976853,-0.012997458559887098,0.002963646307872825,-0.004991035304696911,0.01104466727003861,-0.01949327824881597,-0.13451186492654899
COFORGE,2025-07-24,-0.09390709615461013,33.083831183406026,0.007637260637306076,0.02655131264916477,0.04307872981615457,0.016766095218339716,0.042780400460545875,0.024403355855645792
COFORGE,2025-09-22,-0.04366959409667359,1.9507107776819341,-0.028539809717064046,-0.07315508987123565,-0.09592875001466417,-0.01770634514635605,0.014328135148307775,0.07525187799794453
COFORGE,2025-12-23,-0.04735912790306496,6.104521819271956,-0.02387372270852106,-0.05443203291852827,-0.0658352737818717,-0.044208489681211494,-0.05196045530678106,-0.24693853928967724
COHANCE,2024-10-07,-0.032795746457152886,1.5088408911054687,0.026066350710900466,0.02576477760798146,0.03912108954249249,0.1002154664611159,0.13795775578279845,0.11938823681872046
COLPAL,2022-09-16,-0.0417445530420153,9.182543507336417,0.010650903191468108,0.023668639053254337,0.009499424651167487,0.04231570408703833,0.0045098665140732574,0.0013114017771469477
COLPAL,2022-12-14,-0.042993713315625515,2.7788379152576823,-0.00798603170736556,0.018930957683741756,0.002863506204263455,-0.006554278605233832,-0.052306682260181314,-0.06640151166779351
COLPAL,2023-09-28,-0.03472490956056351,1.823624868231939,0.01331350965355882,0.005734689741442978,0.006745199063058482,0.035342538852862315,0.03769204703753126,0.11582963099016963
COLPAL,2024-05-15,-0.05227039660136368,4.130310979600441,0.005144898972436085,0.014574077364408522,0.016912667806425086,-0.010177527333417702,0.09865106266554546,0.13554470201927238
COLPAL,2024-10-14,-0.04531593934309752,3.050449570113642,-0.008630329107624735,-0.0432085489592946,-0.052392525482648056,-0.11855380752157874,-0.18447389113703228,-0.17854047922938487
CONCOR,2022-12-16,-0.0316765729040257,3.0203097040900273,0.000674490770583569,0.007959024027004657,-0.03912046469384156,-0.003372453852917401,-0.03810872853796632,-0.16929718341645217
CONCOR,2023-01-10,-0.033592125550098495,3.7772814053687864,-0.0011770885122213137,-0.01253287370024525,-0.03690619620542368,-0.05781747875856469,-0.14644786535852006,-0.17622213585694257
CONCOR,2024-01-17,-0.03687548129922802,1.7659221563526035,-0.007645709361097652,-0.0292301780950025,-0.025289654040553833,0.08222073913022876,0.15367871508202602,0.005587249148494511
CONCOR,2024-06-04,-0.1920374707259953,4.0594164366550585,0.046903820816864394,0.11177870759222652,0.14656131628787872,0.16263509757905137,0.07778654839838595,0.09412389863306991
CONCORDBIO,2025-02-10,-0.04706690905866184,9.945666896859224,-0.0465282758911455,-0.055252327620735286,-0.24731564908454362,-0.24481029130525345,-0.2645177223138442,-0.22463313643269167
CONCORDBIO,2025-06-20,-0.06892008140412587,9.988313615152721,-0.008436292161362657,-0.012191816153463764,-0.007511047984202102,-0.054210033750218045,0.03080606002380404,-0.11010724620464518
COROMANDEL,2022-08-25,-0.04595689070555509,11.813566514855522,0.028912334129508777,0.04272485059395281,0.03510075922427358,0.03351654657354941,-0.0015347173367340483,-0.00802023518311834
COROMANDEL,2024-09-19,-0.03213871421152459,1.6926216767017102,-0.00910773995320302,-0.006868131767989172,-0.024038461187961935,-0.03254897229177456,-0.03183232683407111,0.02789055810496488
COROMANDEL,2025-07-01,-0.07169082588861309,1.5905353764320482,-0.02261786009953326,-0.039516745194925096,-0.05073959195259792,0.008728845818315234,0.07301332884300482,-0.025971854122833316
COROMANDEL,2025-10-30,-0.035660490997030614,6.519878238124982,-0.022812921823906374,-0.0024836272951066496,-0.012786334951916944,0.013108270002783584,0.09562144749948986,0.0872045358818343
COROMANDEL,2025-12-30,-0.05385398350052284,6.072924644970964,0.013369059845182107,0.019494789920075917,0.03416047500279462,0.051374872498882285,0.005812653699977632,0.042074713908450745
COROMANDEL,2026-02-27,-0.047455630748266975,11.32345201532605,-0.018108086113457156,-0.0704954954954955,-0.09936935837204397,-0.1176576356630068,-0.1357207427153716,-0.09887387387387392
CPPLUS,2026-07-17,-0.04884213096217105,1.5917557297150235,-0.013418548392652996,-0.04650837152984122,-0.019643648162440575,-0.06180829691780554,-0.026394396005236742,0.05840529641431291
CRAFTSMAN,2022-12-21,-0.03655309418904418,3.7241036750908605,0.021620507992471172,-0.0181687090976429,0.01542556961754804,0.09150585385182497,0.07886947378464315,0.09307772634851075
CRAFTSMAN,2023-01-23,-0.03607579073299061,5.231366221484216,-0.019555795815271115,-0.04018554964544818,-0.048404660679159495,0.005041885090935283,0.06233683504099585,-0.15877323913676356
CRAFTSMAN,2023-02-22,-0.05318877461820504,3.093809345716572,0.02323894339500221,-0.019694469032700557,-0.020969880223009052,-0.02056950842540417,-0.1189678474436453,-0.06535669513755005
CRAFTSMAN,2023-05-08,-0.034802861594093404,13.621229245065788,0.046908315565032055,0.07404245513503915,0.10308776677130216,0.10523569528350318,0.2255389718076286,0.27268419805733246
CRAFTSMAN,2024-04-29,-0.055735834908700266,2.3726297946535255,0.0006555673886627922,-0.007742737651181164,-0.027048695002543255,-0.01802871029727593,-0.052707110284559766,0.2339888786453035
CRAFTSMAN,2026-01-29,-0.05951156812339331,1.605547925244393,0.0,0.0540522071887386,0.070930709307093,0.0897225638923056,0.05979226458931253,-0.04646713133798008
CRAFTSMAN,2026-06-01,-0.03333700683270879,4.381013988311076,0.023656159151798528,0.045887248475175335,0.023314142392977244,0.06447015903779296,0.07849284614946139,0.059111896482927584
CREDITACC,2023-06-30,-0.05887450375842507,44.625003500084006,0.012182864484784783,0.0018434069753596738,0.027411494010859627,0.02248220751727681,0.12010577698366331,0.1293632198579575
CREDITACC,2025-10-17,-0.0743320871769978,1.957122934857364,-0.0016292773265266236,0.03491349146374412,0.14221423173697367,0.09333534368773178,0.030723853546313462,-0.02405151634169045
CREDITACC,2026-02-27,-0.05497467506120379,6.4023574445291,-0.042918059479466364,-0.042997079073045175,-0.08773316810294507,-0.0694751072842944,-0.05785642902062593,0.04355050567715746
CRISIL,2024-03-05,-0.030753314116042096,1.6454980683204332,0.007541287491554138,0.01334391632736609,0.004917776667009877,0.02769606377928424,0.0072121429809379745,-0.11274917550606223
CRISIL,2024-03-19,-0.04607971897104368,2.2159488382451578,0.0023379997622705595,0.00464591586944163,-0.0007324929051080176,-0.02767490485186641,-0.13504317592460935,-0.11068972217891504
CRISIL,2024-10-03,-0.03219933355312732,6.3158218922702085,-0.02134621990084795,-0.005294895812988032,0.0008008118485391957,0.06008956665563714,0.21797790011316942,0.17488505438720403
CRISIL,2025-01-01,-0.03674229933781015,1.825725166166673,-0.034695310407724556,-0.07397815528710094,-0.09956072096466906,-0.09838265619244013,-0.15428366583707398,-0.29861199101098945
CROMPTON,2024-06-04,-0.04764313507975815,2.142135039934284,0.0675424974297365,0.05453826692223274,0.09129518452363539,0.12659239318563853,0.09129518452363539,0.19705414651126896
CUB,2023-12-21,-0.0420951037068138,5.1870995674473175,-0.017443783740215046,-0.007380046601840551,-0.00033544425479536955,0.027507589127674814,-0.03622941274869729,-0.08587720993097903
CUB,2024-05-21,-0.04511028063578404,20.565843695436794,-0.007586178834411039,-0.0010345108207613363,-0.005517227348239895,-0.06517242782417387,0.08310343424479161,0.09558617602819686
CUB,2025-08-25,-0.03316639611700356,6.509817393481935,-0.010164175149985577,-0.0419760868084742,-0.019057878115597116,-0.017787306512474843,0.00180812877511638,0.12490225894308926
CUB,2026-01-12,-0.06421198169422981,11.009286297689917,0.05379199120394618,0.03782547635109168,0.0302223593082267,0.11499714527333516,0.10511303124328597,-0.07298997001724883
CUMMINSIND,2022-09-16,-0.04558200928332812,2.4086279603746474,0.008939083595621344,0.052123530563530585,0.023166002199396685,0.003735060500828391,-0.004616417565296738,0.1471377565599985
CUMMINSIND,2023-05-24,-0.0530657713152799,15.25234018003605,0.03438223149697084,0.09324264743128974,0.10317806716476263,0.1280009684208787,0.1645458484081581,0.2015294867170394
CUMMINSIND,2023-12-12,-0.03622826392612344,1.534039550660721,0.018483966047907918,-0.0011406394087054572,0.024861344146897002,0.028464782394330035,0.060895979787226606,0.34958781410780193
CUMMINSIND,2024-05-30,-0.06202648470470551,3.6594958606954946,-0.012650133280226239,-0.09755898068303848,-0.025439279014081273,0.03216746819428318,0.10288313050615394,0.05010007471240607
CUMMINSIND,2024-08-02,-0.07972474504423332,14.3428546857919,-0.003688620975627832,0.06770438627686137,0.058176793175063635,0.06949883737926821,0.08361217269955956,0.084082186069107
CUMMINSIND,2024-10-11,-0.04454549174524358,11.011560178949727,0.014844471849267515,0.05098017652242781,0.026548482466174583,-0.06751241829835775,0.011399691884883323,-0.024334893003425284
CYIENT,2023-09-20,-0.035892369039681404,1.8468090434460254,0.012667682690530091,0.01883112390361874,0.03883920722916989,0.04051167677586465,0.09220427902066985,0.1363706926895809
CYIENT,2024-01-11,-0.032600388139588876,2.148748990503315,0.05763689022432028,0.05926373793226469,0.022822394666263568,-0.0673747130944673,0.007297664788120661,-0.08722223243541238
DABUR,2023-01-06,-0.034744695615997356,2.2962208402863733,-0.005969047551229845,-0.008139640406478632,-0.016550535919276577,0.02378588223708511,-0.014741726940059152,-0.02866957816022131
DABUR,2024-09-25,-0.043988681344636626,11.083819449712353,-0.001993620414672992,-0.0028707939281797934,-0.0746411288564095,-0.08819774767618616,-0.1371610845295056,-0.1682615629984051
DALBHARAT,2023-04-20,-0.03096226495889165,3.807650917135497,-0.03363578973132686,-0.034213996545120695,-0.011287338406201552,0.01201640312768082,0.03454081442893897,0.12742902405490097
DATAPATTNS,2023-02-20,-0.0610809794259074,5.018149086873674,-0.06060377765110858,-0.07740522029205055,-0.10767007421016717,-0.04139153458077893,0.03779398721526017,0.25914248343050095
DATAPATTNS,2023-05-15,-0.0335315323147074,1.5670958245068698,0.040618404826078036,0.04462167539666395,0.045695655766883725,0.08133438644222934,0.1321073726098454,0.27384862566110657
DATAPATTNS,2023-09-06,-0.05963099319287324,1.8538094356161505,-0.027062520870775986,0.0004443753001106554,-0.09074146882961132,-0.06885603954419417,-0.06992249686843433,-0.1304463910454905
DATAPATTNS,2025-07-18,-0.0476930836437085,3.1318246149685285,-0.010625584343834982,0.007361758414551334,-0.029048086185403443,-0.07506799637352679,-0.06023575617633725,0.0016682131119674093
DATAPATTNS,2026-05-15,-0.03341229273157964,8.073156514227609,-0.032065019689958674,-0.010937676343028557,0.02404229360811949,-0.009441531705468797,0.14162259770411456,0.08719205468850766
DCMSHRIRAM,2022-10-20,-0.04015326618127535,5.954970785177353,0.010000492889213453,-0.004225550689070601,0.00920235623969079,-0.027700832295018296,-0.1763932430620112,-0.18554860288833075
DCMSHRIRAM,2024-01-05,-0.05585001772048859,2.1723563060251028,-0.012526677750444692,-0.04036373941809934,-0.03771912794423704,-0.043286540277768015,-0.07121642613176982,-0.1088892835694506
DCMSHRIRAM,2024-05-07,-0.039495691980757086,2.915300066838369,0.025174310383167642,0.00010251803187655284,0.001384306366939425,0.021431463409856244,-0.061884778369220905,0.034608285046693554
DEEPAKFERT,2022-09-16,-0.03333873301010526,6.742521185705763,-0.0009564944406637022,0.0018566033039750796,-0.014628108272121354,-0.01108364632136305,0.08714978186473621,-0.07550358467358964
DEEPAKFERT,2024-07-31,-0.040000000000000036,1.6707964142623735,0.005000026251680056,0.0008602019279233541,0.08870967741935476,0.031774180422547094,0.12182800949260764,0.151935536374328
DEEPAKFERT,2025-01-30,-0.13547492792339344,2.339283485951813,0.01333745280243881,0.0129805749316656,0.00838613989590753,-0.0631189209198062,-0.08131860329087792,-0.016906122606334506
DEEPAKFERT,2025-04-07,-0.037126707725134156,2.0633115811362224,0.015395950850203732,0.10233451048179654,0.15007538702352763,0.20398374522375962,0.14578103700154377,0.4113025213551953
DEEPAKNTR,2023-07-07,-0.03425422727405758,2.6657274528991093,-0.03660878051506111,-0.06119236175545906,-0.057482989412345975,-0.04026961713363164,-0.010182617439288277,0.08737602377824327
DEEPAKNTR,2023-12-20,-0.030876430897898488,1.9067608259901498,0.030304374823844515,0.11494922315388956,0.0971589407764939,0.12153325817361904,0.034069920553833066,0.028906470194475675
DEEPAKNTR,2024-01-17,-0.032394247294180833,3.1880277503443684,-0.013890402507854893,-0.03388739136852925,-0.03825238849072832,-0.03233930038676547,-0.005655125435791053,-0.09293228485210037
DEEPAKNTR,2024-05-23,-0.05220219105185708,5.5592498610466885,0.012977022611423417,-0.015182642791791934,-0.06443528950463995,-0.024176604365442445,0.09038933472748667,0.2211229904587635
DEEPAKNTR,2024-12-03,-0.04786069353262068,24.950838435875422,0.025580491500523328,0.028473562553530618,0.038903673837790365,0.013570575692329667,-0.049086391766987036,-0.13328888555148455
DELHIVERY,2024-05-21,-0.14104683195592282,31.560759325096466,0.03515076897249858,0.03899938988333873,0.0688903299641197,-0.07517636380492287,0.02719693676335,-0.019756285329137424
DELHIVERY,2025-11-06,-0.0871403515894349,6.07800488425952,-0.02948490314185581,-0.028242204761914302,-0.01931770942756661,-0.03750566171396119,-0.0926344316190788,-0.08608225390445379
DELHIVERY,2026-05-18,-0.042038885969521766,2.691154661386583,0.008008763349389714,-0.006582556226001124,-0.0006582288381101753,-0.03905647348978325,-0.009764151853058234,0.09347231180146043
DEVYANI,2022-08-23,-0.05222929936305731,3.722857828803902,0.01102152178364424,-0.0040322580645161255,-0.010483854560441874,0.03252689812773024,0.046774177141087,0.04112899944346449
DEVYANI,2022-11-02,-0.03627477659045086,6.4982630622624145,-0.02055529119479904,-0.007474688374065508,-0.07047515607671695,-0.019754388083057184,0.0061398498544957825,-0.012813716583924495
DEVYANI,2023-05-17,-0.041517749784732216,5.125349656492313,0.05651170781564274,0.016064274255499278,0.036144595189060436,0.05851977492629956,0.08032128373424485,0.11359726164708239
DEVYANI,2025-05-08,-0.05698204249536232,1.8916314587524168,0.023926799537736798,0.01680084517832081,0.034470754459202224,0.04391403629136015,-0.020624515068684013,-0.03140025577764971
DIVISLAB,2024-08-05,-0.03291756667918855,1.870270878959728,0.00012422116465637956,0.0015640941758279236,0.013269207697584884,-0.021504322350280658,0.04952398409240755,0.12364942359558762
DIVISLAB,2025-02-21,-0.03700884987844222,4.5404673729819685,-0.00946665424982518,-0.024535136014455117,-0.037658142979929976,-0.042174345007369496,0.014269529257522118,0.06096007629233102
DIVISLAB,2025-04-04,-0.04861181716879226,3.8048422268278217,-0.04083640777256714,-0.017636848279663275,0.0458976440831973,0.08055115395778234,0.08711708214454572,0.2089515273878233
DIVISLAB,2025-11-07,-0.03297740974794794,1.9154763615294754,0.005258018478179194,-0.020506272064898967,-0.021783219409599597,-0.04258994967325169,-0.027491925185908483,-0.044017126117328886
DIVISLAB,2026-02-12,-0.03155092773819779,2.2060953394790985,-0.002667744543249806,0.0004042037186742231,0.018189167340339596,0.046725949878738904,-0.018431689571544063,0.017542441390460795
DIXON,2024-01-15,-0.03392611952029767,3.7895179703226436,0.0018952555143907368,-0.004501231846678055,-0.07545486016668157,-0.053777875220837434,0.0013187973857258228,0.07441245421013787
DIXON,2024-06-04,-0.10465300519674292,5.838843361700371,0.06992107313527596,0.12808133953026934,0.1456379276142965,0.28074079909230454,0.4290224203135229,0.31849755853869355
DIXON,2024-07-18,-0.04827596079776597,9.332261773957706,-0.056810476965146295,-0.08394128779363252,-0.08669950255670322,-0.023045644612120886,0.03591630526750356,0.09055871425009498
DIXON,2024-10-25,-0.07426618027406384,54.7168975838921,0.021478460894583495,0.01710525864030288,0.013815529804347637,0.12082049410676077,0.11221044342812037,0.2838303066076324
DIXON,2025-01-08,-0.08378563844431675,7.425089066426547,-0.0031439053258539573,-0.06333306183891829,0.0008163317176528295,-0.12962079161994944,-0.11665779977460189,-0.14245953144685153
DIXON,2025-01-21,-0.13753846030638328,11.936751354241272,-0.028383497506482835,0.02909010902503728,-0.03680576772458066,-0.043461702597155205,-0.06238957985954696,-0.0817895417110368
DIXON,2025-03-25,-0.0673484435739139,7.2216279566494315,-0.0267238878032221,-0.03266174905501118,-0.012756417093287786,-0.025105494123637606,0.20481485559103096,0.10763697750376156
DIXON,2025-05-21,-0.05758783049619698,14.040890966720326,-0.028311555213938022,-0.03375608506277228,-0.05098642070202408,-0.042018959774532405,-0.07974634896233668,0.031193953369203165
DIXON,2025-09-29,-0.04757009879504315,4.385868184536677,-0.021345485070152326,-0.005216452812087824,0.033217412159731285,-0.002638206019906497,-0.06991245952752123,-0.12201702842067397
DLF,2023-08-01,-0.03672286803463842,5.3777931328283515,-0.012207336310787187,-0.020112103392111003,-0.02291377211791512,-0.04332604339639834,0.0007003713776023712,0.04082442041337053
DLF,2024-01-23,-0.05887594770377513,8.83199882779745,0.010956359738723664,0.03794127993523477,0.08562151878554491,0.11923444592122423,0.19958067121500922,0.16015153032468188
DLF,2024-05-07,-0.03517072712268665,1.7117619479558186,-0.003972455096481808,-0.03510929778124128,-0.019686921533422108,-0.009931066430123092,-0.06992643406227994,-0.02021269813605664
DLF,2024-06-04,-0.12213084212431968,1.9525746645679167,0.04331584245474285,0.10543907235521788,0.1218872870249017,0.12686761178632855,0.10242467157806368,0.14534734523468207
DMART,2024-01-03,-0.04167326597300869,2.8441437166205126,-0.00877337956774571,-0.032537844325905896,-0.028062124408002376,-0.03710253229267002,-0.03764925430122956,-0.012257350977276427
DMART,2024-08-23,-0.030912362888868672,2.333557543715316,0.011812690471029175,0.012924634837549798,0.0052943375114760105,0.08200554836529639,0.08549419661073143,-0.18934000792168215
DMART,2026-05-04,-0.04566168185152286,8.786112387477585,-0.004067132340340507,0.0022849308808408075,0.002947538522506621,-0.016405759096881023,-0.07300354164286527,-0.010944796605449558
DOMS,2024-12-19,-0.040943855964537645,21.459699275189987,-0.05095043044750058,-0.12491896485976395,-0.11227519179531542,-0.053868237049436885,-0.1345084598561851,-0.13512266476950774
DOMS,2025-05-20,-0.08890078683534408,16.142886033444714,0.0017655366893409852,-0.0010201261795508287,-0.0611268227571472,-0.03295668486769732,-0.05375078365326824,-0.04990581792807103
DRREDDY,2022-12-16,-0.03576899662008404,70.11976582489255,0.020178244297704317,0.02284700085176694,0.00031331313842253294,-0.016604392375414334,0.0026223686459101447,0.05003364362712648
DRREDDY,2023-05-11,-0.0688882912959291,24.069176221347963,-0.014541100348554825,-0.003740086669380749,-0.024029157888598385,-0.006189371398511612,0.02590465560052091,0.14353483239372156
DRREDDY,2023-12-11,-0.05038261996993931,5.753438342947031,0.012213387881195192,0.018242526412885596,0.021476213404830746,0.028985205037321382,0.05047959461994056,0.12543168422247541
DRREDDY,2024-05-08,-0.03216089185299287,2.3463073332170605,-0.029555795364256787,-0.0244041857860805,-0.029943793659886087,-0.02619562934532893,-0.02731024263095494,0.07655599410000713
DRREDDY,2026-07-09,-0.05893254262416603,2.2630797974297114,-0.01985029631498625,-0.018353721014671143,-0.03552577832685111,-0.08129180872144548,-0.07758960220559274,-0.09019298936589204
ECLERX,2024-05-17,-0.051251033981684846,8.000920008939657,0.028545746636075897,-0.0011629570070168516,-0.04300508947698001,-0.03837543851942882,0.03971388364966022,0.09597154049752699
ECLERX,2024-12-30,-0.0404646972304511,2.7516078886396924,-0.005424851681638532,0.004254267616443208,-0.03237777110142803,-0.08541283425218338,-0.14464363511905554,-0.10948205854941817
ECLERX,2025-09-24,-0.035615965047842035,1.67075468994432,0.035979997560678045,-0.012269800909409656,-0.03073545554335899,-0.03183315038419321,0.08466888587785104,0.1023295523844372
EICHERMOT,2022-10-03,-0.05671914001008316,8.360200368056468,0.02646278884880049,0.010163555568839522,-0.015981664023428377,0.043065210890658845,0.07676089509274076,-0.007478350658774668
EICHERMOT,2022-11-11,-0.04896177649217792,7.665162350701204,-0.0008665079687241173,-0.004716336560795731,-0.03676499252314325,-0.029988722633240816,-0.0458710257132009,-0.07644220651273825
EICHERMOT,2023-07-04,-0.06308441347550509,20.094473871829205,-0.027059217916066247,-0.06378975744760595,-0.04372684986327824,-0.015447718288506662,0.004144821363172735,0.0011611356091418834
EICHERMOT,2024-01-02,-0.03611625890011305,4.754182391398194,-0.0012588059971098131,-0.003969158939466921,-0.00566475242854847,-0.025741798631181756,0.010455992593930707,-0.02571614583333337
EICHERMOT,2024-08-02,-0.04872396129677159,6.101295200629691,-0.010779231431481073,-0.027408189141597372,0.021981487729386462,0.01832136708414067,0.03919224667215282,0.06337398022082419
EICHERMOT,2024-10-03,-0.03823914936262196,1.830064145251862,-0.015828582396758994,-0.018619927796654445,-0.01768951336251956,-0.03317300624019859,0.023450057991374784,0.007987495099320396
EICHERMOT,2025-02-11,-0.06803677234966476,5.396226034731525,-0.024716663133128924,-0.05409916733875897,-0.05087135667131115,0.00350934803232672,0.009070177435315463,0.12934525721487367
EICHERMOT,2026-04-13,-0.05037715517241381,2.108000960674896,0.01106382978723408,0.019787234042553115,0.027021276595744714,0.0030496453900710208,-0.011134751773049678,0.018368794326241167
EICHERMOT,2026-05-29,-0.032618951341151114,2.7277500755668997,-0.010659049742232085,-0.006548697227253708,-0.01490873624076916,0.0188100877804096,0.03469416190608898,0.08255538525846462
EICHERMOT,2026-06-30,-0.04746835443037978,2.6436465239814693,0.009259913762635241,0.03760514596734299,0.06538488725524849,0.029122782215310616,0.1077967060154097,0.13875733371032717
EIDPARRY,2024-02-07,-0.054073161095533284,2.741542875610433,-0.00024966618067423507,-0.028790228199764623,-0.018555539958472922,0.06473616541593197,0.002412965739664985,-0.0222167350286121
EIHOTEL,2023-09-15,-0.032699776004837866,3.1403443184269144,-0.015212300602472473,-0.033805198421003824,-0.03824207913112165,-0.01880412872602366,-0.03211489981297433,-0.01943795040509788
EIHOTEL,2024-05-27,-0.05932831714329356,10.534127656058734,-0.030183633394774367,-0.06307016382498154,-0.048879404460770104,-0.01621806962283323,-0.0023651723880508957,-0.05608745068003462
ELECON,2023-04-25,-0.08405827516873954,6.494006653229936,-0.003086757240434057,0.030867862254309486,0.022201130806174918,0.03763506193332966,0.3277929961088366,0.35118127992383896
ELECON,2023-09-11,-0.05026422524130214,2.4924185313453617,-0.02077406645156299,-0.03295415359439857,-0.07913935827122964,-0.09298876106332943,-0.008223104134639336,0.11431929122237205
ELECON,2024-06-04,-0.1043939160183378,1.8411819480421001,-0.02567084175144796,0.07104389282928869,0.14286414978413342,0.26423060751292526,0.296986467948412,0.23550252842590957
ELECON,2024-07-08,-0.0626860825297133,9.808156844688176,0.0019760746354373637,0.0016273834053057712,0.024178510990064517,-0.02386860527386503,-0.12422508198642757,-0.03890272186330912
ELECON,2024-10-18,-0.13174854277456538,5.935368464850898,-0.05092596291627216,-0.043502552582895815,-0.1354566304502668,-0.07056195798902809,-0.12507987478829163,0.019157087375954118
ELECON,2024-11-26,-0.0415861530449686,6.035339123868092,0.021476156163533933,0.02515774013277494,0.09186528950929396,0.1581345499845166,0.10010514225449563,-0.03436191406413014
ELECON,2025-07-11,-0.04532144883740119,12.956742156788762,0.012998527291526285,-0.019941830824104723,-0.02954947223264992,-0.06822218768414401,-0.1263523357700418,-0.09591468520868696
ELGIEQUIP,2022-09-16,-0.06820994466657271,25.875115392322122,-0.03772616736525425,-0.048563542772347756,-0.07995087733749151,-0.13618234791599948,-0.12299354953045794,0.014824660425243108
ELGIEQUIP,2022-11-25,-0.03425267728470538,2.6530484948269795,0.01587788740206464,-0.020517603787137406,0.008042053404092586,0.05495410501218245,-0.1402206377736308,-0.2123930248629997
ELGIEQUIP,2024-05-28,-0.05740345003920877,3.135649052482949,0.0012196113263065467,-0.006911130849070024,-0.0818766332573756,-0.008455991712836286,0.178876327858283,0.13586468190009637
ELGIEQUIP,2026-03-11,-0.032998853146849805,8.495268938655377,-0.02085414504040639,-0.06475755699816899,-0.03791658305443135,-0.027439632473601594,0.02903615672186044,0.034723595459086765
EMAMILTD,2024-12-02,-0.07711988304093564,4.025186968050379,0.013703008972772324,0.0011881188118811892,-0.015049504950495063,-0.052910929764851455,-0.04831683168316836,-0.11992081141707922
ENDURANCE,2023-08-11,-0.033179413021211746,1.6362597942651484,0.003924715345051011,-0.025099638702466343,-0.013842831041966264,-0.014451307131723046,-0.00821442721171628,-0.03249256377151777
ENDURANCE,2024-02-07,-0.06242615505128013,1.916247945185707,-0.027001159121706753,-0.10465148056378415,-0.08377664158026599,-0.07112065994106898,-0.09900414752852016,-0.039379793564067844
ENDURANCE,2025-11-13,-0.07711038159297279,15.23097202910372,-0.002043318386065085,-0.028457798010612545,0.022550786593226402,-0.005052514679321551,-0.04903964126556215,-0.02589439849769659
ENGINERSIN,2025-12-08,-0.06344351654645186,1.994751418141199,0.03845345128834032,0.020069519764488675,0.020912354073358674,0.047092302011501275,0.08196374767569514,-0.08375471029921677
ENGINERSIN,2026-05-22,-0.089376042247033,6.415757272920148,0.058333361590350075,0.08518515692816853,0.04041664688675484,0.1081944218388311,0.1967592592592593,0.05611108850549762
ERIS,2024-02-14,-0.06305477459375575,1.7509763957234055,-0.010513518241899722,-0.0032349232655046745,-0.011322266687285532,0.0078562623636651,-0.0032926759010240003,0.0018485779488872645
ERIS,2024-09-20,-0.03002132635069199,24.945168645302516,-0.03080410996564309,-0.06014484093702699,-0.0725469421863475,-0.031206485598525013,-0.028426119099971947,0.0012804566199768885
ERIS,2025-08-06,-0.046070420818858815,1.6345245921273628,-0.017509318406331298,-0.0008696660236177101,-0.028988867453923928,0.015537990491141906,0.0024930001368761445,-0.0681818728705108
ESCORTS,2022-08-02,-0.05200086771547263,21.83438766852892,0.0022651892330909362,0.005601655812899509,0.03458936709965643,0.10422725218967299,0.27037874418345353,0.30264171687757657
ESCORTS,2022-09-16,-0.03533937420506483,5.881859084248428,0.0807295325078381,0.07971914277406578,0.07604014512318713,0.10254418462642745,0.02005282692486876,0.04487277811825008
ESCORTS,2024-02-01,-0.03395627212876062,3.4741860742635238,0.02172143816404426,0.023040006804203816,0.01760960490634611,0.007859312919422878,-0.008848175864272445,-0.0025330241509421425
ESCORTS,2024-08-02,-0.058987963573042146,6.2619254886383615,-0.03627212540070923,-0.04335246618481625,-0.05566933961435505,-0.045170517399708454,-0.03102271429338599,0.09310659071541671
ETERNAL,2024-01-17,-0.0460501788494565,4.279861962777929,0.016091015681399812,0.02119312829904696,0.06868125797336089,0.12872842487798208,0.22998426272712047,0.2421506915590932
ETERNAL,2024-05-13,-0.03477396867301674,7.3937060652304805,-0.03602676217218248,0.004631980866437013,-0.026762721907199527,-0.06536282423453788,-0.05290786730743613,0.08785379206032529
ETERNAL,2026-01-16,-0.03859645043598581,1.9475652668667172,-0.022071622641941735,-0.014598581956294376,-0.100799439588245,-0.052311496948136194,-0.0038234482337249354,-0.18446299990432102
EXIDEIND,2023-01-30,-0.03684497877970494,1.6076716836743619,0.024936294878849186,0.024086143799972204,0.033153903115292094,0.020119031528230247,-0.017001983858803804,-0.018702199539996522
EXIDEIND,2023-12-20,-0.05801380482773877,1.5048109731064665,0.02157276387856988,0.031141309662848782,0.0702853605985354,0.12978433925778576,0.1102992793327926,0.1718858557605858
EXIDEIND,2024-07-30,-0.03660085398343127,4.246573660247288,-0.015798428100828654,-0.042975372538863854,-0.09413206161646392,-0.07372580648308824,-0.07523039135162723,-0.10908406745985955
FACT,2024-08-13,-0.03247080105077316,8.37290461073271,-0.03704671020226158,-0.0358499524110617,-0.00858525406649624,0.019095660911427448,0.01305997984655316,-0.029762252206446682
FACT,2025-06-26,-0.06946382675246954,4.9017893720420895,0.005125032181140021,0.0024848832372816876,-0.019205868677188098,-0.03929176593792705,0.011233666610087623,0.04628049214363106
FEDERALBNK,2023-04-05,-0.03454743564091156,2.024639047891866,-0.01166861115822826,-0.0019447685263713765,-0.003500559607618303,0.019058707818589093,0.0007778361909980269,-0.009723842631856883
FEDERALBNK,2023-05-05,-0.08357241324655595,34.49532399296987,0.007044962007705546,0.011741682974559797,-0.014481397057699352,-0.012524449895272793,-0.012524449895272793,-0.0015655338414262143
FEDERALBNK,2023-07-13,-0.05586592178770955,5.245099134365853,0.020118367272250914,0.0642997546073718,0.0796844662999261,0.05641020825628695,0.05877709623859717,0.1637080867850098
FEDERALBNK,2023-09-28,-0.030222537094161117,3.569282499354961,0.008219157179740977,0.008561643835616417,0.003424657534246478,0.02328762942797513,-0.03493154865421666,0.02910958904109595
FEDERALBNK,2024-06-04,-0.05902045541100687,1.6632259529204243,0.07371490207043974,0.06724868778355542,0.08367282865893744,0.12867772350895534,0.17335928791130906,0.2980925180920011
FEDERALBNK,2024-10-07,-0.04889761610077625,3.1731477503275234,0.01932680574144663,0.008034721780993959,0.06807822341303016,0.049891436447681015,0.10906621428194518,0.1695982953894517
FEDERALBNK,2024-12-18,-0.048789741948755405,5.3691979182895855,0.00459930097765171,-0.015047715468703204,-0.011748268349031532,0.030545421424978514,-0.02304654621049118,-0.08038795145320454
FEDERALBNK,2025-05-02,-0.03640425396559388,1.6498405466235166,0.01050015929460435,0.008706172748456975,-0.011291680779892399,0.050179370475129215,0.06616712222159316,0.09956729997778635
FEDERALBNK,2026-03-09,-0.04607334103675831,1.850027056301282,0.009879298674087655,-0.011159853381622509,-0.04555427093134112,-0.06933766021170928,0.036589829662104556,0.07006961313356919
FINCABLES,2023-05-25,-0.03714941294451202,3.172628374048795,0.0026157924486800432,-0.06093573597746205,-0.061351853438988746,-0.05772544854363604,-0.02158012441868562,0.19273531772643682
FINCABLES,2023-09-12,-0.06879447918913095,3.3906395196829835,0.009402523774027394,0.032561393621178825,0.01051410429452293,0.037656344987552215,-0.06252894858730895,-0.13487723537372642
FINCABLES,2026-06-01,-0.12901525153702453,1.988030903100258,0.012529012050080057,0.028695526956268758,0.03021113772872397,0.05496611367882509,0.18157018287420268,-0.0167727962173867
FIVESTAR,2023-11-28,-0.033958680072535774,1.5371576997766356,-0.02146005931792816,-0.03449412497939852,-0.021196729438070716,-0.05569085441746924,-0.07214796744609475,-0.0068461750913076935
FIVESTAR,2024-10-30,-0.12752249310144748,4.217217812094909,-0.07056517477948387,-0.09166942099191444,-0.14407056517477945,-0.16007840574975496,-0.143025171129737,0.046847403575220437
FLUOROCHEM,2022-07-27,-0.034005416898777896,7.706064673158252,-0.023698906082901594,-0.023789144973660692,0.008691569125082843,0.027473226620399416,-0.005323213459031417,0.08287094773964054
FLUOROCHEM,2022-10-19,-0.06699458113367918,3.0591801663355382,0.009912068789907025,0.0357613451644927,0.06805282925542455,0.031995575956682565,-0.05336630307704404,-0.16566692052423682
FLUOROCHEM,2024-05-07,-0.0356092590502346,12.014398211197646,-0.057530915861858434,-0.06410059521866962,-0.07249436209160087,-0.09965659364077195,-0.1648829265505909,-0.07521629813219255
FLUOROCHEM,2024-10-04,-0.04854076743130953,1.9080246502401408,-0.017009850602370258,0.07365998759628956,0.15461344581670233,0.15505616951873735,0.05747426848646198,-0.0027550121854114096
FLUOROCHEM,2024-12-30,-0.0608306452946642,3.9558203589172276,0.008253684534975214,0.0245552935525839,-0.06181771810329173,-0.09718020089555857,-0.14334987292750812,-0.10340069010574249
FLUOROCHEM,2025-05-28,-0.0398666093456832,3.249279000310585,-0.020708758210888467,-0.068080314377991,-0.04120858820567386,-0.020055897383029042,-0.09398588303220445,-0.06262242335946244
FORCEMOT,2024-06-04,-0.08823626336029344,2.4756507105684737,0.03159450312778578,0.05184597960407,0.1089422397098152,0.10061172420153075,0.09747012945344435,0.12897853681872684
FORCEMOT,2025-07-01,-0.0834110841574921,1.80871547928822,-0.010314875135722046,-0.026737242128121563,0.033794788273615595,0.13796145494028234,0.21281216069489695,0.3154858849077089
FORCEMOT,2025-07-25,-0.0667919995822236,1.8198365501035296,0.02003357582540577,-0.011191941801902638,-0.06496922216004475,-0.0036933407946279084,0.12881925013989926,0.013486289871292634
FORCEMOT,2025-08-22,-0.07685984381422117,2.850079011496678,-0.0020777678836449986,-0.04101118037004059,-0.0555060848916592,-0.15751459384584943,-0.09983179974275258,-0.13089937666963491
FORCEMOT,2025-09-04,-0.08587313621430381,2.7924414569526856,-0.0199601902023665,0.0039809797633527655,-0.003593940064138046,0.04727413468981534,-0.07071768218511554,0.019683733274355797
FORCEMOT,2026-03-04,-0.08254918733960648,1.89013708396186,0.014219114219114148,-0.037296037296037254,0.010023310023310028,0.005594405594405494,-0.012447552447552468,-0.05953379953379956
FORTIS,2022-09-22,-0.1471013888315762,16.855228733658397,-0.012426992824949856,-0.025042343069768602,-0.014498119988388236,0.036339765986304506,0.033515438987710366,0.05611005497646282
FORTIS,2023-03-08,-0.03311961608711156,4.409573261096959,0.009760566837879736,-0.01399627179730667,-0.01307546148423111,-0.06685080624856132,-0.0581952230267323,-0.009023986029580988
FORTIS,2023-08-02,-0.031231891770437947,3.649319911100173,-0.007014943592583922,-0.03313434657765857,-0.020895522388059695,-0.050597051364272394,-0.010000018219449625,0.014776155841884409
FORTIS,2025-10-23,-0.04412976788851497,1.656050159654612,-0.011577400456479814,0.007194291466395608,-0.00462144533955311,-0.02806227313555021,-0.12239740544886446,-0.1510790739289346
FORTIS,2026-05-29,-0.03377043540697011,4.935980886138953,0.0008077979321872153,0.0019387018894965191,0.04329798231298532,0.06667021655992356,0.02364156596309752,0.014917308852217648
FSL,2024-12-13,-0.030101688671083315,2.219717923183972,-0.0024183633245865588,-0.004702405021365541,-0.039903281867703644,0.014510261950955172,-0.027408254351040662,-0.047292775472706716
FSL,2025-01-10,-0.041012689131724844,1.9853232088440955,-0.04448251353995991,0.0030359674000073333,0.03247101031394295,-0.026135148404215713,-0.06969375593251892,-0.06731784799828677
FSL,2025-08-26,-0.048649311059806744,3.365546736533571,-0.020341889980836747,0.013278659492470979,0.0425200940074153,0.00678060125360469,0.00819323010727313,-0.0779771299665104
GABRIEL,2022-12-22,-0.06617651825361659,1.929016776388336,-0.06707495015862641,0.02741322269991664,0.06474194401337052,0.09857106711046049,0.04841063400113943,-0.06445029599559349
GABRIEL,2023-09-12,-0.06484150109357101,1.5706169652639317,0.05855164121985057,0.08731381977689612,0.0784113178265089,0.10426301482545153,0.19928099517089737,0.23900024388984864
GABRIEL,2023-10-23,-0.05455607302471999,1.531301873456008,-0.027537203211370653,0.02645416915235721,0.03589101221477353,0.04269798042002826,0.2351485059700955,0.2402536849124386
GABRIEL,2024-04-15,-0.0439621259357047,1.540211243314776,0.018771774082884995,0.0010186440550008502,0.023864905540725623,0.1428987346662718,0.091239829879604,0.19412101427425044
GABRIEL,2024-08-16,-0.04612529343309324,3.021433872519597,0.03759862014646709,0.10050197524802695,0.10419022209393947,0.12355289273882364,0.07898778558995012,-0.07570942037422468
GABRIEL,2025-04-04,-0.04972184474620245,2.4127787149436966,-0.06655261418339586,-0.06583210913068105,0.000810540700895146,0.04196683588018413,0.02854822629223408,0.15075650282194153
GABRIEL,2025-11-06,-0.03365990550546183,1.786658782596489,0.016680314320574485,0.03352412101390034,0.005396545859311042,-0.13826653768269626,-0.21185607161564812,-0.1401471990303046
GAIL,2023-05-18,-0.03454548228870724,3.305030768640686,-0.012711850404092284,0.012241083701644229,0.015065971275831425,-0.008003752340363657,0.00894542942500931,0.035781574020287144
GAIL,2024-06-04,-0.17547660079934102,3.517164737221132,0.025486026100627557,0.11770884675389115,0.11854964370367282,0.13652125754550304,0.15680502290782794,0.25591169819895776
GAIL,2025-11-28,-0.041947805146097084,15.935447724528663,-0.0038616201369919834,-0.0330512362227664,-0.034698169898461306,-0.0305525000619572,-0.032199433737652106,-0.045147351431522154
GALLANTT,2023-09-12,-0.04662702812839592,2.9375541375533176,-0.020291331729493267,0.005202913714245749,-0.008844937436185196,-0.04578565656339495,-0.0744016819917468,-0.010405827428491499
GALLANTT,2024-03-12,-0.049915629606244405,5.222025864061656,-0.05000003098231265,-0.023096462191664058,-0.005583787327490319,-0.034010136793107604,0.057867989322255786,0.47182747313213835
GALLANTT,2024-07-04,-0.04625434769715142,2.9154393091568216,-0.030328458710036643,-0.07407407407407407,-0.01914746639696885,-0.1394828620446803,-0.12872113988251221,0.08930821022230973
GESHIP,2022-12-23,-0.09349966465322523,1.6987704303956659,0.0222119936640901,0.013680769473620957,0.03128128045952705,-0.004073420073215872,-0.02682347634227389,-0.07847204480959102
GESHIP,2024-11-08,-0.06797764665331607,1.9922483733911618,-0.019147738738309328,-0.09831375050321811,-0.11285104846813832,-0.07659085354909434,-0.10367174262005996,-0.19903640712952253
GICRE,2023-02-01,-0.12408358187386737,4.685186993358627,-0.010849348833790518,0.017668882770027317,-0.010849348833790518,-0.028208325887618346,-0.11159330229041708,-0.1714197683331793
GICRE,2023-09-12,-0.07392473219355011,4.6282281326233194,0.02781809426654136,0.13763907773721984,0.11078862841496595,0.08514758763118269,0.08224480044020899,0.09579101762984421
GICRE,2024-06-04,-0.055758049294354683,3.7470453986697576,-0.013011204322901593,0.04103510175870939,0.10680576002904263,0.08950525221725858,0.10308832294700143,0.17800971640557584
GICRE,2024-09-04,-0.056444890637924905,5.5678034029061765,-0.0006283775195794483,0.012064817693429486,-0.032172975026212636,-0.007037874243034148,-0.03606888496510907,-0.07201204840255793
GICRE,2025-04-30,-0.03827090744326367,1.6599555373727084,0.014503220422072527,-0.02073593197422141,-0.03511924753885953,0.00779096259751233,-0.020136627159028198,-0.0853410203149848
GICRE,2026-06-16,-0.07449969297228054,71.62377957142736,-0.013950893094725192,0.02873889086483028,0.02622766198818427,0.0015346493301162667,0.023995553152825977,-0.007114921418512221
GLAND,2024-04-09,-0.03186169110447046,53.94653774292526,-0.0044157809757447986,-0.0266892145468407,-0.019968312638866115,-0.034298886792776484,-0.05018467343080468,0.04829620597177997
GLAND,2024-08-07,-0.03751865425842005,5.531762948178115,-0.00017258029573652411,0.004955829496928077,-0.034345886668741055,-0.06294690215359378,-0.06711375015899113,-0.13750676671869355
GLAND,2025-11-04,-0.030527358606427524,1.9911757279592883,-0.00690452605139269,-0.016058202980487213,-0.03865468277363049,-0.07427554993893926,-0.07364789477562317,-0.10288736699361345
GLAXO,2024-02-13,-0.06858534995525423,5.409299445327353,-0.011997294756204369,0.0364737474190302,0.05019161396825167,-0.005528321165037986,-0.11623419579594008,-0.12729106214421715
GLENMARK,2023-09-22,-0.030083392590109392,3.1356050406720564,-0.0214872947960838,-0.03288485772338412,0.06564525785795339,-0.022919735499113303,-0.053437922310942465,-0.03307173417622877
GLENMARK,2023-11-13,-0.06865072321777888,11.248314396097497,0.03671747551622073,0.07108841070083716,0.07336595000804169,0.06301326883801694,0.12133337276249012,0.21464558959184843
GLENMARK,2024-09-18,-0.03908345077167252,4.0118869537721915,0.00227818103263,0.04033893282347156,0.02621421042116534,-0.001032819897182291,0.05422070857659511,-0.06825436306522736
GLENMARK,2024-11-07,-0.06308826064412165,2.811641485738443,0.005520876428545263,-0.048450796718069955,-0.07460706925846938,-0.10073307004023202,-0.08640296454057528,-0.009231560613746304
GLENMARK,2025-08-18,-0.034578867267967106,4.760387875199638,-0.014235764343879964,-0.01671817193973424,-0.009017705358916994,-0.027914268658208008,0.0522316096614579,-0.04037695539613051
GLENMARK,2026-02-02,-0.04737338104242439,7.397342924534753,0.017600461533073153,0.02546345750489265,0.028119141487970012,0.05733179243190767,0.10565508322984418,0.08925225069519493
GLENMARK,2026-05-22,-0.055954827556936926,2.934869168278209,0.03448271390212798,0.05568580374902976,-0.025629739268501095,-0.036563274793332656,-0.029746444339592615,-0.007525120297961596
GMDCLTD,2023-08-01,-0.05615192563152416,4.992171383831752,-0.016914517049305244,-0.006415811398693849,-0.005249308326065849,0.015164806939603093,0.4706911541830132,0.6503354753190751
GMDCLTD,2023-11-02,-0.07885763137626822,2.912266254304163,0.009563492709815158,-0.012802696204306074,0.12818145640260514,0.19065253578342634,0.32577512908187334,0.33765236547245947
GMDCLTD,2024-06-04,-0.14217078068076794,5.60311595326125,0.020824357682325934,0.08889849992711363,0.11805258315108835,0.1406003534832334,0.12508981494767935,0.15036624162366308
GMDCLTD,2025-11-14,-0.0361692102990111,2.3147814362920487,-0.007311422757941832,-0.09196609129165068,-0.13865395538153535,-0.049859036311188154,-0.08403797255740542,-0.00678290301539064
GMRAIRPORT,2023-05-29,-0.09888890584309895,13.433502021834737,0.007398255060541814,0.006165228229437547,0.02466091291775041,0.04438962443716754,0.04438962443716754,0.18988904828146236
GMRAIRPORT,2023-10-09,-0.06249997677741059,1.6960366670345257,0.02251080929974969,0.02251080929974969,0.017316017316017396,-0.05974027295133255,-0.030303030303030276,0.06839828160934114
GMRAIRPORT,2024-04-15,-0.036439612109535835,2.9309214944723645,-0.0018599072912698356,0.0,0.02107869703755294,0.0557966511452086,0.03843767409138077,0.13738377707902893
GMRAIRPORT,2024-05-30,-0.0683907695200251,4.05636097578785,0.04380006525226521,-0.05490443442420334,0.04009870299356533,0.13177051083336333,0.19148668795429247,0.19987657419207028
GODFRYPHLP,2023-02-01,-0.05363451797141372,5.350764732113404,0.005137174418253787,-0.00997223312105755,0.017966478536001418,-0.031372750228875534,-0.00692290666908113,-0.00016489099487926318
GODFRYPHLP,2023-11-03,-0.08496731771355137,6.660765984536571,-0.01491385138805279,-0.022266102780195474,-0.032410435733940646,-0.03324800055894461,-0.012633766472782804,0.015216414225650787
GODFRYPHLP,2025-05-16,-0.04996183457114256,2.5955784030201245,-0.036875636306449966,-0.018982650628684872,-0.040316595090635565,-0.0018352340234208953,-0.04289731417877474,-0.03635949248882209
GODFRYPHLP,2025-06-02,-0.0374030461512902,3.1935410751923317,0.002208457046651402,-0.01892082612853252,-0.0052524188851711395,-0.01062427053987891,0.07156505977715044,0.03754333263066756
GODFRYPHLP,2025-10-23,-0.06907509184541427,4.187286933614651,-0.013177838597766778,-0.008279595493752123,-0.005972665569149993,-0.04215646140203255,-0.087283516526247,-0.11047903688048077
GODREJCP,2024-01-08,-0.036438867124233165,6.337506439655804,-0.01080489448561861,-0.01727075753486107,-0.03522207210664341,-0.038284838408466526,0.05321586307520598,0.05508762859884908
GODREJCP,2024-03-19,-0.03007971092427586,2.1941078510085075,0.00900898892006774,0.014364635844085205,0.02549099004818034,-0.022252607050350037,-0.01565157634247194,0.08411180377932981
GODREJCP,2024-06-27,-0.03694537740852044,9.67309491087966,0.010168851384682487,0.006718079599164817,0.0013582786974577488,0.057929533343658246,0.07745961820851699,0.06809838472834073
GODREJCP,2026-01-27,-0.05361173709377598,8.310895906749273,-0.0017888879310533623,-0.016866895320159725,-0.02342618572968025,0.027855822891047932,0.05170793927035877,-0.1144050140855557
GODREJIND,2023-10-09,-0.05680708798891576,2.001402694969483,-0.0018429782528566196,-0.002506468421719532,-0.013343144552847352,-0.08920014743826021,-0.02985624769627715,-0.015186122805703972
GODREJIND,2024-05-02,-0.0691754662301991,5.366630415247569,-0.02840689338537694,-0.017670467367574938,-0.0621260944040426,-0.1084270083989124,-0.12011409884425361,-0.008947044435012375
GODREJIND,2024-10-03,-0.06349878093522143,2.0490718157293006,-0.0027766364114071296,-0.01692857106931822,-0.015137178631259851,-0.07232746968660908,-0.06999857204679927,-0.044784810951460696
GODREJIND,2025-05-15,-0.03906187533315564,2.8535578887019493,0.014733379227525711,0.026804006879361797,0.03647829895927668,0.047750111972728604,0.14715545931787544,0.006479141869609739
GODREJIND,2025-09-19,-0.03417678052474993,18.73874968103894,0.0018714471655980613,0.013099714812759178,0.01650223274663909,-0.041850929052080765,-0.06379721126024929,-0.09807751714212587
GODREJPROP,2023-08-03,-0.05229548516365501,2.1417984236164958,-0.023585489882986366,-0.008010156125834444,-0.028385266633224715,-0.029879211697393493,0.04491419225305937,-0.0109981238576764
GODREJPROP,2024-01-23,-0.0317700581524365,13.557455638250532,-0.0011238894127250099,0.07115624171810797,0.04768723572593192,0.011304853362290812,0.03279056307343775,-0.020009212772763796
GODREJPROP,2024-04-03,-0.03843459113201886,1.918369107244002,0.003268490748933095,0.07779748002758402,0.10594356247397729,0.04128235759081922,0.18361611325075455,0.07586133076792967
GODREJPROP,2024-05-02,-0.04339784795524393,8.211088230360987,0.014608915668387956,0.09803768848072081,0.08871953073948102,0.12922969761052183,0.09712954741684898,0.24833180530558363
GODREJPROP,2024-09-16,-0.03807380718711717,2.9010084557838534,0.006235670661220771,0.025576923606217994,0.1246609468579356,0.1135987145224151,0.10856082520477361,-0.06813454371807293
GPIL,2022-12-21,-0.07326359048488729,1.6517336004212613,0.017307110595830455,-0.011733646440646783,0.04708131005546612,0.16779117990949644,0.17189793825959931,0.062481721008815105
GPIL,2023-07-27,-0.03956043956043953,1.5946293001622556,0.0005491767377001633,0.06288325050057209,0.07908469053918754,0.06141874195509156,0.08302055027173916,0.11972544515160188
GPIL,2024-01-01,-0.7950320276317455,13.98178876561631,0.006252827887395895,0.013601499026223207,-0.0317153227234277,0.001611551551157664,-0.0181138236972046,-0.04351189188125826
GPIL,2026-03-02,-0.0365386122176089,1.954242026403647,-0.03550523323503729,-0.03491994582802194,-0.0097541352332422,0.015411675361537425,0.07978936083114507,0.18767073115262622
GPIL,2026-03-13,-0.0496789140492685,1.8191585194008508,-0.009540883029842795,0.03398927826686848,0.044126379288664364,0.06857477452569016,0.19379838660220705,0.14450403658809474
GRANULES,2023-10-23,-0.035242911954994516,2.568985471256951,-0.008869549467515947,-0.018941726382849522,-0.02014435383066704,0.06569454510687889,0.0920024219542317,0.15243529993704708
GRANULES,2023-12-20,-0.06008741484814162,1.5137623902813533,0.018872874416681507,0.05435933287051298,0.04997338432467302,0.1096491192490956,0.12174371692408115,0.23670915710646634
GRANULES,2024-09-09,-0.030882140319660634,3.133609451128709,0.04093881656685583,-0.15288288956192164,-0.17537670458653798,-0.15993096990848155,-0.16547946258673385,-0.174626910752384
GRANULES,2024-12-03,-0.10234428136833218,11.05049412521819,0.01666191701230213,0.07769352822837283,0.09107921212261094,0.10409056078753909,0.11841242555288156,0.0012168180271436846
GRAPHITE,2024-05-07,-0.04954542025652264,1.5769625666456601,-0.03445480340494522,-0.08893388826256587,-0.03259015092977302,-0.016943676055178325,-0.12582079543727198,-0.06185654546260644
GRASIM,2024-06-04,-0.04745024660902919,1.7365107590713615,0.021472344180734293,0.05471113306833186,0.0888583622928445,0.08453731973745682,0.21536527935838756,0.22628971802643827
GRASIM,2024-12-17,-0.03182315858689655,2.9729548978277323,-0.0021348805371262936,-0.04269723509821366,-0.03763890270164327,-0.06060316643738273,-0.10853171813791984,-0.04163942071514981
GRASIM,2025-11-06,-0.06311585785695695,5.244819419745092,0.00907373768152775,0.028035979568899805,0.02877669284902451,0.01796229704302421,0.01122173385860803,0.057886670506464455
GRAVITA,2022-08-03,-0.07256600384748968,1.9490275234689673,-0.009028211011999354,-0.0061957865971600246,0.030093820614777167,0.16268358896643464,0.1582580271113203,0.10869173433404056
GRAVITA,2023-06-06,-0.06105235235303319,9.588079134755665,0.025940976788116465,0.012377056534513153,0.006188580009506062,0.06519161241578053,0.04916921091931181,0.1476772438518048
GRAVITA,2024-05-02,-0.04453191599710249,13.11277357880865,0.014608265220739769,-0.029858758224624138,-0.02466828791296194,0.005243967520205173,0.15095240054842818,0.580425900487354
GRAVITA,2024-10-22,-0.0988122061916773,4.892671379933268,-0.015893848584073167,-0.0838163902611051,-0.08183826498208369,-0.022357206994474854,-0.06456440082054071,0.10612749378501629
GRAVITA,2024-12-24,-0.03808217996465524,1.5598227795617339,0.0058312514188672004,-0.01112621054403451,-0.027100651787137386,0.004535466255203735,-0.0306307336284396,-0.26821421975307647
GRAVITA,2026-07-28,-0.08402283358980744,9.310207157724212,-0.014220353267088814,-0.013487931392088814,0.012267302768347532,0.0891058895331096,0.09880990199210404,-0.047238342639037256
GRSE,2023-02-01,-0.04629629517096712,3.430661853015117,0.030483297241521656,0.0032362203851425964,0.007203218710769788,-0.06900515182837219,-0.08821379877476021,-0.049170096482568204
GRSE,2024-07-23,-0.04946950212328438,2.5654739343213637,-0.02549975472927457,-0.09358100759514176,-0.00069635884232222,-0.13984921725885835,-0.2621046978469681,-0.29661641408699035
GRSE,2025-06-24,-0.08872789150976801,1.7804769653782193,-0.05645970479296636,-0.047191136379169385,-0.06271210713652609,-0.10962050431438086,-0.1735892897838257,-0.1944828423098427
GVT&D,2022-12-05,-0.03116579851845902,1.8406619413727998,0.011517052666152106,-0.0003971648224923019,-0.00953141035022187,-0.007942811659096383,-0.0726767388005004,-0.06354249327277084
GVT&D,2023-08-30,-0.03538889423471803,1.7580437790770709,0.04141087992305592,0.01842231563028629,0.021099078773699764,0.09037950971594011,0.39111956221521016,0.18548268517794209
GVT&D,2024-07-19,-0.04999686616552357,2.2251448911210545,-0.04074966245082967,-0.03385351739486875,0.03487641563824373,0.15319894951943192,0.1879434146676262,0.10938067289433229
GVT&D,2024-08-21,-0.05000277846854995,1.8834897698878903,-0.04657933042212514,-0.02180492062409023,-0.010567699804403197,-0.06294030601801315,-0.015196492335334821,0.10503640431677574
GVT&D,2024-10-18,-0.03848993513274113,1.8223750631325977,-0.03230399866320344,-0.04129105219279383,-0.07970515555678637,-0.011809149818407971,0.014275172850721995,0.13420282636408398
GVT&D,2025-11-21,-0.05447672156648997,4.867290812747343,-0.01312891028816332,0.028256374913852467,-0.007098586373621596,-0.04589936291243113,0.008614748449345289,-0.10379047249203133
GVT&D,2025-12-18,-0.0366293125406808,1.9616933233226583,0.022890092608771617,0.0937969255089115,0.07394726460117074,0.08114623490193074,-0.07489080860671848,0.27492572118534864
GVT&D,2026-03-23,-0.05922963606727394,2.4200422933102645,0.01730710844950889,0.08240391539204706,0.09757294168502595,0.1301069196267337,0.3286043931486564,0.3795724343578446
GVT&D,2026-06-24,-0.06504441154700225,1.5014833960455523,-0.0018802572983671606,-0.021474517565561624,-0.04546268091291439,-0.08096983625061849,-0.14329539831766447,-0.19839681392256314
HAL,2023-02-01,-0.07383903981399464,6.518080355035396,-0.0032144552804527216,0.016262376375643317,0.029394969919596337,0.049992575671870654,0.13530141016800457,0.15511662184189845
HAL,2023-06-23,-0.03188445635511927,3.7175867621595033,0.016618367880830265,0.022345484178087682,0.03557154777797522,0.037329497059790606,0.0672151042809157,0.06891813022169924
HAL,2024-03-13,-0.06979236596847627,3.824734296213874,0.04160222114554202,0.02712615600324897,-0.019411087349893053,0.09458792564566543,0.19402862312880398,0.37599937412608986
HAL,2024-06-04,-0.17830152211461858,5.685534471786363,0.0072806959918987335,0.09503035651567293,0.12074953285750123,0.2258299181009027,0.25983354256103963,0.11075719621427238
HAL,2024-07-18,-0.05885276167881748,6.632144595034527,-0.04296466131685195,-0.03182971686063896,-0.03702341530429143,-0.04036289594028808,-0.04903557699496586,-0.07392709060210334
HAVELLS,2022-09-16,-0.04126181376675242,6.866258274138698,0.008446270362197472,0.009175777222870662,0.0031481365706578224,0.035474391759712454,-0.05401771943389222,-0.05359536842346002
HAVELLS,2023-06-23,-0.03051914327530647,2.1882888916857843,0.0042414673328070585,0.0035020819261450953,0.00439707741839257,0.004825147653831241,0.009144325029378786,0.026693684681526664
HAVELLS,2023-10-18,-0.03157405563417903,6.134584399431771,0.01667473122172236,-0.04144434496186622,-0.05479908420169599,-0.055470568836646694,-0.04446598028241333,0.0041034059015785385
HBLENGINE,2022-10-31,-0.047466950550242526,2.833876109577495,0.00910402100170904,0.04264498938867067,0.017249670130126793,-0.0009582987597828163,0.08049833875140999,-0.05893628764550585
HBLENGINE,2023-02-13,-0.05736511048528059,5.375594265742076,0.06652918804195651,0.04796288470603405,0.06240333411240484,0.025786488692048692,0.02991234262159992,0.01805054208443413
HBLENGINE,2023-09-12,-0.09315273693225934,1.7362947560075168,0.07591564284680374,0.08737469028124778,0.045631240507360005,0.03887865669205448,0.21710655399163303,0.3065274893619361
HBLENGINE,2024-05-24,-0.04715148162488425,3.0699526033739106,0.02780476012518429,-0.015263417795563838,-0.034707322593060086,-0.07962275454289436,-0.031012992549153573,0.15428745577383918
HCLTECH,2024-10-31,-0.03956384493592102,1.6447476191211547,-0.004897949760711673,0.0042467652629532004,0.03731485548072566,0.05260321042735705,0.059709491948910065,0.08569970918228886
HCLTECH,2025-01-14,-0.08839347211616255,9.45107415013502,0.0066995131188141155,-0.013592139036907591,-0.006148175740320672,-0.06633401096697611,-0.043946994070380274,-0.1354801723839677
HCLTECH,2026-02-04,-0.043355157130330335,3.639664255503725,-0.007275896209678501,-0.01220868678751863,-0.04328528248159347,-0.09532623813148877,-0.1650635498720211,-0.111111152926895
HDFCAMC,2023-09-28,-0.03424972546638716,4.5455989351850645,0.026680647406067903,0.03141178642605902,0.05720047528202121,0.10736242147668795,0.05008440516372148,0.13731995853117018
HDFCAMC,2024-02-19,-0.03635751300363532,2.811115147187516,0.010710938545990034,0.012973611238954241,0.0392020089285714,0.032668362565269726,-0.01830234239021289,-0.02329629133752842
HDFCAMC,2024-06-04,-0.15471127484777925,1.9456974490570076,0.07173020391187102,0.10580206489279753,0.10396546695938502,0.1281020879835555,0.19336793887092552,0.20982536466803325
HDFCAMC,2025-10-29,-0.04400956344638274,3.57925610722693,-0.00620600222304557,0.0012041496850685451,-0.0017599110781770788,0.014727676917376753,-0.007039644312708426,-0.019192311533206774
HDFCAMC,2026-05-11,-0.0374211803882708,1.6897037299152706,-0.04164236472665572,-0.020238735623123394,-0.04444520081748715,0.003967729571240364,-0.08878127063146946,-0.03203261559554915
HDFCBANK,2023-05-05,-0.05912143855033769,2.1108289208058033,0.011564559699489108,0.016270384630546975,0.025928104930982743,0.013071694202852369,-0.011779918264366196,0.05791530956855073
HDFCBANK,2024-01-17,-0.0843581707140737,26.102447799150237,-0.03339835810467484,-0.07164229230182928,-0.06673169143800817,-0.05941461826727645,-0.07648778899898379,-0.05947964303861786
HDFCBANK,2024-08-13,-0.0342750588825107,2.203260815221613,0.0028693224777653903,0.017683444685441252,0.01409686772989871,0.02114522545318387,0.02538677300509984,0.03692619451423673
HDFCLIFE,2024-09-10,-0.04471318826409554,2.1782188423802733,-0.003912362931403179,0.0035566935740030114,-0.005690709718404685,0.02532364088023309,0.02048650288625331,0.008251511725019034
HDFCLIFE,2024-10-15,-0.03557922826704163,4.588237419305826,0.017570861453228837,0.03948199118940332,0.019530993639525818,0.03941200477992646,-0.019950997549877503,-0.12278615639766366
HEG,2023-05-23,-0.07185342074493484,6.3973546703574575,-0.0248226848636931,-0.019610340877413646,-0.040459716822531466,0.10249504607624993,0.45432793919118897,0.3893018716039969
HEG,2024-05-23,-0.16356535247630766,3.4668310847288897,0.006829827195147242,0.005228044724172598,-0.006251385002433274,-0.04849830432251101,0.02763073065124444,-0.08654058708895296
HEG,2024-08-14,-0.07512387414788846,2.459889451627058,-0.009193976293237038,0.006453211158598204,0.012333329049897701,-0.004335419771999027,-0.0032391137181436713,0.225289601432908
HEG,2026-02-11,-0.05644734033352605,30.034648992393905,0.005576055713256478,0.003496903248805472,0.04640390957267315,0.09413096860793568,-0.018712718282455354,0.11662416336956061
HEROMOTOCO,2023-08-01,-0.03171328622034686,14.141920277414203,-0.03502470683214387,-0.050739867035011765,-0.011347214533501071,-0.038796329540487395,-0.048434929650890135,-0.04258408610220421
HEROMOTOCO,2024-02-12,-0.045092046661179275,3.078396367257787,0.012223958333333229,0.027616041666666646,0.03522135416666661,-0.0408319791666667,-0.006101354166666684,-0.05262937499999998
HEROMOTOCO,2025-11-04,-0.04152374074742737,15.424518317485022,0.003202109625164873,0.009512149180636698,0.04238086268600494,0.10689395366359022,0.16999434921830847,0.10030137502354486
HINDALCO,2023-05-11,-0.03574293886401769,7.433399463325401,-0.03825592460501359,-0.019959590767876123,-0.03409767350695003,-0.039443996347317545,-0.006177987562809073,0.00439587994935331
HINDALCO,2024-01-17,-0.033301679232996984,2.059318696889914,-0.00954926476740292,-0.03364565030957167,0.012405198049141086,0.041499330655957234,-0.07951805050061356,-0.05194105414714412
HINDALCO,2024-02-13,-0.12421667883457588,13.54776019950423,-0.004508955661686853,0.010978251394843541,0.00294059984719075,-0.0008822038848200764,-0.006077251649525661,0.2011370415131788
HINDALCO,2024-06-04,-0.06738993259778936,2.3725234497390644,0.07118097692926528,0.04822430996324534,0.03682308737934381,0.020568580035706052,0.06563444637900862,0.037670460930399496
HINDALCO,2024-11-07,-0.0848630832888555,13.586334260756699,0.003626040286406562,0.005477625307600764,-0.03201666530112157,0.018129918905454456,0.03517983287611126,-0.09813297019250422
HINDALCO,2025-11-06,-0.0517199888589186,6.584009521056275,0.002536783280145727,0.006785864307796707,0.02987060764041849,0.014459618246940975,0.028411926287741807,0.17415015669870115
HINDALCO,2026-02-13,-0.057445067411442285,2.33162982666397,-0.0017051570879744737,-0.010726072607260773,0.029372950722806657,0.017271740601794594,0.013366363491817745,0.14301430143014304
HINDALCO,2026-05-15,-0.03244815303520576,3.0082385194577532,-0.013489484228629944,0.01686182669789238,0.03906318610948478,0.06913353520199061,-0.050210749963407575,-0.08730680300424476
HINDCOPPER,2023-08-16,-0.06233596050176182,2.4392826860986982,-0.002449201257349931,-0.0433869644020658,0.037788729082697925,0.08222533591227177,0.10916729719957963,0.09902036220885768
HINDCOPPER,2024-05-22,-0.04046096490902795,7.691322240080819,-0.022976469433338642,-0.03812012037471446,-0.015535279913919897,-0.16201041199208555,-0.12832896578716546,-0.1963446793917265
HINDCOPPER,2024-06-04,-0.1940620617988782,5.942730089871344,0.07484931562850528,0.13965164379466555,0.10448754538416538,0.09444066012402241,0.08941721749395093,0.06999328020522211
HINDCOPPER,2024-07-10,-0.0392692567802182,1.505870242126835,-0.0004492421277992875,-0.0070369996035776206,-0.04117382691238147,-0.0750112813142142,-0.11528671535466828,-0.06617758735045287
HINDPETRO,2023-07-27,-0.03646003474270021,1.7785456454229311,-0.03887172515724702,-0.019435823211263248,-0.07000343362115857,-0.08875127284517437,-0.10044723683254309,-0.10440318412657645
HINDPETRO,2024-01-25,-0.04850291914733673,6.305434648970249,0.05039471749678759,0.07582441309033938,0.13527628098608635,0.18485827133520383,0.22526702259402742,0.09753831378624445
HINDPETRO,2024-10-03,-0.06709374356714626,2.5572471261625926,-0.019636174283059193,-0.05975180947442693,-0.05433077570458056,0.04409111877790295,-0.08227923117906144,-0.08215871964546795
HINDPETRO,2025-04-30,-0.03170543007662929,3.553899913940188,0.01267490794361148,0.04779502245181422,0.024821741730880698,0.06337470088825725,0.09519404972519663,0.10984941707156626
HINDPETRO,2025-06-12,-0.05375441239594081,3.783589177585123,-0.016048880369068597,0.0017832434818478848,-0.006495956877506148,0.07069163383756205,0.12406066417384709,0.025092361252882167
HINDPETRO,2026-02-19,-0.04966629973904635,2.917933617868909,-0.007942931181193602,0.02923905033036056,0.02221709165622654,-0.06768733390895276,-0.22573964989695272,-0.13226663151776175
HINDUNILVR,2023-01-20,-0.03811680347202562,8.704143716309078,0.018695400625306613,0.028876938756743575,0.007611535985777351,0.03486026391613528,-0.014634643973761685,-0.033800844470328606
HINDUNILVR,2023-07-21,-0.036715065199297126,6.381409854146476,-0.00912058371735791,-0.007949290004560239,-0.00745003930251531,-0.022273425499231947,-0.015841013824884786,-0.04429727252544158
HINDUNILVR,2025-10-24,-0.03274915133546308,1.730620918744106,-0.0018279501248353869,-0.011246147586137623,-0.02022727083097653,-0.04275944114264496,-0.03663962595372894,-0.09016845936626272
HINDZINC,2023-01-20,-0.06502446983637777,4.669006881497184,-0.019263421509826517,0.014164305949008416,-0.06515580736543913,-0.041218095730789606,-0.09008495125486893,-0.12011329715717955
HINDZINC,2024-11-06,-0.08317706923511992,7.113069635221823,-0.010719099092026174,-0.013642505974451158,-0.05340082768005716,-0.04648212184906442,-0.006041659975519309,-0.1292145604124365
HOMEFIRST,2023-10-31,-0.03533624315654804,1.8888489662503516,0.011748379701787215,0.014519230352937118,0.004655042623475936,0.07043501002268626,-0.004211679460203621,0.030867249194721724
HOMEFIRST,2023-11-23,-0.040787302124624114,61.589571591591444,0.010316903405186872,-0.015275905412208246,0.04839262610157413,0.18137258824335722,0.13383488571041924,0.13668486287094161
HOMEFIRST,2023-12-26,-0.03574300087030036,1.6970973771185427,0.0017204780095556593,-0.030186134795385233,-0.001303373146249176,-0.022939367373986275,0.005682719645899947,5.2122197596649045e-05
HOMEFIRST,2024-07-23,-0.03328783591263074,1.8569622434784931,-0.020039560013997537,-0.0013171741291795325,-0.00804407623646286,-0.02083923596320636,-0.016934800627107616,0.15725846323712922
HOMEFIRST,2025-11-04,-0.0468637355910424,2.517607780001983,-0.05008781937554585,-0.016807404612091736,-0.037795862797421975,-0.0034283598145641303,-0.08796728078815019,-0.07952167710050195
HOMEFIRST,2026-02-26,-0.05673989906845822,61.23152061945965,-0.07977912014788657,-0.08717075240946259,-0.11053523839077106,-0.16083261494729717,-0.23126594070266038,-0.012999191867565818
HSCL,2023-12-20,-0.0673680859144673,2.7387858699048473,0.018377068904207983,0.11844985355337667,0.12772928552660479,0.3302401893422571,0.3682678919304545,0.32005100478130966
HSCL,2024-02-12,-0.04415546000940618,3.6246819396434717,-0.00439285329101613,0.018846517731201162,0.028057230339341377,0.03783479062658479,-0.14595436902129866,-0.10046765365970056
HSCL,2024-10-17,-0.05574911248906389,1.5144810833929834,-0.005374579899799725,-0.07773145059506092,-0.07187548318683623,-0.08061928603260415,-0.20142786820440406,-0.10709129040151888
HSCL,2026-07-07,-0.05934376258462537,2.919613124397004,-0.004195497254674607,0.026260624247730124,0.04327563848863458,0.24450320815127347,0.167974576445598,0.05795973661795517
HUDCO,2023-10-18,-0.10783765733559314,7.827803978901389,-0.015576323987538943,-0.08847350123515385,-0.07414326415255057,-0.05919003115264798,0.005607438607379223,0.38504674798603
HUDCO,2024-06-04,-0.19993036549980958,3.4324147258471607,0.014584267078899815,0.08228127734599888,0.22268180163188656,0.2326948091352652,0.31454077587588736,0.3323900385681344
HUDCO,2024-07-23,-0.050370883816771905,4.383786968593269,0.019524895015753385,0.02261637645008152,0.026033193354337847,-0.0699642071397828,-0.07207938423807247,-0.21640087010355713
HYUNDAI,2025-11-20,-0.03461238505142672,6.882469865877895,-0.0005990443910173227,-0.015616309090610958,-0.009327021936723523,0.015188465005936624,-0.020579342254481325,0.0038933184980625146
ICICIBANK,2024-06-04,-0.07633624898976288,3.7782922932783847,0.034719375554127074,0.04689906415604406,0.0436324626725384,0.06813197379883018,0.12147093223693162,0.12940410726830232
ICICIBANK,2025-04-07,-0.03575975305468304,2.0345489271452366,0.009591841184874994,0.018717700028726858,0.053473630519141224,0.08943334082318177,0.07871536774681664,0.1337034645763353
ICICIBANK,2025-10-20,-0.03222882329434007,4.15933807276063,-0.005969969457399582,-0.009062862125963744,-0.01956417484492956,-0.038408992691234545,-0.005178790900753016,-0.02726032013449775
ICICIPRULI,2024-04-24,-0.030647388936772324,6.592781290778161,-0.01997741598587699,-0.027360374067614157,0.0015633863297797035,0.004516590768121498,0.006688049027456122,0.05168070657216006
IDBI,2023-10-09,-0.043010752688172005,1.657082538127604,0.016479377889454527,0.06292130259538853,0.050187243057993935,-0.0561797752808989,-0.06142319811417374,0.005243422833274725
IDBI,2023-11-17,-0.04496946672042912,2.5602667851633583,-0.011971268662941625,-0.035115733589099696,-0.031923383101177705,0.011173135374195287,0.1205106981401205,0.12529925431651412
IDBI,2024-06-04,-0.14511732493536655,1.6118602422442125,0.03573711686392245,0.09189540163188226,0.10861521763834259,0.10440332437118838,0.0712189143551516,0.2764518708862982
IDBI,2026-01-19,-0.056528010421803554,2.516405766998866,-0.03223844611569915,0.013888916819334574,-0.0143957641700303,0.03659773553009993,0.1530818995088692,-0.2403690108595119
IDBI,2026-02-05,-0.056614145271606686,3.2553851284969824,0.03767719097823008,0.04913572920614073,0.06923671607103232,0.07632542944977305,0.057389744028561784,-0.28558946109346006
IDBI,2026-03-09,-0.09082559872425366,1.5894114462421842,0.04060602669764046,-0.0019192165798609384,-0.22323230781940495,-0.31929293545809656,-0.27171718713008997,-0.26010101010101006
IDEA,2023-12-20,-0.06428568703787652,2.431616265343856,0.04198467336218781,0.01908396890992692,0.011450352226130445,0.2824426525074424,0.152671751279416,0.22137401023532743
IDEA,2024-02-26,-0.039885976411476065,1.5647930960258334,-0.059347179665332095,-0.18991102020736794,-0.15727006007185895,-0.18694364990452506,-0.2106824991315055,-0.2017804448208581
IDFCFIRSTB,2023-06-22,-0.055961054074217476,1.7621406915635278,0.001933009392119045,0.008376308487888284,0.02319591607154603,0.02706183653884242,0.06765464050557712,0.15592781845422765
IDFCFIRSTB,2023-07-04,-0.04026840201650628,4.42929547053062,0.021614709666379683,0.013350227615924304,0.05276543477896056,0.031150628108202127,0.1252383761350604,0.17291796834417306
IDFCFIRSTB,2023-09-28,-0.030753458802131095,2.3616743164061416,0.010047561264722171,-0.02961399218808114,-0.03331572103868197,-0.04547861356920235,-0.12004236633712728,-0.10206241369020752
IDFCFIRSTB,2023-11-17,-0.03733035061986667,6.083716308589931,-0.00822558120791339,-0.02232669283133648,-0.00940065143017077,0.0217391128941522,0.05464161703002812,0.03760287467701717
IDFCFIRSTB,2024-01-17,-0.035107655678092486,6.636576200788745,0.014084561274875451,-0.039906033078262015,-0.060445939917262215,-0.03110321586154763,-0.027582142702994306,-0.08509389976157244
IDFCFIRSTB,2026-02-23,-0.16129805862930546,85.11527947457895,0.013278130968293667,0.03954878079466617,0.024842916062609355,-0.03954888972376991,-0.11350657708482403,0.0032837767637445836
IEX,2024-01-17,-0.10268132526994855,27.700295318260533,-0.06825129406966257,-0.07334467267747236,-0.07843805128528225,-0.008149385047485191,-0.010865915813348948,-0.07334467267747236
IEX,2024-02-07,-0.050703301868051054,3.9172652279235463,-0.004479732101525302,-0.03514821425904857,-0.00792563133631441,-0.005513459807762411,0.017229496173945646,0.0027566773236316067
IEX,2024-06-04,-0.08016482199385178,1.8553633484642957,0.08129523629310742,0.12642099121686612,0.16210816237496783,0.24870828537037903,0.2765415162075364,0.31195315661941336
IEX,2024-07-10,-0.0395899747645031,1.8198320696247507,0.00539411897211961,0.011923723380291351,-0.01453553048812184,-0.00011349656044779,0.09936407270710967,0.18078589870215378
IEX,2024-09-24,-0.11597107019718811,19.37751015606949,-0.04295636459369645,-0.025329618613919913,-0.015452976055144618,-0.03846698816771443,-0.13605213932750426,-0.2291952169562419
IEX,2025-06-11,-0.07775821274317074,5.948492854644627,-0.017916078547786762,-0.0184840288498902,-0.053541901638476386,-0.024111928673824723,0.07372993896169011,-0.31753408883565226
IFCI,2023-08-02,-0.036363636363636376,2.337675928572478,0.026415123129790885,0.09056602334076502,0.08301889671469653,0.05283017428416126,0.15094339622641506,0.8415094051720962
IFCI,2024-02-15,-0.041436464670598805,2.810094672816933,0.04418826648940488,-0.009606148075483323,-0.07012483697757244,-0.11815557735498927,-0.24975984996256761,-0.19404416180912665
IFCI,2024-06-04,-0.09934323317195515,1.9045581222325312,-0.03646308214472649,0.05013673794899898,0.20802195040156213,0.14165908247799952,0.10683684181169828,0.5274384887872934
IFCI,2026-06-18,-0.08615523662177149,1.5647528393324954,0.04155030858681852,-0.008868858573582217,-0.06451218219042876,-0.07775475745736027,-0.12319280391704679,-0.06524110407565953
IGL,2023-07-24,-0.04804774547141477,9.20828147870004,0.006588048419798209,-0.022314313616813353,-0.015832497891235753,-0.028371004000134592,-0.060142362187075804,-0.014769911528530355
IGL,2023-10-19,-0.04804993469270025,4.765278154996194,-0.11897734604093357,-0.12706215376818575,-0.16486394121206782,-0.1246585568749573,-0.15830871333047725,-0.1099092941413784
IIFL,2022-08-02,-0.04226756547465227,1.8222101438627532,0.0013418269904972302,-0.009989581161604422,0.008200387505438611,0.04741313137646519,0.02460116251631561,0.048755049369132
IIFL,2022-08-19,-0.05224201025911923,68.519144178308,-0.013968140527903739,0.026284169902150323,0.04070296953733288,0.016972045659578106,0.09432260280019156,0.059327126350567916
IIFL,2023-09-12,-0.0640829125962159,1.6953055490134459,0.010720173716182613,0.012103398107535357,0.02022998651496044,0.011757671159639438,0.10391638135750814,0.0677790505088498
IIFL,2023-12-20,-0.0671135712748211,2.6837220514024587,-0.038918006598203436,-0.04335886247224463,-0.035284579064897015,0.024868832319842493,0.03157042841012303,-0.008881711748082388
IIFL,2024-02-28,-0.04383948567817497,4.667502763439397,0.015655871975806424,0.02735488071236558,-0.34245159190188157,-0.3624946446572581,-0.4056773983534946,-0.3156129242271506
IIFL,2025-07-28,-0.039856779644003915,1.9714818837127916,0.03758191317695214,-0.03687654970875298,-0.0940050254840995,-0.09299746880903648,-0.09249369047150502,-0.10982367758186395
IIFL,2026-01-22,-0.13502445032099686,31.16041277716575,-0.032668168140951304,0.010858423361368885,-0.018654269685324798,-0.042505845780162366,-0.07638049911180389,-0.15823665893271466
IIFL,2026-06-29,-0.0400235902010857,1.7762825099099993,0.03780911600559378,0.060085888304788115,0.07858167415957551,0.1381566284642879,0.1714695003212674,0.42325780050646844
INDGN,2025-06-04,-0.04728092176183485,145.23355084751955,0.00897694372256952,0.0006774447194564104,0.02777771460152345,-0.006775067470516705,-0.03455288545136548,-0.07444107450816773
INDHOTEL,2022-09-16,-0.03563939536990113,4.266990756050882,-0.006987577639751552,0.011956540694147977,0.014906794388101607,0.030124261512519457,-0.01164596273291929,-0.03633544163674296
INDHOTEL,2022-11-11,-0.06894008048999678,26.553614035339958,-0.008561953875925843,-0.016014010505169263,-0.0045981042618253865,0.021087660592280066,0.04677342544638541,-0.016014010505169263
INDHOTEL,2024-04-25,-0.050575657894736836,4.654881176424961,-0.014378497692453474,-0.0008661758336941938,-0.01152018088187523,-0.05838027233786269,0.006669511625703839,0.14291901255954964
INDHOTEL,2024-09-30,-0.036041075638310605,2.3252819800852116,-0.00438148086244361,-0.033956476683937864,-7.300685274946872e-05,0.040747718535851574,-0.00868995487213775,0.13706729065686107
INDHOTEL,2025-05-06,-0.06055124536308265,6.918890776836608,0.016462030420262286,-0.04580152671755722,0.010421474392217078,-0.0006637902422834685,0.010222385936981437,0.011682692058372135
INDIACEM,2023-06-22,-0.05745141707022816,6.117290148892777,-0.03895508762090505,-0.01993579700075987,-0.027955962099181608,-0.03276807514429236,-0.049495890022031364,0.12282311377902944
INDIACEM,2023-12-20,-0.07665118550145333,2.192831669333061,0.012895475662860978,0.052992118557012136,0.03788029066164533,0.10054407745598848,0.002417917059332586,-0.02760423539475909
INDIACEM,2024-02-01,-0.07345064038465687,67.9888781618923,-0.008257638419489344,-0.004748116890893828,-0.020024735366792834,-0.027250168983846024,-0.05511969864962252,-0.06110653690437706
INDIACEM,2026-01-23,-0.060322324631260416,3.794084330899097,0.05202783825499724,0.03174973860262176,0.06234065792928023,0.056894525592047884,-0.010544583529475515,-0.17369643616924968
INDIAMART,2024-10-21,-0.16744928763585265,26.515996326105082,-0.0018536818557567392,-0.005660605421233589,0.0029298625645801657,-0.0182174095246177,-0.09780359088938773,-0.059276165799175606
INDIANB,2022-12-09,-0.0756060938722527,1.7805597379315485,-0.012286837258421168,0.09921151262089078,0.07885567754005818,-0.004034498911205775,0.07628835054529248,0.07188705865497669
INDIANB,2023-05-08,-0.05001508408792854,3.9897837795899105,-0.05883282115808064,-0.08404694267670043,-0.07770377719166643,-0.08626699252304793,-0.1154455924698139,-0.04757374113775503
INDIANB,2023-11-30,-0.0522922505606912,29.70618628761912,0.010707987063130142,0.03313175635854004,0.08843539088758479,0.13240115676155062,0.06046863282708803,0.24477197125334804
INDIANB,2023-12-21,-0.039325174860929346,15.186173852737674,-0.0015744068956640156,0.007024328094008103,0.019498577386360294,0.052198104576424376,0.07375555586601634,0.3010779132200876
INDIANB,2024-03-12,-0.056843110244639616,2.146328084512402,-0.030279508790078347,-0.014607696913228274,-0.06017215256841291,-0.03298827241626501,0.018767558605443657,-0.006965223480675076
INDIANB,2024-06-04,-0.13284405217486883,2.563323690296008,-0.0023773298383799046,0.016926634881488045,0.02396355441920428,0.03651580953362665,0.019589174652138386,0.13284526101700256
INDIANB,2025-12-02,-0.03144189344286985,3.960502147761928,-0.054278926931732974,-0.0587585075137973,-0.07626969208440537,-0.10041303923116374,-0.025830486813331444,0.0607946934177408
INDIGO,2023-07-25,-0.03229550976498541,4.757716547846364,-0.017237968724228225,0.012614184680430185,-0.005281652553604799,-0.00940249404338045,-0.03364415510657681,-0.07632332744677683
INDIGO,2023-10-20,-0.034995035082838744,1.794304708971324,-0.0197208325755186,-0.011008424230224634,0.022959758462892443,0.049301981342193324,0.07658721432054083,0.1723212071970659
INDIGO,2023-11-10,-0.030479733886330185,2.4904472761797702,0.01556908211127217,0.026161667301638936,0.051763765364245096,0.056240612040321825,0.1697611476653842,0.23199756264364946
INDIGO,2024-01-23,-0.03886715786245132,2.261127694241594,-0.0005667100957151838,-0.005426213532238933,0.01701698193461687,0.06963046795798977,0.06313958734550362,0.1299367563606899
INDIGO,2024-05-24,-0.032723554141574795,12.08230027289828,-0.0008339726741454223,-0.05378831226873604,-0.015846398522847416,0.027416937698226285,0.013896370807882086,0.013837637106484113
INDIGO,2024-06-11,-0.04316123449421572,5.255409566254045,-0.015814188730117862,-0.022679962846149482,-0.03238356791394892,-0.032864194451596274,-0.02019681885799296,-0.02575805119292829
INDIGO,2024-09-30,-0.031997491507873455,1.6757904873250984,0.024605959306446712,-0.037201451793823725,-0.03853825992396709,-0.006475263185056757,-0.15889464417975951,-0.09082084935201473
INDIGO,2025-04-25,-0.03749660356851736,2.9800302957961846,0.005175496377152644,-0.012044791568645907,0.041027571280700004,0.030676578526394938,0.02004328596969973,0.028888679777924198
INDIGO,2025-06-13,-0.03916735141057248,7.106399723925895,0.022900038008361934,0.0020904599011781766,0.024325351577346943,0.10528316229570511,0.12457240592930452,0.09644621816799703
INDIGO,2025-08-28,-0.05338842975206615,75.52683763959338,-0.014143530644316393,-0.010738606600314338,-0.00558756766195212,-0.010476689366160308,-0.00916710319539027,0.0188580408590886
INDUSINDBK,2022-10-11,-0.03775929224033059,18.64753953404159,0.020994396148674266,0.014597286928025976,0.050360660865164775,-0.023312746851469446,-0.031985231651115775,0.022539928344746052
INDUSINDBK,2023-03-13,-0.07398678339408771,5.212005565851908,0.003678921331836449,-0.03990188545150064,-0.05452314793330848,-0.04457126788809129,0.04641078612891558,0.15041041120112886
INDUSINDBK,2023-05-05,-0.05402778783434714,2.4924040875152533,0.04942693034975143,0.09247181168804142,0.1261063723361593,0.16276897719572436,0.20022350933309552,0.28608023179824027
INDUSINDBK,2024-01-19,-0.032116094019493224,4.679925200151091,-0.07648454697415985,-0.03145216600718248,-0.02639161605035012,-0.03183649474673833,-0.036448674206599696,-0.0765805705127508
INDUSINDBK,2024-06-04,-0.090344482959552,1.7484903901826563,0.07865609139193319,0.07229606581813686,0.0643550476666368,0.09823927500673735,0.04599353215954016,0.020373679903656017
INDUSINDBK,2026-07-23,-0.059665244472816736,2.862717681073309,-0.00939832143911612,-0.013475870505190168,0.0059174661432435105,0.010641484044785043,0.0024863252113376255,-0.03898559145403402
INDUSTOWER,2023-12-20,-0.0815963563841896,2.74508423236758,0.026017228706491924,0.02629393944359526,0.030168903355480614,0.19817328680493507,0.21976204565929836,0.2255743225950535
INDUSTOWER,2024-03-19,-0.04124748490945673,2.9055915342033534,0.05225602076911717,0.13871978087290127,0.19034630053941504,0.2868835513264034,0.4682056150806664,0.42497376705141665
INDUSTOWER,2024-06-19,-0.030619614473206602,214.23147527601066,0.006886190996912456,0.01751498833387921,0.06616768294465758,0.18712574850299402,0.2543413539132673,0.23293409518852903
INDUSTOWER,2024-09-06,-0.045136537405796484,1.9343036006085426,-0.0037816262832295333,0.011581171887966146,0.012644779074304058,-0.08236824769742312,-0.14641931295995902,-0.20255261397009738
INDUSTOWER,2024-09-19,-0.08978403317462069,23.461713797136948,-0.003976366961283562,0.029502309800245374,0.01013343337796413,-0.04515129845331123,-0.013468445778372806,-0.17098511027117735
INDUSTOWER,2025-05-02,-0.06761392767797736,2.9202716345051574,0.00919600615836047,0.008539148575620548,0.019968486551859455,0.05215450810612143,0.009327345601784387,0.08302681449490334
INDUSTOWER,2026-04-15,-0.04150989098031421,9.160769838833602,-0.01689472005595627,-0.03438432410953318,-0.028792400008365582,-0.015110068063094895,0.004997040103547068,0.002260588238027994
INFY,2024-08-05,-0.03805179475939502,1.7320404838404377,-0.0004566749340577658,-0.00499457724645358,0.02597180168155888,0.06866826022109773,0.10808263767749371,0.08701977798240113
INFY,2024-10-18,-0.04496722783285034,3.6483622530576127,-0.014284941442163746,-0.0032985482296264967,-0.00933705415288777,-0.06317833663675243,-0.03625772786723824,0.05160672550538936
INFY,2025-01-17,-0.058596283471776145,6.354352766618801,-0.0011842256198593137,0.022583932965783093,0.03304965799870718,0.03544581199537444,0.015313035101948147,-0.12415649475671531
INFY,2026-02-04,-0.07258451157721924,10.584049923432428,-0.010157635864221692,-0.025133543709484396,-0.04160699464934947,-0.10554765757426476,-0.14975907845262726,-0.1278812463666239
INOXWIND,2022-11-07,-0.03445988839343039,4.345457165076135,-0.007892888953819899,-0.11736438711663866,-0.16506517450996716,-0.16575150584981346,-0.15099519877008083,-0.2546328019986186
INOXWIND,2023-09-12,-0.07391412864956759,1.868729300400965,0.024358626704217734,0.024358626704217734,0.030059617224630575,0.025136077637858856,0.0647836237248196,0.23218452324606753
INOXWIND,2023-10-31,-0.030851750882130657,15.56597678380103,-0.024682842461433152,-0.009688609474120535,0.10680504681192327,0.19677044473579874,0.2941176470588236,1.3056516724336795
INOXWIND,2024-05-28,-0.09990858669678948,34.51392537753283,-0.029441665675232653,0.00812180675629226,-0.0656514175853955,0.023756307998889614,-0.03424702239318955,0.11302874415053932
INOXWIND,2025-06-02,-0.04938464042467949,6.309156053420513,-0.02174029716486292,-0.007174849576998099,-0.006095860461716285,-0.06915893835636733,-0.054107995055813096,-0.1638019566020502
INTELLECT,2023-07-07,-0.034880924425936266,23.873438304385257,-0.021518797723017458,-0.007145210834480831,0.06488864836335417,0.05051516289581692,0.14980064181236896,0.21236289528961327
INTELLECT,2025-06-20,-0.0561344900739702,2.335085082027258,-0.006216434346493438,0.035813670288757704,0.06503987048632642,0.045834013829802345,0.08730745158923581,-0.12878088934866916
INTELLECT,2025-07-25,-0.09246933063567209,7.132786474631035,0.01360476191990534,0.021034278506638637,-0.052585872941108946,-0.09677735089289519,-0.046024711581803435,0.025328058067965342
IOB,2023-09-12,-0.07173601461866486,1.9704975103620987,0.08191658889872344,0.22102015032855915,0.35548687920958044,0.39103561429835865,0.36939725893647424,0.21638331777974473
IOC,2023-07-28,-0.0339756442795518,3.363779032420001,-0.015748031496062964,-0.014698178749384838,-0.030971096569471945,-0.018372703412073532,-0.03517058765481462,-0.034120734908136496
IOC,2024-03-15,-0.054887031221084626,13.50013373992861,-0.0012422170698273005,-0.017080745341614856,0.02577635960549296,0.08198755868473406,0.049689440993788914,0.018944118333899418
IOC,2024-04-30,-0.044695863629331645,5.023228652445591,0.026946921104517685,-0.015398318090208751,-0.033757844246311675,-0.04175305180288669,-0.04086472553067777,-0.01907018717386999
IOC,2024-06-04,-0.11865375179495319,3.7991107092271523,0.0307443365695792,0.06278315176855775,0.08530739595974923,0.07928802588996753,0.09585758937601141,0.16330094322031763
IOC,2026-03-02,-0.044593804640293166,2.2227847345180924,-0.04840599709340987,-0.05823241527010259,-0.10702918934520622,-0.18106196094053295,-0.2511305654305238,-0.20640947515337382
IPCALAB,2023-12-20,-0.041664806930759135,2.1640318289824454,0.0026848568873645284,-0.002732006042451718,0.03603391427225633,0.0455487287667804,0.018747079052343407,0.1643428649758596
IPCALAB,2025-04-01,-0.07393970771886038,3.0730435527089726,0.018046501079574284,0.0060394899245144185,-0.022504171770665993,0.009742279229229434,-0.0019053272894843376,0.017938723572020532
IPCALAB,2025-12-30,-0.033737644805336364,11.851705822627071,0.02358972326794806,0.012840895581533562,0.0601644981617242,0.08772190300068239,0.06745058670717485,0.09854285273980135
IPCALAB,2026-05-29,-0.030526583092547743,4.1513079725823765,-0.022303856898105656,0.019876624424392197,0.07707950545668862,0.03844133734415389,0.08055623510306198,0.1660981022807304
IRB,2024-05-10,-0.04496946672042912,1.5409033649086927,0.02075018683796137,0.048683086162470746,0.08539502544004196,0.1636073383935357,0.11987233764277416,0.07932962649091335
IRB,2024-05-30,-0.10316369071293807,9.339551216942604,0.013803705030743352,0.005368192022976226,0.07668712015384238,0.01932518704304087,-0.005061260998556749,0.02407975104769622
IRB,2024-06-11,-0.05758267823051988,7.055614853739062,0.01845120297384839,0.016031420365428595,-0.024652220434106975,-0.006503331629066023,0.028584381596175046,-0.0359951749735562
IRCON,2022-12-21,-0.0994602482653274,2.578536489073147,-0.03767124495646734,-0.07876716042173304,0.010273946206238005,0.042808218059586345,0.054794466860145,-0.03253427185334845
IRCON,2023-02-01,-0.04311771985103319,5.401293199524835,0.011265124828198081,-0.011265190940801473,0.0008665378925378775,-0.027729675349433158,-0.07365684477997037,-0.029462751134508802
IRCON,2023-09-12,-0.058621819753503224,1.5860372559111486,-0.02616758547929332,-0.033454807246464324,-0.07552165701860336,-0.05564752611001755,-0.0997019102750838,0.01689303148930943
IRCON,2023-10-09,-0.061109212071938646,1.5485283250590978,0.03423629240571535,0.02257336446784719,0.10496623662674431,0.075244548226157,0.14747936044889554,0.20955611273547503
IRCON,2023-12-07,-0.0651351971329982,8.232121691891283,-0.000622121950330512,0.009020198744897012,0.07029550887563185,0.04105758073726662,0.14556761366397764,0.44199068772477634
IRCON,2024-06-04,-0.1730266842416146,3.0213824812224974,0.004003358348187547,0.05731138082522613,0.1455963026019096,0.12852922186671245,0.16434885899560903,0.21007159799257868
IRCTC,2024-01-23,-0.049247827615573225,2.6415179120203978,0.03768642852416626,0.04966056921948714,0.04474265003842781,0.020740925771564278,-0.010263511879522791,-0.0006414450222889112
IRCTC,2024-05-29,-0.03711564221033936,2.2456349939384856,-0.016828121984161615,0.010883090728005529,-0.11889922053618474,-0.015293961903154463,-0.04952538422183017,-0.056333300052426316
IREDA,2025-01-10,-0.06913787169511176,2.045445910995903,-0.006313641820568261,0.011981127194811592,0.02957997706971427,-0.03117071441174668,-0.06249064104818458,-0.2563261204229891
IRFC,2022-11-30,-0.07082153127570934,1.6093760156815013,0.04268297434278745,0.02591470453017397,0.007621951396801441,0.03506102294598601,-0.009146318415812038,-0.025914588228425517
IRFC,2022-12-21,-0.09396920464046932,2.0347333661391933,-0.03250771708550981,-0.06037148302323858,0.0061919742310698744,0.029411789021017487,0.023219814789947835,-0.1037151254875992
IRFC,2023-02-01,-0.046898616424851824,7.039983194342581,0.0015872773670015938,-0.041269817049541135,-0.036507924397786495,-0.0539682781885541,-0.1333333575536334,-0.15555554344540545
IRFC,2023-05-25,-0.05465283774046403,1.7298203474771514,-0.003125011920928955,0.0,0.00468754768371582,0.04375004768371582,0.02499997615814209,0.09218752384185791
IRFC,2023-10-09,-0.04943215796485867,3.269513735889924,0.06324666062534434,0.05551647032369322,0.07238231082828195,0.014757489808083557,0.026704167043311022,0.0688686074602074
IRFC,2024-06-04,-0.1270177316095652,1.938258394066431,0.009093664915135857,0.052440189847276164,0.06820248686351915,0.05013643180033456,0.06989996358056771,0.1505304776625478
ITC,2023-07-24,-0.03894385254635935,5.258019863603152,-0.019200109733355397,-0.0133658185304808,-0.011986822583958334,-0.034899711983561565,-0.036278775168659516,-0.03903676706170456
ITC,2024-10-09,-0.03199133126285936,2.242975220082801,0.0007118495164044614,0.010677227099912479,0.0030506271062937795,-0.02308315793307103,-0.021557876607808835,-0.041793765386800685
ITI,2023-12-20,-0.04799595922177191,5.346837964473813,0.02901118833929406,0.07199719279303607,0.06615960591133008,0.11038391254470614,0.22784360618125388,0.15779234766178551
J&KBANK,2023-05-05,-0.040268419003798184,2.679856053600511,-0.009615371149031438,-0.011363662888271286,-0.022727259086031903,-0.05069932669927257,0.02797200092273,0.08304195693433591
J&KBANK,2023-07-24,-0.04768294919919536,3.095287667153953,-0.04301837780136786,-0.030324421433110205,-0.052891395194557655,-0.052891395194557655,0.26727780734003703,0.5112834868807237
J&KBANK,2023-10-23,-0.05898879093387921,8.952554888029324,-0.007462686567164201,0.02935320346509651,0.060696502230060734,0.08308456193155322,0.09900494475862898,0.22736316889672725
J&KBANK,2024-01-23,-0.06783371727012166,4.8084675684389175,0.02269165749010127,0.034820006588262675,0.05203437979411629,0.12480435498724218,0.09076674935624762,0.01760563338240906
J&KBANK,2024-03-06,-0.061925764094651226,2.0105986357141528,0.020311843808451968,-0.060210393066831625,-0.06782738984062453,-0.05658326228800137,-0.010518767811605323,-0.06927822001390727
J&KBANK,2024-05-06,-0.0322927865296051,8.58819615677157,-0.04041536492662545,-0.048572508381866886,-0.0530219416511174,-0.0396737549971542,-0.19503153030315046,-0.15076016715077634
J&KBANK,2024-06-04,-0.19948378933779798,6.950807491780739,0.0736987542615315,0.11607552390499043,0.12114227108970543,0.1181022508927203,0.054997636328596444,0.00884384207723099
JBMA,2023-05-10,-0.0678282899167757,10.16216267456389,-0.00045272051156308724,0.012547716655069596,-0.020826564698490424,-0.013065100246327677,0.1324623582317246,0.6815858892685422
JBMA,2024-06-07,-0.05720343270160988,4.531627270081605,0.00933449779679596,0.025780936496789808,0.018767749104827702,0.01913816520558087,0.10225956233022604,-0.10672921377253364
JINDALSAW,2023-05-03,-0.052474676278460475,1.5856537469481198,-0.008495852086728317,0.010698629781815683,0.06261807796867003,0.10069226315026314,0.5305223806784736,0.6192573799630678
JINDALSAW,2023-07-28,-0.1238902792526616,3.3758434606844174,-0.0039919785577579026,-0.04744351905120647,-0.011976029386090103,0.046061723571743984,-0.046215225165189944,0.07078157144960318
JINDALSAW,2023-09-12,-0.13418275184998207,1.9360415872173558,0.04775489807340083,0.11067720148640192,0.06442403034397648,0.03814380905190107,0.07403511936547646,0.4649346211668337
JINDALSAW,2023-11-22,-0.052133169184118255,2.9542345875772136,0.003952108342793581,0.00933143020329541,0.020199761648642234,-0.009441251938296591,-0.08409269356466065,0.11461187899963199
JINDALSAW,2024-05-08,-0.06320983122186485,3.839853450945633,-0.018607205349205902,-0.014942227966227795,0.029602481649015022,0.02283624601602341,-0.011934922905041723,0.037496499698810526
JINDALSAW,2024-06-04,-0.12631672879926115,2.746462006452038,0.056854810929308774,0.15403812181985632,0.1494647671522369,0.1670305345806895,0.15154355319397017,0.34549426551188134
JINDALSAW,2024-09-06,-0.03138357185858143,1.6269288387129883,-0.010992949814594755,-0.015766202016089248,0.025819103567574997,0.027337853592956707,0.019888624409578615,-0.1034931515435843
JINDALSAW,2024-10-03,-0.03774226453587215,2.7409188329946383,0.02636045853577751,0.05674915111528289,0.020494699646643078,0.03547699729461118,-0.10530035335689047,-0.12113075930322437
JINDALSAW,2024-10-21,-0.05927445283089494,18.608504415273465,-0.030849842593780985,-0.0736321823665067,-0.11423166269727958,-0.09807919560070821,-0.12412687176622261,-0.11306753612749176
JINDALSAW,2026-07-14,-0.03629932903368016,2.229071962375418,-0.012748707645145352,0.040950379963586414,0.013134996392948572,-0.006567557144856351,0.05678957443630317,0.18833300695579114
JINDALSTEL,2023-03-16,-0.0455916764525609,8.894125789706845,0.033140645081070286,0.010023456150644927,0.0063211123764457255,-0.0135452408066693,0.047227673473716036,-0.05391012454941513
JINDALSTEL,2023-08-14,-0.05148956112646319,1.7889479187164832,-0.021593035549971717,-0.03201209846286335,-0.009664061025386972,0.021215534606219277,0.035636052224896186,0.0444696296066911
JINDALSTEL,2024-01-17,-0.036878992216155426,2.388790733797829,-0.0033235887827842703,-0.038014059133018474,-0.008032111880716286,0.07464343752445934,0.06564191388540142,0.11895863082443703
JINDALSTEL,2024-06-04,-0.09201374178511612,5.350790785683402,0.04801330460213271,0.06957238458497961,0.050773315378239925,0.09040246268887286,0.09389160248064066,0.024110777264244376
JINDALSTEL,2026-03-04,-0.05606723354047871,4.65597882123772,0.013351570746295227,-0.020797713386142003,0.015919184523524033,0.00924334691214046,-0.029441992207517864,0.08207807464070793
JKCEMENT,2022-12-23,-0.03650329926607199,3.0501177943804154,0.03344714057431286,0.028512890558306303,-0.0026975934245347943,-0.01872975846209668,-0.02825678675089638,-0.0027146836851204004
JKCEMENT,2023-09-20,-0.030483748925661414,1.9396938816126803,-0.0029826935204658733,-0.02313123502566028,-0.004256569594488058,-0.025756584840950558,0.03930280126820218,0.08812834578309392
JKCEMENT,2025-04-07,-0.031384340902626984,1.5822486872085106,0.018117541151164263,0.03297424436566887,0.05244617786044681,0.09643269416840083,0.06434401402740253,0.22447486265309924
JKCEMENT,2025-08-22,-0.04107092795065881,1.5318774775708321,0.015860254348779357,0.021195731618184555,0.03310919456219841,-0.0063587194854553,0.0027042829995613804,-0.054816547288408124
JKCEMENT,2025-10-15,-0.03330855018587364,1.7322041977793141,0.0083064143977849,-0.011152130441470565,-0.0218427934163975,-0.03930164590063068,-0.14536225196123675,-0.11944316259037069
JKTYRE,2023-05-18,-0.09343691675841548,16.495468770472105,-0.03813204759797817,-0.01022376831128502,0.006079061188546175,0.0381321319239758,0.050566506270185885,0.38297874672846755
JKTYRE,2024-03-11,-0.04838708395342217,5.596812147812539,-0.018422991420381063,-0.09211495710190509,-0.09527318420254183,-0.11253818472107413,-0.10685335023820997,-0.1988630588051452
JMFINANCIL,2024-10-21,-0.07335055271642787,2.1921163217058517,-0.0590955611088807,-0.07160828671040953,-0.06739206702784839,-0.0790887768884917,-0.10193815152719155,-0.08017686705366533
JMFINANCIL,2025-09-10,-0.07896391286809068,1.5563021878322634,0.027097770736655757,0.027723983921548623,0.0016508782880970685,-0.025162234298067077,0.003814175993267499,-0.16372543075284396
JPPOWER,2024-02-27,-0.04199471228871232,3.89629255865206,-0.049315047590699934,0.0027396842224958196,-0.03287673323121787,-0.17260271882357658,-0.1643835616438356,0.09315072673640845
JPPOWER,2024-10-04,-0.03333333649643222,1.6133805619708665,-0.05043744348142265,0.13896030947933613,0.1482243497443192,0.029850741873202802,-0.04940818202486408,-0.01749872090827098
JPPOWER,2025-09-09,-0.038461560447420884,2.3721764124414055,0.0005194924094460429,-0.017662345588981276,-0.008831172794490638,-0.048311704164975655,-0.06649354216340297,-0.08519477348823057
JSL,2023-02-27,-0.033245701343667555,2.5708283996364796,0.03749754679470563,0.08393240952489944,0.1632018612935493,0.20691664556860712,0.08781816812712684,0.10744120163479831
JSL,2023-03-17,-0.07583158838344017,4.991062251502163,-0.021153231245043203,0.005117707160573248,-0.005629457052626741,-0.01313546920280817,-0.09535998507335408,-0.027635639491098818
JSL,2023-05-12,-0.06129683729266522,8.945952609034777,0.00863462418090033,0.008814468724067659,0.025364229117995407,0.04407267300594886,0.13275766244255238,0.27846731605405695
JSL,2023-09-15,-0.053655671401433236,3.466657842158021,-0.007125406989047067,-0.057206851394930536,-0.0979234627609139,0.00885581326920648,-0.04723129403598825,-0.028399861279220895
JSL,2023-11-28,-0.03658644554888835,2.851922628239048,-0.017792208868908976,-0.010713672260018403,0.03615833735894447,0.038645516998822016,0.07002099623338243,0.029940621797245326
JSL,2024-01-17,-0.034237433026380826,4.172953111184911,-0.028429587133091294,-0.09239597525478704,-0.07801001357010384,0.021664604983704816,0.08109260764880544,0.15036818654199435
JSL,2024-05-15,-0.040401912572196164,2.398180003292652,0.0013180412187761004,0.02738524255051078,0.04503185340764504,0.03631844433595344,0.19528453011464086,0.1471040723415673
JSL,2024-07-19,-0.06263361756019348,3.04124535971438,0.004427730909725147,0.009660555917023972,0.025761455147594425,-0.020864065540932564,-0.02971952736038297,0.01898567643341109
JSL,2024-09-02,-0.0681245867972361,1.5586518995580882,-0.01765062314721333,-0.02664496087426349,-0.0252248109755141,0.02718609222265056,0.06918242524255969,-0.07553929455624342
JSL,2024-12-30,-0.06671192335045861,4.091627496176393,0.01790651820614042,-0.0036395398327908612,-0.033119812478396904,-0.11719318261586598,-0.09360903558414346,-0.08924158778479441
JSWDULUX,2022-12-21,-0.030276275147054887,3.706561446303958,-0.0017244729804498649,-0.006784441209818914,-0.0011572194205460296,0.0032900706474423558,0.035827712685185586,-0.009734159721318969
JSWENERGY,2024-05-08,-0.04588646238011507,6.093249772444714,-0.04719603013543072,0.030776176606662098,0.07321666719240683,0.10803052885963438,0.121758592348026,0.32184831868270525
JSWENERGY,2024-09-27,-0.04649669691643543,3.7586332514718617,-0.009793327191067736,-0.04282049537990329,-0.08928809492892076,-0.050114786164649816,-0.13156823583001998,-0.09050385128297089
JSWENERGY,2026-05-12,-0.06952305849221407,9.371994848387388,-0.016893522142639616,-0.0055990430460755025,0.0293464848900431,0.1120764290469125,0.08244041162405358,0.029925667795533295
JSWSTEEL,2024-01-03,-0.03740517965566825,1.7402059804830414,-0.0006566570907817759,-0.018742925743974514,-0.00937149930436032,-0.02984539995386204,-0.016832849292825802,-0.0017310477702732197
JSWSTEEL,2024-07-19,-0.045090986579604864,4.265195710493673,-0.001011888697184049,-0.009106792410958242,0.012479594618695522,0.011355304342372197,0.031817401095702635,0.09168585830991804
JSWSTEEL,2025-04-04,-0.036684111907388184,4.091477495794103,-0.07501865494111981,-0.05985584112058784,0.0022371364653244186,0.033258713568854015,-0.05224955286400079,-0.03678846631866761
JSWSTEEL,2025-05-02,-0.060497228465875685,7.563016080017364,-0.012403100775193798,-0.0014470536579456184,-0.010852713178294615,0.056124018390665276,0.026873385012919915,0.06346255753391472
JSWSTEEL,2026-06-23,-0.0313475300037952,2.8749145922952595,-0.008855257150527818,-0.007889170136069823,-0.020930607810338397,-0.018273991357397934,0.019884136381494555,0.03509909786674692
JUBLFOOD,2023-10-26,-0.04356452250341292,12.640006941003858,-0.0020748697130652527,-0.010078007526845068,-0.009188803495014941,-0.0005928026878866399,0.07667224331372258,0.12676618113131366
JUBLFOOD,2025-07-07,-0.036546739881921586,2.080861337815227,0.005993329582539397,0.005700956809305602,-0.006285613136129409,-0.006943429570994475,-0.051600627178409186,-0.07199240134136387
JUBLINGREA,2025-07-31,-0.034418904785605164,8.77393416214769,-0.036156876646991964,-0.06388143505838417,-0.09505560655898271,-0.10348792479458246,-0.06637282662171473,-0.18270090426697883
JWL,2022-12-07,-0.047722278114113004,3.3676813486111516,0.0,0.03359905291236909,0.05580858458052518,0.021640020847884633,0.17938495959636147,0.26537579285308244
JWL,2022-12-21,-0.037037085572974915,2.6059846637531923,0.020624371978329892,-0.019509476694963168,0.008918651939524791,0.15440364074379187,0.1599777769423527,0.18283168432371166
JWL,2023-02-01,-0.04995939563047014,3.4232375299249944,-0.05002136491470033,-0.14236848508728972,-0.15006409474410065,-0.13595548791267742,-0.16631036730039472,-0.21162890676220747
JWL,2023-08-10,-0.038013439709725816,4.468098174710989,0.04992564136510769,0.15742505558581898,0.15721265791565808,0.46675166031310655,0.6037816121449977,0.2623751790889697
JWL,2023-08-29,-0.04993793762980192,2.1958810370747806,-0.0499492141779162,0.046899937883635445,0.13866705141177138,0.03034697692530819,-0.07681141785454204,-0.10120518509019372
JWL,2024-06-04,-0.1889678391320031,2.3121992572967494,0.03257758580793735,0.1279290536400044,0.2544293800367956,0.2848161422108608,0.3204418810222649,0.1425985370633034
JWL,2024-07-16,-0.05717747609811341,2.3051199104770546,-0.031719659220909135,-0.03036020837783482,-0.024242863966320027,-0.07967676304299787,-0.1671323395802371,-0.20776374945872267
KAJARIACER,2026-04-30,-0.03297642730522443,3.1412180604980944,-0.07001222810152785,-0.06470759399331638,-0.0703490482133785,-0.10377636295743475,-0.0723698661014146,0.01915547470411072
KALYANKJIL,2022-11-10,-0.04193848902156472,2.9008106117431467,0.006322897638019853,0.005350149864162823,-0.02140082210434413,-0.03745142012862779,0.048638130851830885,0.1974707667288944
KALYANKJIL,2023-03-13,-0.07474230638822166,5.076688088974775,0.0018570527697676642,0.011606314163599363,0.10027858270922696,0.10167135457672294,-0.032033398755806686,-0.010677752359055881
KALYANKJIL,2023-03-28,-0.0969237239958376,6.544520087936398,0.02753146902690151,-0.013065809668148076,-0.02659821216551994,-0.03453107349460072,-0.014465730561687873,-0.016798908316609573
KALYANKJIL,2023-11-09,-0.03391775797639063,2.4515829034307237,0.007140713635527929,-0.01874447544224833,-0.056530793379837574,-0.02052958575180519,-0.05310921088772014,0.13745903258098702
KALYANKJIL,2024-01-31,-0.04681541092866548,8.664202873429003,-0.046116572961496405,-0.02955455666117146,-0.03697890278591842,0.040119895211947254,0.08081092748859864,0.21616213321175093
KALYANKJIL,2024-03-15,-0.04082426256698557,2.887642679679878,0.00824217919513437,-0.006215343518010008,0.040940480783203226,0.15822191661117913,0.08674505381006692,0.12119985835159075
KALYANKJIL,2024-08-19,-0.04084130188587387,10.580483136012827,-0.013920414063930853,0.08525163799793134,0.12228189191107286,0.16431624019430857,0.27367851470269255,0.36657268070565996
KARURVYSYA,2022-12-23,-0.06364466069818853,2.3440447282401804,0.0625916254813681,0.05867970485010998,0.10757942904582718,0.07628361630514302,0.028361827498178505,-0.00440097786375826
KARURVYSYA,2024-06-04,-0.1098817931463395,1.865262927485002,0.0963276491326801,0.13022595421742578,0.18564970372086864,0.21367228879766942,0.16480226678363352,0.27542372881355925
KAYNES,2024-01-03,-0.04030717368983072,3.748860068221825,-0.013673957565503492,-0.0017996649400415787,0.017860344434148523,0.04528648925497536,0.12813239940392607,0.2145190865637785
KAYNES,2024-06-04,-0.193518109785892,10.832800579664616,0.022454861137706672,0.175356014738286,0.28507470997328377,0.36058230567441907,0.40528057366849435,0.5433587563286753
KAYNES,2025-10-13,-0.037102224725429456,2.9063602946869893,0.010601740147693217,0.02237332748409737,0.0035095415661330343,0.0005118081450610212,-0.05922351392849312,-0.4310886890399942
KEC,2022-08-04,-0.04176110035313718,4.445986414859497,-0.04504504504504503,-0.10022522522522526,-0.11430180180180183,-0.09639636890308267,-0.09054056803385424,-0.004054026560740276
KEC,2024-06-04,-0.10077416204637102,2.993516045199305,0.03300329917384914,0.10252539628183888,0.17341077823543682,0.2812455060032353,0.3218538957313928,0.30126265435045174
KEC,2024-09-20,-0.04553062242303396,1.6039121806099133,0.004090279506972161,0.08223110163512604,0.08908363940073039,0.049561778925962585,0.042549787827855345,0.057051805797642796
KEC,2024-11-04,-0.03328174840797249,1.9045266630127826,-0.02028494287854188,0.0846494662243471,0.0289563202637535,0.027098172467442616,0.28047900153114,0.2510581285664879
KEC,2025-01-07,-0.057214575001307,1.5830735313773228,-0.0689379406041436,-0.1339721437945206,-0.1568627376653584,-0.16733207317114118,-0.29504923697659413,-0.3800904734792466
KEI,2022-11-30,-0.038768943696538494,1.569996791543074,0.03863026131981728,0.05457341250652803,0.03339225978492677,-0.001604185925396573,-0.039972531183357085,0.015222941960775449
KEI,2023-03-13,-0.04050037783314642,3.3721072460387997,0.009650677427682774,0.011675783959178565,0.010220241053725987,0.0602455867509597,0.10995443954491146,0.26765604753280003
KEI,2023-08-01,-0.06552651642169871,16.57757210405484,0.045103132970311766,0.06813924924247416,0.06655354769804434,0.033166604906104125,0.18226255286119875,0.17109693856153885
KEI,2024-01-11,-0.053125596402396,24.448633364739482,0.0023650342822272297,0.027440933315894034,0.053489643832896894,0.07118534515765851,0.0804105922937901,0.09587549388937933
KEI,2024-06-04,-0.03295264673736831,4.544955316652638,0.004964534836766177,0.037356534603479874,0.10676101962929319,0.09006124606344312,0.10794077167135852,0.06509132788046523
KEI,2024-07-18,-0.04774658072869975,4.9813309678348885,-0.05957569206370139,-0.020780567825539165,-0.007466033205872025,0.015881387716830675,0.007548100167018346,0.04113924050632911
KEI,2024-10-16,-0.06520420496601709,18.07091244108324,-0.05479155507696487,-0.07415387630608672,-0.07600113362145289,-0.11830637177661196,-0.1128557461133376,0.014493316867240535
KEI,2026-01-20,-0.05754446221275855,4.32135024839954,-0.03208920529972148,-0.06454703001923778,-0.046880711876383874,0.08683257839836211,0.13194427698105193,0.03516059389417481
KFINTECH,2023-12-15,-0.03206090294158925,83.72195738150923,-0.003593930230087472,-0.09082078678970373,-0.04448760349001335,-0.061777538208778404,0.04409910093643754,0.2326372025254979
KFINTECH,2024-05-30,-0.08818394201931101,108.0557039055163,0.0267581081242807,-0.021598059328548525,0.023293510360184788,0.06118236878498462,0.032286635424128685,0.17735513778261613
KFINTECH,2025-01-13,-0.08895255215300779,5.227376277554052,-0.06608777566722412,-0.002629206679628293,-0.06493247692684889,-0.09827508519829775,-0.024618590457732292,-0.2816396391857805
KFINTECH,2025-05-08,-0.034804697466341294,2.6304344238910593,0.00046952764441443584,-0.016057822512818842,-0.02244344432916412,-0.01417971193516121,0.13259456093032496,0.24866177170341675
KIMS,2023-09-15,-0.03962429767394904,11.590958029406512,-0.02924144671109352,-0.03359606296067574,-0.04084563967460386,-0.05984529326527099,-0.07079260029277745,-0.09353868640927643
KIMS,2025-01-13,-0.049022681272390844,1.7371424244519365,0.002104149679527101,-0.008254391498682123,0.008497208395972233,-0.0419195021483072,0.039491827107256405,-0.1686492761823889
KIMS,2025-08-08,-0.04272929213592325,6.468536366424746,0.021369341301683553,0.027976978427637134,0.07092649103449067,0.06368619228228334,0.051806603758608905,-0.007943151238392399
KIMS,2025-11-10,-0.037288784904926486,1.5844659166086956,-0.043726405421631975,-0.03252726641830006,-0.03552325270051937,-0.032099293256527495,-0.03466721930206851,-0.10257510972526562
KIMS,2025-12-08,-0.03884939713911573,4.383707837452572,0.0008128098324462485,-0.027266698501943964,-0.009680113192631512,-0.05069097404943823,-0.07034661184312008,-0.10374641199166457
KIRLOSENG,2022-11-09,-0.04484603227550632,1.6558792929454833,0.05255781471894694,0.041345545069726874,0.1278906824827708,0.15872466460870838,0.19761736195741086,0.11107222454436694
KIRLOSENG,2022-12-16,-0.05696108686099788,5.8992209251439185,-0.016630116434083853,0.002196365430316982,-0.05946034352430807,0.012237194060572776,-0.01349236945668375,-0.008471955141555743
KIRLOSENG,2023-05-24,-0.03321723390459719,2.6224038407160863,-0.0051473428460526716,0.0005147657014930029,0.04233692632567099,0.07669545553151647,0.06781625770518818,0.0768241076857803
KIRLOSENG,2023-11-03,-0.050124580845176125,13.54362277487968,0.02155778374138806,0.018464664655616803,0.024744609438509757,0.015465366597082753,0.08998031474666313,0.2436029791608625
KIRLOSENG,2024-06-04,-0.08192738276376599,2.040613069299137,-0.0006194251484593627,0.025313760412724262,0.057606538806723506,0.09212910659012308,0.15704484198508828,-0.009704327325863793
KIRLOSENG,2024-09-09,-0.031997604101768884,2.6479899172800065,0.023622086209984516,0.013058392950508146,-0.0007796055492840237,-0.03254853168260996,-0.10544165054067056,-0.1377172441476766
KOTAKBANK,2024-01-17,-0.03698596645560048,1.5502962283350505,-0.0013485249308203828,0.0027252584515593536,-0.006321467834405126,0.02433063759815779,-0.024948740104915323,-0.02345968666687126
KOTAKBANK,2024-07-22,-0.0351613891662933,4.119618044852417,0.006457821827564603,0.010013908326590437,0.020682167823668163,0.009160482294231498,0.027367627805540362,0.05069550314803939
KOTAKBANK,2024-10-21,-0.04374547845057375,6.457502768096759,-0.014559555970257154,-0.015090526357443346,-0.021993056108116638,-0.03345070797899419,-0.03434498287138654,-0.005141952707134578
KOTAKBANK,2025-05-05,-0.0443690367925168,3.2663753701406737,-0.005228123976981025,0.013285955876492617,0.02882629549852922,0.012614463785937557,-0.010216340480082797,0.03769965179750212
KPIL,2023-01-24,-0.06276001207235371,2.420482537414276,0.011867933682041754,-0.03676190247354916,-0.005499877564563049,-0.0595330092180516,-0.012157503207525733,0.07979539678091974
KPIL,2023-08-04,-0.038845726218184606,4.116732446861963,0.04437473249294377,0.054272455817223175,0.05831404631160697,0.053200262868001946,0.1230616530579347,0.07637741151538657
KPIL,2024-06-18,-0.045238447287972106,18.689993350534326,-0.013948497854077258,-0.0069957291107832775,0.016566565517703857,0.04047212396056876,0.13922742589860504,0.056180215598175876
KPIL,2026-03-02,-0.050882974621560884,2.2132859767048134,-0.04630416312659302,-0.036618500922631636,-0.04834326628212615,-0.10458791468643802,-0.06023791369079223,0.07102801664055858
KPITTECH,2023-04-03,-0.12312178833078524,13.23614317529068,0.005608959226454546,-0.013991662290800178,0.049617849351964116,0.055719935314171964,0.0904215661762311,0.37432194133326746
KPITTECH,2023-06-14,-0.048547287877487966,3.063974122448115,0.02303556253435679,0.03073009016320105,0.02255465455755412,0.052948015209653976,0.007550349163142567,0.07785907188987218
KPITTECH,2023-07-21,-0.05637779721941616,4.424278293440762,0.0558497582681019,0.06309323895863761,0.07053649102193549,0.1452192746933212,0.1303826524296432,0.13952444900360073
KPITTECH,2023-11-21,-0.07278322116494762,2.648058186975386,-0.03984592778217433,-0.024604892832191694,-0.008766152752126888,-0.02895477237511146,-0.02553464736045863,0.017465749704471234
KPITTECH,2024-01-25,-0.06046934698725248,8.948007087190508,-0.005863808007440241,0.09562337230234896,0.11420398459177572,0.22070722045341218,0.11883152286870469,0.009219717600979616
KPRMILL,2024-08-05,-0.0436140804514511,2.4174315740839187,0.1437643326853777,0.10608444527888583,0.07699281775620248,0.056550138272276174,0.0068343574397955464,0.1621507025687554
KPRMILL,2025-07-31,-0.032586578087654194,2.2084934908326366,-0.06385969195449559,-0.06885964912280707,-0.10842103121573476,-0.16701756527549327,-0.13596491228070173,-0.03210524174205043
LATENTVIEW,2023-05-10,-0.10194236515195909,13.84695406812218,0.008353185235683735,-0.0110382221726949,-0.03326379477330044,-0.032070404560010646,0.03132458119814996,0.13409898583682156
LAURUSLABS,2024-12-09,-0.03026702091723188,4.129242181341137,0.0,-0.014163378694366346,0.002885055618937482,-0.010141718098486519,0.07090397982499486,0.025266568552221313
LAURUSLABS,2025-01-27,-0.11283497427236355,9.631368712409035,-0.04470218521032554,0.10062655070843696,0.1139997164288391,0.19956971158621073,-0.024689070614926978,0.1499110814906346
LAURUSLABS,2025-02-14,-0.09118134408147882,4.716818774111195,0.017026707405937813,0.0010069347870322876,-0.045313071122046744,-0.031856506820192476,0.10966671922409588,0.19315268700508814
LAURUSLABS,2025-04-04,-0.07443810584015897,6.178683148596058,-0.022978521936690255,-0.017756135416975405,0.08825835343312516,0.1327356573760845,0.02141176348088547,0.11524068378498509
LAURUSLABS,2025-04-25,-0.03075131771640205,2.270335226928847,0.0013585479945175116,-0.03484383917117451,-0.012547009214049831,-0.05146649236877665,-0.048909191124465234,0.0649723676059566
LAURUSLABS,2025-09-26,-0.07145645064708095,4.051692917781308,0.010392916665780572,0.0476991623084182,0.03688575352312484,0.05046257433136869,0.1530097783117732,0.1853898715079043
LAURUSLABS,2026-01-12,-0.03674981424572943,4.3577979664052995,0.014474787541244982,0.03220868407682098,-0.00738108850870367,-0.042369587078894266,-0.028326234797670158,0.003451014019130172
LAURUSLABS,2026-03-13,-0.04145970805279209,3.1428653579742556,-0.042455686251323344,-0.019932229931605816,-0.016145118410268333,-0.010663755179076695,0.12452655783503674,0.3191149525423389
LEMONTREE,2022-08-03,-0.03466085542388031,5.039479971132266,0.0473644957686874,0.1718869446074458,0.15584423305172757,0.07945003544841844,0.11611927361166585,0.3407181679380771
LEMONTREE,2022-09-16,-0.05000003548555598,2.6480996104221393,0.01897188628709201,0.05752759795834783,0.05201958578642807,0.06242357765015005,0.01897188628709201,0.15238684262771662
LEMONTREE,2022-10-28,-0.03654285392116374,1.531802278671113,0.014449089754931643,0.0680312304499644,0.12341962219570357,0.08368448757203373,0.14208302214040103,-0.05237815705803939
LEMONTREE,2023-12-20,-0.048440076995496795,1.6236140744936396,0.018550487468275145,0.039257941004835484,0.031924045725021166,0.11820538737937536,0.15660052879141895,0.18032787964383434
LICHSGFIN,2022-10-31,-0.037749344618364655,3.7541771037161764,-0.011843049438779119,-0.08734269667574479,-0.055514435424787734,-0.07426591782014258,-0.0476190189347534,0.02109553063918268
LICHSGFIN,2023-01-06,-0.03686526233793452,3.574685805484747,-0.006297118739789664,-0.005679758590477646,-0.0050623984411657386,-0.03815288737201583,-0.04136313000389924,-0.11100138499082335
LICHSGFIN,2023-02-01,-0.03564311534259801,4.189218853276093,0.02054797708050171,0.003360088733665778,-0.0016800049282458263,-0.03670194343102595,-0.07766861790390378,-0.15029722102307008
LICHSGFIN,2023-05-17,-0.0614390657461652,6.382304887362734,-0.012552366745405497,0.004858922212594541,0.015521662331020591,0.004184067328637298,0.006478590410041729,0.0445404223411896
LICHSGFIN,2024-06-04,-0.15265439510033674,5.07128587255066,0.07850951090635827,0.1474869594210355,0.1786827999756282,0.2762565414455156,0.3857018852564449,0.31291159062906204
LICHSGFIN,2024-09-16,-0.05882757985770615,5.5881765680171505,-0.008593427228699935,-0.025119317790580298,0.0,-0.026882097382253,-0.08049943120524239,-0.09372014365474657
LICI,2024-06-04,-0.13094183077909716,3.1979168279232093,0.014603706617083656,0.07150944480996912,0.08498145033770155,0.11170989614846683,0.06504288215665777,0.2708412517545513
LINDEINDIA,2022-12-23,-0.051183804900837626,2.1775730589549185,0.014450591247504807,0.03239708323244184,0.03512448030353421,0.013847854815273175,0.021894445046543254,0.14819782027491457
LLOYDSME,2025-01-28,-0.048549762686382225,4.6794710280903145,0.021312008638974866,0.006007976542519167,-0.060160735993726955,-0.04587156145150795,-0.06905084852596899,0.04583102661364835
LLOYDSME,2025-04-07,-0.09799967350771066,4.830179812560311,0.06854144594205458,0.0706875823180455,0.14826068096085265,0.18644370106080976,0.05114901964979368,0.30456940062092874
LLOYDSME,2025-04-28,-0.03186000900800001,4.08637213154241,-0.029520968071299003,-0.034360458121062476,-0.024762116497096143,0.021938982175057076,0.09493462375898964,0.23116628835176734
LLOYDSME,2025-12-30,-0.06710391664095305,1.9742261072445155,0.020860696114819888,0.04210770141695108,0.018697326940368963,-0.045275512203918455,-0.12431431533958714,-0.023101308263979714
LODHA,2024-03-12,-0.05068166173985289,2.0104903480383194,-0.09673972482812365,-0.10445567237921516,-0.03536864786323335,0.02408456252976765,0.06890860946016852,0.038579901089349944
LODHA,2024-07-12,-0.05195951739653204,3.1401999278629362,0.04864586614734456,0.057887895064661965,0.030126039036262098,-0.02493197278316628,-0.07006737742288749,-0.149018478810508
LODHA,2024-09-27,-0.06132020981625619,2.196505802550472,-0.05075361331966943,-0.09577825783588789,-0.08635807960610076,-0.069094104813188,-0.14780073026282003,-0.014187998228084253
LODHA,2025-07-23,-0.07508843178374658,58.15761039192107,-0.005922057281905868,-0.09805101111553594,-0.07181412955631561,-0.07983508245877058,-0.03028487587261053,-0.08838082789659862
LT,2023-05-11,-0.051724524246119175,12.349215521194303,-0.0093882236265721,-0.006667685847519644,-0.024061705738532613,-0.016702697323104032,0.04377501539115536,0.0924113927868564
LT,2024-01-31,-0.04226186848445135,10.63456920883273,-0.02349306703067744,-0.03965802140958408,-0.024441425052985077,-0.04906961707019186,-0.002744464064408314,0.10295279833321369
LT,2024-06-04,-0.12674645922006056,3.4132410468867262,0.0017042926984434104,0.0379936679252717,0.05744593406352183,0.054874824482673557,0.062044590242682274,0.11051366450764721
LT,2024-07-23,-0.03105612944451175,5.405403346247538,-0.0052571606957371175,0.040092664478448725,0.06969936832784596,0.010782748072313497,0.016393210723294027,0.054380209349349506
LT,2026-01-08,-0.030935794480695167,7.667726795916741,-0.0007943479419739718,-0.03500149027358612,-0.04269685338338158,-0.07064836173539846,0.021149885159844617,-0.03783137375588819
LT,2026-02-24,-0.03596566370871601,3.4873658571495336,0.009227038618835559,0.004484318299013079,-0.08842037950475312,-0.09870401183467503,-0.1431959331603163,-0.052005126310897265
LTF,2023-08-03,-0.030407984094209195,3.780251234387231,0.013497456282871578,0.008733673125594699,-0.0023818612912438475,-0.0627232559579245,0.0039698293935288564,0.07185393625278769
LTF,2023-10-23,-0.03881034360998248,2.6643723019628744,-0.0007547630454008969,0.03396226415094339,0.0037735849056603765,0.07056608380011786,0.06754714677918638,0.1437736079377947
LTF,2023-11-17,-0.05711425000705861,2.2630994866149514,-0.01204390380270881,0.0021254202247988907,-0.008855827517192272,0.08997529405736349,0.13071210063644778,0.18668088730375731
LTF,2024-01-23,-0.051990492224228246,2.7742921498032707,0.010654947763872658,0.050454421170687214,0.08555307825382075,0.10466936150934902,0.06831710240048339,-0.02225009704704417
LTF,2024-03-06,-0.07307134236831336,21.98058116681507,0.016331696943191032,-0.022927097779223193,-0.0628140715558626,-0.020100483728542673,0.06061563655940749,-0.013504987045843797
LTF,2026-02-27,-0.05318433482515683,50.07012496741324,-0.028702321055440683,-0.029758802055871225,-0.0625110027713549,-0.08205676108074456,-0.13843990536165718,0.005986904794403225
LTFOODS,2022-08-26,-0.061491921993745535,1.5200894928904713,0.011815236220727554,0.011815236220727554,0.007518846284742864,-0.01664871587290251,0.1670247401355247,0.39473693052325776
LTFOODS,2022-09-09,-0.05018691405293718,2.0757886700278854,0.02922997406091521,0.2293423521728637,0.15907815639513112,0.28667791877314897,0.3192805227683613,0.4165261868790877
LTFOODS,2023-12-19,-0.04513064133016631,7.098912980864186,-0.023631840796019876,-0.0017413238980875656,0.0017413238980874546,0.0017413238980874546,-0.00547266718166961,-0.03631842314307365
LTFOODS,2024-01-25,-0.040841237316528,5.353368757174227,0.016828086130842967,0.004589463888182266,-0.002549719451492849,-0.034421212595153405,-0.05583891823670317,-0.03544116262476038
LTFOODS,2024-06-04,-0.0467223029881183,2.2748960001274368,0.06451617580475699,0.22355587712168346,0.23650917362685986,0.301625475058118,0.27531884917211435,0.5351338679264217
LTFOODS,2024-09-06,-0.03626322364276857,1.791985904188866,-0.031148767456351756,0.022800958615486255,0.015699024426078845,0.0776227893386654,-0.04722148583575192,-0.004236186745986359
LTFOODS,2024-10-24,-0.1330461237980769,15.650061114544263,-0.003833066600582802,0.06785915124396813,0.10789323873635404,0.10760929183104606,0.006956222613680563,0.1418227710341231
LTFOODS,2025-06-23,-0.06295483335047747,6.037871880627511,0.08900395848194931,0.08826426837831947,0.1993343315751368,0.19649896570542058,0.2387820627369468,0.12043886925151659
LTFOODS,2025-09-23,-0.05857878103040948,3.6491322482829807,0.005466401807117771,-0.03291461757938885,-0.056524745610533667,-0.08292624890120037,-0.010234924305544069,-0.04733660477421586
LTFOODS,2026-03-06,-0.0852028232396167,3.088138408874853,-0.03481578705725874,-0.027318932655654438,-0.02096569250317659,-0.038246474696235544,0.03837358603180596,0.09250316110923595
LTM,2023-04-13,-0.03755417396150351,7.395493582488213,-0.06753611640900992,-0.09724735432874099,-0.10234801452359321,-0.04884420450266702,0.013074638704549724,0.05444003973590528
LTM,2023-09-28,-0.03163567530935296,3.4883855019522896,-0.010456002147921861,-0.014947996826343402,-0.0048813287067071,-0.03224182855298596,-0.021975670796655522,0.0614636752186295
LTM,2024-01-18,-0.10717701688918102,10.51476366504717,0.008772068953016188,0.0029537399049617274,-0.027601267596600088,-0.029368160750936956,-0.015875458738622172,-0.08875598870024992
LTM,2024-10-18,-0.06298430477967265,4.442910325616487,-0.008111236555906398,-0.009454810617747444,-0.014770431950055896,-0.04341006545349757,-0.02506804252823036,0.11770448737601047
LTM,2024-12-19,-0.05376437926880773,2.000326499993644,-0.06370772702750416,-0.07955822502240817,-0.08722632690384435,-0.07832044942031613,-0.05309781818207504,-0.09953218220490156
LTM,2026-01-20,-0.06719213360387077,4.608830083702484,-0.022170166485401155,-0.013887726930477684,0.006525558437212364,-0.045176943026855154,-0.15435455534175524,-0.29749853593240194
LTM,2026-02-04,-0.05584050297816012,8.10268402899888,-0.004030491544729675,-0.014019101025146807,-0.03347060369753785,-0.11434329273635324,-0.24535180892951025,-0.2215017961973188
LTTS,2023-06-23,-0.041892080781833374,3.946540821629112,-0.0012050492208337538,0.0077676138592748245,0.020696069586235932,0.0265905197848475,0.04626491025354196,0.14096907677790016
LTTS,2023-10-18,-0.05632446144542125,7.35749858189501,0.0031583056990931446,-0.03172089639803988,-0.04923513709301064,-0.03272009190490133,0.02299248792054609,0.22407887330135923
LTTS,2024-02-14,-0.037834838994672104,4.53944054718099,0.005524982213918728,0.008449382692841567,-0.023358511001341897,-0.01625094714497244,-0.025884984064828087,-0.01589007406529086
LTTS,2024-09-18,-0.03272770788789692,3.2475890765699327,0.004454211169113709,0.002318378942380628,-0.00784950877284929,-0.06902084187906887,-0.04299884321715053,-0.05623348010160578
LUPIN,2024-05-07,-0.04110978348136107,9.854380360442429,0.003445951143831394,-0.0012727721277077109,0.016484570489619044,0.06531731953113651,0.012355659205087743,0.09232588817598253
LUPIN,2024-05-23,-0.048461371982623014,2.759108088241225,-0.011208800756115855,-0.017885078127914844,-0.032615685666688266,-0.015557543891366543,-0.04388572158309112,0.10574833665042482
LUPIN,2024-10-10,-0.057479120613187495,3.164924456040643,0.032418304978581336,0.044670830233395575,0.010048104084484866,-0.010720931270782219,-0.020026409996729888,-0.02318239780743092
LUPIN,2025-04-04,-0.059478887840813344,1.9738543751093467,-0.024352501870025134,-0.0260521531083292,0.021181603189032172,0.06009484702953061,0.022196290766949955,0.012252302958064565
LUPIN,2026-05-08,-0.03276293421273313,2.7761278783869963,-0.051943726688905234,-0.06887997576959448,-0.043412502134114295,-0.0410590254977411,-0.05253204454717375,0.04652235813064709
LUPIN,2026-07-22,-0.04290605391655511,5.718597992886885,-0.004403944470355081,0.0012880043965397547,0.016660475833333077,-0.007852384025337278,-0.07557435278742697,-0.12829773452016102
M&M,2022-07-25,-0.03831174408208049,1.6757998726776515,0.0001320811879095274,0.011709335840117463,0.08971257349501327,0.12400403100178692,0.11660877412429582,0.15367350669535562
M&M,2022-09-16,-0.036197580258839346,9.52365819896658,0.03083757265898357,0.04523642103234127,0.017758638249538494,0.014478822445743944,-0.016078694487227985,0.02927763882947243
M&M,2023-07-27,-0.06308052737283676,24.19593524926146,0.014094254573693954,0.031746545804071324,0.015026944613190096,0.06770761251000557,0.05019346634561006,0.0981414428366596
M&M,2023-10-26,-0.04015040531529823,1.5183522974864703,0.0031206914005552644,-0.031538410975354036,-0.024168398515444722,0.030509311458099653,0.03127280814649347,0.10367839250067945
M&M,2024-03-07,-0.03709434688063018,12.180104515644635,-0.0016864236303879565,-0.023108796357350636,-0.051671917106311915,-0.009881162297447399,0.1018944684146974,0.1557271178077715
M&M,2024-07-10,-0.06614253973679718,20.72659965093203,-0.012426775685166591,-0.00034771272762623706,0.0320094989648152,0.02906292179493053,-0.017953897814101394,-0.012408456201958296
M&M,2024-12-20,-0.03592450473380071,25.40386958415297,0.0010150020034591645,0.023844272836704983,0.033220293991890415,0.06859113555396701,-0.00627935361769294,0.012472688692677814
M&MFIN,2022-09-23,-0.13097900514740268,37.116007607664116,-0.0573559374822904,-0.08590533679303902,-0.04706787131565782,0.05118319197236931,0.05118319197236931,0.06430041354145355
M&MFIN,2023-07-07,-0.03563579404327688,1.904794794283677,-0.00091237166698932,-0.013686131894972697,-0.037864909220411413,-0.049422142954068216,-0.11754864760159489,-0.10051699823595772
M&MFIN,2023-09-12,-0.032029096950771496,1.5620324152104428,0.01586216610369906,0.02660760181800037,0.05577351677956721,0.01671497185230919,-0.021490663224074225,-0.07368243750038383
M&MFIN,2023-10-04,-0.04285712257968233,2.4751406867758226,-0.006942033868896913,-0.008504033860210813,0.008503927933180444,-0.023429364307526956,-0.1289483108928685,-0.03609855493285763
M&MFIN,2026-02-24,-0.04089957341211092,1.9201002013983766,0.037296054658309874,0.026463716051024377,-0.00671872132307938,-0.03181134319944234,-0.13396409412084898,-0.14260249793055413
M&MFIN,2026-06-29,-0.0400243323240379,1.644332429813109,0.0012682114908844078,0.008243519828250001,0.05199744519293459,0.05485104199534274,0.15091948961526658,0.20069758888873745
MAHABANK,2022-12-09,-0.046589006791176835,2.8875135315852787,0.031413599668886905,0.1902268386791135,0.12914481343300732,-0.08900521015753371,0.07155326951848462,-0.001745174091667634
MAHABANK,2023-06-09,-0.06589785749133314,3.8738326987485596,0.007054633259248266,0.00529099176408887,-0.019400392839806546,-0.042328068669932106,0.11287473765546818,0.19400345744779268
MAHABANK,2024-06-04,-0.12689656224744073,1.612799458730609,0.005529262133283641,0.052922627633414265,0.04881516887568571,0.03396520911682521,0.008530820253330962,0.044391807380083304
MAHABANK,2025-10-14,-0.04289685901626661,3.683539242397568,0.07602973290335902,0.03629105385319731,0.08927595925341292,0.08473957752176342,0.03356919712633055,0.04246053577702846
MANAPPURAM,2023-01-17,-0.03756634208872589,2.07334840690011,-0.0076368395208467055,-0.020364883809531054,0.0038184521295137053,-0.03988117954260528,-0.04582097238689986,-0.044123860972166806
MANAPPURAM,2023-05-03,-0.12143408150028834,101.18109030878806,0.046511655934182494,-0.02632733725620584,0.004387889542700973,-0.020184251724095992,-0.032470355834434916,0.13426944678820218
MANAPPURAM,2023-08-18,-0.03894839260719851,4.940583778005738,-0.006416730352312605,-0.01317120505266367,-0.05707529060494576,0.025329280126316522,-0.04221546687719435,-0.03343462915371698
MANAPPURAM,2024-01-10,-0.04814500058381832,6.8450006533735275,0.03689376278281076,0.01904193329444115,0.03034805565076848,0.059208549643273045,0.09163935505399134,0.007140713635527929
MANAPPURAM,2024-02-08,-0.03865364754483158,8.641167655879244,0.003555765238692832,-0.02844637232730174,0.0185995286636933,-0.004376384236335573,-0.056892828127189876,0.0716629684137231
MANAPPURAM,2025-02-14,-0.08198497300972896,7.6211144618576885,0.08498456305558832,0.13814202331464243,0.130059018925353,0.1175976027212462,0.2007858854783089,0.303396042119227
MANAPPURAM,2025-04-07,-0.0310526808000684,2.4120557071186277,0.015336841141265545,0.0015070759250539467,0.005407806683051852,0.014317356560961336,0.013386475762266592,0.09734038502198405
MANAPPURAM,2026-01-09,-0.07641355055406907,12.121422241083192,0.029211145444201225,0.0809865083161867,0.10005249429016505,0.03235962848519325,0.08081163410977976,-0.09742874062920337
MANAPPURAM,2026-06-10,-0.06183889340927584,4.370997637417038,0.013182958518538568,0.10199477500948606,0.1068516488914788,0.1044232648864376,0.1533391577000216,0.2627927146574154
MANKIND,2024-07-26,-0.041270287273970085,21.905353548768293,0.0034535230281180773,-0.013522023482816614,-0.027165648216606053,0.039034001562290976,0.14448663015620777,0.2890948615633884
MANKIND,2025-04-30,-0.03582457546799589,2.537273427540692,-0.03439745554235252,-0.039183910981614,-0.010465277376840554,0.03837255167402143,-0.0014197054843947399,-0.06563097619903768
MANKIND,2025-05-22,-0.03642251510182559,5.496801439138625,-0.0027878193523487305,0.006395579685361641,0.009265373117686382,-0.032797639226569086,-0.04673663589786092,0.08203513515163663
MAPMYINDIA,2023-09-12,-0.06392982143270831,18.56949846124011,0.05212542990232216,0.050900390070208745,0.054851188391072725,0.16198093666348168,0.2690187919943827,0.2602903831905752
MAPMYINDIA,2024-11-11,-0.08207629778693037,2.488134480690597,-0.01587721619476057,-0.07801006849116832,-0.12802329950466396,-0.07509924552212888,-0.050304339152222766,-0.12328655791049214
MAPMYINDIA,2025-11-11,-0.045733375926676034,6.577907572512688,-0.012856582555415108,-0.028640316257596,-0.028295957898459734,-0.04712167557561098,-0.05745284672612938,-0.02577054649356314
MARICO,2022-11-07,-0.06361279216250659,9.263287566885143,-0.005248552046977606,-0.011388393879004255,-0.013765065901105933,-0.037433143444163486,-0.005446623159523711,0.011289388544139856
MARICO,2023-09-28,-0.04110997002711658,2.428384305571228,0.003304817187273601,0.01973917119315005,-0.03992493046320533,-0.031439757002007185,-0.04930328007821394,-0.05859233388389995
MARICO,2023-12-20,-0.03030022145786071,3.2044872295583704,-0.008188189338235285,-0.0033882123161764754,0.02785880055147061,0.04235294117647048,-0.012705882352941122,-0.00894117647058823
MARICO,2024-01-08,-0.04075091575091572,10.974175200318466,0.013269713044451015,0.012124058397971371,0.01183773213752981,-0.0053460387455250835,0.0021957506712411146,-0.034558484207189766
MARUTI,2024-04-12,-0.032816242164554255,5.018388019311973,0.012741953293808228,0.011286808231895318,0.04230612548560231,0.03450846500665916,0.04464583761081076,0.04751130627332478
MARUTI,2025-02-28,-0.03511542362381159,2.748267609373776,-0.014251811764513511,-0.027499090541219906,-0.023581346489489063,-0.03282725188125124,-0.01923262116239055,0.053169126633449304
MARUTI,2025-11-03,-0.033053255900160616,2.978842841284582,-0.017698549613443193,-0.010989713117372735,-0.0003833620854897246,0.017826336975273138,0.03756948437799501,0.06683279023704558
MAXHEALTH,2023-08-01,-0.03798963807969802,3.4595186296483087,-0.0019220262264542098,-0.05940940193117672,-0.02236587116195987,-0.07041759331217634,0.005329351490519496,-0.004717826777253076
MAXHEALTH,2023-09-13,-0.05780580369369026,2.3523152575573794,0.0021451861572225894,-0.014244015134874943,-0.04539216003591506,-0.022481613774944176,0.00017157299441072915,0.017247275754986635
MAXHEALTH,2024-01-05,-0.0311758725855642,1.6571029598172475,-0.01441061600974991,0.027212329075944286,0.0317593734970707,0.023854477499781312,0.1492130456999825,0.021196256612889153
MAXHEALTH,2024-01-18,-0.03682442040159695,9.63183294950052,0.03816138806530245,0.045609252752729645,0.02872747808007592,0.12008789962700073,0.1955596124436556,0.042488225471080776
MAXHEALTH,2024-02-29,-0.06834597268666864,10.19528280958071,-0.07134301043386926,-0.07997725231542774,-0.0544525776785576,-0.08369567709366321,0.0355454882143329,0.025335649132967708
MAXHEALTH,2024-04-18,-0.04871940341875969,2.2629719205779577,-0.0067472049411729795,-0.022490683137243228,0.03257940806643034,0.045431227001997865,0.08186610230782088,0.160583493288172
MAXHEALTH,2024-07-02,-0.04467463146304218,1.6406696330218327,0.010349372970869908,0.0007666325985629108,0.0049830784687130425,0.00865187233083975,0.010020835241169257,-0.05098016541189554
MAXHEALTH,2024-08-05,-0.055167508966932455,1.7778066038160818,-0.0025989026855327557,0.010626638414128031,0.005659860715059306,0.013629786650844578,0.006988146454483202,0.12064685210168213
MAXHEALTH,2025-04-07,-0.05463017894811051,2.632184721390378,-0.0019061355910041655,0.012831286683519183,0.0018596001859600975,0.03059044575923986,0.04853551945316137,0.08619242321885179
MAXHEALTH,2025-08-14,-0.036619071350392884,4.412916611851292,-0.0074547193822703806,0.0040141104366870906,0.011468829818957582,-0.032358484132058773,-0.03710979648547086,-0.04849672609148781
MAZDOCK,2025-02-01,-0.04754854866044622,2.9110804886900286,-0.06110009888942025,-0.07404292759055864,-0.06282304621067003,-0.08965409837091509,-0.09520109823785183,0.15037614195017657
MAZDOCK,2025-05-30,-0.07277671239964556,4.806543126897919,-0.02693920777622505,-0.018831579817006117,-0.02113162009999925,-0.07986891286526776,-0.08745901772248144,-0.17008793681234546
MCX,2023-04-26,-0.06264909154483689,21.898819374467195,-0.0016494745186059756,0.0012548874737543514,-0.0011116499691202764,-0.01645819719022512,-0.03413539040919311,0.16325431671223867
MCX,2023-06-30,-0.08640323211691336,21.909612436690267,0.004798728691823184,0.012396698837519038,0.06414956298781416,0.03749000434352778,0.11336983822164104,0.06918158722532985
MCX,2023-10-23,-0.04624998158422011,1.5540005600772941,0.007343968764962128,0.013829247071491135,0.053418863095763935,0.18572325741591134,0.2911375103948646,0.4542640098017048
MCX,2023-11-09,-0.05647144932234793,2.785240574174205,0.05195336295624875,0.17440315776119597,0.16000085315574553,0.18262427501796008,0.31375998435716745,0.2433644024217294
MCX,2024-01-12,-0.032443649016188236,2.9835529281668984,0.03240400572371627,0.02882533659048314,0.04611407557663294,0.09333942261957073,0.11718079345500798,0.04928422129163024
MCX,2024-01-23,-0.05268827650762353,2.081610380946396,0.043663912829983165,0.12635832029079475,0.12591307414384967,0.25443150249338853,0.2050292082076257,0.0815565338312092
MCX,2024-02-12,-0.08902321755155618,1.525000012233236,-0.020235307989238782,-0.010002981826254476,0.06304196485293656,0.05005803146460841,-0.01220991811917349,0.09438376654950753
MCX,2024-04-24,-0.04541156241490174,2.4697442653229515,0.08370986343812281,0.05911004672878617,0.06299078539174996,-0.020940521146385338,-0.021682824488459262,-0.0028780449419805176
MCX,2024-05-21,-0.04632640683062361,5.264123995771281,-0.01620530456037117,-0.02137697343553535,-0.016596171255586878,-0.16133658917763583,0.007868140213965313,0.05981890373182286
MCX,2024-07-10,-0.04134536704150238,4.55623275852466,0.01114858689323861,0.05026956050732756,0.09411097236562593,0.1252975154927214,0.1331512596385498,0.44624052951252735
MCX,2024-10-30,-0.06365068902945625,2.415002595627033,0.01964689608325698,0.010468914414005326,0.010390690537270153,-0.0690415970507593,-0.03207962140025711,-0.007667754637582291
MCX,2025-05-09,-0.055624987484464206,5.652738572661178,0.068953421149476,0.09381891077027005,0.1374658564237392,0.14496078648544586,0.30817388900782694,0.5667931070151198
MCX,2025-08-21,-0.0361138270006639,1.6534632137032468,0.004162971795321324,-0.02964551487084177,-0.06774317065735869,-0.04055761816446879,0.01570583072449816,0.1599596137761281
MCX,2025-11-28,-0.03367065780614187,2.714346377351679,0.013550429091064187,0.006402950675885588,0.026753436139720588,0.008785463677552618,0.08571993614802143,0.2870402853247451
MCX,2026-01-30,-0.05882352941176472,1.912401559247307,-0.0815664363812797,0.0060522345047961945,-0.05838611457921283,-0.07412970820559728,-0.03350472752052014,-0.023061728175682306
MCX,2026-05-29,-0.0645876207060313,32.10497313091983,-0.021661871721103454,-0.04092059649475377,-0.05398544592993737,-0.03435437468268743,-0.013538669825689631,-0.06749023602766968
MEDANTA,2024-02-29,-0.05408404010596468,2.7576794378721288,-0.04805008730685245,-0.08609438159778793,-0.08008356832600094,-0.17834623623084944,-0.023860084974971163,0.03283979653396174
MEDANTA,2024-05-21,-0.06051224525379928,37.007684007440524,-0.07111290791206182,-0.11290443792159377,-0.07871478387465014,-0.19352899325449957,0.012058192214671193,-0.09818752275333298
MEDANTA,2025-10-31,-0.04451404391134062,7.148729149368651,-0.02813574107057759,-0.023484596895253507,-0.09729315713758102,-0.08341595456657458,-0.050019043527211204,-0.12215017245282123
MFSL,2023-02-01,-0.09896488935666403,12.890151284383851,-0.04110500259680083,-0.05637826086568842,0.005511605434126876,-0.010226458705354324,-0.07085468591031063,-0.1566505216744717
MFSL,2023-08-02,-0.041160105629049704,1.8761162823010533,-0.009396381257203212,0.010747812232642318,0.01647572067284009,0.10471099630520886,0.20182775500776584,0.17100009191804677
MFSL,2023-11-01,-0.033147345588261934,8.481697277168927,-0.005431079270498018,0.02427021102432514,0.058893401801179524,0.048540422048650056,0.1544467095330797,0.08078753722588661
MFSL,2023-12-14,-0.03647631043525923,3.8144628561380705,-0.04360204646092303,-0.054306185265526885,-0.07777669955460442,-0.06284984853894737,-0.0791515040284223,-0.03834821590993476
MFSL,2024-11-19,-0.03882361562661718,3.8208245060224786,-0.013533940750131146,-0.01664418894095898,-0.0013028974357948142,-0.01651817822573831,-0.039677162189438175,-0.10629619516391808
MFSL,2025-09-04,-0.03177941365042536,5.224953107438207,0.007279709076668306,0.02011494252873569,0.025159657991099982,-0.006768822213242376,0.02432948632563048,-0.003895258994851547
MFSL,2025-10-16,-0.03523705924563714,2.8401602147176335,-0.0030920180060785007,-0.007472285109191401,-0.022159252688137787,-0.003800582531096941,0.09398352365340301,0.09398352365340301
MFSL,2026-05-13,-0.03374247348696513,3.3392018761568703,0.020965016263945646,0.0023780754113236213,0.01721008797786583,0.05281933983636522,-0.022404435997960936,0.022028882053983567
MGL,2023-02-17,-0.03686805893682377,1.8151812428055634,0.0031006877035737457,-0.004284641699762615,-0.007047017508122311,0.02255045602599126,0.09369711726058205,0.13180737418080146
MGL,2023-04-03,-0.06355178120313332,9.007024361290213,0.03979582267562565,0.07747431960497964,0.0828492174185631,0.09522776594232352,0.06368419849232998,0.12687989040910685
MGL,2023-08-04,-0.05750865885599621,7.37351497170532,0.007195243158284015,0.007858034393491087,-0.042745585244082784,-0.059455609744822446,-0.023100614829881683,0.06281654493343192
MGL,2023-10-20,-0.08346303225117602,10.0942982744216,-0.01097038812917972,-0.039221418862146806,-0.012523687007965134,0.023299838709103904,0.0067957862901553145,0.12169309222260272
MGL,2024-03-06,-0.15063245505977696,47.490996787843265,-0.010266264037833706,-0.01902822444522323,-0.04365969300821526,-0.00590401303405419,0.1154482572341764,0.00011283424850883073
MINDACORP,2023-07-04,-0.03148400403106266,7.339140747159076,0.009664382772705649,0.03444041023005462,0.06079781779197946,0.07327361447186398,0.06729933310696734,0.14338436148601041
MINDACORP,2025-06-19,-0.051355912259019365,2.9847612368573206,-0.011062151534966924,-0.00039160490852918617,0.0023495099501347205,0.01595697388950068,0.05041605482134126,-0.030543330599149487
MINDACORP,2025-11-06,-0.03052087940985182,3.4878247572647223,0.010203256074294398,0.04194654199391379,0.05581233341345748,0.0498823368604242,0.030347998874998616,0.05084159005025257
MMTC,2023-10-09,-0.05084745762711862,1.5899640315010208,0.041071414947509766,0.25982148306710373,0.48571423121861046,0.07857145581926628,-0.04642854418073383,-0.004464285714285698
MMTC,2024-06-04,-0.07167235494880542,2.331846601451088,-0.005882375380572125,0.031617669498219314,0.07970585542566644,0.2266177009133732,0.2597059362074907,0.6036765154670265
MOTHERSON,2024-02-12,-0.056494925383108074,2.22170570570854,0.009178382189470868,-0.010052394736357773,-0.010926507319017231,0.00874132589814125,0.013986101429871223,0.053758824155518026
MOTHERSON,2024-03-06,-0.0366679839459777,34.22033416126236,-0.015721919077154478,-0.04013235184659447,-0.06909390632643797,-0.046338392471084844,-0.0020686486426085837,0.038477432932507494
MOTHERSON,2024-08-05,-0.09179814196501535,17.022617561895803,-0.0009116280865174575,0.039655854365897136,0.07236055272269737,0.07976749017266083,0.09822800782822538,0.20078626536860456
MOTHERSON,2026-03-02,-0.035173260613578616,2.594985813500395,-0.044850345253099166,-0.04570538307331118,-0.04073059061775974,-0.09965015681030698,-0.16976290224672475,-0.06537113433119779
MOTILALOFS,2023-09-12,-0.030449611778973207,1.7681134387599342,-0.009183645789044736,-0.03316326530612246,-0.01388888888888884,-0.0005668934240362633,0.1380385487528344,0.16405890155541392
MOTILALOFS,2024-01-01,-0.7461316690937756,3.137673416478243,-0.01607079021887503,0.02190387247840353,0.05460094765426016,0.22348316707565052,0.4193087219649052,0.2893535664912863
MOTILALOFS,2025-04-25,-0.08082007352637233,2.436030076994312,-0.024679844310731336,-0.06065624252870516,0.0020146256004045515,0.05928903399681795,0.126564898664429,0.20067627899345486
MOTILALOFS,2025-10-29,-0.0765143015661196,5.546071758279029,0.017364617232711543,0.0010915227569139319,-0.02014287362458167,-0.01701722919888493,-0.0810180237823932,-0.14333202416817792
MOTILALOFS,2026-07-24,-0.0726402422685124,95.13447652615451,-0.003039193046577182,-0.019152488070687812,-0.02293709469580385,-0.002236380732532517,0.13538618744229058,0.154882717933724
MPHASIS,2023-10-13,-0.03243282094472677,2.080396331064988,-0.007028007539365166,-0.05092164063900695,-0.0868823985414442,-0.09731925122124252,-0.09460485373600813,0.020810517712319454
MPHASIS,2024-06-10,-0.03129102734420486,87.7101196396622,-0.0011276184758961527,0.02584978694535911,0.009500542500715303,0.0057211854226866254,0.08598508892790813,0.13839467503075453
MPHASIS,2024-09-18,-0.054566097243380574,7.28104786513484,-0.008703868723784147,0.01264811650751163,0.004693149419040532,-0.027759254777864006,0.025229680232978557,-0.054952689016808165
MPHASIS,2024-12-20,-0.05341503153048932,1.8184395268193245,0.009167560425754173,-0.014285279295508824,-0.005202364654038671,-0.01794556820985671,-0.04926119868690637,-0.13432863978113563
MRF,2022-08-10,-0.04846123564283067,3.6214715182988746,-0.011572274651397318,0.04199106585015988,0.049420309863835055,0.023702875167603166,0.008883137669679853,-0.013951688198638568
MRF,2022-09-16,-0.07274377181029412,1.80814981495476,0.002786405375576839,-0.021265154872625813,-0.0408034696476145,-0.05177281447083659,-0.04464953102510383,0.01826845132817634
MRF,2022-11-09,-0.08306259221765522,8.179582049485903,0.005185112828478999,-0.009625673154289971,0.007682905566537723,0.022474747792154526,0.0674341192688177,0.011432153427554104
MRF,2023-02-09,-0.03752454326934673,11.804889249895226,0.002903307245645026,-0.00859160789826241,0.004534806699818095,-0.02344470081552985,-0.041681305621798614,-0.03779621342936845
MRF,2024-02-09,-0.037897478626301884,3.6418663503972613,0.04901694156406222,0.07441572382859252,0.08003274467836285,0.099513594261885,0.05739106706754815,-0.03212461761970986
MRF,2024-05-03,-0.039604641675513474,6.746846033157841,-0.016217268014407815,-0.014644867493276315,-0.007503829516902094,0.004536413484153234,-0.01236772769316663,0.000985553300549169
MRF,2024-07-19,-0.03157422701622037,1.508275046361643,0.022251593829051952,0.07140849280363781,0.08387839032808553,0.07989785737813859,0.053075358049792465,0.06480817404392503
MRPL,2023-12-20,-0.05752383277529749,2.206072453111318,0.004446265685745576,0.0485044474375409,0.07679870844277326,0.08528701141498063,0.43573169349248997,1.3128537846546902
MRPL,2026-04-27,-0.07661765428257983,1.8210342574116212,0.009413103194273464,-0.026438134168461636,-0.0950610112152539,-0.10447420307186628,-0.12144107155174877,-0.09221388618912063
MUTHOOTFIN,2023-08-14,-0.05025746839174261,17.200925485050305,-0.020316586920787194,-0.03166430910314022,-0.02066760334515705,0.013063485133259611,-0.008267022297302029,-0.03568086237890311
MUTHOOTFIN,2023-11-10,-0.03045878545592995,16.08953959615935,0.013469487071716024,0.041311584987973715,0.042096976702091116,0.054584724131160334,0.14156685646966416,0.15872764624852742
MUTHOOTFIN,2024-05-09,-0.03670223746276202,6.623101919174787,0.04057180592806242,0.04936187638196854,0.06153026406639994,0.06040410740934865,0.10932807640819409,0.1163663645889792
MUTHOOTFIN,2024-07-23,-0.043100408681734925,2.0293720934315633,0.005017488097800893,0.028403357298008913,0.04293669098803643,0.03114276739274091,0.10473202962606676,0.16324003391033748
MUTHOOTFIN,2024-10-01,-0.03737970425201931,2.047449666199085,0.004166892127579036,-0.037783129756952194,-0.011350310836484634,0.0004601587007659891,0.006442034576747968,-0.019862965949691613
MUTHOOTFIN,2025-04-09,-0.06660412957764361,18.28802154560633,-0.05745459191909863,-0.02768756342528178,0.029743754731048178,-0.003060842065272684,0.035771887462230145,0.19329898171583526
MUTHOOTFIN,2025-05-15,-0.0689410201424937,10.728876693793236,0.0003326605861835308,-0.03488434156062026,-0.0036120418723024628,-0.018487783222721044,0.21429584212557473,0.2569744432663441
MUTHOOTFIN,2026-01-30,-0.0640564695953717,1.773213936546496,-0.07690097986477407,-0.028175303878441693,-0.03274497161234169,-0.06358366246883695,-0.12432110024950849,-0.14978067762409408
MUTHOOTFIN,2026-02-13,-0.11822267973952727,23.77021364881514,-0.024511347728922384,-0.03602805047102309,-0.03516357441853468,-0.06486157422328209,-0.06277016578632799,-0.00412705959819637
MUTHOOTFIN,2026-05-15,-0.06221862570770076,14.988384485262053,-0.006190735219110954,-0.0006341286397147927,-0.004439195387265227,-0.019629160450839622,-0.045690586806025,-0.08908618973842586
NAM-INDIA,2025-10-29,-0.05199180856213392,12.83816565178191,0.016202311438794803,0.014570462343251878,0.01043239412189978,0.031530466281830094,0.020515182521364528,0.010782142134006412
NAM-INDIA,2026-07-16,-0.03744883975555324,4.360402774653312,0.03039513677811545,0.013373881384335595,-0.03968732190349544,-0.003994768203158916,0.02214502822405562,0.029092488059053512
NATCOPHARM,2023-09-08,-0.03554826360404706,3.544188816078317,-0.0776297274817479,-0.02908990577154802,0.0005670541536717533,-0.037709101219166485,-0.03872982638396649,-0.15202720475528064
NATCOPHARM,2026-05-29,-0.1359925308503167,26.681292248906608,-0.0813072493710536,-0.08012601875958336,-0.12058273162327549,-0.1496210220958194,-0.09489125120324982,-0.08741022413041255
NATIONALUM,2023-05-05,-0.03558509678333133,2.302023388643571,0.026266493854591566,0.0368981199529812,0.023764873025685418,0.01250781786330002,0.04940593781628122,0.04190126618371659
NATIONALUM,2023-08-14,-0.03870627155627493,1.9105449508779642,-0.016547159125769872,-0.042471024923501965,-0.0204081460891421,0.023166005943437096,0.052399337231604504,0.10038608186369657
NATIONALUM,2024-06-04,-0.1918959963410014,1.9715026132932938,0.1110059319202985,0.16871648997236277,0.15528221156293776,0.1660674949495864,0.22194892314141867,0.2158309716937199
NATIONALUM,2024-12-12,-0.07514126594688086,43.24692329103067,-0.01871909215824652,-0.017982467798057122,-0.04294134550016471,-0.07448653493514246,-0.12358091872483135,-0.14689311931622007
NATIONALUM,2026-01-30,-0.10120087041810244,2.331565136178928,-0.04086132961786082,-0.027370652422966768,-0.0799066476459307,-0.09378654370010975,-0.08003633448309677,0.036321181882543074
NATIONALUM,2026-04-30,-0.07846757663940962,3.5725137058573093,0.021287253342985535,0.01815677491019363,0.0066366754196762745,0.010768891665422275,0.08740301898571001,-0.14951160409352837
NAUKRI,2024-02-14,-0.04288035310261107,3.4170548210452503,0.009936366473337843,0.044185319663502254,0.02409757793381928,0.03957904599134565,0.017721093137602617,0.12401828374521662
NAUKRI,2024-11-08,-0.03143105934960444,3.1949863100041913,0.038787136609554906,-0.005179926765150333,-0.008485087307955497,0.07746320017778063,0.11300394209626008,0.0760980303711809
NAVA,2022-11-04,-0.05170268064654493,2.446497650302746,-0.025688041397034844,-0.01572739187418082,-0.0044561263618118074,-0.045085222036779005,-0.02857141257269824,0.3559632707548328
NAVA,2023-08-04,-0.07696242810988041,10.681180292363408,0.03988917976865469,0.03614955067304382,0.11094179444035679,0.09210526315789469,0.15678672050835352,0.20512461992512132
NAVA,2023-12-20,-0.04818369259335065,2.6942361983042167,0.02921855922193517,0.023669336822267795,-0.012231016753079027,0.030464353809810163,0.05526612434084788,0.1725934591325735
NAVA,2024-05-17,-0.06010720049512486,12.70210274316442,0.0005004003141428903,0.020116068194935943,0.01000800628285825,0.022117669451507727,0.3957165317738012,0.6944555193171198
NAVA,2024-06-04,-0.045726047944003145,2.423587716835479,0.0528421929920917,0.20818800481918465,0.33777968550047377,0.4787605040780074,0.5452493717687406,0.8587113127218284
NAVA,2024-08-05,-0.06548232747477845,2.052303046266892,0.04051235854004376,0.0903558723821194,0.0716934910290632,0.08716820579919604,0.10687378103908629,0.28294891986452697
NAVA,2025-08-14,-0.054846837310529195,12.41213501057849,-0.0042124334159518995,0.027080468812146208,0.15517538478071113,0.22317753486381586,0.21208741712346835,0.04650971451790942
NAVA,2026-05-15,-0.10673675126750315,9.470169599603105,-0.04558476438196102,-0.0018297922260341881,-0.030946717910948718,-0.04932378679395388,-0.03953854508502386,-0.05346058168009149
NAVINFLUOR,2022-09-26,-0.04481173280262518,2.490683732618746,0.0048972260686306335,0.009590893472327666,0.012056460524584978,0.03538905494990496,0.0062997154486226226,-0.02399993107943199
NAVINFLUOR,2025-05-12,-0.0352549447361612,4.931524319640276,-0.023279464266340644,-0.03191897247590014,-0.02797139637464041,-0.035798919901764426,-0.0052334020891533495,0.10220840668492936
NAVINFLUOR,2026-02-10,-0.03940588056986971,12.951013412577772,0.014831177027453402,-0.005364468286525703,-0.015225623224992102,-0.0015777847901545794,-0.003628905017355688,-0.015777847901546238
NAVINFLUOR,2026-02-27,-0.03516076798519552,2.173912241840613,0.0019979221609525144,0.039638775673299875,0.020938224246783266,-0.013585870694477697,-0.035563014464956466,0.0863102373531528
NBCC,2023-10-20,-0.031802121856049026,2.0363356479671735,-0.08905107757407282,-0.06861309795591786,-0.020437896084633533,-0.015328401180094597,-0.01751823244405204,0.10000006682681706
NBCC,2024-07-23,-0.04178606025621401,2.8886682492273583,0.021888778740562387,-0.015457529642399659,0.04129524963014575,-0.07599003564738449,0.0254428645996585,-0.011677738348909394
NBCC,2024-10-03,-0.053388064788080114,1.6646755342773847,-0.009145813308800266,0.013865285118708881,0.02872724013216299,-0.030016973244696876,-0.14530688911918266,-0.13607318368233667
NCC,2022-12-01,-0.0374622172099226,3.6970505067714083,0.008160722076919535,-0.0037665165851922255,0.04143120350463625,0.11927181190214253,0.03515373972031299,0.06779662802799069
NCC,2023-05-09,-0.04808101586592228,1.6235621019975421,0.035445281826187,0.050066474100791236,-0.0070890158013315885,-0.09260077172830972,0.1129818358209711,0.09127162774503561
NCC,2024-03-13,-0.1067344835051911,3.1076873520489707,0.13679472232548284,0.059269797827188775,0.033902367767648434,0.10170703095211775,0.20033191665589833,0.19203414496009197
NCC,2024-06-04,-0.14815408406346442,4.988886534052154,0.08724202626641642,0.21707319363420496,0.22082553884996492,0.182551571844219,0.2795497185741087,0.3000000458049954
NCC,2024-07-18,-0.03686284487709779,3.359609884241928,-0.02598834362186009,0.06394703736766494,0.05591431506521416,0.09135296545865956,-0.02394079638138158,-0.002362576692896412
NESTLEIND,2023-02-17,-0.030951892026556682,2.7460810733853993,-0.010422500628760378,-0.018250574740526826,-0.01789574791161408,-0.03004001540470813,-0.004387171582228011,0.07757359030779187
NESTLEIND,2024-03-19,-0.032670004316350476,1.5701674903648608,0.02171428862066338,0.030988903268161616,0.028204523533813752,0.02145391629998228,-0.014963681386831795,-0.010777086179423523
NESTLEIND,2026-06-12,-0.032899858578646746,2.01818364911359,-0.000726902693532927,0.02297019610223283,0.02842196630372995,0.008432142231573625,0.03729014367153649,0.11114343958783768
NEULANDLAB,2022-12-08,-0.030288828273896784,4.8893139834173,-0.02152877123339514,-0.014785892315468452,-0.00018137806134532752,0.01917033968929216,0.08977387242013335,-0.13485728307475453
NEULANDLAB,2022-12-23,-0.04999109805911617,1.797004601312478,0.007963523694547892,0.07135941820408687,0.04116042617904725,0.10452513693024645,-0.0372880743396401,0.03279097991872715
NEULANDLAB,2023-08-18,-0.09708227473259412,2.9280997740224763,0.04254586703594199,0.054158928734553635,0.04764816604520994,0.007706617060855736,-0.020993887855434545,0.06720698972727868
NEULANDLAB,2024-04-08,-0.05103763358368307,12.251342362029856,0.032435025994773437,0.10302254641877662,0.24605113044802018,0.1948252539218409,0.18269524846035679,0.04103191424977082
NEULANDLAB,2024-05-13,-0.15107782695598027,13.728460571491144,0.018231165154680262,0.0279490180882509,0.02346131444135713,0.02073901376215148,0.07223997686302219,0.3067703050745869
NEULANDLAB,2024-09-25,-0.03757650139118007,4.210838018884234,-0.010487749666258761,-0.010619498847643238,-0.04215872398772713,-0.0016134399453845427,0.0912228523752372,0.18647938261818786
NEULANDLAB,2024-11-06,-0.10675550658093702,14.663928803223456,-0.02724626782531192,-0.025739016916397572,0.03537527465981882,0.05221935336916039,0.24219480771606583,-0.03867208871622452
NEULANDLAB,2024-12-09,-0.03094164689418044,4.874042133931613,-0.012951992773751142,-0.06229352306436575,-0.13035476978473137,-0.19054867397737152,-0.16191491472206176,-0.16766219256542148
NEULANDLAB,2025-02-11,-0.06853600944902916,4.710906867294784,-0.001536474770704177,-0.13480008179670377,-0.19317511968341072,-0.15119279000068164,-0.1982418281534708,-0.06721348325203913
NEULANDLAB,2025-07-31,-0.04549374730487277,1.5857970987652505,-0.019878021233340815,-0.03403358180859872,-0.0338829907386492,-0.0002258866049242858,0.008884873127023463,0.08674045629094196
NEWGEN,2024-05-24,-0.03425547544732643,2.046092318950891,-0.001917342987899584,-0.02515090307797807,0.03050807764974084,0.07049004486443522,0.1281790562787286,0.19308627582231397
NEWGEN,2024-06-04,-0.03791526878069873,3.9430353702291026,0.008559789068777413,0.0905383478353925,0.07232724073399566,0.06681223191270247,0.1492503338402591,0.2127305447322103
NEWGEN,2024-10-15,-0.040604046768514035,15.05953591631576,-0.02040891294126157,-0.02959103054470491,-0.08325619167751741,-0.07110341389973962,-0.020601814175829514,0.08368051787953323
NEWGEN,2025-01-21,-0.16194281796712728,5.019582477764972,-0.05894683204098383,-0.10428184889308234,-0.24737863226325818,-0.17828949640491354,-0.26202004192847916,-0.26632859763004757
NH,2023-07-31,-0.03495365909588222,3.7237068703795915,0.004354304219754912,0.010341427221208566,-0.0007916752033337859,-0.020336455015308008,0.019445843061912438,0.07065811421480706
NH,2024-02-15,-0.045273230921597074,5.865242598677987,0.009092198635317406,0.004583050671269406,0.012973038235041034,-0.008020474027665037,-0.08168243347989346,-0.08449145823666881
NH,2025-03-04,-0.03450730430952187,2.1834644341644145,0.028656648999463297,0.004070888665784755,0.014584735940040838,0.08071290597467229,0.0753918501308195,0.1473538988899219
NIACL,2023-11-09,-0.05043180001214376,4.653988409813647,0.004365268219988172,0.04292476745194196,0.10549290885368356,0.5205529620979221,0.6598763111096755,0.6104038633545157
NIACL,2024-06-04,-0.16072179001793463,2.882356030667866,0.04675003051757809,0.10499999999999998,0.2041999816894533,0.18940002441406256,0.22654998779296864,0.3992500305175781
NLCINDIA,2023-09-12,-0.09508658351660237,3.1469590551671347,0.02499997615814209,0.03007817268371582,0.03984379768371582,0.02421879768371582,0.0859375,0.17304682731628418
NLCINDIA,2024-06-04,-0.15437214889719675,2.5624414580540504,-0.0058808964974033096,0.0838029433422216,0.14290616626314323,0.15755938944205483,0.26714037584703854,0.39279592235508654
NLCINDIA,2024-09-06,-0.04148858405604283,3.139902072339262,-0.028422790525592823,-0.008173812889994858,0.002414987595111606,-0.0003715627188685122,-0.01820543937433239,-0.05480215617494255
NMDC,2023-11-15,-0.03109841475323394,2.085874435244784,-0.005300340020286676,0.005300407417766717,0.010011760860261232,0.06890462245616646,0.12985870118316267,0.2446996262809733
NMDC,2024-05-22,-0.03189227532717043,2.856521632175359,-0.026171281026181492,-0.03879940919665992,-0.05508780366428767,-0.10395315462342147,0.00018305520392014607,-0.1626646973221998
NMDC,2024-06-04,-0.1142217718819657,3.3375302158860096,0.031605563188701113,0.08933837908639197,0.07564269933963774,0.10450910728848317,0.058659917562027486,0.022882493336336296
NMDC,2026-01-08,-0.05304093697744938,1.652195004201601,-0.013604522990296353,0.006495972943747708,0.014094883901163202,-0.06410094328083993,0.03529850486676667,-0.023532274238547313
NMDC,2026-05-29,-0.04648895722016211,9.030643407252324,0.04977844060860015,0.09148770595745703,0.05580183863296928,0.033412916385770375,-0.028866927800815456,-0.05080124251876672
NSLNISP,2025-10-29,-0.054541610530517426,3.468371064398486,-0.036387827840095865,0.009096956960023883,-0.03683159216002263,-0.026847106560145217,-0.053472373280021857,-0.07588192128028926
NTPC,2024-01-18,-0.03233107143442093,11.732264114234841,0.030571415927994394,0.031907847310547854,0.08436351830881428,0.12295362449530778,0.13180759711330015,0.04727706311785873
NTPC,2024-06-04,-0.1545431079108761,6.455362336597412,0.029433962264150848,0.0886037920106133,0.1091320570459906,0.09433962264150941,0.12498111364976405,0.2783396594929246
NUVAMA,2024-10-01,-0.035388516983607676,1.7109845928289318,-0.053849257426901165,-0.07208533622904856,-0.023895548305866154,0.12525207232423274,0.028028963393229134,0.0069248159364190265
NUVAMA,2024-10-22,-0.05167256720933244,1.7901359115891318,0.03601328100216894,0.008591860234281157,-0.009271375230337386,0.06400859840378037,-0.02215911950044913,0.03751571603074777
NUVAMA,2024-12-12,-0.04822984786355411,52.22150205417947,-0.005730383555535679,-0.008595575333303462,-0.010712129865493969,-0.014930738971485447,-0.04186217077734633,-0.14968895831683782
NUVAMA,2025-07-04,-0.11185861852179424,6.7479335336445425,0.032640150122448475,0.006748415616056658,0.007850175456116215,0.06438507309172459,-0.04744518982262058,-0.11189919120219505
NUVOCO,2025-09-26,-0.05053704036973572,36.72081691940159,0.006787344951041385,0.007859057772123812,0.00404861212608254,0.02191000795608322,0.011312217359000565,-0.16873066714304807
OBEROIRLTY,2023-05-17,-0.06178536480702279,5.491805598370591,-0.02716147771119426,0.011640576122759372,0.0107661769844698,0.01732427059020858,0.11383753481218672,0.124221249733651
OBEROIRLTY,2024-01-23,-0.09825543120474,9.037487069322443,-0.048001460120459916,-0.04511775785955463,-0.033619309237543304,-0.03898523410407917,-0.0353349329542344,0.04015331264829358
OBEROIRLTY,2024-06-25,-0.04069430730107726,2.9197903704296744,-0.017930382087474994,-0.03474009027050318,-0.014240446144859087,-0.060952275200248596,-0.04725855296268566,-0.05204180325866936
OBEROIRLTY,2025-06-27,-0.03203349565447433,3.293976170741681,-0.006879337557995857,-0.010892236753291096,-0.025693166340200024,-0.04341257385260078,-0.11496773610724986,-0.12825729174155043
OFSS,2023-05-09,-0.07291781490327154,4.915761451572456,0.016103017719470536,0.03322422028420258,0.03270053162957298,0.037093606807767854,0.03322422028420258,0.12383443227689295
OFSS,2024-09-18,-0.08313621887430489,2.8530797808648396,-0.019143816749189524,0.015222735523335862,-0.0063590398663351255,-0.007615791109729542,0.021577352041609377,0.04521069360873042
OFSS,2024-11-18,-0.04217170449411023,1.9501138617905895,-0.009155243656989498,0.021659419426024007,0.04170865538157864,0.11112241206280915,0.10271239590033043,-0.06404226224799836
OFSS,2026-05-29,-0.032574396815379436,3.351172643567906,0.02278201525491763,0.003362103572862374,-0.0027599357687675408,-0.06387996788438377,0.09137896427137693,0.11290646326776388
OIL,2023-05-25,-0.03356198033678781,1.7957198159646446,-0.00038372398994257484,-0.015157317174709362,-0.024366868590913526,-0.029739092278900703,-0.05046053905096426,-0.009785093486722185
OIL,2024-03-15,-0.030533072037057463,2.594052329065164,-0.018806743152019134,0.01718708434970484,0.0469720824701263,0.1339873042146802,0.08548552567937717,0.15063444737464105
OIL,2024-06-04,-0.11182489006080765,4.076267046965886,-0.023549226071415297,0.03473506033047835,0.09091671388677836,0.17140450129902463,0.24970557211179023,0.5114801658975545
OIL,2026-04-08,-0.04762395098594441,5.382589924316948,0.025710834468059218,0.039655694967588584,0.007517118635344433,0.032574313741839944,-0.01034971102224802,0.048044421410804894
OIL,2026-05-06,-0.055089192025183586,1.7093005231531078,0.005774583239346098,0.01277068295391448,0.12626320067410468,0.1202665050449403,0.08584118577786648,-0.06252080820984873
OLECTRA,2023-07-25,-0.09003368278227497,1.6780087856869064,0.09995843550519479,0.08808175343499403,0.07070567350841106,-0.0036507706919315375,0.11456174392164398,0.12491337909639877
OLECTRA,2024-06-04,-0.10161510756844061,1.9298425920332054,0.009682736880555876,0.07817077542750761,0.1024083714135704,0.09531595391916148,0.1155447921909929,0.04560737331962761
ONGC,2023-10-03,-0.03778993885508741,3.599708023187155,-0.010021701204485312,-0.017063971024502633,-0.00595886276893598,0.008938211494744719,0.011375898024342579,0.053900306713222434
ONGC,2024-06-04,-0.16825062310748862,7.149642574186125,0.047397362689788114,0.10198895697622068,0.15763852839668346,0.14917471132444282,0.16250532653130145,0.44625474221913164
PAGEIND,2024-01-08,-0.03122602413644726,2.750871896132999,-0.0329169045889377,-0.023228122464249434,-0.002073265896402998,-0.02799561843036591,-0.037653725422327144,-0.052632517091541486
PARADEEP,2023-09-12,-0.0788211136469219,1.6137459569646173,0.02157745005187306,0.05803573962782638,0.09672619486882317,0.05505959442954267,0.011904807858458266,-0.06398803002439368
PARADEEP,2024-02-06,-0.054278414231870076,1.7986345339253338,0.022957419016633507,0.10533416746669699,0.03781222561741426,0.03713706801710548,0.02633351610909762,0.010803448877701127
PARADEEP,2025-02-04,-0.060914568065402186,3.3595398161007988,0.0014454424897094587,-0.03713073014455115,-0.1094046467002473,-0.14400580079347347,-0.13352604980852412,0.03171013126225186
PARADEEP,2025-04-09,-0.06661339090398222,1.85492986014929,0.026099632344924295,0.16489820444818637,0.17824749034965826,0.2745165297236274,0.26253630425758856,0.5152319561817094
PARADEEP,2025-09-02,-0.06765106572511392,3.5186657737117675,-0.008552996488807585,-0.05545367811117696,-0.1397621653870934,-0.20752850132355427,-0.07881004531600178,-0.19328911566211238
PATANJALI,2024-02-09,-0.03646741630088657,1.8760668254496282,-0.02490956041670145,-0.019391392923711948,0.011129840027601645,0.027216703128685626,-0.07376229123201283,-0.16214613365215624
PATANJALI,2024-04-30,-0.03380128838416563,1.8367127319632037,-0.03928646684329973,-0.05315421796168007,-0.06629382578727805,-0.08737671031102412,-0.0514000683478989,0.05341893122866903
PATANJALI,2024-06-04,-0.1492067892261265,3.2028936438145283,0.07977015716429947,0.12618552401320327,0.18381289982576865,0.18043725149893497,0.3119674477861707,0.38426290778015737
PATANJALI,2024-09-13,-0.03645120009526204,102.238533405419,-0.004701834095096169,-0.027835239609936502,-0.07007175251110176,-0.08568198732927246,-0.07111954540606424,-0.0022299913767894752
PAYTM,2023-02-28,-0.05959687772152322,1.9776725382451492,0.01841774801172047,0.05131858420102553,0.038258644765069016,-0.04085395464891173,0.05374629650219753,0.10866475414660948
PAYTM,2023-07-24,-0.050100661381676015,2.81117103637799,-0.015461377074890925,-0.027992533923979157,-0.001994982027353487,0.06072320724068736,0.06901493215204169,0.06402740097997195
PAYTM,2023-09-13,-0.030420436255059857,2.8036274871518754,0.021831181381412268,0.04169401993084554,0.0033402777130555616,0.019266357785937993,0.113152371710036,0.06728305924731592
PAYTM,2023-10-23,-0.06474966903885859,2.935879039647954,-0.007794751663830812,-0.029609219724643365,-0.003193690774110358,-0.045523424528811196,-0.005358895898684657,-0.30875826397965733
PAYTM,2023-11-24,-0.03340917890994133,13.178403890075788,-0.004369462139089619,-0.018710450322592886,-0.041622277616929826,-0.26429888141304236,-0.29214050032622063,-0.14508991291369344
PAYTM,2025-01-08,-0.08253663894073959,6.292275009308441,-0.008203495902717739,-0.12454961155847066,-0.04766919858311558,-0.06729118455568628,-0.13341829966695729,-0.21412334792164145
PAYTM,2025-05-02,-0.038623907966536586,1.9245496662737978,0.04167922707839278,0.050700698444545056,0.0015637804370038921,0.02526011982522669,0.0710892384154338,0.10585193069618781
PAYTM,2025-06-12,-0.06772865528263095,8.76839566286448,-0.014686200642743619,-0.03378378286263195,-0.03037749772771181,0.022727244841493244,0.050424349059462914,0.18974762093092723
PAYTM,2025-09-19,-0.04238192108258376,3.1275150154073375,0.016139993873671044,-0.012742100426582414,-0.04417261481215251,0.03992524800329167,0.10898747379356011,0.08953451306988192
PAYTM,2026-07-21,-0.0348794063079777,4.326979423081303,-0.02575932333717801,-0.013302613477989222,0.005690137957756525,0.0765090349865436,0.18900426668829295,0.37639369473279505
PCBL,2022-10-27,-0.08190883546960015,4.662745743308873,0.006982228067413221,-0.024049581004760068,-0.03219545456159689,0.0015516851551744537,0.05779683909848843,-0.04771135909768354
PCBL,2024-12-30,-0.05630603725631367,3.370716800016744,0.030691694249100232,0.0737516748495386,-0.00916170394888094,-0.1941136024169139,-0.1920522330080665,-0.09218964598561397
PERSISTENT,2023-06-06,-0.043843473315191006,3.2329734634330713,0.007528533435805063,-0.018931712868792805,0.011875085161633159,-0.0024091306994575845,-0.025044921229778083,-0.05301087422153694
PERSISTENT,2023-07-21,-0.05831968324039649,2.814211115091661,0.0051161790862122025,-0.017991029466810526,-0.011116787073253809,0.007611146538755609,0.054973069792779716,0.22934558326816368
PERSISTENT,2024-03-18,-0.030015012457108248,3.0181717095115843,-0.024439582602171606,0.0031175474107725254,-0.012782224959255406,-0.028553649150642513,-0.050120142849731875,-0.1407875050242342
PERSISTENT,2024-07-19,-0.06386644879511616,3.616169868913488,0.038300799006616204,0.05128228619739028,0.04134440038070042,0.011541502599472064,0.0635001564945894,0.15655232938307884
PERSISTENT,2024-09-18,-0.03290732616487979,3.657284018001867,0.02004934754119203,0.028920555058971287,0.02768498116426188,0.013620441729686572,0.06878772733023086,0.10311400066327137
PERSISTENT,2026-02-04,-0.04658756072310266,7.378370561828095,-0.0009188105579686079,-0.018543267624457016,-0.04376879385232213,-0.07768125626461742,-0.22457397338581686,-0.10020043512988641
PETRONET,2023-04-10,-0.030958451896862194,2.7118012815586985,0.020568914434320185,-0.003938704142163685,0.02560177725827395,0.03676146125376101,-0.0013129236400779565,-0.022100669810756313
PETRONET,2023-05-04,-0.04182506981041134,4.050791095753787,-0.0026455295213496655,-0.0026455295213496655,0.0257936100794125,0.00022047200654751187,-0.01565257056432967,-0.018077628079131713
PETRONET,2024-06-04,-0.12265195297084652,1.7364393981354425,0.03544442720349483,0.08402305367524887,0.13440088853484533,0.11802813613146257,0.20169132616614993,0.3233177692583329
PETRONET,2025-01-02,-0.0571058853710269,14.84249737424372,0.005186917489035103,0.008238023514969495,-0.0025934587445175517,0.0038138825324181003,-0.08283750998164574,-0.08985510970871469
PFC,2022-12-23,-0.039708565475142454,2.771397863174015,0.03414262510209687,0.04476480568488306,0.07094077726046888,0.1923368580209075,0.1411228841889196,0.11722306832475748
PFC,2023-01-25,-0.03950452869173948,3.8797957265433944,-0.051237406529780594,-0.013942126562717982,-0.0348553496474463,0.013245003614255957,0.028581376073897324,0.032763980802061
PFC,2023-02-13,-0.030521241231331042,1.6452548165934575,0.015917893466720345,0.06296422888129283,0.04174037092566518,0.014503001088544965,0.13937030643474801,0.17014507588980488
PFC,2023-08-31,-0.046362448111518795,43.99012447259957,-0.010760979312817831,0.007302022419922727,0.04477321243978327,0.07436585057265188,0.21012677490808906,0.1846656502937185
PFC,2024-01-23,-0.04074213183430753,6.540585674302763,0.06623691825455058,0.12944005508054635,0.12059161592490697,0.1856908468556826,0.04259892965117462,-0.022247473301843734
PFC,2024-02-09,-0.08472944770835145,15.27648966490578,-0.010959571272331381,0.01340795130736705,0.011309329682847258,-0.037192519482397435,0.008627682492232447,-0.05176637959910069
PFC,2024-05-06,-0.08877099246629683,2.0995220317927417,-0.0371174062427897,-0.04511192451046753,-0.048652326146343405,0.07149387661780482,-0.025239808362429894,0.21299680813170108
PFC,2024-06-04,-0.23080387637058197,7.43438505736985,0.04780314914231831,0.1330989754961187,0.1398945804499856,0.16988869361452852,0.2444053609677066,0.2720561818065319
PFC,2024-07-23,-0.03865220113225487,2.0653312232189003,0.002960534484018895,0.029414620901781374,0.059497708223384294,-0.09454684586789486,-0.015089224645403299,-0.06016617464320584
PFC,2024-08-05,-0.0536766115432874,7.334911363386857,-0.048187934119529374,-0.011846188216225517,-0.0028109505688137526,0.046481327138764295,0.12207607525982378,-0.00793089405936298
PFC,2024-09-09,-0.03979463174913911,2.355068133706658,-0.024541589352745197,-0.03304046714977238,-0.06216575498603405,-0.061879230117703576,-0.1102940645056304,-0.11860194515181977
PFC,2024-11-21,-0.038290174006519795,2.2746517796199432,0.05426272366234097,0.06849010119099663,0.08966580643919198,0.12981141570797305,0.05977722673136521,-0.04389543096629067
PFIZER,2024-06-21,-0.036446295897315406,16.88244065011218,-0.0009865038063716636,-0.0005420583267463641,-0.01810474811332996,0.0031006371514497033,0.08654511714494495,0.2796695942756946
PFOCUS,2022-09-26,-0.04799475844063805,5.622890778175107,0.031077347411322176,-0.010359115803774133,0.0006905444932263638,0.025552464573634248,0.03591158037740838,-0.04419895732312795
PFOCUS,2023-05-31,-0.04914640377660151,1.9920069904764486,0.06474425298640152,0.16648525754436294,0.13384107963153435,0.152883516747351,0.24156688334755572,0.23667028986800642
PFOCUS,2023-10-23,-0.0858050671948406,3.1723848250938302,0.018539958488315467,0.07531865318824682,0.06720736057083077,0.20567786062944338,0.2595595956474086,0.1969872468000302
PFOCUS,2025-10-09,-0.06532123872649631,1.678596371456098,0.011487269827638258,0.0319359921943132,0.017020519386150124,0.07349492335778507,0.017381363537542827,0.13724659577223197
PGEL,2023-10-04,-0.030409579229504158,4.07536220065322,0.029535475321863514,0.08843235350133116,0.12339338243074027,0.15414736500242143,0.13566593386822423,0.3384685890842398
PGEL,2024-01-02,-0.039272855948550345,2.2789443913533916,-0.00635108502281545,-0.0275213684322001,-0.06001876918629778,-0.09631376644551704,-0.15829677293880295,-0.20716299553016304
PGEL,2024-10-07,-0.11674994510488723,2.0050712185085695,0.1329248535054337,0.14137187399507,0.14972609249695368,0.0895757872701961,0.16142197573732253,0.4346977680612045
PGEL,2024-11-11,-0.06256346766760668,8.357869296790698,0.00417603009513301,-0.02753072172150206,0.045394845217276325,0.1019256448198469,0.3121955617231069,0.4263398493827335
PHOENIXLTD,2022-10-11,-0.030775116146569914,1.5644669868296741,-0.0010763490429664957,-0.022782721409456697,0.021419328436330654,-0.007462704216602667,0.09715845779714072,0.03548369267256635
PHOENIXLTD,2023-02-08,-0.03660604369588749,3.23524636861414,-0.018513192571728898,-0.03141855810995242,-0.055539577715186805,-0.06438280771894389,-0.06840896020125231,-0.07466386782880807
PHOENIXLTD,2024-01-11,-0.04925838539053484,1.9968094393865135,0.02298143584780532,0.0005520855806526725,0.017501911583843732,-0.03717103361702012,0.08562847355924386,0.14725310468271413
PHOENIXLTD,2024-03-13,-0.07702592856845125,2.293685747515494,0.022166926400102094,0.017339646384767926,-0.010040742431895011,0.07466840499031391,0.15991817006111497,0.13657346276352156
PHOENIXLTD,2024-08-23,-0.03433556442198171,2.615810146313895,0.013863331132195622,0.03221681887586847,0.057824743300700865,0.012179522402891552,0.03500918983011325,-0.11757199933513673
PIDILITIND,2022-09-16,-0.03542569235783544,2.094176053495101,0.0027687965076739207,0.007038084645940135,0.0005715701712067922,-0.038852467123812295,-0.03845952898535876,-0.04165702492710588
PIDILITIND,2024-01-23,-0.0614279333686929,3.6187210480703347,0.027531098265000775,0.018512625610085376,0.004142531819286033,0.06867913791051006,0.08187972595394943,0.15016244748402374
PIDILITIND,2024-05-08,-0.045826608311795636,8.760772354841794,0.00792172374960387,0.05356922477840187,0.06124221571673938,0.06186387429106155,0.09738722139518474,0.10113495186005395
PIDILITIND,2024-12-17,-0.03522394494424019,3.9580406627125226,-0.007691497091007915,-0.033929948079463035,-0.03616927378595236,-0.07063466973451837,-0.09041494436745767,-0.0747399813488564
PIIND,2022-09-16,-0.043581660495828345,5.876997572261582,-0.0020886635293766442,0.005612276038345021,-0.02479272959183676,-0.0438934637575733,-0.024617331368582573,0.07756696428571419
PIIND,2023-12-12,-0.0996136288195536,8.683790747386388,-0.016403531097517243,-0.02390931367052951,-0.025846741913927995,-0.00608494580134189,-0.0070608776280854935,0.00010048727217282227
PIIND,2024-10-21,-0.035213912508722967,2.1747504530350805,-0.018431421071408938,-0.017999634907098327,-0.009170268121341807,0.01444280886276883,-0.05711240367068171,-0.11722461702697862
PNB,2023-05-10,-0.03482587064676612,3.709411598595412,0.0,0.009278366246174397,0.016494829630114394,0.028866010842864,0.07938141183754843,0.21649484536082464
PNB,2023-12-20,-0.049781214177217814,2.6798186217870903,0.03454231494193882,0.018998290787196392,0.09959702565172024,0.12147384268407824,0.13413934059365906,0.4789867496257556
PNB,2024-05-06,-0.06406483344717495,3.877976733537537,-0.03776550338307538,-0.03894568849463875,-0.03147128283258349,-0.005507450485018772,-0.0924468933207141,-0.042958293863271546
PNB,2024-06-04,-0.15802920821809419,4.6486338189082925,0.05635023915026993,0.0845253587254049,0.09354140492639962,0.11218027727078672,0.05452970089928977,0.06588642023975555
PNB,2025-12-03,-0.044275991144181015,2.753973480283747,-0.002253791866301258,-0.03171955722001163,-0.0220367222236868,-0.003923215431806515,0.03455759001825576,0.018530830841043455
PNB,2026-01-19,-0.03256268917134375,6.519096769985897,-0.017805594333096808,-0.0225693035593314,-0.03982823882834419,-0.032721611413883744,-0.0252245472858601,-0.11659507965135352
PNBHOUSING,2023-11-30,-0.031789767727237184,2.770234691148248,0.007174313602997806,0.028826330832333102,0.023978864288451973,0.013831453651387271,0.00924253443602674,-0.013508210317561109
PNBHOUSING,2024-01-25,-0.045243037835763444,2.0027280855688128,-0.03611892256334859,-0.04421981696740118,-0.024363502747213883,0.006029907448727556,-0.14392742221977028,-0.23425513839566992
PNBHOUSING,2024-05-29,-0.06607005407398825,13.597828681885236,0.013115901344291636,-0.008970405145684701,-0.030784946536272506,0.11009174311926606,0.06748219424269464,0.07896700725237848
PNBHOUSING,2024-06-20,-0.057380966913132436,15.510648906814776,-0.010482429806678573,-0.012882056534835762,-0.008082803078521494,0.02153320037361106,-0.013892397284143598,0.038646169604507064
PNBHOUSING,2024-07-23,-0.04356610548853945,1.886159408282183,0.02449166516375456,0.0481250990189408,0.029772890237776073,0.04416418021342472,0.1788354196009716,0.4194612370360735
PNBHOUSING,2024-11-13,-0.059502617654782486,41.38502734376615,-0.022332800377254047,-0.06434867077162976,-0.07575844587525382,-0.03563511743582237,0.010220030197764407,-0.1246417530492493
POLICYBZR,2023-08-08,-0.047610096896127496,3.987476731020338,-0.020193430412537072,-0.043017840106282956,-0.05466032690080158,-0.024468902221546296,0.012431692255958637,0.002302177127928129
POLICYBZR,2024-02-06,-0.05753083787469604,1.6983495786791938,0.006819195032764069,0.026836738947766614,0.02062252502008377,0.09568851609318885,0.167729803032733,0.4059613194737255
POLICYBZR,2024-05-28,-0.040209213823093726,18.315215713580137,-0.017930629608996163,0.07700632417370068,0.03211713306156949,0.08120811879066236,0.11927443399584892,0.22814833699065207
POLICYBZR,2024-09-25,-0.06346700267675054,5.067109170310709,-0.02099243540491924,-0.05928985497589356,-0.008797667886814464,-0.052350409022903,-0.04340756533230161,0.04892424587620625
POLICYBZR,2024-11-05,-0.042315572369860055,5.554020124048702,0.013002891860992571,0.022381924597501435,0.026279744022201124,0.05054965283245205,0.2286610946784493,0.34952353211179
POLICYBZR,2025-12-16,-0.05497301862123538,1.5914608018399177,-0.03048613018401536,0.03757210898877372,0.051359516616314105,0.0028014147684358726,-0.09447953858829994,-0.16297717724354577
POLYCAB,2022-12-16,-0.07632194152334681,1.8685372998361225,-0.008678566103077934,-0.03072001761706189,-0.08714913704588323,-0.06710476460318082,-0.032753532942540464,0.07031851314550908
POLYCAB,2023-06-21,-0.03503221082194019,5.936882456693134,0.01919050174544812,0.01404186190083645,0.0572498268407482,0.04165749507090699,0.3800078876913875,0.3976479195678311
POLYCAB,2023-09-12,-0.03992857062912447,4.485293246209246,0.020435416396011208,0.04540302419424558,0.06984465080391433,0.08460462742916808,0.06043626602753305,0.03913076767665791
POLYCAB,2023-12-22,-0.046269109860113455,18.345045663840704,0.006614706511006041,0.018593919776206835,0.019666821127045653,-0.002808166222448838,-0.2219225743509885,-0.11992232762741017
POLYCAB,2024-06-04,-0.0682550837688296,2.6316537336170693,0.05146215884712335,0.06044577122675654,0.08390379645051116,0.0846473131977512,0.039574361430970706,0.049386574103835734
POLYCAB,2024-06-28,-0.03573344779482779,25.058559890790406,-0.0005267163272497655,-0.004124906103939452,-0.015639127879479187,-0.02351806513836341,-0.02313972777097706,0.00445875876363222
POLYCAB,2024-12-20,-0.04206979382131182,2.076824558887682,-0.008344638643645763,-0.004687758484832605,0.014683230918921764,-0.03202729110072089,-0.05164214053738725,-0.24546372723156762
POLYCAB,2026-03-10,-0.06143282493771651,2.0874485623712293,-0.03800336656739611,-0.06856143985497865,-0.07205749061245625,-0.08526479347403859,0.0006474168069403596,0.16813414476239807
POLYMED,2023-07-12,-0.035595735728447764,41.04603507047246,0.019609529809567983,-0.016937704284363142,0.0047098871807436105,0.037543543624558806,0.2964992175249641,0.24283317216507316
POLYMED,2023-11-06,-0.06157470666647746,2.3288017366608535,0.027215079365714656,0.07038762304538748,0.034938757154530764,0.10682014935734752,0.20449578797835155,0.04554065788995021
POONAWALLA,2024-02-16,-0.04877057448146316,4.421018996178739,0.010895120779784495,-0.019119872015237793,-0.017731292891099537,-0.011429194688650668,0.007370180825612138,0.06558423689202875
POONAWALLA,2024-06-10,-0.08410310181844116,15.495837389854591,0.031077752574918405,0.022868534913619287,0.016887490527454085,-0.0038700454388728156,-0.021461226141656797,-0.1747390616476543
POONAWALLA,2025-08-28,-0.051027182417992645,4.341008931679063,0.004539063458447012,-0.00896183903355885,0.00733238792302382,0.02048414261625564,0.14862664151855376,0.14152697143658433
POWERGRID,2022-11-09,-0.040570175438596534,1.863816726542418,-0.017599981398809472,-0.03382859002976191,-0.007542875744047661,-0.01645712425595236,0.010514322916666652,-0.035199962797619055
POWERGRID,2023-07-13,-0.03550887489807275,4.915726353775042,-0.012546227248126152,-0.008021357032571563,0.004730580371284265,0.03126283857753376,-0.005347543458362858,0.06396548086506404
POWERGRID,2023-08-01,-0.053561359008143405,3.3492718996181137,-0.012907068685313772,-0.017672804063580516,-0.04090551153745392,-0.014892771559977369,-0.01866565550091226,0.06301293890327742
POWERGRID,2023-09-12,-0.03566476092371618,4.014755683802176,0.00993201184618031,0.014636712007789265,0.06978562797573318,0.042080517111020566,0.049398833233083694,0.10376367238925766
POWERGRID,2024-03-13,-0.07311943380607133,2.8456225915690903,0.007756407132915477,0.0022701707575771835,0.0013242758973934787,0.0476731240463979,0.036889899547166705,0.1912600100085653
POWERGRID,2024-06-04,-0.12350061437358528,3.063465818116819,0.009629922177343264,0.045277896076282076,0.06960626705947504,0.10592996888949835,0.13245473922140216,0.22013850721151118
POWERINDIA,2022-07-22,-0.061432336501058615,2.7843729867878833,-0.025913161191420397,0.023058513274289982,0.0173648506958608,0.11220110928346627,0.11622293762123004,0.07720333220922782
POWERINDIA,2023-05-24,-0.049176196534257643,3.2775707303699186,-0.0026142757828747643,0.016118822926754817,0.01060136425220981,0.04261578702876356,0.09328441070326421,0.09514986286534022
POWERINDIA,2024-10-30,-0.03912710889248738,4.701406153411233,0.008991803658584319,0.01997326117415521,0.0818788481626862,-0.11496910774320745,-0.12538833688068418,0.04490782235437152
POWERINDIA,2025-05-15,-0.06961458022109357,4.2287113560640694,0.014964675658317272,0.020423892100192687,0.11239563262684649,0.21766217084136152,0.09402697495183054,0.2508028259473347
POWERINDIA,2025-07-31,-0.03505402160864346,1.644173220422457,0.02264244837024143,0.06220452848967395,0.030604628016919655,0.01492908683752181,-0.057377457078875316,-0.0421995521273949
POWERINDIA,2025-12-04,-0.08077803203661327,4.135937284573997,-0.03883495145631066,-0.029126213592232997,-0.042569081404032816,-0.09584266865820268,-0.06382872790639782,-0.019118745332337594
POWERINDIA,2026-01-08,-0.05811459503625782,1.7190479628854107,-0.030524831923660845,-0.0725439167208849,-0.12090652786814138,-0.10534591194968557,0.2205053133810453,0.36765343743222734
POWERINDIA,2026-03-27,-0.0383716400467472,1.9767309721548099,-0.018229694146242648,0.0259266761191006,0.0139760988454527,0.15191411788535558,0.33218553777597726,0.5574235365606643
POWERINDIA,2026-06-24,-0.05929620393460788,4.365400138006657,0.00044182621502208974,0.02857142857142847,-0.005154639175257714,-0.03946980854197346,-0.055522827687776166,-0.012960235640647966
PPLPHARMA,2024-06-04,-0.032085580587720375,1.8116726547659558,0.0075966216957426,0.03591158037740838,0.06429556189488439,0.06319056425167191,0.10062149004390375,0.19647787533590666
PRESTIGE,2023-07-13,-0.030077819169054054,100.83451156131164,-0.006343010595307619,-0.015417144195573163,-0.03074621193260718,-0.0382345391133142,-0.01955770562008463,0.14139723676511418
PRESTIGE,2023-08-10,-0.05107437066865339,2.7898717877805925,0.0021565498799642757,-0.016623236224422078,0.004402933153534905,0.019678339413814694,0.16416564575786197,0.3073950652180566
PRESTIGE,2024-02-29,-0.05068959468943257,15.53497200567877,0.0005999152962288257,0.023869702666327486,0.012341996498018037,-0.10563531176344543,0.1259053134039534,0.2518534181152239
PRESTIGE,2024-05-29,-0.03025036033962769,2.33263516506256,0.022025131188482705,0.1528801935541586,0.09168826140354991,0.22765931165513997,0.23254269196552513,0.21815824922733817
PRESTIGE,2024-08-27,-0.03136442250775395,2.0882428055168947,0.0048056912250027395,0.06262085947856666,0.04714877153471764,0.07630542545040386,0.09538181758347575,0.00811696371658055
PRESTIGE,2024-11-27,-0.04495505796363264,1.6401909314057543,0.025836999550659545,0.05449694773641944,0.08659369841631093,0.07514810329346,0.07508674787357394,-0.17604098572014404
PRESTIGE,2024-12-20,-0.03715627095908791,2.533817040808233,-0.02198381229973534,-0.023794901739690677,-0.06659236556143777,-0.1112009188231402,-0.18445249373084427,-0.3161604767823558
PRESTIGE,2025-12-08,-0.04716810882109568,4.182248415802732,0.014223617648486009,0.026211149796195654,0.028198772927989113,-0.0042857294497282705,0.026832267808617916,-0.05167698830551237
PTCIL,2024-08-05,-0.038901944529318944,1.8443263135829364,0.00886327081815974,0.04752833958951941,0.05692195641212394,0.013580578160307777,0.07908195720581923,0.045810222794927746
PTCIL,2025-08-11,-0.055809334657398235,9.42576454927676,-0.005048380311316825,-0.03723180479596133,-0.060300098162950455,-0.020894685177394456,-0.016267003225354126,0.1692609732155379
PTCIL,2025-12-30,-0.05021902377972465,1.6194940301218999,0.020260253664964534,-0.006039642013946134,-0.018283643551309514,-0.009553615549332872,0.008455498819524454,-0.014495140833470588
PTCIL,2026-06-16,-0.04540094339622647,2.408451169789723,-0.002133752597001548,0.02942332528496827,-0.015217025099668713,-0.023752035487674794,-0.01224100174069287,0.06098040316693809
PVRINOX,2022-09-09,-0.05182619549992917,3.4165335588095433,0.035766848295704534,0.05193282878135941,-0.03971974077512552,-0.05269615926099436,-0.048416077607461805,-0.010659139097129566
PVRINOX,2022-12-15,-0.03479350566531625,3.3091975665230686,0.011297758973543903,0.00207170877331575,-0.045936702688008424,-0.05831165580986519,-0.03135185943617824,-0.061515925687968154
PVRINOX,2024-12-09,-0.04377039187816201,1.6290542309873919,0.008242735925563238,-0.01381660124937123,-0.0038848727078207856,-0.08046752080972674,-0.17390718779801595,-0.2522802719905741
PVRINOX,2026-05-11,-0.04451485067475158,8.54230915469675,-0.011111134906493514,-0.00399607756914,-0.017641301740679904,-0.04346976177966633,-0.05774853801169588,-0.04848927875243669
RADICO,2025-04-01,-0.041869924542005776,6.647384989639352,0.018627176992695338,0.005693414974755617,-0.001697261218981616,0.057170501161510456,0.0882372317783866,0.09524112250241701
RADICO,2025-05-07,-0.035984569834929925,11.136690398854537,0.011774827252958309,0.03434318792829916,0.05184187983597388,-0.0026575085896898276,0.1134551744059884,0.029886790373638172
RADICO,2025-05-21,-0.047369879775494006,3.3724298320607637,0.014347791014655886,0.000246002164578929,0.006681991260417908,0.11642207566177887,0.08866936848702256,0.12322706800448602
RADICO,2026-01-02,-0.049079552526137826,1.7142061078601631,0.0033611746650168417,0.03655229120322856,-0.047960669861540794,-0.0829616557503513,-0.10548765674310467,-0.17872148171631919
RAILTEL,2024-02-12,-0.08454080331246272,1.766481354576906,0.00880818143284623,0.0595926923796104,0.07418115362665278,0.16941926886499648,0.06055601634794705,0.04211400722442593
RAILTEL,2024-06-04,-0.15097189484077767,1.5530612802966506,-0.024540751048701903,0.03825056545798522,0.15012338406207615,0.17027686730836944,0.318892196052212,0.3611186654271077
RAINBOW,2023-08-16,-0.03674091792495138,1.8071159649290223,0.04020536720480372,0.056757686540686914,0.08314544200368901,-0.0008155981058632911,-0.024276781879220888,0.03641505568568393
RAINBOW,2023-10-31,-0.06511601295929059,2.6660624581645656,-0.006019869507682851,-0.024079363211270688,-0.05065139950570219,-0.03879979217677609,0.009547123341935304,0.12218409578239409
RAINBOW,2025-07-02,-0.03472397274115002,4.559969604710266,0.044999291448531764,0.036434263393593236,0.005270786495346735,0.016339389880083433,-0.0003953733278064808,-0.010343966752609735
RAMCOCEM,2023-11-10,-0.035218156495882225,2.2588033001372056,0.00892312683435792,0.01718719529225976,-0.001723800634748307,-0.014855023557824754,0.05429931771459673,-0.012269353550315665
RAMCOCEM,2025-01-06,-0.034036712364291066,1.6491442652092496,0.004883645706744488,-0.018379456547059636,-0.07393795369315403,-0.0715223807960319,-0.058131633883174216,-0.11610570392639075
RAMCOCEM,2025-06-18,-0.03455538347976517,1.7061589987115293,-0.014723641721643865,-0.01598295189636134,0.010170969388593631,0.054293650558099094,0.13033375503472788,0.03249871615396982
RAMCOCEM,2025-08-08,-0.05726095011695409,3.8963794562246337,-0.0013062365649201269,-0.005504780878218263,0.014461652634693678,-0.00765074908435881,-0.015394662482093202,-0.06829638916533187
RAMCOCEM,2026-02-10,-0.030209995581802485,2.759354069487161,-0.014634125447956836,-0.020368034940629,-0.0035943099459777583,-0.01831409877112755,-0.1483953995841355,-0.1482670089858793
RBLBANK,2023-05-02,-0.04449936225241602,4.327278828988461,0.0016170762621614543,-0.0365459827439486,-0.020375220122334836,-0.033311830219625915,0.05433372292922156,0.12677871973435106
RBLBANK,2023-10-23,-0.056873953533614796,9.164416673125524,-0.021908906949057783,-0.018655110853613044,-0.04360088091868897,0.00932752232748113,0.015618247737594793,0.1952277657266812
RBLBANK,2023-11-17,-0.07758789928587906,13.627777625344478,-0.024275966244283853,-0.002981247611346549,-0.0012776961152409783,0.032580893513864506,0.22380750582943576,0.25085182448779575
RBLBANK,2023-12-26,-0.043677826687046784,5.553586595063516,0.00844372408406846,0.0719631582362561,0.07810403783125719,0.07887169170345842,-0.0028785263294502927,0.023028210635601898
RBLBANK,2024-01-18,-0.04579201643719133,2.242434207862563,-0.017046529551498435,-0.037242979741462956,-0.05484529448585773,-0.01649068781315577,-0.03205482194121645,-0.15490087865969193
RBLBANK,2024-03-05,-0.06453379852462304,4.190685721420005,-0.011334801978078013,-0.028532354417080796,-0.09927695348577281,-0.08813759043896274,-0.005081114015028865,-0.032636333415357544
RBLBANK,2024-06-04,-0.14181819349955138,1.889719713990565,0.08920606722674096,0.12065121953593261,0.1313559203796104,0.18693126214892608,0.2022747166013381,0.030865291093393088
RBLBANK,2025-07-02,-0.0413429166810928,2.4695388858633724,0.013599708474923311,0.021462633903110095,0.04549276240516509,0.07971280152207116,0.05006617528636914,0.047257926419545626
RBLBANK,2026-01-19,-0.06700554402658843,4.237666206453222,-0.030212955958656473,-0.02195804445257754,-0.02476473451823691,0.006273712591027492,0.06405809313358035,-0.004952946903647337
RECLTD,2023-01-27,-0.04439832758606721,3.9467996799944505,0.006947419989252079,0.019973907007255987,0.031263555591981795,0.01606598740431031,-0.018671311310366923,-0.0008684192166391602
RECLTD,2023-10-23,-0.03317706481865601,3.720181527973198,-0.017966224287870092,-0.018864535502263635,0.03341724296971682,0.10833642018156153,0.21200144659686782,0.4811355741548673
RECLTD,2024-01-23,-0.03731179334761403,5.577926025714325,0.07533064979873494,0.14939623279363157,0.1479010645036658,0.17078780908568136,0.04427832087406558,0.035652673950546276
RECLTD,2024-02-09,-0.05383938781685149,4.135209079494645,-0.05980515437093159,-0.001658349508894097,-0.018138474524685866,-0.038246231183436064,0.0036276949049371954,-0.07037724319859384
RECLTD,2024-03-13,-0.07238883143743535,1.6777269239756296,0.03522851235890445,-0.027313266443701245,-0.05685618729096986,0.00557413600891854,-0.043255281820478,0.17881831038357032
RECLTD,2024-03-27,-0.03424358041173592,1.5653600701091004,0.012118478057717708,0.04084376445278837,0.06350984606224275,-0.014250462335138492,0.03904845973552851,0.27636892327123497
RECLTD,2024-06-04,-0.25194373497596145,7.51814210153137,0.016143271994487618,0.09862886860232578,0.1291463784166087,0.1402033650319312,0.2434762773414747,0.38257407193698856
REDINGTON,2023-04-17,-0.0374606967292872,1.8163977285038433,0.024361204815104287,-0.0014854426349779626,0.007427213174889813,0.020201983570010684,0.04159239377938251,0.11081398430366574
REDINGTON,2023-05-09,-0.030216579118563902,3.0533204430550733,0.02087000391292393,0.030570233754593,0.030570233754593,0.003233320242411075,0.08730153034615107,0.1399176186888853
REDINGTON,2024-08-01,-0.04243392092091136,5.832856528358309,-0.003885542575562173,-0.061922148057979354,-0.07313599173870033,-0.002951043094144845,-0.007229988037326107,-0.08061191254189559
REDINGTON,2026-02-05,-0.055653710247349775,3.9880948870795883,0.005051472791452349,0.011412489403063608,-0.007483629560336769,-0.04621143537330441,-0.0789523146997777,-0.18349857169741002
RELIANCE,2024-06-04,-0.07485139318535128,2.6426860580243936,0.01680054046323609,0.052011898508161014,0.04251133339978752,0.04392478139780476,0.11103757077395948,0.08446799831948293
RELIANCE,2024-07-22,-0.035028759110531604,3.1625819430316375,-0.00851285188225026,-0.005514201372591954,0.012944125893864511,-0.03555073278383014,-0.003148648110022134,-0.01890815738034557
RELIANCE,2025-07-21,-0.03211383767890408,8.686776802683314,-0.011059727724923252,-0.017989606335625297,-0.028699426501938685,-0.01196974371984294,-0.005949881104060473,-0.010359741712680837
RELIANCE,2026-01-06,-0.04467397572439846,9.451364783332242,-0.002255256347255541,-0.021424732874023134,-0.03634911624120596,-0.06832051052532584,-0.042584208153043646,-0.06818780075786268
RITES,2023-02-01,-0.05796102227002131,1.7424733048019612,-0.0267254217430708,-0.030396493696081106,-0.021292217327459673,-0.01629952362105358,-0.01718063466524411,0.04126281290152356
RITES,2023-05-19,-0.052415271773452066,3.343285213814289,-0.0016268319029186795,0.013557484179763213,0.04080807703007672,0.015997897530773297,0.08066703086959048,0.10683304153518614
RITES,2024-06-04,-0.13828312799879638,1.7802994926628797,-0.0271460787064145,0.04228052906256696,0.08207879243453431,0.10834394736353348,0.11843361351766402,0.15582957076959625
RITES,2024-09-18,-0.04304702347455891,1.6889311287134232,0.004704170829887833,0.06960672632993359,0.04094079468715539,-0.05667032384118886,-0.09253952547891398,-0.1976479415024348
RKFORGE,2023-01-20,-0.043478175050941203,2.1119763181798303,0.05747553377672099,0.026859479972238365,-0.027986520906832846,0.015589758475506033,0.031179516951012065,0.019722012619281637
RKFORGE,2023-09-12,-0.09961577497523377,3.9091204108248387,0.05432789197763488,0.050594348658068444,-0.003733636332603818,-0.017829948170345222,0.01653455559905459,0.072767447594827
RKFORGE,2023-10-19,-0.0403554239170677,4.093165752200862,-0.00030866081331981654,-0.028395099404417423,-0.046527815453800137,0.046604957109616096,0.19104936387803817,0.16311730278862857
RPOWER,2024-04-12,-0.03527336813207327,1.9772051720291826,-0.04753203386753735,0.04936015951152917,0.029250428735005274,0.007312572314489785,-0.06398537387903169,0.15319928612858225
RPOWER,2024-05-27,-0.048872222773154395,4.402195105295683,-0.013833932200614463,-0.02371535542349701,0.017786591956899134,0.030830067595532862,0.16798419478900284,0.1177866221126096
RPOWER,2024-08-23,-0.050137733693561226,4.00589728552025,-0.05017400131102556,-0.09338745232319823,-0.11368909884967182,-0.12354989226909774,0.05394433396303122,0.17343386373631242
RPOWER,2025-07-22,-0.03400503513611208,2.179437828214427,0.02542368877243084,-0.07464148933339532,-0.08458282903815173,-0.2633637497827189,-0.22245764977349303,-0.2268579179462108
RRKABEL,2026-06-30,-0.04280066161786111,4.0567887706188435,-0.005636272659990227,-0.021668296343425264,-0.08546257320676864,-0.020833292986389695,0.07586003460085933,0.16950568147822498
RVNL,2023-02-01,-0.045335046220998376,4.757783943769769,0.015829339321751457,-0.017894054018632533,0.012388183165533917,-0.02615280779040452,-0.19476945944506951,-0.05574677173702669
RVNL,2024-02-09,-0.07969475056512221,2.2264150397942037,-0.11436834675596685,-0.04011569487554256,-0.029122480431081232,0.020636474844804686,-0.05323048428836186,0.003471529012475827
RVNL,2024-06-04,-0.13113333183467402,1.598475728851475,0.005120875655672208,0.06557606768981139,0.10782359572257283,0.1120910210426298,0.18620202619354576,0.6941678520625889
RVNL,2025-02-01,-0.0897543587983084,5.825194757632958,-0.06089261824426806,-0.06285319055991434,-0.08880175546997071,-0.16987659086650486,-0.2536039321536252,-0.17022255765397487
SAGILITY,2026-01-20,-0.03937590872727481,1.672529485003654,-0.0036736743411017736,-0.0005800965445865724,-0.0003867064441535062,-0.06979892740038274,-0.11639598444854471,-0.277068861037043
SAGILITY,2026-01-29,-0.046615083401308044,10.771542708426816,0.01298436554597071,0.009941121011729726,-0.03489554044948884,-0.016433381177638595,-0.18076688338233082,-0.18949076849470303
SAIL,2023-08-14,-0.04390779436880321,2.3945778589151345,-0.025258289170875803,-0.03157290526034939,-0.0160734965603343,0.015499408700015094,0.07634904296645573,0.02583237703119501
SAIL,2024-01-17,-0.05395235811783505,2.2126037762853463,-0.0004420461807056464,-0.03801941185124946,0.05305039859370897,0.1343943835783048,0.12687885647854014,0.1136162568301129
SAIL,2024-05-22,-0.030398639898016833,1.5015282288461187,0.0014788523838324963,-0.014197037041984717,-0.03933752756713893,-0.1390121240802642,-0.08884947649401864,-0.16107657637369044
SAIL,2024-06-04,-0.20018035365166154,20.73740850601886,0.09394964083644086,0.14806461102130664,0.13498677973041096,0.12701986853701985,0.1395715267906139,0.12762116000052748
SAIL,2025-07-25,-0.04039068865357687,2.663612297759886,-0.038876573829033645,-0.04982011630871119,-0.08073770238155975,-0.07346750293597692,-0.05992195561930869,0.05073853964733721
SAIL,2026-06-04,-0.032177356725902495,1.7171415979254634,-0.034210126620651815,-0.05737160917083306,-0.08083724669605563,-0.07678269770382729,-0.13901978113215252,-0.14332775393653718
SAILIFE,2026-02-04,-0.07865554512172113,2.8938609243115105,0.0010493525752315325,0.10327163507908943,0.1712345829716435,0.16283953631365722,0.31999993971836416,0.16746916594328698
SAMMAANCAP,2023-10-04,-0.07156515114151374,2.5159208718528676,0.008237716827413921,0.01794640775212608,0.04648425204583151,0.013827599700446669,-0.02441893551797092,0.18829062717343614
SAMMAANCAP,2023-12-20,-0.11181617682312894,2.7459326994807,0.035969505151188796,0.0517369236458054,0.0842572611923984,0.054446965832381844,0.004680958955133319,0.03865668952785062
SAMMAANCAP,2025-11-19,-0.12699711180068984,24.50604166698548,-0.015857090134157814,-0.045503037460111195,-0.017298713336468263,-0.038107187181201985,-0.08630525859654148,-0.12203071669254106
SAPPHIRE,2024-04-15,-0.040996377336674494,2.6553393439618858,-0.0004335085413393891,-0.013805110027724221,-0.05832145085743101,-0.051118798029388235,-0.08336389602470629,0.005802094599297591
SAPPHIRE,2024-12-10,-0.03228646787754064,2.9221146896163894,-0.013042214593085077,-0.05277532232281612,-0.04670920183160998,-0.01501368524039648,0.03002727791913995,-0.03230216566499533
SARDAEN,2023-09-15,-0.06519337016574589,6.3009525519620135,0.03238773571402165,0.003782520339280504,0.028368794326241176,0.04988181111942236,0.08108744159094283,0.09267142365728409
SARDAEN,2023-12-20,-0.06577420024883018,1.8091258206819216,0.032606463566004606,0.018276194793289235,0.03530633437175501,0.046936668958495575,0.01640704859082942,-0.058982334156769234
SARDAEN,2024-02-05,-0.044884779484586135,1.8144058975487183,-0.01566467822204487,-0.03683317976565681,-0.08403891236745553,-0.040855182138715085,-0.09970365519064006,-0.06350550463083582
SARDAEN,2024-05-27,-0.08652027858931377,5.291276842580755,-0.02507773285702719,-0.08746116519591962,-0.04994819917827076,-0.05546116013601032,-0.03233161886738989,0.12945082274125652
SARDAEN,2024-10-30,-0.0829227745011134,13.603240588643844,0.03840882154772696,-0.010745271502142217,0.03269322933262586,-0.029149520297015452,0.021947888060070753,0.10756748735044996
SARDAEN,2025-05-26,-0.05336597383614994,8.585512222164521,-0.03206931428888138,-0.01609090536350455,-0.023404959499565114,0.011589948972082764,-0.03173175629535352,0.006976496142532929
SARDAEN,2026-05-25,-0.043019182233039466,4.158170476454467,-0.02022430503078243,-0.05874243569202009,-0.04339039448751236,-0.020132398815071895,-0.04054062849487694,-0.08181656282423877
SBFC,2025-07-24,-0.0344100686645511,1.7724517831842357,-0.043933958189797506,-0.06821554462676094,-0.08533493602377051,-0.10350247790397615,-0.009258429368258159,-0.04506940456802755
SBICARD,2025-04-25,-0.06367708248589732,11.597880681807325,-0.0042072081496902225,0.006916027991959117,0.04241829094665461,0.035271784971076636,0.044896562451829825,0.1018385543936835
SBICARD,2025-10-27,-0.030303056186180233,2.5066613567046203,0.005495129078719518,-0.01670735790066158,-0.014764640289965825,-0.04146311733134889,-0.03041736650778415,-0.037577682109957156
SBILIFE,2024-01-23,-0.04518948819186208,1.5351352749748453,0.02548167853734995,0.031188676418802297,0.018647782198518703,0.0683023999795529,0.09174841960877855,0.06728465927162852
SBILIFE,2026-04-21,-0.03576293791377683,13.168681907843931,-0.014019631251354192,-0.07464948367564983,-0.054038464154169796,-0.02751620436164459,-0.02479599551131695,-0.05440468786788
SBIN,2024-01-23,-0.03608128142423339,2.5161505753586106,0.021814597156857074,0.02949931803221273,0.05850276952958655,0.11593129605753827,0.27499591989395156,0.23004465017907072
SBIN,2024-06-04,-0.1440402017229886,5.754949816657019,0.018769333802697297,0.07062693387236174,0.07785084447318091,0.09984515242530101,0.08352683047005338,0.11280961149375757
SBIN,2026-03-09,-0.03893263342082243,2.1020476986985885,0.012471507666704573,-0.012107463657828887,-0.028948610676490683,-0.060628107042273505,-0.05238966666192535,-0.11370052290765809
SBIN,2026-05-08,-0.0665751027536916,17.817727068051177,-0.04483470298668668,-0.04826843205753495,-0.05503774772666048,-0.06877266401005355,-0.03664277056140186,0.018444018461802658
SCHAEFFLER,2022-09-16,-0.050146908150984104,3.641889776727579,-0.04022360580467266,-0.05215591330470615,-0.08046141368577209,-0.08844935425236844,-0.06763527599033681,-0.17213152175803137
SCHAEFFLER,2024-06-04,-0.05825602357748583,2.1678364112170527,-0.02407751790740098,-0.02185232973855389,0.0220759638515291,0.09700465963807847,0.09860597187016307,-0.019556429497994854
SCHAEFFLER,2024-07-09,-0.040150123962067075,5.138840305095228,-0.032302740743256675,-0.07056109519314901,-0.058754376145829124,-0.04003817736046633,-0.08357761217240745,-0.07914571908173951
SCHAEFFLER,2026-04-30,-0.04668577450270761,5.196295567472316,0.011976433515357598,0.016679668402467485,0.029843896306520623,-0.023079836971254486,-0.010909561188457317,0.015734191645191187
SCHNEIDER,2023-04-25,-0.03525204653094316,1.720961617545651,-0.007993114160836257,0.010562410322486171,0.0416785801092987,0.0445332761836561,0.22409364183704872,0.48872400277733496
SCHNEIDER,2024-04-18,-0.048565646928510176,2.8556004636318533,-0.04998675903567684,-0.03048133750447246,-0.009918010948069989,0.08377410018950604,0.16007668055925373,0.16675479178835828
SCHNEIDER,2024-09-16,-0.04132175289764706,9.130644750151655,-0.014346535235025493,-0.04722911325331902,-0.013902128950198489,0.0360565765233527,0.10455147976056778,-0.036183582957673766
SCHNEIDER,2025-11-10,-0.06259065078367099,1.5429805857269683,0.01646038093189195,-0.0060024450321009,-0.02147274206180383,-0.09121288639484071,-0.08267325221902078,-0.13879953516591892
SCI,2025-11-10,-0.05047855729344308,2.0257103748776624,0.034980261278717784,0.04169955649394752,0.032806275861536616,-0.05296440275290282,-0.11569171649194054,-0.10185772439707896
SHREECEM,2022-12-29,-0.0423113746564131,7.78684262253614,0.0014060098143549027,0.020475742257624052,0.04219205176991636,0.025717248083889643,-0.05828633756866286,0.0927064521590506
SHREECEM,2023-01-23,-0.05666849495094428,3.6915460048215656,-0.01860699942433086,-0.049305424261358866,0.02810689641431896,0.05318385718658036,0.15166219159523076,0.10665207287513234
SHREECEM,2023-05-24,-0.03129315328203508,2.729519969778237,0.01068321272232442,0.05295983405097493,0.048952031581115385,0.07522878642448405,0.06960789820968172,-0.02424887794719488
SHREECEM,2024-01-05,-0.047062708839199274,9.912031463832772,0.011336498522325655,-0.0067034886704399055,-0.0055248906289638855,-0.013832536013119512,0.02020847171097273,-0.07451165190919584
SHREECEM,2025-02-28,-0.036119053518497424,3.3872655058086867,0.014473698527525336,0.03193993618054547,0.025700015347822847,0.016515159411193414,0.1095660603513049,0.08066998973757511
SHRIRAMFIN,2022-07-29,-0.05558023922338562,2.628651440691624,-0.003551407657097272,-0.014133082955388732,-0.012538582422893185,-0.010907808053897572,-0.01819177136866268,-0.14846897868137976
SHRIRAMFIN,2022-12-29,-0.05498339675411734,17.974312204653668,0.04926649675893913,0.02850059104912317,0.005829676921828231,0.0003047687885131545,-0.05425797230266827,-0.07148031584325609
SHRIRAMFIN,2023-04-28,-0.051901380591813706,3.483386506143019,-0.005477981071818294,-0.0036769492313754037,0.011481306036061678,0.006003324964243273,0.0571815300171401,0.2782156216067484
SHRIRAMFIN,2024-02-27,-0.04536947035058525,12.916729692508627,-0.009947734596640667,0.03289914219803092,0.024911432585051907,-0.02149724323650204,-0.005311118430493034,0.07557744166507319
SHRIRAMFIN,2024-06-04,-0.09901754230199344,2.3400202622802206,0.05606664918973925,0.10494532700528159,0.12044939552059697,0.2346839074485998,0.2608705453746303,0.32226734245319366
SHRIRAMFIN,2024-07-23,-0.03119465626114426,2.8316243549285334,-0.005457891214509791,0.06782997101877486,0.0631022645196071,0.03563076361567763,0.15327461774763296,0.30501600356781133
SHRIRAMFIN,2024-10-03,-0.0450649673784842,2.4097598995241905,-0.021469444382286484,-0.023522567074671596,-0.02107346326836579,-0.04425876613931845,-0.07936646602072095,-0.09247689588041796
SHRIRAMFIN,2024-12-17,-0.051172107685046986,3.123297839235188,-0.015284315078281208,-0.033474407122059846,-0.031559639009110074,-0.019567375992674663,-0.10443748894123517,-0.09545167224927131
SHRIRAMFIN,2025-04-07,-0.060587480209798095,7.664340998741572,0.04470686027203796,0.04039085959766897,0.1010586120406658,0.13460916028348935,-0.020439719532522438,0.12092833876221509
SHRIRAMFIN,2025-04-25,-0.059499046514631226,3.6087089571768143,-0.05067156835848874,-0.06639194015499317,-0.04021678286044905,-0.014117826354797414,0.014194120298688384,0.009844340791912431
SHRIRAMFIN,2026-02-02,-0.05676472981770819,6.029814090925458,0.03980880345080484,0.031077876699719065,0.1045629125233789,0.12815721022447035,0.09396115446215147,-0.07327720797109905
SHRIRAMFIN,2026-03-04,-0.040380047505938266,3.0646213861024223,0.029207920792079234,-0.022574245339572974,0.021485100170173244,0.011485124342512476,-0.08118811881188115,-0.005841608330754866
SHRIRAMFIN,2026-04-27,-0.03624044677276239,5.120823705339774,-0.021956624304121486,-0.038270197397828776,-0.010516595437590093,-0.045349624070038064,-0.023085209497148984,0.04550348789310288
SHYAMMETL,2023-09-11,-0.035378341652059,5.180030948075811,-0.02958450106042243,-0.010304695615477866,-0.027922451198926557,-0.021717424471952795,-0.03922440378289482,-0.009750678994979278
SHYAMMETL,2024-01-31,-0.03584132996857903,1.756827104903047,-0.003618030415911133,-0.028447769778989218,-0.017877377701712827,-0.048311561269451575,-0.10996027432220279,-0.11584841769732057
SHYAMMETL,2026-05-11,-0.03508579104264664,5.054919291390966,-0.032289474389842754,0.012502895809458403,0.017033765575849236,0.103521451323342,0.11642578736087783,0.06486578181324565
SHYAMMETL,2026-07-08,-0.034577787899526036,3.0912683237803664,0.021597511019989968,0.10879517709498798,0.11353479526677224,0.10965697366865634,0.10906447208779735,0.15538321085101026
SIEMENS,2022-08-03,-0.04463244038007819,9.255834152443427,0.012946244540015472,0.07419732989572081,0.08547985944877246,0.09010768812414671,0.12267412557333857,0.03532018082779653
SIEMENS,2023-05-22,-0.08676492817914361,15.071178738268216,0.0032061757250994027,0.02575223097286261,0.03323822157839751,0.035973701468246855,0.120010555331167,0.08881666455327597
SIEMENS,2024-01-30,-0.03762588449880788,1.7141650034563731,-0.0007602475833481392,0.004525149399591033,0.01766596965594336,0.04094315668768944,0.1066115241247616,0.29696762192468107
SIEMENS,2024-06-04,-0.12398273178448782,3.296864029654497,0.024489392840279844,0.07892941905809847,0.08300183579557263,0.18296027159801165,0.22455527679288356,0.1030499688072708
SIEMENS,2024-07-18,-0.046514787888130016,7.22613098313878,-0.03805533699150376,-0.0466915502618408,-0.039915999760773646,-0.012975345663460813,0.00947876211550902,-0.057707937737591086
SIEMENS,2024-12-20,-0.10000463206171428,32.57969822736796,-0.0070098289222456645,-0.02378112723648751,-0.06337256154755011,-0.05760746181148213,-0.10663278926814201,-0.2734134819362892
SIEMENS,2026-02-06,-0.03751516631155305,3.5766447896533635,-0.021157342801129797,-0.007745058212266787,-0.018796030504895755,0.009445249184935944,0.016592139028410724,0.014577183281878181
SIEMENS,2026-05-11,-0.056767643608089946,3.192526236735842,-0.008653260058646306,0.024461933875919106,-0.0195529171540203,0.0171677115229687,0.003938304522763225,-0.044236741646329514
SIGNATURE,2024-09-03,-0.0573901826223745,58.68656456189496,0.015814989529163048,0.019183664282195867,0.03886381678675588,0.05432429554511109,0.14386012450729924,-0.016772471611002593
SJVN,2022-10-20,-0.034321326062595525,2.081964424626101,0.02100160266582618,0.06300486962425045,0.15508882451493267,0.16639733713184324,0.19386106145705173,0.20193860568442878
SJVN,2022-12-21,-0.061760802135107706,4.145964182623074,-0.05322133011972696,-0.05602240776633882,-0.030812388384044098,-0.03921572817814234,-0.04481799032562872,-0.07703081067871587
SJVN,2023-09-12,-0.08398443126740329,2.6686911144187078,0.07889130308651571,0.0710732069431288,0.1620469335201551,-0.006396545245238694,0.006396653694346055,0.07746986063747463
SJVN,2024-06-04,-0.13936428780198595,5.803660851682078,0.024756518890492574,0.08238643998942274,0.0844967850647167,0.07069810819497313,0.10673708994325626,0.18920453032467632
SOBHA,2023-10-04,-0.04719885798015089,2.575683188639048,0.06481967358346341,0.07438072959869069,0.13792060862566458,0.15357975796204792,0.12587513741295497,0.4578031718981157
SOBHA,2023-11-07,-0.03262109090310683,1.8287709267548686,0.03753367104005689,0.0822322826337274,0.1319923225615427,0.1471109706005782,0.27147833217920314,0.668572813298145
SOBHA,2024-02-12,-0.049078006126110796,7.641298430093675,0.006599608484300523,0.03581619147156201,0.036854361627189025,0.17474316399938372,0.03763301187382795,0.18742352218935965
SOBHA,2024-05-21,-0.05143488567644139,2.0874831103054805,0.019442465309714274,0.10182539941364799,0.07884536512133855,0.02207443045139379,0.1425781940931441,0.09316540290699726
SOBHA,2024-06-04,-0.06775942178626737,1.7042512157388348,0.009220558999896156,0.1551986709123634,0.11388424996538826,0.11790116262719774,0.07808389865706777,-0.009718980383843223
SOLARINDS,2023-11-20,-0.058724037615858204,1.9266580747191135,-0.0017824915322001145,-0.030209142865485483,-0.04162291449543587,-0.14646015922608346,-0.027973851456371768,-0.025796046188816257
SOLARINDS,2023-11-30,-0.03785754918501516,3.447946856251515,-0.015924868243876178,-0.055852375686421096,0.00084280129292158,0.0807613271367964,0.0697419428623427,0.010590102989463945
SOLARINDS,2024-03-06,-0.06982469468696706,1.7556696657201463,0.040840682840204146,0.06178740313756048,0.12836129255355355,0.2328041562115819,0.2087333909758171,0.20705011500311366
SOLARINDS,2025-11-04,-0.037921050773250475,2.1549737890422134,-0.018203170874926622,-0.015927774515560822,0.033763945977686394,0.013578978273634856,-0.057912507339988206,-0.10701702877275399
SONACOMS,2023-07-28,-0.04471306356663851,2.9769586874520075,0.008847991888188744,-0.018580782965196274,-0.01300650487255195,-0.016722618262505873,0.04468235903535289,0.02158912180872319
SONACOMS,2023-08-23,-0.040157011161142564,2.1718853884934584,0.003749168801631786,0.0060497407409989545,-0.01261070813368359,-0.02002385863059286,0.007072298057931636,-0.07890250299273016
SONACOMS,2024-03-13,-0.06470632712302071,1.9340712884272362,-0.005603074841926015,0.03198441679839492,-0.007237392084143979,0.0987548828125,0.0364980734739786,-0.05906616685919264
SONACOMS,2024-08-05,-0.04476209529118025,1.8571049685957812,-0.010632642605887477,-0.00463277573642229,0.011088401456425867,0.0626566439275511,0.0796688906388281,0.11042760674871688
SONACOMS,2026-05-04,-0.05236720921032323,6.844133499104042,0.004170585329734688,0.005560886504734297,0.03145360188023694,-0.013728428614960708,0.06238589385239335,0.07637503045393834
SONATSOFTW,2023-07-11,-0.03189227458812394,10.73753335837552,0.035975698535609446,0.10191383702464529,0.09391339327187298,0.10128637877503421,0.06525827502854664,0.15216475330199097
SONATSOFTW,2023-11-22,-0.04837409658156744,10.964610143151285,-0.002188510749742134,-0.037357001144122104,0.04365351566798603,0.10754044498718751,0.14420634240688557,0.18283035142338488
SONATSOFTW,2024-08-01,-0.098663165611242,2.7159574382843212,-0.01023872405052495,-0.022434726893532653,-0.06903566202763345,-0.07302566922705223,0.002409057482680943,-0.051042721023717985
SPLPETRO,2023-09-12,-0.05280664011743108,1.97596450340126,0.032155385645793455,0.0730904024294563,0.052129059881100615,0.05070238321785103,0.1797629341512259,0.25691399636187073
SPLPETRO,2024-03-06,-0.03631658057567544,2.8884320277156776,-0.02047629405438134,-0.05184425274121962,-0.08720591042988568,-0.10848090882999517,-0.045672309449494075,0.0012344418403014146
SPLPETRO,2025-09-29,-0.030858494815904747,172.49494663908476,-0.013163327110509937,0.0046842718138526696,-0.042276933784835435,-0.09285501072394753,-0.08983101096946333,-0.21375630002964718
SRF,2023-06-09,-0.03351299812501318,2.674969700485815,-0.0378029614197114,-0.032514302830642605,-0.013273243877066188,-0.04457342511608908,-0.09955957822161488,-0.05990453626091752
SRF,2024-05-07,-0.06598778542119355,13.118046310052632,-0.03216997201249605,-0.05743014387310441,-0.053830437304496104,-0.05085137328275258,-0.0503961950086359,-0.011006101570819604
SUMICHEM,2022-10-27,-0.04330599429831805,7.19752651509747,-0.05285993647528342,-0.01903351853349977,-0.033629167244514147,-0.07337280514207356,-0.07199211045364895,-0.0902366863905325
SUMICHEM,2024-06-18,-0.037986120711852256,1.9746673622950697,-0.010237112627111133,0.02893556101561523,0.004387352199506811,0.07092861615453261,0.04126188290367194,0.12065189857720426
SUMICHEM,2025-05-27,-0.057766082372605165,6.813046916353203,0.013513488926886197,0.007054824536665727,-0.00039748052897303765,0.01560011008645934,0.0354729235948299,0.1795508215305146
SUNDARMFIN,2024-03-11,-0.04192202879118545,7.232027267681782,0.010002840949183911,-0.007816353190729597,-0.03234607792545663,0.04170795655986215,0.11568664146423635,0.1775135497322573
SUNDARMFIN,2025-03-27,-0.06740189466797042,2.915691029497857,0.01492057088343679,-0.005679822627553621,0.01587455661763415,0.09797647990747449,0.16626727677264652,0.13130098044080074
SUNPHARMA,2022-12-08,-0.03630558801968187,11.026881289464184,0.01228587677706261,0.014121163125480285,0.021818948491442836,0.030434377031614,0.03609301065930981,0.048276954741447886
SUNPHARMA,2024-04-12,-0.03993020596515562,14.104830944849178,3.2499239042138583e-05,-0.015324659471387947,6.49192116477515e-05,-0.01194806780133928,0.003409090909090917,-0.021525989879261354
SUNPHARMA,2025-04-04,-0.03426555051641944,1.594798041415363,-0.025155761321060233,-0.033433776131463255,-0.002544812734704305,0.046479699521423834,0.03384325995974424,-0.015356714759949597
SUNTV,2022-11-14,-0.08845939328992025,3.491359369308564,-0.010450880732980727,-0.03911614145065856,-0.039414786642735455,-0.028167599730393067,-0.007663991354112332,-0.04548622638775701
SUNTV,2024-01-15,-0.030804985143063512,2.476181349933755,-0.01985602468787462,-0.023710797154018914,-0.09847990545477336,-0.04196674101215281,-0.08887924290659988,-0.13637355201874146
SUNTV,2024-03-06,-0.04333638382714333,1.8628070013472129,0.01063482307733321,-0.01209613884025873,-0.03604483086057886,-0.03645074089482159,-0.011446742244948127,0.06640682214263016
SUNTV,2024-05-27,-0.043063225469082256,8.59764651307723,0.03777583738428825,0.05277621031564572,0.05646736793100948,0.13932293688908515,0.17882662564996954,0.2677294347530226
SUNTV,2024-08-12,-0.10694223744763409,8.145013355708935,0.0010991993496340946,0.003602848376906831,-0.033097186113771215,-0.007022472014806436,-0.01044209565270604,-0.01148017039453475
SUNTV,2026-05-04,-0.04912483685491553,15.910094279710016,0.007380394512781718,-0.008248676220167894,-0.01406612126308704,-0.0950768469587776,-0.10063376509291311,-0.11270290202386368
SUPREMEIND,2023-05-31,-0.030004021361651367,7.133408663264383,0.008488670107466012,0.016904959700226208,0.03064249858597279,0.0813755832861991,0.12289592760181,0.32000000000000006
SUPREMEIND,2023-07-28,-0.07862332405645822,6.099595510506662,0.05661049717473965,0.0492141946284268,0.06530147602690684,0.21178345094563245,0.3258229463844726,0.24190420383583744
SUPREMEIND,2023-09-15,-0.040687793423226926,2.291723707280624,-0.0018687929356332456,-0.010533573625333914,0.017098939840131555,-0.02537524293182314,0.12267762273041916,-0.01203836139248482
SUPREMEIND,2024-05-31,-0.04113370318745457,4.672162131804609,0.05489231879465506,0.047275275766119895,0.08923558024799871,0.14437427863653918,0.1305043935227055,0.009218186570322917
SUZLON,2022-10-20,-0.03783787907780822,2.2678235934901574,-0.028089888844431754,-0.0561797776888634,-0.08988755857864372,-0.08426966653329515,-0.09550555777841452,0.3089887772887485
SUZLON,2023-02-01,-0.06122452752980356,2.048180031543629,0.0,-0.01630430670000793,-0.021739110153428554,-0.021739110153428554,-0.08695654427396826,-0.14130431965753965
SUZLON,2023-08-31,-0.05029017892553189,3.7128272479025903,0.018329970546806962,-0.038696492265332005,-0.0183298928543959,-0.05295312739146951,0.05091649852734026,0.246435899487774
SUZLON,2024-02-28,-0.03030299657105373,3.0624420494569153,0.047453685205006035,-0.009259294417005237,-0.1041666648270172,-0.09606484843951957,-0.042824126299679244,-0.03472222160900573
SUZLON,2024-04-15,-0.033214744370041016,1.5674685854285673,-0.006134969325153339,-0.034355865665740004,0.026993827585793717,0.02085885826064038,0.035582840808330074,0.22380365477017827
SUZLON,2024-06-04,-0.050000000000000044,2.106060849895112,0.020000016061883175,0.050526347913240066,0.01599996466385689,0.029473716334292854,0.12694734272203956,0.4311579654091282
SUZLON,2024-08-05,-0.049053960404350394,2.9174137120346835,-0.023286689264367832,0.0747236523042516,0.18437733850505467,0.17067062772995434,0.09756820774442598,0.1752394938399806
SUZLON,2024-10-03,-0.05003759682294173,2.586679391666363,-0.0142574499149134,-0.027854793535994182,-0.004092377011138626,-0.036171588960653867,-0.11617165744894797,-0.1271286766127785
SWANCORP,2023-01-23,-0.04225932415088962,4.419728764033078,0.04917083718231785,-0.03431865579375448,-0.046863734679163715,-0.22898339984566507,-0.24268202998265143,-0.3551549932126443
SWANCORP,2023-07-11,-0.05612627635595946,2.2144495816890655,-0.07276759858773929,-0.06974401467009061,-0.07216290641019829,-0.07538801337704604,0.052408726390938076,0.18524489571828107
SWANCORP,2024-01-08,-0.030432820692492202,1.5159517030454281,-0.004326282342199339,-0.002485339820977761,0.003773909696061395,0.0746501967630917,0.2169550311810764,0.28249265235389287
SWANCORP,2024-03-04,-0.044738961001002164,1.9718334931435542,-0.006935843925698237,-0.05665430762692181,-0.2501029826836525,-0.20313139450373408,-0.09744534205591493,-0.22860864819824311
SWIGGY,2025-12-16,-0.04148523016374006,1.742778752350712,0.00681391093257111,0.04025239673698744,0.02220817108635642,-0.025236593059936863,-0.1241640686612776,-0.1478864507344243
SYNGENE,2023-08-25,-0.03773235548333109,1.970640543281283,0.009199515955793824,0.010961081335769673,0.015919635409009203,0.09545250439674557,0.004828097246564411,-0.0930384159514771
SYNGENE,2024-12-09,-0.05632269990805239,2.30831279705627,0.015151472530242183,0.0024772016573657574,-0.010312261729769623,-0.029150879267696328,0.011406801590528648,-0.14494762678806838
SYRMA,2023-08-02,-0.03717432423440625,2.9444022939577366,0.01842017975040422,-0.012176097314770873,-0.015922622998636005,-0.039130019425300366,0.12384222809502332,0.2730773418119836
SYRMA,2023-08-16,-0.035223354126928785,2.210675353835542,0.027715897932155453,0.04085034525217268,0.06288957976915621,0.2088156394567,0.15705695876173076,0.42275146531247954
SYRMA,2023-11-02,-0.12239608705074334,8.056712153715488,-0.02764537654909438,0.0038131553860820677,0.013060010650023823,0.021162965845447967,0.09456620702752616,0.254623427631971
SYRMA,2025-08-12,-0.06219099332111577,3.2187076510342383,0.032600642514463596,0.06223084089368225,0.06950837463457549,0.09698498288558954,0.2404574890083686,0.25300763360993006
SYRMA,2025-11-28,-0.03534045422129928,2.5817372985564306,-0.00877782652487813,-0.03035662836216091,-0.09387381895763491,-0.09929900909116884,-0.13081376140563095,-0.11868329848940873
SYRMA,2026-03-02,-0.04974159247681664,4.334545998316498,-0.05439303939074047,-0.025340741551979518,-0.025916683474411673,-0.020157420480097943,0.01913356712633174,0.354514633205532
SYRMA,2026-05-12,-0.03361497863988916,18.54027150304342,-0.0367837877175371,-0.057617144703508316,-0.08468185536892558,-0.016647975406100635,0.14006706147271397,0.34021583467282945
SYRMA,2026-07-24,-0.0664492399796196,2.431294034039753,0.021656369856640545,0.04276952068429862,0.060933010187654624,0.10587588075295296,0.11720872023357765,0.33051300987307464
TARIL,2022-12-21,-0.05949466669866821,2.814393905594817,-0.06759101341960239,-0.07105723110235695,-0.04419409364546156,-0.010398653048263706,0.22703643181288236,0.05199306690350847
TARIL,2023-02-06,-0.06276452019556644,4.003955730999467,-0.003762227411307828,-0.031602687292172194,-0.05568091976172862,-0.09631298728526039,-0.08653117305304614,-0.10007521469656822
TARIL,2023-07-20,-0.1998132757308102,5.292517050263053,-0.052508753328401325,0.02100353694113788,0.03500583555226755,0.029171529626889736,0.23628938997780624,0.9801633954634925
TARIL,2023-12-20,-0.030047427727673437,3.9608376043637765,0.026902157327403087,0.1815217059591543,0.1684782608695652,0.3565217723017151,0.4364129771356997,0.857336956521739
TARIL,2024-06-04,-0.050000000000000044,3.51504183100347,0.04854998125895116,0.0769781596849266,0.10340137802653948,0.1005370744103562,0.13168637623634982,0.05320447463524891
TARIL,2025-05-20,-0.030975586053343163,2.9656284951609098,-0.024753887519003204,-0.001851695214179827,0.006139800192985545,0.023584517900771207,-0.04171132327386373,-0.0015592784562964424
TATACHEM,2022-09-26,-0.06263227018601625,3.4774422711964803,0.0036206100289946086,0.027883599092316302,0.02854185008018062,0.09498283944036956,0.11031179905137933,-0.03719376376641714
TATACHEM,2022-10-28,-0.047300485702470585,8.635242790769754,0.0007510028648969325,0.0007067881643501028,-0.007597487483465337,-0.05892482357795281,-0.08224743107197785,-0.19890452148155047
TATACHEM,2024-01-23,-0.06631014907506971,1.902900149932052,0.01384527437611105,0.009163815025816202,0.02400521572594383,-0.016833531758130404,-0.026345945401091142,0.030828240281597585
TATACOMM,2023-01-24,-0.04271155429028162,2.5908942326324262,-0.030084535950795188,-0.06862451010830861,-0.09221653832511156,-0.060320116175993976,-0.0785519618568511,-0.07753280466915724
TATACOMM,2024-07-19,-0.04386641123779145,5.279794741339199,-0.0015097703004517404,0.03360544328197945,0.054797583684952134,0.09111493454897635,0.04632631092312911,0.1448780877034639
TATACONSUM,2024-04-24,-0.053862830772476666,9.198684301090127,-0.0035130606929644204,-0.010494099137827284,-0.01711480392934117,-0.02260953477813532,-0.010719293926371165,-0.007386455039277706
TATACONSUM,2025-09-04,-0.03015216234334317,3.379569197804082,0.0012137511509267007,0.011576906634956474,0.031929860910956176,0.05433673286226104,0.061992368525392694,0.11800954840365518
TATACONSUM,2026-01-28,-0.046824974265411545,2.863680871243769,-0.021735374266612872,-0.005654730639647165,0.01873118064787649,0.018377739760083056,0.03578370582501211,-0.07359961586357466
TATAELXSI,2024-01-18,-0.033392218462504064,6.746073664183893,-0.0004091581389156218,-0.0652472098928375,-0.07420556401015865,-0.08539595685485002,-0.07244278807077242,-0.08120255595754577
TATAINVEST,2023-02-20,-0.048026767390458636,10.55537624677051,-0.019197447302122694,-0.029164017081037552,-0.05726016153655478,-0.03770678083185308,-0.07866446835245122,0.028262270849314985
TATAINVEST,2024-03-18,-0.049995359526729954,1.860269215409495,-0.049998238449890375,-0.125058314116552,-0.21035937834811536,0.007780009452801329,-0.0472514967644494,-0.0823451491079834
TATAINVEST,2025-10-03,-0.05463136842435612,1.738679328743775,-0.005498900152844155,-0.0755849187146832,-0.0706858741693327,-0.11117777529482176,-0.2014597055996551,-0.26754652405033486
TATAPOWER,2022-09-16,-0.03708227820317378,2.0654769626464247,-0.016716025802915535,-0.02158275936373366,-0.04993653364098016,-0.08379180192994296,-0.07765554746732839,-0.04951331695784833
TATAPOWER,2024-02-09,-0.03755519887625791,3.706825443823801,-0.07753122525700407,-0.04692678808994122,-0.040295888968631344,-0.034940096898173456,0.053685252398112615,0.10163225065850967
TATAPOWER,2024-05-09,-0.049534509591168785,2.8591891064774284,0.0032648273361925995,0.040749712463157506,0.04945589409197404,0.08149942492631523,0.07267228003136328,0.04824670424916877
TATAPOWER,2024-06-04,-0.12473986028289663,8.112245709880288,0.058058011349086724,0.10998493748287852,0.12212208970869542,0.10698198034793238,0.08571070940155989,0.16216212913716133
TATASTEEL,2024-05-30,-0.05796273230138094,3.7653471414259423,0.01858058583712885,-0.03167832556558847,0.04812677093521733,0.11215354460335236,0.060067017831078484,-0.007797738817487021
TATASTEEL,2025-08-14,-0.03046566267424533,4.772192492051636,0.01712816232993153,0.042627140934319296,0.02092723719340084,0.005602028976764206,0.08969731102412615,0.09793941504308279
TATASTEEL,2026-03-04,-0.06767451377206812,5.150467176192078,0.01951919727583351,-0.02907538934034759,-0.010115337150370163,-0.0067096634681871326,-0.0032023058898243972,0.09525748945330137
TATASTEEL,2026-05-18,-0.03288133990240971,4.56632780585376,-0.002002829689989216,-0.0053884166069113615,0.0024319035358755237,0.00424395289282864,-0.06537602534424314,-0.11658963055774152
TATASTEEL,2026-05-29,-0.031113147511555694,1.5915217602571203,0.012258451107509005,0.018603956531596966,-0.006009037469121292,-0.04884147415362039,-0.08869337837372959,-0.11426787705151387
TBOTEK,2026-02-12,-0.04303728596626255,2.7372917266481247,0.032948369565217295,-0.029687466828719478,-0.06813862012780236,-0.14646737471870752,-0.21032607037088147,-0.13770377117654553
TCS,2024-03-19,-0.042191439174443124,7.582910480847628,-0.0016091686334454014,-0.01669477928976948,-0.03429465838881429,0.0065370979510737115,-0.028335793072760795,-0.036532332749432905
TCS,2024-09-18,-0.03539999854783016,2.7170128714531665,-0.011504435218177012,-0.017866365424228814,-0.016428311021956743,-0.02609203660522541,-0.05456551377021346,-0.04607526304879894
TECHM,2023-09-28,-0.04590076692153677,3.9544175504348704,-0.005449329948657988,-0.019926799511996718,-0.010248048463552206,-0.028792211804849477,-0.08344853646680561,-0.0063440820074217585
TECHM,2024-01-25,-0.06101062205531749,3.0469695041989238,-0.005824343222870398,0.008774233317581093,0.01214018090467861,-0.008320411174864706,0.00015124326953608325,-0.051208404176678046
TECHM,2024-05-30,-0.03544636582589067,4.379746375666544,-0.009993169728844231,-0.0012490847308761488,0.0617318588814626,0.11935365152906874,0.15271789799610302,0.22927832179362162
TECHM,2024-12-20,-0.038931756894744374,1.8256331266183736,0.01562822859514279,0.007502684960355888,0.03250195733863337,0.00014827555099783396,-0.006791063675805953,-0.015984147837674767
TECHM,2026-02-04,-0.041479726869720346,3.6163469221084483,0.0005469533319415465,-0.01434394758151214,-0.00662494626547061,-0.0853947582996013,-0.18963106469377666,-0.10447943798245152
TECHNOE,2022-08-16,-0.04870187137542259,3.931109688638975,0.06350345731621676,0.014805653210116176,0.021405637749908335,0.02336788653513877,0.027292275230895946,0.0
TECHNOE,2023-02-15,-0.035776967143606675,6.188101182338939,0.0019601839190397374,-0.0036404880658837957,-0.06468777851776186,-0.10627278509771398,-0.061047375911350454,-0.02604317600557815
TECHNOE,2023-05-30,-0.06822947290927672,5.650003392713838,0.04674256782624564,0.011784908944713068,-0.03760596392347104,-0.01999475155855046,-0.029661048797655076,0.26840573216445196
TECHNOE,2023-09-12,-0.056655393640293594,1.7926546316103946,-0.014990328820116083,-0.007543567532035778,9.668818756036757e-05,-0.013829775428403024,-0.0027079775900629155,0.1652804878279135
TECHNOE,2024-02-01,-0.031305381334072124,1.8167851571808418,-0.032885246512986854,-0.029287396947556554,0.015148645622874435,-0.022596760540786187,-0.10755539933240799,0.022407371650501773
TECHNOE,2024-02-13,-0.052093830006155084,1.7818745691404019,0.03253494638327514,0.10605457379511818,0.08063869006778113,-0.01676643457875915,-0.14524288012516628,0.09634068451638389
TECHNOE,2024-05-27,-0.10786936988451146,4.12006944877502,0.015613866611377647,0.15094973343497053,0.43147530230518627,0.21526156123325246,0.4821726900690071,0.5422954146956458
TECHNOE,2024-07-10,-0.03475178879049812,1.9883855337545588,-0.021875626567412265,-0.0015696851407788204,0.005343664505016665,0.11679245103020208,0.08038873658977574,0.03807360959824435
TEGA,2023-04-24,-0.036008854502255105,2.5413107153702357,-0.0024443902158372,0.017722155431103337,0.00817361045125553,0.009319435848837099,0.1568253400480244,0.43961501087219346
TEGA,2023-07-24,-0.06158442203907011,2.6352009137914663,0.01768212567864369,0.0085379530189027,-0.006062443089820735,0.02980701185828516,-0.040315271215451864,-0.019854525787306954
TEGA,2023-08-14,-0.10294660916663023,6.199333223510436,-0.013015159491468364,0.02081399124286376,-0.0189029937552605,-0.01409974560803473,-0.0029438856087282694,-0.09823363080696168
TEGA,2024-01-16,-0.052057363505600196,1.5931853894153813,0.004168532474796205,-0.004304485727231522,0.03633889948884228,0.035659243847700584,0.19003167301483925,0.06370643301144097
TEGA,2024-02-09,-0.05529284330398321,5.3694012182191475,0.09334612334524217,0.1285272859822144,0.1730839510647597,0.1395867276477485,0.04255416078547247,0.19269987069613514
TEGA,2024-11-14,-0.06004238800923656,3.089067919726249,-0.11097005629937828,-0.09454733842766483,-0.11089239675074469,-0.10584123757447217,-0.1257868404756508,-0.1511980186949553
TEJASNET,2022-09-16,-0.03624163001505132,4.594146472810405,-0.026298522225128074,0.038669567578460295,0.011715589967352225,0.10429301275957825,0.13804686496008922,0.056038035213975546
TEJASNET,2022-11-03,-0.042766283321808096,4.521440911056667,-0.015808823015296958,-0.0593402106258224,-0.03612345192164712,-0.033603176401107326,-0.020543778763178144,-0.11661835221861905
TEJASNET,2024-01-23,-0.1373208550658438,8.983396013664526,0.05642234325088258,0.016543359506346667,0.05642234325088258,0.025353027015383223,0.00941492938802968,-0.06825823806321452
TEJASNET,2024-06-04,-0.09942270686337396,5.526027769246653,0.0694206795687915,0.22018041366185903,0.3010446343779678,0.3570274939903846,0.3791547958214625,0.16828105524394577
TEJASNET,2024-07-22,-0.06579131396551485,4.8495441221128655,-0.03149874354289661,-0.013863988704532426,-0.018701236966768287,-0.12481430248405068,-0.0379356685036184,-0.04212534666015999
THERMAX,2022-08-03,-0.03898273317300427,7.1340787803252335,0.031809626176674044,0.028576438790549386,0.057600440385769947,0.1258704355773994,0.2037156395663977,0.08142661721758504
THERMAX,2022-09-26,-0.07980302128809791,2.408434758367978,-0.012670940487840676,-0.0077521576259507174,-0.01439354380142821,-0.04823543839058997,-0.05979560742795753,-0.06689033356568486
THERMAX,2022-11-14,-0.0377908422777089,1.7424977667696295,-0.00911587040087869,-0.051048852793794564,-0.06332779894288854,-0.10816033000411862,-0.1189236468629874,-0.13933004916598024
THERMAX,2023-05-18,-0.07337484479833056,23.548781683887633,-0.023332394646702226,-0.0011842441984347696,-0.004933993911742762,0.03828770709550722,0.03116082700076772,0.021402483486432144
THERMAX,2024-02-28,-0.031418129288055985,2.3899850206574818,0.015339293309573732,0.032102280220111634,-0.0020098682616578323,0.007662661083025268,0.1970381720946377,0.31097332458898763
THERMAX,2024-03-15,-0.03482234259211159,6.866670372163663,0.059255736363866385,0.057705844063792755,0.11905685711020286,0.23413835749396195,0.36126063886703563,0.4182488571488834
THERMAX,2024-08-02,-0.03781714668137104,9.646997919064528,-0.08847782382296909,-0.1191641214023017,-0.12597554861231253,-0.13448224042564905,-0.12029766123039087,0.0232530937476918
TIINDIA,2022-09-27,-0.03534605266307578,2.67752287267838,0.024905905414898344,0.0646507156151408,0.06831675563177608,0.027582767196751012,0.061954437753421354,0.004112231003236433
TIINDIA,2022-11-09,-0.057869572825332005,2.13761302015845,-0.053223302232423,-0.07533822532421453,-0.04183406284863889,-0.048265891636516955,0.08505030839051475,0.025063579504030375
TIINDIA,2023-03-17,-0.04397295146520519,7.355226059359437,-0.003352631635378911,-0.026134654384374123,0.00045089788991270474,0.0045486119620625765,0.03344772035217125,0.05907260164444672
TIINDIA,2023-05-15,-0.03762432010138017,3.9785718702940307,0.013283663144445512,0.01645810932325409,0.02499901738499677,0.08278213091089048,0.07327761429565505,0.21699857525437727
TIINDIA,2024-02-02,-0.03581306154732444,3.578339451180041,-0.009865518982402621,-0.011951165979178113,-0.050713515046137525,0.0037733260153676174,0.019182190544388078,0.014873751693708748
TIINDIA,2024-06-21,-0.05462332265582637,10.573520826733471,0.07654550990868003,0.06263729366723148,0.0692901525136509,0.06239874592041672,0.034230866166133245,0.03271193238875281
TIINDIA,2024-07-11,-0.061817476084067624,20.343355625910878,-0.02235977961090585,-0.036128753991627516,-0.05798246200756707,-0.020182643175107096,-0.056852750691905096,-0.08281358568073094
TIINDIA,2026-06-25,-0.036744992903327556,2.002149062722381,-0.010379813743246591,0.014079895219384353,-0.025605746945604135,-0.03130324088285852,-0.09397511460379826,-0.05507529507919939
TIMKEN,2022-09-16,-0.07681527107384556,2.6960682205189435,-0.008882985913571284,-0.018956102610143577,-0.020215294835509545,0.0584379396613548,0.04793361005635677,0.007899786793851948
TIMKEN,2023-02-02,-0.04226475558863729,3.888906942799045,0.007143021521275772,-0.050897780887936284,-0.025473296942037038,-0.017645380510841968,-0.059704186873030696,-0.09819144265973978
TIMKEN,2023-06-20,-0.06819156295279505,218.26821010040666,0.006798281402632389,0.01564225813702569,0.055786222096618765,0.0245324224197514,0.024286314133757703,-0.012273946685450121
TIMKEN,2023-08-14,-0.053781918981081644,21.205756598233165,-0.02190291262135924,-0.004287393810679663,-0.0022989987864077133,-0.009196146844660191,-0.018702897451456257,-0.044256295509708776
TIMKEN,2024-10-18,-0.043450337200721556,5.4534121224300405,0.0005760557685201562,-0.0482218011593708,-0.07528148849274696,-0.06127848485948373,-0.12483366908683302,-0.13410500608669018
TITAGARH,2022-12-21,-0.04909307809665975,4.980042643858114,-0.015768087524287044,-0.0160224265385569,0.08468969165605067,0.18463879280784878,0.11876902400721256,0.09308233583336367
TITAGARH,2023-01-24,-0.035652550637881975,1.6709199787894657,-0.0134438722028003,-0.01299571577774572,-0.02733583245158533,-0.04526099538865236,-0.07483754158644107,0.10799913404745687
TITAGARH,2023-05-24,-0.04168516216856055,1.5012885813722747,0.08715101197571351,0.09949097827315967,0.08807656593590485,0.20623170557536352,0.44686104837556373,0.9214869267739101
TITAGARH,2023-07-07,-0.033483663800362495,3.0526466837305675,-0.01091919767065519,0.036231883179901114,0.0656144272225756,0.2214611576128358,0.29352783800443505,0.6553503426365999
TITAGARH,2024-07-31,-0.03198311881428595,2.990589756780549,-0.03736541726312492,-0.13255816792594155,-0.1458723217236776,-0.13274226390570631,-0.13139247637628404,-0.23367179881020672
TITAN,2026-05-11,-0.06728762527029275,3.2355356811614717,-0.03573807431474196,-0.016739561705589545,-0.008536213979012608,-0.011032885026231676,-0.02394431067485936,0.09054589020475734
TMPV,2024-05-13,-0.08302682117903837,11.360323528421182,0.0051055216609141585,-0.02432922697154216,-0.008804388858589474,-0.01271165637617222,0.028496978990297128,0.04766866371450895
TORNTPHARM,2024-10-28,-0.03383490195615457,2.8186752782680045,-0.030467045652538327,-0.03438660430764262,-0.03501971961699801,-0.049763334416129124,-0.027813791225644535,0.03155249133929017
TORNTPOWER,2024-02-29,-0.035653554018818756,11.612944313969878,0.03562650209569984,0.06202159586225964,0.06192884122274389,0.07245904101216039,0.3596047542472054,0.3770469301102286
TORNTPOWER,2024-05-07,-0.046924876254036074,1.6249365849414836,-0.030662764447150437,-0.033539729663601636,-0.009613948413601636,0.006409358214220617,0.04836127051279138,0.10262201341155319
TORNTPOWER,2024-06-21,-0.058047757553564394,2.2670559355623006,-0.008280921597802915,0.00515481076969615,-0.003358892495141763,0.004024110562117045,0.003824537022677932,0.1954837433630432
TRENT,2022-08-22,-0.060115186039029544,3.447757939130769,0.024884007191010804,0.03447230018243208,0.035423521568341165,0.05772009511842291,0.10003049667783137,0.08374556797252453
TRENT,2022-11-11,-0.03525050970516641,3.6148297428236096,0.005637574239616416,-0.017053713688373606,-0.025369084078274318,0.009407684807848815,0.02744790517011042,-0.12043269689831915
TRENT,2024-01-30,-0.058973002997461,8.926571721642249,0.010474803355689843,0.023273735672486584,-0.0065303692337814745,0.26065895073752854,0.28889181915716167,0.2923288640082473
TRENT,2024-07-18,-0.0599932386104739,7.008436162645998,-0.0267777907777621,-0.008420494548836754,0.00027318363238193477,0.08708671087642461,0.22490343832414994,0.3625600268143072
TRIDENT,2023-10-09,-0.046753226936637526,1.9161825449954735,0.00544961195590532,0.010899119969108195,0.012261600915111526,-0.08310624451377424,0.0027247540066013265,-0.014986354921712963
TRIDENT,2023-12-20,-0.04582202205285835,1.906921859423002,0.018361516473564654,0.018361516473564654,0.014124293176498215,0.08192083576780695,0.2923728256495923,0.2669490548279734
TRIDENT,2024-05-21,-0.05099500492921505,2.740646542255424,-0.0013106959307430666,-0.007863775616216095,-0.022280530925844477,-0.07994765215641875,0.011271305058378367,-0.015465272057398671
TRITURBINE,2022-12-22,-0.06949065824489042,1.8990345370084383,-0.05342356035213025,0.025583215285334804,-0.026711722769030555,-0.07975915223128527,0.05210687260942759,0.06997745281313983
TRITURBINE,2023-06-22,-0.03698247415923506,1.8541863553478635,0.02730291496217152,0.020158188363154306,0.03789233563355987,0.031513157172382344,0.036361317228711165,-0.052819550936050064
TRITURBINE,2024-07-18,-0.0315469687331521,3.8626732252242943,-0.04069821898900694,-0.050028207833510696,-0.024370664874246883,-0.027507497706947603,0.30298394303686726,0.22938947958756284
TTML,2024-08-28,-0.03738691605488753,1.5489084222421992,-0.010329511674605274,-0.009916321750670809,-0.02220838705406558,-0.06404294085938478,-0.11858274989203332,-0.24945764389538105
TVSMOTOR,2023-04-20,-0.03606381435006045,1.8925026652235313,-0.031029745569505995,-0.014583937128402225,0.0040339102133013505,0.07713108184420059,0.09947256358814327,0.19938830103268712
TVSMOTOR,2024-03-15,-0.03877109301475956,2.80986757254585,-0.01693725995161488,-0.015243533956453392,-0.0075733275489565655,0.04069786331314584,-0.060853155397587844,0.05710276212258747
TVSMOTOR,2024-10-17,-0.034208642533546385,7.75904876534864,0.013679164819912382,-0.006251749556778985,-0.07349067923626018,-0.06925447376248017,-0.10566393492815152,-0.05648972572781563
TVSMOTOR,2025-04-29,-0.03240127343661636,9.583902501081864,-0.011322465977407048,0.02960112377313151,0.033190241963531486,0.009139328897862287,0.036594353130349644,0.07925699083546744
TVSMOTOR,2026-04-23,-0.04034746172643644,5.622804373693396,-0.007059507209827731,-0.004867662298960962,-0.005721633263948145,0.051864489374288336,-0.027184742385425564,-0.006917178715663219
UBL,2022-10-11,-0.034362754680861474,1.642587904560313,0.011175428564076828,0.0065417178882127835,0.020291348006171273,-0.0033314153442968175,0.01711136063206986,0.07592604340747822
UBL,2024-06-25,-0.04144457897731546,5.176479683439578,-0.01598197615934993,-0.004984945476891323,0.017785571142284518,0.053131286988038484,0.01197396012728591,0.014303631677417439
UBL,2024-07-26,-0.03425388171150878,4.734792856530127,-0.019980339308726114,-0.010800196367206638,-0.019317611971496063,-0.04494356839868674,-0.014212052612604276,0.05255279765740051
UBL,2025-01-08,-0.035921673606933324,17.216415195998145,0.011320422726406987,-0.02816378262748165,-0.026239503557963895,0.03158733987881068,0.06457414435167963,-0.05490308625321638
UBL,2025-05-13,-0.039720762007121935,2.320361446492017,0.01906068344623768,0.007368894797709302,-0.007417948401964858,-0.0020141361933143642,0.015523666714940765,-0.027166401759213366
ULTRACEMCO,2023-01-23,-0.04561697983162305,7.154796602512114,-0.005846900206211925,-0.019584642117413065,0.034424585523194384,0.03241721299135003,0.07165222156830531,0.07984231575513712
ULTRACEMCO,2024-06-04,-0.052697934612782715,2.6302345909882985,0.012078663384512911,0.054933869379507616,0.10236129376933945,0.10861236514456629,0.1969893876129971,0.20832201445816256
UNIONBANK,2023-05-08,-0.032722512435463424,7.608554986200656,-0.024357280305704387,-0.046684770046027224,-0.042625188915264234,-0.05209740723446221,-0.017591380580723848,0.03112307679124804
UNIONBANK,2023-08-29,-0.06300926517619532,13.454959651890443,0.008115906646286142,-0.001739148126132295,0.041739112743433004,0.015652156221693803,0.1872463945029439,0.15826088725656695
UNIONBANK,2023-10-23,-0.06080080507270624,6.152408096172851,0.0010526155170640372,0.051578963430304325,0.0694736681486432,0.10368419446443267,0.12263159500925158,0.24789476896587148
UNIONBANK,2025-06-19,-0.030807678266960625,1.6435978978730168,0.027205063366363413,0.05304985717825117,0.06042384653467736,0.08526635371290658,0.04746567318486172,-0.0346506056105329
UNIONBANK,2025-07-09,-0.03767057345829872,3.6003657498891726,-0.005048729137755448,0.01673696818755044,0.02593540421175944,-0.00836843132806031,-0.09385152783127637,-0.11930285937409313
UNIONBANK,2026-04-23,-0.07389845973909004,12.590286078886466,-0.015079887666923475,-0.05136058450559222,-0.07662346980146428,-0.07495409669729713,-0.10567027312730448,-0.017194432592724684
UNIONBANK,2026-07-03,-0.06458278962685937,4.484434485285129,-0.012324450009009835,-0.0533447614421273,0.008706837947334067,0.03292666930257915,0.04997246513138798,0.1404746101940202
UNITDSPR,2023-07-07,-0.031142379915324758,2.9198959117473358,0.0002733285883418368,0.01585305812383142,0.032963387715668535,0.13600833225118536,0.09981958711634742,0.1204831883566293
UNITDSPR,2023-07-24,-0.059092460929395685,1.5495004351895993,0.005932580829673739,0.019741203202583657,0.039073237066372224,0.02889582089145981,0.057842709912174106,0.062445584036477486
UNITDSPR,2023-11-10,-0.04808130632928631,6.163470222398894,0.0005744966725362843,-0.0035428268859767353,0.014985421343340466,-0.003064060177795924,0.005410087179724021,0.06989993939439976
UNITDSPR,2025-06-11,-0.06590469841414748,14.504541904623128,-0.01243521255153568,-0.012235685474542457,-0.02792924500350269,-0.032517637203276495,-0.08837612721028187,-0.1300705488131061
UNOMINDA,2023-05-19,-0.05007580040727089,3.082360657084583,0.004314769431834398,-0.0161335255283368,0.02420040279425484,0.07400809138064024,0.0991464925079788,0.08760906721035155
UNOMINDA,2023-10-23,-0.04469225575046465,2.1115335682324226,-0.009858201464358118,0.00873398077888754,0.00778277396228888,0.007869228116410998,0.16724318603508892,0.1282427565088946
UNOMINDA,2025-01-13,-0.056256546828724274,4.432630152851078,0.013949175433264793,0.05903081665496712,0.0025581854924285885,-0.15136600553399548,0.01626602489508433,-0.17390676722491727
UNOMINDA,2025-02-11,-0.08070075254512232,1.9528565153760067,0.004105410839299273,-0.08134820070957927,-0.12275719775563865,-0.13522556960371257,-0.1275215284267296,-0.1353775851930753
UNOMINDA,2026-02-06,-0.05914855861229429,2.3579526852044492,0.039723661485319584,0.07582042213136875,0.07426597582037986,0.03212431016569517,-0.06554406253373268,-0.08929190363908679
UPL,2024-10-07,-0.03170365490907312,5.595510416169558,-0.006031363214932028,0.0070653743018112,-0.002843293837005767,-0.06005510308294337,-0.047647706290786296,-0.02128205384409476
UPL,2025-03-28,-0.030697781329379836,1.5198765036856485,-0.0023575638506876384,0.023575638506876162,-0.034263242110756376,0.03677803444253436,0.06852648422151275,-0.013123733730353582
UPL,2025-05-13,-0.0502326973869901,2.4501121689966836,-0.009255582792006445,0.002100080380127878,-0.02201129955089287,-0.019444661234694238,-0.005055611921020442,0.0473672137566421
UPL,2025-08-01,-0.054916118285406434,3.2827577892910575,0.06998419316600812,0.06036226701528702,0.0354806806279937,0.03878822347739708,0.0684056202810508,-0.014057034169592475
UPL,2026-01-20,-0.08092486848926694,5.846736747036978,-0.04388692993886356,-0.02888938290332288,-0.011541967627618499,0.04872485922346281,0.03345084221258654,-0.15432997792542902
UPL,2026-02-23,-0.14295207188543835,27.928276387101093,-0.022099876348904868,-0.0067462401803490835,-0.03404158285139258,-0.022487593477833023,-0.03776361049460153,-0.008219584201776486
USHAMART,2023-04-10,-0.05980811860189028,1.941934190783241,-0.00807024446949478,0.0424875977515069,0.03275580040445747,0.0007121251346777768,0.11345838997279123,0.21148827126788383
USHAMART,2023-09-12,-0.0370769846938116,2.1751374348696997,-0.03682440120897812,-0.02814342799992442,-0.061467409218325275,-0.026603191928387004,-0.08288996246876346,-0.1300756410336391
USHAMART,2024-06-04,-0.07426352231357924,1.53669923782701,0.016283183420029212,0.08485208503343977,0.11129369178797277,0.16238414581329286,0.20555717144824004,0.13818344282399297
USHAMART,2024-07-09,-0.03796997277267977,2.4612998859882675,-0.0061311133969087495,-0.020820089819673315,0.0011495252916611243,-0.07612726371505696,-0.09848005392361181,-0.13130673856481567
USHAMART,2026-06-19,-0.030052975482595,12.675732276237994,0.009662863609853023,-0.02153135230087988,0.017435182277867334,0.08087385986184192,0.0679550613024793,0.04621363420676672
UTIAMC,2023-09-12,-0.030968085876657003,1.8234876028637128,-0.016419209855811023,-0.012959219868095562,0.0005033019881810485,-0.0059763463424175045,0.004403623620728769,-0.018621021666175297
UTIAMC,2023-12-20,-0.03295442806577076,2.1183154109653604,-0.004274562537299964,0.007777235452424369,0.021550656751171626,0.039242445160217354,0.02641890249050549,0.07866302426948235
UTIAMC,2025-06-03,-0.031234239057881252,2.53272241836267,-0.0014695074823328769,0.05791338800769208,0.0856599304128538,0.11029472978926025,0.10908457819057582,0.14633928877610503
UTIAMC,2025-07-25,-0.04217289644072242,2.4274545507997236,-0.011947837562130137,-0.002507577515187265,-0.04343979891844574,-0.024338077591126717,-0.006268898773472031,0.027066856339747147
UTIAMC,2025-10-20,-0.0440862082147796,4.008505812039146,0.0005223516208021639,0.00022391703591417844,-0.026791062995568993,-0.0952984710237873,-0.14253731343283582,-0.16910445939249064
VBL,2022-08-22,-0.06922029852036926,1.8202605705205916,0.04762169019274176,0.118021239869744,0.08964395632908784,0.18918186262079395,0.22060343845764052,0.10481108507287251
VBL,2022-09-26,-0.062168293803485875,2.8770218584748384,-0.044484303761784916,-0.049452570422910846,-0.015364851971920168,-0.03827402308093597,-0.049866645290230105,0.08170022130788968
VBL,2023-10-25,-0.041777331814537466,3.933887019056244,-0.013288797180454615,0.03647363199396403,0.03850937400825183,0.140974940346279,0.19271659430447818,0.4008143313200545
VBL,2024-02-27,-0.045077318481743234,3.020889004686569,-0.047136969529539385,-0.033503704078923,-0.05961141989848073,-0.04982956857983312,-0.04662574287785348,0.008486778472230005
VBL,2024-05-07,-0.042696464950090385,2.1513302194614283,0.04193237526299409,0.014208504776144881,0.03205572525041944,0.04941783298542424,0.03548652038055167,0.12184642348068331
VBL,2024-07-30,-0.06402416996550953,19.444945118555086,0.0,-0.003201501618017799,-0.07319004543489527,-0.055724662348276666,-0.03131737206399632,0.0037085801616982828
VBL,2026-06-22,-0.03125587874026203,2.0811907906755263,-0.016863289225483635,-0.010332426521919569,-0.010527389191060332,-0.05595089487091709,-0.09650063129352515,-0.14358128991395114
VBL,2026-07-06,-0.04061648349216718,4.501454745298103,-0.021420644584771886,-0.027179977854173698,-0.052035969854294484,-0.05425887798796747,-0.10073760834325973,-0.19076486355895317
VEDL,2024-06-04,-0.0873648563214311,1.53696694949998,0.054684709273056686,0.10242907064207563,0.06198395002552193,0.07323203459744598,0.11020698126198081,0.07239439884681032
VEDL,2024-11-07,-0.03396625760235361,4.797534903010656,0.0,-0.028718047765375454,-0.05350513283810743,-0.03079276324843805,0.08549900506295871,-0.02107445735993152
VEDL,2025-07-09,-0.03407843131484811,3.9802520319512182,-0.003516705145703236,0.016903033935408596,0.015201389011982647,0.033805998630707546,-0.0004537996756240892,0.010777084515031232
VEDL,2026-01-30,-0.1106543883271246,6.772337121679791,-0.030665341872553764,0.009170273805211293,-0.015406059992755128,-0.011591172357714119,0.05406798808759938,-0.006382474747045119
VEDL,2026-04-30,-0.6489788051152765,3.2779990801408623,0.0850672330765383,0.16516298331675694,0.0916959143192686,0.21911251215140215,0.24157617032754009,0.033879626663969375
VIJAYA,2023-12-21,-0.0404714080305455,2.0120144503369266,-0.009810700016898433,0.0030899961375048246,0.04395521391584589,0.04395521391584589,-0.016840516669080707,-0.0034762456546929554
VIJAYA,2024-02-05,-0.04401107947544958,2.827480593136617,0.016044425993977818,0.0676448432159793,0.039103441176048026,0.021930137951356565,-0.003063814140550458,0.05788915901894165
VIJAYA,2024-03-12,-0.04404324695448769,25.805391741898923,-0.006919006919006931,-0.01473339486034797,-0.007570247316341039,0.031664651537698374,0.11168087193477816,0.2378509981049044
VIJAYA,2024-12-16,-0.03564104336477336,4.471088779405885,0.0068912738802271445,0.0007080146940705578,-0.0028793058505937053,-0.0023129171426905515,0.09397708125090887,0.03648626504502417
VIJAYA,2026-06-01,-0.051662189977789486,1.7338045369348913,0.06132643572303165,0.09549520321425908,0.053751269126914414,0.03408810212392899,0.09001527034751922,0.09525340385716219
VIJAYA,2026-06-29,-0.041307207181639494,4.507630569626118,0.03149540549069685,0.06596507037218746,0.027529912485093844,0.05910165264560141,0.030122777800016154,0.1304811783838833
VIJAYA,2026-07-17,-0.050407045077433654,6.987568914628982,-0.004920672046509256,-0.02102443317349123,-0.020427960498474285,0.0023111723500239822,0.09900836645300792,0.11980909962112962
VOLTAS,2024-05-08,-0.05067657991519747,19.17515613381854,-0.03241583137488302,-0.012852648327734917,-0.011639442741824269,0.021762170237541012,0.09914315677815111,0.10156956794997218
VOLTAS,2026-05-05,-0.05384398940098578,2.914347057074609,0.002689113384855668,-0.03713930858290293,-0.07725855581214458,-0.053274255053044506,-0.10240571401549747,-0.061995818965444593
VTL,2023-10-18,-0.04643801082721799,42.14259643716194,0.03389596072740608,-0.020890946099825558,-0.03154397921697161,-0.01272829601882397,0.049944711165980316,0.10874382671352123
WAAREEENER,2025-09-26,-0.06893849039729627,2.6955601149840125,0.022820784681158113,0.03878285900871714,0.07292053099594842,0.06141663362086347,0.08691850486325126,0.024504255868135427
WAAREEENER,2026-04-30,-0.10965196386531861,10.097960953588473,0.0056111323990057915,0.0340836370283073,0.035686817713737495,-0.03103759372598991,-0.00727842465579176,-0.05508530400744294
WELCORP,2022-08-05,-0.06456728680128554,1.9071468243643859,0.021554841433869543,0.007750090226045225,0.09881331778555458,0.13199322064815378,0.19375151654774858,0.3361589255565467
WELCORP,2024-05-31,-0.08744073917933559,8.058243451103,0.0021860136266445007,-0.10265052345469983,-0.02513887874323284,-0.019765072192040933,0.017578947380124665,0.17287541901559456
WELCORP,2024-08-05,-0.03448275862068961,3.643044823023103,0.004523770771329261,0.02746029808407746,0.10603172665550598,0.12841273716517865,0.10706351143973225,0.1737301781063989
WELCORP,2024-10-01,-0.0350384653708119,3.06588885904991,-0.005950401435426023,-0.0716748923186995,-0.04442495919777789,-0.024071928459154734,-0.027452819606263223,0.047670565174229296
WELCORP,2026-05-22,-0.03961806728788975,13.502497975287469,0.015733836075097818,0.07467712282901173,0.07835614527274948,0.054090000458659526,0.09933465707558709,0.2750685122614971
WELSPUNLIV,2023-09-12,-0.06209935745583173,2.526922537036826,0.03161039599978577,0.05467743468280317,0.05467743468280317,0.05510462862089893,0.08073470057120424,0.271678788745493
WELSPUNLIV,2024-08-29,-0.05191544336589771,7.303123203497912,-0.01786256746481374,-0.046666657348322205,-0.03557254703900303,-0.07994914358202132,-0.1570992117923028,-0.24941473031468675
WIPRO,2024-07-22,-0.09224699082555732,3.5985135971272864,-0.010379596929031343,0.002075955586967382,0.03677350152231895,-0.04112295036567404,0.037267768042749116,0.09114281876962615
WIPRO,2025-01-03,-0.03077674773413508,1.6924452647160129,-0.0005095072434808667,0.010528019892754648,0.02071650648004919,-0.04245202744705989,0.059262968130508575,-0.057055587074435477
YESBANK,2022-07-25,-0.0306122323199971,1.5860153003119477,-0.038596504612972815,0.021052644963849954,0.07017543859649122,0.12280701754385959,0.16491230747155972,0.17543859649122817
YESBANK,2023-07-24,-0.036011060720472665,2.2147071377919674,-0.02011496489327458,-0.02586200376186165,-0.02586200376186165,-0.028735632813895018,-0.02586200376186165,0.034482781300221976
YESBANK,2024-06-04,-0.07218679026178221,2.0520264666731483,0.03661323675486061,0.05949653154985901,0.0810068845245766,0.08970247369582962,0.0951945028554797,0.2027460058505408
ZEEL,2023-11-10,-0.052881905392839657,4.140320951497394,0.012653180132106145,0.004418582514561509,-0.021490222576057594,0.027515590228907483,0.1610764865888452,0.0435830125636929
ZEEL,2023-12-04,-0.03995495923547465,2.233963523940554,-0.016412649661653345,0.06135213982608434,0.11723329705172025,0.09613132743358599,0.12426736642834957,-0.3335286943353817
ZEEL,2024-01-09,-0.0785547603198844,23.63572497417933,0.013655872675371272,-0.02477561899010272,-0.011704974186866668,-0.3509558563151862,-0.2458056486218032,-0.3733905042818676
ZENSARTECH,2023-10-18,-0.05907479516085479,4.475075543043998,-0.01178409414352588,-0.07215306647260566,-0.06365306800541137,-0.03767029768742036,0.00927265056811688,0.18352167588040236
ZENSARTECH,2024-09-11,-0.033434267999326694,2.1536553915152923,0.005612908191044097,0.009855174348949003,-0.028064222275370976,-0.1088630283731824,-0.10187963748892392,-0.03759298878836492
ZENSARTECH,2025-11-03,-0.05222238607784657,2.6682438786845157,-0.02619400474748368,-0.07706045524360527,-0.035454488639419135,-0.0688583769639004,-0.02950132042317488,-0.06912289762194634
ZENTEC,2024-05-06,-0.049986237226250396,1.6583338056579027,-0.050004846683634585,-0.13947191101843048,-0.09976789049068868,-0.06654419886208596,-0.0898539725508869,0.3829190589664886
ZENTEC,2024-12-03,-0.05535362823163159,7.7600940993026954,0.016829065546499544,0.05879093763095078,0.1426870429839,0.3289691485264694,0.3730070403294925,-0.06150352861181718
ZENTEC,2025-01-13,-0.07797594215025483,5.260599068247511,-0.03568982126116682,-0.013168676588176886,-0.02673435432061322,-0.23116797176574388,-0.2666151872001489,-0.4740266901952134
ZENTEC,2025-06-06,-0.049977244713292346,2.4393085327207094,-0.033454907573656434,-0.06254196643247889,-0.05198230384669744,-0.08817315915452384,-0.07233366527585172,-0.2640875381403829
ZFCVINDIA,2023-09-15,-0.05456988355893,2.397579688567653,-0.0047402320697625955,-0.007851624244049948,-0.004723977890133346,0.0016774123269986951,0.020787479833173084,0.057372501407032095
ZFCVINDIA,2024-02-01,-0.05590527542995605,1.870116384173281,-0.03373483311091463,-0.07912734606972271,-0.059757208204929246,-0.02326359759516128,-0.058301600949535404,-0.024323723406508457
ZFCVINDIA,2024-06-19,-0.05974937203962449,250.63932412087487,-0.017528691634073668,-0.015371036747402034,-0.0391909046658836,-0.0173039810031147,-0.027765739708262127,-0.03390308118672458
ZYDUSLIFE,2024-08-13,-0.05994087634260015,3.545220762963766,-0.004211111810366819,0.008082011480394335,0.025692351437063943,-0.03160483549870674,-0.05346886570821552,-0.1007698805498144
ZYDUSLIFE,2025-09-26,-0.043414275202354635,7.290248231640153,0.01753843649839748,0.01656412760416659,0.02015387119391021,0.021025641025641084,0.026923076923076827,-0.03533334585336534
ZYDUSWELL,2024-09-02,-0.042783977024560826,2.8594838260337214,0.01897998741126483,0.03199744530487614,0.018570363883622543,0.005530125976944911,-0.08465900160897732,-0.15944106182085782
